Results of a DEM simulation with OVAL
 102
Version:	oval-0.7.296.f          
Particle type:	Circular (2D) particles       
Number of particles:	     49
Initial void ratio:	 0.1758375
Input file with control conditions:	Biaxial_Comp_k16_oval                                                                                                                                                                                                                                                                                                                                                                                           
Input file of initial assembly configuration:	Dcircls_49_a-57                                                                                                                                                                                                                                                                                                                                                                                                 

Time	Def(1,1)	Def(2,2)	Def(1,2)	Stress(1,1)	Stress(2,2)	Stress(1,2)	chi1	chi2	psi	Contacts	F(1,1)	F(1,2)	F(2,2)	Fs(1,1)	Fs(1,2)	Fs(2,2)	v	Faces	Edges	Vertices	Void Ratio	Eff. Void Ratio	knrgy	pnrgy	slidet	viscbt	viscct	work1t	Sliding Contacts	Near Contacts	Solid Fraction
 0.00000000E+00	  0.000000E+00	  0.000000E+00	  0.000000E+00	 -2.496325E-03	 -2.542448E-03	  3.423443E-05	  0.000000E+00	  0.000000E+00	  0.000000E+00	     92	  4.993143E-01	  5.404074E-03	  5.006857E-01	  2.021362E-01	 -3.520966E-03	  1.891681E-01	  3.913043E-01	     47	     92	     45	  1.758375E-01	  2.627658E-01	  1.462519E-11	  8.607136E-06	  0.000000E+00	  7.020091E-13	  0.000000E+00	  0.000000E+00	      0	     92	  8.5045767E-01	     92
 1.00000000E+01	  0.000000E+00	  0.000000E+00	  0.000000E+00	 -2.497024E-03	 -2.542892E-03	  3.381441E-05	  8.712836E-03	  3.916172E-03	  0.000000E+00	     92	  4.993144E-01	  5.404792E-03	  5.006856E-01	  1.947068E-01	 -8.576324E-03	  1.857280E-01	  3.804348E-01	     47	     92	     45	  1.758375E-01	  2.627658E-01	  1.242545E-10	  8.606970E-06	  0.000000E+00	  4.871901E-11	  0.000000E+00	  0.000000E+00	      0	     92	  8.5045767E-01	     92
 2.00000000E+01	  0.000000E+00	  0.000000E+00	  0.000000E+00	 -2.496739E-03	 -2.543002E-03	  3.485291E-05	  7.728461E-03	  4.666313E-03	  0.000000E+00	     92	  4.993150E-01	  5.404627E-03	  5.006850E-01	  1.947071E-01	 -8.576575E-03	  1.857276E-01	  3.804348E-01	     47	     92	     45	  1.758375E-01	  2.627658E-01	  8.222145E-11	  8.606973E-06	  0.000000E+00	  8.791654E-11	  0.000000E+00	  0.000000E+00	      0	     92	  8.5045767E-01	     92
 3.00000000E+01	  0.000000E+00	  0.000000E+00	  0.000000E+00	 -2.497462E-03	 -2.542509E-03	  3.472213E-05	  6.771400E-03	  4.534091E-03	  0.000000E+00	     92	  4.993150E-01	  5.404799E-03	  5.006850E-01	  1.947071E-01	 -8.576389E-03	  1.857277E-01	  3.804348E-01	     47	     92	     45	  1.758375E-01	  2.627658E-01	  6.128108E-11	  8.606963E-06	  0.000000E+00	  1.181382E-10	  0.000000E+00	  0.000000E+00	      0	     92	  8.5045767E-01	     92
 4.00000000E+01	  0.000000E+00	  0.000000E+00	  0.000000E+00	 -2.498064E-03	 -2.541456E-03	  3.503735E-05	  6.184169E-03	  4.617298E-03	  0.000000E+00	     92	  4.993144E-01	  5.404986E-03	  5.006856E-01	  1.947070E-01	 -8.576661E-03	  1.857278E-01	  3.804348E-01	     47	     92	     45	  1.758375E-01	  2.627658E-01	  4.831175E-11	  8.606951E-06	  0.000000E+00	  1.400863E-10	  0.000000E+00	  0.000000E+00	      0	     92	  8.5045767E-01	     92
 5.00000000E+01	  0.000000E+00	  0.000000E+00	  0.000000E+00	 -2.497814E-03	 -2.542069E-03	  3.455752E-05	  5.422784E-03	  3.480073E-03	  0.000000E+00	     92	  4.993148E-01	  5.404418E-03	  5.006852E-01	  1.947069E-01	 -8.576512E-03	  1.857278E-01	  3.804348E-01	     47	     92	     45	  1.758375E-01	  2.627658E-01	  4.194046E-11	  8.606940E-06	  0.000000E+00	  1.580773E-10	  0.000000E+00	  0.000000E+00	      0	     92	  8.5045767E-01	     92
 6.00000000E+01	  0.000000E+00	  0.000000E+00	  0.000000E+00	 -2.497852E-03	 -2.542944E-03	  3.356822E-05	  4.814405E-03	  3.553497E-03	  0.000000E+00	     92	  4.993146E-01	  5.404813E-03	  5.006854E-01	  1.947070E-01	 -8.576084E-03	  1.857278E-01	  3.804348E-01	     47	     92	     45	  1.758375E-01	  2.627658E-01	  3.535646E-11	  8.606929E-06	  0.000000E+00	  1.742441E-10	  0.000000E+00	  0.000000E+00	      0	     92	  8.5045767E-01	     92
 7.00000000E+01	  0.000000E+00	  0.000000E+00	  0.000000E+00	 -2.497004E-03	 -2.542704E-03	  3.407492E-05	  4.348620E-03	  3.062385E-03	  0.000000E+00	     92	  4.993147E-01	  5.404365E-03	  5.006853E-01	  1.947069E-01	 -8.576384E-03	  1.857279E-01	  3.804348E-01	     47	     92	     45	  1.758375E-01	  2.627658E-01	  3.221016E-11	  8.606918E-06	  0.000000E+00	  1.872797E-10	  0.000000E+00	  0.000000E+00	      0	     92	  8.5045767E-01	     92
 8.00000000E+01	  0.000000E+00	  0.000000E+00	  0.000000E+00	 -2.497277E-03	 -2.542722E-03	  3.458415E-05	  3.724104E-03	  2.706724E-03	  0.000000E+00	     92	  4.993143E-01	  5.404506E-03	  5.006857E-01	  1.947067E-01	 -8.576637E-03	  1.857281E-01	  3.804348E-01	     47	     92	     45	  1.758375E-01	  2.627658E-01	  1.841820E-11	  8.606922E-06	  0.000000E+00	  1.974744E-10	  0.000000E+00	  0.000000E+00	      0	     92	  8.5045767E-01	     92
 9.00000000E+01	  0.000000E+00	  0.000000E+00	  0.000000E+00	 -2.497639E-03	 -2.542837E-03	  3.490451E-05	  3.457836E-03	  2.599574E-03	  0.000000E+00	     92	  4.993144E-01	  5.404405E-03	  5.006856E-01	  1.947066E-01	 -8.576610E-03	  1.857282E-01	  3.804348E-01	     47	     92	     45	  1.758375E-01	  2.627658E-01	  1.811819E-11	  8.606914E-06	  0.000000E+00	  2.047255E-10	  0.000000E+00	  0.000000E+00	      0	     92	  8.5045767E-01	     92
 1.00000000E+02	  0.000000E+00	  0.000000E+00	  0.000000E+00	 -2.497802E-03	 -2.542695E-03	  3.470143E-05	  2.997943E-03	  2.305470E-03	  0.000000E+00	     92	  4.993145E-01	  5.404578E-03	  5.006855E-01	  1.947068E-01	 -8.576490E-03	  1.857280E-01	  3.804348E-01	     47	     92	     45	  1.758375E-01	  2.627658E-01	  1.675924E-11	  8.606909E-06	  0.000000E+00	  2.112744E-10	  0.000000E+00	  0.000000E+00	      0	     92	  8.5045767E-01	     92
 1.10000000E+02	 -5.000000E-05	  1.455240E-06	  0.000000E+00	 -2.543514E-03	 -2.542805E-03	  3.442079E-05	  2.909412E-03	  3.252645E-03	  1.048411E-04	     92	  4.993034E-01	  5.405133E-03	  5.006966E-01	  2.021324E-01	 -3.520816E-03	  1.891719E-01	  3.913043E-01	     47	     92	     45	  1.757804E-01	  2.627045E-01	  6.447138E-11	  8.729209E-06	  0.000000E+00	  2.247224E-10	  0.000000E+00	  1.223589E-07	      0	     92	  8.5049896E-01	     92
 1.20000000E+02	 -1.000000E-04	  6.372170E-06	  0.000000E+00	 -2.583604E-03	 -2.542884E-03	  3.379394E-05	  2.607122E-03	  4.239429E-03	  2.470343E-04	     92	  4.992916E-01	  5.405602E-03	  5.007084E-01	  2.021265E-01	 -3.520688E-03	  1.891778E-01	  3.913043E-01	     47	     92	     45	  1.757274E-01	  2.626476E-01	  1.998950E-10	  8.844721E-06	  0.000000E+00	  2.753216E-10	  0.000000E+00	  2.380552E-07	      0	     92	  8.5053730E-01	     92
 1.30000000E+02	 -1.500000E-04	  1.232666E-05	  0.000000E+00	 -2.623179E-03	 -2.542649E-03	  3.300382E-05	  2.240908E-03	  3.571968E-03	  6.411708E-06	     92	  4.992794E-01	  5.406037E-03	  5.007206E-01	  2.021205E-01	 -3.520625E-03	  1.891838E-01	  3.913043E-01	     47	     92	     45	  1.756756E-01	  2.625920E-01	  2.043726E-10	  8.959668E-06	  0.000000E+00	  3.441750E-10	  0.000000E+00	  3.530744E-07	      0	     92	  8.5057477E-01	     92
 1.40000000E+02	 -2.000000E-04	  1.638194E-05	  0.000000E+00	 -2.665027E-03	 -2.542666E-03	  3.316069E-05	  1.997528E-03	  3.219783E-03	  4.979807E-06	     92	  4.992671E-01	  5.406174E-03	  5.007329E-01	  2.021145E-01	 -3.520522E-03	  1.891898E-01	  3.913043E-01	     47	     92	     45	  1.756216E-01	  2.625339E-01	  2.049757E-10	  9.081481E-06	  1.148084E-11	  4.109828E-10	  0.000000E+00	  4.749658E-07	      2	     92	  8.5061386E-01	     92
 1.50000000E+02	 -2.500000E-04	  2.103107E-05	  0.000000E+00	 -2.706316E-03	 -2.542696E-03	  3.331612E-05	  1.787382E-03	  2.927909E-03	  6.258140E-06	     92	  4.992544E-01	  5.406484E-03	  5.007456E-01	  2.126635E-01	 -2.933308E-03	  1.786409E-01	  3.913043E-01	     47	     92	     45	  1.755682E-01	  2.624767E-01	  2.238650E-10	  9.203742E-06	  1.369198E-10	  4.826233E-10	  0.000000E+00	  5.974427E-07	      2	     92	  8.5065245E-01	     92
 1.60000000E+02	 -3.000000E-04	  2.731446E-05	  0.000000E+00	 -2.746111E-03	 -2.542688E-03	  3.356172E-05	  1.639854E-03	  3.099047E-03	  1.564221E-06	     92	  4.992408E-01	  5.406652E-03	  5.007592E-01	  2.126568E-01	 -2.933316E-03	  1.786476E-01	  3.913043E-01	     47	     92	     45	  1.755168E-01	  2.624215E-01	  2.320126E-10	  9.323770E-06	  3.741825E-10	  5.578409E-10	  0.000000E+00	  7.177907E-07	      2	     92	  8.5068965E-01	     92
 1.70000000E+02	 -3.500000E-04	  3.378366E-05	  0.000000E+00	 -2.785495E-03	 -2.542698E-03	  3.383315E-05	  1.397959E-03	  2.925982E-03	  5.131329E-06	     92	  4.992272E-01	  5.407007E-03	  5.007728E-01	  2.126506E-01	 -2.933339E-03	  1.786537E-01	  3.913043E-01	     47	     92	     45	  1.754656E-01	  2.623665E-01	  2.405077E-10	  9.445139E-06	  7.689677E-10	  6.364871E-10	  0.000000E+00	  8.396401E-07	      2	     92	  8.5072669E-01	     92
 1.80000000E+02	 -4.000000E-04	  3.973705E-05	  0.000000E+00	 -2.825282E-03	 -2.542710E-03	  3.389137E-05	  1.262307E-03	  2.192095E-03	  2.948806E-06	     92	  4.992137E-01	  5.407173E-03	  5.007863E-01	  2.126450E-01	 -2.933377E-03	  1.786594E-01	  3.913043E-01	     47	     92	     45	  1.754138E-01	  2.623109E-01	  2.132779E-10	  9.569773E-06	  1.223830E-09	  7.114458E-10	  0.000000E+00	  9.647770E-07	      2	     92	  8.5076418E-01	     92
 1.90000000E+02	 -4.500000E-04	  4.486796E-05	  0.000000E+00	 -2.865031E-03	 -2.542724E-03	  3.378842E-05	  1.148291E-03	  1.848686E-03	  1.591020E-06	     92	  4.992005E-01	  5.407589E-03	  5.007995E-01	  2.125829E-01	 -2.154717E-03	  1.678519E-01	  3.804348E-01	     47	     92	     45	  1.753611E-01	  2.622542E-01	  1.702925E-10	  9.698451E-06	  1.745023E-09	  7.749601E-10	  0.000000E+00	  1.093996E-06	      2	     92	  8.5080237E-01	     92
 2.00000000E+02	 -5.000000E-04	  4.949244E-05	  0.000000E+00	 -2.906108E-03	 -2.542694E-03	  3.381700E-05	  9.597521E-04	  1.941997E-03	  2.379383E-07	     92	  4.991872E-01	  5.408311E-03	  5.008128E-01	  2.125769E-01	 -2.154619E-03	  1.678579E-01	  3.804348E-01	     47	     92	     45	  1.753077E-01	  2.621969E-01	  1.597437E-10	  9.830518E-06	  2.166670E-09	  8.279050E-10	  0.000000E+00	  1.226528E-06	      2	     92	  8.5084100E-01	     92
 2.10000000E+02	 -5.500000E-04	  5.431839E-05	  0.000000E+00	 -2.946476E-03	 -2.542689E-03	  3.400202E-05	  8.858082E-04	  2.170403E-03	  7.505825E-07	     92	  4.991739E-01	  5.408974E-03	  5.008261E-01	  2.125708E-01	 -2.154562E-03	  1.678640E-01	  3.804348E-01	     47	     92	     45	  1.752546E-01	  2.621399E-01	  1.945186E-10	  9.964053E-06	  2.603239E-09	  8.858595E-10	  0.000000E+00	  1.360590E-06	      2	     92	  8.5087946E-01	     92
 2.20000000E+02	 -6.000000E-04	  6.011853E-05	  0.000000E+00	 -2.985584E-03	 -2.542702E-03	  3.392901E-05	  7.848640E-04	  1.896422E-03	  3.540606E-06	     92	  4.991605E-01	  5.409184E-03	  5.008395E-01	  2.125644E-01	 -2.154416E-03	  1.678704E-01	  3.804348E-01	     47	     92	     45	  1.752026E-01	  2.620840E-01	  2.240182E-10	  1.009709E-05	  3.044232E-09	  9.564471E-10	  0.000000E+00	  1.494164E-06	      2	     92	  8.5091709E-01	     92
 2.30000000E+02	 -6.500000E-04	  6.621490E-05	  0.000000E+00	 -3.024963E-03	 -2.542690E-03	  3.366029E-05	  7.074275E-04	  1.577168E-03	  4.207383E-06	     92	  4.991472E-01	  5.409517E-03	  5.008528E-01	  2.125582E-01	 -2.154154E-03	  1.678766E-01	  3.804348E-01	     47	     92	     45	  1.751510E-01	  2.620286E-01	  2.061905E-10	  1.023130E-05	  3.551358E-09	  1.027261E-09	  0.000000E+00	  1.628941E-06	      2	     92	  8.5095448E-01	     92
 2.40000000E+02	 -7.000000E-04	  7.201086E-05	  0.000000E+00	 -3.065039E-03	 -2.542696E-03	  3.329468E-05	  6.585044E-04	  1.173970E-03	  1.398169E-06	     92	  4.991336E-01	  5.410142E-03	  5.008664E-01	  2.125518E-01	 -2.153885E-03	  1.678829E-01	  3.804348E-01	     47	     92	     45	  1.750990E-01	  2.619728E-01	  1.818751E-10	  1.036824E-05	  4.106279E-09	  1.091527E-09	  0.000000E+00	  1.766473E-06	      2	     92	  8.5099213E-01	     92
 2.50000000E+02	 -7.500000E-04	  7.811974E-05	  0.000000E+00	 -3.105043E-03	 -2.542700E-03	  3.321444E-05	  5.533818E-04	  1.307362E-03	  1.234965E-06	     91	  5.045860E-01	  5.923823E-03	  4.954140E-01	  2.148813E-01	 -2.177368E-03	  1.697341E-01	  3.846154E-01	     46	     91	     45	  1.750474E-01	  2.619173E-01	  1.626457E-10	  1.050637E-05	  4.682540E-09	  1.147945E-09	  0.000000E+00	  1.905215E-06	      1	     91	  8.5102951E-01	     91
 2.60000000E+02	 -8.000000E-04	  8.432648E-05	  0.000000E+00	 -3.145068E-03	 -2.542687E-03	  3.352556E-05	  4.941446E-04	  1.201874E-03	  4.879679E-06	     91	  5.045722E-01	  5.924408E-03	  4.954278E-01	  2.148751E-01	 -2.177358E-03	  1.697403E-01	  3.846154E-01	     46	     91	     45	  1.749959E-01	  2.618620E-01	  1.520940E-10	  1.064626E-05	  5.248069E-09	  1.199574E-09	  0.000000E+00	  2.045709E-06	      1	     91	  8.5106681E-01	     91
 2.70000000E+02	 -8.500000E-04	  8.997583E-05	  0.000000E+00	 -3.185317E-03	 -2.542680E-03	  3.375753E-05	  4.440980E-04	  1.053980E-03	  1.086934E-06	     92	  5.045586E-01	  5.925126E-03	  4.954414E-01	  2.148691E-01	 -2.177316E-03	  1.697463E-01	  3.846154E-01	     46	     91	     45	  1.749437E-01	  2.618060E-01	  1.440731E-10	  1.078959E-05	  5.790265E-09	  1.248756E-09	  0.000000E+00	  2.189625E-06	      2	     92	  8.5110459E-01	     92
 2.80000000E+02	 -9.000000E-04	  9.575770E-05	  0.000000E+00	 -3.226382E-03	 -2.542703E-03	  3.329165E-05	  8.299761E-04	  1.209684E-03	  5.571488E-07	     93	  5.085369E-01	  9.495546E-03	  4.914631E-01	  2.125276E-01	 -2.153382E-03	  1.679072E-01	  3.804348E-01	     47	     92	     45	  1.748917E-01	  2.617501E-01	  1.587287E-10	  1.093463E-05	  6.315967E-09	  1.299222E-09	  0.000000E+00	  2.335251E-06	      2	     93	  8.5114227E-01	     93
 2.90000000E+02	 -9.500000E-04	  1.020936E-04	  0.000000E+00	 -3.266653E-03	 -2.542683E-03	  3.269325E-05	  6.063038E-04	  1.252531E-03	  2.643519E-06	     92	  5.085237E-01	  9.496500E-03	  4.914763E-01	  2.074749E-01	 -3.954349E-04	  1.512207E-01	  3.586957E-01	     47	     92	     45	  1.748404E-01	  2.616950E-01	  1.700874E-10	  1.108027E-05	  6.850904E-09	  1.356394E-09	  0.000000E+00	  2.481496E-06	      1	     92	  8.5117947E-01	     92
 3.00000000E+02	 -1.000000E-03	  1.082620E-04	  0.000000E+00	 -3.307178E-03	 -2.542692E-03	  3.245648E-05	  5.202082E-04	  1.296203E-03	  2.311442E-07	     92	  5.085103E-01	  9.497275E-03	  4.914897E-01	  2.074690E-01	 -3.951561E-04	  1.512266E-01	  3.586957E-01	     47	     92	     45	  1.747888E-01	  2.616396E-01	  1.725358E-10	  1.122833E-05	  7.417710E-09	  1.413928E-09	  0.000000E+00	  2.630187E-06	      1	     92	  8.5121682E-01	     92
 3.10000000E+02	 -1.050000E-03	  1.144636E-04	  0.000000E+00	 -3.347808E-03	 -2.542733E-03	  3.217751E-05	  4.635701E-04	  1.131598E-03	  9.218546E-06	     92	  5.084968E-01	  9.498012E-03	  4.915032E-01	  2.074633E-01	 -3.949084E-04	  1.512324E-01	  3.586957E-01	     47	     92	     45	  1.747373E-01	  2.615843E-01	  1.786399E-10	  1.137817E-05	  8.157799E-09	  1.472171E-09	  0.000000E+00	  2.780829E-06	      2	     92	  8.5125415E-01	     92
 3.20000000E+02	 -1.100000E-03	  1.219084E-04	  0.000000E+00	 -3.386742E-03	 -2.542718E-03	  3.192460E-05	  5.829140E-04	  1.738611E-03	  1.259541E-05	     92	  5.084829E-01	  9.498773E-03	  4.915171E-01	  2.074571E-01	 -3.945356E-04	  1.512386E-01	  3.586957E-01	     47	     92	     45	  1.746872E-01	  2.615305E-01	  2.079576E-10	  1.152484E-05	  1.088155E-08	  1.535248E-09	  0.000000E+00	  2.930310E-06	      2	     92	  8.5129042E-01	     92
 3.30000000E+02	 -1.150000E-03	  1.310123E-04	  0.000000E+00	 -3.423601E-03	 -2.542785E-03	  3.137797E-05	  5.965624E-04	  2.559533E-03	  1.885212E-05	     92	  5.084678E-01	  9.499634E-03	  4.915322E-01	  2.074503E-01	 -3.942234E-04	  1.512453E-01	  3.586957E-01	     47	     92	     45	  1.746391E-01	  2.614789E-01	  3.011692E-10	  1.166706E-05	  1.565296E-08	  1.619145E-09	  0.000000E+00	  3.077479E-06	      4	     92	  8.5132529E-01	     92
 3.40000000E+02	 -1.200000E-03	  1.425552E-04	  0.000000E+00	 -3.457769E-03	 -2.542722E-03	  3.032216E-05	  6.790248E-04	  2.897291E-03	  1.094904E-05	     92	  5.084514E-01	  9.500673E-03	  4.915486E-01	  2.238684E-01	  1.104885E-02	  1.456968E-01	  3.695652E-01	     47	     92	     45	  1.745939E-01	  2.614303E-01	  4.454412E-10	  1.180142E-05	  2.377920E-08	  1.743838E-09	  0.000000E+00	  3.220234E-06	      4	     92	  8.5135808E-01	     92
 3.50000000E+02	 -1.250000E-03	  1.558390E-04	  0.000000E+00	 -3.489695E-03	 -2.542702E-03	  2.835051E-05	  6.009799E-04	  2.808019E-03	  6.989126E-06	     92	  5.084341E-01	  9.501651E-03	  4.915659E-01	  2.238605E-01	  1.104948E-02	  1.457047E-01	  3.695652E-01	     47	     92	     45	  1.745507E-01	  2.613839E-01	  5.781214E-10	  1.193123E-05	  3.365857E-08	  1.917568E-09	  0.000000E+00	  3.360217E-06	      4	     92	  8.5138939E-01	     92
 3.60000000E+02	 -1.300000E-03	  1.693797E-04	  0.000000E+00	 -3.520892E-03	 -2.542682E-03	  2.591450E-05	  4.841108E-04	  2.223618E-03	  3.989529E-06	     92	  5.084166E-01	  9.502503E-03	  4.915834E-01	  2.238527E-01	  1.105016E-02	  1.457125E-01	  3.695652E-01	     47	     92	     45	  1.745078E-01	  2.613378E-01	  6.073239E-10	  1.206152E-05	  4.404292E-08	  2.116128E-09	  0.000000E+00	  3.501120E-06	      4	     92	  8.5142049E-01	     92
 3.70000000E+02	 -1.350000E-03	  1.819800E-04	  0.000000E+00	 -3.552967E-03	 -2.542677E-03	  2.427119E-05	  4.216167E-04	  1.981189E-03	  2.953075E-06	     92	  5.083992E-01	  9.503508E-03	  4.916008E-01	  2.238450E-01	  1.105092E-02	  1.457202E-01	  3.695652E-01	     47	     92	     45	  1.744638E-01	  2.612906E-01	  5.722586E-10	  1.219673E-05	  5.354445E-08	  2.309933E-09	  0.000000E+00	  3.645994E-06	      4	     92	  8.5145239E-01	     92
 3.80000000E+02	 -1.400000E-03	  1.938440E-04	  0.000000E+00	 -3.586286E-03	 -2.542697E-03	  2.353795E-05	  3.326142E-04	  1.451046E-03	  1.685908E-07	     92	  5.083822E-01	  9.504681E-03	  4.916178E-01	  2.336110E-01	  7.778774E-03	  1.468238E-01	  3.804348E-01	     47	     92	     45	  1.744189E-01	  2.612424E-01	  5.168199E-10	  1.233676E-05	  6.178010E-08	  2.486419E-09	  0.000000E+00	  3.794383E-06	      4	     92	  8.5148492E-01	     92
 3.90000000E+02	 -1.450000E-03	  2.055402E-04	  0.000000E+00	 -3.620236E-03	 -2.542659E-03	  2.307462E-05	  3.489610E-04	  1.273738E-03	  1.322370E-05	     92	  5.083655E-01	  9.505808E-03	  4.916345E-01	  2.336038E-01	  7.779620E-03	  1.468310E-01	  3.804348E-01	     47	     92	     45	  1.743738E-01	  2.611940E-01	  4.476708E-10	  1.247965E-05	  6.930536E-08	  2.641825E-09	  0.000000E+00	  3.944882E-06	      4	     92	  8.5151760E-01	     92
 4.00000000E+02	 -1.500000E-03	  2.168558E-04	  0.000000E+00	 -3.654706E-03	 -2.542696E-03	  2.262447E-05	  4.249068E-04	  1.303944E-03	  1.345867E-05	     93	  5.083492E-01	  9.506775E-03	  4.916508E-01	  2.335968E-01	  7.780246E-03	  1.468380E-01	  3.804348E-01	     47	     92	     45	  1.743283E-01	  2.611451E-01	  3.902470E-10	  1.262522E-05	  7.683494E-08	  2.777153E-09	  0.000000E+00	  4.098061E-06	      7	     93	  8.5155061E-01	     93
 4.10000000E+02	 -1.550000E-03	  2.284956E-04	  0.000000E+00	 -3.688904E-03	 -2.542705E-03	  2.194899E-05	  4.828499E-04	  1.642571E-03	  2.073413E-06	     92	  5.083328E-01	  9.507442E-03	  4.916672E-01	  2.429538E-01	  4.026112E-03	  1.483506E-01	  3.913043E-01	     47	     92	     45	  1.742832E-01	  2.610966E-01	  3.728990E-10	  1.277109E-05	  8.493745E-08	  2.901780E-09	  0.000000E+00	  4.252141E-06	      6	     92	  8.5158334E-01	     92
 4.20000000E+02	 -1.600000E-03	  2.407723E-04	  0.000000E+00	 -3.722420E-03	 -2.542694E-03	  2.143062E-05	  4.468268E-04	  1.743686E-03	  2.061659E-07	     92	  5.083163E-01	  9.508025E-03	  4.916837E-01	  2.429461E-01	  4.026620E-03	  1.483582E-01	  3.913043E-01	     47	     92	     45	  1.742388E-01	  2.610489E-01	  3.955688E-10	  1.291623E-05	  9.381371E-08	  3.029329E-09	  0.000000E+00	  4.406301E-06	      6	     92	  8.5161554E-01	     92
 4.30000000E+02	 -1.650000E-03	  2.530603E-04	  0.000000E+00	 -3.755841E-03	 -2.542689E-03	  2.105879E-05	  3.432070E-04	  1.713609E-03	  4.869096E-06	     92	  5.082996E-01	  9.508649E-03	  4.917004E-01	  2.429383E-01	  4.027250E-03	  1.483660E-01	  3.913043E-01	     47	     92	     45	  1.741944E-01	  2.610013E-01	  4.342690E-10	  1.306278E-05	  1.028903E-07	  3.167246E-09	  0.000000E+00	  4.562110E-06	      6	     92	  8.5164773E-01	     92
 4.40000000E+02	 -1.700000E-03	  2.650287E-04	  0.000000E+00	 -3.789238E-03	 -2.542684E-03	  2.023210E-05	  3.269201E-04	  1.862767E-03	  1.094332E-06	     92	  5.082831E-01	  9.509318E-03	  4.917169E-01	  2.429306E-01	  4.028067E-03	  1.483737E-01	  3.913043E-01	     47	     92	     45	  1.741497E-01	  2.609532E-01	  4.817837E-10	  1.321182E-05	  1.119507E-07	  3.317807E-09	  0.000000E+00	  4.720403E-06	      6	     92	  8.5168019E-01	     92
 4.50000000E+02	 -1.750000E-03	  2.772269E-04	  0.000000E+00	 -3.822418E-03	 -2.542699E-03	  1.878954E-05	  3.404951E-04	  1.962243E-03	  1.391700E-06	     93	  5.082666E-01	  9.510094E-03	  4.917334E-01	  2.429232E-01	  4.028915E-03	  1.483812E-01	  3.913043E-01	     47	     92	     45	  1.741052E-01	  2.609054E-01	  5.409896E-10	  1.336196E-05	  1.209698E-07	  3.485170E-09	  0.000000E+00	  4.879784E-06	      8	     93	  8.5171246E-01	     93
 4.60000000E+02	 -1.800000E-03	  2.895558E-04	  0.000000E+00	 -3.855289E-03	 -2.542696E-03	  1.735952E-05	  3.410107E-04	  1.729179E-03	  1.277999E-07	     93	  5.082500E-01	  9.511088E-03	  4.917500E-01	  2.429157E-01	  4.029894E-03	  1.483887E-01	  3.913043E-01	     47	     92	     45	  1.740608E-01	  2.608578E-01	  5.816659E-10	  1.351304E-05	  1.303713E-07	  3.668133E-09	  0.000000E+00	  5.040488E-06	      8	     93	  8.5174463E-01	     93
 4.70000000E+02	 -1.850000E-03	  3.018785E-04	  0.000000E+00	 -3.887896E-03	 -2.542701E-03	  1.667773E-05	  3.443431E-04	  1.662529E-03	  1.112140E-06	     93	  5.082331E-01	  9.511787E-03	  4.917669E-01	  2.429080E-01	  4.030766E-03	  1.483964E-01	  3.913043E-01	     47	     92	     45	  1.740165E-01	  2.608102E-01	  5.992000E-10	  1.366552E-05	  1.400397E-07	  3.860295E-09	  0.000000E+00	  5.202849E-06	      8	     93	  8.5177680E-01	     93
 4.80000000E+02	 -1.900000E-03	  3.146323E-04	  0.000000E+00	 -3.919906E-03	 -2.542698E-03	  1.656747E-05	  3.745573E-04	  1.575924E-03	  2.688210E-06	     93	  5.082159E-01	  9.512276E-03	  4.917841E-01	  2.428999E-01	  4.031542E-03	  1.484044E-01	  3.913043E-01	     47	     92	     45	  1.739726E-01	  2.607631E-01	  6.062425E-10	  1.381783E-05	  1.504204E-07	  4.056294E-09	  0.000000E+00	  5.365739E-06	      9	     93	  8.5180861E-01	     93
 4.90000000E+02	 -1.950000E-03	  3.280467E-04	  0.000000E+00	 -3.951210E-03	 -2.542693E-03	  1.637935E-05	  4.041369E-04	  1.702044E-03	  1.909004E-06	     93	  5.081985E-01	  9.512727E-03	  4.918015E-01	  2.428919E-01	  4.032236E-03	  1.484125E-01	  3.913043E-01	     47	     92	     45	  1.739296E-01	  2.607169E-01	  6.027876E-10	  1.396867E-05	  1.621890E-07	  4.253373E-09	  0.000000E+00	  5.528538E-06	     10	     93	  8.5183986E-01	     93
 5.00000000E+02	 -2.000000E-03	  3.414944E-04	  0.000000E+00	 -3.982362E-03	 -2.542693E-03	  1.553513E-05	  3.894013E-04	  1.700831E-03	  3.860061E-07	     93	  5.081812E-01	  9.513346E-03	  4.918188E-01	  2.428840E-01	  4.033049E-03	  1.484204E-01	  3.913043E-01	     47	     92	     45	  1.738865E-01	  2.606707E-01	  6.043683E-10	  1.412003E-05	  1.749057E-07	  4.450986E-09	  0.000000E+00	  5.692816E-06	     10	     93	  8.5187108E-01	     93
 5.10000000E+02	 -2.050000E-03	  3.546565E-04	  0.000000E+00	 -4.014001E-03	 -2.542673E-03	  1.379647E-05	  3.231009E-04	  1.544297E-03	  2.512739E-05	     93	  5.081643E-01	  9.514012E-03	  4.918357E-01	  2.428763E-01	  4.033860E-03	  1.484281E-01	  3.913043E-01	     47	     92	     45	  1.738432E-01	  2.606241E-01	  5.982503E-10	  1.427399E-05	  1.873319E-07	  4.648292E-09	  0.000000E+00	  5.859393E-06	     10	     93	  8.5190256E-01	     93
 5.20000000E+02	 -2.100000E-03	  3.676222E-04	  0.000000E+00	 -4.045805E-03	 -2.542688E-03	  1.211810E-05	  2.970372E-04	  1.445125E-03	  1.455082E-06	     93	  5.081474E-01	  9.514893E-03	  4.918526E-01	  2.415247E-01	  7.612450E-03	  1.389100E-01	  3.804348E-01	     47	     92	     45	  1.737996E-01	  2.605773E-01	  5.874934E-10	  1.443072E-05	  1.990889E-07	  4.842277E-09	  0.000000E+00	  6.028061E-06	     10	     93	  8.5193420E-01	     93
 5.30000000E+02	 -2.150000E-03	  3.805127E-04	  0.000000E+00	 -4.077694E-03	 -2.542711E-03	  1.093113E-05	  2.832668E-04	  1.427108E-03	  7.786943E-06	     93	  5.081305E-01	  9.515889E-03	  4.918695E-01	  2.415171E-01	  7.613171E-03	  1.389177E-01	  3.804348E-01	     47	     92	     45	  1.737559E-01	  2.605303E-01	  5.776044E-10	  1.458958E-05	  2.105091E-07	  5.031631E-09	  0.000000E+00	  6.198517E-06	     10	     93	  8.5196591E-01	     93
 5.40000000E+02	 -2.200000E-03	  3.935375E-04	  0.000000E+00	 -4.109113E-03	 -2.542765E-03	  1.025386E-05	  2.924415E-04	  1.486134E-03	  4.486770E-06	     94	  5.068323E-01	  4.172223E-03	  4.931677E-01	  2.389125E-01	  7.531858E-03	  1.374316E-01	  3.763441E-01	     48	     93	     45	  1.737124E-01	  2.604836E-01	  5.734862E-10	  1.474924E-05	  2.223661E-07	  5.218734E-09	  0.000000E+00	  6.370220E-06	     11	     94	  8.5199751E-01	     94
 5.50000000E+02	 -2.250000E-03	  4.069302E-04	  0.000000E+00	 -4.140782E-03	 -2.542693E-03	  9.849622E-06	  3.589424E-04	  1.331665E-03	  5.719445E-07	     93	  5.068154E-01	  4.172725E-03	  4.931846E-01	  2.389050E-01	  7.532264E-03	  1.374391E-01	  3.763441E-01	     48	     93	     45	  1.736692E-01	  2.604373E-01	  5.600244E-10	  1.490939E-05	  2.343907E-07	  5.403694E-09	  0.000000E+00	  6.542570E-06	     10	     93	  8.5202880E-01	     93
 5.60000000E+02	 -2.300000E-03	  4.200475E-04	  0.000000E+00	 -4.172998E-03	 -2.542690E-03	  9.443598E-06	  3.168338E-04	  1.243060E-03	  1.729959E-06	     94	  5.067984E-01	  4.173338E-03	  4.932016E-01	  2.496479E-01	  7.368680E-03	  1.374489E-01	  3.870968E-01	     48	     93	     45	  1.736258E-01	  2.603907E-01	  5.383929E-10	  1.507191E-05	  2.463674E-07	  5.581865E-09	  0.000000E+00	  6.717219E-06	     11	     94	  8.5206033E-01	     94
 5.70000000E+02	 -2.350000E-03	  4.328152E-04	  0.000000E+00	 -4.205437E-03	 -2.542701E-03	  8.922163E-06	  3.253297E-04	  1.326322E-03	  1.676766E-06	     94	  5.067816E-01	  4.174056E-03	  4.932184E-01	  2.496405E-01	  7.368947E-03	  1.374562E-01	  3.870968E-01	     48	     93	     45	  1.735820E-01	  2.603436E-01	  5.312691E-10	  1.523722E-05	  2.580497E-07	  5.755948E-09	  0.000000E+00	  6.894380E-06	     12	     94	  8.5209215E-01	     94
 5.80000000E+02	 -2.400000E-03	  4.457283E-04	  0.000000E+00	 -4.237380E-03	 -2.542704E-03	  8.376895E-06	  3.328454E-04	  1.444333E-03	  4.801401E-06	     94	  5.067648E-01	  4.174956E-03	  4.932352E-01	  2.496331E-01	  7.369419E-03	  1.374637E-01	  3.870968E-01	     48	     93	     45	  1.735383E-01	  2.602967E-01	  5.404303E-10	  1.540300E-05	  2.704996E-07	  5.930787E-09	  0.000000E+00	  7.072789E-06	     12	     94	  8.5212386E-01	     94
 5.90000000E+02	 -2.450000E-03	  4.590846E-04	  0.000000E+00	 -4.268796E-03	 -2.542708E-03	  7.622433E-06	  2.935257E-04	  1.436944E-03	  8.086565E-06	     94	  5.067480E-01	  4.175855E-03	  4.932520E-01	  2.496255E-01	  7.369946E-03	  1.374713E-01	  3.870968E-01	     48	     93	     45	  1.734952E-01	  2.602503E-01	  5.483133E-10	  1.556870E-05	  2.834918E-07	  6.108783E-09	  0.000000E+00	  7.251662E-06	     12	     94	  8.5215520E-01	     94
 6.00000000E+02	 -2.500000E-03	  4.727278E-04	  0.000000E+00	 -4.300000E-03	 -2.542694E-03	  6.486377E-06	  2.886169E-04	  1.285446E-03	  2.800109E-05	     94	  5.067311E-01	  4.176671E-03	  4.932689E-01	  2.496180E-01	  7.370510E-03	  1.374788E-01	  3.870968E-01	     48	     93	     45	  1.734523E-01	  2.602044E-01	  5.418236E-10	  1.573460E-05	  2.971257E-07	  6.286773E-09	  0.000000E+00	  7.431375E-06	     12	     94	  8.5218629E-01	     94
 6.10000000E+02	 -2.550000E-03	  4.864538E-04	  0.000000E+00	 -4.331493E-03	 -2.542693E-03	  5.430015E-06	  3.036746E-04	  1.154260E-03	  5.592173E-07	     94	  5.067141E-01	  4.177321E-03	  4.932859E-01	  2.496104E-01	  7.370961E-03	  1.374864E-01	  3.870968E-01	     48	     93	     45	  1.734096E-01	  2.601585E-01	  5.294567E-10	  1.590193E-05	  3.107142E-07	  6.461436E-09	  0.000000E+00	  7.612452E-06	     12	     94	  8.5221732E-01	     94
 6.20000000E+02	 -2.600000E-03	  5.002197E-04	  0.000000E+00	 -4.362953E-03	 -2.542702E-03	  4.978923E-06	  2.841519E-04	  1.201788E-03	  2.991977E-06	     94	  5.066970E-01	  4.177859E-03	  4.933030E-01	  2.496026E-01	  7.371313E-03	  1.374942E-01	  3.870968E-01	     48	     93	     45	  1.733669E-01	  2.601126E-01	  5.178348E-10	  1.607076E-05	  3.242843E-07	  6.632770E-09	  0.000000E+00	  7.795006E-06	     12	     94	  8.5224831E-01	     94
 6.30000000E+02	 -2.650000E-03	  5.139747E-04	  0.000000E+00	 -4.394423E-03	 -2.542687E-03	  4.988371E-06	  2.677152E-04	  1.142605E-03	  3.036675E-06	     94	  5.066797E-01	  4.178302E-03	  4.933203E-01	  2.495948E-01	  7.371517E-03	  1.375020E-01	  3.870968E-01	     48	     93	     45	  1.733243E-01	  2.600668E-01	  5.069397E-10	  1.624141E-05	  3.376367E-07	  6.800849E-09	  0.000000E+00	  7.979167E-06	     12	     94	  8.5227932E-01	     94
 6.40000000E+02	 -2.700000E-03	  5.272554E-04	  0.000000E+00	 -4.426314E-03	 -2.542691E-03	  4.869773E-06	  2.279449E-04	  1.124482E-03	  1.902282E-06	     94	  5.066626E-01	  4.178848E-03	  4.933374E-01	  2.495872E-01	  7.371746E-03	  1.375095E-01	  3.870968E-01	     48	     93	     45	  1.732810E-01	  2.600204E-01	  4.989359E-10	  1.641512E-05	  3.507240E-07	  6.965159E-09	  0.000000E+00	  8.166120E-06	     12	     94	  8.5231074E-01	     94
 6.50000000E+02	 -2.750000E-03	  5.404332E-04	  0.000000E+00	 -4.458296E-03	 -2.542700E-03	  4.136441E-06	  2.479451E-04	  1.240771E-03	  2.657080E-06	     93	  5.102183E-01	  6.758761E-05	  4.897817E-01	  2.628123E-01	  5.533504E-03	  1.393617E-01	  4.021739E-01	     47	     92	     45	  1.732376E-01	  2.599738E-01	  5.080350E-10	  1.659096E-05	  3.635229E-07	  7.129440E-09	  0.000000E+00	  8.354936E-06	     11	     93	  8.5234224E-01	     93
 6.60000000E+02	 -2.800000E-03	  5.538012E-04	  0.000000E+00	 -4.490065E-03	 -2.542706E-03	  3.144691E-06	  2.819938E-04	  1.308452E-03	  4.794563E-06	     93	  5.102018E-01	  6.892316E-05	  4.897982E-01	  2.628046E-01	  5.533512E-03	  1.393693E-01	  4.021739E-01	     47	     92	     45	  1.731945E-01	  2.599274E-01	  5.301233E-10	  1.676790E-05	  3.763370E-07	  7.299018E-09	  0.000000E+00	  8.544874E-06	     11	     93	  8.5237359E-01	     93
 6.70000000E+02	 -2.850000E-03	  5.674517E-04	  0.000000E+00	 -4.521488E-03	 -2.542698E-03	  2.275821E-06	  2.607703E-04	  1.280403E-03	  5.143534E-06	     93	  5.101851E-01	  7.031459E-05	  4.898149E-01	  2.627969E-01	  5.533540E-03	  1.393771E-01	  4.021739E-01	     47	     92	     45	  1.731517E-01	  2.598815E-01	  5.490660E-10	  1.694523E-05	  3.896132E-07	  7.475408E-09	  0.000000E+00	  8.735676E-06	     11	     93	  8.5240470E-01	     93
 6.80000000E+02	 -2.900000E-03	  5.816380E-04	  0.000000E+00	 -4.552600E-03	 -2.542683E-03	  1.560791E-06	  2.845174E-04	  1.208949E-03	  3.497331E-06	     93	  5.101683E-01	  7.160272E-05	  4.898317E-01	  2.839831E-01	  2.408263E-03	  1.399299E-01	  4.239130E-01	     47	     92	     45	  1.731095E-01	  2.598361E-01	  5.559946E-10	  1.712217E-05	  4.034978E-07	  7.656263E-09	  0.000000E+00	  8.926691E-06	     12	     93	  8.5243536E-01	     93
 6.90000000E+02	 -2.950000E-03	  5.961738E-04	  0.000000E+00	 -4.583763E-03	 -2.542704E-03	  7.753240E-07	  2.833192E-04	  1.240749E-03	  2.268464E-06	     93	  5.101512E-01	  7.280344E-05	  4.898488E-01	  2.839753E-01	  2.408548E-03	  1.399377E-01	  4.239130E-01	     47	     92	     45	  1.730677E-01	  2.597913E-01	  5.565059E-10	  1.729940E-05	  4.177743E-07	  7.838513E-09	  0.000000E+00	  9.118382E-06	     12	     93	  8.5246573E-01	     93
 7.00000000E+02	 -3.000000E-03	  6.109780E-04	  0.000000E+00	 -4.614761E-03	 -2.542695E-03	  5.132856E-08	  2.625776E-04	  1.114368E-03	  2.164378E-07	     93	  5.101341E-01	  7.399624E-05	  4.898659E-01	  2.839675E-01	  2.408898E-03	  1.399455E-01	  4.239130E-01	     47	     92	     45	  1.730262E-01	  2.597467E-01	  5.498630E-10	  1.747733E-05	  4.322412E-07	  8.020116E-09	  0.000000E+00	  9.310952E-06	     12	     93	  8.5249586E-01	     93
 7.10000000E+02	 -3.050000E-03	  6.256439E-04	  0.000000E+00	 -4.645801E-03	 -2.542691E-03	 -5.594742E-07	  2.464821E-04	  1.049803E-03	  1.013297E-06	     93	  5.101169E-01	  7.524516E-05	  4.898831E-01	  2.839597E-01	  2.409133E-03	  1.399533E-01	  4.239130E-01	     47	     92	     45	  1.729846E-01	  2.597020E-01	  5.377883E-10	  1.765708E-05	  4.468106E-07	  8.198652E-09	  0.000000E+00	  9.505430E-06	     12	     93	  8.5252612E-01	     93
 7.20000000E+02	 -3.100000E-03	  6.401174E-04	  0.000000E+00	 -4.676909E-03	 -2.542693E-03	 -1.218129E-06	  2.442290E-04	  1.040401E-03	  9.549803E-07	     93	  5.100997E-01	  7.647102E-05	  4.899003E-01	  2.830390E-01	 -6.056879E-04	  1.300045E-01	  4.130435E-01	     47	     92	     45	  1.729427E-01	  2.596571E-01	  5.262165E-10	  1.783906E-05	  4.611893E-07	  8.373186E-09	  0.000000E+00	  9.701955E-06	     12	     93	  8.5255655E-01	     93
 7.30000000E+02	 -3.150000E-03	  6.546202E-04	  0.000000E+00	 -4.707875E-03	 -2.542719E-03	 -1.919067E-06	  2.440955E-04	  1.041497E-03	  1.696762E-06	     93	  5.100826E-01	  7.775515E-05	  4.899174E-01	  2.830310E-01	 -6.058327E-04	  1.300124E-01	  4.130435E-01	     47	     92	     45	  1.729009E-01	  2.596121E-01	  5.160093E-10	  1.802238E-05	  4.757221E-07	  8.544569E-09	  0.000000E+00	  9.899967E-06	     13	     93	  8.5258696E-01	     93
 7.40000000E+02	 -3.200000E-03	  6.693389E-04	  0.000000E+00	 -4.738612E-03	 -2.542694E-03	 -2.679733E-06	  2.337178E-04	  1.025437E-03	  1.319507E-06	     93	  5.100656E-01	  7.898529E-05	  4.899344E-01	  2.811550E-01	  3.494869E-03	  1.210189E-01	  4.021739E-01	     47	     92	     45	  1.728593E-01	  2.595675E-01	  4.956890E-10	  1.820646E-05	  4.905089E-07	  8.710806E-09	  0.000000E+00	  1.009898E-05	     14	     93	  8.5261718E-01	     93
 7.50000000E+02	 -3.250000E-03	  6.839795E-04	  0.000000E+00	 -4.769508E-03	 -2.542693E-03	 -3.627713E-06	  2.431365E-04	  1.000995E-03	  1.405181E-07	     93	  5.100487E-01	  8.000604E-05	  4.899513E-01	  2.811470E-01	  3.494795E-03	  1.210269E-01	  4.021739E-01	     47	     92	     45	  1.728176E-01	  2.595227E-01	  4.663687E-10	  1.839203E-05	  5.055671E-07	  8.868851E-09	  0.000000E+00	  1.029974E-05	     14	     93	  8.5264748E-01	     93
 7.60000000E+02	 -3.300000E-03	  6.983518E-04	  0.000000E+00	 -4.800637E-03	 -2.542694E-03	 -4.430191E-06	  2.579545E-04	  1.034164E-03	  1.051013E-06	     93	  5.100319E-01	  8.096352E-05	  4.899681E-01	  2.811391E-01	  3.494702E-03	  1.210349E-01	  4.021739E-01	     47	     92	     45	  1.727757E-01	  2.594776E-01	  4.406041E-10	  1.857969E-05	  5.207761E-07	  9.017759E-09	  0.000000E+00	  1.050273E-05	     14	     93	  8.5267800E-01	     93
 7.70000000E+02	 -3.350000E-03	  7.124756E-04	  0.000000E+00	 -4.831796E-03	 -2.542696E-03	 -5.008309E-06	  2.317519E-04	  1.036797E-03	  8.539667E-07	     93	  5.100151E-01	  8.184117E-05	  4.899849E-01	  2.811311E-01	  3.494363E-03	  1.210429E-01	  4.021739E-01	     47	     92	     45	  1.727334E-01	  2.594322E-01	  4.256265E-10	  1.876920E-05	  5.363215E-07	  9.160866E-09	  0.000000E+00	  1.070792E-05	     14	     93	  8.5270875E-01	     93
 7.80000000E+02	 -3.400000E-03	  7.265031E-04	  0.000000E+00	 -4.862896E-03	 -2.542687E-03	 -5.303431E-06	  2.195607E-04	  1.135228E-03	  1.773975E-05	     93	  5.099983E-01	  8.263361E-05	  4.900017E-01	  2.811198E-01	  3.683140E-03	  1.101845E-01	  3.913043E-01	     47	     92	     45	  1.726910E-01	  2.593867E-01	  4.175004E-10	  1.896036E-05	  5.520325E-07	  9.299997E-09	  0.000000E+00	  1.091491E-05	     14	     93	  8.5273957E-01	     93
 7.90000000E+02	 -3.450000E-03	  7.409222E-04	  0.000000E+00	 -4.893845E-03	 -2.542696E-03	 -5.266301E-06	  2.247210E-04	  1.286121E-03	  2.975626E-06	     92	  5.099813E-01	  8.329188E-05	  4.900187E-01	  2.811120E-01	  3.682431E-03	  1.101923E-01	  3.913043E-01	     47	     92	     45	  1.726490E-01	  2.593417E-01	  4.280203E-10	  1.915085E-05	  5.689529E-07	  9.438503E-09	  0.000000E+00	  1.112247E-05	     14	     92	  8.5277007E-01	     92
 8.00000000E+02	 -3.500000E-03	  7.555837E-04	  0.000000E+00	 -4.925104E-03	 -2.542698E-03	 -5.037240E-06	  3.303717E-04	  1.416535E-03	  4.878574E-07	     94	  5.146777E-01	  2.464239E-03	  4.853223E-01	  2.780817E-01	  3.642132E-03	  1.090151E-01	  3.870968E-01	     47	     92	     45	  1.726074E-01	  2.394708E-01	  4.693807E-10	  1.934152E-05	  5.865938E-07	  9.584899E-09	  0.000000E+00	  1.133097E-05	     15	     94	  8.5280036E-01	     94
 8.10000000E+02	 -3.550000E-03	  7.702870E-04	  0.000000E+00	 -4.955496E-03	 -2.542705E-03	 -4.720681E-06	  4.495097E-04	  1.481854E-03	  1.184850E-06	     94	  5.146610E-01	  2.464968E-03	  4.853390E-01	  2.780740E-01	  3.641530E-03	  1.090228E-01	  3.870968E-01	     47	     92	     45	  1.725658E-01	  2.394268E-01	  5.347508E-10	  1.953282E-05	  6.050262E-07	  9.750064E-09	  0.000000E+00	  1.154092E-05	     15	     94	  8.5283063E-01	     94
 8.20000000E+02	 -3.600000E-03	  7.856490E-04	  0.000000E+00	 -4.985169E-03	 -2.542707E-03	 -4.801361E-06	  3.606357E-04	  1.465813E-03	  7.789673E-06	     92	  5.099302E-01	  8.637877E-05	  4.900698E-01	  2.810886E-01	  3.680621E-03	  1.102157E-01	  3.913043E-01	     47	     92	     45	  1.725249E-01	  2.592084E-01	  5.861206E-10	  1.972332E-05	  6.240826E-07	  9.935438E-09	  0.000000E+00	  1.175072E-05	     14	     92	  8.5286033E-01	     92
 8.30000000E+02	 -3.650000E-03	  8.020217E-04	  0.000000E+00	 -5.014502E-03	 -2.542720E-03	 -4.913697E-06	  3.195683E-04	  1.476591E-03	  8.392645E-06	     92	  5.099123E-01	  8.748834E-05	  4.900877E-01	  2.810805E-01	  3.680297E-03	  1.102238E-01	  3.913043E-01	     47	     92	     45	  1.724853E-01	  2.591658E-01	  6.142837E-10	  1.991136E-05	  6.445261E-07	  1.013227E-08	  0.000000E+00	  1.195943E-05	     15	     92	  8.5288918E-01	     92
 8.40000000E+02	 -3.700000E-03	  8.191887E-04	  0.000000E+00	 -5.043472E-03	 -2.542698E-03	 -5.020943E-06	  3.690165E-04	  1.388929E-03	  4.469141E-06	     92	  5.098937E-01	  8.847504E-05	  4.901063E-01	  2.810721E-01	  3.680014E-03	  1.102323E-01	  3.913043E-01	     47	     92	     45	  1.724465E-01	  2.591242E-01	  6.294469E-10	  2.009824E-05	  6.655903E-07	  1.033566E-08	  0.000000E+00	  1.216759E-05	     16	     92	  8.5291735E-01	     92
 8.50000000E+02	 -3.750000E-03	  8.368587E-04	  0.000000E+00	 -5.072171E-03	 -2.542886E-03	 -5.243958E-06	  3.430295E-04	  1.477507E-03	  2.584317E-06	     92	  5.098746E-01	  8.965157E-05	  4.901254E-01	  2.803603E-01	  1.006564E-03	  1.000745E-01	  3.804348E-01	     47	     92	     45	  1.724084E-01	  2.590832E-01	  6.440584E-10	  2.028486E-05	  6.870945E-07	  1.054405E-08	  0.000000E+00	  1.237593E-05	     17	     92	  8.5294510E-01	     92
 8.60000000E+02	 -3.800000E-03	  8.553643E-04	  0.000000E+00	 -5.100602E-03	 -2.542697E-03	 -5.642744E-06	  3.277704E-04	  1.580207E-03	  1.057229E-06	     92	  5.098552E-01	  9.088713E-05	  4.901448E-01	  2.803517E-01	  1.007006E-03	  1.000831E-01	  3.804348E-01	     47	     92	     45	  1.723712E-01	  2.590433E-01	  6.598334E-10	  2.047023E-05	  7.091449E-07	  1.075765E-08	  0.000000E+00	  1.258358E-05	     16	     92	  8.5297213E-01	     92
 8.70000000E+02	 -3.850000E-03	  8.738731E-04	  0.000000E+00	 -5.128856E-03	 -2.542690E-03	 -6.096430E-06	  3.154974E-04	  1.660795E-03	  2.690915E-06	     93	  5.098358E-01	  9.215476E-05	  4.901642E-01	  2.803431E-01	  1.007423E-03	  1.000917E-01	  3.804348E-01	     47	     92	     45	  1.723341E-01	  2.590034E-01	  6.824785E-10	  2.065593E-05	  7.322806E-07	  1.097736E-08	  0.000000E+00	  1.279266E-05	     17	     93	  8.5299917E-01	     93
 8.80000000E+02	 -3.900000E-03	  8.923874E-04	  0.000000E+00	 -5.157193E-03	 -2.542686E-03	 -6.497345E-06	  3.518484E-04	  1.650455E-03	  6.216590E-07	     94	  5.145319E-01	  2.472213E-03	  4.854681E-01	  2.773203E-01	  9.967697E-04	  9.902375E-02	  3.763441E-01	     47	     92	     45	  1.722969E-01	  2.391426E-01	  6.931616E-10	  2.084271E-05	  7.557471E-07	  1.120256E-08	  0.000000E+00	  1.300314E-05	     18	     94	  8.5302621E-01	     94
 8.90000000E+02	 -3.950000E-03	  9.104960E-04	  0.000000E+00	 -5.185565E-03	 -2.542698E-03	 -6.460104E-06	  3.714557E-04	  1.607914E-03	  4.593219E-08	     94	  5.145130E-01	  2.473257E-03	  4.854870E-01	  2.861693E-01	  5.094258E-03	  1.009275E-01	  3.870968E-01	     47	     92	     45	  1.722593E-01	  2.391029E-01	  6.962516E-10	  2.103237E-05	  7.787943E-07	  1.142949E-08	  0.000000E+00	  1.321608E-05	     18	     94	  8.5305360E-01	     94
 9.00000000E+02	 -4.000000E-03	  9.279455E-04	  0.000000E+00	 -5.214375E-03	 -2.542690E-03	 -5.762103E-06	  3.360088E-04	  1.475829E-03	  4.532736E-06	     93	  5.097784E-01	  9.557404E-05	  4.902216E-01	  2.803185E-01	  1.007085E-03	  1.001163E-01	  3.804348E-01	     47	     92	     45	  1.722209E-01	  2.588818E-01	  6.803809E-10	  2.122561E-05	  8.013856E-07	  1.165451E-08	  0.000000E+00	  1.343212E-05	     19	     93	  8.5308155E-01	     93
 9.10000000E+02	 -4.050000E-03	  9.447256E-04	  0.000000E+00	 -5.243875E-03	 -2.542672E-03	 -4.779051E-06	  3.296134E-04	  1.378951E-03	  2.757115E-06	     94	  5.144762E-01	  2.474642E-03	  4.855238E-01	  2.861528E-01	  5.093768E-03	  1.009440E-01	  3.870968E-01	     47	     92	     45	  1.721817E-01	  2.390208E-01	  6.522854E-10	  2.142189E-05	  8.241233E-07	  1.187257E-08	  0.000000E+00	  1.365132E-05	     20	     94	  8.5311007E-01	     94
 9.20000000E+02	 -4.100000E-03	  9.607041E-04	  0.000000E+00	 -5.273646E-03	 -2.542690E-03	 -4.137208E-06	  3.222902E-04	  1.406164E-03	  2.380961E-06	     94	  5.144584E-01	  2.475220E-03	  4.855416E-01	  2.838471E-01	  6.857782E-04	  9.249698E-02	  3.763441E-01	     47	     92	     45	  1.721415E-01	  2.389784E-01	  6.291498E-10	  2.162218E-05	  8.463756E-07	  1.208303E-08	  0.000000E+00	  1.387405E-05	     20	     94	  8.5313929E-01	     94
 9.30000000E+02	 -4.150000E-03	  9.771311E-04	  0.000000E+00	 -5.302720E-03	 -2.542722E-03	 -4.109885E-06	  3.164856E-04	  1.510983E-03	  1.212857E-05	     91	  5.137878E-01	  3.910994E-03	  4.862122E-01	  2.810273E-01	 -3.488431E-03	  9.259906E-02	  3.736264E-01	     46	     91	     45	  1.721019E-01	  2.587541E-01	  6.217926E-10	  2.182227E-05	  8.691551E-07	  1.228963E-08	  0.000000E+00	  1.409712E-05	     16	     91	  8.5316812E-01	     91
 9.40000000E+02	 -4.200000E-03	  9.948398E-04	  0.000000E+00	 -5.331258E-03	 -2.542735E-03	 -4.679960E-06	  3.000513E-04	  1.686530E-03	  8.947377E-07	     92	  5.137689E-01	  3.912366E-03	  4.862311E-01	  2.900692E-01	  7.003879E-04	  9.454616E-02	  3.846154E-01	     46	     91	     45	  1.720638E-01	  2.587132E-01	  6.314079E-10	  2.201870E-05	  8.937790E-07	  1.249629E-08	  0.000000E+00	  1.431839E-05	     18	     92	  8.5319586E-01	     92
 9.50000000E+02	 -4.250000E-03	  1.013922E-03	  0.000000E+00	 -5.359404E-03	 -2.542759E-03	 -5.483755E-06	  3.769554E-04	  1.880689E-03	  2.489538E-05	     91	  5.201616E-01	 -4.778423E-03	  4.798384E-01	  2.900611E-01	  7.004742E-04	  9.455432E-02	  3.846154E-01	     46	     91	     45	  1.720273E-01	  2.586740E-01	  6.706597E-10	  2.221129E-05	  9.201591E-07	  1.271033E-08	  0.000000E+00	  1.453761E-05	     17	     91	  8.5322244E-01	     91
 9.60000000E+02	 -4.300000E-03	  1.035803E-03	  0.000000E+00	 -5.386771E-03	 -2.542714E-03	 -6.895588E-06	  5.535918E-04	  2.139446E-03	  2.773945E-06	     91	  5.201399E-01	 -4.776529E-03	  4.798601E-01	  2.900527E-01	  7.012335E-04	  9.456268E-02	  3.846154E-01	     46	     91	     45	  1.719941E-01	  2.586383E-01	  7.714322E-10	  2.239506E-05	  9.495850E-07	  1.294737E-08	  0.000000E+00	  1.475114E-05	     16	     91	  8.5324664E-01	     91
 9.70000000E+02	 -4.350000E-03	  1.058854E-03	  0.000000E+00	 -5.413188E-03	 -2.542772E-03	 -8.716030E-06	  5.706452E-04	  2.420005E-03	  3.425322E-05	     91	  5.201172E-01	 -4.774346E-03	  4.798828E-01	  3.002993E-01	  3.446001E-03	  9.530510E-02	  3.956044E-01	     46	     91	     45	  1.719622E-01	  2.586041E-01	  9.365566E-10	  2.257492E-05	  9.812175E-07	  1.322759E-08	  0.000000E+00	  1.496307E-05	     16	     91	  8.5326984E-01	     91
 9.80000000E+02	 -4.400000E-03	  1.082950E-03	  0.000000E+00	 -5.438512E-03	 -2.543260E-03	 -1.099154E-05	  6.023937E-04	  2.579228E-03	  2.491889E-06	     92	  5.200935E-01	 -4.772230E-03	  4.799065E-01	  3.002904E-01	  3.447992E-03	  9.531396E-02	  3.956044E-01	     46	     91	     45	  1.719316E-01	  2.585711E-01	  1.163174E-09	  2.275090E-05	  1.015251E-06	  1.357535E-08	  0.000000E+00	  1.517365E-05	     16	     92	  8.5329215E-01	     92
 9.90000000E+02	 -4.450000E-03	  1.109133E-03	  0.000000E+00	 -5.463082E-03	 -2.542702E-03	 -1.350604E-05	  5.472446E-04	  2.460404E-03	  3.445693E-07	     91	  5.200686E-01	 -4.769933E-03	  4.799314E-01	  2.964875E-01	  8.675180E-03	  8.812791E-02	  3.846154E-01	     46	     91	     45	  1.719034E-01	  2.585409E-01	  1.388359E-09	  2.292125E-05	  1.050807E-06	  1.399954E-08	  0.000000E+00	  1.538021E-05	     15	     91	  8.5331269E-01	     91
 1.00000000E+03	 -4.500000E-03	  1.135110E-03	  0.000000E+00	 -5.487286E-03	 -2.542697E-03	 -1.559161E-05	  4.883222E-04	  2.408185E-03	  3.929967E-07	     92	  5.200433E-01	 -4.767647E-03	  4.799567E-01	  2.964782E-01	  8.677729E-03	  8.813715E-02	  3.846154E-01	     46	     91	     45	  1.718749E-01	  2.585103E-01	  1.566082E-09	  2.309222E-05	  1.087484E-06	  1.448990E-08	  0.000000E+00	  1.558852E-05	     14	     92	  8.5333340E-01	     92
 1.01000000E+03	 -4.550000E-03	  1.161460E-03	  0.000000E+00	 -5.510748E-03	 -2.542677E-03	 -1.735769E-05	  4.459538E-04	  2.249746E-03	  1.670164E-05	     91	  5.200180E-01	 -4.765422E-03	  4.799820E-01	  2.964687E-01	  8.680220E-03	  8.814669E-02	  3.846154E-01	     46	     91	     45	  1.718469E-01	  2.584802E-01	  1.672004E-09	  2.326194E-05	  1.125707E-06	  1.502351E-08	  0.000000E+00	  1.579710E-05	     13	     91	  8.5335380E-01	     91
 1.02000000E+03	 -4.600000E-03	  1.187884E-03	  0.000000E+00	 -5.534094E-03	 -2.542678E-03	 -1.924774E-05	  4.272019E-04	  1.998282E-03	  3.414972E-06	     91	  5.199930E-01	 -4.763326E-03	  4.800070E-01	  2.964591E-01	  8.682521E-03	  8.815628E-02	  3.846154E-01	     46	     91	     45	  1.718190E-01	  2.584502E-01	  1.688193E-09	  2.343271E-05	  1.163926E-06	  1.557297E-08	  0.000000E+00	  1.600666E-05	     13	     91	  8.5337414E-01	     91
 1.03000000E+03	 -4.650000E-03	  1.213773E-03	  0.000000E+00	 -5.558009E-03	 -2.542723E-03	 -2.144175E-05	  4.129608E-04	  1.838996E-03	  3.824536E-06	     92	  5.199682E-01	 -4.761091E-03	  4.800318E-01	  2.964496E-01	  8.684904E-03	  8.816580E-02	  3.846154E-01	     46	     91	     45	  1.717904E-01	  2.584195E-01	  1.655377E-09	  2.360651E-05	  1.201731E-06	  1.611787E-08	  0.000000E+00	  1.621876E-05	     14	     92	  8.5339495E-01	     92
 1.04000000E+03	 -4.700000E-03	  1.239292E-03	  0.000000E+00	 -5.582328E-03	 -2.542698E-03	 -2.371071E-05	  3.412388E-04	  1.786823E-03	  6.252212E-06	     91	  5.199439E-01	 -4.758758E-03	  4.800561E-01	  2.964400E-01	  8.687314E-03	  8.817541E-02	  3.846154E-01	     46	     91	     45	  1.717614E-01	  2.583884E-01	  1.612867E-09	  2.378300E-05	  1.239009E-06	  1.664837E-08	  0.000000E+00	  1.643303E-05	     13	     91	  8.5341606E-01	     91
 1.05000000E+03	 -4.750000E-03	  1.264329E-03	  0.000000E+00	 -5.607121E-03	 -2.542683E-03	 -2.563769E-05	  3.315730E-04	  1.656782E-03	  9.429829E-07	     92	  5.199198E-01	 -4.756394E-03	  4.800802E-01	  2.964304E-01	  8.689455E-03	  8.818502E-02	  3.846154E-01	     46	     91	     45	  1.717318E-01	  2.583566E-01	  1.569254E-09	  2.396277E-05	  1.275493E-06	  1.716402E-08	  0.000000E+00	  1.664975E-05	     14	     92	  8.5343760E-01	     92
 1.06000000E+03	 -4.800000E-03	  1.288902E-03	  0.000000E+00	 -5.632369E-03	 -2.542717E-03	 -2.737000E-05	  3.394988E-04	  1.546913E-03	  2.108402E-06	     92	  5.198961E-01	 -4.754203E-03	  4.801039E-01	  2.964209E-01	  8.691153E-03	  8.819445E-02	  3.846154E-01	     46	     91	     45	  1.717017E-01	  2.583243E-01	  1.526477E-09	  2.414631E-05	  1.310651E-06	  1.766522E-08	  0.000000E+00	  1.686891E-05	     16	     92	  8.5345953E-01	     92
 1.07000000E+03	 -4.850000E-03	  1.313114E-03	  0.000000E+00	 -5.657842E-03	 -2.542688E-03	 -2.925388E-05	  3.389084E-04	  1.523662E-03	  7.551423E-06	     92	  5.198723E-01	 -4.751989E-03	  4.801277E-01	  2.935681E-01	  1.350526E-02	  8.005824E-02	  3.736264E-01	     46	     91	     45	  1.716712E-01	  2.582915E-01	  1.484987E-09	  2.433252E-05	  1.345354E-06	  1.815274E-08	  0.000000E+00	  1.709026E-05	     16	     92	  8.5348177E-01	     92
 1.08000000E+03	 -4.900000E-03	  1.336745E-03	  0.000000E+00	 -5.683519E-03	 -2.542697E-03	 -3.124152E-05	  3.408797E-04	  1.566495E-03	  2.059504E-06	     92	  5.198484E-01	 -4.749465E-03	  4.801516E-01	  2.935589E-01	  1.350678E-02	  8.006751E-02	  3.736264E-01	     46	     91	     45	  1.716400E-01	  2.582580E-01	  1.465985E-09	  2.452190E-05	  1.379631E-06	  1.863021E-08	  0.000000E+00	  1.731438E-05	     16	     92	  8.5350451E-01	     92
 1.09000000E+03	 -4.950000E-03	  1.360440E-03	  0.000000E+00	 -5.708986E-03	 -2.542691E-03	 -3.359585E-05	  3.643763E-04	  1.683689E-03	  1.723536E-06	     93	  5.244816E-01	 -2.288129E-03	  4.755184E-01	  2.903589E-01	  1.336168E-02	  7.920632E-02	  3.695652E-01	     46	     91	     45	  1.716088E-01	  2.384153E-01	  1.481583E-09	  2.471119E-05	  1.415093E-06	  1.910776E-08	  0.000000E+00	  1.753962E-05	     17	     93	  8.5352720E-01	     93
 1.10000000E+03	 -5.000000E-03	  1.384600E-03	  0.000000E+00	 -5.733883E-03	 -2.542712E-03	 -3.633144E-05	  3.905641E-04	  1.856230E-03	  1.026842E-05	     93	  5.244573E-01	 -2.284925E-03	  4.755427E-01	  2.903498E-01	  1.336360E-02	  7.921546E-02	  3.695652E-01	     46	     91	     45	  1.715782E-01	  2.383830E-01	  1.549108E-09	  2.489877E-05	  1.452292E-06	  1.960042E-08	  0.000000E+00	  1.776496E-05	     17	     93	  8.5354950E-01	     93
 1.11000000E+03	 -5.050000E-03	  1.409831E-03	  0.000000E+00	 -5.757898E-03	 -2.542704E-03	 -3.903034E-05	  4.126136E-04	  1.952398E-03	  4.794811E-06	     91	  5.197745E-01	 -4.740045E-03	  4.802255E-01	  2.935310E-01	  1.351254E-02	  8.009540E-02	  3.736264E-01	     46	     91	     45	  1.715489E-01	  2.581601E-01	  1.658854E-09	  2.508293E-05	  1.491364E-06	  2.012529E-08	  0.000000E+00	  1.798883E-05	     15	     91	  8.5357089E-01	     91
 1.12000000E+03	 -5.100000E-03	  1.436229E-03	  0.000000E+00	 -5.781114E-03	 -2.542699E-03	 -4.122335E-05	  4.139296E-04	  1.958972E-03	  1.556368E-06	     91	  5.197485E-01	 -4.736713E-03	  4.802515E-01	  2.935213E-01	  1.351471E-02	  8.010511E-02	  3.736264E-01	     46	     91	     45	  1.715209E-01	  2.581301E-01	  1.767769E-09	  2.526392E-05	  1.531814E-06	  2.068839E-08	  0.000000E+00	  1.821093E-05	     15	     91	  8.5359129E-01	     91
 1.13000000E+03	 -5.150000E-03	  1.463192E-03	  0.000000E+00	 -5.803944E-03	 -2.542748E-03	 -4.302828E-05	  4.197686E-04	  1.803246E-03	  4.670476E-06	     90	  5.229237E-01	 -9.890622E-05	  4.770763E-01	  2.967726E-01	  1.366703E-02	  8.100516E-02	  3.777778E-01	     45	     90	     45	  1.714935E-01	  2.581007E-01	  1.826921E-09	  2.544426E-05	  1.572660E-06	  2.128141E-08	  0.000000E+00	  1.843277E-05	     13	     90	  8.5361120E-01	     90
 1.14000000E+03	 -5.200000E-03	  1.490617E-03	  0.000000E+00	 -5.826823E-03	 -2.542688E-03	 -4.457619E-05	  4.385605E-04	  1.541780E-03	  1.373594E-06	     90	  5.228967E-01	 -9.572929E-05	  4.771033E-01	  2.967625E-01	  1.366921E-02	  8.101532E-02	  3.777778E-01	     45	     90	     45	  1.714667E-01	  2.580719E-01	  1.796127E-09	  2.562435E-05	  1.613825E-06	  2.188145E-08	  0.000000E+00	  1.865459E-05	     13	     90	  8.5363073E-01	     90
 1.15000000E+03	 -5.250000E-03	  1.517558E-03	  0.000000E+00	 -5.849969E-03	 -2.542679E-03	 -4.600286E-05	  3.756823E-04	  1.362662E-03	  4.298138E-07	     90	  5.228702E-01	 -9.264567E-05	  4.771298E-01	  2.967523E-01	  1.367140E-02	  8.102545E-02	  3.777778E-01	     45	     90	     45	  1.714394E-01	  2.580426E-01	  1.688073E-09	  2.580765E-05	  1.654274E-06	  2.245732E-08	  0.000000E+00	  1.887881E-05	     13	     90	  8.5365067E-01	     90
 1.16000000E+03	 -5.300000E-03	  1.543901E-03	  0.000000E+00	 -5.873504E-03	 -2.542684E-03	 -4.739767E-05	  3.051832E-04	  1.276858E-03	  7.205231E-06	     90	  5.228442E-01	 -8.954595E-05	  4.771558E-01	  2.967424E-01	  1.367350E-02	  8.103535E-02	  3.777778E-01	     45	     90	     45	  1.714113E-01	  2.580124E-01	  1.552022E-09	  2.599459E-05	  1.693832E-06	  2.299131E-08	  0.000000E+00	  1.910571E-05	     14	     90	  8.5367113E-01	     90
 1.17000000E+03	 -5.350000E-03	  1.569419E-03	  0.000000E+00	 -5.897646E-03	 -2.542688E-03	 -4.915739E-05	  2.960554E-04	  1.222707E-03	  7.917077E-07	     90	  5.228186E-01	 -8.636559E-05	  4.771814E-01	  2.967328E-01	  1.367544E-02	  8.104496E-02	  3.777778E-01	     45	     90	     45	  1.713823E-01	  2.579812E-01	  1.430234E-09	  2.618609E-05	  1.732161E-06	  2.348137E-08	  0.000000E+00	  1.933590E-05	     14	     90	  8.5369229E-01	     90
 1.18000000E+03	 -5.400000E-03	  1.594431E-03	  0.000000E+00	 -5.922095E-03	 -2.542690E-03	 -5.114316E-05	  3.039036E-04	  1.245763E-03	  1.863425E-06	     91	  5.227933E-01	 -8.314691E-05	  4.772067E-01	  3.072870E-01	  1.608208E-02	  8.160186E-02	  3.888889E-01	     45	     90	     45	  1.713526E-01	  2.579494E-01	  1.351436E-09	  2.638095E-05	  1.769623E-06	  2.393813E-08	  0.000000E+00	  1.956861E-05	     15	     91	  8.5371389E-01	     91
 1.19000000E+03	 -5.450000E-03	  1.619049E-03	  0.000000E+00	 -5.946829E-03	 -2.542688E-03	 -5.308672E-05	  3.137868E-04	  1.290708E-03	  9.944560E-06	     90	  5.227683E-01	 -7.973846E-05	  4.772317E-01	  2.972799E-01	  1.942007E-02	  8.049785E-02	  3.777778E-01	     45	     90	     45	  1.713225E-01	  2.579171E-01	  1.310601E-09	  2.657853E-05	  1.806588E-06	  2.437639E-08	  0.000000E+00	  1.980355E-05	     14	     90	  8.5373582E-01	     90
 1.20000000E+03	 -5.500000E-03	  1.643309E-03	  0.000000E+00	 -5.971879E-03	 -2.542689E-03	 -5.494303E-05	  3.228596E-04	  1.312205E-03	  1.542849E-06	     91	  5.227432E-01	 -7.621983E-05	  4.772568E-01	  3.072685E-01	  1.608542E-02	  8.162043E-02	  3.888889E-01	     45	     90	     45	  1.712920E-01	  2.578843E-01	  1.300189E-09	  2.677873E-05	  1.843073E-06	  2.480734E-08	  0.000000E+00	  2.004065E-05	     15	     91	  8.5375807E-01	     91
 1.21000000E+03	 -5.550000E-03	  1.667381E-03	  0.000000E+00	 -5.997124E-03	 -2.542704E-03	 -5.677404E-05	  3.279297E-04	  1.355060E-03	  2.866814E-06	     90	  5.227182E-01	 -7.269655E-05	  4.772818E-01	  2.972609E-01	  1.942254E-02	  8.051688E-02	  3.777778E-01	     45	     90	     45	  1.712613E-01	  2.578513E-01	  1.315496E-09	  2.698095E-05	  1.879254E-06	  2.524047E-08	  0.000000E+00	  2.027950E-05	     14	     90	  8.5378048E-01	     90
 1.22000000E+03	 -5.600000E-03	  1.691843E-03	  0.000000E+00	 -6.022141E-03	 -2.542704E-03	 -5.855286E-05	  3.143229E-04	  1.454988E-03	  1.294853E-06	     90	  5.226932E-01	 -6.924428E-05	  4.773068E-01	  2.972514E-01	  1.942379E-02	  8.052636E-02	  3.777778E-01	     45	     90	     45	  1.712310E-01	  2.578188E-01	  1.352176E-09	  2.718327E-05	  1.915600E-06	  2.568248E-08	  0.000000E+00	  2.051864E-05	     14	     90	  8.5380255E-01	     90
 1.23000000E+03	 -5.650000E-03	  1.716757E-03	  0.000000E+00	 -6.046677E-03	 -2.542704E-03	 -6.029874E-05	  3.227153E-04	  1.476851E-03	  1.445670E-06	     91	  5.226681E-01	 -6.586414E-05	  4.773319E-01	  2.972418E-01	  1.942510E-02	  8.053597E-02	  3.777778E-01	     45	     90	     45	  1.712012E-01	  2.577868E-01	  1.394494E-09	  2.738515E-05	  1.952464E-06	  2.613763E-08	  0.000000E+00	  2.075788E-05	     16	     91	  8.5382425E-01	     91
 1.24000000E+03	 -5.700000E-03	  1.741922E-03	  0.000000E+00	 -6.070993E-03	 -2.542698E-03	 -6.192760E-05	  3.357352E-04	  1.401738E-03	  2.038804E-07	     90	  5.226429E-01	 -6.257089E-05	  4.773571E-01	  2.972320E-01	  1.942653E-02	  8.054574E-02	  3.777778E-01	     45	     90	     45	  1.711717E-01	  2.577552E-01	  1.421051E-09	  2.758692E-05	  1.990040E-06	  2.660429E-08	  0.000000E+00	  2.099772E-05	     15	     90	  8.5384574E-01	     90
 1.25000000E+03	 -5.750000E-03	  1.767116E-03	  0.000000E+00	 -6.095213E-03	 -2.542693E-03	 -6.350032E-05	  3.526550E-04	  1.370498E-03	  1.236901E-06	     91	  5.226176E-01	 -5.926338E-05	  4.773824E-01	  2.972222E-01	  1.942796E-02	  8.055562E-02	  3.777778E-01	     45	     90	     45	  1.711423E-01	  2.577235E-01	  1.435193E-09	  2.778930E-05	  2.028167E-06	  2.707822E-08	  0.000000E+00	  2.123871E-05	     16	     91	  8.5386720E-01	     91
 1.26000000E+03	 -5.800000E-03	  1.792339E-03	  0.000000E+00	 -6.119177E-03	 -2.542690E-03	 -6.494802E-05	  3.462001E-04	  1.379489E-03	  3.759942E-06	     90	  5.225923E-01	 -5.595356E-05	  4.774077E-01	  2.972121E-01	  1.942934E-02	  8.056564E-02	  3.777778E-01	     45	     90	     45	  1.711129E-01	  2.576920E-01	  1.445411E-09	  2.799246E-05	  2.066665E-06	  2.755705E-08	  0.000000E+00	  2.148085E-05	     15	     90	  8.5388864E-01	     90
 1.27000000E+03	 -5.850000E-03	  1.817589E-03	  0.000000E+00	 -6.142865E-03	 -2.542694E-03	 -6.645159E-05	  3.395275E-04	  1.371751E-03	  6.987426E-08	     91	  5.225670E-01	 -5.265005E-05	  4.774330E-01	  2.972020E-01	  1.943067E-02	  8.057573E-02	  3.777778E-01	     45	     90	     45	  1.710835E-01	  2.576604E-01	  1.453073E-09	  2.819678E-05	  2.105128E-06	  2.803954E-08	  0.000000E+00	  2.172413E-05	     16	     91	  8.5391007E-01	     91
 1.28000000E+03	 -5.900000E-03	  1.843221E-03	  0.000000E+00	 -6.166800E-03	 -2.542053E-03	 -6.774618E-05	  3.852342E-04	  1.503800E-03	  2.056166E-06	     90	  5.225416E-01	 -4.941956E-05	  4.774584E-01	  2.971917E-01	  1.943212E-02	  8.058613E-02	  3.777778E-01	     45	     90	     45	  1.710546E-01	  2.576293E-01	  1.484132E-09	  2.839935E-05	  2.145555E-06	  2.852740E-08	  0.000000E+00	  2.196764E-05	     16	     90	  8.5393117E-01	     90
 1.29000000E+03	 -5.950000E-03	  1.867826E-03	  0.000000E+00	 -6.190809E-03	 -2.542695E-03	 -6.905052E-05	  3.362317E-04	  2.089324E-03	  1.476528E-06	     91	  5.225164E-01	 -4.634849E-05	  4.774836E-01	  2.971808E-01	  1.943354E-02	  8.059697E-02	  3.777778E-01	     45	     90	     45	  1.710244E-01	  2.575970E-01	  1.599199E-09	  2.860320E-05	  2.188405E-06	  2.903737E-08	  0.000000E+00	  2.221496E-05	     17	     91	  8.5395315E-01	     91
 1.30000000E+03	 -6.000000E-03	  1.893636E-03	  0.000000E+00	 -6.213815E-03	 -2.542707E-03	 -7.063936E-05	  3.918697E-04	  2.395279E-03	  2.722088E-06	     91	  5.224907E-01	 -4.305873E-05	  4.775093E-01	  2.971696E-01	  1.943518E-02	  8.060822E-02	  3.777778E-01	     45	     90	     45	  1.709957E-01	  2.575661E-01	  1.804965E-09	  2.880242E-05	  2.233885E-06	  2.959688E-08	  0.000000E+00	  2.246043E-05	     16	     91	  8.5397410E-01	     91
 1.31000000E+03	 -6.050000E-03	  1.920091E-03	  0.000000E+00	 -6.236586E-03	 -2.542709E-03	 -7.291816E-05	  3.594990E-04	  2.645111E-03	  2.079375E-05	     89	  5.276392E-01	  2.667944E-03	  4.723608E-01	  3.004971E-01	  1.965536E-02	  8.152537E-02	  3.820225E-01	     44	     89	     45	  1.709677E-01	  2.575360E-01	  2.091234E-09	  2.899871E-05	  2.281667E-06	  3.023415E-08	  0.000000E+00	  2.270542E-05	     15	     89	  8.5399451E-01	     89
 1.32000000E+03	 -6.100000E-03	  1.947691E-03	  0.000000E+00	 -6.258868E-03	 -2.542757E-03	 -7.530993E-05	  4.496179E-04	  2.808353E-03	  3.765318E-06	     90	  5.276117E-01	  2.671567E-03	  4.723883E-01	  3.004854E-01	  1.965732E-02	  8.153710E-02	  3.820225E-01	     44	     89	     45	  1.709411E-01	  2.575074E-01	  2.471162E-09	  2.919060E-05	  2.331904E-06	  3.097636E-08	  0.000000E+00	  2.294866E-05	     16	     90	  8.5401395E-01	     90
 1.33000000E+03	 -6.150000E-03	  1.977054E-03	  0.000000E+00	 -6.280557E-03	 -2.542716E-03	 -7.682360E-05	  4.698914E-04	  3.040249E-03	  7.987012E-06	     89	  5.275830E-01	  2.674929E-03	  4.724170E-01	  3.004732E-01	  1.965921E-02	  8.154925E-02	  3.820225E-01	     44	     89	     45	  1.709165E-01	  2.574810E-01	  2.914872E-09	  2.937640E-05	  2.384690E-06	  3.185117E-08	  0.000000E+00	  2.318855E-05	     16	     89	  8.5403188E-01	     89
 1.34000000E+03	 -6.200000E-03	  2.008500E-03	  0.000000E+00	 -6.301547E-03	 -2.542757E-03	 -7.794900E-05	  5.040845E-04	  3.317628E-03	  4.438951E-05	     90	  5.275532E-01	  2.678076E-03	  4.724468E-01	  3.004607E-01	  1.966100E-02	  8.156176E-02	  3.820225E-01	     44	     89	     45	  1.708943E-01	  2.574572E-01	  3.405895E-09	  2.955522E-05	  2.440082E-06	  3.287338E-08	  0.000000E+00	  2.342427E-05	     17	     90	  8.5404805E-01	     90
 1.35000000E+03	 -6.250000E-03	  2.041904E-03	  0.000000E+00	 -6.322345E-03	 -2.542716E-03	 -7.897552E-05	  5.488295E-04	  3.600040E-03	  4.995678E-06	     89	  5.275222E-01	  2.681043E-03	  4.724778E-01	  3.004478E-01	  1.966287E-02	  8.157467E-02	  3.820225E-01	     44	     89	     45	  1.708744E-01	  2.574359E-01	  3.952573E-09	  2.972841E-05	  2.496987E-06	  3.406290E-08	  0.000000E+00	  2.365610E-05	     16	     89	  8.5406255E-01	     89
 1.36000000E+03	 -6.300000E-03	  2.076794E-03	  0.000000E+00	 -6.343883E-03	 -2.542685E-03	 -8.016890E-05	  7.011963E-04	  3.995866E-03	  6.111743E-06	     91	  5.265131E-01	  8.168841E-03	  4.734869E-01	  2.970966E-01	  1.944598E-02	  8.068121E-02	  3.777778E-01	     44	     89	     45	  1.708563E-01	  2.360123E-01	  4.616595E-09	  2.989878E-05	  2.553717E-06	  3.544748E-08	  0.000000E+00	  2.388523E-05	     18	     91	  8.5407578E-01	     91
 1.37000000E+03	 -6.350000E-03	  2.113000E-03	  0.000000E+00	 -6.364176E-03	 -2.542765E-03	 -8.047235E-05	  1.390250E-03	  4.344950E-03	  4.207261E-06	     91	  5.264820E-01	  8.171480E-03	  4.735180E-01	  2.970834E-01	  1.944705E-02	  8.069434E-02	  3.777778E-01	     44	     89	     45	  1.708397E-01	  2.359948E-01	  5.547028E-09	  3.006548E-05	  2.611378E-06	  3.708675E-08	  0.000000E+00	  2.411214E-05	     15	     91	  8.5408790E-01	     91
 1.38000000E+03	 -6.400000E-03	  2.151880E-03	  0.000000E+00	 -6.384697E-03	 -2.542809E-03	 -8.122955E-05	  1.550096E-03	  4.711766E-03	  2.875513E-05	     91	  5.331251E-01	  1.084656E-02	  4.668749E-01	  2.938051E-01	  1.923398E-02	  7.982132E-02	  3.736264E-01	     44	     91	     47	  1.708262E-01	  2.168476E-01	  6.700216E-09	  3.022561E-05	  2.669251E-06	  3.910068E-08	  0.000000E+00	  2.433329E-05	     14	     91	  8.5409774E-01	     91
 1.39000000E+03	 -6.450000E-03	  2.195785E-03	  0.000000E+00	 -6.403858E-03	 -2.543124E-03	 -8.316090E-05	  1.655257E-03	  5.358034E-03	  1.609494E-05	     91	  5.330892E-01	  1.084877E-02	  4.669108E-01	  2.975825E-01	  1.401141E-02	  8.703290E-02	  3.846154E-01	     44	     91	     47	  1.708186E-01	  2.168397E-01	  7.960666E-09	  3.036777E-05	  2.732987E-06	  4.147828E-08	  0.000000E+00	  2.454280E-05	     13	     91	  8.5410331E-01	     91
 1.40000000E+03	 -6.500000E-03	  2.244818E-03	  0.000000E+00	 -6.417088E-03	 -2.542861E-03	 -8.766897E-05	  1.573592E-03	  5.229318E-03	  3.321993E-05	     91	  5.330515E-01	  1.085120E-02	  4.669485E-01	  2.975651E-01	  1.401323E-02	  8.705030E-02	  3.846154E-01	     44	     91	     47	  1.708169E-01	  2.168380E-01	  9.130226E-09	  3.049024E-05	  2.803972E-06	  4.424533E-08	  0.000000E+00	  2.474018E-05	     14	     91	  8.5410450E-01	     91
 1.41000000E+03	 -6.550000E-03	  2.299247E-03	  0.000000E+00	 -6.427940E-03	 -2.542651E-03	 -9.280756E-05	  1.353317E-03	  4.999835E-03	  1.927710E-05	     91	  5.330116E-01	  1.085364E-02	  4.669884E-01	  2.975462E-01	  1.401576E-02	  8.706921E-02	  3.846154E-01	     44	     91	     47	  1.708216E-01	  2.168428E-01	  1.006883E-08	  3.059582E-05	  2.878717E-06	  4.737245E-08	  0.000000E+00	  2.492455E-05	     14	     91	  8.5410111E-01	     91
 1.42000000E+03	 -6.600000E-03	  2.352938E-03	  0.000000E+00	 -6.438493E-03	 -2.542726E-03	 -9.687777E-05	  1.292678E-03	  4.474984E-03	  8.327522E-06	     91	  5.329705E-01	  1.085523E-02	  4.670295E-01	  2.975271E-01	  1.401850E-02	  8.708830E-02	  3.846154E-01	     44	     91	     47	  1.708254E-01	  2.168468E-01	  1.055714E-08	  3.070193E-05	  2.955557E-06	  5.073647E-08	  0.000000E+00	  2.511134E-05	     14	     91	  8.5409834E-01	     91
 1.43000000E+03	 -6.650000E-03	  2.406926E-03	  0.000000E+00	 -6.448665E-03	 -2.542783E-03	 -9.908604E-05	  1.107175E-03	  4.305815E-03	  8.391215E-06	     91	  5.329298E-01	  1.085545E-02	  4.670702E-01	  2.975075E-01	  1.402073E-02	  8.710784E-02	  3.846154E-01	     44	     91	     47	  1.708295E-01	  2.168511E-01	  1.059236E-08	  3.080745E-05	  3.033164E-06	  5.416203E-08	  0.000000E+00	  2.529793E-05	     15	     91	  8.5409533E-01	     91
 1.44000000E+03	 -6.700000E-03	  2.459147E-03	  0.000000E+00	 -6.459959E-03	 -2.542678E-03	 -1.004186E-04	  1.060422E-03	  4.067855E-03	  1.128515E-05	     91	  5.328901E-01	  1.085582E-02	  4.671099E-01	  2.974889E-01	  1.402306E-02	  8.712647E-02	  3.846154E-01	     44	     91	     47	  1.708315E-01	  2.168532E-01	  1.049976E-08	  3.091855E-05	  3.110365E-06	  5.755637E-08	  0.000000E+00	  2.548953E-05	     15	     91	  8.5409383E-01	     91
 1.45000000E+03	 -6.750000E-03	  2.510391E-03	  0.000000E+00	 -6.471856E-03	 -2.542684E-03	 -1.031151E-04	  1.007722E-03	  3.884851E-03	  8.484316E-06	     91	  5.328508E-01	  1.085554E-02	  4.671492E-01	  2.974704E-01	  1.402532E-02	  8.714497E-02	  3.846154E-01	     44	     91	     47	  1.708325E-01	  2.168542E-01	  1.024889E-08	  3.103599E-05	  3.184501E-06	  6.090031E-08	  0.000000E+00	  2.568421E-05	     15	     91	  8.5409316E-01	     91
 1.46000000E+03	 -6.800000E-03	  2.561084E-03	  0.000000E+00	 -6.483671E-03	 -2.542703E-03	 -1.052843E-04	  8.944664E-04	  3.871756E-03	  1.120980E-06	     91	  5.328122E-01	  1.085531E-02	  4.671878E-01	  2.974524E-01	  1.402812E-02	  8.716303E-02	  3.846154E-01	     44	     91	     47	  1.708327E-01	  2.168544E-01	  9.999591E-09	  3.115800E-05	  3.256180E-06	  6.414571E-08	  0.000000E+00	  2.588090E-05	     15	     91	  8.5409297E-01	     91
 1.47000000E+03	 -6.850000E-03	  2.611585E-03	  0.000000E+00	 -6.496780E-03	 -2.542423E-03	 -1.071176E-04	  1.007105E-03	  3.680166E-03	  1.885673E-04	     91	  5.327742E-01	  1.085469E-02	  4.672258E-01	  2.974344E-01	  1.403015E-02	  8.718100E-02	  3.846154E-01	     44	     91	     47	  1.708328E-01	  2.168545E-01	  9.782012E-09	  3.128234E-05	  3.326713E-06	  6.732603E-08	  0.000000E+00	  2.607873E-05	     15	     91	  8.5409295E-01	     91
 1.48000000E+03	 -6.900000E-03	  2.660624E-03	  0.000000E+00	 -6.510650E-03	 -2.542692E-03	 -1.080796E-04	  9.521942E-04	  3.563609E-03	  1.668020E-05	     90	  5.361891E-01	  1.559371E-02	  4.638109E-01	  3.007214E-01	  1.418894E-02	  8.816751E-02	  3.888889E-01	     43	     90	     47	  1.708311E-01	  2.168527E-01	  9.495600E-09	  3.141414E-05	  3.394296E-06	  7.042442E-08	  0.000000E+00	  2.628094E-05	     14	     90	  8.5409418E-01	     90
 1.49000000E+03	 -6.950000E-03	  2.709863E-03	  0.000000E+00	 -6.526800E-03	 -2.542672E-03	 -1.098691E-04	  9.423849E-04	  3.384079E-03	  3.324602E-06	     90	  5.361535E-01	  1.559316E-02	  4.638465E-01	  3.007039E-01	  1.419179E-02	  8.818495E-02	  3.888889E-01	     43	     90	     47	  1.708296E-01	  2.168512E-01	  9.096121E-09	  3.154964E-05	  3.458672E-06	  7.341457E-08	  0.000000E+00	  2.648340E-05	     13	     90	  8.5409524E-01	     90
 1.50000000E+03	 -7.000000E-03	  2.758006E-03	  0.000000E+00	 -6.543157E-03	 -2.542300E-03	 -1.112957E-04	  8.623972E-04	  3.429901E-03	  6.295134E-06	     90	  5.361189E-01	  1.559240E-02	  4.638811E-01	  3.006869E-01	  1.419482E-02	  8.820196E-02	  3.888889E-01	     43	     90	     47	  1.708269E-01	  2.168484E-01	  8.730324E-09	  3.169208E-05	  3.519814E-06	  7.627982E-08	  0.000000E+00	  2.668949E-05	     12	     90	  8.5409723E-01	     90
 1.51000000E+03	 -7.050000E-03	  2.802936E-03	  0.000000E+00	 -6.560449E-03	 -2.542683E-03	 -1.120084E-04	  8.158620E-04	  3.383948E-03	  1.141608E-05	     90	  5.360858E-01	  1.559078E-02	  4.639142E-01	  3.006703E-01	  1.419720E-02	  8.821856E-02	  3.888889E-01	     43	     90	     47	  1.708204E-01	  2.168416E-01	  8.351295E-09	  3.184943E-05	  3.575133E-06	  7.902672E-08	  0.000000E+00	  2.690453E-05	     13	     90	  8.5410197E-01	     90
 1.52000000E+03	 -7.100000E-03	  2.847058E-03	  0.000000E+00	 -6.578410E-03	 -2.542684E-03	 -1.120291E-04	  7.638767E-04	  3.524780E-03	  4.659508E-06	     90	  5.360532E-01	  1.558822E-02	  4.639468E-01	  3.006542E-01	  1.419880E-02	  8.823470E-02	  3.888889E-01	     43	     90	     47	  1.708129E-01	  2.168339E-01	  8.058251E-09	  3.201227E-05	  3.627942E-06	  8.166411E-08	  0.000000E+00	  2.712253E-05	     15	     90	  8.5410740E-01	     90
 1.53000000E+03	 -7.150000E-03	  2.890095E-03	  0.000000E+00	 -6.597457E-03	 -2.542704E-03	 -1.109586E-04	  8.043987E-04	  3.541828E-03	  3.435799E-06	     90	  5.360206E-01	  1.558601E-02	  4.639794E-01	  2.959799E-01	  8.716745E-03	  8.179783E-02	  3.777778E-01	     43	     90	     47	  1.708042E-01	  2.168248E-01	  7.923858E-09	  3.217954E-05	  3.679924E-06	  8.423553E-08	  0.000000E+00	  2.734422E-05	     14	     90	  8.5411376E-01	     90
 1.54000000E+03	 -7.200000E-03	  2.926283E-03	  0.000000E+00	 -6.616590E-03	 -2.548413E-03	 -1.095872E-04	  7.751415E-04	  3.716482E-03	  8.292571E-06	     90	  5.359901E-01	  1.558402E-02	  4.640099E-01	  2.959660E-01	  8.716683E-03	  8.181180E-02	  3.777778E-01	     43	     90	     47	  1.707875E-01	  2.168074E-01	  7.992415E-09	  3.236211E-05	  3.734680E-06	  8.680413E-08	  0.000000E+00	  2.758418E-05	     12	     90	  8.5412596E-01	     90
 1.55000000E+03	 -7.250000E-03	  2.976252E-03	  0.000000E+00	 -6.634182E-03	 -2.542723E-03	 -1.081526E-04	  7.836599E-04	  3.788992E-03	  1.617249E-05	     90	  5.359556E-01	  1.558257E-02	  4.640444E-01	  2.959503E-01	  8.716872E-03	  8.182747E-02	  3.777778E-01	     43	     90	     47	  1.707869E-01	  2.168068E-01	  8.252566E-09	  3.250416E-05	  3.795825E-06	  8.942991E-08	  0.000000E+00	  2.779026E-05	     12	     90	  8.5412642E-01	     90
 1.56000000E+03	 -7.300000E-03	  3.020607E-03	  0.000000E+00	 -6.650086E-03	 -2.542706E-03	 -1.069865E-04	  7.742071E-04	  3.696001E-03	  2.807029E-06	     90	  5.359223E-01	  1.558061E-02	  4.640777E-01	  2.921362E-01	  1.398740E-02	  7.453042E-02	  3.666667E-01	     43	     90	     47	  1.707797E-01	  2.167993E-01	  8.569038E-09	  3.265807E-05	  3.860016E-06	  9.215810E-08	  0.000000E+00	  2.801139E-05	     12	     90	  8.5413167E-01	     90
 1.57000000E+03	 -7.350000E-03	  3.065801E-03	  0.000000E+00	 -6.664480E-03	 -2.542729E-03	 -1.048423E-04	  7.869932E-04	  3.653597E-03	  1.351413E-05	     90	  5.358881E-01	  1.557842E-02	  4.641119E-01	  2.921217E-01	  1.398687E-02	  7.454497E-02	  3.666667E-01	     43	     90	     47	  1.707735E-01	  2.167928E-01	  8.868313E-09	  3.280844E-05	  3.926325E-06	  9.499237E-08	  0.000000E+00	  2.823120E-05	     12	     90	  8.5413621E-01	     90
 1.58000000E+03	 -7.400000E-03	  3.112493E-03	  0.000000E+00	 -6.677463E-03	 -2.542701E-03	 -1.013140E-04	  7.042951E-04	  3.551792E-03	  6.980322E-06	     90	  5.358532E-01	  1.557565E-02	  4.641468E-01	  2.921068E-01	  1.398622E-02	  7.455990E-02	  3.666667E-01	     43	     90	     47	  1.707690E-01	  2.167882E-01	  9.048473E-09	  3.295534E-05	  3.993064E-06	  9.790419E-08	  0.000000E+00	  2.844793E-05	     11	     90	  8.5413947E-01	     90
 1.59000000E+03	 -7.450000E-03	  3.160038E-03	  0.000000E+00	 -6.690217E-03	 -2.542694E-03	 -9.725870E-05	  6.335372E-04	  3.331553E-03	  6.232176E-07	     89	  5.379740E-01	  1.041063E-02	  4.620260E-01	  2.953738E-01	  1.414276E-02	  7.541276E-02	  3.707865E-01	     42	     89	     47	  1.707655E-01	  2.167846E-01	  9.020863E-09	  3.310182E-05	  4.058930E-06	  1.008339E-07	  0.000000E+00	  2.866317E-05	      9	     89	  8.5414202E-01	     89
 1.60000000E+03	 -7.500000E-03	  3.207542E-03	  0.000000E+00	 -6.704553E-03	 -2.542659E-03	 -9.388180E-05	  6.180574E-04	  3.122824E-03	  1.817095E-06	     89	  5.379381E-01	  1.040823E-02	  4.620619E-01	  2.953589E-01	  1.414250E-02	  7.542757E-02	  3.707865E-01	     42	     89	     47	  1.707620E-01	  2.167809E-01	  8.817820E-09	  3.325146E-05	  4.122644E-06	  1.037176E-07	  0.000000E+00	  2.887922E-05	      8	     89	  8.5414460E-01	     89
 1.61000000E+03	 -7.550000E-03	  3.253946E-03	  0.000000E+00	 -6.720439E-03	 -2.542674E-03	 -9.155975E-05	  5.741518E-04	  2.975415E-03	  9.992499E-06	     89	  5.379025E-01	  1.040662E-02	  4.620975E-01	  2.953447E-01	  1.414239E-02	  7.544185E-02	  3.707865E-01	     42	     89	     47	  1.707571E-01	  2.167759E-01	  8.552834E-09	  3.340764E-05	  4.183532E-06	  1.065179E-07	  0.000000E+00	  2.909882E-05	     10	     89	  8.5414812E-01	     89
 1.62000000E+03	 -7.600000E-03	  3.299979E-03	  0.000000E+00	 -6.737360E-03	 -2.542699E-03	 -9.012454E-05	  5.963035E-04	  2.920272E-03	  8.218107E-07	     89	  5.378671E-01	  1.040550E-02	  4.621329E-01	  2.953306E-01	  1.414231E-02	  7.545589E-02	  3.707865E-01	     42	     89	     47	  1.707519E-01	  2.167704E-01	  8.335524E-09	  3.356572E-05	  4.244327E-06	  1.092370E-07	  0.000000E+00	  2.932020E-05	     10	     89	  8.5415196E-01	     89
 1.63000000E+03	 -7.650000E-03	  3.346280E-03	  0.000000E+00	 -6.754250E-03	 -2.542702E-03	 -8.977392E-05	  5.643781E-04	  3.030258E-03	  4.565413E-07	     89	  5.378317E-01	  1.040446E-02	  4.621683E-01	  2.953166E-01	  1.414229E-02	  7.546996E-02	  3.707865E-01	     42	     89	     47	  1.707469E-01	  2.167652E-01	  8.246001E-09	  3.372322E-05	  4.305831E-06	  1.119061E-07	  0.000000E+00	  2.954178E-05	     12	     89	  8.5415558E-01	     89
 1.64000000E+03	 -7.700000E-03	  3.394098E-03	  0.000000E+00	 -6.769789E-03	 -2.542654E-03	 -8.967389E-05	  9.037302E-04	  3.068909E-03	  2.292202E-06	     90	  5.377956E-01	  1.040357E-02	  4.622044E-01	  2.953023E-01	  1.414238E-02	  7.548425E-02	  3.707865E-01	     42	     89	     47	  1.707437E-01	  2.167619E-01	  8.193447E-09	  3.387498E-05	  4.370065E-06	  1.145556E-07	  0.000000E+00	  2.976037E-05	     13	     90	  8.5415791E-01	     90
 1.65000000E+03	 -7.750000E-03	  3.441899E-03	  0.000000E+00	 -6.783852E-03	 -2.542721E-03	 -9.009186E-05	  1.157506E-03	  3.023415E-03	  1.230919E-05	     89	  5.377594E-01	  1.040262E-02	  4.622406E-01	  2.952877E-01	  1.414269E-02	  7.549885E-02	  3.707865E-01	     42	     89	     47	  1.707405E-01	  2.167586E-01	  8.264577E-09	  3.402615E-05	  4.435554E-06	  1.172196E-07	  0.000000E+00	  2.997976E-05	     13	     89	  8.5416026E-01	     89
 1.66000000E+03	 -7.800000E-03	  3.492078E-03	  0.000000E+00	 -6.797152E-03	 -2.542687E-03	 -9.005887E-05	  8.685328E-04	  3.211733E-03	  8.676320E-06	     89	  5.377221E-01	  1.040117E-02	  4.622779E-01	  2.952722E-01	  1.414346E-02	  7.551435E-02	  3.707865E-01	     42	     89	     47	  1.707400E-01	  2.167581E-01	  8.329709E-09	  3.416772E-05	  4.505332E-06	  1.199109E-07	  0.000000E+00	  3.019386E-05	     13	     89	  8.5416059E-01	     89
 1.67000000E+03	 -7.850000E-03	  3.539883E-03	  0.000000E+00	 -6.810081E-03	 -2.543416E-03	 -8.975793E-05	  8.728085E-04	  3.130440E-03	  2.938112E-05	     89	  5.376847E-01	  1.039952E-02	  4.623153E-01	  2.952572E-01	  1.414406E-02	  7.552930E-02	  3.707865E-01	     42	     89	     47	  1.707368E-01	  2.167547E-01	  8.342394E-09	  3.431358E-05	  4.577534E-06	  1.226111E-07	  0.000000E+00	  3.041463E-05	     13	     89	  8.5416295E-01	     89
 1.68000000E+03	 -7.900000E-03	  3.590393E-03	  0.000000E+00	 -6.822502E-03	 -2.542710E-03	 -8.828676E-05	  9.080922E-04	  2.948120E-03	  7.323139E-06	     90	  5.376467E-01	  1.039769E-02	  4.623533E-01	  3.062924E-01	  1.271253E-02	  7.573008E-02	  3.820225E-01	     42	     89	     47	  1.707367E-01	  2.167547E-01	  8.257463E-09	  3.445191E-05	  4.651199E-06	  1.253004E-07	  0.000000E+00	  3.062924E-05	     14	     90	  8.5416300E-01	     90
 1.69000000E+03	 -7.950000E-03	  3.639632E-03	  0.000000E+00	 -6.834578E-03	 -2.542587E-03	 -8.665447E-05	  8.879322E-04	  2.945098E-03	  1.084043E-05	     90	  5.376088E-01	  1.039659E-02	  4.623912E-01	  3.062771E-01	  1.271274E-02	  7.574533E-02	  3.820225E-01	     42	     89	     47	  1.707352E-01	  2.167530E-01	  8.128553E-09	  3.459305E-05	  4.725978E-06	  1.279484E-07	  0.000000E+00	  3.084767E-05	     14	     90	  8.5416415E-01	     90
 1.70000000E+03	 -8.000000E-03	  3.688244E-03	  0.000000E+00	 -6.846901E-03	 -2.542625E-03	 -8.580251E-05	  8.080309E-04	  2.975932E-03	  1.078849E-05	     89	  5.375703E-01	  1.039572E-02	  4.624297E-01	  3.062618E-01	  1.271273E-02	  7.576070E-02	  3.820225E-01	     42	     89	     47	  1.707329E-01	  2.167506E-01	  8.055272E-09	  3.473441E-05	  4.802739E-06	  1.305712E-07	  0.000000E+00	  3.106834E-05	     13	     89	  8.5416583E-01	     89
 1.71000000E+03	 -8.050000E-03	  3.735752E-03	  0.000000E+00	 -6.859300E-03	 -2.542671E-03	 -8.497178E-05	  7.692039E-04	  2.942931E-03	  9.045481E-07	     90	  5.375323E-01	  1.039509E-02	  4.624677E-01	  3.062465E-01	  1.271289E-02	  7.577597E-02	  3.820225E-01	     42	     89	     47	  1.707293E-01	  2.167469E-01	  7.984463E-09	  3.487849E-05	  4.880240E-06	  1.331610E-07	  0.000000E+00	  3.129244E-05	     14	     90	  8.5416845E-01	     90
 1.72000000E+03	 -8.100000E-03	  3.782801E-03	  0.000000E+00	 -6.872626E-03	 -2.542600E-03	 -8.422413E-05	  7.453015E-04	  2.849108E-03	  7.421829E-06	     91	  5.342869E-01	  1.228307E-02	  4.657131E-01	  2.995006E-01	  1.243349E-02	  7.412573E-02	  3.736264E-01	     43	     91	     48	  1.707251E-01	  1.998714E-01	  7.881095E-09	  3.502283E-05	  4.959347E-06	  1.357279E-07	  0.000000E+00	  3.151836E-05	     14	     91	  8.5417147E-01	     91
 1.73000000E+03	 -8.150000E-03	  3.827240E-03	  0.000000E+00	 -6.886312E-03	 -2.542711E-03	 -8.282194E-05	  1.395950E-03	  2.834503E-03	  5.871879E-07	     90	  5.374572E-01	  1.039378E-02	  4.625428E-01	  3.062159E-01	  1.271306E-02	  7.580659E-02	  3.820225E-01	     42	     89	     47	  1.707179E-01	  2.167351E-01	  7.783717E-09	  3.517594E-05	  5.037038E-06	  1.382525E-07	  0.000000E+00	  3.175158E-05	     14	     90	  8.5417671E-01	     90
 1.74000000E+03	 -8.200000E-03	  3.871926E-03	  0.000000E+00	 -6.900764E-03	 -2.542682E-03	 -8.215008E-05	  1.167754E-03	  2.942550E-03	  4.678805E-06	     88	  5.414392E-01	  6.110188E-03	  4.585608E-01	  3.068417E-01	  1.743562E-02	  5.679466E-02	  3.636364E-01	     41	     88	     47	  1.707110E-01	  2.167280E-01	  7.721826E-09	  3.532803E-05	  5.115780E-06	  1.407817E-07	  0.000000E+00	  3.198488E-05	     12	     88	  8.5418175E-01	     88
 1.75000000E+03	 -8.250000E-03	  3.916514E-03	  0.000000E+00	 -6.914257E-03	 -2.542742E-03	 -8.047847E-05	  1.051669E-03	  2.951213E-03	  5.265422E-06	     88	  5.414023E-01	  6.109507E-03	  4.585977E-01	  3.068284E-01	  1.743449E-02	  5.680799E-02	  3.636364E-01	     41	     88	     47	  1.707040E-01	  2.167207E-01	  7.665246E-09	  3.548120E-05	  5.194457E-06	  1.432788E-07	  0.000000E+00	  3.221916E-05	     13	     88	  8.5418688E-01	     88
 1.76000000E+03	 -8.300000E-03	  3.962219E-03	  0.000000E+00	 -6.927252E-03	 -2.542672E-03	 -7.975849E-05	  9.523623E-04	  3.027280E-03	  2.865260E-07	     88	  5.413653E-01	  6.108767E-03	  4.586347E-01	  3.068148E-01	  1.743274E-02	  5.682159E-02	  3.636364E-01	     41	     88	     47	  1.706983E-01	  2.167147E-01	  7.651892E-09	  3.563044E-05	  5.274909E-06	  1.457523E-07	  0.000000E+00	  3.245132E-05	     14	     88	  8.5419105E-01	     88
 1.77000000E+03	 -8.350000E-03	  4.007974E-03	  0.000000E+00	 -6.938150E-03	 -2.542658E-03	 -7.969709E-05	  9.307844E-04	  3.284673E-03	  2.270554E-06	     89	  5.413285E-01	  6.108756E-03	  4.586715E-01	  3.096215E-01	  1.252218E-02	  6.537855E-02	  3.750000E-01	     41	     88	     47	  1.706926E-01	  2.167088E-01	  7.763522E-09	  3.577551E-05	  5.359887E-06	  1.482299E-07	  0.000000E+00	  3.268396E-05	     18	     89	  8.5419519E-01	     89
 1.78000000E+03	 -8.400000E-03	  4.053031E-03	  0.000000E+00	 -6.950124E-03	 -2.542638E-03	 -7.965517E-05	  1.016633E-03	  3.565868E-03	  2.653914E-06	     89	  5.412921E-01	  6.108710E-03	  4.587079E-01	  3.096047E-01	  1.252069E-02	  6.539531E-02	  3.750000E-01	     41	     88	     47	  1.706861E-01	  2.167021E-01	  8.095047E-09	  3.591778E-05	  5.449744E-06	  1.507843E-07	  0.000000E+00	  3.291896E-05	     18	     89	  8.5419993E-01	     89
 1.79000000E+03	 -8.450000E-03	  4.097275E-03	  0.000000E+00	 -6.960727E-03	 -2.542723E-03	 -7.887238E-05	  8.801184E-04	  4.132727E-03	  4.740228E-06	     88	  5.412560E-01	  6.108510E-03	  4.587440E-01	  2.954945E-01	  1.840910E-02	  5.677821E-02	  3.522727E-01	     41	     88	     47	  1.706787E-01	  2.166943E-01	  8.733957E-09	  3.605914E-05	  5.542681E-06	  1.535013E-07	  0.000000E+00	  3.315660E-05	     16	     88	  8.5420537E-01	     88
 1.80000000E+03	 -8.500000E-03	  4.143647E-03	  0.000000E+00	 -6.970686E-03	 -2.542712E-03	 -7.767338E-05	  8.392154E-04	  4.507268E-03	  8.933859E-06	     88	  5.412193E-01	  6.108940E-03	  4.587807E-01	  2.954798E-01	  1.840593E-02	  5.679295E-02	  3.522727E-01	     41	     88	     47	  1.706737E-01	  2.166892E-01	  9.688613E-09	  3.619076E-05	  5.639974E-06	  1.564686E-07	  0.000000E+00	  3.338941E-05	     16	     88	  8.5420899E-01	     88
 1.81000000E+03	 -8.550000E-03	  4.193494E-03	  0.000000E+00	 -6.978262E-03	 -2.542813E-03	 -7.733616E-05	  8.504168E-04	  4.890256E-03	  1.510892E-05	     88	  5.411811E-01	  6.110064E-03	  4.588189E-01	  2.954645E-01	  1.840282E-02	  5.680824E-02	  3.522727E-01	     41	     88	     47	  1.706728E-01	  2.166882E-01	  1.096308E-08	  3.630441E-05	  5.746261E-06	  1.597924E-07	  0.000000E+00	  3.361394E-05	     15	     88	  8.5420967E-01	     88
 1.82000000E+03	 -8.600000E-03	  4.248465E-03	  0.000000E+00	 -6.983068E-03	 -2.542682E-03	 -7.667889E-05	  9.878212E-04	  4.991755E-03	  3.441992E-06	     88	  5.472732E-01	  7.181712E-03	  4.527268E-01	  2.988439E-01	  1.861080E-02	  5.747792E-02	  3.563218E-01	     40	     87	     47	  1.706778E-01	  2.166934E-01	  1.238068E-08	  3.639640E-05	  5.861064E-06	  1.635570E-07	  0.000000E+00	  3.382588E-05	     15	     88	  8.5420599E-01	     88
 1.83000000E+03	 -8.650000E-03	  4.305098E-03	  0.000000E+00	 -6.984692E-03	 -2.542696E-03	 -7.564855E-05	  9.946670E-04	  5.169833E-03	  6.546267E-06	     88	  5.472310E-01	  7.182694E-03	  4.527690E-01	  2.988265E-01	  1.860694E-02	  5.749539E-02	  3.563218E-01	     40	     87	     47	  1.706848E-01	  2.167007E-01	  1.385985E-08	  3.647528E-05	  5.984432E-06	  1.677951E-07	  0.000000E+00	  3.403382E-05	     15	     88	  8.5420090E-01	     88
 1.84000000E+03	 -8.700000E-03	  4.365248E-03	  0.000000E+00	 -6.983870E-03	 -2.542814E-03	 -7.316463E-05	  1.037947E-03	  5.130330E-03	  8.905704E-06	     89	  5.430508E-01	  1.149723E-02	  4.569492E-01	  2.954127E-01	  1.839198E-02	  5.686003E-02	  3.522727E-01	     41	     88	     47	  1.706959E-01	  2.167122E-01	  1.526942E-08	  3.654091E-05	  6.111825E-06	  1.725073E-07	  0.000000E+00	  3.423294E-05	     16	     89	  8.5419282E-01	     89
 1.85000000E+03	 -8.750000E-03	  4.427678E-03	  0.000000E+00	 -6.980718E-03	 -2.542700E-03	 -7.096740E-05	  9.341562E-04	  5.100267E-03	  1.224036E-06	     89	  5.430057E-01	  1.149708E-02	  4.569943E-01	  2.981941E-01	  1.349183E-02	  6.544230E-02	  3.636364E-01	     41	     88	     47	  1.707096E-01	  2.167264E-01	  1.640881E-08	  3.659656E-05	  6.243231E-06	  1.776296E-07	  0.000000E+00	  3.442624E-05	     16	     89	  8.5418282E-01	     89
 1.86000000E+03	 -8.800000E-03	  4.489818E-03	  0.000000E+00	 -6.975901E-03	 -2.542681E-03	 -6.896819E-05	  1.008321E-03	  4.829872E-03	  1.708809E-06	     88	  5.429601E-01	  1.149647E-02	  4.570399E-01	  2.953754E-01	  1.838491E-02	  5.689733E-02	  3.522727E-01	     41	     88	     47	  1.707229E-01	  2.167403E-01	  1.725611E-08	  3.665251E-05	  6.374869E-06	  1.830731E-07	  0.000000E+00	  3.462010E-05	     15	     88	  8.5417306E-01	     88
 1.87000000E+03	 -8.850000E-03	  4.551452E-03	  0.000000E+00	 -6.970892E-03	 -2.542709E-03	 -6.619812E-05	  9.115806E-04	  4.745085E-03	  3.929936E-06	     89	  5.429149E-01	  1.149521E-02	  4.570851E-01	  2.981488E-01	  1.348907E-02	  6.548752E-02	  3.636364E-01	     41	     88	     47	  1.707357E-01	  2.167536E-01	  1.780234E-08	  3.671082E-05	  6.505272E-06	  1.887329E-07	  0.000000E+00	  3.481501E-05	     17	     89	  8.5416374E-01	     89
 1.88000000E+03	 -8.900000E-03	  4.611889E-03	  0.000000E+00	 -6.964954E-03	 -2.542735E-03	 -6.384266E-05	  9.589758E-04	  4.708335E-03	  6.435560E-06	     89	  5.428696E-01	  1.149364E-02	  4.571304E-01	  2.981262E-01	  1.348820E-02	  6.551014E-02	  3.636364E-01	     41	     88	     47	  1.707471E-01	  2.167654E-01	  1.819259E-08	  3.677146E-05	  6.636131E-06	  1.945364E-07	  0.000000E+00	  3.501269E-05	     17	     89	  8.5415544E-01	     89
 1.89000000E+03	 -8.950000E-03	  4.674544E-03	  0.000000E+00	 -6.958793E-03	 -2.542727E-03	 -6.061403E-05	  9.253128E-04	  4.767956E-03	  2.888450E-06	     88	  5.455697E-01	  1.691068E-02	  4.544303E-01	  2.987140E-01	  1.858615E-02	  5.760786E-02	  3.563218E-01	     40	     87	     47	  1.707610E-01	  2.167799E-01	  1.845190E-08	  3.682521E-05	  6.768032E-06	  2.004456E-07	  0.000000E+00	  3.520451E-05	     16	     88	  8.5414527E-01	     88
 1.90000000E+03	 -9.000000E-03	  4.736083E-03	  0.000000E+00	 -6.955112E-03	 -2.542593E-03	 -5.701714E-05	  9.417125E-04	  4.886281E-03	  2.711992E-05	     88	  5.455254E-01	  1.690842E-02	  4.544746E-01	  2.986958E-01	  1.858317E-02	  5.762602E-02	  3.563218E-01	     40	     87	     47	  1.707737E-01	  2.167931E-01	  1.837805E-08	  3.688352E-05	  6.898279E-06	  2.063637E-07	  0.000000E+00	  3.539891E-05	     17	     88	  8.5413604E-01	     88
 1.91000000E+03	 -9.050000E-03	  4.791073E-03	  0.000000E+00	 -6.955397E-03	 -2.542531E-03	 -5.334794E-05	  9.993976E-04	  5.165523E-03	  5.281428E-05	     87	  5.454830E-01	  1.690701E-02	  4.545170E-01	  2.986791E-01	  1.858012E-02	  5.764271E-02	  3.563218E-01	     40	     87	     47	  1.707787E-01	  2.167983E-01	  1.826821E-08	  3.696392E-05	  7.022952E-06	  2.122371E-07	  0.000000E+00	  3.560975E-05	     15	     87	  8.5413239E-01	     87
 1.92000000E+03	 -9.100000E-03	  4.838791E-03	  0.000000E+00	 -6.959522E-03	 -2.542632E-03	 -5.018134E-05	  9.153642E-04	  5.180540E-03	  1.002847E-06	     84	  5.423312E-01	  3.139021E-03	  4.576688E-01	  2.996628E-01	  1.458944E-02	  5.748006E-02	  3.571429E-01	     39	     84	     45	  1.707752E-01	  2.573293E-01	  1.812196E-08	  3.706259E-05	  7.147916E-06	  2.180629E-07	  0.000000E+00	  3.583906E-05	     14	     84	  8.5413493E-01	     84
 1.93000000E+03	 -9.150000E-03	  4.884156E-03	  0.000000E+00	 -6.965668E-03	 -2.542694E-03	 -4.748472E-05	  9.133424E-04	  5.015679E-03	  2.427484E-06	     84	  5.422887E-01	  3.139208E-03	  4.577113E-01	  2.891053E-01	  1.079584E-02	  5.613283E-02	  3.452381E-01	     39	     84	     45	  1.707690E-01	  2.573226E-01	  1.796790E-08	  3.716348E-05	  7.276925E-06	  2.238320E-07	  0.000000E+00	  3.607458E-05	     13	     84	  8.5413947E-01	     84
 1.94000000E+03	 -9.200000E-03	  4.930580E-03	  0.000000E+00	 -6.971371E-03	 -2.542812E-03	 -4.701360E-05	  9.642770E-04	  4.680027E-03	  2.437209E-05	     83	  5.409878E-01	  8.938205E-03	  4.590122E-01	  2.925728E-01	  1.092285E-02	  5.682477E-02	  3.493976E-01	     38	     83	     45	  1.707640E-01	  2.573173E-01	  1.769495E-08	  3.725797E-05	  7.410179E-06	  2.295325E-07	  0.000000E+00	  3.630775E-05	     12	     83	  8.5414311E-01	     83
 1.95000000E+03	 -9.250000E-03	  4.979281E-03	  0.000000E+00	 -6.977933E-03	 -2.542685E-03	 -4.857429E-05	  9.822158E-04	  4.422312E-03	  3.332670E-06	     83	  5.409422E-01	  8.941045E-03	  4.590578E-01	  2.925581E-01	  1.092068E-02	  5.683953E-02	  3.493976E-01	     38	     83	     45	  1.707616E-01	  2.573147E-01	  1.721182E-08	  3.734492E-05	  7.545867E-06	  2.351335E-07	  0.000000E+00	  3.653552E-05	     12	     83	  8.5414482E-01	     83
 1.96000000E+03	 -9.300000E-03	  5.025170E-03	  0.000000E+00	 -6.986283E-03	 -2.542598E-03	 -5.026519E-05	  9.555917E-04	  4.330780E-03	  2.443803E-05	     83	  5.408972E-01	  8.942258E-03	  4.591028E-01	  2.975437E-01	  1.685508E-02	  6.390213E-02	  3.614458E-01	     38	     83	     45	  1.707560E-01	  2.573087E-01	  1.664407E-08	  3.744201E-05	  7.679143E-06	  2.405681E-07	  0.000000E+00	  3.677076E-05	     14	     83	  8.5414893E-01	     83
 1.97000000E+03	 -9.350000E-03	  5.067515E-03	  0.000000E+00	 -6.996500E-03	 -2.542671E-03	 -4.864951E-05	  9.648389E-04	  4.345003E-03	  1.619584E-05	     84	  5.408539E-01	  8.941330E-03	  4.591461E-01	  2.975303E-01	  1.685307E-02	  6.391544E-02	  3.614458E-01	     38	     83	     45	  1.707463E-01	  2.572982E-01	  1.638170E-08	  3.755132E-05	  7.809453E-06	  2.458742E-07	  0.000000E+00	  3.701542E-05	     16	     84	  8.5415605E-01	     84
 1.98000000E+03	 -9.400000E-03	  5.107819E-03	  0.000000E+00	 -7.006396E-03	 -2.542682E-03	 -4.553152E-05	  9.554863E-04	  4.788529E-03	  6.947293E-06	     83	  5.408109E-01	  8.938960E-03	  4.591891E-01	  2.975178E-01	  1.685069E-02	  6.392794E-02	  3.614458E-01	     38	     83	     45	  1.707341E-01	  2.572852E-01	  1.656470E-08	  3.766706E-05	  7.938559E-06	  2.511856E-07	  0.000000E+00	  3.726576E-05	     14	     83	  8.5416491E-01	     83
 1.99000000E+03	 -9.450000E-03	  5.145936E-03	  0.000000E+00	 -7.015431E-03	 -2.542608E-03	 -4.286672E-05	  1.035775E-03	  5.033369E-03	  6.951739E-06	     83	  5.407676E-01	  8.937029E-03	  4.592324E-01	  2.975055E-01	  1.684845E-02	  6.394024E-02	  3.614458E-01	     38	     83	     45	  1.707194E-01	  2.572694E-01	  1.716911E-08	  3.778691E-05	  8.069001E-06	  2.566494E-07	  0.000000E+00	  3.752210E-05	     15	     83	  8.5417563E-01	     83
 2.00000000E+03	 -9.500000E-03	  5.180564E-03	  0.000000E+00	 -7.023631E-03	 -2.542728E-03	 -4.136413E-05	  9.265214E-04	  5.378672E-03	  1.043524E-05	     83	  5.407243E-01	  8.935371E-03	  4.592757E-01	  2.974930E-01	  1.684636E-02	  6.395282E-02	  3.614458E-01	     38	     83	     45	  1.707007E-01	  2.572492E-01	  1.801333E-08	  3.791121E-05	  8.203732E-06	  2.623592E-07	  0.000000E+00	  3.778768E-05	     14	     83	  8.5418933E-01	     83
 2.01000000E+03	 -9.550000E-03	  5.213592E-03	  0.000000E+00	 -7.030712E-03	 -2.542668E-03	 -4.142147E-05	  1.002933E-03	  5.484187E-03	  2.834635E-06	     83	  5.406799E-01	  8.935548E-03	  4.593201E-01	  2.974799E-01	  1.684470E-02	  6.396588E-02	  3.614458E-01	     38	     83	     45	  1.706800E-01	  2.572271E-01	  1.900721E-08	  3.803267E-05	  8.345292E-06	  2.683743E-07	  0.000000E+00	  3.805769E-05	     14	     83	  8.5420438E-01	     83
 2.02000000E+03	 -9.600000E-03	  5.247102E-03	  0.000000E+00	 -7.036843E-03	 -2.542727E-03	 -4.390428E-05	  9.420798E-04	  5.598826E-03	  3.444329E-06	     84	  5.406341E-01	  8.936729E-03	  4.593659E-01	  2.974666E-01	  1.684318E-02	  6.397921E-02	  3.614458E-01	     38	     83	     45	  1.706599E-01	  2.572055E-01	  2.005795E-08	  3.814741E-05	  8.492323E-06	  2.747190E-07	  0.000000E+00	  3.832683E-05	     15	     84	  8.5421903E-01	     84
 2.03000000E+03	 -9.650000E-03	  5.282486E-03	  0.000000E+00	 -7.043613E-03	 -2.542670E-03	 -4.750392E-05	  1.099068E-03	  5.402131E-03	  4.430319E-06	     84	  5.455680E-01	  1.119440E-02	  4.544320E-01	  2.939119E-01	  1.664104E-02	  6.323097E-02	  3.571429E-01	     39	     84	     45	  1.706421E-01	  2.571863E-01	  2.096868E-08	  3.825647E-05	  8.640423E-06	  2.813907E-07	  0.000000E+00	  3.859156E-05	     14	     84	  8.5423209E-01	     84
 2.04000000E+03	 -9.700000E-03	  5.318002E-03	  0.000000E+00	 -7.052514E-03	 -2.542603E-03	 -5.068704E-05	  1.524455E-03	  5.277868E-03	  1.052056E-05	     84	  5.455221E-01	  1.119590E-02	  4.544779E-01	  2.957969E-01	  1.562328E-02	  6.134594E-02	  3.571429E-01	     39	     84	     45	  1.706243E-01	  2.571672E-01	  2.132640E-08	  3.836714E-05	  8.787348E-06	  2.882673E-07	  0.000000E+00	  3.885639E-05	     14	     84	  8.5424504E-01	     84
 2.05000000E+03	 -9.750000E-03	  5.350660E-03	  0.000000E+00	 -7.064657E-03	 -2.542705E-03	 -5.191467E-05	  1.380066E-03	  5.666605E-03	  1.475849E-06	     84	  5.454780E-01	  1.119669E-02	  4.545220E-01	  2.957864E-01	  1.561979E-02	  6.135646E-02	  3.571429E-01	     39	     84	     45	  1.706032E-01	  2.571446E-01	  2.150826E-08	  3.848973E-05	  8.930202E-06	  2.952070E-07	  0.000000E+00	  3.912895E-05	     15	     84	  8.5426042E-01	     84
 2.06000000E+03	 -9.800000E-03	  5.383505E-03	  0.000000E+00	 -7.078528E-03	 -2.542747E-03	 -5.092572E-05	  1.355945E-03	  5.899959E-03	  3.059952E-06	     84	  5.454332E-01	  1.119765E-02	  4.545668E-01	  2.957766E-01	  1.561626E-02	  6.136630E-02	  3.571429E-01	     39	     84	     45	  1.705824E-01	  2.571222E-01	  2.201411E-08	  3.861534E-05	  9.069820E-06	  3.022571E-07	  0.000000E+00	  3.940172E-05	     17	     84	  8.5427564E-01	     84
 2.07000000E+03	 -9.850000E-03	  5.416877E-03	  0.000000E+00	 -7.095104E-03	 -2.542673E-03	 -5.090024E-05	  2.265315E-03	  6.121576E-03	  7.522001E-06	     86	  5.430383E-01	  1.666533E-02	  4.569617E-01	  2.999533E-01	  2.103481E-02	  6.475262E-02	  3.647059E-01	     40	     85	     45	  1.705621E-01	  2.571004E-01	  2.279296E-08	  3.874374E-05	  9.205627E-06	  3.095445E-07	  0.000000E+00	  3.967398E-05	     19	     86	  8.5429043E-01	     86
 2.08000000E+03	 -9.900000E-03	  5.454853E-03	  0.000000E+00	 -7.108018E-03	 -2.542815E-03	 -5.144379E-05	  2.282289E-03	  6.072758E-03	  3.473270E-05	     85	  5.429903E-01	  1.666910E-02	  4.570097E-01	  2.999412E-01	  2.103170E-02	  6.476467E-02	  3.647059E-01	     40	     85	     45	  1.705472E-01	  2.570844E-01	  2.365306E-08	  3.885659E-05	  9.345715E-06	  3.171790E-07	  0.000000E+00	  3.993539E-05	     16	     85	  8.5430130E-01	     85
 2.09000000E+03	 -9.950000E-03	  5.495425E-03	  0.000000E+00	 -7.119830E-03	 -2.543046E-03	 -5.245398E-05	  1.882379E-03	  5.895169E-03	  1.071369E-04	     85	  5.429428E-01	  1.667772E-02	  4.570572E-01	  2.999281E-01	  2.102891E-02	  6.477775E-02	  3.647059E-01	     40	     85	     45	  1.705353E-01	  2.570717E-01	  2.425458E-08	  3.896731E-05	  9.482056E-06	  3.250383E-07	  0.000000E+00	  4.019091E-05	     15	     85	  8.5430997E-01	     85
 2.10000000E+03	 -1.000000E-02	  5.540964E-03	  0.000000E+00	 -7.130066E-03	 -2.542604E-03	 -5.688495E-05	  1.756082E-03	  5.691751E-03	  2.051713E-06	     85	  5.428928E-01	  1.668682E-02	  4.571072E-01	  2.999154E-01	  2.102661E-02	  6.479047E-02	  3.647059E-01	     40	     85	     45	  1.705292E-01	  2.570651E-01	  2.451735E-08	  3.906041E-05	  9.624326E-06	  3.329823E-07	  0.000000E+00	  4.043449E-05	     15	     85	  8.5431443E-01	     85
 2.11000000E+03	 -1.002500E-02	  5.582973E-03	  0.000000E+00	 -7.119255E-03	 -2.542584E-03	 -6.069446E-05	  1.622432E-03	  5.459113E-03	  4.081196E-05	     85	  5.428510E-01	  1.669608E-02	  4.571490E-01	  2.934698E-01	  1.516849E-02	  5.947140E-02	  3.529412E-01	     40	     85	     45	  1.705486E-01	  2.570859E-01	  2.441621E-08	  3.899221E-05	  9.758018E-06	  3.409381E-07	  0.000000E+00	  4.050783E-05	     15	     85	  8.5430031E-01	     85
 2.12000000E+03	 -1.005000E-02	  5.616732E-03	  0.000000E+00	 -7.113980E-03	 -2.542609E-03	 -6.335107E-05	  1.518621E-03	  5.049763E-03	  4.409259E-05	     86	  5.428134E-01	  1.670448E-02	  4.571866E-01	  2.998958E-01	  2.102289E-02	  6.481006E-02	  3.647059E-01	     40	     85	     45	  1.705583E-01	  2.570964E-01	  2.382396E-08	  3.895673E-05	  9.880211E-06	  3.487370E-07	  0.000000E+00	  4.060177E-05	     16	     86	  8.5429320E-01	     86
 2.13000000E+03	 -1.007500E-02	  5.645678E-03	  0.000000E+00	 -7.111952E-03	 -2.542756E-03	 -6.319723E-05	  1.471416E-03	  4.477765E-03	  4.350074E-06	     86	  5.427785E-01	  1.671233E-02	  4.572215E-01	  2.940953E-01	  2.690243E-02	  5.884590E-02	  3.529412E-01	     40	     85	     45	  1.705624E-01	  2.571008E-01	  2.261166E-08	  3.894602E-05	  9.990576E-06	  3.562410E-07	  0.000000E+00	  4.070773E-05	     16	     86	  8.5429019E-01	     86
 2.14000000E+03	 -1.010000E-02	  5.676562E-03	  0.000000E+00	 -7.110316E-03	 -2.542645E-03	 -6.380153E-05	  1.366819E-03	  4.274490E-03	  4.496385E-06	     85	  5.427437E-01	  1.671841E-02	  4.572563E-01	  2.876480E-01	  2.104393E-02	  5.352847E-02	  3.411765E-01	     40	     85	     45	  1.705688E-01	  2.571077E-01	  2.111828E-08	  3.893746E-05	  1.009459E-05	  3.633007E-07	  0.000000E+00	  4.080878E-05	     13	     85	  8.5428553E-01	     85
 2.15000000E+03	 -1.012500E-02	  5.708848E-03	  0.000000E+00	 -7.108726E-03	 -2.542647E-03	 -6.556630E-05	  1.205534E-03	  3.894822E-03	  6.149315E-05	     85	  5.427084E-01	  1.672509E-02	  4.572916E-01	  2.876377E-01	  2.104197E-02	  5.353881E-02	  3.411765E-01	     40	     85	     45	  1.705768E-01	  2.571163E-01	  1.940065E-08	  3.893151E-05	  1.019318E-05	  3.698453E-07	  0.000000E+00	  4.090626E-05	     13	     85	  8.5427968E-01	     85
 2.16000000E+03	 -1.015000E-02	  5.742021E-03	  0.000000E+00	 -7.108047E-03	 -2.542734E-03	 -6.852700E-05	  1.190513E-03	  3.612854E-03	  6.489799E-06	     86	  5.364427E-01	  1.558554E-02	  4.635573E-01	  2.842837E-01	  2.079594E-02	  5.292558E-02	  3.372093E-01	     41	     86	     45	  1.705859E-01	  2.571260E-01	  1.727493E-08	  3.892523E-05	  1.029087E-05	  3.757471E-07	  0.000000E+00	  4.100148E-05	     15	     86	  8.5427308E-01	     86
 2.17000000E+03	 -1.017500E-02	  5.777509E-03	  0.000000E+00	 -7.107770E-03	 -2.542665E-03	 -7.220630E-05	  1.260207E-03	  3.334384E-03	  1.064642E-06	     86	  5.416653E-01	  1.913852E-02	  4.583347E-01	  2.876189E-01	  2.104024E-02	  5.355757E-02	  3.411765E-01	     40	     85	     45	  1.705976E-01	  2.571386E-01	  1.507004E-08	  3.891542E-05	  1.038707E-05	  3.809257E-07	  0.000000E+00	  4.109089E-05	     15	     86	  8.5426451E-01	     86
 2.18000000E+03	 -1.020000E-02	  5.810849E-03	  0.000000E+00	 -7.108012E-03	 -2.542750E-03	 -7.578429E-05	  1.243165E-03	  2.861671E-03	  1.189582E-06	     87	  5.416332E-01	  1.914831E-02	  4.583668E-01	  2.876103E-01	  2.104037E-02	  5.356613E-02	  3.411765E-01	     40	     85	     45	  1.706069E-01	  2.571485E-01	  1.283410E-08	  3.891670E-05	  1.047837E-05	  3.853729E-07	  0.000000E+00	  4.118570E-05	     15	     87	  8.5425777E-01	     87
 2.19000000E+03	 -1.022500E-02	  5.843767E-03	  0.000000E+00	 -7.108242E-03	 -2.542481E-03	 -8.014276E-05	  1.320720E-03	  2.744488E-03	  3.316593E-05	     87	  5.416029E-01	  1.915623E-02	  4.583971E-01	  2.876021E-01	  2.104064E-02	  5.357437E-02	  3.411765E-01	     40	     85	     45	  1.706156E-01	  2.571579E-01	  1.080934E-08	  3.892841E-05	  1.056078E-05	  3.891328E-07	  0.000000E+00	  4.128159E-05	     16	     87	  8.5425139E-01	     87
 2.20000000E+03	 -1.025000E-02	  5.871092E-03	  0.000000E+00	 -7.111748E-03	 -2.542612E-03	 -8.331229E-05	  1.110731E-03	  2.362253E-03	  2.354170E-05	     86	  5.415765E-01	  1.916342E-02	  4.584235E-01	  2.875940E-01	  2.104085E-02	  5.358249E-02	  3.411765E-01	     40	     85	     45	  1.706178E-01	  2.571603E-01	  9.019351E-09	  3.896693E-05	  1.063089E-05	  3.922806E-07	  0.000000E+00	  4.139161E-05	     14	     86	  8.5424976E-01	     86
 2.21000000E+03	 -1.027500E-02	  5.895618E-03	  0.000000E+00	 -7.117493E-03	 -2.542664E-03	 -8.575445E-05	  1.018031E-03	  2.224101E-03	  2.657909E-06	     86	  5.362981E-01	  1.562316E-02	  4.637019E-01	  2.842427E-01	  2.079612E-02	  5.296664E-02	  3.372093E-01	     41	     86	     45	  1.706168E-01	  2.571592E-01	  7.375849E-09	  3.902103E-05	  1.069299E-05	  3.948714E-07	  0.000000E+00	  4.150879E-05	     15	     86	  8.5425051E-01	     86
 2.22000000E+03	 -1.030000E-02	  5.918571E-03	  0.000000E+00	 -7.125101E-03	 -2.542739E-03	 -8.603958E-05	  9.582478E-04	  2.417643E-03	  6.296490E-05	     86	  5.415296E-01	  1.917235E-02	  4.584704E-01	  2.875799E-01	  2.104052E-02	  5.359656E-02	  3.411765E-01	     40	     85	     45	  1.706139E-01	  2.571561E-01	  6.084049E-09	  3.908454E-05	  1.074996E-05	  3.969912E-07	  0.000000E+00	  4.163011E-05	     13	     86	  8.5425259E-01	     86
 2.23000000E+03	 -1.032500E-02	  5.943362E-03	  0.000000E+00	 -7.132366E-03	 -2.542659E-03	 -8.562958E-05	  9.014146E-04	  2.277119E-03	  3.972435E-06	     86	  5.415078E-01	  1.917556E-02	  4.584922E-01	  2.875735E-01	  2.104009E-02	  5.360294E-02	  3.411765E-01	     40	     85	     45	  1.706132E-01	  2.571553E-01	  5.111456E-09	  3.914722E-05	  1.080335E-05	  3.987647E-07	  0.000000E+00	  4.174700E-05	     14	     86	  8.5425312E-01	     86
 2.24000000E+03	 -1.035000E-02	  5.966815E-03	  0.000000E+00	 -7.140657E-03	 -2.542726E-03	 -8.629265E-05	  8.136407E-04	  2.191002E-03	  3.075016E-05	     87	  5.414866E-01	  1.917872E-02	  4.585134E-01	  2.875668E-01	  2.104018E-02	  5.360968E-02	  3.411765E-01	     40	     85	     45	  1.706109E-01	  2.571529E-01	  4.307150E-09	  3.921727E-05	  1.085306E-05	  4.002563E-07	  0.000000E+00	  4.186746E-05	     12	     87	  8.5425478E-01	     87
 2.25000000E+03	 -1.037500E-02	  5.989761E-03	  0.000000E+00	 -7.148336E-03	 -2.542838E-03	 -8.926738E-05	  7.153859E-04	  2.218292E-03	  1.821150E-05	     85	  5.414657E-01	  1.918276E-02	  4.585343E-01	  2.875598E-01	  2.104060E-02	  5.361662E-02	  3.411765E-01	     40	     85	     45	  1.706081E-01	  2.571498E-01	  3.674075E-09	  3.928962E-05	  1.090200E-05	  4.015239E-07	  0.000000E+00	  4.198940E-05	     15	     85	  8.5425688E-01	     85
 2.26000000E+03	 -1.040000E-02	  6.013551E-03	  0.000000E+00	 -7.154909E-03	 -2.542736E-03	 -9.205855E-05	  6.817886E-04	  2.102684E-03	  7.769208E-06	     86	  5.414451E-01	  1.918774E-02	  4.585549E-01	  2.875526E-01	  2.104059E-02	  5.362388E-02	  3.411765E-01	     40	     85	     45	  1.706062E-01	  2.571478E-01	  3.170318E-09	  3.935924E-05	  1.095181E-05	  4.026088E-07	  0.000000E+00	  4.210941E-05	     16	     86	  8.5425826E-01	     86
 2.27000000E+03	 -1.042500E-02	  6.036674E-03	  0.000000E+00	 -7.161657E-03	 -2.542662E-03	 -9.418606E-05	  6.989974E-04	  2.049382E-03	  1.639125E-05	     87	  5.351550E-01	  1.842586E-02	  4.648450E-01	  2.842016E-01	  2.079498E-02	  5.300773E-02	  3.372093E-01	     41	     86	     45	  1.706035E-01	  2.571449E-01	  2.805738E-09	  3.943015E-05	  1.100215E-05	  4.035590E-07	  0.000000E+00	  4.223125E-05	     17	     87	  8.5426020E-01	     87
 2.28000000E+03	 -1.045000E-02	  6.058191E-03	  0.000000E+00	 -7.169576E-03	 -2.542697E-03	 -9.573456E-05	  6.272649E-04	  2.035516E-03	  1.294367E-07	     87	  5.351366E-01	  1.842970E-02	  4.648634E-01	  2.841942E-01	  2.079376E-02	  5.301506E-02	  3.372093E-01	     41	     86	     45	  1.705990E-01	  2.571400E-01	  2.560616E-09	  3.950852E-05	  1.104925E-05	  4.044118E-07	  0.000000E+00	  4.235734E-05	     15	     87	  8.5426351E-01	     87
 2.29000000E+03	 -1.047500E-02	  6.079318E-03	  0.000000E+00	 -7.178543E-03	 -2.542752E-03	 -9.595464E-05	  6.220228E-04	  2.037832E-03	  1.356246E-05	     88	  5.351197E-01	  1.843298E-02	  4.648803E-01	  2.841869E-01	  2.079266E-02	  5.302236E-02	  3.372093E-01	     41	     86	     45	  1.705940E-01	  2.571347E-01	  2.434290E-09	  3.959127E-05	  1.109311E-05	  4.052048E-07	  0.000000E+00	  4.248462E-05	     15	     88	  8.5426716E-01	     88
 2.30000000E+03	 -1.050000E-02	  6.101034E-03	  0.000000E+00	 -7.187233E-03	 -2.542744E-03	 -9.532282E-05	  5.752947E-04	  2.039180E-03	  6.676091E-06	     89	  5.340046E-01	  2.392754E-02	  4.659954E-01	  2.809130E-01	  2.055241E-02	  5.242033E-02	  3.333333E-01	     41	     86	     45	  1.705897E-01	  2.357309E-01	  2.401575E-09	  3.967282E-05	  1.113685E-05	  4.059752E-07	  0.000000E+00	  4.261064E-05	     19	     89	  8.5427030E-01	     89
 2.31000000E+03	 -1.052500E-02	  6.123212E-03	  0.000000E+00	 -7.195310E-03	 -2.542720E-03	 -9.303998E-05	  6.085816E-04	  1.842781E-03	  1.029730E-06	     89	  5.339873E-01	  2.392898E-02	  4.660127E-01	  2.809053E-01	  2.055095E-02	  5.242806E-02	  3.333333E-01	     41	     86	     45	  1.705859E-01	  2.357269E-01	  2.397748E-09	  3.975268E-05	  1.118131E-05	  4.067437E-07	  0.000000E+00	  4.273572E-05	     22	     89	  8.5427305E-01	     89
 2.32000000E+03	 -1.055000E-02	  6.145664E-03	  0.000000E+00	 -7.202754E-03	 -2.542704E-03	 -9.189477E-05	  5.425343E-04	  1.891375E-03	  4.164780E-06	     86	  5.350668E-01	  1.843809E-02	  4.649332E-01	  2.841635E-01	  2.078823E-02	  5.304585E-02	  3.372093E-01	     41	     86	     45	  1.705825E-01	  2.571223E-01	  2.378656E-09	  3.982722E-05	  1.123062E-05	  4.075085E-07	  0.000000E+00	  4.286032E-05	     20	     86	  8.5427558E-01	     86
 2.33000000E+03	 -1.057500E-02	  6.167933E-03	  0.000000E+00	 -7.209715E-03	 -2.542721E-03	 -9.213270E-05	  5.497358E-04	  2.052372E-03	  2.770679E-08	     86	  5.350478E-01	  1.844209E-02	  4.649522E-01	  2.841549E-01	  2.078660E-02	  5.305441E-02	  3.372093E-01	     41	     86	     45	  1.705788E-01	  2.571184E-01	  2.433005E-09	  3.989668E-05	  1.128558E-05	  4.082803E-07	  0.000000E+00	  4.298556E-05	     20	     86	  8.5427825E-01	     86
 2.34000000E+03	 -1.060000E-02	  6.189970E-03	  0.000000E+00	 -7.216186E-03	 -2.542682E-03	 -9.350638E-05	  5.535496E-04	  2.057119E-03	  8.618790E-06	     87	  5.350282E-01	  1.844662E-02	  4.649718E-01	  2.841460E-01	  2.078496E-02	  5.306334E-02	  3.372093E-01	     41	     86	     45	  1.705748E-01	  2.571141E-01	  2.540719E-09	  3.996134E-05	  1.134599E-05	  4.090821E-07	  0.000000E+00	  4.311155E-05	     20	     87	  8.5428113E-01	     87
 2.35000000E+03	 -1.062500E-02	  6.211129E-03	  0.000000E+00	 -7.222184E-03	 -2.542742E-03	 -9.477402E-05	  6.108114E-04	  2.032317E-03	  3.411082E-06	     87	  5.350087E-01	  1.845085E-02	  4.649913E-01	  2.841367E-01	  2.078296E-02	  5.307257E-02	  3.372093E-01	     41	     86	     45	  1.705699E-01	  2.571088E-01	  2.699157E-09	  4.002689E-05	  1.140781E-05	  4.099309E-07	  0.000000E+00	  4.323992E-05	     19	     87	  8.5428475E-01	     87
 2.36000000E+03	 -1.065000E-02	  6.233356E-03	  0.000000E+00	 -7.227671E-03	 -2.542698E-03	 -9.516994E-05	  5.807851E-04	  2.035184E-03	  1.515019E-06	     87	  5.349885E-01	  1.845486E-02	  4.650115E-01	  2.841274E-01	  2.078067E-02	  5.308185E-02	  3.372093E-01	     41	     86	     45	  1.705662E-01	  2.571048E-01	  2.884367E-09	  4.008990E-05	  1.146954E-05	  4.108432E-07	  0.000000E+00	  4.336575E-05	     18	     87	  8.5428747E-01	     87
 2.37000000E+03	 -1.067500E-02	  6.256145E-03	  0.000000E+00	 -7.232989E-03	 -2.542677E-03	 -9.533361E-05	  5.771972E-04	  2.010394E-03	  2.058180E-06	     87	  5.349679E-01	  1.845826E-02	  4.650321E-01	  2.841180E-01	  2.077821E-02	  5.309131E-02	  3.372093E-01	     41	     86	     45	  1.705631E-01	  2.571015E-01	  3.060413E-09	  4.015171E-05	  1.153115E-05	  4.118177E-07	  0.000000E+00	  4.349032E-05	     19	     87	  8.5428971E-01	     87
 2.38000000E+03	 -1.070000E-02	  6.280686E-03	  0.000000E+00	 -7.237503E-03	 -2.542711E-03	 -9.535091E-05	  5.366423E-04	  2.103508E-03	  6.209480E-06	     87	  5.349460E-01	  1.846193E-02	  4.650540E-01	  2.841081E-01	  2.077588E-02	  5.310116E-02	  3.372093E-01	     41	     86	     45	  1.705621E-01	  2.571004E-01	  3.249511E-09	  4.020539E-05	  1.159653E-05	  4.128544E-07	  0.000000E+00	  4.361060E-05	     19	     87	  8.5429046E-01	     87
 2.39000000E+03	 -1.072500E-02	  6.307642E-03	  0.000000E+00	 -7.240853E-03	 -2.542411E-03	 -9.488655E-05	  5.227551E-04	  2.096645E-03	  8.605392E-07	     87	  5.349229E-01	  1.846569E-02	  4.650771E-01	  2.840979E-01	  2.077365E-02	  5.311138E-02	  3.372093E-01	     41	     86	     45	  1.705638E-01	  2.571023E-01	  3.444662E-09	  4.024987E-05	  1.166507E-05	  4.139556E-07	  0.000000E+00	  4.372491E-05	     19	     87	  8.5428916E-01	     87
 2.40000000E+03	 -1.075000E-02	  6.334639E-03	  0.000000E+00	 -7.243920E-03	 -2.542690E-03	 -9.437605E-05	  4.872834E-04	  2.070810E-03	  5.811975E-08	     87	  5.348991E-01	  1.846995E-02	  4.651009E-01	  2.840878E-01	  2.077124E-02	  5.312152E-02	  3.372093E-01	     41	     86	     45	  1.705657E-01	  2.571043E-01	  3.614474E-09	  4.029158E-05	  1.173633E-05	  4.151163E-07	  0.000000E+00	  4.383921E-05	     21	     87	  8.5428783E-01	     87
 2.41000000E+03	 -1.077500E-02	  6.361704E-03	  0.000000E+00	 -7.246957E-03	 -2.542674E-03	 -9.435123E-05	  4.692240E-04	  2.094399E-03	  7.406476E-07	     87	  5.348750E-01	  1.847471E-02	  4.651250E-01	  2.840777E-01	  2.076866E-02	  5.313159E-02	  3.372093E-01	     41	     86	     45	  1.705676E-01	  2.571063E-01	  3.751165E-09	  4.033222E-05	  1.180855E-05	  4.163233E-07	  0.000000E+00	  4.395342E-05	     21	     87	  8.5428645E-01	     87
 2.42000000E+03	 -1.080000E-02	  6.388307E-03	  0.000000E+00	 -7.250051E-03	 -2.542683E-03	 -9.501986E-05	  4.724001E-04	  2.065812E-03	  1.553096E-06	     87	  5.348511E-01	  1.848005E-02	  4.651489E-01	  2.840677E-01	  2.076607E-02	  5.314165E-02	  3.372093E-01	     41	     86	     45	  1.705689E-01	  2.571078E-01	  3.870368E-09	  4.037447E-05	  1.188040E-05	  4.175705E-07	  0.000000E+00	  4.406887E-05	     22	     87	  8.5428546E-01	     87
 2.43000000E+03	 -1.082500E-02	  6.414366E-03	  0.000000E+00	 -7.253202E-03	 -2.542752E-03	 -9.632282E-05	  4.568038E-04	  2.078663E-03	  1.114431E-05	     87	  5.348275E-01	  1.848530E-02	  4.651725E-01	  2.840576E-01	  2.076344E-02	  5.315166E-02	  3.372093E-01	     41	     86	     45	  1.705696E-01	  2.571085E-01	  3.975242E-09	  4.041866E-05	  1.195173E-05	  4.188524E-07	  0.000000E+00	  4.418578E-05	     22	     87	  8.5428493E-01	     87
 2.44000000E+03	 -1.085000E-02	  6.441990E-03	  0.000000E+00	 -7.256198E-03	 -2.542698E-03	 -9.718985E-05	  4.552508E-04	  2.146492E-03	  1.753426E-06	     87	  5.348035E-01	  1.849059E-02	  4.651965E-01	  2.840476E-01	  2.076085E-02	  5.316174E-02	  3.372093E-01	     41	     86	     45	  1.705722E-01	  2.571113E-01	  4.094178E-09	  4.045908E-05	  1.202293E-05	  4.201671E-07	  0.000000E+00	  4.429884E-05	     21	     87	  8.5428307E-01	     87
 2.45000000E+03	 -1.087500E-02	  6.470848E-03	  0.000000E+00	 -7.258842E-03	 -2.542732E-03	 -9.778863E-05	  4.659027E-04	  2.309661E-03	  2.708568E-06	     87	  5.347794E-01	  1.849571E-02	  4.652206E-01	  2.840372E-01	  2.075835E-02	  5.317213E-02	  3.372093E-01	     41	     86	     45	  1.705762E-01	  2.571155E-01	  4.261218E-09	  4.049556E-05	  1.209496E-05	  4.215261E-07	  0.000000E+00	  4.440887E-05	     21	     87	  8.5428017E-01	     87
 2.46000000E+03	 -1.090000E-02	  6.501580E-03	  0.000000E+00	 -7.260762E-03	 -2.542897E-03	 -9.827549E-05	  4.616244E-04	  2.502567E-03	  8.456092E-06	     88	  5.347546E-01	  1.850087E-02	  4.652454E-01	  2.840264E-01	  2.075594E-02	  5.318287E-02	  3.372093E-01	     41	     86	     45	  1.705823E-01	  2.571222E-01	  4.512547E-09	  4.052648E-05	  1.216775E-05	  4.229526E-07	  0.000000E+00	  4.451425E-05	     22	     88	  8.5427567E-01	     88
 2.47000000E+03	 -1.092500E-02	  6.533801E-03	  0.000000E+00	 -7.261799E-03	 -2.542818E-03	 -9.897825E-05	  6.176902E-04	  2.570673E-03	  1.088210E-06	     89	  5.336430E-01	  2.399966E-02	  4.663570E-01	  2.807508E-01	  2.051510E-02	  5.258257E-02	  3.333333E-01	     41	     86	     45	  1.705902E-01	  2.357315E-01	  4.839603E-09	  4.055150E-05	  1.224256E-05	  4.244734E-07	  0.000000E+00	  4.461593E-05	     21	     89	  8.5426992E-01	     89
 2.48000000E+03	 -1.095000E-02	  6.567713E-03	  0.000000E+00	 -7.262726E-03	 -2.542633E-03	 -9.981514E-05	  7.313739E-04	  2.680380E-03	  1.232595E-05	     88	  5.347038E-01	  1.851224E-02	  4.652962E-01	  2.840035E-01	  2.075153E-02	  5.320576E-02	  3.372093E-01	     41	     86	     45	  1.706001E-01	  2.571412E-01	  5.197779E-09	  4.056961E-05	  1.231993E-05	  4.261064E-07	  0.000000E+00	  4.471339E-05	     22	     88	  8.5426273E-01	     88
 2.49000000E+03	 -1.097500E-02	  6.601219E-03	  0.000000E+00	 -7.263101E-03	 -2.542696E-03	 -1.005375E-04	  6.735081E-04	  2.712724E-03	  3.101591E-06	     88	  5.346780E-01	  1.851835E-02	  4.653220E-01	  2.839914E-01	  2.074957E-02	  5.321793E-02	  3.372093E-01	     41	     86	     45	  1.706094E-01	  2.571513E-01	  5.571847E-09	  4.058615E-05	  1.239978E-05	  4.278591E-07	  0.000000E+00	  4.481189E-05	     19	     88	  8.5425589E-01	     88
 2.50000000E+03	 -1.100000E-02	  6.635202E-03	  0.000000E+00	 -7.263165E-03	 -2.542728E-03	 -1.016069E-04	  5.922986E-04	  2.768349E-03	  4.647249E-06	     88	  5.346520E-01	  1.852431E-02	  4.653480E-01	  2.839790E-01	  2.074744E-02	  5.323027E-02	  3.372093E-01	     41	     86	     45	  1.706194E-01	  2.571619E-01	  5.936996E-09	  4.059841E-05	  1.248261E-05	  4.297276E-07	  0.000000E+00	  4.490922E-05	     22	     88	  8.5424864E-01	     88
 2.51000000E+03	 -1.102500E-02	  6.669493E-03	  0.000000E+00	 -7.262566E-03	 -2.542741E-03	 -1.029746E-04	  5.882718E-04	  2.819593E-03	  1.092912E-05	     88	  5.346255E-01	  1.853069E-02	  4.653745E-01	  2.839666E-01	  2.074524E-02	  5.324270E-02	  3.372093E-01	     41	     86	     45	  1.706296E-01	  2.571730E-01	  6.312245E-09	  4.060748E-05	  1.256773E-05	  4.317132E-07	  0.000000E+00	  4.500577E-05	     22	     88	  8.5424114E-01	     88
 2.52000000E+03	 -1.105000E-02	  6.704788E-03	  0.000000E+00	 -7.261288E-03	 -2.542693E-03	 -1.046945E-04	  5.712623E-04	  2.833664E-03	  5.556622E-06	     88	  5.345984E-01	  1.853723E-02	  4.654016E-01	  2.839538E-01	  2.074290E-02	  5.325547E-02	  3.372093E-01	     41	     86	     45	  1.706411E-01	  2.571853E-01	  6.669380E-09	  4.061085E-05	  1.265591E-05	  4.338173E-07	  0.000000E+00	  4.509977E-05	     21	     88	  8.5423278E-01	     88
 2.53000000E+03	 -1.107500E-02	  6.739706E-03	  0.000000E+00	 -7.259988E-03	 -2.542777E-03	 -1.060822E-04	  5.683150E-04	  2.813301E-03	  2.277276E-05	     88	  5.345712E-01	  1.854390E-02	  4.654288E-01	  2.839408E-01	  2.074079E-02	  5.326847E-02	  3.372093E-01	     41	     86	     45	  1.706521E-01	  2.571971E-01	  6.982361E-09	  4.061164E-05	  1.274754E-05	  4.360273E-07	  0.000000E+00	  4.519471E-05	     20	     88	  8.5422475E-01	     88
 2.54000000E+03	 -1.110000E-02	  6.775221E-03	  0.000000E+00	 -7.258477E-03	 -2.542691E-03	 -1.073915E-04	  5.339981E-04	  2.743003E-03	  2.627912E-06	     88	  5.345434E-01	  1.855071E-02	  4.654566E-01	  2.839278E-01	  2.073860E-02	  5.328152E-02	  3.372093E-01	     41	     86	     45	  1.706638E-01	  2.572097E-01	  7.205443E-09	  4.060843E-05	  1.284165E-05	  4.383221E-07	  0.000000E+00	  4.528811E-05	     21	     88	  8.5421621E-01	     88
 2.55000000E+03	 -1.112500E-02	  6.811093E-03	  0.000000E+00	 -7.256730E-03	 -2.542735E-03	 -1.087534E-04	  5.728409E-04	  2.709993E-03	  5.893582E-06	     87	  5.361232E-01	  1.301761E-02	  4.638768E-01	  2.872546E-01	  2.098029E-02	  5.392183E-02	  3.411765E-01	     40	     85	     45	  1.706759E-01	  2.572227E-01	  7.343397E-09	  4.060275E-05	  1.293732E-05	  4.406740E-07	  0.000000E+00	  4.538059E-05	     20	     87	  8.5420737E-01	     87
 2.56000000E+03	 -1.115000E-02	  6.848234E-03	  0.000000E+00	 -7.254782E-03	 -2.542577E-03	 -1.106867E-04	  7.816714E-04	  2.630622E-03	  1.889729E-05	     87	  5.360936E-01	  1.302426E-02	  4.639064E-01	  2.872412E-01	  2.097796E-02	  5.393530E-02	  3.411765E-01	     40	     85	     45	  1.706895E-01	  2.572373E-01	  7.336134E-09	  4.059335E-05	  1.303358E-05	  4.430336E-07	  0.000000E+00	  4.546981E-05	     20	     87	  8.5419745E-01	     87
 2.57000000E+03	 -1.117500E-02	  6.884998E-03	  0.000000E+00	 -7.252681E-03	 -2.542728E-03	 -1.129560E-04	  6.587539E-04	  2.626941E-03	  1.831867E-06	     86	  5.360648E-01	  1.303048E-02	  4.639352E-01	  2.872277E-01	  2.097553E-02	  5.394879E-02	  3.411765E-01	     40	     85	     45	  1.707027E-01	  2.572514E-01	  7.310110E-09	  4.058573E-05	  1.312902E-05	  4.453954E-07	  0.000000E+00	  4.555996E-05	     19	     86	  8.5418786E-01	     86
 2.58000000E+03	 -1.120000E-02	  6.922792E-03	  0.000000E+00	 -7.249917E-03	 -2.542704E-03	 -1.146550E-04	  6.616115E-04	  2.509262E-03	  8.349049E-06	     87	  5.360359E-01	  1.303697E-02	  4.639641E-01	  2.872141E-01	  2.097298E-02	  5.396233E-02	  3.411765E-01	     40	     85	     45	  1.707170E-01	  2.572668E-01	  7.227642E-09	  4.057386E-05	  1.322614E-05	  4.477394E-07	  0.000000E+00	  4.564747E-05	     19	     87	  8.5417739E-01	     87
 2.59000000E+03	 -1.122500E-02	  6.959024E-03	  0.000000E+00	 -7.247880E-03	 -2.542741E-03	 -1.156302E-04	  6.058646E-04	  2.397889E-03	  5.889207E-05	     88	  5.348988E-01	  1.866436E-02	  4.651012E-01	  2.838611E-01	  2.072629E-02	  5.334824E-02	  3.372093E-01	     40	     85	     45	  1.707295E-01	  2.358785E-01	  7.075082E-09	  4.056757E-05	  1.332166E-05	  4.500467E-07	  0.000000E+00	  4.573886E-05	     20	     88	  8.5416825E-01	     88
 2.60000000E+03	 -1.125000E-02	  6.994087E-03	  0.000000E+00	 -7.247169E-03	 -2.542688E-03	 -1.163671E-04	  6.046184E-04	  2.326697E-03	  4.988903E-06	     88	  5.348723E-01	  1.867054E-02	  4.651277E-01	  2.838480E-01	  2.072335E-02	  5.336129E-02	  3.372093E-01	     40	     85	     45	  1.707407E-01	  2.358903E-01	  6.892828E-09	  4.056814E-05	  1.341332E-05	  4.522935E-07	  0.000000E+00	  4.583316E-05	     20	     88	  8.5416011E-01	     88
 2.61000000E+03	 -1.127500E-02	  7.027547E-03	  0.000000E+00	 -7.246659E-03	 -2.542686E-03	 -1.169069E-04	  5.630789E-04	  2.328278E-03	  9.669979E-07	     87	  5.359548E-01	  1.305563E-02	  4.640452E-01	  2.871745E-01	  2.096419E-02	  5.400194E-02	  3.411765E-01	     40	     85	     45	  1.707500E-01	  2.573022E-01	  6.720532E-09	  4.057371E-05	  1.350405E-05	  4.544836E-07	  0.000000E+00	  4.593148E-05	     18	     87	  8.5415333E-01	     87
 2.62000000E+03	 -1.130000E-02	  7.061827E-03	  0.000000E+00	 -7.246132E-03	 -2.542697E-03	 -1.173066E-04	  5.520395E-04	  2.367401E-03	  1.972794E-06	     87	  5.359285E-01	  1.306196E-02	  4.640715E-01	  2.871612E-01	  2.096155E-02	  5.401529E-02	  3.411765E-01	     40	     85	     45	  1.707602E-01	  2.573132E-01	  6.618513E-09	  4.057770E-05	  1.359427E-05	  4.566275E-07	  0.000000E+00	  4.602773E-05	     19	     87	  8.5414585E-01	     87
 2.63000000E+03	 -1.132500E-02	  7.096662E-03	  0.000000E+00	 -7.245385E-03	 -2.542689E-03	 -1.181839E-04	  5.342023E-04	  2.477778E-03	  9.008162E-06	     86	  5.359024E-01	  1.306838E-02	  4.640976E-01	  2.871477E-01	  2.095880E-02	  5.402880E-02	  3.411765E-01	     40	     85	     45	  1.707711E-01	  2.573249E-01	  6.622063E-09	  4.058028E-05	  1.368441E-05	  4.587570E-07	  0.000000E+00	  4.612259E-05	     18	     86	  8.5413790E-01	     86
 2.64000000E+03	 -1.135000E-02	  7.130757E-03	  0.000000E+00	 -7.244430E-03	 -2.542690E-03	 -1.196121E-04	  5.344878E-04	  2.633131E-03	  4.815222E-07	     86	  5.358765E-01	  1.307486E-02	  4.641235E-01	  2.871342E-01	  2.095579E-02	  5.404231E-02	  3.411765E-01	     40	     85	     45	  1.707812E-01	  2.573357E-01	  6.732057E-09	  4.058386E-05	  1.377528E-05	  4.609075E-07	  0.000000E+00	  4.621929E-05	     19	     86	  8.5413058E-01	     86
 2.65000000E+03	 -1.137500E-02	  7.163848E-03	  0.000000E+00	 -7.243680E-03	 -2.542659E-03	 -1.211147E-04	  5.708497E-04	  2.738537E-03	  8.767129E-06	     86	  5.358508E-01	  1.308159E-02	  4.641492E-01	  2.871207E-01	  2.095263E-02	  5.405580E-02	  3.411765E-01	     40	     85	     45	  1.707900E-01	  2.573452E-01	  6.973831E-09	  4.058977E-05	  1.386612E-05	  4.631206E-07	  0.000000E+00	  4.631850E-05	     18	     86	  8.5412412E-01	     86
 2.66000000E+03	 -1.140000E-02	  7.196201E-03	  0.000000E+00	 -7.242659E-03	 -2.542681E-03	 -1.226258E-04	  5.554735E-04	  2.888879E-03	  2.945402E-06	     87	  5.358250E-01	  1.308811E-02	  4.641750E-01	  2.871071E-01	  2.094943E-02	  5.406932E-02	  3.411765E-01	     40	     85	     45	  1.707980E-01	  2.573538E-01	  7.328287E-09	  4.059484E-05	  1.395945E-05	  4.654337E-07	  0.000000E+00	  4.641955E-05	     19	     87	  8.5411828E-01	     87
 2.67000000E+03	 -1.142500E-02	  7.229063E-03	  0.000000E+00	 -7.241225E-03	 -2.542699E-03	 -1.238506E-04	  5.668966E-04	  3.017571E-03	  3.803346E-06	     87	  5.357990E-01	  1.309488E-02	  4.642010E-01	  2.870935E-01	  2.094630E-02	  5.408300E-02	  3.411765E-01	     40	     85	     45	  1.708066E-01	  2.573630E-01	  7.775731E-09	  4.059820E-05	  1.405295E-05	  4.678793E-07	  0.000000E+00	  4.651930E-05	     19	     87	  8.5411201E-01	     87
 2.68000000E+03	 -1.145000E-02	  7.262750E-03	  0.000000E+00	 -7.239516E-03	 -2.542699E-03	 -1.250973E-04	  5.556752E-04	  3.164624E-03	  1.571455E-06	     88	  5.346686E-01	  1.872247E-02	  4.653314E-01	  2.837417E-01	  2.069958E-02	  5.346763E-02	  3.372093E-01	     40	     85	     45	  1.708162E-01	  2.359700E-01	  8.282661E-09	  4.059914E-05	  1.414656E-05	  4.704793E-07	  0.000000E+00	  4.661694E-05	     19	     88	  8.5410505E-01	     88
 2.69000000E+03	 -1.147500E-02	  7.296441E-03	  0.000000E+00	 -7.237790E-03	 -2.542703E-03	 -1.260854E-04	  5.984478E-04	  3.260201E-03	  1.198257E-06	     88	  5.346425E-01	  1.872967E-02	  4.653575E-01	  2.837282E-01	  2.069648E-02	  5.348109E-02	  3.372093E-01	     40	     85	     45	  1.708257E-01	  2.359801E-01	  8.838676E-09	  4.059943E-05	  1.424055E-05	  4.732507E-07	  0.000000E+00	  4.671454E-05	     21	     88	  8.5409808E-01	     88
 2.70000000E+03	 -1.150000E-02	  7.330501E-03	  0.000000E+00	 -7.235888E-03	 -2.542700E-03	 -1.271367E-04	  5.868052E-04	  3.375800E-03	  5.400193E-07	     87	  5.357194E-01	  1.311622E-02	  4.642806E-01	  2.870523E-01	  2.093672E-02	  5.412415E-02	  3.411765E-01	     40	     85	     45	  1.708357E-01	  2.573943E-01	  9.436133E-09	  4.059684E-05	  1.433623E-05	  4.762077E-07	  0.000000E+00	  4.681118E-05	     20	     87	  8.5409080E-01	     87
 2.71000000E+03	 -1.152500E-02	  7.365021E-03	  0.000000E+00	 -7.233620E-03	 -2.542719E-03	 -1.283472E-04	  6.145322E-04	  3.467334E-03	  6.688237E-06	     88	  5.345898E-01	  1.874432E-02	  4.654102E-01	  2.837005E-01	  2.069003E-02	  5.350879E-02	  3.372093E-01	     40	     85	     45	  1.708462E-01	  2.360017E-01	  1.007757E-08	  4.058936E-05	  1.443535E-05	  4.793633E-07	  0.000000E+00	  4.690661E-05	     20	     88	  8.5408313E-01	     88
 2.72000000E+03	 -1.155000E-02	  7.400136E-03	  0.000000E+00	 -7.230762E-03	 -2.542710E-03	 -1.299590E-04	  6.126909E-04	  3.563846E-03	  1.092063E-05	     87	  5.356646E-01	  1.313159E-02	  4.643354E-01	  2.870238E-01	  2.093000E-02	  5.415272E-02	  3.411765E-01	     40	     85	     45	  1.708574E-01	  2.574176E-01	  1.075372E-08	  4.057674E-05	  1.453783E-05	  4.827302E-07	  0.000000E+00	  4.700050E-05	     20	     87	  8.5407496E-01	     87
 2.73000000E+03	 -1.157500E-02	  7.435915E-03	  0.000000E+00	 -7.227308E-03	 -2.542702E-03	 -1.317091E-04	  6.563289E-04	  3.653277E-03	  4.338511E-06	     88	  5.345358E-01	  1.875996E-02	  4.654642E-01	  2.836717E-01	  2.068303E-02	  5.353757E-02	  3.372093E-01	     40	     85	     45	  1.708694E-01	  2.360262E-01	  1.145799E-08	  4.055940E-05	  1.464303E-05	  4.863225E-07	  0.000000E+00	  4.709264E-05	     20	     88	  8.5406623E-01	     88
 2.74000000E+03	 -1.160000E-02	  7.473146E-03	  0.000000E+00	 -7.223375E-03	 -2.542669E-03	 -1.336233E-04	  6.669167E-04	  3.699009E-03	  4.513644E-06	     87	  5.407277E-01	  1.988371E-02	  4.592723E-01	  2.869941E-01	  2.092262E-02	  5.418242E-02	  3.411765E-01	     39	     84	     45	  1.708830E-01	  2.360406E-01	  1.213285E-08	  4.053621E-05	  1.475015E-05	  4.901393E-07	  0.000000E+00	  4.718105E-05	     20	     87	  8.5405627E-01	     87
 2.75000000E+03	 -1.162500E-02	  7.510734E-03	  0.000000E+00	 -7.219015E-03	 -2.542510E-03	 -1.356412E-04	  6.855132E-04	  3.743039E-03	  1.064211E-05	     87	  5.406991E-01	  1.989057E-02	  4.593009E-01	  2.869788E-01	  2.091877E-02	  5.419764E-02	  3.411765E-01	     39	     84	     45	  1.708971E-01	  2.360554E-01	  1.277399E-08	  4.050968E-05	  1.485944E-05	  4.941693E-07	  0.000000E+00	  4.726847E-05	     19	     87	  8.5404601E-01	     87
 2.76000000E+03	 -1.165000E-02	  7.549182E-03	  0.000000E+00	 -7.214367E-03	 -2.542410E-03	 -1.376376E-04	  7.119728E-04	  3.762911E-03	  1.563816E-03	     87	  5.406700E-01	  1.989757E-02	  4.593300E-01	  2.869633E-01	  2.091486E-02	  5.421319E-02	  3.411765E-01	     39	     84	     45	  1.709122E-01	  2.360713E-01	  1.331268E-08	  4.047959E-05	  1.496989E-05	  4.983947E-07	  0.000000E+00	  4.735359E-05	     20	     87	  8.5403502E-01	     87
 2.77000000E+03	 -1.167500E-02	  7.588738E-03	  0.000000E+00	 -7.209038E-03	 -2.542718E-03	 -1.397656E-04	  7.664794E-04	  3.815394E-03	  5.421713E-06	     87	  5.406405E-01	  1.990478E-02	  4.593595E-01	  2.793805E-01	  1.527492E-02	  5.003130E-02	  3.294118E-01	     39	     84	     45	  1.709285E-01	  2.360886E-01	  1.387571E-08	  4.044512E-05	  1.508167E-05	  5.027899E-07	  0.000000E+00	  4.743585E-05	     19	     87	  8.5402310E-01	     87
 2.78000000E+03	 -1.170000E-02	  7.629885E-03	  0.000000E+00	 -7.203041E-03	 -2.542731E-03	 -1.421854E-04	  7.262232E-04	  3.850533E-03	  1.744727E-05	     87	  5.406107E-01	  1.991224E-02	  4.593893E-01	  2.793667E-01	  1.527022E-02	  5.004502E-02	  3.294118E-01	     39	     84	     45	  1.709467E-01	  2.361078E-01	  1.439121E-08	  4.040532E-05	  1.519452E-05	  5.073544E-07	  0.000000E+00	  4.751397E-05	     18	     87	  8.5400983E-01	     87
 2.79000000E+03	 -1.172500E-02	  7.672229E-03	  0.000000E+00	 -7.196635E-03	 -2.542714E-03	 -1.448488E-04	  7.460110E-04	  3.855203E-03	  4.334015E-06	     87	  5.405803E-01	  1.991967E-02	  4.594197E-01	  2.793527E-01	  1.526533E-02	  5.005905E-02	  3.294118E-01	     39	     84	     45	  1.709663E-01	  2.361285E-01	  1.487352E-08	  4.036098E-05	  1.530862E-05	  5.120782E-07	  0.000000E+00	  4.758893E-05	     18	     87	  8.5399554E-01	     87
 2.80000000E+03	 -1.175000E-02	  7.714720E-03	  0.000000E+00	 -7.190281E-03	 -2.542661E-03	 -1.471941E-04	  7.257612E-04	  3.888599E-03	  2.592625E-06	     87	  5.405496E-01	  1.992722E-02	  4.594504E-01	  2.793383E-01	  1.526026E-02	  5.007344E-02	  3.294118E-01	     39	     84	     45	  1.709861E-01	  2.361493E-01	  1.530545E-08	  4.031519E-05	  1.542356E-05	  5.169484E-07	  0.000000E+00	  4.766338E-05	     18	     87	  8.5398113E-01	     87
 2.81000000E+03	 -1.177500E-02	  7.756979E-03	  0.000000E+00	 -7.184089E-03	 -2.542691E-03	 -1.491515E-04	  7.196506E-04	  3.879741E-03	  3.256101E-06	     87	  5.405189E-01	  1.993495E-02	  4.594811E-01	  2.793239E-01	  1.525499E-02	  5.008783E-02	  3.294118E-01	     39	     84	     45	  1.710055E-01	  2.361699E-01	  1.568302E-08	  4.026969E-05	  1.553857E-05	  5.219459E-07	  0.000000E+00	  4.773826E-05	     18	     87	  8.5396693E-01	     87
 2.82000000E+03	 -1.180000E-02	  7.799634E-03	  0.000000E+00	 -7.177663E-03	 -2.542682E-03	 -1.511631E-04	  6.863931E-04	  3.869931E-03	  1.353212E-05	     87	  5.404881E-01	  1.994270E-02	  4.595119E-01	  2.793095E-01	  1.524959E-02	  5.010226E-02	  3.294118E-01	     39	     84	     45	  1.710255E-01	  2.361909E-01	  1.597365E-08	  4.022223E-05	  1.565438E-05	  5.270470E-07	  0.000000E+00	  4.781200E-05	     18	     87	  8.5395239E-01	     87
 2.83000000E+03	 -1.182500E-02	  7.843102E-03	  0.000000E+00	 -7.170917E-03	 -2.542680E-03	 -1.535111E-04	  6.918621E-04	  3.834737E-03	  6.497276E-06	     87	  5.404570E-01	  1.995074E-02	  4.595430E-01	  2.792948E-01	  1.524420E-02	  5.011692E-02	  3.294118E-01	     39	     84	     45	  1.710464E-01	  2.362130E-01	  1.618749E-08	  4.017152E-05	  1.577125E-05	  5.322262E-07	  0.000000E+00	  4.788354E-05	     18	     87	  8.5393716E-01	     87
 2.84000000E+03	 -1.185000E-02	  7.886757E-03	  0.000000E+00	 -7.164062E-03	 -2.542703E-03	 -1.558320E-04	  6.694041E-04	  3.801529E-03	  3.133841E-06	     87	  5.404259E-01	  1.995882E-02	  4.595741E-01	  2.675161E-01	  1.533055E-02	  5.013096E-02	  3.176471E-01	     39	     84	     45	  1.710675E-01	  2.362353E-01	  1.631717E-08	  4.012026E-05	  1.588806E-05	  5.374555E-07	  0.000000E+00	  4.795445E-05	     18	     87	  8.5392178E-01	     87
 2.85000000E+03	 -1.187500E-02	  7.931253E-03	  0.000000E+00	 -7.156960E-03	 -2.542682E-03	 -1.580468E-04	  6.964716E-04	  3.772912E-03	  7.571954E-06	     87	  5.403947E-01	  1.996683E-02	  4.596053E-01	  2.675012E-01	  1.532390E-02	  5.014585E-02	  3.176471E-01	     39	     84	     45	  1.710895E-01	  2.362586E-01	  1.636403E-08	  4.006648E-05	  1.600517E-05	  5.427073E-07	  0.000000E+00	  4.802308E-05	     19	     87	  8.5390568E-01	     87
 2.86000000E+03	 -1.190000E-02	  7.976632E-03	  0.000000E+00	 -7.150060E-03	 -2.542816E-03	 -1.589225E-04	  9.401917E-04	  3.717569E-03	  1.943495E-05	     89	  5.368536E-01	  1.478627E-02	  4.631464E-01	  2.643758E-01	  1.513904E-02	  4.957764E-02	  3.139535E-01	     40	     85	     45	  1.711126E-01	  2.362829E-01	  1.626359E-08	  4.001078E-05	  1.612196E-05	  5.479522E-07	  0.000000E+00	  4.808932E-05	     18	     89	  8.5388884E-01	     89
 2.87000000E+03	 -1.192500E-02	  8.022772E-03	  0.000000E+00	 -7.143552E-03	 -2.542478E-03	 -1.588977E-04	  9.958375E-04	  3.765147E-03	  6.619445E-05	     87	  5.379470E-01	  9.124134E-03	  4.620530E-01	  2.674708E-01	  1.531018E-02	  5.017622E-02	  3.176471E-01	     40	     85	     45	  1.711366E-01	  2.577174E-01	  1.597715E-08	  3.995458E-05	  1.623746E-05	  5.531244E-07	  0.000000E+00	  4.815350E-05	     18	     87	  8.5387136E-01	     87
 2.88000000E+03	 -1.195000E-02	  8.066443E-03	  0.000000E+00	 -7.137099E-03	 -2.542851E-03	 -1.587733E-04	  9.448978E-04	  3.642844E-03	  1.923693E-05	     88	  5.367952E-01	  1.479693E-02	  4.632048E-01	  2.643461E-01	  1.512524E-02	  4.960736E-02	  3.139535E-01	     40	     85	     45	  1.711577E-01	  2.363305E-01	  1.559352E-08	  3.990846E-05	  1.634912E-05	  5.581851E-07	  0.000000E+00	  4.822373E-05	     16	     88	  8.5385597E-01	     88
 2.89000000E+03	 -1.197500E-02	  8.109685E-03	  0.000000E+00	 -7.131047E-03	 -2.542693E-03	 -1.584945E-04	  8.857853E-04	  3.446552E-03	  4.008084E-06	     87	  5.378884E-01	  9.133983E-03	  4.621116E-01	  2.674418E-01	  1.529587E-02	  5.020521E-02	  3.176471E-01	     40	     85	     45	  1.711783E-01	  2.577622E-01	  1.510800E-08	  3.986723E-05	  1.645706E-05	  5.631100E-07	  0.000000E+00	  4.829488E-05	     17	     87	  8.5384095E-01	     87
 2.90000000E+03	 -1.200000E-02	  8.152561E-03	  0.000000E+00	 -7.125766E-03	 -2.542784E-03	 -1.576612E-04	  8.320795E-04	  3.326023E-03	  1.481174E-05	     88	  5.367387E-01	  1.480683E-02	  4.632613E-01	  2.643183E-01	  1.511097E-02	  4.963520E-02	  3.139535E-01	     40	     85	     45	  1.711985E-01	  2.363736E-01	  1.452240E-08	  3.983279E-05	  1.655927E-05	  5.678613E-07	  0.000000E+00	  4.836683E-05	     17	     88	  8.5382624E-01	     88
 2.91000000E+03	 -1.202500E-02	  8.195504E-03	  0.000000E+00	 -7.121118E-03	 -2.542688E-03	 -1.570205E-04	  7.920043E-04	  3.112754E-03	  5.765502E-06	     89	  5.367102E-01	  1.481202E-02	  4.632898E-01	  2.643047E-01	  1.510423E-02	  4.964883E-02	  3.139535E-01	     40	     85	     45	  1.712187E-01	  2.363950E-01	  1.383432E-08	  3.980509E-05	  1.665476E-05	  5.724125E-07	  0.000000E+00	  4.843849E-05	     17	     89	  8.5381148E-01	     89
 2.92000000E+03	 -1.205000E-02	  8.237030E-03	  0.000000E+00	 -7.117028E-03	 -2.542671E-03	 -1.575070E-04	  7.239527E-04	  2.966024E-03	  1.111012E-06	     89	  5.366827E-01	  1.481739E-02	  4.633173E-01	  2.642912E-01	  1.509783E-02	  4.966230E-02	  3.139535E-01	     40	     85	     45	  1.712373E-01	  2.364146E-01	  1.309253E-08	  3.978501E-05	  1.674636E-05	  5.767327E-07	  0.000000E+00	  4.851360E-05	     18	     89	  8.5379792E-01	     89
 2.93000000E+03	 -1.207500E-02	  8.277274E-03	  0.000000E+00	 -7.114506E-03	 -2.542696E-03	 -1.578994E-04	  6.415608E-04	  2.842095E-03	  9.957964E-06	     89	  5.366563E-01	  1.482270E-02	  4.633437E-01	  2.642782E-01	  1.509169E-02	  4.967530E-02	  3.139535E-01	     40	     85	     45	  1.712544E-01	  2.364327E-01	  1.232080E-08	  3.977328E-05	  1.683306E-05	  5.808002E-07	  0.000000E+00	  4.859187E-05	     17	     89	  8.5378545E-01	     89
 2.94000000E+03	 -1.210000E-02	  8.316012E-03	  0.000000E+00	 -7.113296E-03	 -2.542704E-03	 -1.574686E-04	  5.893886E-04	  2.713680E-03	  4.493486E-06	     88	  5.366310E-01	  1.482753E-02	  4.633690E-01	  2.642656E-01	  1.508549E-02	  4.968790E-02	  3.139535E-01	     40	     85	     45	  1.712698E-01	  2.364489E-01	  1.155379E-08	  3.976863E-05	  1.691666E-05	  5.846127E-07	  0.000000E+00	  4.867389E-05	     18	     88	  8.5377425E-01	     88
 2.95000000E+03	 -1.212500E-02	  8.353864E-03	  0.000000E+00	 -7.112183E-03	 -2.542615E-03	 -1.567152E-04	  5.444214E-04	  2.605244E-03	  5.750531E-05	     88	  5.366067E-01	  1.483198E-02	  4.633933E-01	  2.642532E-01	  1.507924E-02	  4.970031E-02	  3.139535E-01	     40	     85	     45	  1.712841E-01	  2.364640E-01	  1.082614E-08	  3.976737E-05	  1.699929E-05	  5.881811E-07	  0.000000E+00	  4.875811E-05	     18	     88	  8.5376381E-01	     88
 2.96000000E+03	 -1.215000E-02	  8.390229E-03	  0.000000E+00	 -7.111842E-03	 -2.542657E-03	 -1.559049E-04	  5.475419E-04	  2.495279E-03	  9.043571E-06	     88	  5.365833E-01	  1.483604E-02	  4.634167E-01	  2.642408E-01	  1.507308E-02	  4.971266E-02	  3.139535E-01	     40	     85	     45	  1.712967E-01	  2.364773E-01	  1.015779E-08	  3.977140E-05	  1.708052E-05	  5.915260E-07	  0.000000E+00	  4.884605E-05	     19	     88	  8.5375462E-01	     88
 2.97000000E+03	 -1.217500E-02	  8.425966E-03	  0.000000E+00	 -7.112228E-03	 -2.542722E-03	 -1.550730E-04	  5.072705E-04	  2.450339E-03	  1.792548E-06	     88	  5.365603E-01	  1.483984E-02	  4.634397E-01	  2.693117E-01	  2.083501E-02	  5.626967E-02	  3.255814E-01	     40	     85	     45	  1.713086E-01	  2.364898E-01	  9.561165E-09	  3.977990E-05	  1.715900E-05	  5.946671E-07	  0.000000E+00	  4.893558E-05	     17	     88	  8.5374597E-01	     88
 2.98000000E+03	 -1.220000E-02	  8.461912E-03	  0.000000E+00	 -7.112850E-03	 -2.542697E-03	 -1.543703E-04	  4.968349E-04	  2.364688E-03	  5.529951E-07	     88	  5.365375E-01	  1.484334E-02	  4.634625E-01	  2.693000E-01	  2.082930E-02	  5.628142E-02	  3.255814E-01	     40	     85	     45	  1.713207E-01	  2.365026E-01	  9.025410E-09	  3.979113E-05	  1.723435E-05	  5.976290E-07	  0.000000E+00	  4.902461E-05	     18	     88	  8.5373715E-01	     88
 2.99000000E+03	 -1.222500E-02	  8.497614E-03	  0.000000E+00	 -7.113628E-03	 -2.542662E-03	 -1.537922E-04	  4.786297E-04	  2.337149E-03	  6.341104E-06	     88	  5.365150E-01	  1.484669E-02	  4.634850E-01	  2.692885E-01	  2.082371E-02	  5.629292E-02	  3.255814E-01	     40	     85	     45	  1.713325E-01	  2.365151E-01	  8.554526E-09	  3.980454E-05	  1.730828E-05	  6.004325E-07	  0.000000E+00	  4.911428E-05	     17	     88	  8.5372853E-01	     88
 3.00000000E+03	 -1.225000E-02	  8.532485E-03	  0.000000E+00	 -7.114945E-03	 -2.542705E-03	 -1.531603E-04	  4.792141E-04	  2.294959E-03	  3.038182E-06	     88	  5.364928E-01	  1.484982E-02	  4.635072E-01	  2.692771E-01	  2.081823E-02	  5.630429E-02	  3.255814E-01	     40	     85	     45	  1.713434E-01	  2.365265E-01	  8.146565E-09	  3.982084E-05	  1.738151E-05	  6.030971E-07	  0.000000E+00	  4.920607E-05	     18	     88	  8.5372062E-01	     88
 3.01000000E+03	 -1.227500E-02	  8.567563E-03	  0.000000E+00	 -7.115946E-03	 -2.542728E-03	 -1.523994E-04	  4.784977E-04	  2.268673E-03	  1.361741E-05	     88	  5.364708E-01	  1.485276E-02	  4.635292E-01	  2.692657E-01	  2.081277E-02	  5.631568E-02	  3.255814E-01	     40	     85	     45	  1.713545E-01	  2.365383E-01	  7.795017E-09	  3.983719E-05	  1.745426E-05	  6.056441E-07	  0.000000E+00	  4.929738E-05	     17	     88	  8.5371254E-01	     88
 3.02000000E+03	 -1.230000E-02	  8.603189E-03	  0.000000E+00	 -7.116448E-03	 -2.542703E-03	 -1.514553E-04	  4.569743E-04	  2.262456E-03	  6.472629E-06	     88	  5.364487E-01	  1.485547E-02	  4.635513E-01	  2.692543E-01	  2.080734E-02	  5.632708E-02	  3.255814E-01	     40	     85	     45	  1.713662E-01	  2.365506E-01	  7.488129E-09	  3.985268E-05	  1.752658E-05	  6.080892E-07	  0.000000E+00	  4.938733E-05	     17	     88	  8.5370399E-01	     88
 3.03000000E+03	 -1.232500E-02	  8.639068E-03	  0.000000E+00	 -7.117065E-03	 -2.542687E-03	 -1.504890E-04	  4.620070E-04	  2.278411E-03	  3.320617E-06	     88	  5.364266E-01	  1.485824E-02	  4.635734E-01	  2.692429E-01	  2.080200E-02	  5.633846E-02	  3.255814E-01	     40	     85	     45	  1.713782E-01	  2.365633E-01	  7.237400E-09	  3.986824E-05	  1.759826E-05	  6.104475E-07	  0.000000E+00	  4.947668E-05	     16	     88	  8.5369523E-01	     88
 3.04000000E+03	 -1.235000E-02	  8.674517E-03	  0.000000E+00	 -7.118002E-03	 -2.542688E-03	 -1.495928E-04	  4.595762E-04	  2.283958E-03	  2.733673E-07	     88	  5.364046E-01	  1.486110E-02	  4.635954E-01	  2.692315E-01	  2.079678E-02	  5.634986E-02	  3.255814E-01	     40	     85	     45	  1.713897E-01	  2.365755E-01	  7.038507E-09	  3.988603E-05	  1.766883E-05	  6.127361E-07	  0.000000E+00	  4.956713E-05	     15	     88	  8.5368684E-01	     88
 3.05000000E+03	 -1.237500E-02	  8.709437E-03	  0.000000E+00	 -7.119271E-03	 -2.542701E-03	 -1.486773E-04	  4.494458E-04	  2.306867E-03	  3.260328E-06	     88	  5.363829E-01	  1.486396E-02	  4.636171E-01	  2.692202E-01	  2.079171E-02	  5.636119E-02	  3.255814E-01	     40	     85	     45	  1.714006E-01	  2.365870E-01	  6.888395E-09	  3.990643E-05	  1.773816E-05	  6.149710E-07	  0.000000E+00	  4.965895E-05	     16	     88	  8.5367889E-01	     88
 3.06000000E+03	 -1.240000E-02	  8.744047E-03	  0.000000E+00	 -7.120801E-03	 -2.542693E-03	 -1.476808E-04	  4.284709E-04	  2.345982E-03	  1.386750E-06	     88	  5.363612E-01	  1.486693E-02	  4.636388E-01	  2.692089E-01	  2.078674E-02	  5.637249E-02	  3.255814E-01	     40	     85	     45	  1.714112E-01	  2.365981E-01	  6.783803E-09	  3.992851E-05	  1.780663E-05	  6.171654E-07	  0.000000E+00	  4.975159E-05	     15	     88	  8.5367121E-01	     88
 3.07000000E+03	 -1.242500E-02	  8.778557E-03	  0.000000E+00	 -7.122298E-03	 -2.542670E-03	 -1.467427E-04	  4.370594E-04	  2.362872E-03	  4.529319E-06	     88	  5.363394E-01	  1.486989E-02	  4.636606E-01	  2.691976E-01	  2.078168E-02	  5.638382E-02	  3.255814E-01	     40	     85	     45	  1.714216E-01	  2.366091E-01	  6.719490E-09	  3.995096E-05	  1.787502E-05	  6.193332E-07	  0.000000E+00	  4.984453E-05	     15	     88	  8.5366362E-01	     88
 3.08000000E+03	 -1.245000E-02	  8.813394E-03	  0.000000E+00	 -7.123441E-03	 -2.542648E-03	 -1.459048E-04	  4.448554E-04	  2.387360E-03	  4.414065E-06	     88	  5.363172E-01	  1.487293E-02	  4.636828E-01	  2.691862E-01	  2.077654E-02	  5.639524E-02	  3.255814E-01	     40	     85	     45	  1.714324E-01	  2.366205E-01	  6.690691E-09	  3.997195E-05	  1.794406E-05	  6.214873E-07	  0.000000E+00	  4.993669E-05	     16	     88	  8.5365575E-01	     88
 3.09000000E+03	 -1.247500E-02	  8.848917E-03	  0.000000E+00	 -7.124174E-03	 -2.542694E-03	 -1.453342E-04	  4.582141E-04	  2.412836E-03	  8.427130E-06	     88	  5.362943E-01	  1.487600E-02	  4.637057E-01	  2.691746E-01	  2.077143E-02	  5.640677E-02	  3.255814E-01	     40	     85	     45	  1.714440E-01	  2.366327E-01	  6.696176E-09	  3.998978E-05	  1.801454E-05	  6.236398E-07	  0.000000E+00	  5.002716E-05	     16	     88	  8.5364730E-01	     88
 3.10000000E+03	 -1.250000E-02	  8.885022E-03	  0.000000E+00	 -7.124570E-03	 -2.542719E-03	 -1.448943E-04	  4.702930E-04	  2.434833E-03	  1.305932E-05	     88	  5.362710E-01	  1.487901E-02	  4.637290E-01	  2.691630E-01	  2.076638E-02	  5.641838E-02	  3.255814E-01	     40	     85	     45	  1.714563E-01	  2.366457E-01	  6.728327E-09	  4.000455E-05	  1.808661E-05	  6.258017E-07	  0.000000E+00	  5.011619E-05	     16	     88	  8.5363836E-01	     88
 3.11000000E+03	 -1.252500E-02	  8.921824E-03	  0.000000E+00	 -7.124704E-03	 -2.542360E-03	 -1.445562E-04	  4.659344E-04	  2.451053E-03	  4.031148E-06	     88	  5.362473E-01	  1.488198E-02	  4.637527E-01	  2.691514E-01	  2.076140E-02	  5.643003E-02	  3.255814E-01	     40	     85	     45	  1.714693E-01	  2.366595E-01	  6.770677E-09	  4.001631E-05	  1.815993E-05	  6.279780E-07	  0.000000E+00	  5.020349E-05	     16	     88	  8.5362883E-01	     88
 3.12000000E+03	 -1.255000E-02	  8.958099E-03	  0.000000E+00	 -7.124612E-03	 -2.542645E-03	 -1.442158E-04	  4.496861E-04	  2.464639E-03	  3.839089E-06	     88	  5.362235E-01	  1.488496E-02	  4.637765E-01	  2.691398E-01	  2.075650E-02	  5.644162E-02	  3.255814E-01	     40	     85	     45	  1.714818E-01	  2.366727E-01	  6.807886E-09	  4.002841E-05	  1.823423E-05	  6.301677E-07	  0.000000E+00	  5.029212E-05	     16	     88	  8.5361975E-01	     88
 3.13000000E+03	 -1.257500E-02	  8.994814E-03	  0.000000E+00	 -7.124313E-03	 -2.542697E-03	 -1.438315E-04	  4.403445E-04	  2.450777E-03	  3.293948E-07	     88	  5.361994E-01	  1.488806E-02	  4.638006E-01	  2.691282E-01	  2.075172E-02	  5.645324E-02	  3.255814E-01	     40	     85	     45	  1.714948E-01	  2.366863E-01	  6.830990E-09	  4.003797E-05	  1.830998E-05	  6.323665E-07	  0.000000E+00	  5.037964E-05	     16	     88	  8.5361030E-01	     88
 3.14000000E+03	 -1.260000E-02	  9.031384E-03	  0.000000E+00	 -7.123857E-03	 -2.542689E-03	 -1.434117E-04	  4.379554E-04	  2.413801E-03	  1.923731E-07	     88	  5.361752E-01	  1.489118E-02	  4.638248E-01	  2.691165E-01	  2.074697E-02	  5.646491E-02	  3.255814E-01	     40	     85	     45	  1.715076E-01	  2.366999E-01	  6.832012E-09	  4.004654E-05	  1.838710E-05	  6.345685E-07	  0.000000E+00	  5.046754E-05	     16	     88	  8.5360098E-01	     88
 3.15000000E+03	 -1.262500E-02	  9.067526E-03	  0.000000E+00	 -7.123413E-03	 -2.542694E-03	 -1.428943E-04	  4.373284E-04	  2.364907E-03	  1.362257E-06	     88	  5.361511E-01	  1.489423E-02	  4.638489E-01	  2.691048E-01	  2.074219E-02	  5.647656E-02	  3.255814E-01	     40	     85	     45	  1.715199E-01	  2.367128E-01	  6.803880E-09	  4.005541E-05	  1.846502E-05	  6.367654E-07	  0.000000E+00	  5.055650E-05	     16	     88	  8.5359202E-01	     88
 3.16000000E+03	 -1.265000E-02	  9.103289E-03	  0.000000E+00	 -7.123050E-03	 -2.542701E-03	 -1.424368E-04	  4.299771E-04	  2.320865E-03	  1.268963E-07	     88	  5.361270E-01	  1.489723E-02	  4.638730E-01	  2.690933E-01	  2.073742E-02	  5.648812E-02	  3.255814E-01	     40	     85	     45	  1.715317E-01	  2.367254E-01	  6.747049E-09	  4.006499E-05	  1.854323E-05	  6.389479E-07	  0.000000E+00	  5.064641E-05	     16	     88	  8.5358338E-01	     88
 3.17000000E+03	 -1.267500E-02	  9.138813E-03	  0.000000E+00	 -7.122833E-03	 -2.542699E-03	 -1.422729E-04	  4.292594E-04	  2.276227E-03	  7.384648E-07	     88	  5.361029E-01	  1.490036E-02	  4.638971E-01	  2.690818E-01	  2.073271E-02	  5.649958E-02	  3.255814E-01	     40	     85	     45	  1.715433E-01	  2.367376E-01	  6.668750E-09	  4.007516E-05	  1.862149E-05	  6.411082E-07	  0.000000E+00	  5.073693E-05	     16	     88	  8.5357494E-01	     88
 3.18000000E+03	 -1.270000E-02	  9.174035E-03	  0.000000E+00	 -7.122817E-03	 -2.542684E-03	 -1.422876E-04	  4.262361E-04	  2.243840E-03	  2.807814E-06	     88	  5.360787E-01	  1.490357E-02	  4.639213E-01	  2.690704E-01	  2.072810E-02	  5.651095E-02	  3.255814E-01	     40	     85	     45	  1.715545E-01	  2.367494E-01	  6.576708E-09	  4.008648E-05	  1.869941E-05	  6.432413E-07	  0.000000E+00	  5.082821E-05	     17	     88	  8.5356677E-01	     88
 3.19000000E+03	 -1.272500E-02	  9.208848E-03	  0.000000E+00	 -7.123020E-03	 -2.542691E-03	 -1.422917E-04	  4.227287E-04	  2.198826E-03	  1.494655E-06	     88	  5.360545E-01	  1.490689E-02	  4.639455E-01	  2.690592E-01	  2.072354E-02	  5.652221E-02	  3.255814E-01	     40	     85	     45	  1.715653E-01	  2.367608E-01	  6.463379E-09	  4.009983E-05	  1.877638E-05	  6.453418E-07	  0.000000E+00	  5.092052E-05	     17	     88	  8.5355894E-01	     88
 3.20000000E+03	 -1.275000E-02	  9.243584E-03	  0.000000E+00	 -7.123270E-03	 -2.542681E-03	 -1.422599E-04	  4.204079E-04	  2.149513E-03	  3.467286E-07	     88	  5.360304E-01	  1.491026E-02	  4.639696E-01	  2.751382E-01	  1.491160E-02	  6.207109E-02	  3.372093E-01	     40	     85	     45	  1.715759E-01	  2.367720E-01	  6.325599E-09	  4.011434E-05	  1.885247E-05	  6.474021E-07	  0.000000E+00	  5.101304E-05	     18	     88	  8.5355117E-01	     88
 3.21000000E+03	 -1.277500E-02	  9.277526E-03	  0.000000E+00	 -7.123685E-03	 -2.542725E-03	 -1.422858E-04	  4.380989E-04	  2.099191E-03	  6.042306E-07	     89	  5.360065E-01	  1.491359E-02	  4.639935E-01	  2.751275E-01	  1.490706E-02	  6.208182E-02	  3.372093E-01	     40	     85	     45	  1.715857E-01	  2.367823E-01	  6.175370E-09	  4.013176E-05	  1.892772E-05	  6.494152E-07	  0.000000E+00	  5.110758E-05	     19	     89	  8.5354408E-01	     89
 3.22000000E+03	 -1.280000E-02	  9.311212E-03	  0.000000E+00	 -7.124341E-03	 -2.542685E-03	 -1.422019E-04	  4.386075E-04	  2.067231E-03	  1.737581E-06	     87	  5.370687E-01	  9.247360E-03	  4.629313E-01	  2.543034E-01	  1.096915E-02	  5.157899E-02	  3.058824E-01	     40	     85	     45	  1.715951E-01	  2.582098E-01	  6.019252E-09	  4.015044E-05	  1.900242E-05	  6.513800E-07	  0.000000E+00	  5.120277E-05	     17	     87	  8.5353721E-01	     87
 3.23000000E+03	 -1.282500E-02	  9.344184E-03	  0.000000E+00	 -7.125272E-03	 -2.542664E-03	 -1.419512E-04	  4.241784E-04	  2.044414E-03	  1.212385E-05	     89	  5.359594E-01	  1.491986E-02	  4.640406E-01	  2.667329E-01	  9.677718E-03	  5.884853E-02	  3.255814E-01	     40	     85	     45	  1.716037E-01	  2.368013E-01	  5.868088E-09	  4.017177E-05	  1.907635E-05	  6.532948E-07	  0.000000E+00	  5.129979E-05	     18	     89	  8.5353094E-01	     89
 3.24000000E+03	 -1.285000E-02	  9.376464E-03	  0.000000E+00	 -7.126321E-03	 -2.542692E-03	 -1.417521E-04	  4.075827E-04	  2.024316E-03	  1.786194E-06	     88	  5.359363E-01	  1.492302E-02	  4.640637E-01	  2.574173E-01	  5.024032E-03	  5.653614E-02	  3.139535E-01	     40	     85	     45	  1.716115E-01	  2.368096E-01	  5.731542E-09	  4.019554E-05	  1.914964E-05	  6.551634E-07	  0.000000E+00	  5.139858E-05	     19	     88	  8.5352526E-01	     88
 3.25000000E+03	 -1.287500E-02	  9.409432E-03	  0.000000E+00	 -7.127939E-03	 -2.542710E-03	 -1.420791E-04	  4.636832E-04	  2.033465E-03	  2.838408E-06	     89	  5.322425E-01	  1.948871E-02	  4.677575E-01	  2.636454E-01	  9.558085E-03	  5.819363E-02	  3.218391E-01	     41	     86	     45	  1.716201E-01	  2.368186E-01	  5.593147E-09	  4.021871E-05	  1.922188E-05	  6.569874E-07	  0.000000E+00	  5.149568E-05	     20	     89	  8.5351900E-01	     89
 3.26000000E+03	 -1.290000E-02	  9.443040E-03	  0.000000E+00	 -7.129628E-03	 -2.542689E-03	 -1.425226E-04	  4.537646E-04	  2.039683E-03	  2.280129E-06	     90	  5.322197E-01	  1.949175E-02	  4.677803E-01	  2.719128E-01	  1.471392E-02	  6.142052E-02	  3.333333E-01	     41	     86	     45	  1.716294E-01	  2.368285E-01	  5.457718E-09	  4.024230E-05	  1.929219E-05	  6.587672E-07	  0.000000E+00	  5.159123E-05	     18	     90	  8.5351220E-01	     90
 3.27000000E+03	 -1.292500E-02	  9.476446E-03	  0.000000E+00	 -7.131396E-03	 -2.542690E-03	 -1.427466E-04	  4.474486E-04	  2.004476E-03	  3.994443E-07	     90	  5.321974E-01	  1.949483E-02	  4.678026E-01	  2.636244E-01	  9.550075E-03	  5.821466E-02	  3.218391E-01	     41	     86	     45	  1.716385E-01	  2.368381E-01	  5.330696E-09	  4.026828E-05	  1.936070E-05	  6.605044E-07	  0.000000E+00	  5.168733E-05	     18	     90	  8.5350557E-01	     90
 3.28000000E+03	 -1.295000E-02	  9.509767E-03	  0.000000E+00	 -7.133452E-03	 -2.542642E-03	 -1.427707E-04	  4.415923E-04	  1.997814E-03	  1.938117E-05	     89	  5.321752E-01	  1.949767E-02	  4.678248E-01	  2.636141E-01	  9.546134E-03	  5.822498E-02	  3.218391E-01	     41	     86	     45	  1.716475E-01	  2.368476E-01	  5.213868E-09	  4.029630E-05	  1.942747E-05	  6.622034E-07	  0.000000E+00	  5.178370E-05	     17	     89	  8.5349902E-01	     89
 3.29000000E+03	 -1.297500E-02	  9.542464E-03	  0.000000E+00	 -7.135729E-03	 -2.542697E-03	 -1.427468E-04	  4.150020E-04	  2.026524E-03	  1.088244E-06	     90	  5.321532E-01	  1.950035E-02	  4.678468E-01	  2.636037E-01	  9.542155E-03	  5.823533E-02	  3.218391E-01	     41	     86	     45	  1.716558E-01	  2.368563E-01	  5.122283E-09	  4.032692E-05	  1.949328E-05	  6.638690E-07	  0.000000E+00	  5.188171E-05	     19	     90	  8.5349299E-01	     90
 3.30000000E+03	 -1.300000E-02	  9.575225E-03	  0.000000E+00	 -7.138099E-03	 -2.542702E-03	 -1.426303E-04	  4.021420E-04	  2.038183E-03	  1.568396E-06	     89	  5.321314E-01	  1.950282E-02	  4.678686E-01	  2.635934E-01	  9.538142E-03	  5.824568E-02	  3.218391E-01	     41	     86	     45	  1.716641E-01	  2.368651E-01	  5.062262E-09	  4.035827E-05	  1.955825E-05	  6.655098E-07	  0.000000E+00	  5.197961E-05	     20	     89	  8.5348691E-01	     89
 3.31000000E+03	 -1.302500E-02	  9.608302E-03	  0.000000E+00	 -7.140398E-03	 -2.542674E-03	 -1.421606E-04	  4.046888E-04	  2.051945E-03	  6.877253E-06	     89	  5.321097E-01	  1.950517E-02	  4.678903E-01	  2.635830E-01	  9.534057E-03	  5.825609E-02	  3.218391E-01	     41	     86	     45	  1.716728E-01	  2.368743E-01	  5.031276E-09	  4.038932E-05	  1.962279E-05	  6.671358E-07	  0.000000E+00	  5.207680E-05	     19	     89	  8.5348057E-01	     89
 3.32000000E+03	 -1.305000E-02	  9.641008E-03	  0.000000E+00	 -7.142738E-03	 -2.542687E-03	 -1.416221E-04	  3.890632E-04	  2.064327E-03	  1.230418E-06	     89	  5.320883E-01	  1.950743E-02	  4.679117E-01	  2.635726E-01	  9.529891E-03	  5.826648E-02	  3.218391E-01	     41	     86	     45	  1.716811E-01	  2.368831E-01	  5.015662E-09	  4.042155E-05	  1.968714E-05	  6.687537E-07	  0.000000E+00	  5.217498E-05	     19	     89	  8.5347454E-01	     89
 3.33000000E+03	 -1.307500E-02	  9.673519E-03	  0.000000E+00	 -7.145180E-03	 -2.542712E-03	 -1.410648E-04	  3.824902E-04	  2.072816E-03	  2.818530E-06	     88	  5.367898E-01	  2.359390E-02	  4.632102E-01	  2.573326E-01	  4.979289E-03	  5.662089E-02	  3.139535E-01	     40	     85	     45	  1.716892E-01	  2.368916E-01	  5.010505E-09	  4.045401E-05	  1.975181E-05	  6.703670E-07	  0.000000E+00	  5.227372E-05	     18	     88	  8.5346868E-01	     88
 3.34000000E+03	 -1.310000E-02	  9.706415E-03	  0.000000E+00	 -7.147520E-03	 -2.542692E-03	 -1.407427E-04	  3.887910E-04	  2.072160E-03	  2.281035E-08	     88	  5.367678E-01	  2.359637E-02	  4.632322E-01	  2.573231E-01	  4.974155E-03	  5.663035E-02	  3.139535E-01	     40	     85	     45	  1.716977E-01	  2.369005E-01	  5.016172E-09	  4.048409E-05	  1.981795E-05	  6.719800E-07	  0.000000E+00	  5.237155E-05	     18	     88	  8.5346249E-01	     88
 3.35000000E+03	 -1.312500E-02	  9.739085E-03	  0.000000E+00	 -7.150113E-03	 -2.542690E-03	 -1.404480E-04	  3.884697E-04	  2.078728E-03	  2.196806E-06	     88	  5.367460E-01	  2.359874E-02	  4.632540E-01	  2.573136E-01	  4.968975E-03	  5.663985E-02	  3.139535E-01	     40	     85	     45	  1.717059E-01	  2.369092E-01	  5.029813E-09	  4.051504E-05	  1.988384E-05	  6.735961E-07	  0.000000E+00	  5.247003E-05	     19	     88	  8.5345649E-01	     88
 3.36000000E+03	 -1.315000E-02	  9.771819E-03	  0.000000E+00	 -7.152923E-03	 -2.542692E-03	 -1.397480E-04	  3.912757E-04	  2.098942E-03	  3.228069E-06	     88	  5.367244E-01	  2.360093E-02	  4.632756E-01	  2.573041E-01	  4.963672E-03	  5.664936E-02	  3.139535E-01	     40	     85	     45	  1.717142E-01	  2.369180E-01	  5.049451E-09	  4.054779E-05	  1.994785E-05	  6.752180E-07	  0.000000E+00	  5.256842E-05	     19	     88	  8.5345045E-01	     88
 3.37000000E+03	 -1.317500E-02	  9.804618E-03	  0.000000E+00	 -7.155702E-03	 -2.542740E-03	 -1.387292E-04	  3.789038E-04	  2.129915E-03	  9.907236E-07	     88	  5.367028E-01	  2.360305E-02	  4.632972E-01	  2.572947E-01	  4.958248E-03	  5.665880E-02	  3.139535E-01	     40	     85	     45	  1.717226E-01	  2.369268E-01	  5.076482E-09	  4.058204E-05	  2.001025E-05	  6.768471E-07	  0.000000E+00	  5.266673E-05	     18	     88	  8.5344435E-01	     88
 3.38000000E+03	 -1.320000E-02	  9.837546E-03	  0.000000E+00	 -7.158447E-03	 -2.542730E-03	 -1.373985E-04	  3.948809E-04	  2.163662E-03	  3.964741E-06	     88	  5.366812E-01	  2.360510E-02	  4.633188E-01	  2.572853E-01	  4.952757E-03	  5.666821E-02	  3.139535E-01	     40	     85	     45	  1.717311E-01	  2.369358E-01	  5.129742E-09	  4.061660E-05	  2.007206E-05	  6.784891E-07	  0.000000E+00	  5.276479E-05	     18	     88	  8.5343814E-01	     88
 3.39000000E+03	 -1.322500E-02	  9.873938E-03	  0.000000E+00	 -7.161070E-03	 -2.542682E-03	 -1.373799E-04	  1.011099E-03	  2.215476E-03	  2.224914E-06	     89	  5.304955E-01	  2.358140E-02	  4.695045E-01	  2.543186E-01	  4.891078E-03	  5.602622E-02	  3.103448E-01	     41	     86	     45	  1.717436E-01	  2.369491E-01	  4.979821E-09	  4.064004E-05	  2.013657E-05	  6.801233E-07	  0.000000E+00	  5.285423E-05	     18	     89	  8.5342901E-01	     89
 3.40000000E+03	 -1.325000E-02	  9.911687E-03	  0.000000E+00	 -7.162601E-03	 -2.541788E-03	 -1.391740E-04	  1.339303E-03	  3.133076E-03	  1.159759E-05	     87	  5.314695E-01	  1.808264E-02	  4.685305E-01	  2.459226E-01	  6.736717E-03	  5.640302E-02	  3.023256E-01	     41	     86	     45	  1.717577E-01	  2.583845E-01	  4.668220E-09	  4.065699E-05	  2.020447E-05	  6.816776E-07	  0.000000E+00	  5.294034E-05	     16	     87	  8.5341873E-01	     87
 3.41000000E+03	 -1.327500E-02	  9.941803E-03	  0.000000E+00	 -7.166110E-03	 -2.542734E-03	 -1.399576E-04	  1.295992E-03	  3.189463E-03	  3.240004E-05	     87	  5.314469E-01	  1.808752E-02	  4.685531E-01	  2.459160E-01	  6.734327E-03	  5.640955E-02	  3.023256E-01	     41	     86	     45	  1.717630E-01	  2.583901E-01	  4.426237E-09	  4.069602E-05	  2.026953E-05	  6.831519E-07	  0.000000E+00	  5.304566E-05	     17	     87	  8.5341490E-01	     87
 3.42000000E+03	 -1.330000E-02	  9.966963E-03	  0.000000E+00	 -7.172894E-03	 -2.542322E-03	 -1.376297E-04	  1.237249E-03	  3.273679E-03	  1.179747E-05	     88	  5.314262E-01	  1.809254E-02	  4.685738E-01	  2.459101E-01	  6.731869E-03	  5.641545E-02	  3.023256E-01	     41	     86	     45	  1.717625E-01	  2.583896E-01	  4.181219E-09	  4.075313E-05	  2.032917E-05	  6.845453E-07	  0.000000E+00	  5.316356E-05	     15	     88	  8.5341526E-01	     88
 3.43000000E+03	 -1.332500E-02	  9.990076E-03	  0.000000E+00	 -7.179691E-03	 -2.542695E-03	 -1.365720E-04	  1.046510E-03	  3.305339E-03	  5.873548E-06	     87	  5.314076E-01	  1.809712E-02	  4.685924E-01	  2.398103E-01	  1.253735E-02	  5.088740E-02	  2.906977E-01	     41	     86	     45	  1.717596E-01	  2.583865E-01	  4.012424E-09	  4.081752E-05	  2.038683E-05	  6.858669E-07	  0.000000E+00	  5.328677E-05	     15	     87	  8.5341736E-01	     87
 3.44000000E+03	 -1.335000E-02	  1.001397E-02	  0.000000E+00	 -7.185991E-03	 -2.542683E-03	 -1.386825E-04	  1.067592E-03	  3.142842E-03	  2.997346E-06	     87	  5.313894E-01	  1.810209E-02	  4.686106E-01	  2.398057E-01	  1.253634E-02	  5.089195E-02	  2.906977E-01	     41	     86	     45	  1.717576E-01	  2.583844E-01	  3.992742E-09	  4.087720E-05	  2.044730E-05	  6.871660E-07	  0.000000E+00	  5.340820E-05	     14	     87	  8.5341879E-01	     87
 3.45000000E+03	 -1.337500E-02	  1.003545E-02	  0.000000E+00	 -7.193783E-03	 -2.542621E-03	 -1.437489E-04	  9.982118E-04	  2.685931E-03	  2.433246E-07	     86	  5.313717E-01	  1.810675E-02	  4.686283E-01	  2.398004E-01	  1.253580E-02	  5.089725E-02	  2.906977E-01	     41	     86	     45	  1.717529E-01	  2.583793E-01	  3.935942E-09	  4.094309E-05	  2.050781E-05	  6.884624E-07	  0.000000E+00	  5.353583E-05	     14	     86	  8.5342226E-01	     86
 3.46000000E+03	 -1.340000E-02	  1.005413E-02	  0.000000E+00	 -7.203556E-03	 -2.542786E-03	 -1.495918E-04	  8.400703E-04	  2.420205E-03	  5.857150E-06	     87	  5.313549E-01	  1.811128E-02	  4.686451E-01	  2.397956E-01	  1.253556E-02	  5.090211E-02	  2.906977E-01	     41	     86	     45	  1.717449E-01	  2.583706E-01	  3.718326E-09	  4.102467E-05	  2.056012E-05	  6.897101E-07	  0.000000E+00	  5.367075E-05	     15	     87	  8.5342811E-01	     87
 3.47000000E+03	 -1.342500E-02	  1.007363E-02	  0.000000E+00	 -7.214111E-03	 -2.542745E-03	 -1.543903E-04	  8.223193E-04	  2.177260E-03	  5.652001E-06	     87	  5.313387E-01	  1.811536E-02	  4.686613E-01	  2.397917E-01	  1.253546E-02	  5.090596E-02	  2.906977E-01	     41	     86	     45	  1.717378E-01	  2.583630E-01	  3.421778E-09	  4.111244E-05	  2.060458E-05	  6.908643E-07	  0.000000E+00	  5.380384E-05	     14	     87	  8.5343326E-01	     87
 3.48000000E+03	 -1.345000E-02	  1.009316E-02	  0.000000E+00	 -7.224569E-03	 -2.542666E-03	 -1.562366E-04	  7.633655E-04	  2.169776E-03	  4.911044E-06	     86	  5.313226E-01	  1.811947E-02	  4.686774E-01	  2.397878E-01	  1.253494E-02	  5.090991E-02	  2.906977E-01	     41	     86	     45	  1.717308E-01	  2.583555E-01	  3.148951E-09	  4.120167E-05	  2.064786E-05	  6.919202E-07	  0.000000E+00	  5.393715E-05	     13	     86	  8.5343838E-01	     86
 3.49000000E+03	 -1.347500E-02	  1.011235E-02	  0.000000E+00	 -7.235239E-03	 -2.542706E-03	 -1.569264E-04	  6.864376E-04	  2.338365E-03	  1.299680E-05	     87	  5.313065E-01	  1.812206E-02	  4.686935E-01	  2.397834E-01	  1.253342E-02	  5.091425E-02	  2.906977E-01	     41	     86	     45	  1.717233E-01	  2.583475E-01	  3.030798E-09	  4.128981E-05	  2.069330E-05	  6.929139E-07	  0.000000E+00	  5.407160E-05	     15	     87	  8.5344380E-01	     87
 3.50000000E+03	 -1.350000E-02	  1.013172E-02	  0.000000E+00	 -7.244662E-03	 -2.542671E-03	 -1.571601E-04	  6.660129E-04	  2.226127E-03	  3.375034E-06	     87	  5.312902E-01	  1.812423E-02	  4.687098E-01	  2.397786E-01	  1.253127E-02	  5.091903E-02	  2.906977E-01	     41	     86	     45	  1.717161E-01	  2.583397E-01	  3.019177E-09	  4.137635E-05	  2.074003E-05	  6.938932E-07	  0.000000E+00	  5.420584E-05	     14	     87	  8.5344906E-01	     87
 3.51000000E+03	 -1.352500E-02	  1.015293E-02	  0.000000E+00	 -7.253864E-03	 -2.542559E-03	 -1.575590E-04	  6.504067E-04	  2.249124E-03	  1.733687E-05	     87	  5.312735E-01	  1.812699E-02	  4.687265E-01	  2.397741E-01	  1.252906E-02	  5.092353E-02	  2.906977E-01	     41	     86	     45	  1.717110E-01	  2.583343E-01	  3.042657E-09	  4.146118E-05	  2.078407E-05	  6.948771E-07	  0.000000E+00	  5.433571E-05	     14	     87	  8.5345277E-01	     87
 3.52000000E+03	 -1.355000E-02	  1.017368E-02	  0.000000E+00	 -7.263879E-03	 -2.542753E-03	 -1.579128E-04	  6.151791E-04	  2.117624E-03	  8.336529E-06	     88	  5.312572E-01	  1.812977E-02	  4.687428E-01	  2.511093E-01	  1.071902E-02	  5.121628E-02	  3.023256E-01	     41	     86	     45	  1.717054E-01	  2.583282E-01	  3.022767E-09	  4.155180E-05	  2.082374E-05	  6.958586E-07	  0.000000E+00	  5.446697E-05	     16	     88	  8.5345686E-01	     88
 3.53000000E+03	 -1.357500E-02	  1.019565E-02	  0.000000E+00	 -7.272512E-03	 -2.542719E-03	 -1.586118E-04	  6.646745E-04	  2.241634E-03	  1.811447E-06	     88	  5.312404E-01	  1.813294E-02	  4.687596E-01	  2.511041E-01	  1.071624E-02	  5.122149E-02	  3.023256E-01	     41	     86	     45	  1.717012E-01	  2.583237E-01	  3.054221E-09	  4.163492E-05	  2.086806E-05	  6.968385E-07	  0.000000E+00	  5.459542E-05	     17	     88	  8.5345993E-01	     88
 3.54000000E+03	 -1.360000E-02	  1.021973E-02	  0.000000E+00	 -7.278379E-03	 -2.542720E-03	 -1.601174E-04	  6.038217E-04	  2.260090E-03	  2.352273E-06	     87	  5.312223E-01	  1.813640E-02	  4.687777E-01	  2.397593E-01	  1.252384E-02	  5.093840E-02	  2.906977E-01	     41	     86	     45	  1.716994E-01	  2.583218E-01	  3.178207E-09	  4.170489E-05	  2.092033E-05	  6.978457E-07	  0.000000E+00	  5.471878E-05	     17	     87	  8.5346122E-01	     87
 3.55000000E+03	 -1.362500E-02	  1.024572E-02	  0.000000E+00	 -7.283481E-03	 -2.542686E-03	 -1.620931E-04	  5.832814E-04	  2.148280E-03	  1.131715E-06	     85	  5.334127E-01	  1.276684E-02	  4.665873E-01	  2.425738E-01	  1.266971E-02	  5.154388E-02	  2.941176E-01	     40	     85	     45	  1.716998E-01	  2.583223E-01	  3.343512E-09	  4.176525E-05	  2.097744E-05	  6.989038E-07	  0.000000E+00	  5.483748E-05	     15	     85	  8.5346090E-01	     85
 3.56000000E+03	 -1.365000E-02	  1.027164E-02	  0.000000E+00	 -7.289581E-03	 -2.542654E-03	 -1.645214E-04	  5.740587E-04	  2.149840E-03	  2.237414E-05	     87	  5.333936E-01	  1.277104E-02	  4.666064E-01	  2.425677E-01	  1.266843E-02	  5.154997E-02	  2.941176E-01	     40	     85	     45	  1.717002E-01	  2.583227E-01	  3.475133E-09	  4.182868E-05	  2.103178E-05	  7.000097E-07	  0.000000E+00	  5.495648E-05	     17	     87	  8.5346063E-01	     87
 3.57000000E+03	 -1.367500E-02	  1.029686E-02	  0.000000E+00	 -7.296100E-03	 -2.542583E-03	 -1.660851E-04	  5.231961E-04	  2.220012E-03	  1.700781E-05	     86	  5.333748E-01	  1.277534E-02	  4.666252E-01	  2.425621E-01	  1.266691E-02	  5.155554E-02	  2.941176E-01	     40	     85	     45	  1.716998E-01	  2.583222E-01	  3.588765E-09	  4.189876E-05	  2.108138E-05	  7.011528E-07	  0.000000E+00	  5.507742E-05	     16	     86	  8.5346095E-01	     86
 3.58000000E+03	 -1.370000E-02	  1.032121E-02	  0.000000E+00	 -7.303682E-03	 -2.542644E-03	 -1.672817E-04	  4.844087E-04	  2.256621E-03	  6.357133E-06	     86	  5.333564E-01	  1.277957E-02	  4.666436E-01	  2.425570E-01	  1.266541E-02	  5.156065E-02	  2.941176E-01	     40	     85	     45	  1.716983E-01	  2.583206E-01	  3.714021E-09	  4.197297E-05	  2.112920E-05	  7.023294E-07	  0.000000E+00	  5.520074E-05	     16	     86	  8.5346202E-01	     86
 3.59000000E+03	 -1.372500E-02	  1.034525E-02	  0.000000E+00	 -7.311253E-03	 -2.542728E-03	 -1.684404E-04	  5.568367E-04	  2.091355E-03	  2.069058E-06	     87	  5.333377E-01	  1.278369E-02	  4.666623E-01	  2.425522E-01	  1.266385E-02	  5.156548E-02	  2.941176E-01	     40	     85	     45	  1.716965E-01	  2.583187E-01	  3.854519E-09	  4.204560E-05	  2.117949E-05	  7.035510E-07	  0.000000E+00	  5.532503E-05	     15	     87	  8.5346334E-01	     87
 3.60000000E+03	 -1.375000E-02	  1.036984E-02	  0.000000E+00	 -7.317767E-03	 -2.542801E-03	 -1.699110E-04	  5.603206E-04	  2.163870E-03	  7.193951E-05	     88	  5.322986E-01	  1.841860E-02	  4.677014E-01	  2.510632E-01	  1.069718E-02	  5.126237E-02	  3.023256E-01	     40	     85	     45	  1.716953E-01	  2.368980E-01	  4.013576E-09	  4.211379E-05	  2.123296E-05	  7.048272E-07	  0.000000E+00	  5.544812E-05	     14	     88	  8.5346421E-01	     88
 3.61000000E+03	 -1.377500E-02	  1.039628E-02	  0.000000E+00	 -7.323180E-03	 -2.542116E-03	 -1.718065E-04	  5.497950E-04	  2.174834E-03	  1.749211E-05	     87	  5.332974E-01	  1.279245E-02	  4.667026E-01	  2.425419E-01	  1.266095E-02	  5.157577E-02	  2.941176E-01	     40	     85	     45	  1.716963E-01	  2.583184E-01	  4.186257E-09	  4.217578E-05	  2.128808E-05	  7.061594E-07	  0.000000E+00	  5.556673E-05	     16	     87	  8.5346351E-01	     87
 3.62000000E+03	 -1.380000E-02	  1.042305E-02	  0.000000E+00	 -7.328588E-03	 -2.542336E-03	 -1.740104E-04	  4.926925E-04	  2.190893E-03	  2.039824E-05	     87	  5.332767E-01	  1.279727E-02	  4.667233E-01	  2.425367E-01	  1.265993E-02	  5.158094E-02	  2.941176E-01	     40	     85	     45	  1.716976E-01	  2.583199E-01	  4.327909E-09	  4.223855E-05	  2.134172E-05	  7.075457E-07	  0.000000E+00	  5.568467E-05	     16	     87	  8.5346253E-01	     87
 3.63000000E+03	 -1.382500E-02	  1.045116E-02	  0.000000E+00	 -7.333963E-03	 -2.542393E-03	 -1.761920E-04	  4.970268E-04	  2.149583E-03	  2.405675E-05	     89	  5.322382E-01	  1.843276E-02	  4.677618E-01	  2.510466E-01	  1.069028E-02	  5.127897E-02	  3.023256E-01	     40	     85	     45	  1.717005E-01	  2.369035E-01	  4.430725E-09	  4.229917E-05	  2.139427E-05	  7.089674E-07	  0.000000E+00	  5.579936E-05	     15	     89	  8.5346042E-01	     89
 3.64000000E+03	 -1.385000E-02	  1.047923E-02	  0.000000E+00	 -7.338929E-03	 -2.542700E-03	 -1.787172E-04	  5.026254E-04	  2.054624E-03	  5.104576E-06	     88	  5.322182E-01	  1.843744E-02	  4.677818E-01	  2.397063E-01	  1.251128E-02	  5.099133E-02	  2.906977E-01	     40	     85	     45	  1.717033E-01	  2.369065E-01	  4.489055E-09	  4.235901E-05	  2.144787E-05	  7.104144E-07	  0.000000E+00	  5.591430E-05	     15	     88	  8.5345835E-01	     88
 3.65000000E+03	 -1.387500E-02	  1.050715E-02	  0.000000E+00	 -7.344182E-03	 -2.542733E-03	 -1.815331E-04	  4.849969E-04	  2.000269E-03	  4.962374E-06	     88	  5.321979E-01	  1.844183E-02	  4.678021E-01	  2.510353E-01	  1.068617E-02	  5.129033E-02	  3.023256E-01	     40	     85	     45	  1.717060E-01	  2.369093E-01	  4.518156E-09	  4.241789E-05	  2.150296E-05	  7.118729E-07	  0.000000E+00	  5.602977E-05	     14	     88	  8.5345641E-01	     88
 3.66000000E+03	 -1.390000E-02	  1.053481E-02	  0.000000E+00	 -7.349096E-03	 -2.542692E-03	 -1.840216E-04	  4.619505E-04	  1.987219E-03	  4.441879E-06	     87	  5.331938E-01	  1.281565E-02	  4.668062E-01	  2.425153E-01	  1.265656E-02	  5.160231E-02	  2.941176E-01	     40	     85	     45	  1.717084E-01	  2.583315E-01	  4.531270E-09	  4.247591E-05	  2.155970E-05	  7.133398E-07	  0.000000E+00	  5.614600E-05	     14	     87	  8.5345468E-01	     87
 3.67000000E+03	 -1.392500E-02	  1.056226E-02	  0.000000E+00	 -7.354043E-03	 -2.542689E-03	 -1.857560E-04	  3.987599E-04	  1.966001E-03	  4.148583E-06	     87	  5.331730E-01	  1.282004E-02	  4.668270E-01	  2.425098E-01	  1.265509E-02	  5.160788E-02	  2.941176E-01	     40	     85	     45	  1.717105E-01	  2.583337E-01	  4.526226E-09	  4.253512E-05	  2.161596E-05	  7.148052E-07	  0.000000E+00	  5.626292E-05	     15	     87	  8.5345314E-01	     87
 3.68000000E+03	 -1.395000E-02	  1.058934E-02	  0.000000E+00	 -7.359386E-03	 -2.542725E-03	 -1.869621E-04	  4.098058E-04	  1.896184E-03	  7.017207E-06	     87	  5.331525E-01	  1.282419E-02	  4.668475E-01	  2.425043E-01	  1.265336E-02	  5.161338E-02	  2.941176E-01	     40	     85	     45	  1.717122E-01	  2.583356E-01	  4.498659E-09	  4.259655E-05	  2.167105E-05	  7.162640E-07	  0.000000E+00	  5.638088E-05	     15	     87	  8.5345191E-01	     87
 3.69000000E+03	 -1.397500E-02	  1.061675E-02	  0.000000E+00	 -7.364421E-03	 -2.542690E-03	 -1.881961E-04	  4.093867E-04	  1.866182E-03	  3.230609E-06	     88	  5.321174E-01	  1.845889E-02	  4.678826E-01	  2.510115E-01	  1.067499E-02	  5.131413E-02	  3.023256E-01	     40	     85	     45	  1.717143E-01	  2.369181E-01	  4.472989E-09	  4.265729E-05	  2.172616E-05	  7.177127E-07	  0.000000E+00	  5.649815E-05	     16	     88	  8.5345040E-01	     88
 3.70000000E+03	 -1.400000E-02	  1.064382E-02	  0.000000E+00	 -7.369607E-03	 -2.542673E-03	 -1.894899E-04	  4.256219E-04	  1.887621E-03	  6.863022E-07	     88	  5.320977E-01	  1.846275E-02	  4.679023E-01	  2.510055E-01	  1.067207E-02	  5.132008E-02	  3.023256E-01	     40	     85	     45	  1.717159E-01	  2.369198E-01	  4.464257E-09	  4.271872E-05	  2.178156E-05	  7.191547E-07	  0.000000E+00	  5.661641E-05	     15	     88	  8.5344917E-01	     88
 3.71000000E+03	 -1.402500E-02	  1.067038E-02	  0.000000E+00	 -7.374865E-03	 -2.542681E-03	 -1.910214E-04	  4.021293E-04	  1.914289E-03	  1.159033E-06	     88	  5.320784E-01	  1.846659E-02	  4.679216E-01	  2.509995E-01	  1.066919E-02	  5.132608E-02	  3.023256E-01	     40	     85	     45	  1.717170E-01	  2.369210E-01	  4.471186E-09	  4.278192E-05	  2.183658E-05	  7.205972E-07	  0.000000E+00	  5.673608E-05	     16	     88	  8.5344838E-01	     88
 3.72000000E+03	 -1.405000E-02	  1.069695E-02	  0.000000E+00	 -7.380177E-03	 -2.542672E-03	 -1.925541E-04	  3.831611E-04	  1.895933E-03	  2.147825E-06	     87	  5.330718E-01	  1.283975E-02	  4.669282E-01	  2.424819E-01	  1.264672E-02	  5.163576E-02	  2.941176E-01	     40	     85	     45	  1.717181E-01	  2.583419E-01	  4.477188E-09	  4.284638E-05	  2.189048E-05	  7.220410E-07	  0.000000E+00	  5.685590E-05	     15	     87	  8.5344759E-01	     87
 3.73000000E+03	 -1.407500E-02	  1.072344E-02	  0.000000E+00	 -7.385682E-03	 -2.542696E-03	 -1.940587E-04	  3.706988E-04	  1.879199E-03	  2.996525E-06	     88	  5.320400E-01	  1.847438E-02	  4.679600E-01	  2.509880E-01	  1.066383E-02	  5.133761E-02	  3.023256E-01	     40	     85	     45	  1.717191E-01	  2.369232E-01	  4.470669E-09	  4.291285E-05	  2.194271E-05	  7.234836E-07	  0.000000E+00	  5.697603E-05	     14	     88	  8.5344686E-01	     88
 3.74000000E+03	 -1.410000E-02	  1.074971E-02	  0.000000E+00	 -7.391433E-03	 -2.542701E-03	 -1.957544E-04	  3.838848E-04	  1.858585E-03	  1.061317E-06	     88	  5.320209E-01	  1.847843E-02	  4.679791E-01	  2.509824E-01	  1.066130E-02	  5.134317E-02	  3.023256E-01	     40	     85	     45	  1.717199E-01	  2.369240E-01	  4.462217E-09	  4.298070E-05	  2.199428E-05	  7.249228E-07	  0.000000E+00	  5.709688E-05	     16	     88	  8.5344632E-01	     88
 3.75000000E+03	 -1.412500E-02	  1.077583E-02	  0.000000E+00	 -7.397130E-03	 -2.542697E-03	 -1.977407E-04	  3.941137E-04	  1.859301E-03	  1.433216E-06	     88	  5.320018E-01	  1.848259E-02	  4.679982E-01	  2.509768E-01	  1.065877E-02	  5.134877E-02	  3.023256E-01	     40	     85	     45	  1.717204E-01	  2.369246E-01	  4.458355E-09	  4.304902E-05	  2.204590E-05	  7.263616E-07	  0.000000E+00	  5.721825E-05	     15	     88	  8.5344591E-01	     88
 3.76000000E+03	 -1.415000E-02	  1.080162E-02	  0.000000E+00	 -7.402902E-03	 -2.542696E-03	 -1.997804E-04	  3.937567E-04	  1.855679E-03	  2.720177E-06	     89	  5.319826E-01	  1.848687E-02	  4.680174E-01	  2.509712E-01	  1.065622E-02	  5.135438E-02	  3.023256E-01	     40	     85	     45	  1.717206E-01	  2.369248E-01	  4.462711E-09	  4.311793E-05	  2.209789E-05	  7.278011E-07	  0.000000E+00	  5.734060E-05	     16	     89	  8.5344578E-01	     89
 3.77000000E+03	 -1.417500E-02	  1.082768E-02	  0.000000E+00	 -7.408747E-03	 -2.542683E-03	 -2.018055E-04	  3.768161E-04	  1.877005E-03	  2.541074E-06	     87	  5.329732E-01	  1.286066E-02	  4.670268E-01	  2.424556E-01	  1.264008E-02	  5.166205E-02	  2.941176E-01	     40	     85	     45	  1.717211E-01	  2.583451E-01	  4.467700E-09	  4.318697E-05	  2.214923E-05	  7.292433E-07	  0.000000E+00	  5.746242E-05	     14	     87	  8.5344542E-01	     87
 3.78000000E+03	 -1.420000E-02	  1.085366E-02	  0.000000E+00	 -7.414744E-03	 -2.542705E-03	 -2.036257E-04	  3.761929E-04	  1.875229E-03	  7.361541E-06	     88	  5.319441E-01	  1.849568E-02	  4.680559E-01	  2.509600E-01	  1.065099E-02	  5.136554E-02	  3.023256E-01	     40	     85	     45	  1.717215E-01	  2.369257E-01	  4.470963E-09	  4.325748E-05	  2.219943E-05	  7.306856E-07	  0.000000E+00	  5.758458E-05	     15	     88	  8.5344512E-01	     88
 3.79000000E+03	 -1.422500E-02	  1.087974E-02	  0.000000E+00	 -7.420809E-03	 -2.542698E-03	 -2.054750E-04	  3.628164E-04	  1.865811E-03	  1.400364E-06	     89	  5.319250E-01	  1.850005E-02	  4.680750E-01	  2.509545E-01	  1.064838E-02	  5.137106E-02	  3.023256E-01	     40	     85	     45	  1.717220E-01	  2.369262E-01	  4.472891E-09	  4.332895E-05	  2.224862E-05	  7.321285E-07	  0.000000E+00	  5.770669E-05	     15	     89	  8.5344475E-01	     89
 3.80000000E+03	 -1.425000E-02	  1.090549E-02	  0.000000E+00	 -7.426974E-03	 -2.542699E-03	 -2.071647E-04	  3.721661E-04	  1.860784E-03	  1.856716E-06	     89	  5.319060E-01	  1.850443E-02	  4.680940E-01	  2.509490E-01	  1.064580E-02	  5.137660E-02	  3.023256E-01	     40	     85	     45	  1.717221E-01	  2.369264E-01	  4.476744E-09	  4.340140E-05	  2.229780E-05	  7.335721E-07	  0.000000E+00	  5.782975E-05	     16	     89	  8.5344465E-01	     89
 3.81000000E+03	 -1.427500E-02	  1.093106E-02	  0.000000E+00	 -7.433025E-03	 -2.542686E-03	 -2.090698E-04	  3.714320E-04	  1.855426E-03	  5.816408E-06	     89	  5.318869E-01	  1.850873E-02	  4.681131E-01	  2.509434E-01	  1.064318E-02	  5.138223E-02	  3.023256E-01	     40	     85	     45	  1.717221E-01	  2.369263E-01	  4.478357E-09	  4.347387E-05	  2.234758E-05	  7.350184E-07	  0.000000E+00	  5.795345E-05	     15	     89	  8.5344471E-01	     89
 3.82000000E+03	 -1.430000E-02	  1.095651E-02	  0.000000E+00	 -7.438948E-03	 -2.542683E-03	 -2.109624E-04	  3.651747E-04	  1.857759E-03	  5.948514E-06	     88	  5.318679E-01	  1.851309E-02	  4.681321E-01	  2.509378E-01	  1.064059E-02	  5.138782E-02	  3.023256E-01	     40	     85	     45	  1.717218E-01	  2.369261E-01	  4.484596E-09	  4.354632E-05	  2.239781E-05	  7.364656E-07	  0.000000E+00	  5.807759E-05	     15	     88	  8.5344487E-01	     88
 3.83000000E+03	 -1.432500E-02	  1.098211E-02	  0.000000E+00	 -7.444876E-03	 -2.542693E-03	 -2.129464E-04	  3.469963E-04	  1.875970E-03	  1.180927E-06	     89	  5.318489E-01	  1.851748E-02	  4.681511E-01	  2.509322E-01	  1.063804E-02	  5.139338E-02	  3.023256E-01	     40	     85	     45	  1.717218E-01	  2.369260E-01	  4.492569E-09	  4.361877E-05	  2.244783E-05	  7.379150E-07	  0.000000E+00	  5.820151E-05	     15	     89	  8.5344490E-01	     89
 3.84000000E+03	 -1.435000E-02	  1.100786E-02	  0.000000E+00	 -7.450806E-03	 -2.542692E-03	 -2.148817E-04	  3.591349E-04	  1.867987E-03	  2.824423E-07	     89	  5.318298E-01	  1.852191E-02	  4.681702E-01	  2.509267E-01	  1.063550E-02	  5.139891E-02	  3.023256E-01	     40	     85	     45	  1.717219E-01	  2.369261E-01	  4.503254E-09	  4.369115E-05	  2.249769E-05	  7.393665E-07	  0.000000E+00	  5.832523E-05	     17	     89	  8.5344482E-01	     89
 3.85000000E+03	 -1.437500E-02	  1.103388E-02	  0.000000E+00	 -7.456666E-03	 -2.542674E-03	 -2.168885E-04	  3.516438E-04	  1.878889E-03	  1.280833E-06	     89	  5.318107E-01	  1.852624E-02	  4.681893E-01	  2.509211E-01	  1.063294E-02	  5.140449E-02	  3.023256E-01	     40	     85	     45	  1.717224E-01	  2.369266E-01	  4.516587E-09	  4.376307E-05	  2.254748E-05	  7.408221E-07	  0.000000E+00	  5.844840E-05	     16	     89	  8.5344449E-01	     89
 3.86000000E+03	 -1.440000E-02	  1.105975E-02	  0.000000E+00	 -7.462515E-03	 -2.542693E-03	 -2.188365E-04	  3.643570E-04	  1.865257E-03	  1.430711E-07	     89	  5.317915E-01	  1.853061E-02	  4.682085E-01	  2.509155E-01	  1.063039E-02	  5.141012E-02	  3.023256E-01	     40	     85	     45	  1.717226E-01	  2.369269E-01	  4.528736E-09	  4.383559E-05	  2.259721E-05	  7.422818E-07	  0.000000E+00	  5.857212E-05	     15	     89	  8.5344430E-01	     89
 3.87000000E+03	 -1.442500E-02	  1.108577E-02	  0.000000E+00	 -7.468347E-03	 -2.542693E-03	 -2.207976E-04	  3.525498E-04	  1.872116E-03	  8.343923E-08	     89	  5.317722E-01	  1.853491E-02	  4.682278E-01	  2.509098E-01	  1.062781E-02	  5.141577E-02	  3.023256E-01	     40	     85	     45	  1.717230E-01	  2.369273E-01	  4.539094E-09	  4.390811E-05	  2.264673E-05	  7.437456E-07	  0.000000E+00	  5.869564E-05	     16	     89	  8.5344400E-01	     89
 3.88000000E+03	 -1.445000E-02	  1.111179E-02	  0.000000E+00	 -7.474148E-03	 -2.542698E-03	 -2.227622E-04	  3.635361E-04	  1.868494E-03	  1.047552E-06	     89	  5.317530E-01	  1.853926E-02	  4.682470E-01	  2.509042E-01	  1.062522E-02	  5.142140E-02	  3.023256E-01	     40	     85	     45	  1.717235E-01	  2.369278E-01	  4.553384E-09	  4.398107E-05	  2.269594E-05	  7.452132E-07	  0.000000E+00	  5.881928E-05	     15	     89	  8.5344368E-01	     89
 3.89000000E+03	 -1.447500E-02	  1.113793E-02	  0.000000E+00	 -7.479933E-03	 -2.542701E-03	 -2.246311E-04	  3.550313E-04	  1.884187E-03	  4.780576E-06	     89	  5.317337E-01	  1.854359E-02	  4.682663E-01	  2.508986E-01	  1.062260E-02	  5.142703E-02	  3.023256E-01	     40	     85	     45	  1.717240E-01	  2.369284E-01	  4.572620E-09	  4.405421E-05	  2.274481E-05	  7.466867E-07	  0.000000E+00	  5.894278E-05	     16	     89	  8.5344327E-01	     89
 3.90000000E+03	 -1.450000E-02	  1.116405E-02	  0.000000E+00	 -7.485722E-03	 -2.542707E-03	 -2.263852E-04	  3.647611E-04	  1.882096E-03	  3.735344E-06	     89	  5.317143E-01	  1.854794E-02	  4.682857E-01	  2.508929E-01	  1.061994E-02	  5.143265E-02	  3.023256E-01	     40	     85	     45	  1.717246E-01	  2.369290E-01	  4.595045E-09	  4.412763E-05	  2.279356E-05	  7.481674E-07	  0.000000E+00	  5.906646E-05	     14	     89	  8.5344286E-01	     89
 3.91000000E+03	 -1.452500E-02	  1.119036E-02	  0.000000E+00	 -7.491327E-03	 -2.542696E-03	 -2.281819E-04	  3.585351E-04	  1.887230E-03	  7.380667E-08	     89	  5.316949E-01	  1.855225E-02	  4.683051E-01	  2.508873E-01	  1.061726E-02	  5.143832E-02	  3.023256E-01	     40	     85	     45	  1.717254E-01	  2.369298E-01	  4.615937E-09	  4.420049E-05	  2.284258E-05	  7.496558E-07	  0.000000E+00	  5.918984E-05	     15	     89	  8.5344231E-01	     89
 3.92000000E+03	 -1.455000E-02	  1.121656E-02	  0.000000E+00	 -7.496983E-03	 -2.542707E-03	 -2.299346E-04	  3.502381E-04	  1.891484E-03	  1.085577E-06	     89	  5.316754E-01	  1.855654E-02	  4.683246E-01	  2.508816E-01	  1.061460E-02	  5.144398E-02	  3.023256E-01	     40	     85	     45	  1.717260E-01	  2.369305E-01	  4.634174E-09	  4.427386E-05	  2.289150E-05	  7.511501E-07	  0.000000E+00	  5.931365E-05	     15	     89	  8.5344185E-01	     89
 3.93000000E+03	 -1.457500E-02	  1.124288E-02	  0.000000E+00	 -7.502637E-03	 -2.542701E-03	 -2.317099E-04	  3.455452E-04	  1.898461E-03	  2.346886E-07	     89	  5.316560E-01	  1.856076E-02	  4.683440E-01	  2.508759E-01	  1.061193E-02	  5.144966E-02	  3.023256E-01	     40	     85	     45	  1.717268E-01	  2.369313E-01	  4.653551E-09	  4.434724E-05	  2.294025E-05	  7.526498E-07	  0.000000E+00	  5.943731E-05	     15	     89	  8.5344129E-01	     89
 3.94000000E+03	 -1.460000E-02	  1.126917E-02	  0.000000E+00	 -7.508249E-03	 -2.542696E-03	 -2.335002E-04	  3.467638E-04	  1.901940E-03	  1.037281E-06	     89	  5.316367E-01	  1.856502E-02	  4.683633E-01	  2.508702E-01	  1.060928E-02	  5.145536E-02	  3.023256E-01	     40	     85	     45	  1.717275E-01	  2.369320E-01	  4.675151E-09	  4.442107E-05	  2.298877E-05	  7.541554E-07	  0.000000E+00	  5.956118E-05	     15	     89	  8.5344075E-01	     89
 3.95000000E+03	 -1.462500E-02	  1.129545E-02	  0.000000E+00	 -7.513836E-03	 -2.542695E-03	 -2.353034E-04	  3.502858E-04	  1.904991E-03	  1.103270E-06	     89	  5.316173E-01	  1.856924E-02	  4.683827E-01	  2.508645E-01	  1.060661E-02	  5.146108E-02	  3.023256E-01	     40	     85	     45	  1.717282E-01	  2.369328E-01	  4.699252E-09	  4.449513E-05	  2.303723E-05	  7.556683E-07	  0.000000E+00	  5.968524E-05	     16	     89	  8.5344023E-01	     89
 3.96000000E+03	 -1.465000E-02	  1.132165E-02	  0.000000E+00	 -7.519427E-03	 -2.542702E-03	 -2.370862E-04	  3.496916E-04	  1.908407E-03	  1.047296E-06	     89	  5.315980E-01	  1.857349E-02	  4.684020E-01	  2.508588E-01	  1.060394E-02	  5.146681E-02	  3.023256E-01	     40	     85	     45	  1.717288E-01	  2.369335E-01	  4.723670E-09	  4.456944E-05	  2.308577E-05	  7.571888E-07	  0.000000E+00	  5.980963E-05	     15	     89	  8.5343977E-01	     89
 3.97000000E+03	 -1.467500E-02	  1.134794E-02	  0.000000E+00	 -7.524966E-03	 -2.542706E-03	 -2.388660E-04	  3.537912E-04	  1.910991E-03	  2.079642E-06	     89	  5.315785E-01	  1.857772E-02	  4.684215E-01	  2.508530E-01	  1.060125E-02	  5.147253E-02	  3.023256E-01	     40	     85	     45	  1.717296E-01	  2.369342E-01	  4.749902E-09	  4.464358E-05	  2.313440E-05	  7.587175E-07	  0.000000E+00	  5.993395E-05	     16	     89	  8.5343924E-01	     89
 3.98000000E+03	 -1.470000E-02	  1.137424E-02	  0.000000E+00	 -7.530469E-03	 -2.542700E-03	 -2.406377E-04	  3.532250E-04	  1.915128E-03	  8.386905E-07	     89	  5.315591E-01	  1.858195E-02	  4.684409E-01	  2.572182E-01	  1.638576E-02	  5.673529E-02	  3.139535E-01	     40	     85	     45	  1.717303E-01	  2.369350E-01	  4.776099E-09	  4.471784E-05	  2.318301E-05	  7.602549E-07	  0.000000E+00	  6.005838E-05	     15	     89	  8.5343870E-01	     89
 3.99000000E+03	 -1.472500E-02	  1.140062E-02	  0.000000E+00	 -7.535941E-03	 -2.542721E-03	 -2.424150E-04	  3.548180E-04	  1.919725E-03	  2.479601E-06	     89	  5.315397E-01	  1.858620E-02	  4.684603E-01	  2.572124E-01	  1.638306E-02	  5.674105E-02	  3.139535E-01	     40	     85	     45	  1.717311E-01	  2.369359E-01	  4.803249E-09	  4.479225E-05	  2.323143E-05	  7.618010E-07	  0.000000E+00	  6.018278E-05	     16	     89	  8.5343809E-01	     89
 4.00000000E+03	 -1.475000E-02	  1.142703E-02	  0.000000E+00	 -7.541403E-03	 -2.542695E-03	 -2.441712E-04	  3.553936E-04	  1.915965E-03	  6.910749E-08	     89	  5.315202E-01	  1.859047E-02	  4.684798E-01	  2.572067E-01	  1.638037E-02	  5.674681E-02	  3.139535E-01	     40	     85	     45	  1.717320E-01	  2.369368E-01	  4.825484E-09	  4.486697E-05	  2.327957E-05	  7.633552E-07	  0.000000E+00	  6.030722E-05	     16	     89	  8.5343746E-01	     89
 4.01000000E+03	 -1.477500E-02	  1.145342E-02	  0.000000E+00	 -7.546863E-03	 -2.542706E-03	 -2.459589E-04	  3.569139E-04	  1.914295E-03	  4.463030E-06	     89	  5.315007E-01	  1.859475E-02	  4.684993E-01	  2.572009E-01	  1.637767E-02	  5.675258E-02	  3.139535E-01	     40	     85	     45	  1.717329E-01	  2.369377E-01	  4.845473E-09	  4.494213E-05	  2.332748E-05	  7.649163E-07	  0.000000E+00	  6.043188E-05	     15	     89	  8.5343685E-01	     89
 4.02000000E+03	 -1.480000E-02	  1.147982E-02	  0.000000E+00	 -7.552317E-03	 -2.542704E-03	 -2.477510E-04	  3.517306E-04	  1.915581E-03	  1.711918E-06	     89	  5.314812E-01	  1.859905E-02	  4.685188E-01	  2.571951E-01	  1.637498E-02	  5.675838E-02	  3.139535E-01	     40	     85	     45	  1.717337E-01	  2.369386E-01	  4.862064E-09	  4.501760E-05	  2.337520E-05	  7.664833E-07	  0.000000E+00	  6.055665E-05	     15	     89	  8.5343623E-01	     89
 4.03000000E+03	 -1.482500E-02	  1.150622E-02	  0.000000E+00	 -7.557797E-03	 -2.542698E-03	 -2.495598E-04	  3.523358E-04	  1.914729E-03	  4.234126E-07	     89	  5.314617E-01	  1.860340E-02	  4.685383E-01	  2.571893E-01	  1.637229E-02	  5.676416E-02	  3.139535E-01	     40	     85	     45	  1.717346E-01	  2.369395E-01	  4.877345E-09	  4.509341E-05	  2.342271E-05	  7.680553E-07	  0.000000E+00	  6.068156E-05	     16	     89	  8.5343561E-01	     89
 4.04000000E+03	 -1.485000E-02	  1.153255E-02	  0.000000E+00	 -7.563295E-03	 -2.542697E-03	 -2.513816E-04	  3.495666E-04	  1.916863E-03	  1.433890E-09	     89	  5.314423E-01	  1.860775E-02	  4.685577E-01	  2.571836E-01	  1.636961E-02	  5.676993E-02	  3.139535E-01	     40	     85	     45	  1.717353E-01	  2.369403E-01	  4.891900E-09	  4.516969E-05	  2.347007E-05	  7.696318E-07	  0.000000E+00	  6.080678E-05	     16	     89	  8.5343505E-01	     89
 4.05000000E+03	 -1.487500E-02	  1.155884E-02	  0.000000E+00	 -7.568831E-03	 -2.542697E-03	 -2.532323E-04	  3.519179E-04	  1.917283E-03	  5.171044E-09	     89	  5.314228E-01	  1.861214E-02	  4.685772E-01	  2.571778E-01	  1.636693E-02	  5.677569E-02	  3.139535E-01	     40	     85	     45	  1.717360E-01	  2.369410E-01	  4.907319E-09	  4.524643E-05	  2.351724E-05	  7.712130E-07	  0.000000E+00	  6.093228E-05	     16	     89	  8.5343453E-01	     89
 4.06000000E+03	 -1.490000E-02	  1.158506E-02	  0.000000E+00	 -7.574362E-03	 -2.542698E-03	 -2.550974E-04	  3.498036E-04	  1.919665E-03	  2.357454E-07	     89	  5.314034E-01	  1.861653E-02	  4.685966E-01	  2.571720E-01	  1.636425E-02	  5.678145E-02	  3.139535E-01	     40	     85	     45	  1.717367E-01	  2.369417E-01	  4.922416E-09	  4.532367E-05	  2.356418E-05	  7.727991E-07	  0.000000E+00	  6.105808E-05	     16	     89	  8.5343407E-01	     89
 4.07000000E+03	 -1.492500E-02	  1.161129E-02	  0.000000E+00	 -7.579892E-03	 -2.542697E-03	 -2.569825E-04	  3.514796E-04	  1.919421E-03	  4.579808E-08	     89	  5.313840E-01	  1.862093E-02	  4.686160E-01	  2.571663E-01	  1.636158E-02	  5.678721E-02	  3.139535E-01	     40	     85	     45	  1.717373E-01	  2.369424E-01	  4.937396E-09	  4.540135E-05	  2.361084E-05	  7.743899E-07	  0.000000E+00	  6.118401E-05	     16	     89	  8.5343360E-01	     89
 4.08000000E+03	 -1.495000E-02	  1.163750E-02	  0.000000E+00	 -7.585422E-03	 -2.542696E-03	 -2.588637E-04	  3.495254E-04	  1.920642E-03	  2.598492E-07	     89	  5.313646E-01	  1.862533E-02	  4.686354E-01	  2.571605E-01	  1.635890E-02	  5.679297E-02	  3.139535E-01	     40	     85	     45	  1.717379E-01	  2.369431E-01	  4.951483E-09	  4.547945E-05	  2.365724E-05	  7.759852E-07	  0.000000E+00	  6.131011E-05	     16	     89	  8.5343314E-01	     89
 4.09000000E+03	 -1.497500E-02	  1.166373E-02	  0.000000E+00	 -7.590953E-03	 -2.542693E-03	 -2.607281E-04	  3.525956E-04	  1.919483E-03	  9.719965E-08	     89	  5.313452E-01	  1.862973E-02	  4.686548E-01	  2.571548E-01	  1.635622E-02	  5.679874E-02	  3.139535E-01	     40	     85	     45	  1.717386E-01	  2.369437E-01	  4.965640E-09	  4.555791E-05	  2.370338E-05	  7.775851E-07	  0.000000E+00	  6.143634E-05	     16	     89	  8.5343268E-01	     89
 4.10000000E+03	 -1.500000E-02	  1.168995E-02	  0.000000E+00	 -7.596461E-03	 -2.542690E-03	 -2.625750E-04	  3.501218E-04	  1.921739E-03	  7.698026E-07	     89	  5.313258E-01	  1.863412E-02	  4.686742E-01	  2.571490E-01	  1.635354E-02	  5.680451E-02	  3.139535E-01	     40	     85	     45	  1.717392E-01	  2.369444E-01	  4.979342E-09	  4.563671E-05	  2.374935E-05	  7.791895E-07	  0.000000E+00	  6.156273E-05	     16	     89	  8.5343222E-01	     89
 4.11000000E+03	 -1.502500E-02	  1.171615E-02	  0.000000E+00	 -7.601981E-03	 -2.542689E-03	 -2.644175E-04	  3.518190E-04	  1.920303E-03	  1.888601E-06	     89	  5.313064E-01	  1.863851E-02	  4.686936E-01	  2.571432E-01	  1.635085E-02	  5.681028E-02	  3.139535E-01	     40	     85	     45	  1.717398E-01	  2.369450E-01	  4.992279E-09	  4.571589E-05	  2.379514E-05	  7.807982E-07	  0.000000E+00	  6.168932E-05	     16	     89	  8.5343178E-01	     89
 4.12000000E+03	 -1.505000E-02	  1.174233E-02	  0.000000E+00	 -7.607496E-03	 -2.542688E-03	 -2.662509E-04	  3.498603E-04	  1.921074E-03	  1.671319E-06	     89	  5.312870E-01	  1.864290E-02	  4.687130E-01	  2.571374E-01	  1.634815E-02	  5.681606E-02	  3.139535E-01	     40	     85	     45	  1.717404E-01	  2.369456E-01	  5.004236E-09	  4.579541E-05	  2.384078E-05	  7.824107E-07	  0.000000E+00	  6.181610E-05	     16	     89	  8.5343136E-01	     89
 4.13000000E+03	 -1.507500E-02	  1.176848E-02	  0.000000E+00	 -7.613013E-03	 -2.542695E-03	 -2.680911E-04	  3.514484E-04	  1.918654E-03	  6.581263E-08	     89	  5.312676E-01	  1.864730E-02	  4.687324E-01	  2.571317E-01	  1.634545E-02	  5.682183E-02	  3.139535E-01	     40	     85	     45	  1.717409E-01	  2.369462E-01	  5.014922E-09	  4.587534E-05	  2.388623E-05	  7.840269E-07	  0.000000E+00	  6.194310E-05	     16	     89	  8.5343096E-01	     89
 4.14000000E+03	 -1.510000E-02	  1.179466E-02	  0.000000E+00	 -7.618519E-03	 -2.542693E-03	 -2.699286E-04	  3.504434E-04	  1.918762E-03	  1.722305E-07	     89	  5.312482E-01	  1.865169E-02	  4.687518E-01	  2.571259E-01	  1.634274E-02	  5.682760E-02	  3.139535E-01	     40	     85	     45	  1.717415E-01	  2.369468E-01	  5.024998E-09	  4.595548E-05	  2.393154E-05	  7.856464E-07	  0.000000E+00	  6.207019E-05	     16	     89	  8.5343055E-01	     89
 4.15000000E+03	 -1.512500E-02	  1.182086E-02	  0.000000E+00	 -7.624008E-03	 -2.542691E-03	 -2.717695E-04	  3.510817E-04	  1.917861E-03	  1.897765E-07	     89	  5.312288E-01	  1.865609E-02	  4.687712E-01	  2.460117E-01	  1.874237E-02	  5.631384E-02	  3.023256E-01	     40	     85	     45	  1.717421E-01	  2.369475E-01	  5.034592E-09	  4.603584E-05	  2.397671E-05	  7.872690E-07	  0.000000E+00	  6.219735E-05	     16	     89	  8.5343011E-01	     89
 4.16000000E+03	 -1.515000E-02	  1.184705E-02	  0.000000E+00	 -7.629482E-03	 -2.542694E-03	 -2.736014E-04	  3.504241E-04	  1.916628E-03	  1.406529E-07	     89	  5.312093E-01	  1.866049E-02	  4.687907E-01	  2.460062E-01	  1.874023E-02	  5.631937E-02	  3.023256E-01	     40	     85	     45	  1.717427E-01	  2.369481E-01	  5.042932E-09	  4.611649E-05	  2.402175E-05	  7.888945E-07	  0.000000E+00	  6.232467E-05	     16	     89	  8.5342968E-01	     89
 4.17000000E+03	 -1.517500E-02	  1.187327E-02	  0.000000E+00	 -7.634945E-03	 -2.542692E-03	 -2.754433E-04	  3.497677E-04	  1.916416E-03	  3.216746E-07	     89	  5.311899E-01	  1.866487E-02	  4.688101E-01	  2.460007E-01	  1.873809E-02	  5.632490E-02	  3.023256E-01	     40	     85	     45	  1.717433E-01	  2.369487E-01	  5.050913E-09	  4.619739E-05	  2.406664E-05	  7.905226E-07	  0.000000E+00	  6.245210E-05	     16	     89	  8.5342923E-01	     89
 4.18000000E+03	 -1.520000E-02	  1.189948E-02	  0.000000E+00	 -7.640401E-03	 -2.542693E-03	 -2.772799E-04	  3.492690E-04	  1.916257E-03	  3.224100E-07	     89	  5.311705E-01	  1.866927E-02	  4.688295E-01	  2.459952E-01	  1.873596E-02	  5.633043E-02	  3.023256E-01	     40	     85	     45	  1.717439E-01	  2.369494E-01	  5.058756E-09	  4.627863E-05	  2.411135E-05	  7.921532E-07	  0.000000E+00	  6.257968E-05	     16	     89	  8.5342879E-01	     89
 4.19000000E+03	 -1.522500E-02	  1.192611E-02	  0.000000E+00	 -7.645552E-03	 -2.542716E-03	 -2.792266E-04	  3.607229E-04	  1.929306E-03	  5.940633E-06	     89	  5.311509E-01	  1.867363E-02	  4.688491E-01	  2.459896E-01	  1.873386E-02	  5.633598E-02	  3.023256E-01	     40	     85	     45	  1.717450E-01	  2.369505E-01	  5.068124E-09	  4.635711E-05	  2.415788E-05	  7.937863E-07	  0.000000E+00	  6.270634E-05	     18	     89	  8.5342800E-01	     89
 4.20000000E+03	 -1.525000E-02	  1.195350E-02	  0.000000E+00	 -7.650369E-03	 -2.542696E-03	 -2.813951E-04	  3.744188E-04	  2.012844E-03	  2.263159E-06	     89	  5.311309E-01	  1.867772E-02	  4.688691E-01	  2.364779E-01	  1.880937E-02	  4.259189E-02	  2.790698E-01	     40	     85	     45	  1.717470E-01	  2.369526E-01	  5.096327E-09	  4.643046E-05	  2.420777E-05	  7.954249E-07	  0.000000E+00	  6.283124E-05	     18	     89	  8.5342656E-01	     89
 4.21000000E+03	 -1.527500E-02	  1.198084E-02	  0.000000E+00	 -7.654848E-03	 -2.542696E-03	 -2.833735E-04	  3.955345E-04	  2.075065E-03	  1.152600E-06	     89	  5.311104E-01	  1.868183E-02	  4.688896E-01	  2.364743E-01	  1.880753E-02	  4.259551E-02	  2.790698E-01	     40	     85	     45	  1.717489E-01	  2.369546E-01	  5.152463E-09	  4.650005E-05	  2.426163E-05	  7.970791E-07	  0.000000E+00	  6.295640E-05	     17	     89	  8.5342518E-01	     89
 4.22000000E+03	 -1.530000E-02	  1.200820E-02	  0.000000E+00	 -7.660110E-03	 -2.542703E-03	 -2.847949E-04	  4.988234E-04	  2.080815E-03	  4.609180E-07	     90	  5.337280E-01	  1.356669E-02	  4.662720E-01	  2.386567E-01	  1.290445E-02	  4.869966E-02	  2.873563E-01	     41	     86	     45	  1.717508E-01	  2.369567E-01	  5.149031E-09	  4.656583E-05	  2.431942E-05	  7.987465E-07	  0.000000E+00	  6.308162E-05	     19	     90	  8.5342377E-01	     90
 4.23000000E+03	 -1.532500E-02	  1.203663E-02	  0.000000E+00	 -7.664194E-03	 -2.542715E-03	 -2.861480E-04	  4.739190E-04	  2.045552E-03	  1.277772E-05	     88	  5.347131E-01	  7.946626E-03	  4.652869E-01	  2.251580E-01	  2.070337E-02	  4.228386E-02	  2.674419E-01	     41	     86	     45	  1.717540E-01	  2.583804E-01	  5.035758E-09	  4.662533E-05	  2.438105E-05	  8.003926E-07	  0.000000E+00	  6.320429E-05	     16	     88	  8.5342146E-01	     88
 4.24000000E+03	 -1.535000E-02	  1.206651E-02	  0.000000E+00	 -7.666974E-03	 -2.542686E-03	 -2.878569E-04	  4.320597E-04	  2.000691E-03	  2.387923E-06	     87	  5.346898E-01	  7.950084E-03	  4.653102E-01	  2.251541E-01	  2.070217E-02	  4.228772E-02	  2.674419E-01	     41	     86	     45	  1.717588E-01	  2.583856E-01	  4.861499E-09	  4.667768E-05	  2.444642E-05	  8.019901E-07	  0.000000E+00	  6.332344E-05	     17	     87	  8.5341793E-01	     87
 4.25000000E+03	 -1.537500E-02	  1.209613E-02	  0.000000E+00	 -7.669546E-03	 -2.542707E-03	 -2.893416E-04	  4.233121E-04	  1.907125E-03	  8.248961E-07	     88	  5.346665E-01	  7.953427E-03	  4.653335E-01	  2.251501E-01	  2.070074E-02	  4.229175E-02	  2.674419E-01	     41	     86	     45	  1.717634E-01	  2.583905E-01	  4.647225E-09	  4.672935E-05	  2.451328E-05	  8.035250E-07	  0.000000E+00	  6.344329E-05	     17	     88	  8.5341462E-01	     88
 4.26000000E+03	 -1.540000E-02	  1.212562E-02	  0.000000E+00	 -7.672037E-03	 -2.542687E-03	 -2.908704E-04	  3.943442E-04	  1.819150E-03	  3.763656E-06	     89	  5.336387E-01	  1.358010E-02	  4.663613E-01	  2.337356E-01	  1.857914E-02	  4.212650E-02	  2.758621E-01	     41	     86	     45	  1.717678E-01	  2.369745E-01	  4.413646E-09	  4.677978E-05	  2.458189E-05	  8.049867E-07	  0.000000E+00	  6.356356E-05	     19	     89	  8.5341143E-01	     89
 4.27000000E+03	 -1.542500E-02	  1.215432E-02	  0.000000E+00	 -7.674838E-03	 -2.542690E-03	 -2.919793E-04	  4.273309E-04	  1.734611E-03	  8.727955E-07	     89	  5.336165E-01	  1.358323E-02	  4.663835E-01	  2.337313E-01	  1.857627E-02	  4.213082E-02	  2.758621E-01	     41	     86	     45	  1.717712E-01	  2.369782E-01	  4.177070E-09	  4.683270E-05	  2.465014E-05	  8.063730E-07	  0.000000E+00	  6.368589E-05	     19	     89	  8.5340890E-01	     89
 4.28000000E+03	 -1.545000E-02	  1.218246E-02	  0.000000E+00	 -7.677083E-03	 -2.542699E-03	 -2.931905E-04	  3.985903E-04	  1.726856E-03	  3.435711E-06	     89	  5.335946E-01	  1.358612E-02	  4.664054E-01	  2.337270E-01	  1.857342E-02	  4.213507E-02	  2.758621E-01	     41	     86	     45	  1.717741E-01	  2.369812E-01	  3.953889E-09	  4.688625E-05	  2.471927E-05	  8.076883E-07	  0.000000E+00	  6.380966E-05	     19	     89	  8.5340684E-01	     89
 4.29000000E+03	 -1.547500E-02	  1.220991E-02	  0.000000E+00	 -7.679393E-03	 -2.542697E-03	 -2.945479E-04	  3.620659E-04	  1.708289E-03	  3.000175E-06	     87	  5.345744E-01	  7.965361E-03	  4.654256E-01	  2.251346E-01	  2.069433E-02	  4.230727E-02	  2.674419E-01	     41	     86	     45	  1.717761E-01	  2.584042E-01	  3.753283E-09	  4.694060E-05	  2.478946E-05	  8.089370E-07	  0.000000E+00	  6.393525E-05	     18	     87	  8.5340537E-01	     87
 4.30000000E+03	 -1.550000E-02	  1.223695E-02	  0.000000E+00	 -7.682192E-03	 -2.542684E-03	 -2.963604E-04	  3.414191E-04	  1.678781E-03	  7.500481E-07	     88	  5.345519E-01	  7.968466E-03	  4.654481E-01	  2.251310E-01	  2.069305E-02	  4.231090E-02	  2.674419E-01	     41	     86	     45	  1.717776E-01	  2.584058E-01	  3.590466E-09	  4.699487E-05	  2.486083E-05	  8.101277E-07	  0.000000E+00	  6.406192E-05	     19	     88	  8.5340424E-01	     88
 4.31000000E+03	 -1.552500E-02	  1.226364E-02	  0.000000E+00	 -7.685613E-03	 -2.542689E-03	 -2.986386E-04	  3.452640E-04	  1.624272E-03	  4.236468E-07	     89	  5.335299E-01	  1.359535E-02	  4.664701E-01	  2.337151E-01	  1.856640E-02	  4.214700E-02	  2.758621E-01	     41	     86	     45	  1.717788E-01	  2.369862E-01	  3.452752E-09	  4.705079E-05	  2.493154E-05	  8.112698E-07	  0.000000E+00	  6.418956E-05	     18	     89	  8.5340341E-01	     89
 4.32000000E+03	 -1.555000E-02	  1.228947E-02	  0.000000E+00	 -7.689849E-03	 -2.542700E-03	 -3.010861E-04	  3.430298E-04	  1.539433E-03	  2.034311E-06	     89	  5.335088E-01	  1.359894E-02	  4.664912E-01	  2.337111E-01	  1.856447E-02	  4.215101E-02	  2.758621E-01	     41	     86	     45	  1.717789E-01	  2.369863E-01	  3.326313E-09	  4.711108E-05	  2.500015E-05	  8.123704E-07	  0.000000E+00	  6.431944E-05	     19	     89	  8.5340330E-01	     89
 4.33000000E+03	 -1.557500E-02	  1.231461E-02	  0.000000E+00	 -7.695023E-03	 -2.542694E-03	 -3.035848E-04	  3.146761E-04	  1.416635E-03	  1.903747E-07	     88	  5.344867E-01	  7.978709E-03	  4.655133E-01	  2.364246E-01	  1.877844E-02	  4.264513E-02	  2.790698E-01	     41	     86	     45	  1.717783E-01	  2.584065E-01	  3.171549E-09	  4.717593E-05	  2.506617E-05	  8.134251E-07	  0.000000E+00	  6.445121E-05	     20	     88	  8.5340379E-01	     88
 4.34000000E+03	 -1.560000E-02	  1.233977E-02	  0.000000E+00	 -7.700396E-03	 -2.542694E-03	 -3.059637E-04	  3.071249E-04	  1.395905E-03	  1.201222E-06	     89	  5.334675E-01	  1.360638E-02	  4.665325E-01	  2.337033E-01	  1.856081E-02	  4.215878E-02	  2.758621E-01	     41	     86	     45	  1.717776E-01	  2.369849E-01	  3.007289E-09	  4.724174E-05	  2.513136E-05	  8.144260E-07	  0.000000E+00	  6.458304E-05	     20	     89	  8.5340425E-01	     89
 4.35000000E+03	 -1.562500E-02	  1.236530E-02	  0.000000E+00	 -7.705192E-03	 -2.542694E-03	 -3.085037E-04	  3.069677E-04	  1.434076E-03	  2.136531E-06	     89	  5.334468E-01	  1.361017E-02	  4.665532E-01	  2.336995E-01	  1.855904E-02	  4.216260E-02	  2.758621E-01	     41	     86	     45	  1.717774E-01	  2.369847E-01	  2.860782E-09	  4.730651E-05	  2.519682E-05	  8.153747E-07	  0.000000E+00	  6.471408E-05	     21	     89	  8.5340440E-01	     89
 4.36000000E+03	 -1.565000E-02	  1.239042E-02	  0.000000E+00	 -7.710226E-03	 -2.542720E-03	 -3.108544E-04	  3.349171E-04	  1.450729E-03	  5.668874E-06	     90	  5.334264E-01	  1.361378E-02	  4.665736E-01	  2.336954E-01	  1.855712E-02	  4.216662E-02	  2.758621E-01	     41	     86	     45	  1.717767E-01	  2.369840E-01	  2.761952E-09	  4.737483E-05	  2.525989E-05	  8.162830E-07	  0.000000E+00	  6.484628E-05	     21	     90	  8.5340489E-01	     90
 4.37000000E+03	 -1.567500E-02	  1.241521E-02	  0.000000E+00	 -7.715218E-03	 -2.542692E-03	 -3.127880E-04	  3.115256E-04	  1.512040E-03	  7.762262E-07	     90	  5.334058E-01	  1.361742E-02	  4.665942E-01	  2.336913E-01	  1.855517E-02	  4.217080E-02	  2.758621E-01	     41	     86	     45	  1.717757E-01	  2.369829E-01	  2.715337E-09	  4.744541E-05	  2.532163E-05	  8.171689E-07	  0.000000E+00	  6.497944E-05	     22	     90	  8.5340567E-01	     90
 4.38000000E+03	 -1.570000E-02	  1.243997E-02	  0.000000E+00	 -7.720846E-03	 -2.542727E-03	 -3.144277E-04	  3.090895E-04	  1.565624E-03	  1.942058E-05	     89	  5.333855E-01	  1.362111E-02	  4.666145E-01	  2.336870E-01	  1.855315E-02	  4.217510E-02	  2.758621E-01	     41	     86	     45	  1.717746E-01	  2.369817E-01	  2.732611E-09	  4.751774E-05	  2.538178E-05	  8.180495E-07	  0.000000E+00	  6.511282E-05	     20	     89	  8.5340647E-01	     89
 4.39000000E+03	 -1.572500E-02	  1.246492E-02	  0.000000E+00	 -7.726639E-03	 -2.542695E-03	 -3.157578E-04	  3.064099E-04	  1.613604E-03	  3.203187E-06	     89	  5.333649E-01	  1.362460E-02	  4.666351E-01	  2.336826E-01	  1.855101E-02	  4.217952E-02	  2.758621E-01	     41	     86	     45	  1.717737E-01	  2.369808E-01	  2.796022E-09	  4.758915E-05	  2.544249E-05	  8.189433E-07	  0.000000E+00	  6.524589E-05	     21	     89	  8.5340712E-01	     89
 4.40000000E+03	 -1.575000E-02	  1.248986E-02	  0.000000E+00	 -7.732281E-03	 -2.542733E-03	 -3.170798E-04	  3.004020E-04	  1.674086E-03	  5.325544E-05	     89	  5.333440E-01	  1.362819E-02	  4.666560E-01	  2.336780E-01	  1.854880E-02	  4.218411E-02	  2.758621E-01	     41	     86	     45	  1.717728E-01	  2.369798E-01	  2.896814E-09	  4.765912E-05	  2.550472E-05	  8.198642E-07	  0.000000E+00	  6.537912E-05	     20	     89	  8.5340778E-01	     89
 4.41000000E+03	 -1.577500E-02	  1.251524E-02	  0.000000E+00	 -7.737903E-03	 -2.542708E-03	 -3.186251E-04	  2.830869E-04	  1.769199E-03	  6.228101E-07	     89	  5.333230E-01	  1.363165E-02	  4.666770E-01	  2.336734E-01	  1.854661E-02	  4.218866E-02	  2.758621E-01	     41	     86	     45	  1.717724E-01	  2.369794E-01	  3.032806E-09	  4.772619E-05	  2.556883E-05	  8.208212E-07	  0.000000E+00	  6.551139E-05	     21	     89	  8.5340806E-01	     89
 4.42000000E+03	 -1.580000E-02	  1.254096E-02	  0.000000E+00	 -7.743139E-03	 -2.542723E-03	 -3.202490E-04	  3.042706E-04	  1.845553E-03	  7.331740E-06	     90	  5.333017E-01	  1.363532E-02	  4.666983E-01	  2.336689E-01	  1.854452E-02	  4.219316E-02	  2.758621E-01	     41	     86	     45	  1.717724E-01	  2.369794E-01	  3.208169E-09	  4.779054E-05	  2.563489E-05	  8.218273E-07	  0.000000E+00	  6.564297E-05	     19	     90	  8.5340806E-01	     90
 4.43000000E+03	 -1.582500E-02	  1.256689E-02	  0.000000E+00	 -7.748115E-03	 -2.542730E-03	 -3.219705E-04	  2.947250E-04	  1.933505E-03	  1.274610E-05	     90	  5.332804E-01	  1.363863E-02	  4.667196E-01	  2.336644E-01	  1.854261E-02	  4.219768E-02	  2.758621E-01	     41	     86	     45	  1.717726E-01	  2.369797E-01	  3.418372E-09	  4.785260E-05	  2.570273E-05	  8.228932E-07	  0.000000E+00	  6.577414E-05	     20	     90	  8.5340788E-01	     90
 4.44000000E+03	 -1.585000E-02	  1.259318E-02	  0.000000E+00	 -7.752834E-03	 -2.542669E-03	 -3.235850E-04	  3.130802E-04	  1.993190E-03	  1.001915E-06	     90	  5.332587E-01	  1.364199E-02	  4.667413E-01	  2.336598E-01	  1.854080E-02	  4.220228E-02	  2.758621E-01	     41	     86	     45	  1.717733E-01	  2.369804E-01	  3.658273E-09	  4.791129E-05	  2.577307E-05	  8.240308E-07	  0.000000E+00	  6.590455E-05	     20	     90	  8.5340740E-01	     90
 4.45000000E+03	 -1.587500E-02	  1.261980E-02	  0.000000E+00	 -7.757146E-03	 -2.542699E-03	 -3.250885E-04	  3.051346E-04	  2.063253E-03	  4.421482E-07	     90	  5.332366E-01	  1.364515E-02	  4.667634E-01	  2.336551E-01	  1.853900E-02	  4.220693E-02	  2.758621E-01	     41	     86	     45	  1.717743E-01	  2.369815E-01	  3.915380E-09	  4.796613E-05	  2.584647E-05	  8.252467E-07	  0.000000E+00	  6.603425E-05	     19	     90	  8.5340665E-01	     90
 4.46000000E+03	 -1.590000E-02	  1.264680E-02	  0.000000E+00	 -7.761255E-03	 -2.542692E-03	 -3.262616E-04	  3.126753E-04	  2.111319E-03	  7.663160E-07	     90	  5.332142E-01	  1.364806E-02	  4.667858E-01	  2.336503E-01	  1.853706E-02	  4.221173E-02	  2.758621E-01	     41	     86	     45	  1.717758E-01	  2.369830E-01	  4.181939E-09	  4.801767E-05	  2.592224E-05	  8.265453E-07	  0.000000E+00	  6.616312E-05	     20	     90	  8.5340557E-01	     90
 4.47000000E+03	 -1.592500E-02	  1.267406E-02	  0.000000E+00	 -7.765193E-03	 -2.542710E-03	 -3.274492E-04	  3.169903E-04	  2.142317E-03	  1.125343E-06	     90	  5.331916E-01	  1.365089E-02	  4.668084E-01	  2.336454E-01	  1.853500E-02	  4.221670E-02	  2.758621E-01	     41	     86	     45	  1.717776E-01	  2.369849E-01	  4.442618E-09	  4.806667E-05	  2.599992E-05	  8.279269E-07	  0.000000E+00	  6.629145E-05	     22	     90	  8.5340428E-01	     90
 4.48000000E+03	 -1.595000E-02	  1.270190E-02	  0.000000E+00	 -7.768757E-03	 -2.542700E-03	 -3.285618E-04	  3.344560E-04	  2.165659E-03	  1.542896E-06	     90	  5.331687E-01	  1.365370E-02	  4.668313E-01	  2.336403E-01	  1.853290E-02	  4.222178E-02	  2.758621E-01	     41	     86	     45	  1.717800E-01	  2.369875E-01	  4.699604E-09	  4.811256E-05	  2.607932E-05	  8.293899E-07	  0.000000E+00	  6.641845E-05	     21	     90	  8.5340251E-01	     90
 4.49000000E+03	 -1.597500E-02	  1.273041E-02	  0.000000E+00	 -7.771924E-03	 -2.542717E-03	 -3.298026E-04	  3.423870E-04	  2.227918E-03	  3.221617E-06	     90	  5.331455E-01	  1.365650E-02	  4.668545E-01	  2.336351E-01	  1.853077E-02	  4.222699E-02	  2.758621E-01	     41	     86	     45	  1.717832E-01	  2.369909E-01	  4.964694E-09	  4.815487E-05	  2.616059E-05	  8.309366E-07	  0.000000E+00	  6.654384E-05	     22	     90	  8.5340016E-01	     90
 4.50000000E+03	 -1.600000E-02	  1.275997E-02	  0.000000E+00	 -7.774472E-03	 -2.542716E-03	 -3.310894E-04	  3.484367E-04	  2.279210E-03	  1.318347E-06	     90	  5.331217E-01	  1.365917E-02	  4.668783E-01	  2.336297E-01	  1.852864E-02	  4.223236E-02	  2.758621E-01	     41	     86	     45	  1.717877E-01	  2.369956E-01	  5.225418E-09	  4.819176E-05	  2.624465E-05	  8.325668E-07	  0.000000E+00	  6.666667E-05	     23	     90	  8.5339693E-01	     90
 4.51000000E+03	 -1.602500E-02	  1.279002E-02	  0.000000E+00	 -7.776690E-03	 -2.542696E-03	 -3.324575E-04	  3.706198E-04	  2.317167E-03	  9.690420E-07	     90	  5.330975E-01	  1.366178E-02	  4.669025E-01	  2.336242E-01	  1.852651E-02	  4.223785E-02	  2.758621E-01	     41	     86	     45	  1.717927E-01	  2.370008E-01	  5.480113E-09	  4.822485E-05	  2.633130E-05	  8.342798E-07	  0.000000E+00	  6.678837E-05	     23	     90	  8.5339330E-01	     90
 4.52000000E+03	 -1.605000E-02	  1.282070E-02	  0.000000E+00	 -7.778355E-03	 -2.542710E-03	 -3.338956E-04	  3.799014E-04	  2.328247E-03	  1.852010E-06	     90	  5.330728E-01	  1.366429E-02	  4.669272E-01	  2.336186E-01	  1.852436E-02	  4.224350E-02	  2.758621E-01	     41	     86	     45	  1.717984E-01	  2.370069E-01	  5.710277E-09	  4.825392E-05	  2.642038E-05	  8.360718E-07	  0.000000E+00	  6.690854E-05	     23	     90	  8.5338913E-01	     90
 4.53000000E+03	 -1.607500E-02	  1.285228E-02	  0.000000E+00	 -7.779940E-03	 -2.542719E-03	 -3.350562E-04	  3.815878E-04	  2.314119E-03	  2.108113E-06	     90	  5.330479E-01	  1.366692E-02	  4.669521E-01	  2.336128E-01	  1.852214E-02	  4.224931E-02	  2.758621E-01	     41	     86	     45	  1.718052E-01	  2.370140E-01	  5.898039E-09	  4.828075E-05	  2.650945E-05	  8.379310E-07	  0.000000E+00	  6.702650E-05	     23	     90	  8.5338420E-01	     90
 4.54000000E+03	 -1.610000E-02	  1.288459E-02	  0.000000E+00	 -7.781178E-03	 -2.542702E-03	 -3.363972E-04	  3.663540E-04	  2.320678E-03	  2.068016E-06	     90	  5.330226E-01	  1.366954E-02	  4.669774E-01	  2.336068E-01	  1.851986E-02	  4.225531E-02	  2.758621E-01	     41	     86	     45	  1.718128E-01	  2.370220E-01	  6.051740E-09	  4.830558E-05	  2.659874E-05	  8.398443E-07	  0.000000E+00	  6.714267E-05	     23	     90	  8.5337866E-01	     90
 4.55000000E+03	 -1.612500E-02	  1.291764E-02	  0.000000E+00	 -7.782281E-03	 -2.542697E-03	 -3.377291E-04	  3.675981E-04	  2.318241E-03	  1.009538E-06	     90	  5.329972E-01	  1.367210E-02	  4.670028E-01	  2.336006E-01	  1.851745E-02	  4.226149E-02	  2.758621E-01	     41	     86	     45	  1.718212E-01	  2.370310E-01	  6.173655E-09	  4.832937E-05	  2.668725E-05	  8.418005E-07	  0.000000E+00	  6.725705E-05	     24	     90	  8.5337250E-01	     90
 4.56000000E+03	 -1.615000E-02	  1.295114E-02	  0.000000E+00	 -7.783368E-03	 -2.542700E-03	 -3.390182E-04	  3.652865E-04	  2.352896E-03	  2.331696E-06	     89	  5.280079E-01	  1.611613E-02	  4.719921E-01	  2.250156E-01	  2.066972E-02	  4.242625E-02	  2.674419E-01	     40	     85	     45	  1.718302E-01	  2.370405E-01	  6.289796E-09	  4.835401E-05	  2.677378E-05	  8.437924E-07	  0.000000E+00	  6.737032E-05	     23	     89	  8.5336595E-01	     89
 4.57000000E+03	 -1.617500E-02	  1.298506E-02	  0.000000E+00	 -7.783919E-03	 -2.542681E-03	 -3.398594E-04	  3.520152E-04	  2.399693E-03	  4.041175E-05	     89	  5.279823E-01	  1.611912E-02	  4.720177E-01	  2.250095E-01	  2.066810E-02	  4.243237E-02	  2.674419E-01	     40	     85	     45	  1.718397E-01	  2.370504E-01	  6.427739E-09	  4.837797E-05	  2.685994E-05	  8.458228E-07	  0.000000E+00	  6.748261E-05	     21	     89	  8.5335907E-01	     89
 4.58000000E+03	 -1.620000E-02	  1.301879E-02	  0.000000E+00	 -7.784664E-03	 -2.542701E-03	 -3.402984E-04	  3.404032E-04	  2.440387E-03	  2.132989E-06	     89	  5.279570E-01	  1.612174E-02	  4.720430E-01	  2.250033E-01	  2.066636E-02	  4.243854E-02	  2.674419E-01	     40	     85	     45	  1.718489E-01	  2.370602E-01	  6.586545E-09	  4.840164E-05	  2.694679E-05	  8.478983E-07	  0.000000E+00	  6.759537E-05	     21	     89	  8.5335234E-01	     89
 4.59000000E+03	 -1.622500E-02	  1.305282E-02	  0.000000E+00	 -7.785534E-03	 -2.542696E-03	 -3.407555E-04	  3.440075E-04	  2.493036E-03	  3.081119E-07	     89	  5.279318E-01	  1.612402E-02	  4.720682E-01	  2.249969E-01	  2.066453E-02	  4.244492E-02	  2.674419E-01	     40	     85	     45	  1.718585E-01	  2.370703E-01	  6.773617E-09	  4.842326E-05	  2.703489E-05	  8.500262E-07	  0.000000E+00	  6.770739E-05	     23	     89	  8.5334536E-01	     89
 4.60000000E+03	 -1.625000E-02	  1.308723E-02	  0.000000E+00	 -7.786311E-03	 -2.542704E-03	 -3.409615E-04	  3.498510E-04	  2.551523E-03	  2.195643E-07	     89	  5.279064E-01	  1.612629E-02	  4.720936E-01	  2.249904E-01	  2.066277E-02	  4.245144E-02	  2.674419E-01	     40	     85	     45	  1.718685E-01	  2.370809E-01	  6.993747E-09	  4.844348E-05	  2.712338E-05	  8.522169E-07	  0.000000E+00	  6.781851E-05	     20	     89	  8.5333806E-01	     89
 4.61000000E+03	 -1.627500E-02	  1.312223E-02	  0.000000E+00	 -7.787168E-03	 -2.542715E-03	 -3.412966E-04	  3.581244E-04	  2.592741E-03	  4.562062E-06	     89	  5.278809E-01	  1.612867E-02	  4.721191E-01	  2.249838E-01	  2.066103E-02	  4.245810E-02	  2.674419E-01	     40	     85	     45	  1.718792E-01	  2.370922E-01	  7.243213E-09	  4.846215E-05	  2.721188E-05	  8.544812E-07	  0.000000E+00	  6.792819E-05	     20	     89	  8.5333027E-01	     89
 4.62000000E+03	 -1.630000E-02	  1.315828E-02	  0.000000E+00	 -7.787706E-03	 -2.542715E-03	 -3.419135E-04	  3.805403E-04	  2.626366E-03	  8.392692E-06	     89	  5.278549E-01	  1.613096E-02	  4.721451E-01	  2.249769E-01	  2.065925E-02	  4.246498E-02	  2.674419E-01	     40	     85	     45	  1.718911E-01	  2.371048E-01	  7.515209E-09	  4.847705E-05	  2.730143E-05	  8.568289E-07	  0.000000E+00	  6.803526E-05	     19	     89	  8.5332159E-01	     89
 4.63000000E+03	 -1.632500E-02	  1.319558E-02	  0.000000E+00	 -7.787607E-03	 -2.542702E-03	 -3.422988E-04	  3.855393E-04	  2.654207E-03	  4.728928E-06	     89	  5.278283E-01	  1.613333E-02	  4.721717E-01	  2.249698E-01	  2.065737E-02	  4.247208E-02	  2.674419E-01	     40	     85	     45	  1.719045E-01	  2.371189E-01	  7.793134E-09	  4.848773E-05	  2.739201E-05	  8.592642E-07	  0.000000E+00	  6.813922E-05	     20	     89	  8.5331186E-01	     89
 4.64000000E+03	 -1.635000E-02	  1.323424E-02	  0.000000E+00	 -7.786619E-03	 -2.542719E-03	 -3.426201E-04	  4.004961E-04	  2.686440E-03	  4.746733E-06	     89	  5.278010E-01	  1.613548E-02	  4.721990E-01	  2.249624E-01	  2.065532E-02	  4.247946E-02	  2.674419E-01	     40	     85	     45	  1.719194E-01	  2.371346E-01	  8.080082E-09	  4.849246E-05	  2.748503E-05	  8.617904E-07	  0.000000E+00	  6.823978E-05	     19	     89	  8.5330099E-01	     89
 4.65000000E+03	 -1.637500E-02	  1.327408E-02	  0.000000E+00	 -7.784914E-03	 -2.542703E-03	 -3.428085E-04	  4.044522E-04	  2.712076E-03	  1.177555E-06	     89	  5.277733E-01	  1.613753E-02	  4.722267E-01	  2.185676E-01	  1.486751E-02	  3.724631E-02	  2.558140E-01	     40	     85	     45	  1.719357E-01	  2.371518E-01	  8.365617E-09	  4.849203E-05	  2.758012E-05	  8.644087E-07	  0.000000E+00	  6.833735E-05	     19	     89	  8.5328912E-01	     89
 4.66000000E+03	 -1.640000E-02	  1.331463E-02	  0.000000E+00	 -7.782745E-03	 -2.542727E-03	 -3.429292E-04	  4.040955E-04	  2.735811E-03	  4.630866E-06	     89	  5.277451E-01	  1.613945E-02	  4.722549E-01	  2.185593E-01	  1.486527E-02	  3.725463E-02	  2.558140E-01	     40	     85	     45	  1.719528E-01	  2.371699E-01	  8.641834E-09	  4.848784E-05	  2.767711E-05	  8.671172E-07	  0.000000E+00	  6.843312E-05	     21	     89	  8.5327667E-01	     89
 4.67000000E+03	 -1.642500E-02	  1.335628E-02	  0.000000E+00	 -7.780055E-03	 -2.542712E-03	 -3.428509E-04	  4.094767E-04	  2.756385E-03	  4.322120E-06	     89	  5.277165E-01	  1.614130E-02	  4.722835E-01	  2.230367E-01	  2.052317E-02	  4.440514E-02	  2.674419E-01	     40	     85	     45	  1.719712E-01	  2.371893E-01	  8.902904E-09	  4.847970E-05	  2.777516E-05	  8.699112E-07	  0.000000E+00	  6.852609E-05	     20	     89	  8.5326328E-01	     89
 4.68000000E+03	 -1.645000E-02	  1.339890E-02	  0.000000E+00	 -7.776852E-03	 -2.542707E-03	 -3.423633E-04	  4.259690E-04	  2.760123E-03	  1.413319E-06	     89	  5.276875E-01	  1.614315E-02	  4.723125E-01	  2.230271E-01	  2.052052E-02	  4.441480E-02	  2.674419E-01	     40	     85	     45	  1.719907E-01	  2.372099E-01	  9.144192E-09	  4.846809E-05	  2.787415E-05	  8.727856E-07	  0.000000E+00	  6.861657E-05	     20	     89	  8.5324909E-01	     89
 4.69000000E+03	 -1.647500E-02	  1.344239E-02	  0.000000E+00	 -7.773126E-03	 -2.542695E-03	 -3.418185E-04	  4.215297E-04	  2.772547E-03	  4.751565E-06	     89	  5.276581E-01	  1.614474E-02	  4.723419E-01	  2.230172E-01	  2.051776E-02	  4.442462E-02	  2.674419E-01	     40	     85	     45	  1.720112E-01	  2.372315E-01	  9.364134E-09	  4.845303E-05	  2.797425E-05	  8.757347E-07	  0.000000E+00	  6.870478E-05	     21	     89	  8.5323415E-01	     89
 4.70000000E+03	 -1.650000E-02	  1.348664E-02	  0.000000E+00	 -7.768959E-03	 -2.542686E-03	 -3.409228E-04	  4.227642E-04	  2.832029E-03	  1.849561E-06	     89	  5.276284E-01	  1.614623E-02	  4.723716E-01	  2.230074E-01	  2.051501E-02	  4.443446E-02	  2.674419E-01	     40	     85	     45	  1.720326E-01	  2.372541E-01	  9.573657E-09	  4.843558E-05	  2.807471E-05	  8.787511E-07	  0.000000E+00	  6.879101E-05	     21	     89	  8.5321859E-01	     89
 4.71000000E+03	 -1.652500E-02	  1.353199E-02	  0.000000E+00	 -7.764165E-03	 -2.542716E-03	 -3.397143E-04	  4.008150E-04	  2.931660E-03	  5.709305E-06	     89	  5.275984E-01	  1.614772E-02	  4.724016E-01	  2.229977E-01	  2.051238E-02	  4.444416E-02	  2.674419E-01	     40	     85	     45	  1.720553E-01	  2.372780E-01	  9.798214E-09	  4.841553E-05	  2.817484E-05	  8.818334E-07	  0.000000E+00	  6.887439E-05	     20	     89	  8.5320210E-01	     89
 4.72000000E+03	 -1.655000E-02	  1.357860E-02	  0.000000E+00	 -7.758981E-03	 -2.542713E-03	 -3.384040E-04	  3.942629E-04	  2.964339E-03	  5.008341E-06	     89	  5.275679E-01	  1.614935E-02	  4.724321E-01	  2.229880E-01	  2.050988E-02	  4.445381E-02	  2.674419E-01	     40	     85	     45	  1.720794E-01	  2.373035E-01	  1.002814E-08	  4.839175E-05	  2.827536E-05	  8.849851E-07	  0.000000E+00	  6.895451E-05	     20	     89	  8.5318456E-01	     89
 4.73000000E+03	 -1.657500E-02	  1.362629E-02	  0.000000E+00	 -7.753496E-03	 -2.542702E-03	 -3.372114E-04	  4.174065E-04	  2.939822E-03	  1.089713E-05	     89	  5.275369E-01	  1.615136E-02	  4.724631E-01	  2.229781E-01	  2.050740E-02	  4.446374E-02	  2.674419E-01	     40	     85	     45	  1.721047E-01	  2.373302E-01	  1.022454E-08	  4.836251E-05	  2.837849E-05	  8.882022E-07	  0.000000E+00	  6.903181E-05	     20	     89	  8.5316611E-01	     89
 4.74000000E+03	 -1.660000E-02	  1.367480E-02	  0.000000E+00	 -7.747435E-03	 -2.542715E-03	 -3.363122E-04	  4.253950E-04	  2.933816E-03	  1.067008E-06	     89	  5.275056E-01	  1.615342E-02	  4.724944E-01	  2.229677E-01	  2.050490E-02	  4.447420E-02	  2.674419E-01	     40	     85	     45	  1.721310E-01	  2.373580E-01	  1.038294E-08	  4.832768E-05	  2.848498E-05	  8.914751E-07	  0.000000E+00	  6.910690E-05	     20	     89	  8.5314696E-01	     89
 4.75000000E+03	 -1.662500E-02	  1.372405E-02	  0.000000E+00	 -7.740758E-03	 -2.542711E-03	 -3.357523E-04	  4.348350E-04	  2.939700E-03	  2.961893E-06	     89	  5.274740E-01	  1.615560E-02	  4.725260E-01	  2.229567E-01	  2.050230E-02	  4.448520E-02	  2.674419E-01	     40	     85	     45	  1.721581E-01	  2.373866E-01	  1.052291E-08	  4.828764E-05	  2.859467E-05	  8.947951E-07	  0.000000E+00	  6.918001E-05	     20	     89	  8.5312720E-01	     89
 4.76000000E+03	 -1.665000E-02	  1.377371E-02	  0.000000E+00	 -7.733868E-03	 -2.542693E-03	 -3.355681E-04	  4.256386E-04	  2.967051E-03	  9.390384E-08	     89	  5.274424E-01	  1.615761E-02	  4.725576E-01	  2.229453E-01	  2.049962E-02	  4.449654E-02	  2.674419E-01	     40	     85	     45	  1.721858E-01	  2.374158E-01	  1.066268E-08	  4.824464E-05	  2.870609E-05	  8.981602E-07	  0.000000E+00	  6.925193E-05	     21	     89	  8.5310710E-01	     89
 4.77000000E+03	 -1.667500E-02	  1.382323E-02	  0.000000E+00	 -7.727157E-03	 -2.542693E-03	 -3.351150E-04	  4.171599E-04	  2.964533E-03	  1.537513E-07	     88	  5.274112E-01	  1.615938E-02	  4.725888E-01	  2.229339E-01	  2.049678E-02	  4.450795E-02	  2.674419E-01	     40	     85	     45	  1.722132E-01	  2.374448E-01	  1.078559E-08	  4.820162E-05	  2.881771E-05	  9.015657E-07	  0.000000E+00	  6.932406E-05	     20	     88	  8.5308712E-01	     88
 4.78000000E+03	 -1.670000E-02	  1.387265E-02	  0.000000E+00	 -7.720239E-03	 -2.542697E-03	 -3.341540E-04	  4.340099E-04	  2.894225E-03	  1.451932E-06	     88	  5.273800E-01	  1.616069E-02	  4.726200E-01	  2.229225E-01	  2.049370E-02	  4.451937E-02	  2.674419E-01	     40	     85	     45	  1.722406E-01	  2.374736E-01	  1.086330E-08	  4.815933E-05	  2.892869E-05	  9.050039E-07	  0.000000E+00	  6.939626E-05	     21	     88	  8.5306722E-01	     88
 4.79000000E+03	 -1.672500E-02	  1.392226E-02	  0.000000E+00	 -7.713139E-03	 -2.542708E-03	 -3.328393E-04	  4.375247E-04	  2.830045E-03	  2.140469E-06	     88	  5.273488E-01	  1.616166E-02	  4.726512E-01	  2.229111E-01	  2.049042E-02	  4.453075E-02	  2.674419E-01	     40	     85	     45	  1.722681E-01	  2.375027E-01	  1.087571E-08	  4.811757E-05	  2.903855E-05	  9.084572E-07	  0.000000E+00	  6.946782E-05	     21	     88	  8.5304717E-01	     88
 4.80000000E+03	 -1.675000E-02	  1.397247E-02	  0.000000E+00	 -7.705686E-03	 -2.542708E-03	 -3.313873E-04	  4.455627E-04	  2.794251E-03	  6.878674E-06	     88	  5.273175E-01	  1.616253E-02	  4.726825E-01	  2.228997E-01	  2.048704E-02	  4.454214E-02	  2.674419E-01	     40	     85	     45	  1.722964E-01	  2.375326E-01	  1.084223E-08	  4.807514E-05	  2.914745E-05	  9.119087E-07	  0.000000E+00	  6.953771E-05	     20	     88	  8.5302662E-01	     88
 4.81000000E+03	 -1.677500E-02	  1.402354E-02	  0.000000E+00	 -7.697877E-03	 -2.542730E-03	 -3.301375E-04	  4.413916E-04	  2.789018E-03	  2.525853E-05	     88	  5.272861E-01	  1.616349E-02	  4.727139E-01	  2.228882E-01	  2.048356E-02	  4.455368E-02	  2.674419E-01	     40	     85	     45	  1.723256E-01	  2.375634E-01	  1.080339E-08	  4.803188E-05	  2.925486E-05	  9.153509E-07	  0.000000E+00	  6.960526E-05	     21	     88	  8.5300534E-01	     88
 4.82000000E+03	 -1.680000E-02	  1.407535E-02	  0.000000E+00	 -7.689974E-03	 -2.542699E-03	 -3.290366E-04	  4.199629E-04	  2.813652E-03	  4.173319E-07	     88	  5.272548E-01	  1.616454E-02	  4.727452E-01	  2.228765E-01	  2.048002E-02	  4.456534E-02	  2.674419E-01	     40	     85	     45	  1.723557E-01	  2.375952E-01	  1.079197E-08	  4.798903E-05	  2.935982E-05	  9.187855E-07	  0.000000E+00	  6.967080E-05	     21	     88	  8.5298346E-01	     88
 4.83000000E+03	 -1.685000E-02	  1.412999E-02	  0.000000E+00	 -7.703502E-03	 -2.542779E-03	 -3.285608E-04	  5.687120E-04	  3.034075E-03	  2.983281E-05	     88	  5.272172E-01	  1.616571E-02	  4.727828E-01	  2.228632E-01	  2.047618E-02	  4.457867E-02	  2.674419E-01	     40	     85	     45	  1.723592E-01	  2.375989E-01	  1.103377E-08	  4.813290E-05	  2.946593E-05	  9.222542E-07	  0.000000E+00	  6.992448E-05	     21	     88	  8.5298087E-01	     88
 4.84000000E+03	 -1.690000E-02	  1.418886E-02	  0.000000E+00	 -7.712197E-03	 -2.542872E-03	 -3.286077E-04	  6.041390E-04	  3.447753E-03	  4.140926E-05	     88	  5.271785E-01	  1.616672E-02	  4.728215E-01	  2.228494E-01	  2.047213E-02	  4.459249E-02	  2.674419E-01	     40	     85	     45	  1.723677E-01	  2.376078E-01	  1.173140E-08	  4.826256E-05	  2.957566E-05	  9.258828E-07	  0.000000E+00	  7.016819E-05	     22	     88	  8.5297474E-01	     88
 4.85000000E+03	 -1.695000E-02	  1.425132E-02	  0.000000E+00	 -7.719162E-03	 -2.542738E-03	 -3.282353E-04	  5.799836E-04	  3.853987E-03	  2.053604E-06	     88	  5.271383E-01	  1.616796E-02	  4.728617E-01	  2.228350E-01	  2.046788E-02	  4.460690E-02	  2.674419E-01	     40	     85	     45	  1.723802E-01	  2.376211E-01	  1.283217E-08	  4.837791E-05	  2.969043E-05	  9.298044E-07	  0.000000E+00	  7.040331E-05	     23	     88	  8.5296559E-01	     88
 4.86000000E+03	 -1.700000E-02	  1.431505E-02	  0.000000E+00	 -7.725651E-03	 -2.542718E-03	 -3.273764E-04	  6.562771E-04	  4.222445E-03	  3.536854E-06	     88	  5.270970E-01	  1.616930E-02	  4.729030E-01	  2.228202E-01	  2.046319E-02	  4.462166E-02	  2.674419E-01	     40	     85	     45	  1.723943E-01	  2.376359E-01	  1.433612E-08	  4.848300E-05	  2.981188E-05	  9.341484E-07	  0.000000E+00	  7.063567E-05	     22	     88	  8.5295539E-01	     88
 4.87000000E+03	 -1.705000E-02	  1.438087E-02	  0.000000E+00	 -7.729618E-03	 -2.542808E-03	 -3.259268E-04	  7.302987E-04	  4.502811E-03	  1.839049E-06	     88	  5.270542E-01	  1.617068E-02	  4.729458E-01	  2.228049E-01	  2.045808E-02	  4.463696E-02	  2.674419E-01	     40	     85	     45	  1.724107E-01	  2.376533E-01	  1.614188E-08	  4.857541E-05	  2.994023E-05	  9.390340E-07	  0.000000E+00	  7.086309E-05	     20	     88	  8.5294343E-01	     88
 4.88000000E+03	 -1.710000E-02	  1.445204E-02	  0.000000E+00	 -7.730555E-03	 -2.542777E-03	 -3.239551E-04	  7.362459E-04	  4.767815E-03	  1.588287E-05	     87	  5.318578E-01	  2.011274E-02	  4.681422E-01	  2.254096E-01	  2.069324E-02	  4.517860E-02	  2.705882E-01	     39	     84	     45	  1.724333E-01	  2.376771E-01	  1.816350E-08	  4.864402E-05	  3.007833E-05	  9.445418E-07	  0.000000E+00	  7.107730E-05	     21	     87	  8.5292697E-01	     87
 4.89000000E+03	 -1.715000E-02	  1.452761E-02	  0.000000E+00	 -7.729653E-03	 -2.542835E-03	 -3.222650E-04	  7.541171E-04	  4.991800E-03	  3.727812E-05	     87	  5.318106E-01	  2.011281E-02	  4.681894E-01	  2.253923E-01	  2.068754E-02	  4.519589E-02	  2.705882E-01	     39	     84	     45	  1.724610E-01	  2.377064E-01	  2.033474E-08	  4.869116E-05	  3.022612E-05	  9.507238E-07	  0.000000E+00	  7.128054E-05	     20	     87	  8.5290682E-01	     87
 4.90000000E+03	 -1.720000E-02	  1.460700E-02	  0.000000E+00	 -7.726757E-03	 -2.542727E-03	 -3.207779E-04	  7.539533E-04	  5.187171E-03	  4.403296E-06	     87	  5.317614E-01	  2.011289E-02	  4.682386E-01	  2.253744E-01	  2.068157E-02	  4.521385E-02	  2.705882E-01	     39	     84	     45	  1.724931E-01	  2.377402E-01	  2.260081E-08	  4.872123E-05	  3.038057E-05	  9.576147E-07	  0.000000E+00	  7.147419E-05	     20	     87	  8.5288348E-01	     87
 4.91000000E+03	 -1.725000E-02	  1.468946E-02	  0.000000E+00	 -7.721752E-03	 -2.542411E-03	 -3.188278E-04	  7.286944E-04	  5.383054E-03	  1.310603E-05	     87	  5.317107E-01	  2.011324E-02	  4.682893E-01	  2.253558E-01	  2.067537E-02	  4.523243E-02	  2.705882E-01	     39	     84	     45	  1.725287E-01	  2.377779E-01	  2.492896E-08	  4.873817E-05	  3.053955E-05	  9.652306E-07	  0.000000E+00	  7.166001E-05	     21	     87	  8.5285756E-01	     87
 4.92000000E+03	 -1.730000E-02	  1.477478E-02	  0.000000E+00	 -7.714943E-03	 -2.542769E-03	 -3.170111E-04	  7.590109E-04	  5.505910E-03	  1.399790E-05	     87	  5.316583E-01	  2.011365E-02	  4.683417E-01	  2.253366E-01	  2.066904E-02	  4.525159E-02	  2.705882E-01	     39	     84	     45	  1.725677E-01	  2.378190E-01	  2.727637E-08	  4.874191E-05	  3.070356E-05	  9.735798E-07	  0.000000E+00	  7.183842E-05	     20	     87	  8.5282924E-01	     87
 4.93000000E+03	 -1.735000E-02	  1.486435E-02	  0.000000E+00	 -7.713824E-03	 -2.542622E-03	 -3.147147E-04	  1.691961E-03	  5.737079E-03	  8.874922E-06	     88	  5.397645E-01	  1.549079E-02	  4.602355E-01	  2.298215E-01	  1.600090E-02	  4.604056E-02	  2.758621E-01	     40	     86	     46	  1.726115E-01	  2.069164E-01	  2.911469E-08	  4.872859E-05	  3.087365E-05	  9.825953E-07	  0.000000E+00	  7.200602E-05	     20	     88	  8.5279736E-01	     88
 4.94000000E+03	 -1.740000E-02	  1.495253E-02	  0.000000E+00	 -7.715526E-03	 -2.542674E-03	 -3.112211E-04	  1.733865E-03	  5.810250E-03	  7.573055E-06	     88	  5.397129E-01	  1.549052E-02	  4.602871E-01	  2.298009E-01	  1.599358E-02	  4.606114E-02	  2.758621E-01	     40	     86	     46	  1.726537E-01	  2.069599E-01	  3.017519E-08	  4.872508E-05	  3.103784E-05	  9.920331E-07	  0.000000E+00	  7.217717E-05	     20	     88	  8.5276666E-01	     88
 4.95000000E+03	 -1.745000E-02	  1.503951E-02	  0.000000E+00	 -7.719078E-03	 -2.542247E-03	 -3.068938E-04	  1.784815E-03	  5.829981E-03	  3.882138E-05	     89	  5.448189E-01	  1.440213E-02	  4.551811E-01	  2.205768E-01	  1.080695E-02	  5.215043E-02	  2.727273E-01	     41	     87	     46	  1.726945E-01	  2.070019E-01	  3.081557E-08	  4.873116E-05	  3.119575E-05	  1.001707E-06	  0.000000E+00	  7.235147E-05	     21	     89	  8.5273697E-01	     89
 4.96000000E+03	 -1.750000E-02	  1.512082E-02	  0.000000E+00	 -7.725957E-03	 -2.542589E-03	 -2.999046E-04	  1.931516E-03	  6.481491E-03	  4.008174E-05	     88	  5.458549E-01	  8.846128E-03	  4.541451E-01	  2.176365E-01	  5.185224E-03	  4.673130E-02	  2.643678E-01	     41	     87	     46	  1.727288E-01	  2.274080E-01	  3.136341E-08	  4.877682E-05	  3.132853E-05	  1.011543E-06	  0.000000E+00	  7.254029E-05	     20	     88	  8.5271207E-01	     88
 4.97000000E+03	 -1.755000E-02	  1.519742E-02	  0.000000E+00	 -7.734930E-03	 -2.543062E-03	 -2.942791E-04	  1.889223E-03	  5.996608E-03	  4.758597E-05	     89	  5.447214E-01	  1.439829E-02	  4.552786E-01	  2.151470E-01	  5.120551E-03	  4.621663E-02	  2.613636E-01	     41	     87	     46	  1.727576E-01	  2.070668E-01	  3.143638E-08	  4.885369E-05	  3.144262E-05	  1.021505E-06	  0.000000E+00	  7.274127E-05	     17	     89	  8.5269112E-01	     89
 4.98000000E+03	 -1.760000E-02	  1.528175E-02	  0.000000E+00	 -7.738054E-03	 -2.542672E-03	 -2.881937E-04	  1.574902E-03	  6.039822E-03	  1.536400E-06	     89	  5.446727E-01	  1.439570E-02	  4.553273E-01	  2.151309E-01	  5.115035E-03	  4.623274E-02	  2.613636E-01	     41	     87	     46	  1.727953E-01	  2.071056E-01	  3.098466E-08	  4.891305E-05	  3.155591E-05	  1.031383E-06	  0.000000E+00	  7.292337E-05	     20	     89	  8.5266369E-01	     89
 4.99000000E+03	 -1.765000E-02	  1.536460E-02	  0.000000E+00	 -7.744377E-03	 -2.542621E-03	 -2.808787E-04	  1.658354E-03	  5.795795E-03	  2.768691E-05	     88	  5.503911E-01	  6.467402E-03	  4.496089E-01	  2.151143E-01	  5.109754E-03	  4.624936E-02	  2.613636E-01	     42	     88	     46	  1.728313E-01	  2.275153E-01	  3.015716E-08	  4.898178E-05	  3.166438E-05	  1.041037E-06	  0.000000E+00	  7.310940E-05	     17	     88	  8.5263751E-01	     88
 5.00000000E+03	 -1.770000E-02	  1.545881E-02	  0.000000E+00	 -7.752926E-03	 -2.531844E-03	 -2.747018E-04	  1.674606E-03	  5.607202E-03	  2.335997E-05	     88	  5.503410E-01	  6.462639E-03	  4.496590E-01	  2.150956E-01	  5.103576E-03	  4.626802E-02	  2.613636E-01	     42	     88	     46	  1.728805E-01	  2.275667E-01	  2.933650E-08	  4.902329E-05	  3.177248E-05	  1.050438E-06	  0.000000E+00	  7.326760E-05	     19	     88	  8.5260180E-01	     88
 5.01000000E+03	 -1.775000E-02	  1.552270E-02	  0.000000E+00	 -7.764963E-03	 -2.542555E-03	 -2.713676E-04	  1.542520E-03	  5.606726E-03	  4.578949E-05	     89	  5.502998E-01	  6.459212E-03	  4.497002E-01	  2.150791E-01	  5.098558E-03	  4.628453E-02	  2.613636E-01	     42	     88	     46	  1.728946E-01	  2.275815E-01	  2.848340E-08	  4.915469E-05	  3.186716E-05	  1.059574E-06	  0.000000E+00	  7.350198E-05	     16	     89	  8.5259156E-01	     89
 5.02000000E+03	 -1.780000E-02	  1.559761E-02	  0.000000E+00	 -7.775158E-03	 -2.542598E-03	 -2.681166E-04	  1.436270E-03	  5.081895E-03	  1.707271E-05	     89	  5.502568E-01	  6.454914E-03	  4.497432E-01	  2.150627E-01	  5.093301E-03	  4.630092E-02	  2.613636E-01	     42	     88	     46	  1.729214E-01	  2.276095E-01	  2.743142E-08	  4.926670E-05	  3.195481E-05	  1.068411E-06	  0.000000E+00	  7.370945E-05	     15	     89	  8.5257207E-01	     89
 5.03000000E+03	 -1.785000E-02	  1.566784E-02	  0.000000E+00	 -7.785647E-03	 -2.542680E-03	 -2.640430E-04	  1.333396E-03	  5.025065E-03	  6.669710E-05	     89	  5.502162E-01	  6.451389E-03	  4.497838E-01	  2.150469E-01	  5.087273E-03	  4.631671E-02	  2.613636E-01	     42	     88	     46	  1.729428E-01	  2.276319E-01	  2.649609E-08	  4.940191E-05	  3.203170E-05	  1.076928E-06	  0.000000E+00	  7.392914E-05	     15	     89	  8.5255652E-01	     89
 5.04000000E+03	 -1.790000E-02	  1.573559E-02	  0.000000E+00	 -7.798561E-03	 -2.542735E-03	 -2.596495E-04	  1.289949E-03	  4.541745E-03	  1.165912E-05	     89	  5.501763E-01	  6.446755E-03	  4.498237E-01	  2.150318E-01	  5.080089E-03	  4.633183E-02	  2.613636E-01	     42	     88	     46	  1.729613E-01	  2.276513E-01	  2.561766E-08	  4.955091E-05	  3.210186E-05	  1.085178E-06	  0.000000E+00	  7.415568E-05	     15	     89	  8.5254306E-01	     89
 5.05000000E+03	 -1.795000E-02	  1.580274E-02	  0.000000E+00	 -7.812018E-03	 -2.542743E-03	 -2.544536E-04	  1.151414E-03	  4.596658E-03	  9.153558E-06	     89	  5.501371E-01	  6.441989E-03	  4.498629E-01	  2.150170E-01	  5.072927E-03	  4.634664E-02	  2.613636E-01	     42	     88	     46	  1.729791E-01	  2.276700E-01	  2.501122E-08	  4.970441E-05	  3.216968E-05	  1.093199E-06	  0.000000E+00	  7.438441E-05	     14	     89	  8.5253011E-01	     89
 5.06000000E+03	 -1.800000E-02	  1.587008E-02	  0.000000E+00	 -7.826432E-03	 -2.542724E-03	 -2.491387E-04	  1.149626E-03	  4.427839E-03	  2.577813E-06	     89	  5.551926E-01	  1.270104E-02	  4.448074E-01	  2.150022E-01	  5.065933E-03	  4.636146E-02	  2.613636E-01	     41	     87	     46	  1.729971E-01	  2.073133E-01	  2.449816E-08	  4.985725E-05	  3.223849E-05	  1.101042E-06	  0.000000E+00	  7.461340E-05	     15	     89	  8.5251699E-01	     89
 5.07000000E+03	 -1.805000E-02	  1.593585E-02	  0.000000E+00	 -7.839685E-03	 -2.542749E-03	 -2.432760E-04	  1.153797E-03	  4.579904E-03	  1.503899E-06	     89	  5.551548E-01	  1.269681E-02	  4.448452E-01	  2.149882E-01	  5.059159E-03	  4.637548E-02	  2.613636E-01	     41	     87	     46	  1.730134E-01	  2.073300E-01	  2.422043E-08	  5.002528E-05	  3.229670E-05	  1.108760E-06	  0.000000E+00	  7.484709E-05	     15	     89	  8.5250521E-01	     89
 5.08000000E+03	 -1.810000E-02	  1.600273E-02	  0.000000E+00	 -7.853126E-03	 -2.542750E-03	 -2.385330E-04	  1.176398E-03	  4.595000E-03	  9.732448E-07	     89	  5.551190E-01	  1.269355E-02	  4.448810E-01	  2.149748E-01	  5.052846E-03	  4.638883E-02	  2.613636E-01	     41	     87	     46	  1.730309E-01	  2.073480E-01	  2.407666E-08	  5.020469E-05	  3.234137E-05	  1.116421E-06	  0.000000E+00	  7.507868E-05	     16	     89	  8.5249250E-01	     89
 5.09000000E+03	 -1.815000E-02	  1.607158E-02	  0.000000E+00	 -7.867773E-03	 -2.542542E-03	 -2.330093E-04	  1.104584E-03	  4.565303E-03	  2.452749E-05	     89	  5.550850E-01	  1.269070E-02	  4.449150E-01	  2.258147E-01	  7.399713E-03	  4.691256E-02	  2.727273E-01	     41	     87	     46	  1.730506E-01	  2.073684E-01	  2.390290E-08	  5.038386E-05	  3.238217E-05	  1.124034E-06	  0.000000E+00	  7.530610E-05	     16	     89	  8.5247814E-01	     89
 5.10000000E+03	 -1.820000E-02	  1.614207E-02	  0.000000E+00	 -7.883901E-03	 -2.541704E-03	 -2.281771E-04	  1.082728E-03	  4.194959E-03	  1.298825E-05	     88	  5.596140E-01	  8.639445E-03	  4.403860E-01	  2.283955E-01	  7.480397E-03	  4.746660E-02	  2.758621E-01	     40	     86	     46	  1.730722E-01	  2.073906E-01	  2.340886E-08	  5.055827E-05	  3.242490E-05	  1.131534E-06	  0.000000E+00	  7.553025E-05	     16	     88	  8.5246242E-01	     88
 5.11000000E+03	 -1.825000E-02	  1.621323E-02	  0.000000E+00	 -7.900754E-03	 -2.542510E-03	 -2.242457E-04	  1.009583E-03	  4.015269E-03	  9.590355E-05	     86	  5.549911E-01	  6.194444E-03	  4.450089E-01	  2.337543E-01	  7.652583E-03	  4.859860E-02	  2.823529E-01	     39	     84	     45	  1.730946E-01	  2.205175E-01	  2.269480E-08	  5.072236E-05	  3.247758E-05	  1.138838E-06	  0.000000E+00	  7.575362E-05	     13	     86	  8.5244614E-01	     86
 5.12000000E+03	 -1.830000E-02	  1.628310E-02	  0.000000E+00	 -7.918845E-03	 -2.542535E-03	 -2.195335E-04	  8.695735E-04	  3.999038E-03	  5.464846E-05	     86	  5.549614E-01	  6.191773E-03	  4.450386E-01	  2.337401E-01	  7.649550E-03	  4.861280E-02	  2.823529E-01	     39	     84	     45	  1.731156E-01	  2.205392E-01	  2.176986E-08	  5.088954E-05	  3.253179E-05	  1.145856E-06	  0.000000E+00	  7.598111E-05	     12	     86	  8.5243095E-01	     86
 5.13000000E+03	 -1.835000E-02	  1.634895E-02	  0.000000E+00	 -7.938575E-03	 -2.542538E-03	 -2.125482E-04	  8.468686E-04	  3.935560E-03	  1.758624E-05	     85	  5.561577E-01	  3.378021E-04	  4.438423E-01	  2.365097E-01	  7.738329E-03	  4.920458E-02	  2.857143E-01	     39	     84	     45	  1.731318E-01	  2.413825E-01	  2.083461E-08	  5.107160E-05	  3.258247E-05	  1.152565E-06	  0.000000E+00	  7.621965E-05	     13	     85	  8.5241913E-01	     85
 5.14000000E+03	 -1.840000E-02	  1.641050E-02	  0.000000E+00	 -7.960293E-03	 -2.542641E-03	 -2.056867E-04	  8.359390E-04	  3.653357E-03	  9.188088E-06	     85	  5.561275E-01	  3.346434E-04	  4.438725E-01	  2.364972E-01	  7.736678E-03	  4.921712E-02	  2.857143E-01	     39	     84	     45	  1.731431E-01	  2.413945E-01	  1.968973E-08	  5.127243E-05	  3.262673E-05	  1.158929E-06	  0.000000E+00	  7.646998E-05	     12	     85	  8.5241093E-01	     85
 5.15000000E+03	 -1.845000E-02	  1.647266E-02	  0.000000E+00	 -7.981960E-03	 -2.542615E-03	 -2.012568E-04	  8.142819E-04	  3.349108E-03	  5.829000E-06	     84	  5.560961E-01	  3.319081E-04	  4.439039E-01	  2.364844E-01	  7.735389E-03	  4.922993E-02	  2.857143E-01	     39	     84	     45	  1.731551E-01	  2.414071E-01	  1.838097E-08	  5.146864E-05	  3.267580E-05	  1.164902E-06	  0.000000E+00	  7.671994E-05	     11	     84	  8.5240222E-01	     84
 5.16000000E+03	 -1.850000E-02	  1.653289E-02	  0.000000E+00	 -8.004578E-03	 -2.542680E-03	 -1.999416E-04	  8.434378E-04	  3.047211E-03	  2.264783E-07	     84	  5.560640E-01	  3.305716E-04	  4.439360E-01	  2.364708E-01	  7.734546E-03	  4.924351E-02	  2.857143E-01	     39	     84	     45	  1.731648E-01	  2.414175E-01	  1.701016E-08	  5.166464E-05	  3.273153E-05	  1.170455E-06	  0.000000E+00	  7.697587E-05	     11	     84	  8.5239514E-01	     84
 5.17000000E+03	 -1.855000E-02	  1.659135E-02	  0.000000E+00	 -8.027674E-03	 -2.542751E-03	 -2.008216E-04	  7.326994E-04	  2.925635E-03	  1.542025E-04	     84	  5.560318E-01	  3.301195E-04	  4.439682E-01	  2.364566E-01	  7.733967E-03	  4.925768E-02	  2.857143E-01	     39	     84	     45	  1.731725E-01	  2.414256E-01	  1.564968E-08	  5.186062E-05	  3.279332E-05	  1.175593E-06	  0.000000E+00	  7.723743E-05	     11	     84	  8.5238954E-01	     84
 5.18000000E+03	 -1.860000E-02	  1.664968E-02	  0.000000E+00	 -8.050019E-03	 -2.542664E-03	 -2.021344E-04	  6.601885E-04	  2.921214E-03	  1.125118E-05	     84	  5.559990E-01	  3.302957E-04	  4.440010E-01	  2.364428E-01	  7.733516E-03	  4.927148E-02	  2.857143E-01	     39	     84	     45	  1.731801E-01	  2.414336E-01	  1.436692E-08	  5.205524E-05	  3.285832E-05	  1.180309E-06	  0.000000E+00	  7.750050E-05	     12	     84	  8.5238406E-01	     84
 5.19000000E+03	 -1.865000E-02	  1.670779E-02	  0.000000E+00	 -8.070278E-03	 -2.542672E-03	 -2.014191E-04	  6.645256E-04	  2.981357E-03	  8.128896E-06	     84	  5.559661E-01	  3.307467E-04	  4.440339E-01	  2.364295E-01	  7.733064E-03	  4.928480E-02	  2.857143E-01	     39	     84	     45	  1.731874E-01	  2.414413E-01	  1.332139E-08	  5.224573E-05	  3.292923E-05	  1.184656E-06	  0.000000E+00	  7.776523E-05	     12	     84	  8.5237877E-01	     84
 5.20000000E+03	 -1.870000E-02	  1.676423E-02	  0.000000E+00	 -8.089447E-03	 -2.542762E-03	 -1.991498E-04	  6.919439E-04	  3.058262E-03	  1.439647E-05	     83	  5.594071E-01	  5.669566E-03	  4.405929E-01	  2.392652E-01	  7.826387E-03	  4.989147E-02	  2.891566E-01	     38	     83	     45	  1.731927E-01	  2.414470E-01	  1.255562E-08	  5.243931E-05	  3.300227E-05	  1.188726E-06	  0.000000E+00	  7.803515E-05	     12	     83	  8.5237489E-01	     83
 5.21000000E+03	 -1.875000E-02	  1.682190E-02	  0.000000E+00	 -8.107060E-03	 -2.542739E-03	 -1.968568E-04	  6.961058E-04	  3.100487E-03	  1.148773E-05	     82	  5.607862E-01	 -3.196222E-04	  4.392138E-01	  2.421703E-01	  7.922576E-03	  5.051260E-02	  2.926829E-01	     37	     82	     45	  1.731995E-01	  2.414541E-01	  1.204765E-08	  5.262600E-05	  3.308003E-05	  1.192607E-06	  0.000000E+00	  7.830298E-05	     10	     82	  8.5236997E-01	     82
 5.22000000E+03	 -1.880000E-02	  1.687987E-02	  0.000000E+00	 -8.123033E-03	 -2.542741E-03	 -1.952967E-04	  6.452563E-04	  2.984771E-03	  4.846500E-06	     82	  5.607522E-01	 -3.183482E-04	  4.392478E-01	  2.421583E-01	  7.923723E-03	  5.052460E-02	  2.926829E-01	     37	     82	     45	  1.732066E-01	  2.414616E-01	  1.166593E-08	  5.281049E-05	  3.316010E-05	  1.196356E-06	  0.000000E+00	  7.857092E-05	     11	     82	  8.5236481E-01	     82
 5.23000000E+03	 -1.885000E-02	  1.693702E-02	  0.000000E+00	 -8.139888E-03	 -2.542687E-03	 -1.934661E-04	  6.469493E-04	  2.804399E-03	  1.087072E-05	     83	  5.607181E-01	 -3.174426E-04	  4.392819E-01	  2.421472E-01	  7.924912E-03	  5.053569E-02	  2.926829E-01	     37	     82	     45	  1.732127E-01	  2.414681E-01	  1.128029E-08	  5.299659E-05	  3.324162E-05	  1.199991E-06	  0.000000E+00	  7.884180E-05	     14	     83	  8.5236035E-01	     83
 5.24000000E+03	 -1.890000E-02	  1.699081E-02	  0.000000E+00	 -8.157479E-03	 -2.542647E-03	 -1.904186E-04	  7.423482E-04	  2.850533E-03	  9.759057E-06	     83	  5.606854E-01	 -3.173834E-04	  4.393146E-01	  2.421366E-01	  7.925790E-03	  5.054637E-02	  2.926829E-01	     37	     82	     45	  1.732150E-01	  2.414705E-01	  1.092961E-08	  5.318669E-05	  3.332850E-05	  1.203510E-06	  0.000000E+00	  7.912194E-05	     14	     83	  8.5235870E-01	     83
 5.25000000E+03	 -1.895000E-02	  1.704153E-02	  0.000000E+00	 -8.176561E-03	 -2.542636E-03	 -1.882613E-04	  6.623690E-04	  2.980942E-03	  1.762004E-05	     82	  5.606530E-01	 -3.175084E-04	  4.393470E-01	  2.421259E-01	  7.926597E-03	  5.055706E-02	  2.926829E-01	     37	     82	     45	  1.732137E-01	  2.414692E-01	  1.067653E-08	  5.338409E-05	  3.341670E-05	  1.206932E-06	  0.000000E+00	  7.941071E-05	     13	     82	  8.5235963E-01	     82
 5.26000000E+03	 -1.900000E-02	  1.708921E-02	  0.000000E+00	 -8.196516E-03	 -2.542620E-03	 -1.873246E-04	  6.753605E-04	  3.179004E-03	  2.911395E-05	     83	  5.606204E-01	 -3.180037E-04	  4.393796E-01	  2.421150E-01	  7.927322E-03	  5.056789E-02	  2.926829E-01	     37	     82	     45	  1.732089E-01	  2.414641E-01	  1.059777E-08	  5.358663E-05	  3.350822E-05	  1.210310E-06	  0.000000E+00	  7.970807E-05	     15	     83	  8.5236311E-01	     83
 5.27000000E+03	 -1.905000E-02	  1.713453E-02	  0.000000E+00	 -8.217876E-03	 -2.542653E-03	 -1.861034E-04	  9.834179E-04	  3.339935E-03	  2.017455E-05	     84	  5.651624E-01	  2.350203E-03	  4.348376E-01	  2.363400E-01	  7.739030E-03	  4.937431E-02	  2.857143E-01	     38	     84	     46	  1.732014E-01	  2.279026E-01	  1.073146E-08	  5.379436E-05	  3.360129E-05	  1.213702E-06	  0.000000E+00	  8.001239E-05	     15	     84	  8.5236858E-01	     84
 5.28000000E+03	 -1.910000E-02	  1.717841E-02	  0.000000E+00	 -8.239365E-03	 -2.542742E-03	 -1.827036E-04	  9.751472E-04	  3.458282E-03	  1.400132E-05	     84	  5.651271E-01	  2.348195E-03	  4.348729E-01	  2.363300E-01	  7.739103E-03	  4.938428E-02	  2.857143E-01	     38	     84	     46	  1.731922E-01	  2.278930E-01	  1.102568E-08	  5.399744E-05	  3.370352E-05	  1.217175E-06	  0.000000E+00	  8.032145E-05	     15	     84	  8.5237526E-01	     84
 5.29000000E+03	 -1.915000E-02	  1.722437E-02	  0.000000E+00	 -8.260017E-03	 -2.542681E-03	 -1.782064E-04	  9.805277E-04	  3.408231E-03	  2.650075E-06	     84	  5.650882E-01	  2.346676E-03	  4.349118E-01	  2.363195E-01	  7.739666E-03	  4.939480E-02	  2.857143E-01	     38	     84	     46	  1.731854E-01	  2.278859E-01	  1.128254E-08	  5.419514E-05	  3.380696E-05	  1.220743E-06	  0.000000E+00	  8.062641E-05	     16	     84	  8.5238020E-01	     84
 5.30000000E+03	 -1.920000E-02	  1.727055E-02	  0.000000E+00	 -8.279328E-03	 -2.542734E-03	 -1.741832E-04	  8.580186E-04	  3.572879E-03	  1.314332E-05	     84	  5.650480E-01	  2.345677E-03	  4.349520E-01	  2.363094E-01	  7.740679E-03	  4.940493E-02	  2.857143E-01	     38	     84	     46	  1.731789E-01	  2.278790E-01	  1.159277E-08	  5.439448E-05	  3.390910E-05	  1.224404E-06	  0.000000E+00	  8.093185E-05	     16	     84	  8.5238495E-01	     84
 5.31000000E+03	 -1.925000E-02	  1.731979E-02	  0.000000E+00	 -8.299376E-03	 -2.542684E-03	 -1.713638E-04	  9.647505E-04	  3.468357E-03	  6.880098E-06	     85	  5.635709E-01	  8.162095E-03	  4.364291E-01	  2.335197E-01	  7.651652E-03	  4.883326E-02	  2.823529E-01	     39	     85	     46	  1.731758E-01	  2.278759E-01	  1.190209E-08	  5.459384E-05	  3.400449E-05	  1.228177E-06	  0.000000E+00	  8.123069E-05	     16	     85	  8.5238715E-01	     85
 5.32000000E+03	 -1.930000E-02	  1.736818E-02	  0.000000E+00	 -8.320537E-03	 -2.542684E-03	 -1.690489E-04	  9.327853E-04	  3.682523E-03	  6.392016E-07	     85	  5.635283E-01	  8.161551E-03	  4.364717E-01	  2.335110E-01	  7.654187E-03	  4.884197E-02	  2.823529E-01	     39	     85	     46	  1.731718E-01	  2.278717E-01	  1.218090E-08	  5.479967E-05	  3.409655E-05	  1.232035E-06	  0.000000E+00	  8.153271E-05	     16	     85	  8.5239006E-01	     85
 5.33000000E+03	 -1.935000E-02	  1.741447E-02	  0.000000E+00	 -8.342174E-03	 -2.542695E-03	 -1.649029E-04	  9.370555E-04	  3.516717E-03	  8.931032E-06	     85	  5.634847E-01	  8.160380E-03	  4.365153E-01	  2.335029E-01	  7.657316E-03	  4.885006E-02	  2.823529E-01	     39	     85	     46	  1.731654E-01	  2.278649E-01	  1.247408E-08	  5.501204E-05	  3.418833E-05	  1.236009E-06	  0.000000E+00	  8.184111E-05	     17	     85	  8.5239474E-01	     85
 5.34000000E+03	 -1.940000E-02	  1.746006E-02	  0.000000E+00	 -8.364303E-03	 -2.542699E-03	 -1.607572E-04	  8.239667E-04	  3.492421E-03	  1.986769E-05	     85	  5.634404E-01	  8.158642E-03	  4.365596E-01	  2.334950E-01	  7.661183E-03	  4.885796E-02	  2.823529E-01	     39	     85	     46	  1.731581E-01	  2.278573E-01	  1.266161E-08	  5.523405E-05	  3.427336E-05	  1.240056E-06	  0.000000E+00	  8.215239E-05	     15	     85	  8.5240001E-01	     85
 5.35000000E+03	 -1.945000E-02	  1.750336E-02	  0.000000E+00	 -8.385574E-03	 -2.542736E-03	 -1.560370E-04	  7.406620E-04	  3.241125E-03	  1.203279E-05	     85	  5.633970E-01	  8.156973E-03	  4.366030E-01	  2.334873E-01	  7.665090E-03	  4.886560E-02	  2.823529E-01	     39	     85	     46	  1.731482E-01	  2.278470E-01	  1.256491E-08	  5.546694E-05	  3.435460E-05	  1.244114E-06	  0.000000E+00	  8.247049E-05	     16	     85	  8.5240719E-01	     85
 5.36000000E+03	 -1.950000E-02	  1.755667E-02	  0.000000E+00	 -8.405117E-03	 -2.537887E-03	 -1.505847E-04	  7.371064E-04	  3.060881E-03	  4.157106E-06	     85	  5.633497E-01	  8.155355E-03	  4.366503E-01	  2.334788E-01	  7.668809E-03	  4.887413E-02	  2.823529E-01	     39	     85	     46	  1.731499E-01	  2.278487E-01	  1.222033E-08	  5.566451E-05	  3.444766E-05	  1.248087E-06	  0.000000E+00	  8.276474E-05	     17	     85	  8.5240600E-01	     85
 5.37000000E+03	 -1.955000E-02	  1.759854E-02	  0.000000E+00	 -8.425171E-03	 -2.542483E-03	 -1.459284E-04	  7.860929E-04	  3.015163E-03	  1.923283E-05	     85	  5.633039E-01	  8.153335E-03	  4.366961E-01	  2.334698E-01	  7.672348E-03	  4.888309E-02	  2.823529E-01	     39	     85	     46	  1.731383E-01	  2.278366E-01	  1.186353E-08	  5.587942E-05	  3.455303E-05	  1.251954E-06	  0.000000E+00	  8.308853E-05	     18	     85	  8.5241440E-01	     85
 5.38000000E+03	 -1.960000E-02	  1.764790E-02	  0.000000E+00	 -8.443209E-03	 -2.542699E-03	 -1.411851E-04	  7.195434E-04	  2.872410E-03	  3.152052E-06	     85	  5.632562E-01	  8.150623E-03	  4.367438E-01	  2.334593E-01	  7.675856E-03	  4.889361E-02	  2.823529E-01	     39	     85	     46	  1.731354E-01	  2.278336E-01	  1.155463E-08	  5.606221E-05	  3.467285E-05	  1.255725E-06	  0.000000E+00	  8.339461E-05	     18	     85	  8.5241652E-01	     85
 5.39000000E+03	 -1.965000E-02	  1.769853E-02	  0.000000E+00	 -8.460807E-03	 -2.542732E-03	 -1.369070E-04	  6.295277E-04	  3.047956E-03	  3.882178E-06	     85	  5.632093E-01	  8.148208E-03	  4.367907E-01	  2.289583E-01	  1.964198E-03	  4.162994E-02	  2.705882E-01	     39	     85	     46	  1.731339E-01	  2.278320E-01	  1.140814E-08	  5.624064E-05	  3.479473E-05	  1.259417E-06	  0.000000E+00	  8.369847E-05	     18	     85	  8.5241758E-01	     85
 5.40000000E+03	 -1.970000E-02	  1.774925E-02	  0.000000E+00	 -8.476970E-03	 -2.542706E-03	 -1.317573E-04	  5.238945E-04	  3.227690E-03	  4.275914E-06	     85	  5.631646E-01	  8.145032E-03	  4.368354E-01	  2.289472E-01	  1.967434E-03	  4.164101E-02	  2.705882E-01	     39	     85	     46	  1.731326E-01	  2.278306E-01	  1.152590E-08	  5.641885E-05	  3.491727E-05	  1.263081E-06	  0.000000E+00	  8.400299E-05	     17	     85	  8.5241858E-01	     85
 5.41000000E+03	 -1.975000E-02	  1.780005E-02	  0.000000E+00	 -8.493959E-03	 -2.542680E-03	 -1.275481E-04	  5.574887E-04	  3.257119E-03	  7.987816E-06	     85	  5.631197E-01	  8.141526E-03	  4.368803E-01	  2.401636E-01	 -4.846875E-04	  4.218932E-02	  2.823529E-01	     39	     85	     46	  1.731313E-01	  2.278292E-01	  1.182998E-08	  5.659518E-05	  3.504212E-05	  1.266806E-06	  0.000000E+00	  8.430820E-05	     17	     85	  8.5241952E-01	     85
 5.42000000E+03	 -1.980000E-02	  1.785018E-02	  0.000000E+00	 -8.510495E-03	 -2.542697E-03	 -1.228572E-04	  6.059228E-04	  3.389553E-03	  1.100849E-06	     85	  5.630751E-01	  8.137786E-03	  4.369249E-01	  2.401511E-01	 -4.831930E-04	  4.220184E-02	  2.823529E-01	     39	     85	     46	  1.731292E-01	  2.278271E-01	  1.229012E-08	  5.677004E-05	  3.517069E-05	  1.270650E-06	  0.000000E+00	  8.461593E-05	     18	     85	  8.5242101E-01	     85
 5.43000000E+03	 -1.985000E-02	  1.790213E-02	  0.000000E+00	 -8.527557E-03	 -2.542739E-03	 -1.167174E-04	  8.578653E-04	  3.559912E-03	  5.669774E-06	     87	  5.598276E-01	  2.775838E-03	  4.401724E-01	  2.373459E-01	 -4.757666E-04	  4.172384E-02	  2.790698E-01	     39	     85	     46	  1.731293E-01	  2.089804E-01	  1.290251E-08	  5.693649E-05	  3.530370E-05	  1.274682E-06	  0.000000E+00	  8.492001E-05	     19	     87	  8.5242099E-01	     87
 5.44000000E+03	 -1.990000E-02	  1.795608E-02	  0.000000E+00	 -8.540816E-03	 -2.543094E-03	 -1.119924E-04	  9.167293E-04	  3.789897E-03	  4.152459E-04	     85	  5.629866E-01	  8.129230E-03	  4.370134E-01	  2.401246E-01	 -4.795545E-04	  4.222829E-02	  2.823529E-01	     39	     85	     46	  1.731316E-01	  2.278296E-01	  1.376080E-08	  5.708990E-05	  3.544509E-05	  1.278954E-06	  0.000000E+00	  8.521993E-05	     16	     85	  8.5241929E-01	     85
 5.45000000E+03	 -1.995000E-02	  1.801373E-02	  0.000000E+00	 -8.553387E-03	 -2.542986E-03	 -1.067516E-04	  7.754791E-04	  4.087856E-03	  2.660224E-04	     85	  5.629421E-01	  8.124358E-03	  4.370579E-01	  2.401100E-01	 -4.781019E-04	  4.224290E-02	  2.823529E-01	     39	     85	     46	  1.731382E-01	  2.278365E-01	  1.490993E-08	  5.722617E-05	  3.559450E-05	  1.283536E-06	  0.000000E+00	  8.551132E-05	     17	     85	  8.5241451E-01	     85
 5.46000000E+03	 -2.000000E-02	  1.807315E-02	  0.000000E+00	 -8.565879E-03	 -2.542675E-03	 -1.022440E-04	  7.374802E-04	  4.355261E-03	  3.894688E-06	     85	  5.628972E-01	  8.120812E-03	  4.371028E-01	  2.400948E-01	 -4.769030E-04	  4.225810E-02	  2.823529E-01	     39	     85	     46	  1.731468E-01	  2.278455E-01	  1.640219E-08	  5.735298E-05	  3.574885E-05	  1.288534E-06	  0.000000E+00	  8.579895E-05	     17	     85	  8.5240825E-01	     85
 5.47000000E+03	 -2.005000E-02	  1.813244E-02	  0.000000E+00	 -8.577339E-03	 -2.542749E-03	 -9.838180E-05	  7.845296E-04	  4.571787E-03	  6.069074E-06	     86	  5.628525E-01	  8.117654E-03	  4.371475E-01	  2.400790E-01	 -4.759886E-04	  4.227394E-02	  2.823529E-01	     39	     85	     46	  1.731553E-01	  2.278543E-01	  1.826995E-08	  5.747497E-05	  3.590809E-05	  1.294058E-06	  0.000000E+00	  8.608753E-05	     17	     86	  8.5240210E-01	     86
 5.48000000E+03	 -2.010000E-02	  1.819613E-02	  0.000000E+00	 -8.585625E-03	 -2.542768E-03	 -9.522512E-05	  8.483012E-04	  4.806289E-03	  1.566447E-05	     85	  5.628062E-01	  8.115307E-03	  4.371938E-01	  2.400621E-01	 -4.754225E-04	  4.229089E-02	  2.823529E-01	     39	     85	     46	  1.731688E-01	  2.278685E-01	  2.044412E-08	  5.757410E-05	  3.607884E-05	  1.300228E-06	  0.000000E+00	  8.636572E-05	     16	     85	  8.5239227E-01	     85
 5.49000000E+03	 -2.015000E-02	  1.826396E-02	  0.000000E+00	 -8.594766E-03	 -2.543161E-03	 -9.415759E-05	  9.928649E-04	  4.989824E-03	  1.745695E-05	     86	  5.689633E-01	  9.126594E-03	  4.310367E-01	  2.400438E-01	 -4.752690E-04	  4.230917E-02	  2.823529E-01	     39	     85	     46	  1.731871E-01	  2.278876E-01	  2.261761E-08	  5.765393E-05	  3.625831E-05	  1.307093E-06	  0.000000E+00	  8.663403E-05	     17	     86	  8.5237898E-01	     86
 5.50000000E+03	 -2.020000E-02	  1.833575E-02	  0.000000E+00	 -8.604067E-03	 -2.542729E-03	 -9.534149E-05	  1.085426E-03	  5.205380E-03	  2.950142E-06	     86	  5.689155E-01	  9.125805E-03	  4.310845E-01	  2.400245E-01	 -4.751979E-04	  4.232842E-02	  2.823529E-01	     39	     85	     46	  1.732099E-01	  2.279115E-01	  2.459830E-08	  5.771668E-05	  3.644511E-05	  1.314595E-06	  0.000000E+00	  8.689302E-05	     16	     86	  8.5236239E-01	     86
 5.51000000E+03	 -2.025000E-02	  1.840964E-02	  0.000000E+00	 -8.610912E-03	 -2.542692E-03	 -9.641940E-05	  1.013366E-03	  5.299215E-03	  1.696286E-06	     87	  5.655950E-01	  3.757137E-03	  4.344050E-01	  2.372139E-01	 -4.707204E-04	  4.185583E-02	  2.790698E-01	     39	     85	     46	  1.732352E-01	  2.090895E-01	  2.662442E-08	  5.776626E-05	  3.663961E-05	  1.322721E-06	  0.000000E+00	  8.714722E-05	     17	     87	  8.5234404E-01	     87
 5.52000000E+03	 -2.030000E-02	  1.848502E-02	  0.000000E+00	 -8.615700E-03	 -2.542708E-03	 -9.766797E-05	  1.004872E-03	  5.215053E-03	  2.895782E-07	     86	  5.688195E-01	  9.126598E-03	  4.311805E-01	  2.399848E-01	 -4.774370E-04	  4.236814E-02	  2.823529E-01	     39	     85	     46	  1.732621E-01	  2.279662E-01	  2.851635E-08	  5.780959E-05	  3.683651E-05	  1.331471E-06	  0.000000E+00	  8.739806E-05	     16	     86	  8.5232445E-01	     86
 5.53000000E+03	 -2.035000E-02	  1.856122E-02	  0.000000E+00	 -8.619894E-03	 -2.542764E-03	 -9.847962E-05	  8.745218E-04	  5.426899E-03	  8.901681E-06	     86	  5.687711E-01	  9.128025E-03	  4.312289E-01	  2.399646E-01	 -4.781320E-04	  4.238835E-02	  2.823529E-01	     39	     85	     46	  1.732900E-01	  2.279954E-01	  3.035512E-08	  5.785364E-05	  3.703040E-05	  1.340795E-06	  0.000000E+00	  8.764713E-05	     16	     86	  8.5230419E-01	     86
 5.54000000E+03	 -2.040000E-02	  1.863973E-02	  0.000000E+00	 -8.622396E-03	 -2.542844E-03	 -9.913900E-05	  9.221877E-04	  5.601473E-03	  1.593408E-05	     86	  5.687218E-01	  9.130257E-03	  4.312782E-01	  2.399440E-01	 -4.786839E-04	  4.240890E-02	  2.823529E-01	     39	     85	     46	  1.733206E-01	  2.280274E-01	  3.233428E-08	  5.788941E-05	  3.722627E-05	  1.350714E-06	  0.000000E+00	  8.789064E-05	     15	     86	  8.5228200E-01	     86
 5.55000000E+03	 -2.045000E-02	  1.872072E-02	  0.000000E+00	 -8.624371E-03	 -2.542612E-03	 -1.025239E-04	  8.774892E-04	  5.906209E-03	  1.288880E-05	     87	  5.654016E-01	  3.765420E-03	  4.345984E-01	  2.371332E-01	 -4.741595E-04	  4.193652E-02	  2.790698E-01	     39	     85	     46	  1.733540E-01	  2.092120E-01	  3.462363E-08	  5.791281E-05	  3.742751E-05	  1.361294E-06	  0.000000E+00	  8.812811E-05	     16	     87	  8.5225774E-01	     87
 5.56000000E+03	 -2.050000E-02	  1.879994E-02	  0.000000E+00	 -8.626870E-03	 -2.542704E-03	 -1.054107E-04	  9.014576E-04	  6.118507E-03	  6.278713E-06	     86	  5.686233E-01	  9.137788E-03	  4.313767E-01	  2.399010E-01	 -4.811542E-04	  4.245192E-02	  2.823529E-01	     39	     85	     46	  1.733853E-01	  2.280951E-01	  3.730588E-08	  5.793344E-05	  3.763492E-05	  1.372673E-06	  0.000000E+00	  8.837017E-05	     15	     86	  8.5223497E-01	     86
 5.57000000E+03	 -2.055000E-02	  1.888030E-02	  0.000000E+00	 -8.628664E-03	 -2.542661E-03	 -1.067991E-04	  8.238989E-04	  6.422450E-03	  4.802315E-06	     87	  5.653049E-01	  3.772537E-03	  4.346951E-01	  2.370884E-01	 -4.773823E-04	  4.198137E-02	  2.790698E-01	     39	     85	     46	  1.734180E-01	  2.092779E-01	  4.032794E-08	  5.793848E-05	  3.785403E-05	  1.384952E-06	  0.000000E+00	  8.860957E-05	     16	     87	  8.5221126E-01	     87
 5.58000000E+03	 -2.060000E-02	  1.896309E-02	  0.000000E+00	 -8.628361E-03	 -2.542702E-03	 -1.084772E-04	  7.811158E-04	  6.576623E-03	  9.336736E-07	     86	  5.685248E-01	  9.143683E-03	  4.314752E-01	  2.398534E-01	 -4.852033E-04	  4.249953E-02	  2.823529E-01	     39	     85	     46	  1.734534E-01	  2.281664E-01	  4.360677E-08	  5.792412E-05	  3.808531E-05	  1.398212E-06	  0.000000E+00	  8.884297E-05	     15	     86	  8.5218552E-01	     86
 5.59000000E+03	 -2.065000E-02	  1.904679E-02	  0.000000E+00	 -8.627471E-03	 -2.542719E-03	 -1.096645E-04	  8.038592E-04	  6.650824E-03	  2.305246E-06	     86	  5.684746E-01	  9.146659E-03	  4.315254E-01	  2.286081E-01	  1.983491E-03	  4.198012E-02	  2.705882E-01	     39	     85	     46	  1.734899E-01	  2.282046E-01	  4.696717E-08	  5.790002E-05	  3.832296E-05	  1.412508E-06	  0.000000E+00	  8.907413E-05	     15	     86	  8.5215903E-01	     86
 5.60000000E+03	 -2.070000E-02	  1.913153E-02	  0.000000E+00	 -8.626366E-03	 -2.542510E-03	 -1.114728E-04	  8.867542E-04	  6.790305E-03	  2.677367E-05	     87	  5.651569E-01	  3.782624E-03	  4.348431E-01	  2.370147E-01	 -4.848073E-04	  4.205502E-02	  2.790698E-01	     39	     85	     46	  1.735276E-01	  2.093908E-01	  5.038796E-08	  5.786942E-05	  3.856342E-05	  1.427873E-06	  0.000000E+00	  8.930270E-05	     15	     87	  8.5213168E-01	     87
 5.61000000E+03	 -2.075000E-02	  1.921898E-02	  0.000000E+00	 -8.623189E-03	 -2.542917E-03	 -1.146317E-04	  8.688649E-04	  6.959899E-03	  1.380173E-04	     86	  5.683736E-01	  9.158769E-03	  4.316264E-01	  2.285572E-01	  1.979009E-03	  4.203102E-02	  2.705882E-01	     39	     85	     46	  1.735683E-01	  2.282867E-01	  5.379939E-08	  5.782637E-05	  3.880843E-05	  1.444316E-06	  0.000000E+00	  8.952447E-05	     14	     86	  8.5210207E-01	     86
 5.62000000E+03	 -2.080000E-02	  1.931363E-02	  0.000000E+00	 -8.617359E-03	 -2.542910E-03	 -1.191376E-04	  8.330694E-04	  7.077470E-03	  4.599770E-06	     86	  5.683204E-01	  9.167593E-03	  4.316796E-01	  2.285307E-01	  1.977330E-03	  4.205752E-02	  2.705882E-01	     39	     85	     46	  1.736174E-01	  2.283380E-01	  5.729115E-08	  5.775929E-05	  3.905819E-05	  1.461843E-06	  0.000000E+00	  8.972811E-05	     14	     86	  8.5206645E-01	     86
 5.63000000E+03	 -2.085000E-02	  1.941286E-02	  0.000000E+00	 -8.609972E-03	 -2.542727E-03	 -1.234528E-04	  8.229192E-04	  7.170600E-03	  7.893636E-06	     86	  5.682655E-01	  9.177215E-03	  4.317345E-01	  2.285033E-01	  1.975841E-03	  4.208490E-02	  2.705882E-01	     39	     85	     46	  1.736717E-01	  2.283949E-01	  6.077039E-08	  5.767382E-05	  3.931357E-05	  1.480468E-06	  0.000000E+00	  8.992007E-05	     13	     86	  8.5202702E-01	     86
 5.64000000E+03	 -2.090000E-02	  1.951391E-02	  0.000000E+00	 -8.602362E-03	 -2.542694E-03	 -1.272771E-04	  8.156907E-04	  7.292018E-03	  4.675229E-06	     87	  5.649470E-01	  3.816745E-03	  4.350530E-01	  2.258189E-01	  1.951005E-03	  4.162298E-02	  2.674419E-01	     39	     85	     46	  1.737281E-01	  2.095975E-01	  6.407628E-08	  5.757859E-05	  3.957296E-05	  1.500146E-06	  0.000000E+00	  9.010716E-05	     15	     87	  8.5198607E-01	     87
 5.65000000E+03	 -2.095000E-02	  1.961534E-02	  0.000000E+00	 -8.594529E-03	 -2.542708E-03	 -1.306730E-04	  8.227049E-04	  7.266023E-03	  6.525561E-06	     86	  5.681544E-01	  9.195572E-03	  4.318456E-01	  2.284475E-01	  1.971681E-03	  4.214076E-02	  2.705882E-01	     39	     85	     46	  1.737849E-01	  2.285134E-01	  6.705680E-08	  5.747730E-05	  3.983650E-05	  1.520801E-06	  0.000000E+00	  9.029300E-05	     15	     86	  8.5194483E-01	     86
 5.66000000E+03	 -2.100000E-02	  1.971676E-02	  0.000000E+00	 -8.586751E-03	 -2.542684E-03	 -1.338474E-04	  8.577310E-04	  7.208792E-03	  4.022005E-06	     86	  5.680983E-01	  9.204423E-03	  4.319017E-01	  2.284188E-01	  1.969350E-03	  4.216942E-02	  2.705882E-01	     39	     85	     46	  1.738417E-01	  2.285728E-01	  6.964856E-08	  5.737060E-05	  4.010462E-05	  1.542331E-06	  0.000000E+00	  9.047850E-05	     15	     86	  8.5190360E-01	     86
 5.67000000E+03	 -2.105000E-02	  1.981690E-02	  0.000000E+00	 -8.579219E-03	 -2.542674E-03	 -1.373098E-04	  8.697377E-04	  7.175323E-03	  1.011066E-06	     87	  5.647827E-01	  3.842971E-03	  4.352173E-01	  2.257343E-01	  1.944226E-03	  4.170757E-02	  2.674419E-01	     39	     85	     46	  1.738971E-01	  2.097716E-01	  7.174229E-08	  5.726410E-05	  4.037516E-05	  1.564601E-06	  0.000000E+00	  9.066686E-05	     16	     87	  8.5186345E-01	     87
 5.68000000E+03	 -2.110000E-02	  1.991627E-02	  0.000000E+00	 -8.571473E-03	 -2.542716E-03	 -1.410248E-04	  8.426078E-04	  7.115619E-03	  1.739177E-06	     86	  5.679869E-01	  9.224146E-03	  4.320131E-01	  2.184501E-01	  6.251247E-03	  4.037340E-02	  2.588235E-01	     39	     85	     46	  1.739515E-01	  2.286877E-01	  7.333238E-08	  5.715816E-05	  4.064664E-05	  1.587440E-06	  0.000000E+00	  9.085680E-05	     15	     86	  8.5182396E-01	     86
 5.69000000E+03	 -2.115000E-02	  2.001527E-02	  0.000000E+00	 -8.563065E-03	 -2.542680E-03	 -1.442292E-04	  8.428257E-04	  7.030348E-03	  4.368174E-06	     87	  5.646743E-01	  3.862554E-03	  4.353257E-01	  2.256769E-01	  1.939923E-03	  4.176493E-02	  2.674419E-01	     39	     85	     46	  1.740055E-01	  2.098833E-01	  7.439914E-08	  5.705102E-05	  4.092003E-05	  1.610687E-06	  0.000000E+00	  9.104733E-05	     16	     87	  8.5178480E-01	     87
 5.70000000E+03	 -2.120000E-02	  2.011281E-02	  0.000000E+00	 -8.554014E-03	 -2.542566E-03	 -1.470230E-04	  8.499613E-04	  7.078380E-03	  2.891191E-06	     86	  5.678764E-01	  9.244446E-03	  4.321236E-01	  2.183896E-01	  6.244538E-03	  4.043389E-02	  2.588235E-01	     39	     85	     46	  1.740577E-01	  2.287989E-01	  7.523267E-08	  5.694453E-05	  4.119591E-05	  1.634220E-06	  0.000000E+00	  9.124108E-05	     15	     86	  8.5174686E-01	     86
 5.71000000E+03	 -2.125000E-02	  2.020765E-02	  0.000000E+00	 -8.544896E-03	 -2.542653E-03	 -1.502700E-04	  8.857759E-04	  7.091598E-03	  7.756736E-06	     87	  5.645671E-01	  3.881392E-03	  4.354329E-01	  2.256184E-01	  1.933819E-03	  4.182344E-02	  2.674419E-01	     39	     85	     46	  1.741069E-01	  2.099879E-01	  7.611328E-08	  5.684106E-05	  4.147477E-05	  1.658024E-06	  0.000000E+00	  9.144112E-05	     16	     87	  8.5171118E-01	     87
 5.72000000E+03	 -2.130000E-02	  2.030150E-02	  0.000000E+00	 -8.535336E-03	 -2.542729E-03	 -1.536960E-04	  9.016768E-04	  7.094947E-03	  1.021932E-05	     85	  5.713881E-01	  1.461902E-02	  4.286119E-01	  2.160787E-01	  1.215908E-02	  3.392131E-02	  2.500000E-01	     38	     84	     46	  1.741549E-01	  2.289006E-01	  7.709892E-08	  5.673695E-05	  4.175590E-05	  1.682135E-06	  0.000000E+00	  9.164323E-05	     14	     85	  8.5167635E-01	     85
 5.73000000E+03	 -2.135000E-02	  2.039792E-02	  0.000000E+00	 -8.525129E-03	 -2.542639E-03	 -1.579153E-04	  8.873803E-04	  7.183788E-03	  4.200346E-06	     86	  5.679991E-01	  9.129408E-03	  4.320009E-01	  2.182974E-01	  6.231062E-03	  4.052618E-02	  2.588235E-01	     38	     84	     46	  1.742059E-01	  2.100899E-01	  7.816281E-08	  5.662376E-05	  4.203886E-05	  1.706578E-06	  0.000000E+00	  9.183848E-05	     16	     86	  8.5163938E-01	     86
 5.74000000E+03	 -2.140000E-02	  2.049740E-02	  0.000000E+00	 -8.514217E-03	 -2.542775E-03	 -1.615714E-04	  8.850405E-04	  7.259336E-03	  1.381736E-05	     85	  5.712757E-01	  1.463936E-02	  4.287243E-01	  2.160181E-01	  1.214967E-02	  3.398194E-02	  2.500000E-01	     38	     84	     46	  1.742604E-01	  2.290110E-01	  7.930018E-08	  5.650055E-05	  4.232332E-05	  1.731366E-06	  0.000000E+00	  9.202563E-05	     14	     85	  8.5159987E-01	     85
 5.75000000E+03	 -2.145000E-02	  2.060078E-02	  0.000000E+00	 -8.506102E-03	 -2.542601E-03	 -1.603457E-04	  1.757635E-03	  7.420669E-03	  2.673615E-06	     87	  5.688482E-01	  3.491672E-03	  4.311518E-01	  2.156977E-01	  6.149681E-03	  4.011630E-02	  2.558140E-01	     39	     85	     46	  1.743193E-01	  2.102068E-01	  7.942387E-08	  5.636228E-05	  4.261351E-05	  1.756372E-06	  0.000000E+00	  9.220269E-05	     16	     87	  8.5155712E-01	     87
 5.76000000E+03	 -2.150000E-02	  2.070016E-02	  0.000000E+00	 -8.499998E-03	 -2.542475E-03	 -1.568077E-04	  1.946885E-03	  7.513817E-03	  4.172741E-05	     87	  5.687960E-01	  3.494510E-03	  4.312040E-01	  2.156668E-01	  6.144064E-03	  4.014712E-02	  2.558140E-01	     39	     85	     46	  1.743737E-01	  2.102628E-01	  7.855428E-08	  5.622216E-05	  4.291630E-05	  1.781233E-06	  0.000000E+00	  9.238936E-05	     15	     87	  8.5151772E-01	     87
 5.77000000E+03	 -2.155000E-02	  2.079212E-02	  0.000000E+00	 -8.493838E-03	 -2.542646E-03	 -1.550024E-04	  1.814203E-03	  7.299573E-03	  3.187955E-06	     86	  5.720437E-01	  8.866793E-03	  4.279563E-01	  2.133860E-01	  1.198963E-02	  3.367281E-02	  2.470588E-01	     39	     85	     46	  1.744195E-01	  2.291775E-01	  7.724468E-08	  5.609558E-05	  4.322448E-05	  1.805800E-06	  0.000000E+00	  9.259422E-05	     15	     86	  8.5148452E-01	     86
 5.78000000E+03	 -2.160000E-02	  2.087904E-02	  0.000000E+00	 -8.486819E-03	 -2.542701E-03	 -1.566446E-04	  1.565054E-03	  7.065432E-03	  3.322818E-06	     86	  5.719908E-01	  8.871576E-03	  4.280092E-01	  2.232772E-01	  7.706614E-03	  3.554628E-02	  2.588235E-01	     39	     85	     46	  1.744595E-01	  2.292194E-01	  7.549447E-08	  5.598655E-05	  4.352821E-05	  1.829931E-06	  0.000000E+00	  9.281134E-05	     15	     86	  8.5145553E-01	     86
 5.79000000E+03	 -2.165000E-02	  2.096332E-02	  0.000000E+00	 -8.480702E-03	 -2.542780E-03	 -1.594758E-04	  1.409393E-03	  6.948168E-03	  1.516107E-05	     87	  5.686417E-01	  3.508181E-03	  4.313583E-01	  2.206535E-01	  7.612155E-03	  3.516045E-02	  2.558140E-01	     39	     85	     46	  1.744964E-01	  2.103893E-01	  7.354505E-08	  5.589553E-05	  4.382101E-05	  1.853467E-06	  0.000000E+00	  9.303473E-05	     16	     87	  8.5142875E-01	     87
 5.80000000E+03	 -2.170000E-02	  2.104930E-02	  0.000000E+00	 -8.474415E-03	 -2.542681E-03	 -1.593486E-04	  1.333349E-03	  6.756178E-03	  9.760639E-07	     86	  5.718849E-01	  8.887497E-03	  4.281151E-01	  2.232222E-01	  7.697046E-03	  3.560138E-02	  2.588235E-01	     39	     85	     46	  1.745353E-01	  2.292987E-01	  7.164967E-08	  5.581284E-05	  4.410155E-05	  1.876406E-06	  0.000000E+00	  9.325365E-05	     17	     86	  8.5140057E-01	     86
 5.81000000E+03	 -2.175000E-02	  2.114013E-02	  0.000000E+00	 -8.467716E-03	 -2.542742E-03	 -1.596232E-04	  1.311302E-03	  6.478054E-03	  6.504305E-06	     86	  5.718291E-01	  8.895751E-03	  4.281709E-01	  2.231947E-01	  7.692317E-03	  3.562888E-02	  2.588235E-01	     39	     85	     46	  1.745797E-01	  2.293452E-01	  6.974840E-08	  5.571871E-05	  4.438176E-05	  1.898757E-06	  0.000000E+00	  9.346020E-05	     17	     86	  8.5136835E-01	     86
 5.82000000E+03	 -2.180000E-02	  2.123391E-02	  0.000000E+00	 -8.461038E-03	 -2.542721E-03	 -1.607384E-04	  1.296246E-03	  6.256338E-03	  7.286010E-06	     87	  5.684791E-01	  3.530121E-03	  4.315209E-01	  2.205720E-01	  7.598168E-03	  3.524196E-02	  2.558140E-01	     39	     85	     46	  1.746276E-01	  2.105245E-01	  6.772490E-08	  5.561150E-05	  4.466818E-05	  1.920471E-06	  0.000000E+00	  9.365914E-05	     18	     87	  8.5133368E-01	     87
 5.83000000E+03	 -2.185000E-02	  2.132513E-02	  0.000000E+00	 -8.457179E-03	 -2.542457E-03	 -1.625375E-04	  1.165961E-03	  6.317944E-03	  4.081530E-04	     86	  5.717150E-01	  8.909156E-03	  4.282850E-01	  2.231393E-01	  7.682759E-03	  3.568427E-02	  2.588235E-01	     39	     85	     46	  1.746724E-01	  2.294422E-01	  6.569551E-08	  5.551249E-05	  4.495321E-05	  1.941525E-06	  0.000000E+00	  9.386422E-05	     17	     86	  8.5130116E-01	     86
 5.84000000E+03	 -2.190000E-02	  2.140926E-02	  0.000000E+00	 -8.454795E-03	 -2.542676E-03	 -1.631718E-04	  1.072553E-03	  6.294687E-03	  1.020924E-05	     87	  5.683719E-01	  3.542221E-03	  4.316281E-01	  2.205175E-01	  7.588980E-03	  3.529644E-02	  2.558140E-01	     39	     85	     46	  1.747091E-01	  2.106085E-01	  6.384540E-08	  5.544542E-05	  4.522427E-05	  1.961976E-06	  0.000000E+00	  9.408682E-05	     19	     87	  8.5127456E-01	     87
 5.85000000E+03	 -2.195000E-02	  2.148952E-02	  0.000000E+00	 -8.452894E-03	 -2.542669E-03	 -1.636494E-04	  1.040245E-03	  6.273949E-03	  6.213628E-06	     86	  5.716098E-01	  8.921335E-03	  4.283902E-01	  2.230853E-01	  7.674196E-03	  3.573822E-02	  2.588235E-01	     39	     85	     46	  1.747414E-01	  2.295144E-01	  6.227600E-08	  5.539424E-05	  4.548927E-05	  1.981858E-06	  0.000000E+00	  9.431898E-05	     19	     86	  8.5125118E-01	     86
 5.86000000E+03	 -2.200000E-02	  2.156781E-02	  0.000000E+00	 -8.450798E-03	 -2.542561E-03	 -1.640419E-04	  9.877731E-04	  6.469280E-03	  6.528153E-07	     85	  5.757016E-01	  1.399344E-02	  4.242984E-01	  2.257146E-01	  7.762238E-03	  3.619014E-02	  2.619048E-01	     38	     84	     46	  1.747714E-01	  2.295458E-01	  6.112430E-08	  5.535106E-05	  4.575113E-05	  2.001296E-06	  0.000000E+00	  9.455597E-05	     18	     85	  8.5122946E-01	     85
 5.87000000E+03	 -2.205000E-02	  2.164173E-02	  0.000000E+00	 -8.449236E-03	 -2.542776E-03	 -1.629495E-04	  1.029719E-03	  6.360401E-03	  2.803924E-05	     85	  5.756548E-01	  1.399706E-02	  4.243452E-01	  2.256886E-01	  7.759967E-03	  3.621612E-02	  2.619048E-01	     38	     84	     46	  1.747963E-01	  2.295719E-01	  6.020389E-08	  5.532436E-05	  4.600743E-05	  2.020428E-06	  0.000000E+00	  9.480378E-05	     18	     85	  8.5121139E-01	     85
 5.88000000E+03	 -2.210000E-02	  2.171870E-02	  0.000000E+00	 -8.447312E-03	 -2.542736E-03	 -1.632941E-04	  9.671470E-04	  6.193309E-03	  8.604506E-06	     85	  5.756081E-01	  1.400065E-02	  4.243919E-01	  2.256624E-01	  7.758433E-03	  3.624232E-02	  2.619048E-01	     38	     84	     46	  1.748248E-01	  2.296017E-01	  5.907116E-08	  5.529293E-05	  4.626133E-05	  2.039240E-06	  0.000000E+00	  9.504396E-05	     17	     85	  8.5119078E-01	     85
 5.89000000E+03	 -2.215000E-02	  2.180060E-02	  0.000000E+00	 -8.443710E-03	 -2.542763E-03	 -1.646685E-04	  1.053169E-03	  6.052763E-03	  9.218466E-06	     86	  5.639850E-01	  1.013858E-03	  4.360150E-01	  2.256360E-01	  7.757364E-03	  3.626872E-02	  2.619048E-01	     38	     83	     45	  1.748588E-01	  2.239198E-01	  5.803037E-08	  5.524492E-05	  4.651975E-05	  2.057703E-06	  0.000000E+00	  9.527179E-05	     20	     86	  8.5116608E-01	     86
 5.90000000E+03	 -2.220000E-02	  2.188545E-02	  0.000000E+00	 -8.440711E-03	 -2.542555E-03	 -1.667466E-04	  1.023565E-03	  6.115443E-03	  3.609670E-05	     85	  5.680448E-01	  6.044886E-03	  4.319552E-01	  2.283273E-01	  7.849522E-03	  3.673298E-02	  2.650602E-01	     37	     81	     44	  1.748963E-01	  2.239588E-01	  5.753550E-08	  5.518782E-05	  4.677944E-05	  2.075952E-06	  0.000000E+00	  9.549215E-05	     19	     85	  8.5113893E-01	     85
 5.91000000E+03	 -2.225000E-02	  2.196520E-02	  0.000000E+00	 -8.440097E-03	 -2.542700E-03	 -1.682139E-04	  9.867465E-04	  6.309122E-03	  5.067875E-06	     85	  5.738346E-01	  2.638589E-03	  4.261654E-01	  2.310844E-01	  7.943732E-03	  3.720828E-02	  2.682927E-01	     37	     81	     44	  1.749279E-01	  2.339380E-01	  5.749885E-08	  5.515176E-05	  4.703038E-05	  2.094131E-06	  0.000000E+00	  9.572515E-05	     19	     85	  8.5111603E-01	     85
 5.92000000E+03	 -2.230000E-02	  2.204303E-02	  0.000000E+00	 -8.440188E-03	 -2.542561E-03	 -1.684602E-04	  9.082086E-04	  6.349081E-03	  3.935089E-05	     83	  5.737911E-01	  2.641431E-03	  4.262089E-01	  2.310575E-01	  7.942385E-03	  3.723518E-02	  2.682927E-01	     37	     81	     44	  1.749573E-01	  2.339689E-01	  5.786817E-08	  5.512453E-05	  4.727683E-05	  2.112362E-06	  0.000000E+00	  9.596296E-05	     17	     83	  8.5109474E-01	     83
 5.93000000E+03	 -2.235000E-02	  2.211619E-02	  0.000000E+00	 -8.440117E-03	 -2.542684E-03	 -1.681267E-04	  9.416231E-04	  6.384998E-03	  1.581084E-05	     84	  5.737484E-01	  2.644084E-03	  4.262516E-01	  2.310312E-01	  7.941579E-03	  3.726151E-02	  2.682927E-01	     37	     81	     44	  1.749813E-01	  2.339941E-01	  5.863653E-08	  5.510750E-05	  4.752415E-05	  2.130768E-06	  0.000000E+00	  9.621241E-05	     18	     84	  8.5107735E-01	     84
 5.94000000E+03	 -2.240000E-02	  2.218703E-02	  0.000000E+00	 -8.440103E-03	 -2.542942E-03	 -1.672103E-04	  9.548732E-04	  6.660647E-03	  7.152051E-06	     84	  5.737059E-01	  2.645565E-03	  4.262941E-01	  2.310050E-01	  7.941347E-03	  3.728772E-02	  2.682927E-01	     37	     81	     44	  1.750027E-01	  2.340165E-01	  5.980634E-08	  5.509107E-05	  4.777594E-05	  2.149506E-06	  0.000000E+00	  9.646765E-05	     18	     84	  8.5106189E-01	     84
 5.95000000E+03	 -2.245000E-02	  2.225684E-02	  0.000000E+00	 -8.439819E-03	 -2.542716E-03	 -1.670432E-04	  1.064885E-03	  6.775625E-03	  1.971149E-06	     86	  5.637125E-01	  1.030045E-03	  4.362875E-01	  2.254788E-01	  7.752174E-03	  3.642595E-02	  2.619048E-01	     38	     83	     45	  1.750228E-01	  2.240906E-01	  6.119918E-08	  5.507085E-05	  4.803347E-05	  2.168675E-06	  0.000000E+00	  9.672550E-05	     20	     86	  8.5104729E-01	     86
 5.96000000E+03	 -2.250000E-02	  2.232801E-02	  0.000000E+00	 -8.437277E-03	 -2.542701E-03	 -1.669126E-04	  1.059056E-03	  6.777991E-03	  3.138264E-06	     86	  5.636692E-01	  1.030778E-03	  4.363308E-01	  2.254525E-01	  7.752309E-03	  3.645227E-02	  2.619048E-01	     38	     83	     45	  1.750445E-01	  2.241132E-01	  6.261985E-08	  5.503775E-05	  4.829998E-05	  2.188309E-06	  0.000000E+00	  9.697994E-05	     19	     86	  8.5103158E-01	     86
 5.97000000E+03	 -2.255000E-02	  2.240172E-02	  0.000000E+00	 -8.433930E-03	 -2.542811E-03	 -1.669166E-04	  1.196386E-03	  6.758986E-03	  1.201815E-05	     87	  5.674826E-01	  1.261860E-02	  4.325174E-01	  2.201832E-01	  7.572311E-03	  3.563080E-02	  2.558140E-01	     39	     85	     46	  1.750691E-01	  2.109795E-01	  6.379453E-08	  5.499573E-05	  4.856879E-05	  2.208391E-06	  0.000000E+00	  9.722795E-05	     20	     87	  8.5101375E-01	     87
 5.98000000E+03	 -2.260000E-02	  2.248083E-02	  0.000000E+00	 -8.427942E-03	 -2.542681E-03	 -1.659552E-04	  1.140588E-03	  6.869705E-03	  1.207242E-05	     87	  5.674359E-01	  1.262074E-02	  4.325641E-01	  2.201568E-01	  7.572492E-03	  3.565715E-02	  2.558140E-01	     39	     85	     46	  1.751000E-01	  2.110113E-01	  6.450419E-08	  5.493889E-05	  4.883897E-05	  2.228757E-06	  0.000000E+00	  9.746235E-05	     21	     87	  8.5099144E-01	     87
 5.99000000E+03	 -2.265000E-02	  2.256167E-02	  0.000000E+00	 -8.421277E-03	 -2.542834E-03	 -1.641358E-04	  1.094226E-03	  7.069408E-03	  6.297421E-06	     85	  5.760453E-01	  2.217039E-02	  4.239547E-01	  2.253718E-01	  7.752986E-03	  3.653299E-02	  2.619048E-01	     38	     84	     46	  1.751327E-01	  2.299240E-01	  6.524591E-08	  5.488192E-05	  4.910447E-05	  2.249328E-06	  0.000000E+00	  9.769219E-05	     18	     85	  8.5096770E-01	     85
 6.00000000E+03	 -2.270000E-02	  2.264795E-02	  0.000000E+00	 -8.414336E-03	 -2.542751E-03	 -1.613562E-04	  1.118755E-03	  7.056840E-03	  1.023470E-05	     86	  5.723098E-01	  1.673494E-02	  4.276902E-01	  2.226938E-01	  7.661498E-03	  3.612971E-02	  2.588235E-01	     39	     85	     46	  1.751718E-01	  2.299649E-01	  6.612775E-08	  5.481126E-05	  4.936946E-05	  2.270137E-06	  0.000000E+00	  9.790820E-05	     18	     86	  8.5093944E-01	     86
 6.01000000E+03	 -2.275000E-02	  2.273760E-02	  0.000000E+00	 -8.407642E-03	 -2.542756E-03	 -1.585169E-04	  1.204905E-03	  6.967700E-03	  3.443525E-05	     86	  5.722541E-01	  1.674054E-02	  4.277459E-01	  2.226669E-01	  7.661141E-03	  3.615659E-02	  2.588235E-01	     39	     85	     46	  1.752147E-01	  2.300098E-01	  6.651306E-08	  5.473338E-05	  4.963325E-05	  2.291165E-06	  0.000000E+00	  9.811551E-05	     17	     86	  8.5090838E-01	     86
 6.02000000E+03	 -2.280000E-02	  2.282707E-02	  0.000000E+00	 -8.402333E-03	 -2.542665E-03	 -1.581747E-04	  1.170319E-03	  6.695023E-03	  1.314947E-05	     86	  5.721985E-01	  1.674599E-02	  4.278015E-01	  2.226400E-01	  7.660225E-03	  3.618348E-02	  2.588235E-01	     39	     85	     46	  1.752573E-01	  2.300544E-01	  6.590945E-08	  5.465842E-05	  4.989528E-05	  2.312157E-06	  0.000000E+00	  9.832298E-05	     18	     86	  8.5087748E-01	     86
 6.03000000E+03	 -2.285000E-02	  2.291437E-02	  0.000000E+00	 -8.398906E-03	 -2.542674E-03	 -1.592201E-04	  1.204531E-03	  6.317397E-03	  2.554471E-05	     87	  5.688461E-01	  1.128882E-02	  4.311539E-01	  2.200252E-01	  7.569608E-03	  3.578873E-02	  2.558140E-01	     39	     85	     46	  1.752975E-01	  2.112149E-01	  6.390774E-08	  5.459618E-05	  5.015165E-05	  2.332720E-06	  0.000000E+00	  9.853570E-05	     18	     87	  8.5084840E-01	     87
 6.04000000E+03	 -2.290000E-02	  2.300069E-02	  0.000000E+00	 -8.394801E-03	 -2.542649E-03	 -1.616261E-04	  1.088434E-03	  6.194429E-03	  8.016967E-06	     85	  5.768139E-01	  1.243205E-02	  4.231861E-01	  2.252384E-01	  7.748041E-03	  3.666634E-02	  2.619048E-01	     38	     84	     46	  1.753365E-01	  2.301373E-01	  6.072536E-08	  5.454387E-05	  5.040240E-05	  2.352449E-06	  0.000000E+00	  9.875073E-05	     16	     85	  8.5082015E-01	     85
 6.05000000E+03	 -2.295000E-02	  2.308697E-02	  0.000000E+00	 -8.389769E-03	 -2.542673E-03	 -1.635877E-04	  1.060705E-03	  5.860312E-03	  9.679470E-07	     85	  5.767562E-01	  1.243597E-02	  4.232438E-01	  2.252144E-01	  7.745968E-03	  3.669035E-02	  2.619048E-01	     38	     84	     46	  1.753755E-01	  2.301781E-01	  5.683065E-08	  5.449841E-05	  5.064804E-05	  2.371034E-06	  0.000000E+00	  9.896566E-05	     16	     85	  8.5079193E-01	     85
 6.06000000E+03	 -2.300000E-02	  2.317307E-02	  0.000000E+00	 -8.383598E-03	 -2.542599E-03	 -1.638419E-04	  9.971339E-04	  5.245621E-03	  2.861533E-05	     85	  5.766981E-01	  1.243875E-02	  4.233019E-01	  2.251915E-01	  7.743840E-03	  3.671322E-02	  2.619048E-01	     38	     84	     46	  1.754143E-01	  2.302187E-01	  5.246744E-08	  5.445996E-05	  5.088866E-05	  2.388284E-06	  0.000000E+00	  9.918079E-05	     16	     85	  8.5076387E-01	     85
 6.07000000E+03	 -2.305000E-02	  2.325648E-02	  0.000000E+00	 -8.379106E-03	 -2.542641E-03	 -1.628293E-04	  9.975483E-04	  4.939944E-03	  8.236622E-06	     86	  5.732522E-01	  6.963918E-03	  4.267478E-01	  2.225204E-01	  7.650255E-03	  3.630313E-02	  2.588235E-01	     38	     84	     46	  1.754499E-01	  2.113720E-01	  4.804121E-08	  5.443572E-05	  5.112299E-05	  2.404139E-06	  0.000000E+00	  9.940237E-05	     17	     86	  8.5073806E-01	     86
 6.08000000E+03	 -2.310000E-02	  2.333582E-02	  0.000000E+00	 -8.378203E-03	 -2.542886E-03	 -1.603500E-04	  9.219552E-04	  4.710923E-03	  3.721765E-06	     85	  5.765851E-01	  1.244237E-02	  4.234149E-01	  2.251478E-01	  7.738887E-03	  3.675699E-02	  2.619048E-01	     38	     84	     46	  1.754809E-01	  2.302884E-01	  4.357150E-08	  5.443162E-05	  5.134864E-05	  2.418594E-06	  0.000000E+00	  9.963397E-05	     15	     85	  8.5071564E-01	     85
 6.09000000E+03	 -2.315000E-02	  2.341471E-02	  0.000000E+00	 -8.379641E-03	 -2.542663E-03	 -1.577053E-04	  8.071138E-04	  4.447982E-03	  6.284740E-06	     85	  5.765312E-01	  1.244262E-02	  4.234688E-01	  2.251265E-01	  7.736765E-03	  3.677830E-02	  2.619048E-01	     38	     84	     46	  1.755114E-01	  2.303203E-01	  3.918159E-08	  5.443731E-05	  5.156702E-05	  2.431639E-06	  0.000000E+00	  9.986677E-05	     15	     85	  8.5069361E-01	     85
 6.10000000E+03	 -2.320000E-02	  2.349062E-02	  0.000000E+00	 -8.381764E-03	 -2.542653E-03	 -1.560267E-04	  6.928472E-04	  4.486469E-03	  6.169030E-06	     86	  5.730944E-01	  6.965000E-03	  4.269056E-01	  2.224581E-01	  7.644034E-03	  3.636547E-02	  2.588235E-01	     38	     84	     46	  1.755384E-01	  2.114631E-01	  3.540005E-08	  5.445919E-05	  5.177745E-05	  2.443365E-06	  0.000000E+00	  1.001071E-04	     16	     86	  8.5067405E-01	     86
 6.11000000E+03	 -2.325000E-02	  2.356241E-02	  0.000000E+00	 -8.385159E-03	 -2.542624E-03	 -1.546612E-04	  6.778342E-04	  4.518321E-03	  1.300144E-05	     85	  5.764317E-01	  1.244304E-02	  4.235683E-01	  2.250870E-01	  7.733388E-03	  3.681776E-02	  2.619048E-01	     38	     84	     46	  1.755607E-01	  2.303719E-01	  3.260218E-08	  5.450235E-05	  5.197710E-05	  2.454034E-06	  0.000000E+00	  1.003578E-04	     17	     85	  8.5065793E-01	     85
 6.12000000E+03	 -2.330000E-02	  2.363086E-02	  0.000000E+00	 -8.389750E-03	 -2.542436E-03	 -1.520795E-04	  7.047932E-04	  4.612384E-03	  8.288960E-06	     86	  5.730018E-01	  6.965982E-03	  4.269982E-01	  2.224197E-01	  7.640271E-03	  3.640386E-02	  2.588235E-01	     38	     84	     46	  1.755791E-01	  2.115051E-01	  3.078702E-08	  5.456670E-05	  5.216389E-05	  2.463966E-06	  0.000000E+00	  1.006171E-04	     18	     86	  8.5064459E-01	     86
 6.13000000E+03	 -2.335000E-02	  2.369700E-02	  0.000000E+00	 -8.395704E-03	 -2.542700E-03	 -1.491289E-04	  6.982352E-04	  4.672082E-03	  1.019651E-06	     86	  5.729578E-01	  6.967472E-03	  4.270422E-01	  2.224000E-01	  7.637340E-03	  3.642351E-02	  2.588235E-01	     38	     84	     46	  1.755949E-01	  2.115213E-01	  2.973639E-08	  5.464816E-05	  5.233930E-05	  2.473458E-06	  0.000000E+00	  1.008824E-04	     18	     86	  8.5063318E-01	     86
 6.14000000E+03	 -2.340000E-02	  2.376333E-02	  0.000000E+00	 -8.403573E-03	 -2.542668E-03	 -1.476049E-04	  7.804372E-04	  4.615122E-03	  1.648608E-05	     86	  5.729152E-01	  6.969566E-03	  4.270848E-01	  2.223802E-01	  7.633721E-03	  3.644332E-02	  2.588235E-01	     38	     84	     46	  1.756109E-01	  2.115378E-01	  2.917500E-08	  5.474075E-05	  5.250321E-05	  2.482720E-06	  0.000000E+00	  1.011476E-04	     18	     86	  8.5062161E-01	     86
 6.15000000E+03	 -2.345000E-02	  2.382837E-02	  0.000000E+00	 -8.412293E-03	 -2.542811E-03	 -1.474144E-04	  7.617326E-04	  4.494764E-03	  7.323601E-06	     86	  5.728736E-01	  6.972371E-03	  4.271264E-01	  2.223606E-01	  7.629744E-03	  3.646295E-02	  2.588235E-01	     38	     84	     46	  1.756254E-01	  2.115527E-01	  2.880481E-08	  5.484756E-05	  5.265652E-05	  2.491867E-06	  0.000000E+00	  1.014165E-04	     19	     86	  8.5061112E-01	     86
 6.16000000E+03	 -2.350000E-02	  2.389486E-02	  0.000000E+00	 -8.421063E-03	 -2.542681E-03	 -1.468831E-04	  6.739556E-04	  4.370439E-03	  6.379287E-06	     86	  5.728322E-01	  6.975021E-03	  4.271678E-01	  2.223414E-01	  7.625069E-03	  3.648213E-02	  2.588235E-01	     38	     84	     46	  1.756415E-01	  2.115694E-01	  2.836481E-08	  5.495825E-05	  5.280303E-05	  2.500898E-06	  0.000000E+00	  1.016823E-04	     18	     86	  8.5059944E-01	     86
 6.17000000E+03	 -2.355000E-02	  2.396101E-02	  0.000000E+00	 -8.429676E-03	 -2.542677E-03	 -1.444506E-04	  6.310491E-04	  4.240894E-03	  1.491062E-06	     86	  5.727913E-01	  6.977916E-03	  4.272087E-01	  2.223228E-01	  7.619924E-03	  3.650075E-02	  2.588235E-01	     38	     84	     46	  1.756573E-01	  2.115856E-01	  2.769006E-08	  5.507913E-05	  5.294106E-05	  2.509743E-06	  0.000000E+00	  1.019494E-04	     18	     86	  8.5058804E-01	     86
 6.18000000E+03	 -2.360000E-02	  2.402724E-02	  0.000000E+00	 -8.438262E-03	 -2.542672E-03	 -1.419750E-04	  5.921030E-04	  4.103981E-03	  1.220816E-06	     86	  5.727506E-01	  6.981498E-03	  4.272494E-01	  2.223049E-01	  7.614855E-03	  3.651865E-02	  2.588235E-01	     38	     84	     46	  1.756731E-01	  2.116019E-01	  2.679844E-08	  5.520501E-05	  5.307485E-05	  2.518325E-06	  0.000000E+00	  1.022168E-04	     18	     86	  8.5057658E-01	     86
 6.19000000E+03	 -2.365000E-02	  2.409264E-02	  0.000000E+00	 -8.447755E-03	 -2.542595E-03	 -1.400968E-04	  6.267808E-04	  4.050661E-03	  3.228062E-06	     86	  5.727098E-01	  6.985807E-03	  4.272902E-01	  2.222875E-01	  7.610494E-03	  3.653599E-02	  2.588235E-01	     38	     84	     46	  1.756880E-01	  2.116173E-01	  2.587701E-08	  5.533426E-05	  5.320818E-05	  2.526610E-06	  0.000000E+00	  1.024867E-04	     18	     86	  8.5056582E-01	     86
 6.20000000E+03	 -2.370000E-02	  2.415643E-02	  0.000000E+00	 -8.458564E-03	 -2.542708E-03	 -1.383862E-04	  6.600023E-04	  4.126826E-03	  1.540128E-06	     86	  5.726683E-01	  6.990759E-03	  4.273317E-01	  2.222703E-01	  7.606826E-03	  3.655323E-02	  2.588235E-01	     38	     84	     46	  1.757010E-01	  2.116307E-01	  2.514395E-08	  5.546528E-05	  5.334433E-05	  2.534642E-06	  0.000000E+00	  1.027612E-04	     18	     86	  8.5055640E-01	     86
 6.21000000E+03	 -2.375000E-02	  2.422075E-02	  0.000000E+00	 -8.469830E-03	 -2.542718E-03	 -1.375022E-04	  6.786921E-04	  4.054585E-03	  3.136620E-06	     86	  5.726256E-01	  6.996078E-03	  4.273744E-01	  2.222530E-01	  7.603426E-03	  3.657051E-02	  2.588235E-01	     38	     84	     46	  1.757146E-01	  2.116447E-01	  2.462910E-08	  5.559088E-05	  5.348516E-05	  2.542500E-06	  0.000000E+00	  1.030350E-04	     19	     86	  8.5054654E-01	     86
 6.22000000E+03	 -2.380000E-02	  2.428562E-02	  0.000000E+00	 -8.481082E-03	 -2.542700E-03	 -1.369929E-04	  6.071611E-04	  3.923565E-03	  2.474749E-06	     86	  5.725820E-01	  7.001798E-03	  4.274180E-01	  2.222360E-01	  7.600200E-03	  3.658755E-02	  2.588235E-01	     38	     84	     46	  1.757288E-01	  2.116594E-01	  2.412216E-08	  5.571316E-05	  5.362871E-05	  2.550210E-06	  0.000000E+00	  1.033080E-04	     19	     86	  8.5053624E-01	     86
 6.23000000E+03	 -2.385000E-02	  2.434973E-02	  0.000000E+00	 -8.492621E-03	 -2.542628E-03	 -1.366231E-04	  6.257330E-04	  3.790644E-03	  8.072534E-06	     86	  5.725386E-01	  7.008127E-03	  4.274614E-01	  2.222195E-01	  7.597164E-03	  3.660402E-02	  2.588235E-01	     38	     84	     46	  1.757422E-01	  2.116732E-01	  2.347640E-08	  5.584004E-05	  5.377045E-05	  2.557745E-06	  0.000000E+00	  1.035835E-04	     20	     86	  8.5052657E-01	     86
 6.24000000E+03	 -2.390000E-02	  2.441165E-02	  0.000000E+00	 -8.503832E-03	 -2.542708E-03	 -1.365597E-04	  5.509350E-04	  3.729762E-03	  4.685266E-07	     86	  5.724957E-01	  7.014662E-03	  4.275043E-01	  2.222038E-01	  7.594443E-03	  3.661970E-02	  2.588235E-01	     38	     84	     46	  1.757531E-01	  2.116844E-01	  2.271357E-08	  5.597515E-05	  5.391038E-05	  2.565050E-06	  0.000000E+00	  1.038651E-04	     20	     86	  8.5051872E-01	     86
 6.25000000E+03	 -2.395000E-02	  2.447356E-02	  0.000000E+00	 -8.514505E-03	 -2.542625E-03	 -1.370563E-04	  5.464819E-04	  3.547914E-03	  2.630422E-05	     86	  5.724523E-01	  7.020765E-03	  4.275477E-01	  2.221888E-01	  7.591853E-03	  3.663472E-02	  2.588235E-01	     38	     84	     46	  1.757639E-01	  2.116955E-01	  2.184604E-08	  5.610934E-05	  5.405221E-05	  2.572095E-06	  0.000000E+00	  1.041473E-04	     21	     86	  8.5051090E-01	     86
 6.26000000E+03	 -2.400000E-02	  2.453376E-02	  0.000000E+00	 -8.525478E-03	 -2.542646E-03	 -1.379280E-04	  5.037121E-04	  3.433995E-03	  2.056728E-05	     86	  5.724090E-01	  7.026415E-03	  4.275910E-01	  2.221739E-01	  7.589128E-03	  3.664961E-02	  2.588235E-01	     38	     84	     46	  1.757727E-01	  2.117046E-01	  2.094691E-08	  5.624464E-05	  5.419806E-05	  2.578852E-06	  0.000000E+00	  1.044344E-04	     22	     86	  8.5050449E-01	     86
 6.27000000E+03	 -2.405000E-02	  2.459138E-02	  0.000000E+00	 -8.536993E-03	 -2.542673E-03	 -1.382419E-04	  5.223900E-04	  3.460425E-03	  3.656275E-06	     86	  5.723659E-01	  7.030832E-03	  4.276341E-01	  2.221587E-01	  7.586063E-03	  3.666480E-02	  2.588235E-01	     38	     84	     46	  1.757786E-01	  2.117107E-01	  2.014293E-08	  5.638435E-05	  5.434672E-05	  2.585337E-06	  0.000000E+00	  1.047284E-04	     22	     86	  8.5050023E-01	     86
 6.28000000E+03	 -2.410000E-02	  2.464637E-02	  0.000000E+00	 -8.549203E-03	 -2.542674E-03	 -1.380054E-04	  5.041766E-04	  3.619643E-03	  2.485564E-06	     86	  5.723232E-01	  7.034192E-03	  4.276768E-01	  2.221432E-01	  7.582811E-03	  3.668031E-02	  2.588235E-01	     38	     84	     46	  1.757815E-01	  2.117137E-01	  1.956795E-08	  5.653105E-05	  5.449553E-05	  2.591600E-06	  0.000000E+00	  1.050296E-04	     21	     86	  8.5049816E-01	     86
 6.29000000E+03	 -2.415000E-02	  2.470026E-02	  0.000000E+00	 -8.561465E-03	 -2.542456E-03	 -1.371850E-04	  5.184216E-04	  3.737497E-03	  1.177846E-05	     85	  5.783968E-01	  9.914683E-03	  4.216032E-01	  2.247717E-01	  7.669877E-03	  3.713302E-02	  2.619048E-01	     37	     83	     46	  1.757831E-01	  2.117153E-01	  1.931559E-08	  5.668093E-05	  5.464437E-05	  2.597732E-06	  0.000000E+00	  1.053342E-04	     19	     85	  8.5049701E-01	     85
 6.30000000E+03	 -2.420000E-02	  2.475260E-02	  0.000000E+00	 -8.573806E-03	 -2.542729E-03	 -1.357666E-04	  5.409629E-04	  3.683234E-03	  7.074556E-06	     85	  5.783540E-01	  9.916240E-03	  4.216460E-01	  2.365861E-01	  8.603493E-03	  3.722338E-02	  2.738095E-01	     37	     83	     46	  1.757829E-01	  2.117151E-01	  1.930298E-08	  5.683650E-05	  5.479182E-05	  2.603828E-06	  0.000000E+00	  1.056433E-04	     19	     85	  8.5049714E-01	     85
 6.31000000E+03	 -2.425000E-02	  2.480405E-02	  0.000000E+00	 -8.586108E-03	 -2.542676E-03	 -1.341471E-04	  5.212166E-04	  3.660903E-03	  6.208871E-05	     85	  5.783117E-01	  9.917787E-03	  4.216883E-01	  2.365695E-01	  8.602938E-03	  3.724003E-02	  2.738095E-01	     37	     83	     46	  1.757817E-01	  2.117139E-01	  1.936767E-08	  5.699538E-05	  5.493874E-05	  2.609937E-06	  0.000000E+00	  1.059553E-04	     20	     85	  8.5049802E-01	     85
 6.32000000E+03	 -2.430000E-02	  2.485552E-02	  0.000000E+00	 -8.598166E-03	 -2.542716E-03	 -1.329060E-04	  5.042300E-04	  3.626125E-03	  2.881559E-06	     85	  5.782699E-01	  9.919776E-03	  4.217301E-01	  2.365527E-01	  8.602883E-03	  3.725680E-02	  2.738095E-01	     37	     83	     46	  1.757805E-01	  2.117126E-01	  1.937589E-08	  5.715218E-05	  5.508839E-05	  2.616058E-06	  0.000000E+00	  1.062679E-04	     21	     85	  8.5049889E-01	     85
 6.33000000E+03	 -2.435000E-02	  2.491045E-02	  0.000000E+00	 -8.609178E-03	 -2.542728E-03	 -1.320080E-04	  4.719823E-04	  3.658857E-03	  2.517694E-06	     85	  5.782277E-01	  9.921881E-03	  4.217723E-01	  2.365356E-01	  8.603031E-03	  3.727394E-02	  2.738095E-01	     37	     83	     46	  1.757832E-01	  2.117155E-01	  1.944224E-08	  5.729440E-05	  5.524459E-05	  2.622183E-06	  0.000000E+00	  1.065725E-04	     21	     85	  8.5049689E-01	     85
 6.34000000E+03	 -2.440000E-02	  2.496859E-02	  0.000000E+00	 -8.620827E-03	 -2.542692E-03	 -1.315165E-04	  5.843459E-04	  3.628716E-03	  2.484088E-05	     85	  5.795058E-01	  2.115490E-02	  4.204942E-01	  2.365181E-01	  8.603236E-03	  3.729142E-02	  2.738095E-01	     38	     84	     46	  1.757897E-01	  2.306116E-01	  1.951871E-08	  5.742608E-05	  5.540393E-05	  2.628329E-06	  0.000000E+00	  1.068697E-04	     21	     85	  8.5049223E-01	     85
 6.35000000E+03	 -2.445000E-02	  2.502826E-02	  0.000000E+00	 -8.634991E-03	 -2.542644E-03	 -1.308349E-04	  8.602758E-04	  3.765994E-03	  3.912908E-06	     86	  5.760521E-01	  1.557132E-02	  4.239479E-01	  2.454829E-01	  8.496535E-03	  3.687000E-02	  2.823529E-01	     38	     84	     46	  1.757979E-01	  2.117305E-01	  1.939565E-08	  5.755865E-05	  5.555949E-05	  2.634457E-06	  0.000000E+00	  1.071639E-04	     21	     86	  8.5048631E-01	     86
 6.36000000E+03	 -2.450000E-02	  2.508606E-02	  0.000000E+00	 -8.651071E-03	 -2.542959E-03	 -1.300098E-04	  7.913266E-04	  3.872348E-03	  4.648869E-06	     86	  5.760129E-01	  1.557167E-02	  4.239871E-01	  2.454657E-01	  8.496098E-03	  3.688725E-02	  2.823529E-01	     38	     84	     46	  1.758039E-01	  2.117368E-01	  1.926538E-08	  5.770147E-05	  5.571035E-05	  2.640537E-06	  0.000000E+00	  1.074635E-04	     22	     86	  8.5048195E-01	     86
 6.37000000E+03	 -2.455000E-02	  2.514584E-02	  0.000000E+00	 -8.667354E-03	 -2.542828E-03	 -1.294398E-04	  7.413337E-04	  3.927162E-03	  2.564052E-05	     85	  5.793858E-01	  2.115533E-02	  4.206142E-01	  2.483703E-01	  8.597241E-03	  3.734399E-02	  2.857143E-01	     38	     84	     46	  1.758122E-01	  2.306352E-01	  1.929011E-08	  5.784733E-05	  5.585396E-05	  2.646596E-06	  0.000000E+00	  1.077590E-04	     20	     85	  8.5047595E-01	     85
 6.38000000E+03	 -2.460000E-02	  2.520715E-02	  0.000000E+00	 -8.682614E-03	 -2.542686E-03	 -1.279718E-04	  7.200185E-04	  3.768683E-03	  2.467652E-06	     86	  5.759342E-01	  1.557170E-02	  4.240658E-01	  2.454311E-01	  8.496268E-03	  3.692184E-02	  2.823529E-01	     38	     84	     46	  1.758223E-01	  2.117557E-01	  1.941311E-08	  5.799782E-05	  5.598987E-05	  2.652678E-06	  0.000000E+00	  1.080516E-04	     20	     86	  8.5046868E-01	     86
 6.39000000E+03	 -2.465000E-02	  2.526740E-02	  0.000000E+00	 -8.697289E-03	 -2.542941E-03	 -1.259051E-04	  7.044737E-04	  3.685014E-03	  2.080654E-05	     85	  5.793069E-01	  2.115559E-02	  4.206931E-01	  2.483356E-01	  8.597288E-03	  3.737865E-02	  2.857143E-01	     38	     84	     46	  1.758311E-01	  2.306549E-01	  1.949764E-08	  5.815870E-05	  5.611883E-05	  2.658790E-06	  0.000000E+00	  1.083477E-04	     19	     85	  8.5046230E-01	     85
 6.40000000E+03	 -2.470000E-02	  2.532866E-02	  0.000000E+00	 -8.712098E-03	 -2.542699E-03	 -1.236193E-04	  7.169842E-04	  3.631661E-03	  7.478338E-07	     86	  5.758565E-01	  1.557162E-02	  4.241435E-01	  2.557215E-01	  1.235219E-02	  3.839612E-02	  2.941176E-01	     38	     84	     46	  1.758410E-01	  2.117750E-01	  1.959857E-08	  5.832124E-05	  5.624441E-05	  2.664930E-06	  0.000000E+00	  1.086420E-04	     21	     86	  8.5045509E-01	     86
 6.41000000E+03	 -2.475000E-02	  2.539061E-02	  0.000000E+00	 -8.726571E-03	 -2.542745E-03	 -1.226694E-04	  6.881729E-04	  3.627841E-03	  2.500262E-05	     85	  5.792272E-01	  2.115615E-02	  4.207728E-01	  2.483015E-01	  8.597086E-03	  3.741279E-02	  2.857143E-01	     38	     84	     46	  1.758518E-01	  2.306766E-01	  1.978299E-08	  5.848445E-05	  5.636820E-05	  2.671127E-06	  0.000000E+00	  1.089354E-04	     20	     85	  8.5044730E-01	     85
 6.42000000E+03	 -2.480000E-02	  2.545484E-02	  0.000000E+00	 -8.740362E-03	 -2.542827E-03	 -1.229024E-04	  6.816012E-04	  3.658661E-03	  2.927496E-06	     86	  5.757775E-01	  1.557342E-02	  4.242225E-01	  2.556869E-01	  1.235303E-02	  3.843079E-02	  2.941176E-01	     38	     84	     46	  1.758652E-01	  2.117999E-01	  2.001293E-08	  5.864143E-05	  5.649322E-05	  2.677398E-06	  0.000000E+00	  1.092239E-04	     21	     86	  8.5043763E-01	     86
 6.43000000E+03	 -2.485000E-02	  2.551920E-02	  0.000000E+00	 -8.754515E-03	 -2.542678E-03	 -1.229633E-04	  6.318561E-04	  3.750351E-03	  2.064225E-06	     86	  5.757381E-01	  1.557467E-02	  4.242619E-01	  2.556690E-01	  1.235354E-02	  3.844865E-02	  2.941176E-01	     38	     84	     46	  1.758787E-01	  2.118138E-01	  2.032366E-08	  5.879752E-05	  5.661940E-05	  2.683755E-06	  0.000000E+00	  1.095128E-04	     21	     86	  8.5042787E-01	     86
 6.44000000E+03	 -2.490000E-02	  2.558308E-02	  0.000000E+00	 -8.769645E-03	 -2.542695E-03	 -1.227788E-04	  5.772759E-04	  3.776685E-03	  1.508153E-06	     85	  5.791069E-01	  2.115999E-02	  4.208931E-01	  2.586946E-01	  1.250105E-02	  3.892444E-02	  2.976190E-01	     38	     84	     46	  1.758916E-01	  2.307183E-01	  2.066048E-08	  5.895469E-05	  5.674636E-05	  2.690209E-06	  0.000000E+00	  1.098037E-04	     20	     85	  8.5041850E-01	     85
 6.45000000E+03	 -2.495000E-02	  2.564748E-02	  0.000000E+00	 -8.784984E-03	 -2.542618E-03	 -1.222059E-04	  5.717678E-04	  3.718065E-03	  3.466507E-06	     85	  5.814517E-01	  1.236962E-02	  4.185483E-01	  2.586768E-01	  1.250160E-02	  3.894229E-02	  2.976190E-01	     37	     83	     46	  1.759052E-01	  2.118411E-01	  2.094024E-08	  5.911153E-05	  5.687314E-05	  2.696756E-06	  0.000000E+00	  1.100942E-04	     20	     85	  8.5040871E-01	     85
 6.46000000E+03	 -2.500000E-02	  2.571287E-02	  0.000000E+00	 -8.799881E-03	 -2.542687E-03	 -1.210154E-04	  5.597676E-04	  3.598428E-03	  4.787120E-07	     84	  5.861783E-01	  1.165300E-02	  4.138217E-01	  2.649679E-01	  1.280709E-02	  3.991011E-02	  3.048780E-01	     36	     80	     44	  1.759198E-01	  2.215972E-01	  2.108883E-08	  5.926499E-05	  5.700171E-05	  2.703364E-06	  0.000000E+00	  1.103830E-04	     19	     84	  8.5039810E-01	     84
 6.47000000E+03	 -2.505000E-02	  2.577806E-02	  0.000000E+00	 -8.814960E-03	 -2.542703E-03	 -1.197145E-04	  5.854383E-04	  3.503970E-03	  6.186857E-07	     84	  5.861425E-01	  1.165465E-02	  4.138575E-01	  2.649500E-01	  1.280791E-02	  3.992804E-02	  3.048780E-01	     36	     80	     44	  1.759343E-01	  2.216121E-01	  2.110491E-08	  5.941970E-05	  5.713047E-05	  2.709996E-06	  0.000000E+00	  1.106731E-04	     19	     84	  8.5038767E-01	     84
 6.48000000E+03	 -2.510000E-02	  2.584373E-02	  0.000000E+00	 -8.829999E-03	 -2.542703E-03	 -1.190693E-04	  5.793102E-04	  3.500018E-03	  3.858070E-07	     84	  5.861070E-01	  1.165652E-02	  4.138930E-01	  2.649320E-01	  1.280901E-02	  3.994609E-02	  3.048780E-01	     36	     80	     44	  1.759492E-01	  2.216277E-01	  2.107386E-08	  5.957392E-05	  5.725935E-05	  2.716625E-06	  0.000000E+00	  1.109628E-04	     20	     84	  8.5037684E-01	     84
 6.49000000E+03	 -2.515000E-02	  2.591072E-02	  0.000000E+00	 -8.843627E-03	 -2.542702E-03	 -1.190607E-04	  5.944381E-04	  3.533584E-03	  2.882338E-07	     84	  5.832523E-01	  2.640035E-02	  4.167477E-01	  2.617220E-01	  1.265597E-02	  3.948285E-02	  3.012048E-01	     37	     83	     46	  1.759657E-01	  2.307958E-01	  2.107962E-08	  5.972405E-05	  5.738983E-05	  2.723250E-06	  0.000000E+00	  1.112500E-04	     20	     84	  8.5036493E-01	     84
 6.50000000E+03	 -2.520000E-02	  2.597810E-02	  0.000000E+00	 -8.856580E-03	 -2.542692E-03	 -1.190343E-04	  6.187427E-04	  3.623109E-03	  3.441478E-06	     85	  5.797190E-01	  2.068716E-02	  4.202810E-01	  2.585880E-01	  1.250678E-02	  3.903100E-02	  2.976190E-01	     37	     83	     46	  1.759826E-01	  2.119209E-01	  2.115214E-08	  5.987428E-05	  5.751985E-05	  2.729895E-06	  0.000000E+00	  1.115370E-04	     21	     85	  8.5035269E-01	     85
 6.51000000E+03	 -2.525000E-02	  2.604483E-02	  0.000000E+00	 -8.869023E-03	 -2.542765E-03	 -1.180498E-04	  6.438119E-04	  3.653386E-03	  2.261052E-04	     86	  5.754253E-01	  1.558742E-02	  4.245747E-01	  2.555277E-01	  1.236109E-02	  3.859000E-02	  2.941176E-01	     38	     84	     46	  1.759988E-01	  2.119376E-01	  2.120493E-08	  6.002817E-05	  5.764853E-05	  2.736566E-06	  0.000000E+00	  1.118262E-04	     21	     86	  8.5034101E-01	     86
 6.52000000E+03	 -2.530000E-02	  2.611124E-02	  0.000000E+00	 -8.881386E-03	 -2.542671E-03	 -1.173218E-04	  6.066925E-04	  3.826418E-03	  5.108633E-06	     85	  5.787880E-01	  2.117500E-02	  4.212120E-01	  2.585515E-01	  1.250958E-02	  3.906756E-02	  2.976190E-01	     38	     84	     46	  1.760146E-01	  2.308470E-01	  2.122517E-08	  6.018417E-05	  5.777656E-05	  2.743243E-06	  0.000000E+00	  1.121170E-04	     21	     85	  8.5032959E-01	     85
 6.53000000E+03	 -2.535000E-02	  2.617731E-02	  0.000000E+00	 -8.894661E-03	 -2.542719E-03	 -1.157574E-04	  6.064423E-04	  3.936108E-03	  4.382686E-06	     85	  5.787488E-01	  2.117617E-02	  4.212512E-01	  2.585336E-01	  1.251040E-02	  3.908545E-02	  2.976190E-01	     38	     84	     46	  1.760300E-01	  2.308631E-01	  2.136320E-08	  6.034105E-05	  5.790514E-05	  2.749937E-06	  0.000000E+00	  1.124093E-04	     20	     85	  8.5031846E-01	     85
 6.54000000E+03	 -2.540000E-02	  2.624214E-02	  0.000000E+00	 -8.908609E-03	 -2.542627E-03	 -1.140011E-04	  6.315505E-04	  4.035075E-03	  8.812866E-06	     86	  5.753087E-01	  1.559086E-02	  4.246913E-01	  2.554746E-01	  1.236389E-02	  3.864306E-02	  2.941176E-01	     38	     84	     46	  1.760439E-01	  2.119841E-01	  2.168795E-08	  6.049984E-05	  5.803533E-05	  2.756706E-06	  0.000000E+00	  1.127053E-04	     22	     86	  8.5030836E-01	     86
 6.55000000E+03	 -2.545000E-02	  2.630614E-02	  0.000000E+00	 -8.922127E-03	 -2.542699E-03	 -1.120599E-04	  6.710823E-04	  4.079745E-03	  1.694399E-06	     85	  5.786677E-01	  2.117673E-02	  4.213323E-01	  2.584982E-01	  1.251114E-02	  3.912080E-02	  2.976190E-01	     38	     84	     46	  1.760569E-01	  2.308913E-01	  2.219806E-08	  6.065625E-05	  5.817040E-05	  2.763623E-06	  0.000000E+00	  1.130042E-04	     18	     85	  8.5029897E-01	     85
 6.56000000E+03	 -2.550000E-02	  2.637094E-02	  0.000000E+00	 -8.935191E-03	 -2.542672E-03	 -1.099718E-04	  6.660513E-04	  4.138675E-03	  4.234605E-06	     85	  5.786251E-01	  2.117613E-02	  4.213749E-01	  2.584801E-01	  1.251102E-02	  3.913890E-02	  2.976190E-01	     38	     84	     46	  1.760709E-01	  2.309059E-01	  2.279771E-08	  6.080508E-05	  5.831148E-05	  2.770732E-06	  0.000000E+00	  1.133018E-04	     18	     85	  8.5028890E-01	     85
 6.57000000E+03	 -2.555000E-02	  2.643656E-02	  0.000000E+00	 -8.946874E-03	 -2.542736E-03	 -1.073900E-04	  7.308027E-04	  4.155461E-03	  4.050507E-06	     86	  5.751829E-01	  1.558905E-02	  4.248171E-01	  2.554209E-01	  1.236359E-02	  3.869672E-02	  2.941176E-01	     38	     84	     46	  1.760857E-01	  2.120272E-01	  2.344860E-08	  6.094752E-05	  5.845735E-05	  2.778058E-06	  0.000000E+00	  1.135981E-04	     19	     86	  8.5027817E-01	     86
 6.58000000E+03	 -2.560000E-02	  2.650263E-02	  0.000000E+00	 -8.957570E-03	 -2.542660E-03	 -1.041811E-04	  7.197406E-04	  4.176715E-03	  5.875701E-06	     85	  5.785357E-01	  2.117370E-02	  4.214643E-01	  2.584429E-01	  1.251021E-02	  3.917618E-02	  2.976190E-01	     38	     84	     46	  1.761011E-01	  2.309375E-01	  2.409584E-08	  6.108661E-05	  5.860585E-05	  2.785608E-06	  0.000000E+00	  1.138939E-04	     19	     85	  8.5026707E-01	     85
 6.59000000E+03	 -2.565000E-02	  2.657000E-02	  0.000000E+00	 -8.966787E-03	 -2.542783E-03	 -1.006559E-04	  7.498003E-04	  4.101788E-03	  4.255872E-06	     85	  5.784893E-01	  2.117150E-02	  4.215107E-01	  2.584240E-01	  1.250916E-02	  3.919504E-02	  2.976190E-01	     38	     84	     46	  1.761179E-01	  2.309551E-01	  2.461655E-08	  6.121947E-05	  5.875782E-05	  2.793363E-06	  0.000000E+00	  1.141870E-04	     19	     85	  8.5025491E-01	     85
 6.60000000E+03	 -2.570000E-02	  2.663857E-02	  0.000000E+00	 -8.974899E-03	 -2.542695E-03	 -9.653170E-05	  6.977332E-04	  4.146814E-03	  5.412956E-07	     86	  5.750459E-01	  1.558287E-02	  4.249541E-01	  2.553651E-01	  1.236073E-02	  3.875253E-02	  2.941176E-01	     38	     84	     46	  1.761361E-01	  2.120791E-01	  2.493687E-08	  6.134920E-05	  5.891047E-05	  2.801263E-06	  0.000000E+00	  1.144776E-04	     19	     86	  8.5024174E-01	     86
 6.61000000E+03	 -2.575000E-02	  2.670727E-02	  0.000000E+00	 -8.982837E-03	 -2.542720E-03	 -9.257825E-05	  7.257175E-04	  4.155087E-03	  7.174268E-07	     85	  5.783944E-01	  2.116593E-02	  4.216056E-01	  2.583864E-01	  1.250646E-02	  3.923263E-02	  2.976190E-01	     38	     84	     46	  1.761544E-01	  2.309934E-01	  2.511892E-08	  6.147883E-05	  5.906340E-05	  2.809248E-06	  0.000000E+00	  1.147683E-04	     18	     85	  8.5022848E-01	     85
 6.62000000E+03	 -2.580000E-02	  2.677670E-02	  0.000000E+00	 -8.990374E-03	 -2.542730E-03	 -8.791395E-05	  6.971839E-04	  4.294715E-03	  3.694221E-06	     85	  5.783455E-01	  2.116281E-02	  4.216545E-01	  2.583676E-01	  1.250507E-02	  3.925147E-02	  2.976190E-01	     38	     84	     46	  1.761736E-01	  2.310134E-01	  2.526616E-08	  6.160552E-05	  5.921788E-05	  2.817290E-06	  0.000000E+00	  1.150577E-04	     18	     85	  8.5021463E-01	     85
 6.63000000E+03	 -2.585000E-02	  2.684889E-02	  0.000000E+00	 -8.997105E-03	 -2.542789E-03	 -8.326572E-05	  7.342814E-04	  4.505604E-03	  7.189595E-07	     86	  5.749002E-01	  1.557339E-02	  4.250998E-01	  2.553089E-01	  1.235648E-02	  3.880877E-02	  2.941176E-01	     38	     84	     46	  1.761959E-01	  2.121408E-01	  2.556729E-08	  6.172330E-05	  5.937464E-05	  2.825412E-06	  0.000000E+00	  1.153406E-04	     19	     86	  8.5019849E-01	     86
 6.64000000E+03	 -2.590000E-02	  2.692601E-02	  0.000000E+00	 -9.001455E-03	 -2.542807E-03	 -7.881891E-05	  7.836369E-04	  4.821034E-03	  1.486452E-05	     85	  5.782421E-01	  2.115635E-02	  4.217579E-01	  2.583286E-01	  1.250224E-02	  3.929046E-02	  2.976190E-01	     38	     84	     46	  1.762239E-01	  2.310660E-01	  2.624452E-08	  6.182575E-05	  5.953425E-05	  2.833704E-06	  0.000000E+00	  1.156116E-04	     16	     85	  8.5017828E-01	     85
 6.65000000E+03	 -2.595000E-02	  2.700986E-02	  0.000000E+00	 -9.003098E-03	 -2.542751E-03	 -7.458204E-05	  8.290629E-04	  5.123310E-03	  2.805275E-05	     85	  5.781866E-01	  2.115353E-02	  4.218134E-01	  2.583083E-01	  1.250072E-02	  3.931070E-02	  2.976190E-01	     38	     84	     46	  1.762595E-01	  2.311034E-01	  2.747823E-08	  6.190535E-05	  5.969942E-05	  2.842327E-06	  0.000000E+00	  1.158662E-04	     16	     85	  8.5015251E-01	     85
 6.66000000E+03	 -2.600000E-02	  2.709861E-02	  0.000000E+00	 -9.002686E-03	 -2.542711E-03	 -7.076672E-05	  8.555794E-04	  5.239413E-03	  3.296029E-06	     85	  5.781286E-01	  2.115151E-02	  4.218714E-01	  2.582874E-01	  1.249891E-02	  3.933165E-02	  2.976190E-01	     38	     84	     46	  1.763008E-01	  2.311466E-01	  2.910928E-08	  6.196869E-05	  5.986787E-05	  2.851444E-06	  0.000000E+00	  1.161087E-04	     16	     85	  8.5012268E-01	     85
 6.67000000E+03	 -2.605000E-02	  2.718923E-02	  0.000000E+00	 -9.001992E-03	 -2.542723E-03	 -6.800763E-05	  8.396404E-04	  5.373012E-03	  3.883368E-06	     85	  5.780699E-01	  2.115023E-02	  4.219301E-01	  2.582660E-01	  1.249679E-02	  3.935303E-02	  2.976190E-01	     38	     84	     46	  1.763442E-01	  2.311920E-01	  3.091872E-08	  6.202807E-05	  6.003494E-05	  2.861127E-06	  0.000000E+00	  1.163466E-04	     17	     85	  8.5009132E-01	     85
 6.68000000E+03	 -2.610000E-02	  2.728109E-02	  0.000000E+00	 -9.001339E-03	 -2.542694E-03	 -6.510955E-05	  8.942954E-04	  5.464955E-03	  5.227864E-07	     85	  5.780118E-01	  2.114761E-02	  4.219882E-01	  2.582443E-01	  1.249424E-02	  3.937472E-02	  2.976190E-01	     38	     84	     46	  1.763890E-01	  2.312389E-01	  3.285326E-08	  6.208409E-05	  6.020158E-05	  2.871415E-06	  0.000000E+00	  1.165815E-04	     17	     85	  8.5005895E-01	     85
 6.69000000E+03	 -2.615000E-02	  2.737322E-02	  0.000000E+00	 -9.001227E-03	 -2.542917E-03	 -6.183251E-05	  9.055373E-04	  5.457698E-03	  9.770691E-05	     84	  5.816094E-01	  1.602329E-02	  4.183906E-01	  2.511396E-01	  1.698983E-02	  3.801705E-02	  2.891566E-01	     37	     83	     46	  1.764341E-01	  2.312861E-01	  3.472070E-08	  6.214339E-05	  6.036373E-05	  2.882332E-06	  0.000000E+00	  1.168157E-04	     17	     84	  8.5002636E-01	     84
 6.70000000E+03	 -2.620000E-02	  2.746933E-02	  0.000000E+00	 -9.001243E-03	 -2.543457E-03	 -5.960556E-05	  1.047228E-03	  5.204436E-03	  7.444135E-06	     85	  5.780756E-01	  1.043075E-02	  4.219244E-01	  2.581993E-01	  1.248776E-02	  3.941971E-02	  2.976190E-01	     37	     83	     46	  1.764838E-01	  2.124374E-01	  3.569574E-08	  6.219806E-05	  6.052114E-05	  2.893731E-06	  0.000000E+00	  1.170401E-04	     17	     85	  8.4999049E-01	     85
 6.71000000E+03	 -2.625000E-02	  2.757143E-02	  0.000000E+00	 -8.999877E-03	 -2.542749E-03	 -5.802561E-05	  9.573867E-04	  5.397277E-03	  1.437290E-05	     84	  5.814909E-01	  1.601955E-02	  4.185091E-01	  2.510964E-01	  1.698409E-02	  3.806023E-02	  2.891566E-01	     37	     83	     46	  1.765402E-01	  2.313972E-01	  3.613390E-08	  6.224351E-05	  6.067328E-05	  2.905316E-06	  0.000000E+00	  1.172497E-04	     16	     84	  8.4994967E-01	     84
 6.72000000E+03	 -2.630000E-02	  2.767732E-02	  0.000000E+00	 -8.997578E-03	 -2.542705E-03	 -5.728965E-05	  1.054200E-03	  5.350136E-03	  6.645301E-04	     84	  5.814304E-01	  1.601718E-02	  4.185696E-01	  2.393799E-01	  1.901036E-02	  3.772853E-02	  2.771084E-01	     37	     83	     46	  1.766011E-01	  2.314608E-01	  3.656615E-08	  6.228411E-05	  6.082066E-05	  2.917070E-06	  0.000000E+00	  1.174499E-04	     16	     84	  8.4990574E-01	     84
 6.73000000E+03	 -2.635000E-02	  2.778981E-02	  0.000000E+00	 -8.994301E-03	 -2.542704E-03	 -5.705543E-05	  1.010198E-03	  5.250158E-03	  1.006441E-06	     84	  5.813680E-01	  1.601507E-02	  4.186320E-01	  2.393606E-01	  1.900892E-02	  3.774782E-02	  2.771084E-01	     37	     83	     46	  1.766694E-01	  2.315324E-01	  3.707005E-08	  6.231243E-05	  6.096373E-05	  2.928978E-06	  0.000000E+00	  1.176337E-04	     15	     84	  8.4985636E-01	     84
 6.74000000E+03	 -2.640000E-02	  2.790769E-02	  0.000000E+00	 -8.991937E-03	 -2.542746E-03	 -5.583777E-05	  9.906519E-04	  4.934159E-03	  5.913909E-06	     84	  5.813054E-01	  1.601125E-02	  4.186946E-01	  2.275192E-01	  2.064222E-02	  3.754104E-02	  2.650602E-01	     37	     83	     46	  1.767440E-01	  2.316104E-01	  3.726760E-08	  6.233007E-05	  6.110417E-05	  2.941021E-06	  0.000000E+00	  1.178040E-04	     13	     84	  8.4980253E-01	     84
 6.75000000E+03	 -2.645000E-02	  2.803008E-02	  0.000000E+00	 -8.989028E-03	 -2.542797E-03	 -5.399446E-05	  9.758013E-04	  4.661330E-03	  5.122572E-05	     84	  5.812416E-01	  1.600744E-02	  4.187584E-01	  2.275013E-01	  2.064761E-02	  3.755892E-02	  2.650602E-01	     37	     83	     46	  1.768236E-01	  2.316938E-01	  3.700813E-08	  6.233681E-05	  6.124481E-05	  2.953041E-06	  0.000000E+00	  1.179631E-04	     13	     84	  8.4974500E-01	     84
 6.76000000E+03	 -2.650000E-02	  2.815408E-02	  0.000000E+00	 -8.985544E-03	 -2.542689E-03	 -5.329611E-05	  9.187153E-04	  4.651398E-03	  3.362132E-06	     84	  5.811774E-01	  1.600285E-02	  4.188226E-01	  2.274827E-01	  2.065382E-02	  3.757751E-02	  2.650602E-01	     37	     83	     46	  1.769051E-01	  2.317791E-01	  3.659012E-08	  6.234158E-05	  6.138355E-05	  2.964966E-06	  0.000000E+00	  1.181182E-04	     13	     84	  8.4968616E-01	     84
 6.77000000E+03	 -2.655000E-02	  2.827554E-02	  0.000000E+00	 -8.981984E-03	 -2.542658E-03	 -5.302406E-05	  8.062215E-04	  4.485120E-03	  1.447033E-05	     84	  5.811142E-01	  1.599920E-02	  4.188858E-01	  2.274643E-01	  2.066074E-02	  3.759598E-02	  2.650602E-01	     37	     83	     46	  1.769837E-01	  2.318613E-01	  3.596952E-08	  6.235601E-05	  6.151922E-05	  2.976699E-06	  0.000000E+00	  1.182794E-04	     14	     84	  8.4962943E-01	     84
 6.78000000E+03	 -2.660000E-02	  2.839315E-02	  0.000000E+00	 -8.978847E-03	 -2.542603E-03	 -5.203432E-05	  8.074991E-04	  4.285163E-03	  6.954041E-06	     84	  5.810526E-01	  1.599519E-02	  4.189474E-01	  2.340993E-01	  2.665875E-02	  4.300914E-02	  2.771084E-01	     37	     83	     46	  1.770579E-01	  2.319389E-01	  3.503589E-08	  6.238594E-05	  6.164939E-05	  2.988166E-06	  0.000000E+00	  1.184500E-04	     13	     84	  8.4957590E-01	     84
 6.79000000E+03	 -2.665000E-02	  2.850821E-02	  0.000000E+00	 -8.975053E-03	 -2.542669E-03	 -4.901650E-05	  8.057823E-04	  4.192023E-03	  3.347340E-06	     83	  5.773501E-01	  1.372874E-02	  4.226499E-01	  2.330446E-01	  2.118443E-02	  3.856036E-02	  2.716049E-01	     36	     81	     45	  1.771291E-01	  2.456124E-01	  3.395136E-08	  6.242716E-05	  6.177498E-05	  2.999276E-06	  0.000000E+00	  1.186269E-04	     13	     83	  8.4952449E-01	     83
 6.80000000E+03	 -2.670000E-02	  2.862111E-02	  0.000000E+00	 -8.972328E-03	 -2.542678E-03	 -4.738363E-05	  8.920119E-04	  4.088375E-03	  2.241694E-06	     83	  5.781969E-01	  1.321046E-02	  4.218031E-01	  2.398356E-01	  2.733061E-02	  4.411505E-02	  2.839506E-01	     35	     79	     44	  1.771978E-01	  2.263564E-01	  3.294790E-08	  6.247950E-05	  6.189495E-05	  3.010053E-06	  0.000000E+00	  1.188090E-04	     13	     83	  8.4947489E-01	     83
 6.81000000E+03	 -2.675000E-02	  2.873070E-02	  0.000000E+00	 -8.971975E-03	 -2.542661E-03	 -4.722405E-05	  7.541737E-04	  4.013172E-03	  7.265361E-06	     83	  5.853219E-01	  2.119999E-02	  4.146781E-01	  2.398956E-01	  2.174775E-02	  5.278732E-02	  2.926829E-01	     36	     82	     46	  1.772628E-01	  2.321534E-01	  3.207798E-08	  6.254315E-05	  6.201194E-05	  3.020524E-06	  0.000000E+00	  1.189992E-04	     15	     83	  8.4942803E-01	     83
 6.82000000E+03	 -2.680000E-02	  2.883911E-02	  0.000000E+00	 -8.973304E-03	 -2.542720E-03	 -4.714363E-05	  7.311376E-04	  4.002897E-03	  7.850597E-06	     83	  5.852680E-01	  2.119568E-02	  4.147320E-01	  2.398745E-01	  2.175405E-02	  5.280847E-02	  2.926829E-01	     36	     82	     46	  1.773264E-01	  2.322199E-01	  3.127156E-08	  6.261182E-05	  6.212714E-05	  3.030716E-06	  0.000000E+00	  1.191925E-04	     15	     83	  8.4938216E-01	     83
 6.83000000E+03	 -2.685000E-02	  2.894846E-02	  0.000000E+00	 -8.975313E-03	 -2.542696E-03	 -4.700196E-05	  6.439803E-04	  4.125552E-03	  1.774765E-06	     83	  5.852148E-01	  2.119130E-02	  4.147852E-01	  2.398538E-01	  2.176040E-02	  5.282908E-02	  2.926829E-01	     36	     82	     46	  1.773910E-01	  2.322876E-01	  3.061349E-08	  6.268061E-05	  6.224016E-05	  3.040643E-06	  0.000000E+00	  1.193836E-04	     15	     83	  8.4933553E-01	     83
 6.84000000E+03	 -2.690000E-02	  2.905874E-02	  0.000000E+00	 -8.977346E-03	 -2.542704E-03	 -4.648170E-05	  7.426506E-04	  4.076363E-03	  2.312617E-06	     82	  5.841080E-01	  9.816156E-03	  4.158920E-01	  2.458290E-01	  2.231155E-02	  5.417097E-02	  3.000000E-01	     35	     79	     44	  1.774567E-01	  2.365938E-01	  3.023597E-08	  6.274832E-05	  6.235203E-05	  3.050402E-06	  0.000000E+00	  1.195725E-04	     14	     82	  8.4928815E-01	     82
 6.85000000E+03	 -2.695000E-02	  2.916897E-02	  0.000000E+00	 -8.980192E-03	 -2.542713E-03	 -4.649169E-05	  7.121905E-04	  4.132386E-03	  1.677790E-06	     81	  5.877798E-01	  1.568285E-02	  4.122202E-01	  2.458039E-01	  2.805347E-02	  4.533534E-02	  2.911392E-01	     35	     79	     44	  1.775223E-01	  2.563146E-01	  3.015666E-08	  6.281684E-05	  6.246319E-05	  3.060089E-06	  0.000000E+00	  1.197618E-04	     14	     81	  8.4924082E-01	     81
 6.86000000E+03	 -2.700000E-02	  2.927848E-02	  0.000000E+00	 -8.983486E-03	 -2.542680E-03	 -4.717959E-05	  7.546119E-04	  4.211335E-03	  1.898036E-06	     83	  5.778882E-01	  1.319445E-02	  4.221118E-01	  2.427509E-01	  2.205023E-02	  5.354535E-02	  2.962963E-01	     35	     79	     44	  1.775871E-01	  2.267619E-01	  3.040109E-08	  6.288549E-05	  6.257586E-05	  3.069813E-06	  0.000000E+00	  1.199531E-04	     16	     83	  8.4919410E-01	     83
 6.87000000E+03	 -2.705000E-02	  2.938697E-02	  0.000000E+00	 -8.986260E-03	 -2.542665E-03	 -4.694721E-05	  7.327110E-04	  4.341803E-03	  2.400250E-07	     81	  5.876791E-01	  1.568075E-02	  4.123209E-01	  2.488740E-01	  2.261557E-02	  5.492343E-02	  3.037975E-01	     35	     79	     44	  1.776507E-01	  2.564516E-01	  3.090664E-08	  6.295563E-05	  6.268940E-05	  3.079656E-06	  0.000000E+00	  1.201471E-04	     15	     81	  8.4914824E-01	     81
 6.88000000E+03	 -2.710000E-02	  2.949481E-02	  0.000000E+00	 -8.988497E-03	 -2.542698E-03	 -4.560025E-05	  8.193602E-04	  4.365823E-03	  9.021971E-07	     81	  5.839115E-01	  9.810000E-03	  4.160885E-01	  2.457407E-01	  2.233985E-02	  5.425935E-02	  3.000000E-01	     35	     79	     44	  1.777135E-01	  2.368635E-01	  3.169842E-08	  6.302447E-05	  6.280554E-05	  3.089729E-06	  0.000000E+00	  1.203429E-04	     15	     81	  8.4910293E-01	     81
 6.89000000E+03	 -2.715000E-02	  2.960270E-02	  0.000000E+00	 -8.990295E-03	 -2.542704E-03	 -4.362954E-05	  7.994728E-04	  4.464842E-03	  7.374863E-08	     81	  5.875785E-01	  1.567791E-02	  4.124215E-01	  2.488283E-01	  2.262982E-02	  5.496912E-02	  3.037975E-01	     35	     79	     44	  1.777764E-01	  2.565858E-01	  3.266064E-08	  6.309156E-05	  6.292299E-05	  3.100099E-06	  0.000000E+00	  1.205388E-04	     15	     81	  8.4905758E-01	     81
 6.90000000E+03	 -2.720000E-02	  2.971226E-02	  0.000000E+00	 -8.991536E-03	 -2.542806E-03	 -4.196862E-05	  7.819088E-04	  4.547166E-03	  8.093342E-06	     81	  5.838135E-01	  9.806483E-03	  4.161865E-01	  2.456950E-01	  2.235442E-02	  5.430499E-02	  3.000000E-01	     35	     79	     44	  1.778412E-01	  2.369976E-01	  3.376031E-08	  6.315275E-05	  6.304189E-05	  3.110807E-06	  0.000000E+00	  1.207307E-04	     15	     81	  8.4901089E-01	     81
 6.91000000E+03	 -2.725000E-02	  2.982555E-02	  0.000000E+00	 -8.992314E-03	 -2.542755E-03	 -4.059575E-05	  7.864554E-04	  4.640128E-03	  1.087644E-05	     82	  5.837633E-01	  9.805678E-03	  4.162367E-01	  2.456718E-01	  2.236238E-02	  5.432824E-02	  3.000000E-01	     35	     79	     44	  1.779102E-01	  2.370701E-01	  3.491224E-08	  6.320498E-05	  6.316021E-05	  3.121870E-06	  0.000000E+00	  1.209134E-04	     16	     82	  8.4896112E-01	     82
 6.92000000E+03	 -2.730000E-02	  2.994259E-02	  0.000000E+00	 -8.992230E-03	 -2.542758E-03	 -4.037486E-05	  8.373727E-04	  4.743343E-03	  4.174178E-06	     81	  5.837121E-01	  9.805691E-03	  4.162879E-01	  2.456480E-01	  2.237081E-02	  5.435200E-02	  3.000000E-01	     35	     79	     44	  1.779836E-01	  2.371471E-01	  3.614560E-08	  6.324748E-05	  6.327863E-05	  3.133321E-06	  0.000000E+00	  1.210870E-04	     15	     81	  8.4890828E-01	     81
 6.93000000E+03	 -2.735000E-02	  3.006422E-02	  0.000000E+00	 -8.990942E-03	 -2.542742E-03	 -4.119951E-05	  8.691483E-04	  4.803798E-03	  1.012766E-05	     81	  5.836591E-01	  9.806403E-03	  4.163409E-01	  2.456236E-01	  2.237977E-02	  5.437642E-02	  3.000000E-01	     35	     79	     44	  1.780621E-01	  2.372296E-01	  3.744174E-08	  6.327642E-05	  6.339878E-05	  3.145194E-06	  0.000000E+00	  1.212492E-04	     15	     81	  8.4885167E-01	     81
 6.94000000E+03	 -2.740000E-02	  3.018924E-02	  0.000000E+00	 -8.988404E-03	 -2.542735E-03	 -4.322098E-05	  8.440718E-04	  4.858373E-03	  8.157715E-05	     80	  5.873103E-01	  1.568111E-02	  4.126897E-01	  2.487075E-01	  2.267237E-02	  5.508992E-02	  3.037975E-01	     35	     79	     44	  1.781445E-01	  2.569785E-01	  3.873353E-08	  6.329358E-05	  6.352190E-05	  3.157494E-06	  0.000000E+00	  1.214031E-04	     14	     80	  8.4879229E-01	     80
 6.95000000E+03	 -2.745000E-02	  3.031583E-02	  0.000000E+00	 -8.986226E-03	 -2.542664E-03	 -4.546669E-05	  8.403639E-04	  4.863977E-03	  5.134228E-08	     81	  5.822311E-01	  1.580052E-02	  4.177689E-01	  2.486824E-01	  2.268140E-02	  5.511510E-02	  3.037975E-01	     34	     78	     44	  1.782287E-01	  2.374046E-01	  3.983395E-08	  6.330464E-05	  6.364697E-05	  3.170181E-06	  0.000000E+00	  1.215530E-04	     15	     81	  8.4873164E-01	     81
 6.96000000E+03	 -2.750000E-02	  3.044050E-02	  0.000000E+00	 -8.984743E-03	 -2.542704E-03	 -4.737897E-05	  8.639844E-04	  4.785019E-03	  2.309149E-06	     80	  5.859099E-01	  2.182983E-02	  4.140901E-01	  2.518454E-01	  2.298077E-02	  5.584695E-02	  3.076923E-01	     34	     78	     44	  1.783107E-01	  2.571558E-01	  4.049806E-08	  6.332023E-05	  6.377240E-05	  3.183150E-06	  0.000000E+00	  1.217076E-04	     14	     80	  8.4867259E-01	     80
 6.97000000E+03	 -2.755000E-02	  3.056485E-02	  0.000000E+00	 -8.984226E-03	 -2.542540E-03	 -4.934252E-05	  8.952774E-04	  4.609547E-03	  4.172458E-06	     83	  5.729222E-01	  3.080994E-02	  4.270778E-01	  2.395363E-01	  2.186755E-02	  5.314660E-02	  2.926829E-01	     35	     81	     46	  1.783923E-01	  2.073199E-01	  4.064073E-08	  6.333709E-05	  6.389771E-05	  3.196241E-06	  0.000000E+00	  1.218630E-04	     17	     83	  8.4861381E-01	     83
 6.98000000E+03	 -2.760000E-02	  3.069305E-02	  0.000000E+00	 -8.985075E-03	 -2.542519E-03	 -5.144494E-05	  1.336004E-03	  4.555344E-03	  2.976286E-05	     85	  5.701031E-01	  3.422014E-02	  4.298969E-01	  2.310589E-01	  2.110316E-02	  5.129400E-02	  2.823529E-01	     37	     85	     48	  1.784783E-01	  1.946407E-01	  4.001942E-08	  6.334270E-05	  6.402574E-05	  3.209254E-06	  0.000000E+00	  1.220090E-04	     19	     85	  8.4855189E-01	     85
 6.99000000E+03	 -2.765000E-02	  3.082063E-02	  0.000000E+00	 -8.988381E-03	 -2.542632E-03	 -5.540818E-05	  1.692161E-03	  4.588871E-03	  5.688851E-06	     85	  5.700487E-01	  3.421971E-02	  4.299513E-01	  2.310358E-01	  2.111078E-02	  5.131711E-02	  2.823529E-01	     37	     85	     48	  1.785636E-01	  1.947272E-01	  3.866099E-08	  6.334941E-05	  6.415540E-05	  3.221956E-06	  0.000000E+00	  1.221567E-04	     16	     85	  8.4849049E-01	     85
 7.00000000E+03	 -2.770000E-02	  3.095232E-02	  0.000000E+00	 -8.985738E-03	 -2.542286E-03	 -6.089103E-05	  1.483685E-03	  4.628359E-03	  7.572995E-05	     85	  5.699911E-01	  3.422077E-02	  4.300089E-01	  2.310125E-01	  2.111932E-02	  5.134048E-02	  2.823529E-01	     37	     85	     48	  1.786535E-01	  1.948184E-01	  3.701965E-08	  6.334495E-05	  6.428697E-05	  3.234190E-06	  0.000000E+00	  1.222944E-04	     17	     85	  8.4842574E-01	     85
 7.01000000E+03	 -2.775000E-02	  3.107819E-02	  0.000000E+00	 -8.983578E-03	 -2.542639E-03	 -6.591699E-05	  1.459576E-03	  4.220260E-03	  1.548600E-05	     85	  5.699351E-01	  3.422100E-02	  4.300649E-01	  2.309889E-01	  2.112829E-02	  5.136405E-02	  2.823529E-01	     37	     85	     48	  1.787368E-01	  1.949028E-01	  3.506751E-08	  6.334928E-05	  6.442489E-05	  3.245864E-06	  0.000000E+00	  1.224465E-04	     16	     85	  8.4836580E-01	     85
 7.02000000E+03	 -2.780000E-02	  3.119948E-02	  0.000000E+00	 -8.982070E-03	 -2.542839E-03	 -7.139251E-05	  1.321663E-03	  3.943755E-03	  1.516679E-05	     85	  5.698795E-01	  3.422200E-02	  4.301205E-01	  2.309653E-01	  2.113777E-02	  5.138760E-02	  2.823529E-01	     37	     85	     48	  1.788149E-01	  1.949819E-01	  3.264687E-08	  6.336370E-05	  6.456509E-05	  3.256836E-06	  0.000000E+00	  1.226097E-04	     17	     85	  8.4830964E-01	     85
 7.03000000E+03	 -2.785000E-02	  3.131706E-02	  0.000000E+00	 -8.983447E-03	 -2.542696E-03	 -7.805206E-05	  1.286278E-03	  3.882833E-03	  2.478367E-05	     82	  5.718906E-01	  2.946120E-02	  4.281094E-01	  2.393913E-01	  2.191958E-02	  5.329159E-02	  2.926829E-01	     36	     82	     46	  1.788886E-01	  2.174799E-01	  3.048709E-08	  6.338875E-05	  6.470446E-05	  3.267069E-06	  0.000000E+00	  1.227822E-04	     14	     82	  8.4825654E-01	     82
 7.04000000E+03	 -2.790000E-02	  3.142572E-02	  0.000000E+00	 -8.988410E-03	 -2.542596E-03	 -8.399672E-05	  1.133255E-03	  4.517449E-03	  2.189612E-05	     82	  5.718412E-01	  2.946378E-02	  4.281588E-01	  2.393688E-01	  2.192739E-02	  5.331416E-02	  2.926829E-01	     36	     82	     46	  1.789522E-01	  2.175455E-01	  2.890098E-08	  6.344210E-05	  6.483785E-05	  3.276685E-06	  0.000000E+00	  1.229770E-04	     13	     82	  8.4821081E-01	     82
 7.05000000E+03	 -2.795000E-02	  3.152652E-02	  0.000000E+00	 -8.996582E-03	 -2.542497E-03	 -8.744746E-05	  1.146259E-03	  4.976589E-03	  3.135763E-04	     83	  5.717922E-01	  2.946477E-02	  4.282078E-01	  2.393471E-01	  2.193505E-02	  5.333586E-02	  2.926829E-01	     36	     82	     46	  1.790068E-01	  2.176019E-01	  2.851203E-08	  6.351687E-05	  6.496883E-05	  3.285978E-06	  0.000000E+00	  1.231916E-04	     14	     83	  8.4817155E-01	     83
 7.06000000E+03	 -2.800000E-02	  3.162177E-02	  0.000000E+00	 -9.003680E-03	 -2.542775E-03	 -8.720340E-05	  1.260598E-03	  5.224499E-03	  4.681928E-06	     84	  5.658932E-01	  3.248908E-02	  4.341068E-01	  2.364437E-01	  2.167811E-02	  5.271296E-02	  2.891566E-01	     36	     82	     46	  1.790550E-01	  2.079989E-01	  2.934066E-08	  6.360615E-05	  6.509818E-05	  3.295352E-06	  0.000000E+00	  1.234205E-04	     14	     84	  8.4813686E-01	     84
 7.07000000E+03	 -2.805000E-02	  3.171943E-02	  0.000000E+00	 -9.008873E-03	 -2.542715E-03	 -8.943145E-05	  1.328605E-03	  5.607824E-03	  5.230469E-06	     84	  5.658417E-01	  3.248520E-02	  4.341583E-01	  2.364229E-01	  2.168624E-02	  5.273375E-02	  2.891566E-01	     36	     82	     46	  1.791060E-01	  2.080511E-01	  3.153383E-08	  6.368212E-05	  6.523334E-05	  3.305277E-06	  0.000000E+00	  1.236437E-04	     14	     84	  8.4810021E-01	     84
 7.08000000E+03	 -2.810000E-02	  3.181530E-02	  0.000000E+00	 -9.013618E-03	 -2.542694E-03	 -9.150006E-05	  1.254034E-03	  6.213755E-03	  4.553040E-06	     84	  5.657895E-01	  3.247979E-02	  4.342105E-01	  2.364021E-01	  2.169439E-02	  5.275456E-02	  2.891566E-01	     36	     82	     46	  1.791549E-01	  2.081012E-01	  3.502928E-08	  6.375802E-05	  6.537107E-05	  3.316161E-06	  0.000000E+00	  1.238716E-04	     14	     84	  8.4806503E-01	     84
 7.09000000E+03	 -2.815000E-02	  3.191196E-02	  0.000000E+00	 -9.015326E-03	 -2.542915E-03	 -9.225980E-05	  1.352814E-03	  6.737962E-03	  3.845783E-06	     84	  5.657351E-01	  3.247566E-02	  4.342649E-01	  2.363797E-01	  2.170407E-02	  5.277689E-02	  2.891566E-01	     36	     82	     46	  1.792046E-01	  2.081522E-01	  3.993594E-08	  6.381979E-05	  6.551845E-05	  3.328428E-06	  0.000000E+00	  1.240979E-04	     14	     84	  8.4802922E-01	     84
 7.10000000E+03	 -2.820000E-02	  3.200965E-02	  0.000000E+00	 -9.014893E-03	 -2.542231E-03	 -9.441893E-05	  1.387786E-03	  7.180811E-03	  1.855347E-03	     84	  5.656776E-01	  3.247059E-02	  4.343224E-01	  2.363562E-01	  2.171465E-02	  5.280045E-02	  2.891566E-01	     36	     82	     46	  1.792556E-01	  2.082044E-01	  4.599560E-08	  6.386472E-05	  6.567715E-05	  3.342526E-06	  0.000000E+00	  1.243215E-04	     16	     84	  8.4799258E-01	     84
 7.11000000E+03	 -2.825000E-02	  3.210941E-02	  0.000000E+00	 -9.010929E-03	 -2.542618E-03	 -9.543230E-05	  1.618145E-03	  7.790453E-03	  4.860819E-06	     83	  5.730211E-01	  2.250406E-02	  4.269789E-01	  2.309275E-01	  2.578935E-02	  5.302315E-02	  2.839506E-01	     35	     80	     45	  1.793089E-01	  2.343959E-01	  5.390645E-08	  6.390027E-05	  6.583602E-05	  3.358934E-06	  0.000000E+00	  1.245401E-04	     15	     83	  8.4795424E-01	     83
 7.12000000E+03	 -2.830000E-02	  3.221376E-02	  0.000000E+00	 -9.003166E-03	 -2.542330E-03	 -9.701301E-05	  1.720663E-03	  8.596501E-03	  7.051115E-05	     84	  5.766323E-01	  2.447624E-02	  4.233677E-01	  2.253380E-01	  2.518082E-02	  5.177046E-02	  2.771084E-01	     36	     83	     47	  1.793675E-01	  2.211245E-01	  6.387706E-08	  6.391388E-05	  6.600042E-05	  3.378283E-06	  0.000000E+00	  1.247473E-04	     16	     84	  8.4791215E-01	     84
 7.13000000E+03	 -2.835000E-02	  3.231818E-02	  0.000000E+00	 -8.992047E-03	 -2.542844E-03	 -9.899769E-05	  1.835495E-03	  9.264224E-03	  1.069230E-05	     83	  5.728715E-01	  2.248634E-02	  4.271285E-01	  2.308756E-01	  2.581664E-02	  5.307501E-02	  2.839506E-01	     35	     80	     45	  1.794261E-01	  2.345185E-01	  7.579871E-08	  6.392674E-05	  6.615930E-05	  3.401221E-06	  0.000000E+00	  1.249537E-04	     13	     83	  8.4787000E-01	     83
 7.14000000E+03	 -2.840000E-02	  3.242942E-02	  0.000000E+00	 -8.976977E-03	 -2.542781E-03	 -1.001508E-04	  1.910198E-03	  1.000127E-02	  1.573656E-05	     84	  5.683345E-01	  1.725690E-02	  4.316655E-01	  2.213806E-01	  1.944395E-02	  4.691210E-02	  2.682927E-01	     36	     81	     45	  1.794925E-01	  2.345880E-01	  8.961065E-08	  6.391402E-05	  6.632025E-05	  3.428391E-06	  0.000000E+00	  1.251427E-04	     14	     84	  8.4782228E-01	     84
 7.15000000E+03	 -2.845000E-02	  3.254892E-02	  0.000000E+00	 -8.957365E-03	 -2.541703E-03	 -1.009394E-04	  2.064678E-03	  1.077978E-02	  9.113804E-05	     84	  5.682509E-01	  1.724343E-02	  4.317491E-01	  2.213519E-01	  1.945868E-02	  4.694075E-02	  2.682927E-01	     36	     81	     45	  1.795683E-01	  2.346674E-01	  1.052161E-07	  6.388346E-05	  6.647124E-05	  3.460337E-06	  0.000000E+00	  1.253104E-04	     14	     84	  8.4776779E-01	     84
 7.16000000E+03	 -2.850000E-02	  3.268083E-02	  0.000000E+00	 -8.934791E-03	 -2.542718E-03	 -1.036479E-04	  2.068224E-03	  1.142391E-02	  4.185117E-06	     84	  5.681613E-01	  1.723107E-02	  4.318387E-01	  2.107225E-01	  1.536252E-02	  4.537507E-02	  2.560976E-01	     36	     81	     45	  1.796583E-01	  2.347615E-01	  1.226040E-07	  6.381817E-05	  6.661813E-05	  3.497616E-06	  0.000000E+00	  1.254464E-04	     14	     84	  8.4770312E-01	     84
 7.17000000E+03	 -2.855000E-02	  3.282175E-02	  0.000000E+00	 -8.904247E-03	 -2.542714E-03	 -1.098271E-04	  3.294545E-03	  1.198053E-02	  5.056565E-06	     85	  5.680654E-01	  1.721773E-02	  4.319346E-01	  2.106997E-01	  1.537156E-02	  4.539791E-02	  2.560976E-01	     36	     81	     45	  1.797585E-01	  2.348665E-01	  1.418112E-07	  6.372148E-05	  6.676533E-05	  3.540794E-06	  0.000000E+00	  1.255589E-04	     17	     85	  8.4763109E-01	     85
 7.18000000E+03	 -2.860000E-02	  3.297201E-02	  0.000000E+00	 -8.873253E-03	 -2.542962E-03	 -1.147260E-04	  2.851125E-03	  1.246396E-02	  1.243304E-04	     83	  5.783732E-01	  2.102486E-02	  4.216268E-01	  2.081369E-01	  1.519619E-02	  4.487513E-02	  2.530120E-01	     36	     83	     47	  1.798694E-01	  2.216443E-01	  1.613195E-07	  6.359781E-05	  6.690821E-05	  3.590428E-06	  0.000000E+00	  1.256468E-04	     15	     83	  8.4755141E-01	     83
 7.19000000E+03	 -2.865000E-02	  3.314326E-02	  0.000000E+00	 -8.831225E-03	 -2.541910E-03	 -1.176902E-04	  2.906535E-03	  1.227448E-02	  7.961475E-05	     81	  5.799988E-01	  2.364549E-02	  4.200012E-01	  2.035442E-01	  1.703641E-02	  4.645585E-02	  2.500000E-01	     34	     79	     45	  1.800043E-01	  2.351237E-01	  1.775445E-07	  6.341200E-05	  6.705682E-05	  3.645897E-06	  0.000000E+00	  1.256810E-04	     13	     81	  8.4745454E-01	     81
 7.20000000E+03	 -2.870000E-02	  3.332858E-02	  0.000000E+00	 -8.790471E-03	 -2.543061E-03	 -1.143272E-04	  2.606885E-03	  1.235288E-02	  7.182923E-05	     82	  5.861797E-01	  2.041687E-02	  4.138203E-01	  2.060909E-01	  1.725699E-02	  4.707362E-02	  2.531646E-01	     34	     79	     45	  1.801552E-01	  2.453678E-01	  1.884749E-07	  6.318773E-05	  6.720815E-05	  3.705553E-06	  0.000000E+00	  1.256785E-04	     15	     82	  8.4734617E-01	     82
 7.21000000E+03	 -2.875000E-02	  3.351780E-02	  0.000000E+00	 -8.742250E-03	 -2.545066E-03	 -1.105058E-04	  2.975346E-03	  1.230145E-02	  2.212958E-05	     80	  5.910582E-01	  1.555035E-02	  4.089418E-01	  2.087004E-01	  1.748243E-02	  4.770981E-02	  2.564103E-01	     33	     78	     45	  1.803106E-01	  2.455317E-01	  1.965297E-07	  6.293599E-05	  6.737502E-05	  3.768138E-06	  0.000000E+00	  1.256641E-04	     13	     80	  8.4723465E-01	     80
 7.22000000E+03	 -2.880000E-02	  3.372059E-02	  0.000000E+00	 -8.699730E-03	 -2.542796E-03	 -1.037145E-04	  2.861295E-03	  1.271854E-02	  1.590902E-05	     80	  5.828977E-01	  2.607071E-02	  4.171023E-01	  2.034471E-01	  1.704944E-02	  4.655294E-02	  2.500000E-01	     34	     80	     46	  1.804814E-01	  2.191248E-01	  2.037212E-07	  6.263111E-05	  6.755755E-05	  3.833224E-06	  0.000000E+00	  1.256139E-04	     12	     80	  8.4711205E-01	     80
 7.23000000E+03	 -2.885000E-02	  3.393398E-02	  0.000000E+00	 -8.653790E-03	 -2.542786E-03	 -9.390763E-05	  3.572127E-03	  1.279196E-02	  1.398086E-05	     81	  5.827964E-01	  2.603711E-02	  4.172036E-01	  2.034098E-01	  1.705616E-02	  4.659016E-02	  2.500000E-01	     34	     80	     46	  1.806643E-01	  2.193136E-01	  2.112312E-07	  6.227603E-05	  6.775914E-05	  3.900916E-06	  0.000000E+00	  1.255355E-04	     12	     81	  8.4698082E-01	     81
 7.24000000E+03	 -2.890000E-02	  3.415307E-02	  0.000000E+00	 -8.608062E-03	 -2.542737E-03	 -8.318817E-05	  3.049339E-03	  1.398965E-02	  1.290019E-05	     81	  5.826945E-01	  2.600241E-02	  4.173055E-01	  2.033698E-01	  1.706611E-02	  4.663018E-02	  2.500000E-01	     34	     80	     46	  1.808537E-01	  2.195092E-01	  2.204314E-07	  6.188999E-05	  6.797061E-05	  3.971642E-06	  0.000000E+00	  1.254407E-04	     11	     81	  8.4684499E-01	     81
 7.25000000E+03	 -2.895000E-02	  3.437754E-02	  0.000000E+00	 -8.561555E-03	 -2.542618E-03	 -7.125478E-05	  3.268840E-03	  1.318644E-02	  9.935808E-06	     82	  5.825923E-01	  2.596605E-02	  4.174077E-01	  2.099733E-01	  1.083982E-02	  5.252671E-02	  2.625000E-01	     34	     80	     46	  1.810492E-01	  2.197111E-01	  2.287963E-07	  6.148709E-05	  6.818130E-05	  4.045441E-06	  0.000000E+00	  1.253304E-04	     13	     82	  8.4670481E-01	     82
 7.26000000E+03	 -2.900000E-02	  3.462213E-02	  0.000000E+00	 -8.513110E-03	 -2.544168E-03	 -4.942605E-05	  4.332396E-03	  1.276391E-02	  1.621761E-03	     82	  5.784648E-01	  2.022011E-02	  4.215352E-01	  2.073471E-01	  1.071875E-02	  5.191218E-02	  2.592593E-01	     35	     81	     46	  1.812676E-01	  2.199367E-01	  2.285278E-07	  6.104776E-05	  6.838340E-05	  4.120785E-06	  0.000000E+00	  1.251682E-04	     11	     82	  8.4654823E-01	     82
 7.27000000E+03	 -2.905000E-02	  3.487875E-02	  0.000000E+00	 -8.465592E-03	 -2.542693E-03	 -2.844582E-05	  4.380627E-03	  1.196735E-02	  2.152085E-05	     83	  5.783676E-01	  2.018640E-02	  4.216324E-01	  2.073138E-01	  1.073388E-02	  5.194546E-02	  2.592593E-01	     35	     81	     46	  1.814998E-01	  2.201765E-01	  2.164939E-07	  6.060464E-05	  6.857152E-05	  4.193772E-06	  0.000000E+00	  1.249739E-04	     13	     83	  8.4638190E-01	     83
 7.28000000E+03	 -2.910000E-02	  3.512190E-02	  0.000000E+00	 -8.422066E-03	 -2.542498E-03	 -1.195002E-05	  3.791489E-03	  1.238460E-02	  4.828558E-05	     82	  5.782754E-01	  2.015405E-02	  4.217246E-01	  2.072811E-01	  1.074609E-02	  5.197818E-02	  2.592593E-01	     35	     81	     46	  1.817165E-01	  2.204003E-01	  2.019143E-07	  6.020261E-05	  6.875623E-05	  4.262086E-06	  0.000000E+00	  1.248105E-04	     13	     82	  8.4622666E-01	     82
 7.29000000E+03	 -2.915000E-02	  3.534492E-02	  0.000000E+00	 -8.384224E-03	 -2.542696E-03	  5.398012E-06	  3.591954E-03	  1.291963E-02	  7.711494E-05	     83	  5.781881E-01	  2.011989E-02	  4.218119E-01	  2.072488E-01	  1.075382E-02	  5.201049E-02	  2.592593E-01	     35	     81	     46	  1.819102E-01	  2.206004E-01	  1.911261E-07	  5.983053E-05	  6.895950E-05	  4.326124E-06	  0.000000E+00	  1.246950E-04	     14	     83	  8.4608795E-01	     83
 7.30000000E+03	 -2.920000E-02	  3.555365E-02	  0.000000E+00	 -8.348781E-03	 -2.542743E-03	  2.090801E-05	  3.466289E-03	  1.215881E-02	  2.197093E-05	     83	  5.781069E-01	  2.009078E-02	  4.218931E-01	  2.072170E-01	  1.075780E-02	  5.204228E-02	  2.592593E-01	     35	     81	     46	  1.820876E-01	  2.207836E-01	  1.823524E-07	  5.946962E-05	  6.918627E-05	  4.386923E-06	  0.000000E+00	  1.246130E-04	     12	     83	  8.4596098E-01	     83
 7.31000000E+03	 -2.925000E-02	  3.574983E-02	  0.000000E+00	 -8.313764E-03	 -2.542528E-03	  3.504210E-05	  2.985716E-03	  1.133439E-02	  7.276544E-05	     84	  5.719265E-01	  2.308173E-02	  4.280735E-01	  2.046605E-01	  1.062939E-02	  5.143704E-02	  2.560976E-01	     35	     81	     46	  1.822507E-01	  2.112730E-01	  1.736795E-07	  5.914576E-05	  6.940842E-05	  4.444792E-06	  0.000000E+00	  1.245602E-04	     12	     84	  8.4584431E-01	     84
 7.32000000E+03	 -2.930000E-02	  3.591590E-02	  0.000000E+00	 -8.288835E-03	 -2.542381E-03	  4.609088E-05	  3.118370E-03	  1.089284E-02	  5.104261E-06	     84	  5.818857E-01	  1.613623E-02	  4.181143E-01	  2.046337E-01	  1.063125E-02	  5.146390E-02	  2.560976E-01	     35	     81	     46	  1.823793E-01	  2.080708E-01	  1.639872E-07	  5.892971E-05	  6.959947E-05	  4.499394E-06	  0.000000E+00	  1.245802E-04	     12	     84	  8.4575227E-01	     84
 7.33000000E+03	 -2.935000E-02	  3.606551E-02	  0.000000E+00	 -8.271268E-03	 -2.542544E-03	  5.289036E-05	  3.281896E-03	  1.046826E-02	  2.039325E-04	     85	  5.772362E-01	  2.739517E-02	  4.227638E-01	  1.997372E-01	  1.037992E-02	  5.026277E-02	  2.500000E-01	     36	     84	     48	  1.824892E-01	  1.987066E-01	  1.546601E-07	  5.881676E-05	  6.972972E-05	  4.551089E-06	  0.000000E+00	  1.246398E-04	     11	     85	  8.4567370E-01	     85
 7.34000000E+03	 -2.940000E-02	  3.622219E-02	  0.000000E+00	 -8.254605E-03	 -2.540385E-03	  5.658546E-05	  3.074441E-03	  1.061122E-02	  1.870180E-05	     85	  5.771551E-01	  2.736234E-02	  4.228449E-01	  1.997089E-01	  1.038259E-02	  5.029114E-02	  2.500000E-01	     36	     84	     48	  1.826071E-01	  1.988261E-01	  1.443695E-07	  5.866819E-05	  6.988142E-05	  4.599555E-06	  0.000000E+00	  1.246813E-04	     12	     85	  8.4558939E-01	     85
 7.35000000E+03	 -2.945000E-02	  3.636664E-02	  0.000000E+00	 -8.234721E-03	 -2.542467E-03	  6.472135E-05	  3.212361E-03	  1.006547E-02	  8.058144E-05	     84	  5.735714E-01	  2.558172E-02	  4.264286E-01	  2.045491E-01	  1.064049E-02	  5.154848E-02	  2.560976E-01	     35	     81	     46	  1.827110E-01	  2.117446E-01	  1.358064E-07	  5.852647E-05	  7.005679E-05	  4.645084E-06	  0.000000E+00	  1.247521E-04	     11	     84	  8.4551509E-01	     84
 7.36000000E+03	 -2.950000E-02	  3.651138E-02	  0.000000E+00	 -8.223440E-03	 -2.542732E-03	  7.653179E-05	  3.096519E-03	  9.513676E-03	  3.455888E-05	     82	  5.796530E-01	  2.261774E-02	  4.203470E-01	  2.070439E-01	  1.077752E-02	  5.221534E-02	  2.592593E-01	     35	     81	     46	  1.828152E-01	  2.215350E-01	  1.289423E-07	  5.839381E-05	  7.022209E-05	  4.688477E-06	  0.000000E+00	  1.248213E-04	      9	     82	  8.4544057E-01	     82
 7.37000000E+03	 -2.955000E-02	  3.666593E-02	  0.000000E+00	 -8.208055E-03	 -2.542706E-03	  8.373432E-05	  2.793965E-03	  9.161762E-03	  8.421455E-06	     83	  5.795815E-01	  2.259519E-02	  4.204185E-01	  2.070149E-01	  1.078307E-02	  5.224431E-02	  2.592593E-01	     35	     81	     46	  1.829307E-01	  2.216542E-01	  1.225904E-07	  5.823649E-05	  7.038883E-05	  4.729913E-06	  0.000000E+00	  1.248659E-04	     11	     83	  8.4535808E-01	     83
 7.38000000E+03	 -2.960000E-02	  3.682784E-02	  0.000000E+00	 -8.188526E-03	 -2.542716E-03	  8.799555E-05	  2.551407E-03	  8.368665E-03	  1.403022E-06	     84	  5.733417E-01	  2.548742E-02	  4.266583E-01	  2.044632E-01	  1.065789E-02	  5.163434E-02	  2.560976E-01	     35	     81	     46	  1.830545E-01	  2.120965E-01	  1.158557E-07	  5.806302E-05	  7.055507E-05	  4.769217E-06	  0.000000E+00	  1.248913E-04	     10	     84	  8.4526963E-01	     84
 7.39000000E+03	 -2.965000E-02	  3.698403E-02	  0.000000E+00	 -8.176632E-03	 -2.542765E-03	  9.064980E-05	  2.487701E-03	  8.408273E-03	  2.637628E-05	     83	  5.794377E-01	  2.255076E-02	  4.205623E-01	  2.069611E-01	  1.079803E-02	  5.229820E-02	  2.592593E-01	     35	     81	     46	  1.831717E-01	  2.219032E-01	  1.088400E-07	  5.792686E-05	  7.069989E-05	  4.806291E-06	  0.000000E+00	  1.249301E-04	     10	     83	  8.4518586E-01	     83
 7.40000000E+03	 -2.970000E-02	  3.712914E-02	  0.000000E+00	 -8.173061E-03	 -2.542640E-03	  9.852185E-05	  2.137395E-03	  7.900410E-03	  1.549632E-05	     83	  5.793748E-01	  2.252952E-02	  4.206252E-01	  2.069364E-01	  1.080700E-02	  5.232282E-02	  2.592593E-01	     35	     81	     46	  1.832763E-01	  2.220112E-01	  1.018259E-07	  5.784163E-05	  7.082316E-05	  4.840997E-06	  0.000000E+00	  1.249960E-04	     11	     83	  8.4511115E-01	     83
 7.41000000E+03	 -2.975000E-02	  3.726664E-02	  0.000000E+00	 -8.171562E-03	 -2.542579E-03	  1.030035E-04	  1.941455E-03	  7.230500E-03	  8.711520E-06	     82	  5.793163E-01	  2.250888E-02	  4.206837E-01	  1.962248E-01	  6.604966E-03	  5.068882E-02	  2.469136E-01	     35	     81	     46	  1.833722E-01	  2.221102E-01	  9.437086E-08	  5.778139E-05	  7.094315E-05	  4.873192E-06	  0.000000E+00	  1.250806E-04	     10	     82	  8.4504267E-01	     82
 7.42000000E+03	 -2.980000E-02	  3.739609E-02	  0.000000E+00	 -8.168297E-03	 -2.542471E-03	  1.080107E-04	  1.921421E-03	  7.532915E-03	  1.439552E-05	     83	  5.792626E-01	  2.249123E-02	  4.207374E-01	  2.068882E-01	  1.081994E-02	  5.237102E-02	  2.592593E-01	     35	     81	     46	  1.834589E-01	  2.221997E-01	  8.812355E-08	  5.772863E-05	  7.107664E-05	  4.903007E-06	  0.000000E+00	  1.251850E-04	     12	     83	  8.4498077E-01	     83
 7.43000000E+03	 -2.985000E-02	  3.751722E-02	  0.000000E+00	 -8.164401E-03	 -2.542644E-03	  1.140126E-04	  1.832019E-03	  7.230995E-03	  9.217872E-07	     82	  5.792104E-01	  2.247561E-02	  4.207896E-01	  2.068629E-01	  1.082306E-02	  5.239640E-02	  2.592593E-01	     35	     81	     46	  1.835361E-01	  2.222795E-01	  8.302861E-08	  5.768017E-05	  7.122689E-05	  4.930991E-06	  0.000000E+00	  1.253098E-04	     10	     82	  8.4492566E-01	     82
 7.44000000E+03	 -2.990000E-02	  3.763658E-02	  0.000000E+00	 -8.156761E-03	 -2.542707E-03	  1.184051E-04	  1.677099E-03	  6.468498E-03	  9.841973E-06	     82	  5.791603E-01	  2.246243E-02	  4.208397E-01	  2.068359E-01	  1.082530E-02	  5.242337E-02	  2.592593E-01	     35	     81	     46	  1.836112E-01	  2.223571E-01	  7.747363E-08	  5.762006E-05	  7.139515E-05	  4.957268E-06	  0.000000E+00	  1.254387E-04	     10	     82	  8.4487201E-01	     82
 7.45000000E+03	 -2.995000E-02	  3.776077E-02	  0.000000E+00	 -8.147566E-03	 -2.542260E-03	  1.192961E-04	  1.545036E-03	  6.213885E-03	  6.936676E-05	     82	  5.791091E-01	  2.245146E-02	  4.208909E-01	  2.068085E-01	  1.082817E-02	  5.245072E-02	  2.592593E-01	     35	     81	     46	  1.836919E-01	  2.224404E-01	  7.143685E-08	  5.754564E-05	  7.156782E-05	  4.981612E-06	  0.000000E+00	  1.255554E-04	     10	     82	  8.4481445E-01	     82
 7.46000000E+03	 -3.000000E-02	  3.788772E-02	  0.000000E+00	 -8.141172E-03	 -2.542777E-03	  1.175618E-04	  1.518161E-03	  6.230073E-03	  5.769696E-06	     83	  5.790562E-01	  2.244315E-02	  4.209438E-01	  2.067822E-01	  1.083144E-02	  5.247710E-02	  2.592593E-01	     35	     81	     46	  1.837757E-01	  2.225269E-01	  6.606074E-08	  5.746763E-05	  7.173814E-05	  5.004076E-06	  0.000000E+00	  1.256649E-04	     13	     83	  8.4475466E-01	     83
 7.47000000E+03	 -3.005000E-02	  3.801441E-02	  0.000000E+00	 -8.136068E-03	 -2.542699E-03	  1.113657E-04	  1.524327E-03	  6.096056E-03	  1.450857E-06	     84	  5.828898E-01	  1.847205E-02	  4.171102E-01	  2.042349E-01	  1.070394E-02	  5.186266E-02	  2.560976E-01	     35	     81	     46	  1.838591E-01	  2.095828E-01	  6.188571E-08	  5.739402E-05	  7.190489E-05	  5.024948E-06	  0.000000E+00	  1.257748E-04	     13	     84	  8.4469509E-01	     84
 7.48000000E+03	 -3.010000E-02	  3.814004E-02	  0.000000E+00	 -8.128651E-03	 -2.542788E-03	  1.048978E-04	  1.474198E-03	  5.873972E-03	  6.112086E-06	     83	  5.789438E-01	  2.243276E-02	  4.210562E-01	  2.067305E-01	  1.084222E-02	  5.252875E-02	  2.592593E-01	     35	     81	     46	  1.839414E-01	  2.226980E-01	  5.837248E-08	  5.732226E-05	  7.207281E-05	  5.044541E-06	  0.000000E+00	  1.258871E-04	     15	     83	  8.4463642E-01	     83
 7.49000000E+03	 -3.015000E-02	  3.826596E-02	  0.000000E+00	 -8.120657E-03	 -2.542649E-03	  1.001510E-04	  1.235485E-03	  6.079759E-03	  1.322747E-05	     82	  5.788880E-01	  2.242913E-02	  4.211120E-01	  2.067045E-01	  1.084896E-02	  5.255480E-02	  2.592593E-01	     35	     81	     46	  1.840239E-01	  2.227833E-01	  5.547153E-08	  5.724469E-05	  7.224593E-05	  5.063047E-06	  0.000000E+00	  1.259983E-04	     13	     82	  8.4457751E-01	     82
 7.50000000E+03	 -3.020000E-02	  3.838536E-02	  0.000000E+00	 -8.114872E-03	 -2.542697E-03	  9.865276E-05	  1.175129E-03	  6.032139E-03	  1.906682E-05	     82	  5.788334E-01	  2.242538E-02	  4.211666E-01	  2.066774E-01	  1.085414E-02	  5.258187E-02	  2.592593E-01	     35	     81	     46	  1.840990E-01	  2.228609E-01	  5.310725E-08	  5.718029E-05	  7.242209E-05	  5.080629E-06	  0.000000E+00	  1.261253E-04	     13	     82	  8.4452394E-01	     82
 7.51000000E+03	 -3.025000E-02	  3.849836E-02	  0.000000E+00	 -8.111278E-03	 -2.542616E-03	  9.896785E-05	  9.960745E-04	  5.846069E-03	  1.926349E-05	     82	  5.787817E-01	  2.242088E-02	  4.212183E-01	  2.066500E-01	  1.085674E-02	  5.260921E-02	  2.592593E-01	     35	     81	     46	  1.841669E-01	  2.229309E-01	  5.117541E-08	  5.712837E-05	  7.260168E-05	  5.097458E-06	  0.000000E+00	  1.262679E-04	     14	     82	  8.4447559E-01	     82
 7.52000000E+03	 -3.030000E-02	  3.860241E-02	  0.000000E+00	 -8.112704E-03	 -2.542639E-03	  1.015786E-04	  1.000425E-03	  5.556203E-03	  3.988443E-06	     81	  5.793543E-01	  1.645648E-02	  4.206457E-01	  2.092062E-01	  1.099357E-02	  5.329379E-02	  2.625000E-01	     34	     80	     46	  1.842244E-01	  2.229904E-01	  4.939208E-08	  5.710152E-05	  7.277879E-05	  5.113605E-06	  0.000000E+00	  1.264325E-04	     13	     81	  8.4443452E-01	     81
 7.53000000E+03	 -3.035000E-02	  3.870059E-02	  0.000000E+00	 -8.116864E-03	 -2.542600E-03	  1.041906E-04	  9.218367E-04	  5.613740E-03	  1.969083E-05	     81	  5.793149E-01	  1.645052E-02	  4.206851E-01	  2.091809E-01	  1.099374E-02	  5.331909E-02	  2.625000E-01	     34	     80	     46	  1.842753E-01	  2.230429E-01	  4.790067E-08	  5.709770E-05	  7.294784E-05	  5.129179E-06	  0.000000E+00	  1.266119E-04	     13	     81	  8.4439825E-01	     81
 7.54000000E+03	 -3.040000E-02	  3.879241E-02	  0.000000E+00	 -8.123218E-03	 -2.542669E-03	  1.055536E-04	  9.178327E-04	  5.434338E-03	  5.916996E-06	     81	  5.792767E-01	  1.644564E-02	  4.207233E-01	  2.091571E-01	  1.099356E-02	  5.334292E-02	  2.625000E-01	     34	     80	     46	  1.843189E-01	  2.230879E-01	  4.679629E-08	  5.712005E-05	  7.310681E-05	  5.144292E-06	  0.000000E+00	  1.268072E-04	     13	     81	  8.4436714E-01	     81
 7.55000000E+03	 -3.045000E-02	  3.888174E-02	  0.000000E+00	 -8.130744E-03	 -2.542741E-03	  1.050133E-04	  1.081486E-03	  5.108983E-03	  1.830539E-06	     83	  5.786101E-01	  2.240173E-02	  4.213899E-01	  2.065528E-01	  1.085779E-02	  5.270648E-02	  2.592593E-01	     35	     81	     46	  1.843597E-01	  2.231300E-01	  4.570905E-08	  5.715624E-05	  7.325888E-05	  5.159057E-06	  0.000000E+00	  1.270092E-04	     15	     83	  8.4433809E-01	     83
 7.56000000E+03	 -3.050000E-02	  3.897085E-02	  0.000000E+00	 -8.139091E-03	 -2.542694E-03	  1.036660E-04	  1.120702E-03	  4.989263E-03	  1.640469E-07	     84	  5.824641E-01	  1.843417E-02	  4.175359E-01	  2.040116E-01	  1.072561E-02	  5.208601E-02	  2.560976E-01	     35	     81	     46	  1.844002E-01	  2.101356E-01	  4.452789E-08	  5.718987E-05	  7.341489E-05	  5.173452E-06	  0.000000E+00	  1.272120E-04	     16	     84	  8.4430921E-01	     84
 7.57000000E+03	 -3.055000E-02	  3.906251E-02	  0.000000E+00	 -8.144515E-03	 -2.542834E-03	  1.026438E-04	  1.155522E-03	  4.924727E-03	  2.332032E-04	     82	  5.785265E-01	  2.239819E-02	  4.214735E-01	  2.065067E-01	  1.085904E-02	  5.275257E-02	  2.592593E-01	     35	     81	     46	  1.844436E-01	  2.232167E-01	  4.346879E-08	  5.721155E-05	  7.357725E-05	  5.187504E-06	  0.000000E+00	  1.274091E-04	     14	     82	  8.4427827E-01	     82
 7.58000000E+03	 -3.060000E-02	  3.915781E-02	  0.000000E+00	 -8.149257E-03	 -2.542753E-03	  1.009825E-04	  9.705769E-04	  5.138166E-03	  1.425238E-05	     83	  5.784802E-01	  2.239630E-02	  4.215198E-01	  2.064822E-01	  1.086110E-02	  5.277706E-02	  2.592593E-01	     35	     81	     46	  1.844911E-01	  2.232658E-01	  4.279218E-08	  5.721469E-05	  7.374937E-05	  5.201281E-06	  0.000000E+00	  1.275975E-04	     15	     83	  8.4424439E-01	     83
 7.59000000E+03	 -3.065000E-02	  3.925654E-02	  0.000000E+00	 -8.151567E-03	 -2.542721E-03	  9.981697E-05	  1.037643E-03	  5.036845E-03	  3.916574E-06	     82	  5.784306E-01	  2.239458E-02	  4.215694E-01	  2.064575E-01	  1.086443E-02	  5.280180E-02	  2.592593E-01	     35	     81	     46	  1.845426E-01	  2.233189E-01	  4.245469E-08	  5.720618E-05	  7.392472E-05	  5.214909E-06	  0.000000E+00	  1.277776E-04	     14	     82	  8.4420772E-01	     82
 7.60000000E+03	 -3.070000E-02	  3.935707E-02	  0.000000E+00	 -8.153608E-03	 -2.542740E-03	  9.794456E-05	  9.800198E-04	  5.064749E-03	  1.167993E-05	     83	  5.783798E-01	  2.239194E-02	  4.216202E-01	  2.064332E-01	  1.086901E-02	  5.282603E-02	  2.592593E-01	     35	     81	     46	  1.845961E-01	  2.233741E-01	  4.223450E-08	  5.719603E-05	  7.409744E-05	  5.228453E-06	  0.000000E+00	  1.279535E-04	     15	     83	  8.4416962E-01	     83
 7.61000000E+03	 -3.075000E-02	  3.945853E-02	  0.000000E+00	 -8.155701E-03	 -2.542698E-03	  9.603507E-05	  1.145775E-03	  5.115501E-03	  1.097036E-06	     83	  5.829148E-01	  1.249179E-02	  4.170852E-01	  2.064098E-01	  1.087489E-02	  5.284941E-02	  2.592593E-01	     34	     80	     46	  1.846506E-01	  2.103915E-01	  4.221525E-08	  5.719194E-05	  7.426174E-05	  5.241996E-06	  0.000000E+00	  1.281272E-04	     15	     83	  8.4413076E-01	     83
 7.62000000E+03	 -3.080000E-02	  3.956120E-02	  0.000000E+00	 -8.159456E-03	 -2.542740E-03	  9.492080E-05	  1.142298E-03	  5.191742E-03	  3.212820E-06	     82	  5.789259E-01	  1.642355E-02	  4.210741E-01	  2.089668E-01	  1.101768E-02	  5.353321E-02	  2.625000E-01	     34	     80	     46	  1.847065E-01	  2.234882E-01	  4.231935E-08	  5.719540E-05	  7.441555E-05	  5.255604E-06	  0.000000E+00	  1.282982E-04	     14	     82	  8.4409094E-01	     82
 7.63000000E+03	 -3.085000E-02	  3.966393E-02	  0.000000E+00	 -8.163358E-03	 -2.542838E-03	  9.491621E-05	  1.117693E-03	  5.324299E-03	  4.919310E-05	     82	  5.788791E-01	  1.641763E-02	  4.211209E-01	  2.089443E-01	  1.102443E-02	  5.355575E-02	  2.625000E-01	     34	     80	     46	  1.847624E-01	  2.235460E-01	  4.264368E-08	  5.720949E-05	  7.455848E-05	  5.269322E-06	  0.000000E+00	  1.284692E-04	     14	     82	  8.4405107E-01	     82
 7.64000000E+03	 -3.090000E-02	  3.976877E-02	  0.000000E+00	 -8.169934E-03	 -2.542706E-03	  9.589994E-05	  1.092197E-03	  5.485484E-03	  7.671627E-06	     87	  5.811027E-01	  1.848307E-02	  4.188973E-01	  1.943465E-01	  1.026116E-02	  4.983959E-02	  2.441860E-01	     38	     86	     48	  1.848208E-01	  2.010702E-01	  4.308938E-08	  5.722812E-05	  7.469180E-05	  5.283203E-06	  0.000000E+00	  1.286354E-04	     16	     87	  8.4400951E-01	     87
 7.65000000E+03	 -3.095000E-02	  3.986856E-02	  0.000000E+00	 -8.187318E-03	 -2.542885E-03	  1.008327E-04	  3.101515E-03	  5.601162E-03	  2.238061E-05	     87	  5.810571E-01	  1.847659E-02	  4.189429E-01	  1.943270E-01	  1.026655E-02	  4.985909E-02	  2.441860E-01	     38	     86	     48	  1.848733E-01	  2.011235E-01	  4.046811E-08	  5.727004E-05	  7.481826E-05	  5.296739E-06	  0.000000E+00	  1.288147E-04	     17	     87	  8.4397206E-01	     87
 7.66000000E+03	 -3.100000E-02	  3.997057E-02	  0.000000E+00	 -8.199264E-03	 -2.542632E-03	  1.055034E-04	  2.879703E-03	  5.681313E-03	  2.088281E-05	     87	  5.810097E-01	  1.846917E-02	  4.189903E-01	  1.943066E-01	  1.027168E-02	  4.987949E-02	  2.441860E-01	     38	     86	     48	  1.849284E-01	  2.011793E-01	  3.598822E-08	  5.730429E-05	  7.495078E-05	  5.309103E-06	  0.000000E+00	  1.289895E-04	     19	     87	  8.4393282E-01	     87
 7.67000000E+03	 -3.105000E-02	  4.006818E-02	  0.000000E+00	 -8.206544E-03	 -2.542616E-03	  1.097146E-04	  2.417794E-03	  5.830136E-03	  3.598197E-05	     84	  5.838566E-01	  1.378104E-02	  4.161434E-01	  2.013088E-01	  1.064761E-02	  5.170327E-02	  2.530120E-01	     37	     83	     46	  1.849785E-01	  2.237691E-01	  3.154761E-08	  5.734450E-05	  7.509006E-05	  5.320044E-06	  0.000000E+00	  1.291755E-04	     14	     84	  8.4389716E-01	     84
 7.68000000E+03	 -3.110000E-02	  4.015396E-02	  0.000000E+00	 -8.215783E-03	 -2.542636E-03	  1.140511E-04	  2.189091E-03	  5.218322E-03	  7.454083E-05	     84	  5.838102E-01	  1.377610E-02	  4.161898E-01	  2.012886E-01	  1.065162E-02	  5.172345E-02	  2.530120E-01	     37	     83	     46	  1.850151E-01	  2.238069E-01	  2.750388E-08	  5.741043E-05	  7.523421E-05	  5.329651E-06	  0.000000E+00	  1.293912E-04	     15	     84	  8.4387111E-01	     84
 7.69000000E+03	 -3.115000E-02	  4.021938E-02	  0.000000E+00	 -8.230231E-03	 -2.542606E-03	  1.155712E-04	  1.864941E-03	  5.177475E-03	  4.252242E-05	     84	  5.837714E-01	  1.377288E-02	  4.162286E-01	  2.012716E-01	  1.065436E-02	  5.174045E-02	  2.530120E-01	     37	     83	     46	  1.850285E-01	  2.238207E-01	  2.398754E-08	  5.755315E-05	  7.535309E-05	  5.337978E-06	  0.000000E+00	  1.296577E-04	     15	     84	  8.4386158E-01	     84
 7.70000000E+03	 -3.120000E-02	  4.027329E-02	  0.000000E+00	 -8.251023E-03	 -2.542597E-03	  1.163212E-04	  1.694137E-03	  5.367894E-03	  6.070983E-06	     84	  5.837383E-01	  1.376964E-02	  4.162617E-01	  2.012569E-01	  1.065640E-02	  5.175511E-02	  2.530120E-01	     37	     83	     46	  1.850287E-01	  2.238210E-01	  2.168266E-08	  5.773667E-05	  7.546030E-05	  5.345317E-06	  0.000000E+00	  1.299535E-04	     13	     84	  8.4386141E-01	     84
 7.71000000E+03	 -3.125000E-02	  4.032229E-02	  0.000000E+00	 -8.273935E-03	 -2.542764E-03	  1.133374E-04	  1.596732E-03	  5.206339E-03	  1.237370E-05	     84	  5.837087E-01	  1.376709E-02	  4.162913E-01	  2.012431E-01	  1.065782E-02	  5.176892E-02	  2.530120E-01	     37	     83	     46	  1.850234E-01	  2.238154E-01	  2.020838E-08	  5.793826E-05	  7.556247E-05	  5.352036E-06	  0.000000E+00	  1.302625E-04	     11	     84	  8.4386521E-01	     84
 7.72000000E+03	 -3.130000E-02	  4.037907E-02	  0.000000E+00	 -8.297818E-03	 -2.542817E-03	  1.071870E-04	  1.581957E-03	  5.497266E-03	  1.571046E-05	     84	  5.836724E-01	  1.376616E-02	  4.163276E-01	  2.012280E-01	  1.066093E-02	  5.178408E-02	  2.530120E-01	     37	     83	     46	  1.850269E-01	  2.238191E-01	  1.989975E-08	  5.812114E-05	  7.566462E-05	  5.358460E-06	  0.000000E+00	  1.305537E-04	     11	     84	  8.4386271E-01	     84
 7.73000000E+03	 -3.135000E-02	  4.044254E-02	  0.000000E+00	 -8.317616E-03	 -2.543559E-03	  1.032103E-04	  1.780407E-03	  5.645901E-03	  1.010404E-04	     83	  5.824491E-01	  1.962020E-02	  4.175509E-01	  2.036660E-01	  1.079664E-02	  5.243152E-02	  2.560976E-01	     36	     82	     46	  1.850380E-01	  2.238306E-01	  2.058813E-08	  5.828647E-05	  7.576775E-05	  5.364955E-06	  0.000000E+00	  1.308293E-04	     10	     83	  8.4385478E-01	     83
 7.74000000E+03	 -3.140000E-02	  4.052448E-02	  0.000000E+00	 -8.332394E-03	 -2.543100E-03	  1.000578E-04	  1.725211E-03	  5.665272E-03	  5.218167E-05	     83	  5.824013E-01	  1.962074E-02	  4.175987E-01	  2.036488E-01	  1.080503E-02	  5.244876E-02	  2.560976E-01	     36	     82	     46	  1.850702E-01	  2.238638E-01	  2.243045E-08	  5.839468E-05	  7.588216E-05	  5.371899E-06	  0.000000E+00	  1.310607E-04	     11	     83	  8.4383189E-01	     83
 7.75000000E+03	 -3.145000E-02	  4.061233E-02	  0.000000E+00	 -8.340911E-03	 -2.542673E-03	  9.730872E-05	  1.741620E-03	  5.820870E-03	  4.933296E-05	     83	  5.823516E-01	  1.962213E-02	  4.176484E-01	  2.036302E-01	  1.081428E-02	  5.246735E-02	  2.560976E-01	     36	     82	     46	  1.851090E-01	  2.239039E-01	  2.455784E-08	  5.847640E-05	  7.600814E-05	  5.379493E-06	  0.000000E+00	  1.312781E-04	     12	     83	  8.4380421E-01	     83
 7.76000000E+03	 -3.150000E-02	  4.070493E-02	  0.000000E+00	 -8.348739E-03	 -2.542908E-03	  9.407001E-05	  1.688264E-03	  6.029718E-03	  2.118131E-07	     83	  5.823003E-01	  1.962320E-02	  4.176997E-01	  2.036110E-01	  1.082418E-02	  5.248654E-02	  2.560976E-01	     36	     82	     46	  1.851533E-01	  2.239496E-01	  2.688812E-08	  5.853796E-05	  7.614207E-05	  5.387850E-06	  0.000000E+00	  1.314842E-04	     12	     83	  8.4377269E-01	     83
 7.77000000E+03	 -3.155000E-02	  4.079949E-02	  0.000000E+00	 -8.355310E-03	 -2.542758E-03	  9.025379E-05	  1.535031E-03	  5.899028E-03	  3.739017E-06	     83	  5.822483E-01	  1.962295E-02	  4.177517E-01	  2.035912E-01	  1.083344E-02	  5.250639E-02	  2.560976E-01	     36	     82	     46	  1.851998E-01	  2.239976E-01	  2.886316E-08	  5.859768E-05	  7.627312E-05	  5.396927E-06	  0.000000E+00	  1.316860E-04	     12	     83	  8.4373959E-01	     83
 7.78000000E+03	 -3.160000E-02	  4.090017E-02	  0.000000E+00	 -8.361047E-03	 -2.542754E-03	  8.923411E-05	  1.583824E-03	  5.397954E-03	  5.575972E-05	     83	  5.821980E-01	  1.962195E-02	  4.178020E-01	  2.035715E-01	  1.084311E-02	  5.252608E-02	  2.560976E-01	     36	     82	     46	  1.852533E-01	  2.240529E-01	  3.014829E-08	  5.865256E-05	  7.639435E-05	  5.406562E-06	  0.000000E+00	  1.318730E-04	     11	     83	  8.4370154E-01	     83
 7.79000000E+03	 -3.165000E-02	  4.100459E-02	  0.000000E+00	 -8.367391E-03	 -2.542801E-03	  8.817194E-05	  1.416036E-03	  5.559332E-03	  5.367177E-05	     83	  5.821480E-01	  1.961780E-02	  4.178520E-01	  2.035532E-01	  1.085278E-02	  5.254433E-02	  2.560976E-01	     36	     82	     46	  1.853110E-01	  2.241124E-01	  3.119982E-08	  5.871174E-05	  7.650235E-05	  5.416584E-06	  0.000000E+00	  1.320512E-04	     10	     83	  8.4366047E-01	     83
 7.80000000E+03	 -3.170000E-02	  4.111646E-02	  0.000000E+00	 -8.372152E-03	 -2.542706E-03	  8.953864E-05	  1.404180E-03	  5.260495E-03	  1.300535E-06	     83	  5.820960E-01	  1.961364E-02	  4.179040E-01	  2.035348E-01	  1.086358E-02	  5.256272E-02	  2.560976E-01	     36	     82	     46	  1.853771E-01	  2.241808E-01	  3.224075E-08	  5.875454E-05	  7.660835E-05	  5.426974E-06	  0.000000E+00	  1.322114E-04	     11	     83	  8.4361338E-01	     83
 7.81000000E+03	 -3.175000E-02	  4.122906E-02	  0.000000E+00	 -8.375307E-03	 -2.542786E-03	  9.021877E-05	  1.210265E-03	  4.899982E-03	  4.336721E-06	     83	  5.820428E-01	  1.960929E-02	  4.179572E-01	  2.035158E-01	  1.087373E-02	  5.258178E-02	  2.560976E-01	     36	     82	     46	  1.854441E-01	  2.242500E-01	  3.277699E-08	  5.878746E-05	  7.672295E-05	  5.437603E-06	  0.000000E+00	  1.323701E-04	     11	     83	  8.4356570E-01	     83
 7.82000000E+03	 -3.180000E-02	  4.134158E-02	  0.000000E+00	 -8.378581E-03	 -2.542681E-03	  8.997541E-05	  1.109912E-03	  5.014543E-03	  1.298729E-05	     83	  5.819888E-01	  1.960493E-02	  4.180112E-01	  2.034953E-01	  1.088367E-02	  5.260223E-02	  2.560976E-01	     36	     82	     46	  1.855110E-01	  2.243190E-01	  3.303648E-08	  5.880534E-05	  7.685321E-05	  5.448323E-06	  0.000000E+00	  1.325292E-04	     11	     83	  8.4351811E-01	     83
 7.83000000E+03	 -3.185000E-02	  4.145073E-02	  0.000000E+00	 -8.381742E-03	 -2.542611E-03	  8.861172E-05	  1.132938E-03	  5.292241E-03	  6.071516E-06	     83	  5.819359E-01	  1.960180E-02	  4.180641E-01	  2.034729E-01	  1.089279E-02	  5.262469E-02	  2.560976E-01	     36	     82	     46	  1.855740E-01	  2.243841E-01	  3.358588E-08	  5.880950E-05	  7.700534E-05	  5.459139E-06	  0.000000E+00	  1.326969E-04	     13	     83	  8.4347327E-01	     83
 7.84000000E+03	 -3.190000E-02	  4.155566E-02	  0.000000E+00	 -8.385193E-03	 -2.542538E-03	  8.692276E-05	  1.183773E-03	  5.208498E-03	  3.382713E-05	     83	  5.818821E-01	  1.959967E-02	  4.181179E-01	  2.034483E-01	  1.090115E-02	  5.264925E-02	  2.560976E-01	     36	     82	     46	  1.856322E-01	  2.244442E-01	  3.432873E-08	  5.880360E-05	  7.717773E-05	  5.470182E-06	  0.000000E+00	  1.328751E-04	     12	     83	  8.4343185E-01	     83
 7.85000000E+03	 -3.195000E-02	  4.165536E-02	  0.000000E+00	 -8.388955E-03	 -2.542686E-03	  8.543488E-05	  1.147772E-03	  4.942343E-03	  1.642077E-06	     83	  5.818284E-01	  1.959840E-02	  4.181716E-01	  2.034236E-01	  1.090891E-02	  5.267395E-02	  2.560976E-01	     36	     82	     46	  1.856845E-01	  2.244982E-01	  3.476700E-08	  5.880870E-05	  7.735235E-05	  5.481438E-06	  0.000000E+00	  1.330665E-04	     12	     83	  8.4339468E-01	     83
 7.86000000E+03	 -3.200000E-02	  4.175418E-02	  0.000000E+00	 -8.392157E-03	 -2.542686E-03	  8.276815E-05	  9.767536E-04	  4.788908E-03	  1.956699E-06	     83	  5.817749E-01	  1.959760E-02	  4.182251E-01	  2.033992E-01	  1.091630E-02	  5.269833E-02	  2.560976E-01	     36	     82	     46	  1.857357E-01	  2.245511E-01	  3.463478E-08	  5.882068E-05	  7.752300E-05	  5.492727E-06	  0.000000E+00	  1.332603E-04	     12	     83	  8.4335824E-01	     83
 7.87000000E+03	 -3.205000E-02	  4.185270E-02	  0.000000E+00	 -8.394358E-03	 -2.542692E-03	  7.992963E-05	  9.505221E-04	  4.547458E-03	  3.540800E-06	     83	  5.817217E-01	  1.959677E-02	  4.182783E-01	  2.033757E-01	  1.092367E-02	  5.272185E-02	  2.560976E-01	     36	     82	     46	  1.857866E-01	  2.246037E-01	  3.424803E-08	  5.884205E-05	  7.768556E-05	  5.503901E-06	  0.000000E+00	  1.334551E-04	     12	     83	  8.4332205E-01	     83
 7.88000000E+03	 -3.210000E-02	  4.195264E-02	  0.000000E+00	 -8.398136E-03	 -2.542765E-03	  7.708711E-05	  9.653011E-04	  4.381037E-03	  3.217985E-06	     83	  5.816675E-01	  1.959550E-02	  4.183325E-01	  2.033525E-01	  1.093151E-02	  5.274506E-02	  2.560976E-01	     36	     82	     46	  1.858391E-01	  2.246579E-01	  3.388987E-08	  5.886655E-05	  7.784180E-05	  5.514949E-06	  0.000000E+00	  1.336465E-04	     12	     83	  8.4328473E-01	     83
 7.89000000E+03	 -3.215000E-02	  4.205326E-02	  0.000000E+00	 -8.402407E-03	 -2.542762E-03	  7.432648E-05	  9.736001E-04	  4.552067E-03	  7.915874E-06	     83	  5.816128E-01	  1.959366E-02	  4.183872E-01	  2.118316E-01	  1.654259E-02	  5.646107E-02	  2.682927E-01	     36	     82	     46	  1.858923E-01	  2.247129E-01	  3.385515E-08	  5.889193E-05	  7.799548E-05	  5.525944E-06	  0.000000E+00	  1.338365E-04	     12	     83	  8.4324686E-01	     83
 7.90000000E+03	 -3.220000E-02	  4.215653E-02	  0.000000E+00	 -8.406249E-03	 -2.542799E-03	  7.164006E-05	  9.172392E-04	  5.007379E-03	  1.900483E-05	     83	  5.815576E-01	  1.959166E-02	  4.184424E-01	  2.118068E-01	  1.655114E-02	  5.648592E-02	  2.682927E-01	     36	     82	     46	  1.859486E-01	  2.247710E-01	  3.437633E-08	  5.890913E-05	  7.815045E-05	  5.537026E-06	  0.000000E+00	  1.340203E-04	     12	     83	  8.4320686E-01	     83
 7.91000000E+03	 -3.225000E-02	  4.226115E-02	  0.000000E+00	 -8.410041E-03	 -2.542707E-03	  6.914871E-05	  9.092183E-04	  5.173050E-03	  8.709888E-07	     83	  5.815032E-01	  1.958983E-02	  4.184968E-01	  2.117826E-01	  1.655967E-02	  5.651008E-02	  2.682927E-01	     36	     82	     46	  1.860064E-01	  2.248306E-01	  3.522524E-08	  5.892575E-05	  7.830242E-05	  5.548317E-06	  0.000000E+00	  1.342010E-04	     13	     83	  8.4316578E-01	     83
 7.92000000E+03	 -3.230000E-02	  4.236593E-02	  0.000000E+00	 -8.413366E-03	 -2.542631E-03	  6.916160E-05	  9.266260E-04	  5.040724E-03	  1.242470E-05	     83	  5.814499E-01	  1.958741E-02	  4.185501E-01	  2.117592E-01	  1.656807E-02	  5.653350E-02	  2.682927E-01	     36	     82	     46	  1.860643E-01	  2.248905E-01	  3.588467E-08	  5.894457E-05	  7.845196E-05	  5.559846E-06	  0.000000E+00	  1.343815E-04	     13	     83	  8.4312459E-01	     83
 7.93000000E+03	 -3.235000E-02	  4.246829E-02	  0.000000E+00	 -8.417981E-03	 -2.542638E-03	  6.975089E-05	  9.683716E-04	  4.890793E-03	  2.808789E-07	     83	  5.813983E-01	  1.958427E-02	  4.186017E-01	  2.117361E-01	  1.657656E-02	  5.655661E-02	  2.682927E-01	     36	     82	     46	  1.861195E-01	  2.249475E-01	  3.616780E-08	  5.897904E-05	  7.859232E-05	  5.571523E-06	  0.000000E+00	  1.345683E-04	     13	     83	  8.4308536E-01	     83
 7.94000000E+03	 -3.240000E-02	  4.256903E-02	  0.000000E+00	 -8.423690E-03	 -2.542605E-03	  7.120915E-05	  9.691191E-04	  4.702747E-03	  1.139276E-06	     83	  5.813487E-01	  1.957997E-02	  4.186513E-01	  2.117132E-01	  1.658537E-02	  5.657946E-02	  2.682927E-01	     36	     82	     46	  1.861728E-01	  2.250025E-01	  3.620123E-08	  5.902573E-05	  7.872495E-05	  5.583260E-06	  0.000000E+00	  1.347594E-04	     12	     83	  8.4304746E-01	     83
 7.95000000E+03	 -3.245000E-02	  4.266901E-02	  0.000000E+00	 -8.430094E-03	 -2.542691E-03	  7.369077E-05	  9.256084E-04	  4.495263E-03	  1.680183E-06	     83	  5.813002E-01	  1.957514E-02	  4.186998E-01	  2.116903E-01	  1.659427E-02	  5.660237E-02	  2.682927E-01	     36	     82	     46	  1.862253E-01	  2.250567E-01	  3.599167E-08	  5.907835E-05	  7.885413E-05	  5.594977E-06	  0.000000E+00	  1.349527E-04	     12	     83	  8.4301018E-01	     83
 7.96000000E+03	 -3.250000E-02	  4.277000E-02	  0.000000E+00	 -8.434981E-03	 -2.542756E-03	  7.717999E-05	  9.348818E-04	  4.407039E-03	  8.745207E-06	     83	  5.812514E-01	  1.956975E-02	  4.187486E-01	  2.116673E-01	  1.660281E-02	  5.662541E-02	  2.682927E-01	     36	     82	     46	  1.862789E-01	  2.251120E-01	  3.568366E-08	  5.912605E-05	  7.898630E-05	  5.606609E-06	  0.000000E+00	  1.351439E-04	     13	     83	  8.4297210E-01	     83
 7.97000000E+03	 -3.255000E-02	  4.287408E-02	  0.000000E+00	 -8.437863E-03	 -2.542784E-03	  8.078089E-05	  9.530684E-04	  4.516185E-03	  1.358653E-05	     83	  5.812010E-01	  1.956497E-02	  4.187990E-01	  2.225553E-01	  1.286933E-02	  5.793248E-02	  2.804878E-01	     36	     82	     46	  1.863360E-01	  2.251710E-01	  3.533866E-08	  5.915498E-05	  7.913002E-05	  5.618157E-06	  0.000000E+00	  1.353278E-04	     13	     83	  8.4293153E-01	     83
 7.98000000E+03	 -3.260000E-02	  4.297906E-02	  0.000000E+00	 -8.438430E-03	 -2.542679E-03	  8.328660E-05	  9.546045E-04	  4.622165E-03	  6.259888E-06	     83	  5.811494E-01	  1.956117E-02	  4.188506E-01	  2.225286E-01	  1.287467E-02	  5.795922E-02	  2.804878E-01	     36	     82	     46	  1.863941E-01	  2.252310E-01	  3.500936E-08	  5.916672E-05	  7.928893E-05	  5.629607E-06	  0.000000E+00	  1.355095E-04	     13	     83	  8.4289025E-01	     83
 7.99000000E+03	 -3.265000E-02	  4.308161E-02	  0.000000E+00	 -8.438068E-03	 -2.542611E-03	  8.467885E-05	  8.649668E-04	  4.711089E-03	  7.296791E-06	     83	  5.810972E-01	  1.955859E-02	  4.189028E-01	  2.225009E-01	  1.287955E-02	  5.798693E-02	  2.804878E-01	     36	     82	     46	  1.864494E-01	  2.252882E-01	  3.459852E-08	  5.916743E-05	  7.946511E-05	  5.640941E-06	  0.000000E+00	  1.356973E-04	     13	     83	  8.4285094E-01	     83
 8.00000000E+03	 -3.270000E-02	  4.317781E-02	  0.000000E+00	 -8.438502E-03	 -2.542742E-03	  8.517870E-05	  7.400755E-04	  4.743612E-03	  1.772337E-05	     83	  5.810461E-01	  1.955686E-02	  4.189539E-01	  2.317889E-01	  7.704952E-03	  6.089403E-02	  2.926829E-01	     36	     82	     46	  1.864975E-01	  2.253378E-01	  3.403715E-08	  5.917216E-05	  7.965331E-05	  5.652075E-06	  0.000000E+00	  1.359009E-04	     14	     83	  8.4281678E-01	     83
 8.01000000E+03	 -3.275000E-02	  4.326855E-02	  0.000000E+00	 -8.440021E-03	 -2.542615E-03	  8.451183E-05	  7.511557E-04	  4.799716E-03	  1.936454E-05	     83	  5.809952E-01	  1.955558E-02	  4.190048E-01	  2.317616E-01	  7.709866E-03	  6.092136E-02	  2.926829E-01	     36	     82	     46	  1.865394E-01	  2.253811E-01	  3.352001E-08	  5.917857E-05	  7.985353E-05	  5.662979E-06	  0.000000E+00	  1.361179E-04	     15	     83	  8.4278704E-01	     83
 8.02000000E+03	 -3.280000E-02	  4.335392E-02	  0.000000E+00	 -8.443458E-03	 -2.542491E-03	  8.334667E-05	  7.417519E-04	  5.055776E-03	  1.827433E-04	     83	  5.809456E-01	  1.955437E-02	  4.190544E-01	  2.317341E-01	  7.714444E-03	  6.094884E-02	  2.926829E-01	     36	     82	     46	  1.865751E-01	  2.254180E-01	  3.336023E-08	  5.919974E-05	  8.005216E-05	  5.673725E-06	  0.000000E+00	  1.363483E-04	     15	     83	  8.4276164E-01	     83
 8.03000000E+03	 -3.285000E-02	  4.343418E-02	  0.000000E+00	 -8.447933E-03	 -2.542606E-03	  8.315360E-05	  7.909502E-04	  5.144174E-03	  3.339349E-06	     83	  5.808972E-01	  1.955323E-02	  4.191028E-01	  2.317069E-01	  7.718729E-03	  6.097602E-02	  2.926829E-01	     36	     82	     46	  1.866051E-01	  2.254489E-01	  3.365036E-08	  5.924152E-05	  8.024258E-05	  5.684476E-06	  0.000000E+00	  1.365915E-04	     16	     83	  8.4274038E-01	     83
 8.04000000E+03	 -3.290000E-02	  4.350969E-02	  0.000000E+00	 -8.453310E-03	 -2.542675E-03	  8.276195E-05	  7.645793E-04	  5.080900E-03	  7.084557E-06	     83	  5.808504E-01	  1.955245E-02	  4.191496E-01	  2.316806E-01	  7.722828E-03	  6.100234E-02	  2.926829E-01	     36	     82	     46	  1.866296E-01	  2.254742E-01	  3.414063E-08	  5.931225E-05	  8.041571E-05	  5.695346E-06	  0.000000E+00	  1.368467E-04	     14	     83	  8.4272297E-01	     83
 8.05000000E+03	 -3.295000E-02	  4.358246E-02	  0.000000E+00	 -8.457902E-03	 -2.542796E-03	  8.157792E-05	  7.837235E-04	  4.947607E-03	  1.232494E-05	     83	  5.808043E-01	  1.955158E-02	  4.191957E-01	  2.316549E-01	  7.726654E-03	  6.102803E-02	  2.926829E-01	     36	     82	     46	  1.866510E-01	  2.254963E-01	  3.461061E-08	  5.939934E-05	  8.057942E-05	  5.706367E-06	  0.000000E+00	  1.371090E-04	     14	     83	  8.4270778E-01	     83
 8.06000000E+03	 -3.300000E-02	  4.365339E-02	  0.000000E+00	 -8.461731E-03	 -2.542694E-03	  7.999210E-05	  8.393399E-04	  5.006688E-03	  5.622702E-06	     83	  5.807586E-01	  1.955078E-02	  4.192414E-01	  2.316294E-01	  7.730245E-03	  6.105357E-02	  2.926829E-01	     36	     82	     46	  1.866703E-01	  2.255162E-01	  3.510318E-08	  5.949293E-05	  8.074119E-05	  5.717545E-06	  0.000000E+00	  1.373760E-04	     14	     83	  8.4269407E-01	     83
 8.07000000E+03	 -3.305000E-02	  4.372196E-02	  0.000000E+00	 -8.465163E-03	 -2.542703E-03	  7.865882E-05	  9.814907E-04	  5.148231E-03	  2.025668E-06	     83	  5.807142E-01	  1.954949E-02	  4.192858E-01	  2.316031E-01	  7.732872E-03	  6.107988E-02	  2.926829E-01	     36	     82	     46	  1.866869E-01	  2.255334E-01	  3.580723E-08	  5.958233E-05	  8.091281E-05	  5.728923E-06	  0.000000E+00	  1.376491E-04	     14	     83	  8.4268229E-01	     83
 8.08000000E+03	 -3.310000E-02	  4.378989E-02	  0.000000E+00	 -8.466964E-03	 -2.542697E-03	  7.764623E-05	  9.054289E-04	  5.368275E-03	  1.144477E-06	     83	  5.806715E-01	  1.954856E-02	  4.193285E-01	  2.315773E-01	  7.735309E-03	  6.110561E-02	  2.926829E-01	     36	     82	     46	  1.867027E-01	  2.255498E-01	  3.669409E-08	  5.966899E-05	  8.108843E-05	  5.740561E-06	  0.000000E+00	  1.379239E-04	     14	     83	  8.4267101E-01	     83
 8.09000000E+03	 -3.315000E-02	  4.385635E-02	  0.000000E+00	 -8.468445E-03	 -2.542496E-03	  7.647074E-05	  8.528555E-04	  5.675201E-03	  5.769564E-05	     83	  5.806308E-01	  1.954638E-02	  4.193692E-01	  2.315516E-01	  7.736938E-03	  6.113130E-02	  2.926829E-01	     36	     82	     46	  1.867169E-01	  2.255644E-01	  3.787799E-08	  5.975873E-05	  8.126414E-05	  5.752520E-06	  0.000000E+00	  1.382025E-04	     13	     83	  8.4266094E-01	     83
 8.10000000E+03	 -3.320000E-02	  4.391836E-02	  0.000000E+00	 -8.472086E-03	 -2.542672E-03	  7.633794E-05	  8.635194E-04	  6.081479E-03	  1.936222E-06	     83	  5.805934E-01	  1.954354E-02	  4.194066E-01	  2.315270E-01	  7.738249E-03	  6.115596E-02	  2.926829E-01	     36	     82	     46	  1.867260E-01	  2.255738E-01	  3.955641E-08	  5.987115E-05	  8.142733E-05	  5.764909E-06	  0.000000E+00	  1.384921E-04	     14	     83	  8.4265446E-01	     83
 8.11000000E+03	 -3.325000E-02	  4.397898E-02	  0.000000E+00	 -8.477229E-03	 -2.542717E-03	  7.673349E-05	  8.851509E-04	  6.540897E-03	  6.359917E-06	     83	  5.805576E-01	  1.954047E-02	  4.194424E-01	  2.315020E-01	  7.739083E-03	  6.118094E-02	  2.926829E-01	     36	     82	     46	  1.867336E-01	  2.255816E-01	  4.231984E-08	  5.999257E-05	  8.158344E-05	  5.777988E-06	  0.000000E+00	  1.387855E-04	     13	     83	  8.4264911E-01	     83
 8.12000000E+03	 -3.330000E-02	  4.404211E-02	  0.000000E+00	 -8.482209E-03	 -2.542746E-03	  7.714717E-05	  9.577322E-04	  6.896494E-03	  2.420426E-06	     83	  5.805213E-01	  1.953636E-02	  4.194787E-01	  2.221494E-01	  1.291207E-02	  5.833838E-02	  2.804878E-01	     36	     82	     46	  1.867440E-01	  2.255924E-01	  4.654278E-08	  6.010737E-05	  8.173777E-05	  5.792179E-06	  0.000000E+00	  1.390729E-04	     14	     83	  8.4264174E-01	     83
 8.13000000E+03	 -3.335000E-02	  4.411170E-02	  0.000000E+00	 -8.484571E-03	 -2.542899E-03	  7.817912E-05	  9.779792E-04	  7.378955E-03	  5.704357E-05	     83	  5.804819E-01	  1.953199E-02	  4.195181E-01	  2.221234E-01	  1.291426E-02	  5.836437E-02	  2.804878E-01	     36	     82	     46	  1.867617E-01	  2.256107E-01	  5.209041E-08	  6.019942E-05	  8.189632E-05	  5.807932E-06	  0.000000E+00	  1.393447E-04	     13	     83	  8.4262916E-01	     83
 8.14000000E+03	 -3.340000E-02	  4.419124E-02	  0.000000E+00	 -8.482183E-03	 -2.542853E-03	  7.928589E-05	  9.893225E-04	  7.985983E-03	  3.526997E-05	     83	  5.804376E-01	  1.952781E-02	  4.195624E-01	  2.220961E-01	  1.291817E-02	  5.839175E-02	  2.804878E-01	     36	     82	     46	  1.867907E-01	  2.256406E-01	  5.892399E-08	  6.025737E-05	  8.206137E-05	  5.825640E-06	  0.000000E+00	  1.395922E-04	     13	     83	  8.4260856E-01	     83
 8.15000000E+03	 -3.345000E-02	  4.428046E-02	  0.000000E+00	 -8.475422E-03	 -2.542921E-03	  7.968396E-05	  1.152019E-03	  8.675330E-03	  1.167384E-04	     82	  5.811814E-01	  1.359563E-02	  4.188186E-01	  2.248084E-01	  1.308362E-02	  5.914217E-02	  2.839506E-01	     35	     81	     46	  1.868307E-01	  2.256819E-01	  6.735360E-08	  6.028339E-05	  8.223034E-05	  5.845748E-06	  0.000000E+00	  1.398156E-04	     12	     82	  8.4258015E-01	     82
 8.16000000E+03	 -3.350000E-02	  4.438002E-02	  0.000000E+00	 -8.466991E-03	 -2.542697E-03	  7.727790E-05	  1.226919E-03	  9.395996E-03	  2.027665E-05	     82	  5.811317E-01	  1.359113E-02	  4.188683E-01	  2.247768E-01	  1.309088E-02	  5.917386E-02	  2.839506E-01	     35	     81	     46	  1.868825E-01	  2.257354E-01	  7.746508E-08	  6.027249E-05	  8.240588E-05	  5.868828E-06	  0.000000E+00	  1.400132E-04	     12	     82	  8.4254342E-01	     82
 8.17000000E+03	 -3.355000E-02	  4.448693E-02	  0.000000E+00	 -8.457111E-03	 -2.542678E-03	  7.412202E-05	  1.157876E-03	  1.001837E-02	  1.698830E-05	     82	  5.810793E-01	  1.358647E-02	  4.189207E-01	  2.247425E-01	  1.309859E-02	  5.920813E-02	  2.839506E-01	     35	     81	     46	  1.869425E-01	  2.257974E-01	  8.886294E-08	  6.023571E-05	  8.258416E-05	  5.895287E-06	  0.000000E+00	  1.401924E-04	     12	     82	  8.4250076E-01	     82
 8.18000000E+03	 -3.360000E-02	  4.460188E-02	  0.000000E+00	 -8.443761E-03	 -2.542765E-03	  7.308609E-05	  1.166233E-03	  1.048274E-02	  7.766035E-05	     82	  5.810253E-01	  1.358087E-02	  4.189747E-01	  2.247057E-01	  1.310575E-02	  5.924497E-02	  2.839506E-01	     35	     81	     46	  1.870118E-01	  2.258689E-01	  1.010986E-07	  6.016188E-05	  8.277463E-05	  5.925466E-06	  0.000000E+00	  1.403513E-04	     14	     82	  8.4245164E-01	     82
 8.19000000E+03	 -3.365000E-02	  4.472043E-02	  0.000000E+00	 -8.429604E-03	 -2.543312E-03	  7.409388E-05	  1.278350E-03	  1.071187E-02	  4.629272E-05	     82	  5.809711E-01	  1.357303E-02	  4.190289E-01	  2.246668E-01	  1.311226E-02	  5.928382E-02	  2.839506E-01	     35	     81	     46	  1.870850E-01	  2.259446E-01	  1.135470E-07	  6.007035E-05	  8.296930E-05	  5.959525E-06	  0.000000E+00	  1.405007E-04	     14	     82	  8.4239963E-01	     82
 8.20000000E+03	 -3.370000E-02	  4.483886E-02	  0.000000E+00	 -8.413964E-03	 -2.542859E-03	  7.735877E-05	  1.415186E-03	  1.065404E-02	  1.854722E-05	     82	  5.809169E-01	  1.356382E-02	  4.190831E-01	  2.246260E-01	  1.311822E-02	  5.932457E-02	  2.839506E-01	     35	     81	     46	  1.871582E-01	  2.260201E-01	  1.251527E-07	  5.997536E-05	  8.316394E-05	  5.997396E-06	  0.000000E+00	  1.406497E-04	     15	     82	  8.4234772E-01	     82
 8.21000000E+03	 -3.375000E-02	  4.495668E-02	  0.000000E+00	 -8.397892E-03	 -2.542768E-03	  8.097777E-05	  1.417144E-03	  1.071208E-02	  7.028163E-06	     82	  5.808623E-01	  1.355325E-02	  4.191377E-01	  2.245840E-01	  1.312398E-02	  5.936666E-02	  2.839506E-01	     35	     81	     46	  1.872306E-01	  2.260950E-01	  1.357599E-07	  5.987206E-05	  8.336511E-05	  6.038779E-06	  0.000000E+00	  1.407993E-04	     16	     82	  8.4229633E-01	     82
 8.22000000E+03	 -3.380000E-02	  4.508294E-02	  0.000000E+00	 -8.380850E-03	 -2.542769E-03	  8.314449E-05	  1.587670E-03	  1.082630E-02	  1.138617E-05	     81	  5.909594E-01	  1.681121E-02	  4.090406E-01	  2.302243E-01	  1.346396E-02	  6.091498E-02	  2.911392E-01	     33	     79	     46	  1.873126E-01	  2.261796E-01	  1.455839E-07	  5.971921E-05	  8.359182E-05	  6.083389E-06	  0.000000E+00	  1.409275E-04	     15	     81	  8.4223815E-01	     81
 8.23000000E+03	 -3.385000E-02	  4.521628E-02	  0.000000E+00	 -8.361931E-03	 -2.543168E-03	  8.334577E-05	  1.735359E-03	  1.123774E-02	  8.521178E-05	     80	  5.984731E-01	  1.712661E-02	  4.015269E-01	  2.331271E-01	  1.364602E-02	  6.174470E-02	  2.948718E-01	     32	     78	     46	  1.874027E-01	  2.262726E-01	  1.551426E-07	  5.952060E-05	  8.384319E-05	  6.131103E-06	  0.000000E+00	  1.410374E-04	     14	     80	  8.4217429E-01	     80
 8.24000000E+03	 -3.390000E-02	  4.536121E-02	  0.000000E+00	 -8.342625E-03	 -2.541600E-03	  8.472886E-05	  1.938206E-03	  1.143302E-02	  2.450176E-05	     79	  5.984073E-01	  1.711539E-02	  4.015927E-01	  2.269791E-01	  7.254459E-03	  5.507215E-02	  2.820513E-01	     32	     78	     46	  1.875059E-01	  2.263792E-01	  1.644432E-07	  5.928194E-05	  8.410241E-05	  6.181914E-06	  0.000000E+00	  1.411179E-04	     12	     79	  8.4210111E-01	     79
 8.25000000E+03	 -3.395000E-02	  4.551134E-02	  0.000000E+00	 -8.316526E-03	 -2.543149E-03	  8.854778E-05	  2.040691E-03	  1.146459E-02	  1.130939E-04	     79	  5.983387E-01	  1.710493E-02	  4.016613E-01	  2.269291E-01	  7.265982E-03	  5.512223E-02	  2.820513E-01	     32	     78	     46	  1.876149E-01	  2.264918E-01	  1.732698E-07	  5.901617E-05	  8.437224E-05	  6.235796E-06	  0.000000E+00	  1.411845E-04	     12	     79	  8.4202377E-01	     79
 8.26000000E+03	 -3.400000E-02	  4.567730E-02	  0.000000E+00	 -8.282757E-03	 -2.542681E-03	  9.325852E-05	  2.012757E-03	  1.147143E-02	  6.681675E-06	     80	  5.982643E-01	  1.709346E-02	  4.017357E-01	  2.268770E-01	  7.278253E-03	  5.517430E-02	  2.820513E-01	     32	     78	     46	  1.877420E-01	  2.266230E-01	  1.809421E-07	  5.869314E-05	  8.465738E-05	  6.292415E-06	  0.000000E+00	  1.412108E-04	     14	     80	  8.4193371E-01	     80
 8.27000000E+03	 -3.405000E-02	  4.584363E-02	  0.000000E+00	 -8.245274E-03	 -2.542699E-03	  1.002327E-04	  2.020712E-03	  1.126455E-02	  7.706430E-06	     79	  5.981897E-01	  1.707990E-02	  4.018103E-01	  2.268238E-01	  7.290288E-03	  5.522747E-02	  2.820513E-01	     32	     78	     46	  1.878694E-01	  2.267546E-01	  1.868895E-07	  5.836764E-05	  8.494170E-05	  6.351323E-06	  0.000000E+00	  1.412343E-04	     13	     79	  8.4184338E-01	     79
 8.28000000E+03	 -3.410000E-02	  4.602027E-02	  0.000000E+00	 -8.214476E-03	 -2.538537E-03	  1.096510E-04	  2.402067E-03	  1.138427E-02	  1.615184E-04	     80	  6.028034E-01	  1.463766E-02	  3.971966E-01	  2.299252E-01	  1.353111E-02	  6.121404E-02	  2.911392E-01	     33	     79	     46	  1.880085E-01	  2.268983E-01	  1.895043E-07	  5.800926E-05	  8.523359E-05	  6.411718E-06	  0.000000E+00	  1.412308E-04	     14	     80	  8.4174478E-01	     80
 8.29000000E+03	 -3.415000E-02	  4.619200E-02	  0.000000E+00	 -8.193222E-03	 -2.542702E-03	  1.256278E-04	  3.483871E-03	  1.140865E-02	  7.894694E-06	     80	  6.027362E-01	  1.462239E-02	  3.972638E-01	  2.298754E-01	  1.353956E-02	  6.126382E-02	  2.911392E-01	     33	     79	     46	  1.881421E-01	  2.270362E-01	  1.815344E-07	  5.768439E-05	  8.551462E-05	  6.470837E-06	  0.000000E+00	  1.412382E-04	     13	     80	  8.4165019E-01	     80
 8.30000000E+03	 -3.420000E-02	  4.636321E-02	  0.000000E+00	 -8.175243E-03	 -2.542752E-03	  1.398999E-04	  3.238795E-03	  1.136166E-02	  2.846293E-06	     80	  6.026710E-01	  1.460272E-02	  3.973290E-01	  2.298274E-01	  1.354550E-02	  6.131184E-02	  2.911392E-01	     33	     79	     46	  1.882750E-01	  2.271735E-01	  1.671280E-07	  5.736721E-05	  8.579841E-05	  6.526041E-06	  0.000000E+00	  1.412459E-04	     13	     80	  8.4155604E-01	     80
 8.31000000E+03	 -3.425000E-02	  4.653237E-02	  0.000000E+00	 -8.165260E-03	 -2.542539E-03	  1.575651E-04	  3.173970E-03	  1.117947E-02	  4.075943E-05	     80	  6.026086E-01	  1.458074E-02	  3.973914E-01	  2.237426E-01	  7.227591E-03	  5.473840E-02	  2.784810E-01	     33	     79	     46	  1.884056E-01	  2.273084E-01	  1.503110E-07	  5.704307E-05	  8.610098E-05	  6.576153E-06	  0.000000E+00	  1.412579E-04	     13	     80	  8.4146357E-01	     80
 8.32000000E+03	 -3.430000E-02	  4.668725E-02	  0.000000E+00	 -8.159727E-03	 -2.542942E-03	  1.763059E-04	  3.154540E-03	  9.992664E-03	  1.734195E-05	     80	  6.025509E-01	  1.455675E-02	  3.974491E-01	  2.236915E-01	  7.231700E-03	  5.478954E-02	  2.784810E-01	     33	     79	     46	  1.885199E-01	  2.274264E-01	  1.328494E-07	  5.673544E-05	  8.642787E-05	  6.621040E-06	  0.000000E+00	  1.413048E-04	     13	     80	  8.4138262E-01	     80
 8.33000000E+03	 -3.435000E-02	  4.683560E-02	  0.000000E+00	 -8.152985E-03	 -2.542592E-03	  1.939637E-04	  2.892717E-03	  9.457479E-03	  2.676178E-05	     80	  6.024900E-01	  1.453605E-02	  3.975100E-01	  2.236417E-01	  7.239126E-03	  5.483935E-02	  2.784810E-01	     33	     79	     46	  1.886268E-01	  2.275369E-01	  1.145925E-07	  5.643497E-05	  8.676968E-05	  6.660320E-06	  0.000000E+00	  1.413675E-04	     13	     80	  8.4130694E-01	     80
 8.34000000E+03	 -3.440000E-02	  4.696699E-02	  0.000000E+00	 -8.142841E-03	 -2.542521E-03	  2.062682E-04	  2.742849E-03	  1.014685E-02	  1.094829E-05	     80	  6.024290E-01	  1.452236E-02	  3.975710E-01	  2.235946E-01	  7.251236E-03	  5.488640E-02	  2.784810E-01	     33	     79	     46	  1.887145E-01	  2.276274E-01	  9.883831E-08	  5.616454E-05	  8.712559E-05	  6.694285E-06	  0.000000E+00	  1.414714E-04	     13	     80	  8.4124492E-01	     80
 8.35000000E+03	 -3.445000E-02	  4.709096E-02	  0.000000E+00	 -8.132419E-03	 -2.542498E-03	  2.164447E-04	  2.659864E-03	  1.077012E-02	  1.779560E-05	     82	  5.963326E-01	  1.027828E-02	  4.036674E-01	  2.207560E-01	  7.176905E-03	  5.424405E-02	  2.750000E-01	     34	     80	     46	  1.887937E-01	  2.277091E-01	  8.800652E-08	  5.590214E-05	  8.749037E-05	  6.724239E-06	  0.000000E+00	  1.415931E-04	     13	     82	  8.4118888E-01	     82
 8.36000000E+03	 -3.450000E-02	  4.720237E-02	  0.000000E+00	 -8.119933E-03	 -2.542678E-03	  2.268579E-04	  2.518600E-03	  9.582863E-03	  2.250201E-05	     80	  5.962734E-01	  1.027485E-02	  4.037266E-01	  2.207157E-01	  7.193641E-03	  5.428428E-02	  2.750000E-01	     34	     80	     46	  1.888586E-01	  2.277762E-01	  7.848907E-08	  5.568174E-05	  8.784533E-05	  6.751025E-06	  0.000000E+00	  1.417450E-04	      9	     80	  8.4114294E-01	     80
 8.37000000E+03	 -3.455000E-02	  4.730155E-02	  0.000000E+00	 -8.110488E-03	 -2.543110E-03	  2.336539E-04	  2.322310E-03	  8.770697E-03	  3.171787E-04	     81	  5.962188E-01	  1.027277E-02	  4.037812E-01	  2.206794E-01	  7.207013E-03	  5.432062E-02	  2.750000E-01	     34	     80	     46	  1.889096E-01	  2.278289E-01	  6.886301E-08	  5.551364E-05	  8.818064E-05	  6.774756E-06	  0.000000E+00	  1.419265E-04	     10	     81	  8.4110685E-01	     81
 8.38000000E+03	 -3.460000E-02	  4.740262E-02	  0.000000E+00	 -8.103399E-03	 -2.542498E-03	  2.399583E-04	  2.471097E-03	  8.609845E-03	  4.225830E-05	     82	  5.961667E-01	  1.027021E-02	  4.038333E-01	  2.206443E-01	  7.215303E-03	  5.435566E-02	  2.750000E-01	     34	     80	     46	  1.889628E-01	  2.278838E-01	  6.044328E-08	  5.536255E-05	  8.849565E-05	  6.795559E-06	  0.000000E+00	  1.421029E-04	     10	     82	  8.4106924E-01	     82
 8.39000000E+03	 -3.465000E-02	  4.749655E-02	  0.000000E+00	 -8.099633E-03	 -2.542633E-03	  2.509736E-04	  2.074860E-03	  8.512066E-03	  6.511645E-06	     82	  5.961201E-01	  1.026264E-02	  4.038799E-01	  2.206131E-01	  7.218185E-03	  5.438689E-02	  2.750000E-01	     34	     80	     46	  1.890078E-01	  2.279303E-01	  5.412700E-08	  5.526966E-05	  8.876996E-05	  6.814050E-06	  0.000000E+00	  1.422967E-04	     10	     82	  8.4103738E-01	     82
 8.40000000E+03	 -3.470000E-02	  4.758548E-02	  0.000000E+00	 -8.100567E-03	 -2.542702E-03	  2.624586E-04	  1.815540E-03	  8.209987E-03	  7.435502E-06	     82	  5.960774E-01	  1.025511E-02	  4.039226E-01	  2.205845E-01	  7.218247E-03	  5.441549E-02	  2.750000E-01	     34	     80	     46	  1.890471E-01	  2.279709E-01	  4.877866E-08	  5.524486E-05	  8.898946E-05	  6.830587E-06	  0.000000E+00	  1.425026E-04	     11	     82	  8.4100955E-01	     82
 8.41000000E+03	 -3.475000E-02	  4.767237E-02	  0.000000E+00	 -8.104623E-03	 -2.542790E-03	  2.708165E-04	  1.833700E-03	  7.638281E-03	  1.139814E-05	     81	  5.960381E-01	  1.025015E-02	  4.039619E-01	  2.091192E-01	  3.735098E-03	  5.338080E-02	  2.625000E-01	     34	     80	     46	  1.890842E-01	  2.280092E-01	  4.445352E-08	  5.527124E-05	  8.916356E-05	  6.845523E-06	  0.000000E+00	  1.427138E-04	     10	     81	  8.4098336E-01	     81
 8.42000000E+03	 -3.480000E-02	  4.776078E-02	  0.000000E+00	 -8.110550E-03	 -2.542668E-03	  2.774177E-04	  1.681151E-03	  6.303282E-03	  7.573756E-07	     81	  5.959996E-01	  1.024865E-02	  4.040004E-01	  2.090964E-01	  3.731516E-03	  5.340359E-02	  2.625000E-01	     34	     80	     46	  1.891229E-01	  2.280492E-01	  4.068114E-08	  5.532604E-05	  8.930652E-05	  6.859178E-06	  0.000000E+00	  1.429215E-04	     10	     81	  8.4095595E-01	     81
 8.43000000E+03	 -3.485000E-02	  4.785049E-02	  0.000000E+00	 -8.115203E-03	 -2.542837E-03	  2.847785E-04	  1.473077E-03	  5.722073E-03	  1.698580E-05	     81	  5.959599E-01	  1.024931E-02	  4.040401E-01	  2.090741E-01	  3.727290E-03	  5.342591E-02	  2.625000E-01	     34	     80	     46	  1.891631E-01	  2.280907E-01	  3.654370E-08	  5.539288E-05	  8.943624E-05	  6.871553E-06	  0.000000E+00	  1.431264E-04	     10	     81	  8.4092752E-01	     81
 8.44000000E+03	 -3.490000E-02	  4.794890E-02	  0.000000E+00	 -8.118916E-03	 -2.542530E-03	  2.916431E-04	  1.487415E-03	  6.513493E-03	  1.760240E-05	     81	  5.959184E-01	  1.024950E-02	  4.040816E-01	  2.090505E-01	  3.721862E-03	  5.344947E-02	  2.625000E-01	     34	     80	     46	  1.892132E-01	  2.281424E-01	  3.309700E-08	  5.543512E-05	  8.957004E-05	  6.882691E-06	  0.000000E+00	  1.433101E-04	     10	     81	  8.4089212E-01	     81
 8.45000000E+03	 -3.495000E-02	  4.805190E-02	  0.000000E+00	 -8.121270E-03	 -2.542698E-03	  3.002716E-04	  1.469160E-03	  6.676973E-03	  1.889614E-05	     80	  5.958758E-01	  1.024645E-02	  4.041242E-01	  2.090262E-01	  3.715390E-03	  5.347376E-02	  2.625000E-01	     34	     80	     46	  1.892685E-01	  2.281995E-01	  3.125672E-08	  5.546444E-05	  8.970490E-05	  6.893066E-06	  0.000000E+00	  1.434829E-04	      9	     80	  8.4085304E-01	     80
 8.46000000E+03	 -3.500000E-02	  4.816178E-02	  0.000000E+00	 -8.124111E-03	 -2.542716E-03	  3.093490E-04	  1.308427E-03	  5.782065E-03	  3.435566E-06	     80	  5.958308E-01	  1.024236E-02	  4.041692E-01	  2.090006E-01	  3.710231E-03	  5.349935E-02	  2.625000E-01	     34	     80	     46	  1.893315E-01	  2.282646E-01	  2.974200E-08	  5.547796E-05	  8.983902E-05	  6.902946E-06	  0.000000E+00	  1.436389E-04	      9	     80	  8.4080845E-01	     80
 8.47000000E+03	 -3.505000E-02	  4.827681E-02	  0.000000E+00	 -8.128624E-03	 -2.542738E-03	  3.161445E-04	  1.287150E-03	  5.058868E-03	  1.740560E-05	     80	  5.957839E-01	  1.023816E-02	  4.042161E-01	  2.089756E-01	  3.708313E-03	  5.352438E-02	  2.625000E-01	     34	     80	     46	  1.894004E-01	  2.283358E-01	  2.775285E-08	  5.548100E-05	  8.997230E-05	  6.912245E-06	  0.000000E+00	  1.437826E-04	      9	     80	  8.4075976E-01	     80
 8.48000000E+03	 -3.510000E-02	  4.839594E-02	  0.000000E+00	 -8.133999E-03	 -2.542705E-03	  3.222900E-04	  1.363139E-03	  5.122290E-03	  7.198454E-06	     81	  5.957349E-01	  1.023471E-02	  4.042651E-01	  2.089515E-01	  3.710683E-03	  5.354847E-02	  2.625000E-01	     34	     80	     46	  1.894739E-01	  2.284117E-01	  2.603271E-08	  5.547811E-05	  9.010209E-05	  6.920949E-06	  0.000000E+00	  1.439165E-04	      9	     81	  8.4070778E-01	     81
 8.49000000E+03	 -3.515000E-02	  4.851309E-02	  0.000000E+00	 -8.139531E-03	 -2.542645E-03	  3.265109E-04	  1.235111E-03	  5.204362E-03	  9.783869E-06	     81	  5.956863E-01	  1.023279E-02	  4.043137E-01	  2.089306E-01	  3.715393E-03	  5.356936E-02	  2.625000E-01	     34	     80	     46	  1.895452E-01	  2.284853E-01	  2.507680E-08	  5.549146E-05	  9.022050E-05	  6.929261E-06	  0.000000E+00	  1.440556E-04	     10	     81	  8.4065740E-01	     81
 8.50000000E+03	 -3.520000E-02	  4.862730E-02	  0.000000E+00	 -8.144225E-03	 -2.542477E-03	  3.306110E-04	  1.092438E-03	  4.862855E-03	  2.137185E-04	     81	  5.956399E-01	  1.023265E-02	  4.043601E-01	  2.089128E-01	  3.720549E-03	  5.358724E-02	  2.625000E-01	     34	     80	     46	  1.896131E-01	  2.285555E-01	  2.442453E-08	  5.552427E-05	  9.032697E-05	  6.937332E-06	  0.000000E+00	  1.442023E-04	      9	     81	  8.4060941E-01	     81
 8.51000000E+03	 -3.525000E-02	  4.873056E-02	  0.000000E+00	 -8.150092E-03	 -2.543349E-03	  3.346257E-04	  9.294329E-04	  4.668746E-03	  2.353451E-05	     81	  5.955958E-01	  1.023298E-02	  4.044042E-01	  2.088968E-01	  3.724970E-03	  5.360322E-02	  2.625000E-01	     34	     80	     46	  1.896686E-01	  2.286128E-01	  2.365387E-08	  5.559142E-05	  9.042666E-05	  6.945158E-06	  0.000000E+00	  1.443762E-04	     10	     81	  8.4057020E-01	     81
 8.52000000E+03	 -3.530000E-02	  4.882951E-02	  0.000000E+00	 -8.157901E-03	 -2.542609E-03	  3.390565E-04	  8.241048E-04	  4.749554E-03	  1.662537E-05	     81	  5.955535E-01	  1.023286E-02	  4.044465E-01	  2.088813E-01	  3.728240E-03	  5.361874E-02	  2.625000E-01	     34	     80	     46	  1.897192E-01	  2.286650E-01	  2.301360E-08	  5.566922E-05	  9.052679E-05	  6.952705E-06	  0.000000E+00	  1.445611E-04	     10	     81	  8.4053446E-01	     81
 8.53000000E+03	 -3.535000E-02	  4.892088E-02	  0.000000E+00	 -8.166878E-03	 -2.542691E-03	  3.440405E-04	  8.215743E-04	  4.935847E-03	  3.609671E-06	     81	  5.955128E-01	  1.023196E-02	  4.044872E-01	  2.088658E-01	  3.729913E-03	  5.363424E-02	  2.625000E-01	     34	     80	     46	  1.897612E-01	  2.287083E-01	  2.306345E-08	  5.576252E-05	  9.063000E-05	  6.960113E-06	  0.000000E+00	  1.447650E-04	     10	     81	  8.4050481E-01	     81
 8.54000000E+03	 -3.540000E-02	  4.900777E-02	  0.000000E+00	 -8.176866E-03	 -2.542821E-03	  3.492612E-04	  8.447326E-04	  5.112054E-03	  1.282241E-05	     81	  5.954721E-01	  1.022993E-02	  4.045279E-01	  2.088492E-01	  3.730159E-03	  5.365077E-02	  2.625000E-01	     34	     80	     46	  1.897981E-01	  2.287464E-01	  2.396183E-08	  5.585986E-05	  9.073969E-05	  6.967654E-06	  0.000000E+00	  1.449805E-04	     10	     81	  8.4047875E-01	     81
 8.55000000E+03	 -3.545000E-02	  4.909094E-02	  0.000000E+00	 -8.188420E-03	 -2.542661E-03	  3.558358E-04	  8.602655E-04	  5.177602E-03	  6.777707E-06	     81	  5.954312E-01	  1.022661E-02	  4.045688E-01	  2.088313E-01	  3.728789E-03	  5.366866E-02	  2.625000E-01	     34	     80	     46	  1.898307E-01	  2.287802E-01	  2.540106E-08	  5.595720E-05	  9.085823E-05	  6.975574E-06	  0.000000E+00	  1.452057E-04	     10	     81	  8.4045568E-01	     81
 8.56000000E+03	 -3.550000E-02	  4.917094E-02	  0.000000E+00	 -8.200084E-03	 -2.542696E-03	  3.613033E-04	  8.706693E-04	  5.335229E-03	  1.599891E-06	     81	  5.953900E-01	  1.022236E-02	  4.046100E-01	  2.060137E-01	  8.936062E-03	  4.398629E-02	  2.500000E-01	     34	     80	     46	  1.898598E-01	  2.288102E-01	  2.712907E-08	  5.605313E-05	  9.098582E-05	  6.984006E-06	  0.000000E+00	  1.454394E-04	     10	     81	  8.4043517E-01	     81
 8.57000000E+03	 -3.555000E-02	  4.925047E-02	  0.000000E+00	 -8.210578E-03	 -2.542680E-03	  3.658712E-04	  8.369070E-04	  5.416978E-03	  6.660334E-06	     81	  5.953479E-01	  1.021768E-02	  4.046521E-01	  2.059935E-01	  8.931913E-03	  4.400653E-02	  2.500000E-01	     34	     80	     46	  1.898883E-01	  2.288396E-01	  2.893016E-08	  5.614373E-05	  9.111989E-05	  6.992997E-06	  0.000000E+00	  1.456748E-04	     10	     81	  8.4041503E-01	     81
 8.58000000E+03	 -3.560000E-02	  4.933138E-02	  0.000000E+00	 -8.218549E-03	 -2.542722E-03	  3.702343E-04	  8.536695E-04	  5.223910E-03	  2.910832E-06	     81	  5.953047E-01	  1.021288E-02	  4.046953E-01	  2.059729E-01	  8.927529E-03	  4.402709E-02	  2.500000E-01	     34	     80	     46	  1.899183E-01	  2.288706E-01	  3.043943E-08	  5.622984E-05	  9.125534E-05	  7.002511E-06	  0.000000E+00	  1.459074E-04	     10	     81	  8.4039380E-01	     81
 8.59000000E+03	 -3.565000E-02	  4.941162E-02	  0.000000E+00	 -8.224256E-03	 -2.545558E-03	  3.735818E-04	  8.795132E-04	  4.873798E-03	  2.462730E-05	     80	  6.027499E-01	  1.109543E-02	  3.972501E-01	  2.085595E-01	  9.036593E-03	  4.460503E-02	  2.531646E-01	     33	     79	     46	  1.899476E-01	  2.289009E-01	  3.135130E-08	  5.631451E-05	  9.139448E-05	  7.012424E-06	  0.000000E+00	  1.461420E-04	      9	     80	  8.4037312E-01	     80
 8.60000000E+03	 -3.570000E-02	  4.950612E-02	  0.000000E+00	 -8.228032E-03	 -2.542699E-03	  3.769495E-04	  9.000910E-04	  4.496233E-03	  2.912640E-06	     80	  6.027004E-01	  1.109153E-02	  3.972996E-01	  2.085379E-01	  9.033285E-03	  4.462661E-02	  2.531646E-01	     33	     79	     46	  1.899931E-01	  2.289478E-01	  3.135023E-08	  5.636066E-05	  9.153815E-05	  7.022491E-06	  0.000000E+00	  1.463419E-04	      9	     80	  8.4034101E-01	     80
 8.61000000E+03	 -3.575000E-02	  4.959908E-02	  0.000000E+00	 -8.232006E-03	 -2.542753E-03	  3.804307E-04	  8.885079E-04	  4.333150E-03	  9.628185E-06	     80	  6.026507E-01	  1.108771E-02	  3.973493E-01	  2.085160E-01	  9.030642E-03	  4.464858E-02	  2.531646E-01	     33	     79	     46	  1.900368E-01	  2.289930E-01	  3.069480E-08	  5.640429E-05	  9.168918E-05	  7.032455E-06	  0.000000E+00	  1.465458E-04	     10	     80	  8.4031016E-01	     80
 8.62000000E+03	 -3.580000E-02	  4.969488E-02	  0.000000E+00	 -8.235615E-03	 -2.542935E-03	  3.826314E-04	  8.768356E-04	  4.336016E-03	  2.468228E-04	     80	  6.026004E-01	  1.108388E-02	  3.973996E-01	  2.084945E-01	  9.028657E-03	  4.467006E-02	  2.531646E-01	     33	     79	     46	  1.900837E-01	  2.290414E-01	  2.992693E-08	  5.643937E-05	  9.184239E-05	  7.042199E-06	  0.000000E+00	  1.467431E-04	     10	     80	  8.4027704E-01	     80
 8.63000000E+03	 -3.585000E-02	  4.979434E-02	  0.000000E+00	 -8.237941E-03	 -2.542616E-03	  3.841197E-04	  8.655479E-04	  4.416151E-03	  6.646239E-04	     80	  6.025502E-01	  1.108121E-02	  3.974498E-01	  2.084740E-01	  9.027620E-03	  4.469051E-02	  2.531646E-01	     33	     79	     46	  1.901347E-01	  2.290941E-01	  2.927698E-08	  5.646727E-05	  9.199405E-05	  7.051736E-06	  0.000000E+00	  1.469316E-04	      9	     80	  8.4024100E-01	     80
 8.64000000E+03	 -3.590000E-02	  4.989552E-02	  0.000000E+00	 -8.239945E-03	 -2.542700E-03	  3.851491E-04	  8.890289E-04	  4.560834E-03	  3.321320E-06	     80	  6.025003E-01	  1.108004E-02	  3.974997E-01	  2.084546E-01	  9.027854E-03	  4.470993E-02	  2.531646E-01	     33	     79	     46	  1.901877E-01	  2.291488E-01	  2.908096E-08	  5.649394E-05	  9.214258E-05	  7.061160E-06	  0.000000E+00	  1.471160E-04	      9	     80	  8.4020360E-01	     80
 8.65000000E+03	 -3.595000E-02	  4.999827E-02	  0.000000E+00	 -8.241009E-03	 -2.542666E-03	  3.855948E-04	  8.884368E-04	  4.704481E-03	  5.593333E-06	     80	  6.024505E-01	  1.108013E-02	  3.975495E-01	  2.084360E-01	  9.029083E-03	  4.472853E-02	  2.531646E-01	     33	     79	     46	  1.902425E-01	  2.292054E-01	  2.932989E-08	  5.652165E-05	  9.228593E-05	  7.070608E-06	  0.000000E+00	  1.472967E-04	      9	     80	  8.4016495E-01	     80
 8.66000000E+03	 -3.600000E-02	  5.010070E-02	  0.000000E+00	 -8.241865E-03	 -2.542706E-03	  3.846556E-04	  9.142458E-04	  4.724043E-03	  2.892363E-06	     80	  6.024012E-01	  1.108151E-02	  3.975988E-01	  2.084178E-01	  9.031062E-03	  4.474679E-02	  2.531646E-01	     33	     79	     46	  1.902968E-01	  2.292615E-01	  2.985680E-08	  5.655418E-05	  9.242488E-05	  7.080210E-06	  0.000000E+00	  1.474783E-04	     10	     80	  8.4012657E-01	     80
 8.67000000E+03	 -3.605000E-02	  5.020363E-02	  0.000000E+00	 -8.243155E-03	 -2.542651E-03	  3.822729E-04	  8.917409E-04	  4.662936E-03	  6.535196E-06	     80	  6.023523E-01	  1.108356E-02	  3.976477E-01	  2.083991E-01	  9.033145E-03	  4.476544E-02	  2.531646E-01	     33	     79	     46	  1.903518E-01	  2.293183E-01	  3.046063E-08	  5.659173E-05	  9.255745E-05	  7.090006E-06	  0.000000E+00	  1.476588E-04	     10	     80	  8.4008781E-01	     80
 8.68000000E+03	 -3.610000E-02	  5.030832E-02	  0.000000E+00	 -8.244611E-03	 -2.542660E-03	  3.799443E-04	  8.486448E-04	  4.581590E-03	  3.432125E-07	     80	  6.023032E-01	  1.108572E-02	  3.976968E-01	  2.083801E-01	  9.035231E-03	  4.478443E-02	  2.531646E-01	     33	     79	     46	  1.904087E-01	  2.293770E-01	  3.092157E-08	  5.663126E-05	  9.268381E-05	  7.099972E-06	  0.000000E+00	  1.478351E-04	     10	     80	  8.4004764E-01	     80
 8.69000000E+03	 -3.615000E-02	  5.041368E-02	  0.000000E+00	 -8.246370E-03	 -2.542727E-03	  3.774041E-04	  8.559054E-04	  4.549250E-03	  2.173539E-06	     80	  6.022545E-01	  1.108732E-02	  3.977455E-01	  2.083609E-01	  9.036820E-03	  4.480361E-02	  2.531646E-01	     33	     79	     46	  1.904663E-01	  2.294366E-01	  3.118970E-08	  5.667821E-05	  9.280135E-05	  7.110041E-06	  0.000000E+00	  1.480100E-04	     10	     80	  8.4000695E-01	     80
 8.70000000E+03	 -3.620000E-02	  5.052045E-02	  0.000000E+00	 -8.248710E-03	 -2.542726E-03	  3.752708E-04	  8.442586E-04	  4.660313E-03	  1.028733E-05	     80	  6.022058E-01	  1.108801E-02	  3.977942E-01	  2.083416E-01	  9.037693E-03	  4.482298E-02	  2.531646E-01	     33	     79	     46	  1.905256E-01	  2.294978E-01	  3.136792E-08	  5.672788E-05	  9.291290E-05	  7.120163E-06	  0.000000E+00	  1.481815E-04	     10	     80	  8.3996516E-01	     80
 8.71000000E+03	 -3.625000E-02	  5.062816E-02	  0.000000E+00	 -8.252017E-03	 -2.542653E-03	  3.737408E-04	  8.443892E-04	  4.810976E-03	  1.744785E-06	     80	  6.021575E-01	  1.108790E-02	  3.978425E-01	  2.083222E-01	  9.037876E-03	  4.484236E-02	  2.531646E-01	     33	     79	     46	  1.905859E-01	  2.295600E-01	  3.167273E-08	  5.677933E-05	  9.302038E-05	  7.130349E-06	  0.000000E+00	  1.483509E-04	     10	     80	  8.3992261E-01	     80
 8.72000000E+03	 -3.630000E-02	  5.073647E-02	  0.000000E+00	 -8.256175E-03	 -2.542697E-03	  3.727174E-04	  8.845902E-04	  4.844421E-03	  2.476227E-06	     79	  6.021093E-01	  1.108701E-02	  3.978907E-01	  2.083030E-01	  9.037580E-03	  4.486154E-02	  2.531646E-01	     33	     79	     46	  1.906468E-01	  2.296230E-01	  3.227697E-08	  5.683171E-05	  9.312529E-05	  7.140680E-06	  0.000000E+00	  1.485191E-04	      9	     79	  8.3987961E-01	     79
 8.73000000E+03	 -3.635000E-02	  5.084550E-02	  0.000000E+00	 -8.261088E-03	 -2.542714E-03	  3.719845E-04	  9.336610E-04	  4.801263E-03	  5.203258E-06	     79	  6.020611E-01	  1.108530E-02	  3.979389E-01	  2.082839E-01	  9.037098E-03	  4.488067E-02	  2.531646E-01	     33	     79	     46	  1.907086E-01	  2.296868E-01	  3.311028E-08	  5.688672E-05	  9.322561E-05	  7.151266E-06	  0.000000E+00	  1.486858E-04	      8	     79	  8.3983604E-01	     79
 8.74000000E+03	 -3.640000E-02	  5.095587E-02	  0.000000E+00	 -8.266657E-03	 -2.542721E-03	  3.711354E-04	  9.556386E-04	  4.747423E-03	  5.129765E-06	     80	  6.020127E-01	  1.108260E-02	  3.979873E-01	  2.082649E-01	  9.036506E-03	  4.489965E-02	  2.531646E-01	     33	     79	     46	  1.907719E-01	  2.297521E-01	  3.402518E-08	  5.694276E-05	  9.332156E-05	  7.162162E-06	  0.000000E+00	  1.488496E-04	      9	     80	  8.3979142E-01	     80
 8.75000000E+03	 -3.645000E-02	  5.107166E-02	  0.000000E+00	 -8.271772E-03	 -2.542725E-03	  3.697885E-04	  1.036108E-03	  4.650884E-03	  2.141850E-06	     81	  5.944410E-01	  1.075762E-02	  4.055590E-01	  2.180567E-01	  7.889836E-03	  4.444326E-02	  2.625000E-01	     34	     80	     46	  1.908413E-01	  2.298238E-01	  3.444695E-08	  5.699090E-05	  9.341270E-05	  7.173309E-06	  0.000000E+00	  1.490005E-04	     11	     81	  8.3974247E-01	     81
 8.76000000E+03	 -3.650000E-02	  5.118809E-02	  0.000000E+00	 -8.276939E-03	 -2.542670E-03	  3.681333E-04	  1.057296E-03	  4.486995E-03	  1.683935E-05	     81	  5.943918E-01	  1.075601E-02	  4.056082E-01	  2.276600E-01	  2.628806E-03	  4.733996E-02	  2.750000E-01	     34	     80	     46	  1.909114E-01	  2.298962E-01	  3.390154E-08	  5.703950E-05	  9.350316E-05	  7.184412E-06	  0.000000E+00	  1.491501E-04	     11	     81	  8.3969303E-01	     81
 8.77000000E+03	 -3.655000E-02	  5.130312E-02	  0.000000E+00	 -8.282278E-03	 -2.542092E-03	  3.669301E-04	  1.023869E-03	  4.337663E-03	  2.087715E-05	     81	  5.943435E-01	  1.075464E-02	  4.056565E-01	  2.400637E-01	  1.643734E-03	  4.743631E-02	  2.875000E-01	     34	     80	     46	  1.909799E-01	  2.299670E-01	  3.286358E-08	  5.709309E-05	  9.359316E-05	  7.195247E-06	  0.000000E+00	  1.493035E-04	     12	     81	  8.3964473E-01	     81
 8.78000000E+03	 -3.660000E-02	  5.140941E-02	  0.000000E+00	 -8.288257E-03	 -2.542728E-03	  3.667229E-04	  1.065173E-03	  4.151127E-03	  5.570106E-06	     80	  5.942967E-01	  1.075349E-02	  4.057033E-01	  2.276238E-01	  2.631856E-03	  4.737619E-02	  2.750000E-01	     34	     80	     46	  1.910385E-01	  2.300275E-01	  3.158440E-08	  5.715837E-05	  9.369385E-05	  7.205714E-06	  0.000000E+00	  1.494787E-04	     12	     80	  8.3960342E-01	     80
 8.79000000E+03	 -3.665000E-02	  5.151283E-02	  0.000000E+00	 -8.294831E-03	 -2.542304E-03	  3.695766E-04	  1.107592E-03	  4.008526E-03	  3.313746E-06	     80	  5.942513E-01	  1.075145E-02	  4.057487E-01	  2.276049E-01	  2.633478E-03	  4.739507E-02	  2.750000E-01	     34	     80	     46	  1.910938E-01	  2.300846E-01	  3.012060E-08	  5.722111E-05	  9.380507E-05	  7.215774E-06	  0.000000E+00	  1.496612E-04	     12	     80	  8.3956442E-01	     80
 8.80000000E+03	 -3.670000E-02	  5.160931E-02	  0.000000E+00	 -8.302654E-03	 -2.542647E-03	  3.722173E-04	  1.125062E-03	  4.218137E-03	  9.164739E-06	     81	  5.942084E-01	  1.074986E-02	  4.057916E-01	  2.400053E-01	  1.634405E-03	  4.749467E-02	  2.875000E-01	     34	     80	     46	  1.911413E-01	  2.301336E-01	  2.868337E-08	  5.730568E-05	  9.391231E-05	  7.225391E-06	  0.000000E+00	  1.498613E-04	     12	     81	  8.3953096E-01	     81
 8.81000000E+03	 -3.675000E-02	  5.170351E-02	  0.000000E+00	 -8.311234E-03	 -2.542708E-03	  3.721850E-04	  1.078512E-03	  4.558191E-03	  1.943214E-06	     80	  5.941681E-01	  1.074718E-02	  4.058319E-01	  2.275673E-01	  2.636975E-03	  4.743272E-02	  2.750000E-01	     34	     80	     46	  1.911862E-01	  2.301800E-01	  2.776003E-08	  5.740083E-05	  9.401490E-05	  7.234649E-06	  0.000000E+00	  1.500673E-04	     11	     80	  8.3949934E-01	     80
 8.82000000E+03	 -3.680000E-02	  5.179916E-02	  0.000000E+00	 -8.320703E-03	 -2.542692E-03	  3.718651E-04	  1.066741E-03	  4.847990E-03	  1.735502E-06	     81	  5.941297E-01	  1.074389E-02	  4.058703E-01	  2.399661E-01	  1.625326E-03	  4.753392E-02	  2.875000E-01	     34	     80	     46	  1.912327E-01	  2.302280E-01	  2.753141E-08	  5.749597E-05	  9.411393E-05	  7.243742E-06	  0.000000E+00	  1.502704E-04	     14	     81	  8.3946657E-01	     81
 8.83000000E+03	 -3.685000E-02	  5.189739E-02	  0.000000E+00	 -8.330431E-03	 -2.542859E-03	  3.697651E-04	  1.068606E-03	  5.143437E-03	  2.683274E-05	     81	  5.940910E-01	  1.074051E-02	  4.059090E-01	  2.392520E-01	 -6.031804E-03	  4.824805E-02	  2.875000E-01	     34	     80	     46	  1.912821E-01	  2.302790E-01	  2.805947E-08	  5.758301E-05	  9.421452E-05	  7.252892E-06	  0.000000E+00	  1.504677E-04	     14	     81	  8.3943176E-01	     81
 8.84000000E+03	 -3.690000E-02	  5.200476E-02	  0.000000E+00	 -8.337335E-03	 -2.542698E-03	  3.704580E-04	  1.113926E-03	  5.226820E-03	  2.311156E-06	     81	  5.940498E-01	  1.073542E-02	  4.059502E-01	  2.392305E-01	 -6.035267E-03	  4.826951E-02	  2.875000E-01	     34	     80	     46	  1.913418E-01	  2.303407E-01	  2.916168E-08	  5.763142E-05	  9.433099E-05	  7.262318E-06	  0.000000E+00	  1.506431E-04	     13	     81	  8.3938966E-01	     81
 8.85000000E+03	 -3.695000E-02	  5.211668E-02	  0.000000E+00	 -8.341291E-03	 -2.542867E-03	  3.730139E-04	  1.120529E-03	  5.558461E-03	  9.351129E-06	     81	  5.940052E-01	  1.072850E-02	  4.059948E-01	  2.392080E-01	 -6.038390E-03	  4.829198E-02	  2.875000E-01	     34	     80	     46	  1.914067E-01	  2.304077E-01	  3.077028E-08	  5.765916E-05	  9.445641E-05	  7.272186E-06	  0.000000E+00	  1.508077E-04	     13	     81	  8.3934394E-01	     81
 8.86000000E+03	 -3.700000E-02	  5.223635E-02	  0.000000E+00	 -8.340050E-03	 -2.542725E-03	  3.781468E-04	  1.297724E-03	  5.667923E-03	  1.004045E-05	     80	  5.939575E-01	  1.071902E-02	  4.060425E-01	  2.143557E-01	 -3.978855E-03	  4.814430E-02	  2.625000E-01	     34	     80	     46	  1.914804E-01	  2.304838E-01	  3.288017E-08	  5.765939E-05	  9.458938E-05	  7.282692E-06	  0.000000E+00	  1.509534E-04	     12	     80	  8.3929206E-01	     80
 8.87000000E+03	 -3.705000E-02	  5.236080E-02	  0.000000E+00	 -8.335646E-03	 -2.542765E-03	  3.855075E-04	  1.339198E-03	  5.750328E-03	  5.580085E-06	     80	  5.939073E-01	  1.070771E-02	  4.060927E-01	  2.143318E-01	 -3.974466E-03	  4.816819E-02	  2.625000E-01	     34	     80	     46	  1.915594E-01	  2.305654E-01	  3.520340E-08	  5.764148E-05	  9.472770E-05	  7.293992E-06	  0.000000E+00	  1.510874E-04	     11	     80	  8.3923638E-01	     80
 8.88000000E+03	 -3.710000E-02	  5.248988E-02	  0.000000E+00	 -8.329902E-03	 -2.542705E-03	  3.921652E-04	  1.417159E-03	  5.707936E-03	  9.887766E-06	     80	  5.938552E-01	  1.069525E-02	  4.061448E-01	  2.143068E-01	 -3.969480E-03	  4.819324E-02	  2.625000E-01	     34	     80	     46	  1.916437E-01	  2.306525E-01	  3.747327E-08	  5.760483E-05	  9.487244E-05	  7.306122E-06	  0.000000E+00	  1.512099E-04	     11	     80	  8.3917703E-01	     80
 8.89000000E+03	 -3.715000E-02	  5.262207E-02	  0.000000E+00	 -8.324229E-03	 -2.542768E-03	  3.986651E-04	  1.299197E-03	  5.631717E-03	  8.710851E-06	     79	  5.996215E-01	  6.504868E-03	  4.003785E-01	  2.169934E-01	 -4.014116E-03	  4.882934E-02	  2.658228E-01	     33	     79	     46	  1.917315E-01	  2.307431E-01	  3.938250E-08	  5.755935E-05	  9.501775E-05	  7.318978E-06	  0.000000E+00	  1.513244E-04	      9	     79	  8.3911522E-01	     79
 8.90000000E+03	 -3.720000E-02	  5.276132E-02	  0.000000E+00	 -8.319445E-03	 -2.542735E-03	  4.039076E-04	  1.312464E-03	  5.458494E-03	  2.095364E-05	     79	  5.995666E-01	  6.493227E-03	  4.004334E-01	  2.169670E-01	 -4.008220E-03	  4.885579E-02	  2.658228E-01	     33	     79	     46	  1.918272E-01	  2.308420E-01	  4.082987E-08	  5.749211E-05	  9.516726E-05	  7.332397E-06	  0.000000E+00	  1.514215E-04	      9	     79	  8.3904780E-01	     79
 8.91000000E+03	 -3.725000E-02	  5.290404E-02	  0.000000E+00	 -8.312053E-03	 -2.542802E-03	  4.099223E-04	  1.177436E-03	  5.585089E-03	  1.789412E-05	     79	  5.995101E-01	  6.482220E-03	  4.004899E-01	  2.169410E-01	 -4.002580E-03	  4.888181E-02	  2.658228E-01	     33	     79	     46	  1.919269E-01	  2.309449E-01	  4.203634E-08	  5.741597E-05	  9.531681E-05	  7.346183E-06	  0.000000E+00	  1.515099E-04	      9	     79	  8.3897764E-01	     79
 8.92000000E+03	 -3.730000E-02	  5.305051E-02	  0.000000E+00	 -8.301180E-03	 -2.542660E-03	  4.167791E-04	  1.152841E-03	  5.668635E-03	  1.847977E-06	     79	  5.994518E-01	  6.471549E-03	  4.005482E-01	  2.169152E-01	 -3.997229E-03	  4.890756E-02	  2.658228E-01	     33	     79	     46	  1.920308E-01	  2.310522E-01	  4.330389E-08	  5.733370E-05	  9.546247E-05	  7.360343E-06	  0.000000E+00	  1.515887E-04	      9	     79	  8.3890451E-01	     79
 8.93000000E+03	 -3.735000E-02	  5.319677E-02	  0.000000E+00	 -8.289137E-03	 -2.542674E-03	  4.239915E-04	  1.198684E-03	  5.715063E-03	  6.718474E-07	     79	  5.993928E-01	  6.460505E-03	  4.006072E-01	  2.195589E-01	 -3.488876E-04	  4.626386E-02	  2.658228E-01	     33	     79	     46	  1.921344E-01	  2.311593E-01	  4.461957E-08	  5.725630E-05	  9.560281E-05	  7.374885E-06	  0.000000E+00	  1.516675E-04	      9	     79	  8.3883157E-01	     79
 8.94000000E+03	 -3.740000E-02	  5.334532E-02	  0.000000E+00	 -8.276674E-03	 -2.542725E-03	  4.301959E-04	  1.301800E-03	  5.672661E-03	  5.718333E-06	     78	  6.048320E-01	  1.712332E-03	  3.951680E-01	  2.097539E-01	  1.345842E-03	  4.665640E-02	  2.564103E-01	     32	     78	     46	  1.922407E-01	  2.312690E-01	  4.600546E-08	  5.717666E-05	  9.573871E-05	  7.389855E-06	  0.000000E+00	  1.517401E-04	      8	     78	  8.3875684E-01	     78
 8.95000000E+03	 -3.745000E-02	  5.349738E-02	  0.000000E+00	 -8.263765E-03	 -2.542822E-03	  4.353276E-04	  1.336778E-03	  5.925342E-03	  2.298758E-05	     78	  6.047679E-01	  1.700284E-03	  3.952321E-01	  2.223156E-01	 -3.500723E-04	  4.691514E-02	  2.692308E-01	     32	     78	     46	  1.923508E-01	  2.313828E-01	  4.771922E-08	  5.708804E-05	  9.587360E-05	  7.405337E-06	  0.000000E+00	  1.518035E-04	      8	     78	  8.3867934E-01	     78
 8.96000000E+03	 -3.750000E-02	  5.365340E-02	  0.000000E+00	 -8.249694E-03	 -2.542880E-03	  4.402553E-04	  1.303640E-03	  6.220412E-03	  1.826192E-05	     78	  6.047023E-01	  1.690286E-03	  3.952977E-01	  2.222849E-01	 -3.483394E-04	  4.694590E-02	  2.692308E-01	     32	     78	     46	  1.924655E-01	  2.315012E-01	  4.993752E-08	  5.699132E-05	  9.600514E-05	  7.421468E-06	  0.000000E+00	  1.518567E-04	      7	     78	  8.3859871E-01	     78
 8.97000000E+03	 -3.755000E-02	  5.380917E-02	  0.000000E+00	 -8.235380E-03	 -2.542731E-03	  4.444714E-04	  1.298817E-03	  6.414057E-03	  4.847110E-06	     78	  6.046356E-01	  1.681320E-03	  3.953644E-01	  2.222539E-01	 -3.468311E-04	  4.697682E-02	  2.692308E-01	     32	     78	     46	  1.925798E-01	  2.316192E-01	  5.246209E-08	  5.689574E-05	  9.613440E-05	  7.438357E-06	  0.000000E+00	  1.519097E-04	      7	     78	  8.3851831E-01	     78
 8.98000000E+03	 -3.760000E-02	  5.396271E-02	  0.000000E+00	 -8.221910E-03	 -2.542692E-03	  4.479574E-04	  1.332412E-03	  6.589635E-03	  3.610005E-06	     78	  6.045699E-01	  1.673879E-03	  3.954301E-01	  2.222236E-01	 -3.451735E-04	  4.700713E-02	  2.692308E-01	     32	     78	     46	  1.926916E-01	  2.317347E-01	  5.545154E-08	  5.680630E-05	  9.626098E-05	  7.456143E-06	  0.000000E+00	  1.519676E-04	      7	     78	  8.3843971E-01	     78
 8.99000000E+03	 -3.765000E-02	  5.411557E-02	  0.000000E+00	 -8.209130E-03	 -2.542497E-03	  4.505242E-04	  1.329976E-03	  6.651974E-03	  4.998036E-06	     78	  6.045046E-01	  1.666950E-03	  3.954954E-01	  2.221932E-01	 -3.438832E-04	  4.703760E-02	  2.692308E-01	     32	     78	     46	  1.928026E-01	  2.318493E-01	  5.870904E-08	  5.671900E-05	  9.638521E-05	  7.474949E-06	  0.000000E+00	  1.520265E-04	      7	     78	  8.3836169E-01	     78
 9.00000000E+03	 -3.770000E-02	  5.426964E-02	  0.000000E+00	 -8.196099E-03	 -2.542688E-03	  4.526776E-04	  1.360635E-03	  6.764693E-03	  1.753020E-05	     78	  6.044399E-01	  1.660675E-03	  3.955601E-01	  2.221621E-01	 -3.429355E-04	  4.706866E-02	  2.692308E-01	     32	     78	     46	  1.929150E-01	  2.319654E-01	  6.213568E-08	  5.662775E-05	  9.650854E-05	  7.494846E-06	  0.000000E+00	  1.520819E-04	      7	     78	  8.3828273E-01	     78
 9.01000000E+03	 -3.775000E-02	  5.442843E-02	  0.000000E+00	 -8.183087E-03	 -2.542773E-03	  4.538365E-04	  1.396666E-03	  6.882261E-03	  1.459162E-05	     77	  6.080224E-01	 -4.399025E-03	  3.919776E-01	  2.250148E-01	 -3.468409E-04	  4.771250E-02	  2.727273E-01	     31	     77	     46	  1.930326E-01	  2.320869E-01	  6.566341E-08	  5.652414E-05	  9.663086E-05	  7.515877E-06	  0.000000E+00	  1.521251E-04	      6	     77	  8.3820004E-01	     77
 9.02000000E+03	 -3.780000E-02	  5.459168E-02	  0.000000E+00	 -8.170387E-03	 -2.542718E-03	  4.538867E-04	  1.375900E-03	  6.908684E-03	  1.360550E-05	     77	  6.079588E-01	 -4.404083E-03	  3.920412E-01	  2.249817E-01	 -3.466345E-04	  4.774555E-02	  2.727273E-01	     31	     77	     46	  1.931553E-01	  2.322136E-01	  6.866639E-08	  5.640993E-05	  9.675172E-05	  7.537970E-06	  0.000000E+00	  1.521568E-04	      6	     77	  8.3811384E-01	     77
 9.03000000E+03	 -3.785000E-02	  5.475760E-02	  0.000000E+00	 -8.156986E-03	 -2.542652E-03	  4.537793E-04	  1.345272E-03	  6.878899E-03	  3.969087E-06	     77	  6.078945E-01	 -4.408830E-03	  3.921055E-01	  2.249491E-01	 -3.462996E-04	  4.777819E-02	  2.727273E-01	     31	     77	     46	  1.932811E-01	  2.323434E-01	  7.102315E-08	  5.629098E-05	  9.686999E-05	  7.560895E-06	  0.000000E+00	  1.521813E-04	      6	     77	  8.3802554E-01	     77
 9.04000000E+03	 -3.790000E-02	  5.493031E-02	  0.000000E+00	 -8.144939E-03	 -2.542392E-03	  4.504465E-04	  1.969374E-03	  6.765499E-03	  1.050840E-05	     78	  6.078276E-01	 -4.414979E-03	  3.921724E-01	  2.249170E-01	 -3.455915E-04	  4.781029E-02	  2.727273E-01	     31	     77	     46	  1.934144E-01	  2.324812E-01	  7.195399E-08	  5.615698E-05	  9.698685E-05	  7.584383E-06	  0.000000E+00	  1.521886E-04	      7	     78	  8.3793189E-01	     78
 9.05000000E+03	 -3.795000E-02	  5.509239E-02	  0.000000E+00	 -8.128786E-03	 -2.543140E-03	  4.512031E-04	  3.586073E-03	  6.288003E-03	  1.804917E-05	     78	  6.077640E-01	 -4.418683E-03	  3.922360E-01	  2.338238E-01	  5.672701E-03	  5.189051E-02	  2.857143E-01	     31	     77	     46	  1.935357E-01	  2.326065E-01	  7.301202E-08	  5.604982E-05	  9.710184E-05	  7.608248E-06	  0.000000E+00	  1.522213E-04	      7	     78	  8.3784671E-01	     78
 9.06000000E+03	 -3.800000E-02	  5.526376E-02	  0.000000E+00	 -8.114469E-03	 -2.542229E-03	  4.497550E-04	  2.655720E-03	  7.442745E-03	  4.044046E-05	     77	  6.076983E-01	 -4.424041E-03	  3.923017E-01	  2.337918E-01	  5.675853E-03	  5.192244E-02	  2.857143E-01	     31	     77	     46	  1.936676E-01	  2.327426E-01	  7.408880E-08	  5.591767E-05	  9.721792E-05	  7.632532E-06	  0.000000E+00	  1.522306E-04	      7	     77	  8.3775419E-01	     77
 9.07000000E+03	 -3.805000E-02	  5.542618E-02	  0.000000E+00	 -8.101150E-03	 -2.542623E-03	  4.508439E-04	  2.584729E-03	  7.198237E-03	  1.383768E-05	     77	  6.076356E-01	 -4.426807E-03	  3.923644E-01	  2.337602E-01	  5.678571E-03	  5.195411E-02	  2.857143E-01	     31	     77	     46	  1.937892E-01	  2.328683E-01	  7.526511E-08	  5.581441E-05	  9.732594E-05	  7.657158E-06	  0.000000E+00	  1.522611E-04	      7	     77	  8.3766880E-01	     77
 9.08000000E+03	 -3.810000E-02	  5.559453E-02	  0.000000E+00	 -8.087651E-03	 -2.542632E-03	  4.468082E-04	  2.341932E-03	  7.358473E-03	  1.281709E-04	     78	  6.075693E-01	 -4.432810E-03	  3.924307E-01	  2.337287E-01	  5.681656E-03	  5.198563E-02	  2.857143E-01	     31	     77	     46	  1.939176E-01	  2.330008E-01	  7.674231E-08	  5.567819E-05	  9.745114E-05	  7.682143E-06	  0.000000E+00	  1.522765E-04	      8	     78	  8.3757874E-01	     78
 9.09000000E+03	 -3.815000E-02	  5.575421E-02	  0.000000E+00	 -8.072742E-03	 -2.542907E-03	  4.474753E-04	  2.818938E-03	  6.948205E-03	  2.746033E-05	     78	  6.075047E-01	 -4.435254E-03	  3.924953E-01	  2.462489E-01	  3.346985E-03	  5.245244E-02	  2.987013E-01	     31	     77	     46	  1.940361E-01	  2.331232E-01	  7.784492E-08	  5.556482E-05	  9.757400E-05	  7.707580E-06	  0.000000E+00	  1.523125E-04	      8	     78	  8.3749560E-01	     78
 9.10000000E+03	 -3.820000E-02	  5.592013E-02	  0.000000E+00	 -8.056890E-03	 -2.542344E-03	  4.482218E-04	  2.486992E-03	  7.254534E-03	  1.063192E-04	     77	  6.074381E-01	 -4.442692E-03	  3.925619E-01	  2.336646E-01	  5.687669E-03	  5.204971E-02	  2.857143E-01	     31	     77	     46	  1.941617E-01	  2.332529E-01	  7.919816E-08	  5.540886E-05	  9.772261E-05	  7.733591E-06	  0.000000E+00	  1.523325E-04	      7	     77	  8.3740753E-01	     77
 9.11000000E+03	 -3.825000E-02	  5.607901E-02	  0.000000E+00	 -8.044690E-03	 -2.542639E-03	  4.502810E-04	  2.221970E-03	  7.575830E-03	  2.212946E-06	     79	  6.073715E-01	 -4.448290E-03	  3.926285E-01	  2.562318E-01	 -2.083572E-03	  5.545651E-02	  3.116883E-01	     31	     77	     46	  1.942793E-01	  2.333744E-01	  8.035462E-08	  5.527366E-05	  9.786680E-05	  7.759991E-06	  0.000000E+00	  1.523690E-04	      9	     79	  8.3732507E-01	     79
 9.12000000E+03	 -3.830000E-02	  5.623173E-02	  0.000000E+00	 -8.037918E-03	 -2.542820E-03	  4.501061E-04	  3.520980E-03	  7.135476E-03	  1.991030E-05	     80	  6.139683E-01	 -1.283065E-02	  3.860317E-01	  2.556359E-01	 -8.344177E-03	  6.081982E-02	  3.164557E-01	     32	     79	     47	  1.943899E-01	  2.203424E-01	  8.046900E-08	  5.513982E-05	  9.802501E-05	  7.786633E-06	  0.000000E+00	  1.524202E-04	     10	     80	  8.3724754E-01	     80
 9.13000000E+03	 -3.835000E-02	  5.637819E-02	  0.000000E+00	 -8.032475E-03	 -2.542720E-03	  4.535971E-04	  3.833794E-03	  7.890857E-03	  2.765940E-06	     79	  6.139142E-01	 -1.282883E-02	  3.860858E-01	  2.496844E-01	 -2.024904E-03	  5.411308E-02	  3.037975E-01	     32	     79	     47	  1.944934E-01	  2.204481E-01	  7.813215E-08	  5.503369E-05	  9.817361E-05	  7.812746E-06	  0.000000E+00	  1.524864E-04	      8	     79	  8.3717498E-01	     79
 9.14000000E+03	 -3.840000E-02	  5.651939E-02	  0.000000E+00	 -8.031068E-03	 -2.542592E-03	  4.552973E-04	  3.511749E-03	  8.162669E-03	  2.648472E-05	     80	  6.138588E-01	 -1.283251E-02	  3.861412E-01	  2.555692E-01	 -8.337109E-03	  6.088653E-02	  3.164557E-01	     32	     79	     47	  1.945910E-01	  2.205478E-01	  7.537887E-08	  5.493533E-05	  9.832841E-05	  7.838065E-06	  0.000000E+00	  1.525655E-04	      8	     80	  8.3710662E-01	     80
 9.15000000E+03	 -3.845000E-02	  5.664999E-02	  0.000000E+00	 -8.029722E-03	 -2.542260E-03	  4.562938E-04	  3.232671E-03	  8.164918E-03	  2.518534E-05	     80	  6.138072E-01	 -1.283067E-02	  3.861928E-01	  2.555388E-01	 -8.333401E-03	  6.091685E-02	  3.164557E-01	     32	     79	     47	  1.946765E-01	  2.206352E-01	  7.308171E-08	  5.488782E-05	  9.845877E-05	  7.862435E-06	  0.000000E+00	  1.526704E-04	      7	     80	  8.3704668E-01	     80
 9.16000000E+03	 -3.850000E-02	  5.676764E-02	  0.000000E+00	 -8.031311E-03	 -2.542077E-03	  4.524541E-04	  2.730894E-03	  7.946055E-03	  2.505011E-05	     79	  6.137575E-01	 -1.282813E-02	  3.862425E-01	  2.555139E-01	 -8.328828E-03	  6.094183E-02	  3.164557E-01	     32	     79	     47	  1.947474E-01	  2.207077E-01	  7.132298E-08	  5.488081E-05	  9.858062E-05	  7.885946E-06	  0.000000E+00	  1.528071E-04	      7	     79	  8.3699701E-01	     79
 9.17000000E+03	 -3.855000E-02	  5.687046E-02	  0.000000E+00	 -8.039157E-03	 -2.542633E-03	  4.472963E-04	  2.865078E-03	  7.408578E-03	  3.182837E-05	     80	  6.137151E-01	 -1.282338E-02	  3.862849E-01	  2.554947E-01	 -8.324741E-03	  6.096098E-02	  3.164557E-01	     32	     79	     47	  1.948015E-01	  2.207629E-01	  6.973308E-08	  5.494554E-05	  9.866778E-05	  7.908863E-06	  0.000000E+00	  1.529803E-04	      8	     80	  8.3695911E-01	     80
 9.18000000E+03	 -3.860000E-02	  5.696452E-02	  0.000000E+00	 -8.051129E-03	 -2.543351E-03	  4.421817E-04	  2.793008E-03	  7.333604E-03	  4.468507E-04	     80	  6.136761E-01	 -1.281616E-02	  3.863239E-01	  2.679923E-01	 -9.658034E-03	  6.112159E-02	  3.291139E-01	     32	     79	     47	  1.948457E-01	  2.208081E-01	  6.858351E-08	  5.503699E-05	  9.874994E-05	  7.931390E-06	  0.000000E+00	  1.531753E-04	      7	     80	  8.3692815E-01	     80
 9.19000000E+03	 -3.865000E-02	  5.705204E-02	  0.000000E+00	 -8.068208E-03	 -2.543233E-03	  4.383682E-04	  2.521450E-03	  7.309239E-03	  6.563787E-05	     80	  6.136387E-01	 -1.280694E-02	  3.863613E-01	  2.679738E-01	 -9.659876E-03	  6.114017E-02	  3.291139E-01	     32	     79	     47	  1.948825E-01	  2.208457E-01	  6.821094E-08	  5.514619E-05	  9.883076E-05	  7.953715E-06	  0.000000E+00	  1.533873E-04	      8	     80	  8.3690238E-01	     80
 9.20000000E+03	 -3.870000E-02	  5.714792E-02	  0.000000E+00	 -8.082168E-03	 -2.542658E-03	  4.321626E-04	  2.313650E-03	  7.477422E-03	  2.378311E-05	     80	  6.135995E-01	 -1.279932E-02	  3.864005E-01	  2.679526E-01	 -9.662235E-03	  6.116136E-02	  3.291139E-01	     32	     79	     47	  1.949287E-01	  2.208929E-01	  6.833815E-08	  5.522741E-05	  9.891960E-05	  7.975982E-06	  0.000000E+00	  1.535797E-04	      8	     80	  8.3687000E-01	     80
 9.21000000E+03	 -3.875000E-02	  5.724818E-02	  0.000000E+00	 -8.089577E-03	 -2.542394E-03	  4.269336E-04	  2.231882E-03	  7.613860E-03	  2.179040E-04	     80	  6.135561E-01	 -1.279223E-02	  3.864439E-01	  2.679288E-01	 -9.664490E-03	  6.118517E-02	  3.291139E-01	     32	     79	     47	  1.949799E-01	  2.209452E-01	  6.914821E-08	  5.526840E-05	  9.903781E-05	  7.998385E-06	  0.000000E+00	  1.537621E-04	      8	     80	  8.3683417E-01	     80
 9.22000000E+03	 -3.880000E-02	  5.735396E-02	  0.000000E+00	 -8.093560E-03	 -2.542624E-03	  4.213387E-04	  2.243424E-03	  7.787781E-03	  6.779934E-06	     80	  6.135090E-01	 -1.278915E-02	  3.864910E-01	  2.679006E-01	 -9.668637E-03	  6.121332E-02	  3.291139E-01	     32	     79	     47	  1.950373E-01	  2.210038E-01	  7.089675E-08	  5.528132E-05	  9.916959E-05	  8.021212E-06	  0.000000E+00	  1.539314E-04	      8	     80	  8.3679398E-01	     80
 9.23000000E+03	 -3.885000E-02	  5.746130E-02	  0.000000E+00	 -8.092889E-03	 -2.542744E-03	  4.182750E-04	  1.948023E-03	  8.065781E-03	  1.649668E-06	     80	  6.134593E-01	 -1.278743E-02	  3.865407E-01	  2.678719E-01	 -9.673172E-03	  6.124199E-02	  3.291139E-01	     32	     79	     47	  1.950964E-01	  2.210643E-01	  7.333232E-08	  5.526372E-05	  9.932692E-05	  8.044666E-06	  0.000000E+00	  1.540969E-04	      8	     80	  8.3675256E-01	     80
 9.24000000E+03	 -3.890000E-02	  5.757127E-02	  0.000000E+00	 -8.089185E-03	 -2.542698E-03	  4.133190E-04	  1.870893E-03	  7.925102E-03	  7.462395E-07	     80	  6.134057E-01	 -1.278523E-02	  3.865943E-01	  2.678414E-01	 -9.677729E-03	  6.127252E-02	  3.291139E-01	     32	     79	     47	  1.951585E-01	  2.211277E-01	  7.584553E-08	  5.523078E-05	  9.949222E-05	  8.068906E-06	  0.000000E+00	  1.542560E-04	      9	     80	  8.3670908E-01	     80
 9.25000000E+03	 -3.895000E-02	  5.767918E-02	  0.000000E+00	 -8.086162E-03	 -2.542785E-03	  4.110364E-04	  1.811364E-03	  7.794034E-03	  9.292489E-06	     80	  6.133519E-01	 -1.278314E-02	  3.866481E-01	  2.678118E-01	 -9.682749E-03	  6.130210E-02	  3.291139E-01	     32	     79	     47	  1.952183E-01	  2.211888E-01	  7.822734E-08	  5.520822E-05	  9.965139E-05	  8.093902E-06	  0.000000E+00	  1.544200E-04	      8	     80	  8.3666724E-01	     80
 9.26000000E+03	 -3.900000E-02	  5.778748E-02	  0.000000E+00	 -8.083784E-03	 -2.542797E-03	  4.101829E-04	  1.754442E-03	  7.718364E-03	  1.520815E-05	     80	  6.132981E-01	 -1.277967E-02	  3.867019E-01	  2.552795E-01	 -8.299948E-03	  6.117615E-02	  3.164557E-01	     32	     79	     47	  1.952785E-01	  2.212503E-01	  8.036569E-08	  5.519894E-05	  9.979582E-05	  8.119618E-06	  0.000000E+00	  1.545829E-04	      8	     80	  8.3662511E-01	     80
 9.27000000E+03	 -3.905000E-02	  5.789610E-02	  0.000000E+00	 -8.082975E-03	 -2.542877E-03	  4.106374E-04	  1.634929E-03	  7.737976E-03	  2.326854E-05	     80	  6.132457E-01	 -1.277692E-02	  3.867543E-01	  2.552553E-01	 -8.298134E-03	  6.120035E-02	  3.164557E-01	     32	     79	     47	  1.953390E-01	  2.213122E-01	  8.224101E-08	  5.521121E-05	  9.991745E-05	  8.145991E-06	  0.000000E+00	  1.547450E-04	      8	     80	  8.3658273E-01	     80
 9.28000000E+03	 -3.910000E-02	  5.801215E-02	  0.000000E+00	 -8.080239E-03	 -2.542199E-03	  4.130245E-04	  1.545778E-03	  7.684713E-03	  2.651559E-05	     80	  6.131907E-01	 -1.277588E-02	  3.868093E-01	  2.493597E-01	 -1.984329E-03	  5.443773E-02	  3.037975E-01	     32	     79	     47	  1.954080E-01	  2.213826E-01	  8.377506E-08	  5.520814E-05	  1.000361E-04	  8.172849E-06	  0.000000E+00	  1.548890E-04	     10	     80	  8.3653450E-01	     80
 9.29000000E+03	 -3.915000E-02	  5.812803E-02	  0.000000E+00	 -8.077178E-03	 -2.542701E-03	  4.135127E-04	  1.590034E-03	  7.649693E-03	  1.686643E-05	     80	  6.131334E-01	 -1.277497E-02	  3.868666E-01	  2.552076E-01	 -8.296299E-03	  6.124805E-02	  3.164557E-01	     32	     79	     47	  1.954767E-01	  2.214528E-01	  8.518558E-08	  5.519756E-05	  1.001623E-04	  8.200141E-06	  0.000000E+00	  1.550333E-04	     11	     80	  8.3648641E-01	     80
 9.30000000E+03	 -3.920000E-02	  5.824452E-02	  0.000000E+00	 -8.074244E-03	 -2.542672E-03	  4.121045E-04	  1.570749E-03	  7.805732E-03	  9.697053E-06	     80	  6.130748E-01	 -1.277442E-02	  3.869252E-01	  2.551853E-01	 -8.294853E-03	  6.127038E-02	  3.164557E-01	     32	     79	     47	  1.955461E-01	  2.215237E-01	  8.693473E-08	  5.517480E-05	  1.002982E-04	  8.227916E-06	  0.000000E+00	  1.551760E-04	     12	     80	  8.3643786E-01	     80
 9.31000000E+03	 -3.925000E-02	  5.835689E-02	  0.000000E+00	 -8.071729E-03	 -2.542686E-03	  4.088307E-04	  1.597472E-03	  7.698105E-03	  9.496373E-06	     80	  6.130159E-01	 -1.277264E-02	  3.869841E-01	  2.429000E-01	 -6.091985E-03	  6.089748E-02	  3.037975E-01	     32	     79	     47	  1.956108E-01	  2.215898E-01	  8.887756E-08	  5.515307E-05	  1.004423E-04	  8.256323E-06	  0.000000E+00	  1.553286E-04	     13	     80	  8.3639257E-01	     80
 9.32000000E+03	 -3.930000E-02	  5.846497E-02	  0.000000E+00	 -8.069308E-03	 -2.542407E-03	  4.068978E-04	  1.643559E-03	  7.838246E-03	  1.424956E-04	     81	  6.175335E-01	 -9.400844E-03	  3.824665E-01	  2.368793E-01	 -5.943619E-03	  5.941697E-02	  2.962963E-01	     33	     81	     48	  1.956707E-01	  2.049943E-01	  9.101148E-08	  5.513262E-05	  1.005946E-04	  8.285425E-06	  0.000000E+00	  1.554917E-04	     14	     81	  8.3635069E-01	     81
 9.33000000E+03	 -3.935000E-02	  5.856462E-02	  0.000000E+00	 -8.068017E-03	 -2.542692E-03	  4.060200E-04	  1.889753E-03	  8.025702E-03	  1.780654E-06	     81	  6.174700E-01	 -9.406232E-03	  3.825300E-01	  2.368546E-01	 -5.946715E-03	  5.944171E-02	  2.962963E-01	     33	     81	     48	  1.957210E-01	  2.050450E-01	  9.298585E-08	  5.513564E-05	  1.007435E-04	  8.315208E-06	  0.000000E+00	  1.556754E-04	     14	     81	  8.3631549E-01	     81
 9.34000000E+03	 -3.940000E-02	  5.865988E-02	  0.000000E+00	 -8.065185E-03	 -2.542738E-03	  4.059904E-04	  2.276443E-03	  7.932026E-03	  1.135096E-05	     81	  6.174016E-01	 -9.414001E-03	  3.825984E-01	  2.368299E-01	 -5.950141E-03	  5.946639E-02	  2.962963E-01	     33	     81	     48	  1.957664E-01	  2.050907E-01	  9.536104E-08	  5.514927E-05	  1.008913E-04	  8.345842E-06	  0.000000E+00	  1.558697E-04	     13	     81	  8.3628377E-01	     81
 9.35000000E+03	 -3.945000E-02	  5.875654E-02	  0.000000E+00	 -8.063470E-03	 -2.542695E-03	  4.042519E-04	  1.730660E-03	  8.585072E-03	  8.176117E-06	     80	  6.127902E-01	 -1.276489E-02	  3.872098E-01	  2.369466E-01	  2.065971E-04	  5.419266E-02	  2.911392E-01	     32	     79	     47	  1.958133E-01	  2.217967E-01	  9.815537E-08	  5.516045E-05	  1.010366E-04	  8.377331E-06	  0.000000E+00	  1.560604E-04	     10	     80	  8.3625094E-01	     80
 9.36000000E+03	 -3.950000E-02	  5.885939E-02	  0.000000E+00	 -8.062678E-03	 -2.542354E-03	  4.029047E-04	  1.752312E-03	  8.527371E-03	  4.063938E-05	     81	  6.172660E-01	 -9.428038E-03	  3.827340E-01	  2.310732E-01	  1.974018E-04	  5.287739E-02	  2.839506E-01	     33	     81	     48	  1.958672E-01	  2.051923E-01	  1.013613E-07	  5.515675E-05	  1.011804E-04	  8.409721E-06	  0.000000E+00	  1.562361E-04	     11	     81	  8.3621324E-01	     81
 9.37000000E+03	 -3.955000E-02	  5.896976E-02	  0.000000E+00	 -8.059844E-03	 -2.542684E-03	  3.993023E-04	  1.833413E-03	  8.469523E-03	  4.896726E-07	     81	  6.171935E-01	 -9.436818E-03	  3.828065E-01	  2.310503E-01	  1.937706E-04	  5.290036E-02	  2.839506E-01	     33	     81	     48	  1.959296E-01	  2.052552E-01	  1.045282E-07	  5.512376E-05	  1.013341E-04	  8.443131E-06	  0.000000E+00	  1.563933E-04	     11	     81	  8.3616961E-01	     81
 9.38000000E+03	 -3.960000E-02	  5.908435E-02	  0.000000E+00	 -8.052995E-03	 -2.542692E-03	  3.969343E-04	  1.976356E-03	  8.529650E-03	  2.670470E-05	     81	  6.171172E-01	 -9.447723E-03	  3.828828E-01	  2.310259E-01	  1.901921E-04	  5.292474E-02	  2.839506E-01	     33	     81	     48	  1.959968E-01	  2.053229E-01	  1.078351E-07	  5.507833E-05	  1.014885E-04	  8.477697E-06	  0.000000E+00	  1.565401E-04	     12	     81	  8.3612267E-01	     81
 9.39000000E+03	 -3.965000E-02	  5.920394E-02	  0.000000E+00	 -8.045584E-03	 -2.542739E-03	  3.948561E-04	  1.823624E-03	  8.780908E-03	  1.768823E-05	     80	  6.125496E-01	 -1.276186E-02	  3.874504E-01	  2.368480E-01	  1.913114E-04	  5.429123E-02	  2.911392E-01	     32	     79	     47	  1.960695E-01	  2.220585E-01	  1.114355E-07	  5.501115E-05	  1.016507E-04	  8.513415E-06	  0.000000E+00	  1.566743E-04	     10	     80	  8.3607179E-01	     80
 9.40000000E+03	 -3.970000E-02	  5.932677E-02	  0.000000E+00	 -8.037348E-03	 -2.542685E-03	  3.919846E-04	  1.712968E-03	  8.919808E-03	  7.664398E-07	     80	  6.124862E-01	 -1.276183E-02	  3.875138E-01	  2.368206E-01	  1.874724E-04	  5.431861E-02	  2.911392E-01	     32	     79	     47	  1.961460E-01	  2.221366E-01	  1.149174E-07	  5.493552E-05	  1.018120E-04	  8.550233E-06	  0.000000E+00	  1.568003E-04	     10	     80	  8.3601838E-01	     80
 9.41000000E+03	 -3.975000E-02	  5.945008E-02	  0.000000E+00	 -8.029798E-03	 -2.542611E-03	  3.890512E-04	  1.831579E-03	  8.788582E-03	  1.906666E-05	     80	  6.124235E-01	 -1.276173E-02	  3.875765E-01	  2.368482E-01	  1.016368E-03	  6.694927E-02	  3.037975E-01	     32	     79	     47	  1.962229E-01	  2.222152E-01	  1.182952E-07	  5.485049E-05	  1.019802E-04	  8.588168E-06	  0.000000E+00	  1.569247E-04	     10	     80	  8.3596460E-01	     80
 9.42000000E+03	 -3.980000E-02	  5.957367E-02	  0.000000E+00	 -8.023065E-03	 -2.542713E-03	  3.882352E-04	  1.763667E-03	  8.987377E-03	  5.543298E-06	     80	  6.123615E-01	 -1.276237E-02	  3.876385E-01	  2.368200E-01	  1.004032E-03	  6.697748E-02	  3.037975E-01	     32	     79	     47	  1.963002E-01	  2.222941E-01	  1.216922E-07	  5.476722E-05	  1.021446E-04	  8.627202E-06	  0.000000E+00	  1.570482E-04	     10	     80	  8.3591062E-01	     80
 9.43000000E+03	 -3.985000E-02	  5.969721E-02	  0.000000E+00	 -8.017339E-03	 -2.542935E-03	  3.882877E-04	  1.773993E-03	  9.064341E-03	  7.324308E-06	     81	  6.167447E-01	 -9.500673E-03	  3.832553E-01	  2.309457E-01	  9.665872E-04	  6.535064E-02	  2.962963E-01	     33	     81	     48	  1.963773E-01	  2.057064E-01	  1.251050E-07	  5.468200E-05	  1.023097E-04	  8.667337E-06	  0.000000E+00	  1.571715E-04	     12	     81	  8.3585669E-01	     81
 9.44000000E+03	 -3.990000E-02	  5.982195E-02	  0.000000E+00	 -8.010322E-03	 -2.542738E-03	  3.867891E-04	  1.813559E-03	  9.207854E-03	  5.598877E-06	     81	  6.166687E-01	 -9.512422E-03	  3.833313E-01	  2.309195E-01	  9.534501E-04	  6.537675E-02	  2.962963E-01	     33	     81	     48	  1.964558E-01	  2.057856E-01	  1.286529E-07	  5.459535E-05	  1.024717E-04	  8.708572E-06	  0.000000E+00	  1.572916E-04	     10	     81	  8.3580184E-01	     81
 9.45000000E+03	 -3.995000E-02	  5.994364E-02	  0.000000E+00	 -8.002717E-03	 -2.542696E-03	  3.852871E-04	  1.808938E-03	  9.334479E-03	  6.688176E-06	     81	  6.165931E-01	 -9.522736E-03	  3.834069E-01	  2.308937E-01	  9.401756E-04	  6.540260E-02	  2.962963E-01	     33	     81	     48	  1.965309E-01	  2.058612E-01	  1.323031E-07	  5.451957E-05	  1.026288E-04	  8.750967E-06	  0.000000E+00	  1.574189E-04	     11	     81	  8.3574941E-01	     81
 9.46000000E+03	 -4.000000E-02	  6.006963E-02	  0.000000E+00	 -7.995656E-03	 -2.541739E-03	  3.855778E-04	  2.221177E-03	  9.330886E-03	  3.660241E-04	     82	  6.165173E-01	 -9.533150E-03	  3.834827E-01	  2.308669E-01	  9.262511E-04	  6.542941E-02	  2.962963E-01	     33	     81	     48	  1.966108E-01	  2.059417E-01	  1.349154E-07	  5.443359E-05	  1.027850E-04	  8.794485E-06	  0.000000E+00	  1.575352E-04	     12	     82	  8.3569360E-01	     82
 9.47000000E+03	 -4.005000E-02	  6.018072E-02	  0.000000E+00	 -7.986815E-03	 -2.542685E-03	  3.811159E-04	  4.202081E-03	  9.028237E-03	  1.774055E-05	     82	  6.164415E-01	 -9.543484E-03	  3.835585E-01	  2.308419E-01	  9.126239E-04	  6.545435E-02	  2.962963E-01	     33	     81	     48	  1.966739E-01	  2.060053E-01	  1.368051E-07	  5.438495E-05	  1.029400E-04	  8.838711E-06	  0.000000E+00	  1.576877E-04	     12	     82	  8.3564955E-01	     82
 9.48000000E+03	 -4.010000E-02	  6.029761E-02	  0.000000E+00	 -7.980845E-03	 -2.542841E-03	  3.761693E-04	  3.148879E-03	  9.976888E-03	  9.459212E-05	     81	  6.163687E-01	 -9.551431E-03	  3.836313E-01	  2.308149E-01	  8.988581E-04	  6.548140E-02	  2.962963E-01	     33	     81	     48	  1.967435E-01	  2.060754E-01	  1.397276E-07	  5.432497E-05	  1.030900E-04	  8.883887E-06	  0.000000E+00	  1.578256E-04	     10	     81	  8.3560096E-01	     81
 9.49000000E+03	 -4.015000E-02	  6.040956E-02	  0.000000E+00	 -7.973942E-03	 -2.542678E-03	  3.739992E-04	  3.058974E-03	  9.822319E-03	  4.833852E-05	     81	  6.162955E-01	 -9.560697E-03	  3.837045E-01	  2.307881E-01	  8.846763E-04	  6.550818E-02	  2.962963E-01	     33	     81	     48	  1.968075E-01	  2.061400E-01	  1.427967E-07	  5.426875E-05	  1.032468E-04	  8.929968E-06	  0.000000E+00	  1.579753E-04	     11	     81	  8.3555626E-01	     81
 9.50000000E+03	 -4.020000E-02	  6.052193E-02	  0.000000E+00	 -7.967579E-03	 -2.542444E-03	  3.699498E-04	  2.855291E-03	  1.000816E-02	  1.909308E-05	     81	  6.118647E-01	 -1.274973E-02	  3.881353E-01	  2.366031E-01	  8.921989E-04	  6.719434E-02	  3.037975E-01	     32	     79	     47	  1.968720E-01	  2.228784E-01	  1.458814E-07	  5.421444E-05	  1.033995E-04	  8.977016E-06	  0.000000E+00	  1.581237E-04	     11	     81	  8.3551125E-01	     81
 9.51000000E+03	 -4.025000E-02	  6.062602E-02	  0.000000E+00	 -7.960782E-03	 -2.542878E-03	  3.670157E-04	  3.251011E-03	  9.756208E-03	  2.195417E-05	     81	  6.118038E-01	 -1.274752E-02	  3.881962E-01	  2.365751E-01	  8.764885E-04	  6.722240E-02	  3.037975E-01	     32	     79	     47	  1.969271E-01	  2.229347E-01	  1.489236E-07	  5.417976E-05	  1.035515E-04	  9.025136E-06	  0.000000E+00	  1.582921E-04	     11	     81	  8.3547278E-01	     81
 9.52000000E+03	 -4.030000E-02	  6.073664E-02	  0.000000E+00	 -7.952979E-03	 -2.542876E-03	  3.631955E-04	  2.864283E-03	  1.009667E-02	  5.120801E-05	     81	  6.117430E-01	 -1.274226E-02	  3.882570E-01	  2.489193E-01	 -1.017445E-03	  6.753642E-02	  3.164557E-01	     32	     79	     47	  1.969896E-01	  2.229985E-01	  1.522751E-07	  5.413420E-05	  1.036966E-04	  9.074338E-06	  0.000000E+00	  1.584441E-04	     11	     81	  8.3542917E-01	     81
 9.53000000E+03	 -4.035000E-02	  6.084268E-02	  0.000000E+00	 -7.943975E-03	 -2.542617E-03	  3.587907E-04	  2.759743E-03	  1.019195E-02	  5.657165E-06	     81	  6.116817E-01	 -1.273900E-02	  3.883183E-01	  2.488916E-01	 -1.032570E-03	  6.756407E-02	  3.164557E-01	     32	     79	     47	  1.970469E-01	  2.230571E-01	  1.558255E-07	  5.409442E-05	  1.038454E-04	  9.124643E-06	  0.000000E+00	  1.586070E-04	     11	     81	  8.3538919E-01	     81
 9.54000000E+03	 -4.040000E-02	  6.094929E-02	  0.000000E+00	 -7.936518E-03	 -2.542299E-03	  3.561982E-04	  2.640844E-03	  1.023871E-02	  5.367304E-05	     81	  6.116228E-01	 -1.273271E-02	  3.883772E-01	  2.488641E-01	 -1.047427E-03	  6.759163E-02	  3.164557E-01	     32	     79	     47	  1.971048E-01	  2.231162E-01	  1.593158E-07	  5.405660E-05	  1.039895E-04	  9.176047E-06	  0.000000E+00	  1.587680E-04	     12	     81	  8.3534877E-01	     81
 9.55000000E+03	 -4.045000E-02	  6.104690E-02	  0.000000E+00	 -7.932226E-03	 -2.542669E-03	  3.502962E-04	  2.577695E-03	  1.034241E-02	  8.368182E-06	     81	  6.115662E-01	 -1.272594E-02	  3.884338E-01	  2.488373E-01	 -1.062140E-03	  6.761836E-02	  3.164557E-01	     32	     79	     47	  1.971525E-01	  2.231650E-01	  1.631357E-07	  5.404064E-05	  1.041318E-04	  9.228686E-06	  0.000000E+00	  1.589508E-04	     12	     81	  8.3531544E-01	     81
 9.56000000E+03	 -4.050000E-02	  6.114779E-02	  0.000000E+00	 -7.926126E-03	 -2.542649E-03	  3.451833E-04	  2.417065E-03	  1.049133E-02	  3.423509E-05	     81	  6.115071E-01	 -1.271884E-02	  3.884929E-01	  2.488107E-01	 -1.077225E-03	  6.764495E-02	  3.164557E-01	     32	     79	     47	  1.972040E-01	  2.232176E-01	  1.666634E-07	  5.401499E-05	  1.042747E-04	  9.282482E-06	  0.000000E+00	  1.591253E-04	     11	     81	  8.3527955E-01	     81
 9.57000000E+03	 -4.055000E-02	  6.124568E-02	  0.000000E+00	 -7.919704E-03	 -2.542868E-03	  3.398961E-04	  2.512595E-03	  1.045353E-02	  1.584188E-05	     81	  6.114504E-01	 -1.271184E-02	  3.885496E-01	  2.487846E-01	 -1.092713E-03	  6.767105E-02	  3.164557E-01	     32	     79	     47	  1.972520E-01	  2.232667E-01	  1.704888E-07	  5.399739E-05	  1.044151E-04	  9.337480E-06	  0.000000E+00	  1.593069E-04	     12	     81	  8.3524603E-01	     81
 9.58000000E+03	 -4.060000E-02	  6.135778E-02	  0.000000E+00	 -7.910916E-03	 -2.543513E-03	  3.332996E-04	  2.777062E-03	  1.058118E-02	  2.913103E-05	     82	  6.045630E-01	 -9.459693E-03	  3.954370E-01	  2.456477E-01	 -1.093980E-03	  6.685226E-02	  3.125000E-01	     33	     80	     47	  1.973161E-01	  2.233322E-01	  1.733324E-07	  5.394302E-05	  1.045571E-04	  9.393576E-06	  0.000000E+00	  1.594534E-04	     11	     82	  8.3520133E-01	     82
 9.59000000E+03	 -4.065000E-02	  6.146936E-02	  0.000000E+00	 -7.904032E-03	 -2.542980E-03	  3.265715E-04	  2.938389E-03	  1.054773E-02	  1.824277E-05	     82	  6.045095E-01	 -9.449221E-03	  3.954905E-01	  2.456202E-01	 -1.107499E-03	  6.687978E-02	  3.125000E-01	     33	     80	     47	  1.973796E-01	  2.233970E-01	  1.747984E-07	  5.390166E-05	  1.046876E-04	  9.450457E-06	  0.000000E+00	  1.596009E-04	     12	     82	  8.3515707E-01	     82
 9.60000000E+03	 -4.070000E-02	  6.160792E-02	  0.000000E+00	 -7.895456E-03	 -2.542896E-03	  3.228256E-04	  3.607110E-03	  1.076047E-02	  8.340976E-06	     83	  5.972784E-01	 -1.121089E-02	  4.027216E-01	  2.425594E-01	 -1.106920E-03	  6.608257E-02	  3.086420E-01	     34	     81	     47	  1.974734E-01	  2.234929E-01	  1.737823E-07	  5.379231E-05	  1.048220E-04	  9.507572E-06	  0.000000E+00	  1.596820E-04	     12	     83	  8.3509159E-01	     83
 9.61000000E+03	 -4.075000E-02	  6.177600E-02	  0.000000E+00	 -7.875250E-03	 -2.542997E-03	  3.221477E-04	  4.178076E-03	  1.159052E-02	  3.771427E-04	     82	  5.972115E-01	 -1.121801E-02	  4.027885E-01	  2.425325E-01	 -1.118340E-03	  6.610948E-02	  3.086420E-01	     34	     81	     47	  1.976006E-01	  2.236229E-01	  1.661264E-07	  5.361791E-05	  1.049571E-04	  9.562958E-06	  0.000000E+00	  1.596906E-04	     10	     82	  8.3500291E-01	     82
 9.62000000E+03	 -4.080000E-02	  6.197201E-02	  0.000000E+00	 -7.844778E-03	 -2.542796E-03	  3.168251E-04	  4.017798E-03	  1.121647E-02	  7.150880E-06	     82	  5.971377E-01	 -1.122481E-02	  4.028623E-01	  2.425057E-01	 -1.128561E-03	  6.613626E-02	  3.086420E-01	     34	     81	     47	  1.977593E-01	  2.237850E-01	  1.578756E-07	  5.337008E-05	  1.050996E-04	  9.615628E-06	  0.000000E+00	  1.596298E-04	      9	     82	  8.3489231E-01	     82
 9.63000000E+03	 -4.085000E-02	  6.215698E-02	  0.000000E+00	 -7.821385E-03	 -2.542659E-03	  3.175720E-04	  3.507035E-03	  1.062510E-02	  3.167244E-05	     83	  6.015043E-01	 -8.321597E-03	  3.984957E-01	  2.366338E-01	 -1.110693E-03	  6.457099E-02	  3.012048E-01	     35	     83	     48	  1.979054E-01	  2.072465E-01	  1.492929E-07	  5.316973E-05	  1.052233E-04	  9.665487E-06	  0.000000E+00	  1.595946E-04	     10	     83	  8.3479043E-01	     83
 9.64000000E+03	 -4.090000E-02	  6.234027E-02	  0.000000E+00	 -7.806845E-03	 -2.542317E-03	  3.187674E-04	  3.947281E-03	  1.014293E-02	  7.415586E-05	     84	  5.958414E-01	 -1.228084E-02	  4.041586E-01	  2.337886E-01	 -1.105982E-03	  6.383048E-02	  2.976190E-01	     36	     84	     48	  1.980497E-01	  2.073918E-01	  1.383788E-07	  5.296447E-05	  1.053606E-04	  9.712021E-06	  0.000000E+00	  1.595624E-04	     12	     84	  8.3468991E-01	     84
 9.65000000E+03	 -4.095000E-02	  6.253970E-02	  0.000000E+00	 -7.786566E-03	 -2.543167E-03	  3.183857E-04	  4.395289E-03	  9.633440E-03	  3.490772E-05	     84	  5.957580E-01	 -1.230584E-02	  4.042420E-01	  2.337582E-01	 -1.112719E-03	  6.386083E-02	  2.976190E-01	     36	     84	     48	  1.982121E-01	  2.075555E-01	  1.225848E-07	  5.270169E-05	  1.055250E-04	  9.753898E-06	  0.000000E+00	  1.594904E-04	     13	     84	  8.3457676E-01	     84
 9.66000000E+03	 -4.100000E-02	  6.275351E-02	  0.000000E+00	 -7.755278E-03	 -2.542522E-03	  3.242326E-04	  4.110744E-03	  1.030073E-02	  3.844697E-05	     84	  5.956734E-01	 -1.233381E-02	  4.043266E-01	  2.337242E-01	 -1.118881E-03	  6.389484E-02	  2.976190E-01	     36	     84	     48	  1.983908E-01	  2.077356E-01	  1.080661E-07	  5.239863E-05	  1.056969E-04	  9.790830E-06	  0.000000E+00	  1.593819E-04	     12	     84	  8.3445236E-01	     84
 9.67000000E+03	 -4.105000E-02	  6.296107E-02	  0.000000E+00	 -7.723780E-03	 -2.542725E-03	  3.345070E-04	  3.898990E-03	  8.579496E-03	  4.347778E-05	     84	  5.955829E-01	 -1.236317E-02	  4.044171E-01	  2.336861E-01	 -1.124859E-03	  6.393299E-02	  2.976190E-01	     36	     84	     48	  1.985623E-01	  2.079085E-01	  9.488909E-08	  5.208692E-05	  1.058941E-04	  9.823453E-06	  0.000000E+00	  1.592870E-04	     12	     84	  8.3433292E-01	     84
 9.68000000E+03	 -4.110000E-02	  6.315747E-02	  0.000000E+00	 -7.696052E-03	 -2.542596E-03	  3.424146E-04	  3.369860E-03	  8.160055E-03	  1.801590E-04	     84	  5.954946E-01	 -1.239149E-02	  4.045054E-01	  2.336506E-01	 -1.130048E-03	  6.396844E-02	  2.976190E-01	     36	     84	     48	  1.987213E-01	  2.080687E-01	  8.330167E-08	  5.179372E-05	  1.061012E-04	  9.852199E-06	  0.000000E+00	  1.592183E-04	     14	     84	  8.3422229E-01	     84
 9.69000000E+03	 -4.115000E-02	  6.333934E-02	  0.000000E+00	 -7.670457E-03	 -2.542734E-03	  3.486286E-04	  3.247958E-03	  7.329652E-03	  4.520276E-05	     84	  5.954096E-01	 -1.242025E-02	  4.045904E-01	  2.336177E-01	 -1.135505E-03	  6.400137E-02	  2.976190E-01	     36	     84	     48	  1.988638E-01	  2.082123E-01	  7.268422E-08	  5.149880E-05	  1.063465E-04	  9.877298E-06	  0.000000E+00	  1.591833E-04	     13	     84	  8.3412310E-01	     84
 9.70000000E+03	 -4.120000E-02	  6.350915E-02	  0.000000E+00	 -7.648410E-03	 -2.542486E-03	  3.550677E-04	  2.885030E-03	  7.608264E-03	  2.855824E-05	     84	  5.953299E-01	 -1.244156E-02	  4.046701E-01	  2.335846E-01	 -1.140270E-03	  6.403444E-02	  2.976190E-01	     36	     84	     48	  1.989927E-01	  2.083422E-01	  6.356554E-08	  5.123139E-05	  1.065942E-04	  9.899225E-06	  0.000000E+00	  1.591766E-04	     13	     84	  8.3403340E-01	     84
 9.71000000E+03	 -4.125000E-02	  6.366317E-02	  0.000000E+00	 -7.630837E-03	 -2.542294E-03	  3.614788E-04	  2.977480E-03	  5.980570E-03	  3.699871E-05	     84	  5.952557E-01	 -1.246013E-02	  4.047443E-01	  2.452204E-01	 -2.809181E-03	  6.430344E-02	  3.095238E-01	     36	     84	     48	  1.991039E-01	  2.084542E-01	  5.424110E-08	  5.099743E-05	  1.068488E-04	  9.918280E-06	  0.000000E+00	  1.592071E-04	     12	     84	  8.3395612E-01	     84
 9.72000000E+03	 -4.130000E-02	  6.380015E-02	  0.000000E+00	 -7.613857E-03	 -2.541854E-03	  3.655910E-04	  2.544374E-03	  6.065397E-03	  1.696929E-04	     84	  5.951860E-01	 -1.247459E-02	  4.048140E-01	  2.451881E-01	 -2.819823E-03	  6.433571E-02	  3.095238E-01	     36	     84	     48	  1.991957E-01	  2.085468E-01	  4.444580E-08	  5.079531E-05	  1.071161E-04	  9.934261E-06	  0.000000E+00	  1.592786E-04	     14	     84	  8.3389223E-01	     84
 9.73000000E+03	 -4.135000E-02	  6.391487E-02	  0.000000E+00	 -7.601218E-03	 -2.542080E-03	  3.681904E-04	  2.235189E-03	  6.199579E-03	  1.169207E-05	     84	  5.951238E-01	 -1.248709E-02	  4.048762E-01	  2.451590E-01	 -2.828330E-03	  6.436478E-02	  3.095238E-01	     36	     84	     48	  1.992625E-01	  2.086141E-01	  3.587576E-08	  5.065694E-05	  1.073750E-04	  9.947224E-06	  0.000000E+00	  1.594036E-04	     12	     84	  8.3384580E-01	     84
 9.74000000E+03	 -4.140000E-02	  6.400589E-02	  0.000000E+00	 -7.597719E-03	 -2.542702E-03	  3.727859E-04	  2.071918E-03	  5.137592E-03	  3.790433E-06	     84	  5.950719E-01	 -1.249936E-02	  4.049281E-01	  2.451349E-01	 -2.836308E-03	  6.438890E-02	  3.095238E-01	     36	     84	     48	  1.993025E-01	  2.086545E-01	  2.852125E-08	  5.062363E-05	  1.075876E-04	  9.957533E-06	  0.000000E+00	  1.595860E-04	     12	     84	  8.3381796E-01	     84
 9.75000000E+03	 -4.145000E-02	  6.408589E-02	  0.000000E+00	 -7.603093E-03	 -2.542959E-03	  3.786490E-04	  1.840906E-03	  5.127577E-03	  7.736338E-05	     84	  5.950270E-01	 -1.251058E-02	  4.049730E-01	  2.451146E-01	 -2.844536E-03	  6.440916E-02	  3.095238E-01	     36	     84	     48	  1.993302E-01	  2.086823E-01	  2.199091E-08	  5.067356E-05	  1.077454E-04	  9.965561E-06	  0.000000E+00	  1.597954E-04	     11	     84	  8.3379876E-01	     84
 9.76000000E+03	 -4.150000E-02	  6.415261E-02	  0.000000E+00	 -7.618199E-03	 -2.542570E-03	  3.854648E-04	  1.660342E-03	  5.084821E-03	  2.514424E-05	     84	  5.949881E-01	 -1.252023E-02	  4.050119E-01	  2.450975E-01	 -2.851804E-03	  6.442635E-02	  3.095238E-01	     36	     84	     48	  1.993428E-01	  2.086950E-01	  1.720225E-08	  5.080503E-05	  1.078548E-04	  9.971778E-06	  0.000000E+00	  1.600377E-04	     13	     84	  8.3378998E-01	     84
 9.77000000E+03	 -4.155000E-02	  6.421284E-02	  0.000000E+00	 -7.637277E-03	 -2.542623E-03	  3.936693E-04	  1.646776E-03	  5.077762E-03	  3.244968E-05	     84	  5.949511E-01	 -1.252815E-02	  4.050489E-01	  2.450839E-01	 -2.858260E-03	  6.443992E-02	  3.095238E-01	     36	     84	     48	  1.993481E-01	  2.087004E-01	  1.408320E-08	  5.097694E-05	  1.079400E-04	  9.976738E-06	  0.000000E+00	  1.602967E-04	     13	     84	  8.3378628E-01	     84
 9.78000000E+03	 -4.160000E-02	  6.427965E-02	  0.000000E+00	 -7.655531E-03	 -2.542732E-03	  3.995667E-04	  1.553796E-03	  5.627652E-03	  6.517842E-05	     84	  5.949130E-01	 -1.253540E-02	  4.050870E-01	  2.450714E-01	 -2.863851E-03	  6.445240E-02	  3.095238E-01	     36	     84	     48	  1.993608E-01	  2.087132E-01	  1.294343E-08	  5.112581E-05	  1.080320E-04	  9.981059E-06	  0.000000E+00	  1.605408E-04	     12	     84	  8.3377744E-01	     84
 9.79000000E+03	 -4.165000E-02	  6.435808E-02	  0.000000E+00	 -7.670395E-03	 -2.543321E-03	  4.047377E-04	  1.431424E-03	  5.380173E-03	  2.785106E-04	     84	  5.948714E-01	 -1.254133E-02	  4.051286E-01	  2.450573E-01	 -2.869085E-03	  6.446655E-02	  3.095238E-01	     36	     84	     48	  1.993866E-01	  2.087392E-01	  1.303740E-08	  5.124168E-05	  1.081285E-04	  9.985284E-06	  0.000000E+00	  1.607575E-04	     12	     84	  8.3375949E-01	     84
 9.80000000E+03	 -4.170000E-02	  6.444898E-02	  0.000000E+00	 -7.678332E-03	 -2.542733E-03	  4.086787E-04	  1.512810E-03	  5.105125E-03	  5.578543E-06	     84	  5.948237E-01	 -1.254777E-02	  4.051763E-01	  2.450400E-01	 -2.874431E-03	  6.448384E-02	  3.095238E-01	     36	     84	     48	  1.994265E-01	  2.087794E-01	  1.370463E-08	  5.130864E-05	  1.082434E-04	  9.989689E-06	  0.000000E+00	  1.609444E-04	     12	     84	  8.3373180E-01	     84
 9.81000000E+03	 -4.175000E-02	  6.454056E-02	  0.000000E+00	 -7.683923E-03	 -2.542944E-03	  4.106718E-04	  1.415003E-03	  4.979209E-03	  5.013419E-06	     84	  5.947735E-01	 -1.255374E-02	  4.052265E-01	  2.450206E-01	 -2.880425E-03	  6.450323E-02	  3.095238E-01	     36	     84	     48	  1.994671E-01	  2.088203E-01	  1.432318E-08	  5.136388E-05	  1.083686E-04	  9.994326E-06	  0.000000E+00	  1.611301E-04	     12	     84	  8.3370357E-01	     84
 9.82000000E+03	 -4.180000E-02	  6.462772E-02	  0.000000E+00	 -7.689177E-03	 -2.542737E-03	  4.116116E-04	  1.259397E-03	  5.171691E-03	  4.611668E-06	     82	  5.989098E-01	 -2.476994E-02	  4.010902E-01	  2.509772E-01	 -2.957300E-03	  6.609595E-02	  3.170732E-01	     35	     82	     47	  1.995027E-01	  2.288254E-01	  1.486889E-08	  5.142329E-05	  1.085007E-04	  9.999152E-06	  0.000000E+00	  1.613269E-04	     10	     82	  8.3367882E-01	     82
 9.83000000E+03	 -4.185000E-02	  6.471469E-02	  0.000000E+00	 -7.693611E-03	 -2.542676E-03	  4.134313E-04	  1.230241E-03	  5.067448E-03	  5.608977E-06	     82	  5.988575E-01	 -2.477614E-02	  4.011425E-01	  2.509566E-01	 -2.965187E-03	  6.611654E-02	  3.170732E-01	     35	     82	     47	  1.995381E-01	  2.288617E-01	  1.551237E-08	  5.148015E-05	  1.086357E-04	  1.000414E-05	  0.000000E+00	  1.615245E-04	     10	     82	  8.3365422E-01	     82
 9.84000000E+03	 -4.190000E-02	  6.480366E-02	  0.000000E+00	 -7.694210E-03	 -2.542723E-03	  4.186793E-04	  1.038444E-03	  5.312790E-03	  4.009099E-06	     82	  5.988046E-01	 -2.478366E-02	  4.011954E-01	  2.387422E-01	 -2.805552E-03	  6.613582E-02	  3.048780E-01	     35	     82	     47	  1.995757E-01	  2.289002E-01	  1.663514E-08	  5.153173E-05	  1.087706E-04	  1.000942E-05	  0.000000E+00	  1.617173E-04	     10	     82	  8.3362806E-01	     82
 9.85000000E+03	 -4.195000E-02	  6.489396E-02	  0.000000E+00	 -7.692315E-03	 -2.542605E-03	  4.230613E-04	  1.154575E-03	  4.951418E-03	  2.392462E-05	     82	  5.987497E-01	 -2.479044E-02	  4.012503E-01	  2.387200E-01	 -2.812961E-03	  6.615807E-02	  3.048780E-01	     35	     82	     47	  1.996149E-01	  2.289403E-01	  1.790774E-08	  5.157481E-05	  1.089103E-04	  1.001509E-05	  0.000000E+00	  1.619070E-04	     11	     82	  8.3360088E-01	     82
 9.86000000E+03	 -4.200000E-02	  6.498129E-02	  0.000000E+00	 -7.690582E-03	 -2.542695E-03	  4.271740E-04	  1.255160E-03	  4.768338E-03	  4.440269E-07	     82	  5.986940E-01	 -2.479794E-02	  4.013060E-01	  2.386985E-01	 -2.820408E-03	  6.617954E-02	  3.048780E-01	     35	     82	     47	  1.996506E-01	  2.289769E-01	  1.928389E-08	  5.163075E-05	  1.090437E-04	  1.002121E-05	  0.000000E+00	  1.621038E-04	     11	     82	  8.3357603E-01	     82
 9.87000000E+03	 -4.205000E-02	  6.507008E-02	  0.000000E+00	 -7.690217E-03	 -2.542811E-03	  4.328162E-04	  1.255409E-03	  4.701395E-03	  1.758953E-05	     82	  5.986386E-01	 -2.480530E-02	  4.013614E-01	  2.386781E-01	 -2.827411E-03	  6.619999E-02	  3.048780E-01	     35	     82	     47	  1.996880E-01	  2.290152E-01	  2.071852E-08	  5.169086E-05	  1.091688E-04	  1.002783E-05	  0.000000E+00	  1.622970E-04	     12	     82	  8.3355004E-01	     82
 9.88000000E+03	 -4.210000E-02	  6.516749E-02	  0.000000E+00	 -7.688985E-03	 -2.542742E-03	  4.375401E-04	  1.325081E-03	  4.566307E-03	  1.728408E-05	     82	  5.985808E-01	 -2.481373E-02	  4.014192E-01	  2.318009E-01	 -8.885132E-03	  6.088204E-02	  2.926829E-01	     35	     82	     47	  1.997351E-01	  2.290635E-01	  2.217188E-08	  5.172813E-05	  1.092952E-04	  1.003496E-05	  0.000000E+00	  1.624692E-04	     12	     82	  8.3351731E-01	     82
 9.89000000E+03	 -4.215000E-02	  6.527119E-02	  0.000000E+00	 -7.687621E-03	 -2.542754E-03	  4.427520E-04	  1.127214E-03	  4.531123E-03	  1.322698E-05	     82	  5.985222E-01	 -2.482161E-02	  4.014778E-01	  2.372513E-01	 -1.495812E-02	  6.762679E-02	  3.048780E-01	     35	     82	     47	  1.997893E-01	  2.291190E-01	  2.322861E-08	  5.175084E-05	  1.094208E-04	  1.004252E-05	  0.000000E+00	  1.626262E-04	     11	     82	  8.3347968E-01	     82
 9.90000000E+03	 -4.220000E-02	  6.537860E-02	  0.000000E+00	 -7.685827E-03	 -2.542698E-03	  4.469487E-04	  1.031519E-03	  4.671678E-03	  1.953757E-06	     82	  5.984610E-01	 -2.483025E-02	  4.015390E-01	  2.372302E-01	 -1.496628E-02	  6.764781E-02	  3.048780E-01	     35	     82	     47	  1.998476E-01	  2.291788E-01	  2.395098E-08	  5.176452E-05	  1.095464E-04	  1.005035E-05	  0.000000E+00	  1.627740E-04	     12	     82	  8.3343916E-01	     82
 9.91000000E+03	 -4.225000E-02	  6.548950E-02	  0.000000E+00	 -7.681547E-03	 -2.542903E-03	  4.514835E-04	  9.731530E-04	  4.685306E-03	  3.053676E-05	     81	  6.049802E-01	 -2.819547E-02	  3.950198E-01	  2.401375E-01	 -1.515927E-02	  6.850443E-02	  3.086420E-01	     34	     81	     47	  1.999099E-01	  2.292425E-01	  2.468415E-08	  5.176527E-05	  1.096762E-04	  1.005838E-05	  0.000000E+00	  1.629132E-04	     11	     81	  8.3339591E-01	     81
 9.92000000E+03	 -4.230000E-02	  6.560595E-02	  0.000000E+00	 -7.675320E-03	 -2.542773E-03	  4.562438E-04	  9.808843E-04	  4.566537E-03	  3.338742E-05	     81	  6.049163E-01	 -2.820477E-02	  3.950837E-01	  2.401159E-01	 -1.516768E-02	  6.852610E-02	  3.086420E-01	     34	     81	     47	  1.999784E-01	  2.293127E-01	  2.551082E-08	  5.174881E-05	  1.098091E-04	  1.006664E-05	  0.000000E+00	  1.630388E-04	     12	     81	  8.3334835E-01	     81
 9.93000000E+03	 -4.235000E-02	  6.572664E-02	  0.000000E+00	 -7.671751E-03	 -2.542670E-03	  4.582732E-04	  1.340346E-03	  4.743191E-03	  1.712778E-06	     82	  6.048249E-01	 -2.190107E-02	  3.951751E-01	  2.371666E-01	 -1.499118E-02	  6.771140E-02	  3.048780E-01	     35	     82	     47	  2.000516E-01	  2.293877E-01	  2.630591E-08	  5.171774E-05	  1.099458E-04	  1.007517E-05	  0.000000E+00	  1.631537E-04	     12	     82	  8.3329747E-01	     82
 9.94000000E+03	 -4.240000E-02	  6.584707E-02	  0.000000E+00	 -7.668535E-03	 -2.542618E-03	  4.603533E-04	  1.397000E-03	  5.146824E-03	  1.189764E-05	     82	  6.047592E-01	 -2.190764E-02	  3.952408E-01	  2.371471E-01	 -1.500005E-02	  6.773091E-02	  3.048780E-01	     35	     82	     47	  2.001246E-01	  2.294625E-01	  2.743320E-08	  5.168897E-05	  1.100801E-04	  1.008401E-05	  0.000000E+00	  1.632692E-04	     12	     82	  8.3324683E-01	     82
 9.95000000E+03	 -4.245000E-02	  6.596718E-02	  0.000000E+00	 -7.666648E-03	 -2.542660E-03	  4.624991E-04	  1.223862E-03	  5.578119E-03	  1.201139E-06	     82	  6.046952E-01	 -2.191405E-02	  3.953048E-01	  2.371293E-01	 -1.500928E-02	  6.774877E-02	  3.048780E-01	     35	     82	     47	  2.001972E-01	  2.295368E-01	  2.907295E-08	  5.166084E-05	  1.102135E-04	  1.009329E-05	  0.000000E+00	  1.633854E-04	     13	     82	  8.3319644E-01	     82
 9.96000000E+03	 -4.250000E-02	  6.608742E-02	  0.000000E+00	 -7.664564E-03	 -2.542702E-03	  4.661893E-04	  1.230379E-03	  5.593465E-03	  1.742776E-06	     82	  6.046323E-01	 -2.192117E-02	  3.953677E-01	  2.371124E-01	 -1.501862E-02	  6.776567E-02	  3.048780E-01	     35	     82	     47	  2.002699E-01	  2.296113E-01	  3.084763E-08	  5.163592E-05	  1.103427E-04	  1.010312E-05	  0.000000E+00	  1.635012E-04	     12	     82	  8.3314597E-01	     82
 9.97000000E+03	 -4.255000E-02	  6.620809E-02	  0.000000E+00	 -7.664594E-03	 -2.542682E-03	  4.709080E-04	  1.208794E-03	  5.358039E-03	  2.506851E-06	     82	  6.045697E-01	 -2.192851E-02	  3.954303E-01	  2.370959E-01	 -1.502828E-02	  6.778214E-02	  3.048780E-01	     35	     82	     47	  2.003430E-01	  2.296863E-01	  3.221196E-08	  5.161311E-05	  1.104687E-04	  1.011344E-05	  0.000000E+00	  1.636161E-04	     10	     82	  8.3309519E-01	     82
 9.98000000E+03	 -4.260000E-02	  6.632601E-02	  0.000000E+00	 -7.663513E-03	 -2.542637E-03	  4.757855E-04	  1.192342E-03	  5.144408E-03	  4.308760E-06	     82	  6.045075E-01	 -2.193696E-02	  3.954925E-01	  2.370800E-01	 -1.503804E-02	  6.779804E-02	  3.048780E-01	     35	     82	     47	  2.004131E-01	  2.297580E-01	  3.294275E-08	  5.160021E-05	  1.105917E-04	  1.012409E-05	  0.000000E+00	  1.637376E-04	     11	     82	  8.3304656E-01	     82
 9.99000000E+03	 -4.265000E-02	  6.643966E-02	  0.000000E+00	 -7.663849E-03	 -2.542775E-03	  4.805837E-04	  1.139867E-03	  4.912046E-03	  2.775627E-05	     82	  6.044467E-01	 -2.194599E-02	  3.955533E-01	  2.370641E-01	 -1.504779E-02	  6.781399E-02	  3.048780E-01	     35	     82	     47	  2.004783E-01	  2.298249E-01	  3.300574E-08	  5.159939E-05	  1.107137E-04	  1.013487E-05	  0.000000E+00	  1.638695E-04	     11	     82	  8.3300129E-01	     82
 1.00000000E+04	 -4.270000E-02	  6.654656E-02	  0.000000E+00	 -7.667605E-03	 -2.542652E-03	  4.858075E-04	  1.158051E-03	  4.639247E-03	  3.349899E-06	     82	  6.043869E-01	 -2.195579E-02	  3.956131E-01	  2.370482E-01	 -1.505768E-02	  6.782989E-02	  3.048780E-01	     35	     82	     47	  2.005360E-01	  2.298839E-01	  3.259405E-08	  5.161609E-05	  1.108352E-04	  1.014559E-05	  0.000000E+00	  1.640181E-04	     12	     82	  8.3296130E-01	     82
 1.00100000E+04	 -4.275000E-02	  6.664977E-02	  0.000000E+00	 -7.672120E-03	 -2.542688E-03	  4.913780E-04	  1.069445E-03	  4.616442E-03	  9.402116E-07	     82	  6.043278E-01	 -2.196547E-02	  3.956722E-01	  2.370330E-01	 -1.506733E-02	  6.784500E-02	  3.048780E-01	     35	     82	     47	  2.005894E-01	  2.299387E-01	  3.201236E-08	  5.164025E-05	  1.109589E-04	  1.015616E-05	  0.000000E+00	  1.641759E-04	     12	     82	  8.3292420E-01	     82
 1.00200000E+04	 -4.280000E-02	  6.675245E-02	  0.000000E+00	 -7.676569E-03	 -2.542746E-03	  4.966716E-04	  1.093335E-03	  4.530650E-03	  2.120813E-06	     82	  6.042684E-01	 -2.197498E-02	  3.957316E-01	  2.370184E-01	 -1.507686E-02	  6.785969E-02	  3.048780E-01	     35	     82	     47	  2.006423E-01	  2.299928E-01	  3.154142E-08	  5.166567E-05	  1.110829E-04	  1.016658E-05	  0.000000E+00	  1.643353E-04	     12	     82	  8.3288754E-01	     82
 1.00300000E+04	 -4.285000E-02	  6.685821E-02	  0.000000E+00	 -7.680047E-03	 -2.542733E-03	  5.014647E-04	  1.077762E-03	  4.491555E-03	  3.852463E-06	     82	  6.042079E-01	 -2.198323E-02	  3.957921E-01	  2.370032E-01	 -1.508626E-02	  6.787481E-02	  3.048780E-01	     35	     82	     47	  2.006986E-01	  2.300505E-01	  3.129641E-08	  5.168156E-05	  1.112091E-04	  1.017690E-05	  0.000000E+00	  1.644875E-04	     13	     82	  8.3284848E-01	     82
 1.00400000E+04	 -4.290000E-02	  6.696766E-02	  0.000000E+00	 -7.682928E-03	 -2.542741E-03	  5.042931E-04	  1.110001E-03	  4.459223E-03	  8.913800E-06	     82	  6.041464E-01	 -2.199144E-02	  3.958536E-01	  2.369878E-01	 -1.509585E-02	  6.789026E-02	  3.048780E-01	     35	     82	     47	  2.007591E-01	  2.301125E-01	  3.117269E-08	  5.168740E-05	  1.113365E-04	  1.018719E-05	  0.000000E+00	  1.646308E-04	     12	     82	  8.3280654E-01	     82
 1.00500000E+04	 -4.295000E-02	  6.708101E-02	  0.000000E+00	 -7.684752E-03	 -2.542729E-03	  5.061007E-04	  1.146087E-03	  4.452850E-03	  1.678082E-05	     82	  6.040843E-01	 -2.200016E-02	  3.959157E-01	  2.369723E-01	 -1.510568E-02	  6.790571E-02	  3.048780E-01	     35	     82	     47	  2.008239E-01	  2.301789E-01	  3.108435E-08	  5.168496E-05	  1.114628E-04	  1.019748E-05	  0.000000E+00	  1.647650E-04	     12	     82	  8.3276159E-01	     82
 1.00600000E+04	 -4.300000E-02	  6.719719E-02	  0.000000E+00	 -7.686373E-03	 -2.542724E-03	  5.079715E-04	  1.068675E-03	  4.491208E-03	  1.357337E-05	     82	  6.040218E-01	 -2.200930E-02	  3.959782E-01	  2.369567E-01	 -1.511592E-02	  6.792131E-02	  3.048780E-01	     35	     82	     47	  2.008919E-01	  2.302485E-01	  3.093754E-08	  5.167983E-05	  1.115852E-04	  1.020776E-05	  0.000000E+00	  1.648923E-04	     13	     82	  8.3271443E-01	     82
 1.00700000E+04	 -4.305000E-02	  6.731705E-02	  0.000000E+00	 -7.687615E-03	 -2.542703E-03	  5.104153E-04	  1.032353E-03	  4.408624E-03	  3.296493E-06	     82	  6.039591E-01	 -2.201850E-02	  3.960409E-01	  2.369410E-01	 -1.512645E-02	  6.793709E-02	  3.048780E-01	     35	     82	     47	  2.009640E-01	  2.303224E-01	  3.063092E-08	  5.166763E-05	  1.117060E-04	  1.021796E-05	  0.000000E+00	  1.650108E-04	     13	     82	  8.3266442E-01	     82
 1.00800000E+04	 -4.310000E-02	  6.743802E-02	  0.000000E+00	 -7.688543E-03	 -2.542642E-03	  5.137904E-04	  9.567729E-04	  4.304270E-03	  2.155714E-06	     82	  6.038969E-01	 -2.202727E-02	  3.961031E-01	  2.369255E-01	 -1.513686E-02	  6.795260E-02	  3.048780E-01	     35	     82	     47	  2.010374E-01	  2.303976E-01	  3.011000E-08	  5.165821E-05	  1.118219E-04	  1.022801E-05	  0.000000E+00	  1.651268E-04	     12	     82	  8.3261356E-01	     82
 1.00900000E+04	 -4.315000E-02	  6.755756E-02	  0.000000E+00	 -7.690997E-03	 -2.542631E-03	  5.184208E-04	  9.850465E-04	  4.077102E-03	  3.524105E-06	     83	  6.038355E-01	 -2.203581E-02	  3.961645E-01	  2.369104E-01	 -1.514699E-02	  6.796761E-02	  3.048780E-01	     35	     82	     47	  2.011091E-01	  2.304711E-01	  2.943309E-08	  5.165644E-05	  1.119341E-04	  1.023786E-05	  0.000000E+00	  1.652464E-04	     11	     83	  8.3256384E-01	     83
 1.01000000E+04	 -4.320000E-02	  6.767461E-02	  0.000000E+00	 -7.693522E-03	 -2.542696E-03	  5.231491E-04	  9.868973E-04	  3.794978E-03	  4.423898E-06	     82	  6.037749E-01	 -2.204397E-02	  3.962251E-01	  2.368958E-01	 -1.515696E-02	  6.798224E-02	  3.048780E-01	     35	     82	     47	  2.011780E-01	  2.305417E-01	  2.851935E-08	  5.166291E-05	  1.120448E-04	  1.024743E-05	  0.000000E+00	  1.653722E-04	     11	     82	  8.3251606E-01	     82
 1.01100000E+04	 -4.325000E-02	  6.779168E-02	  0.000000E+00	 -7.696833E-03	 -2.542663E-03	  5.267229E-04	  1.029304E-03	  3.698685E-03	  4.603661E-07	     82	  6.037149E-01	 -2.205157E-02	  3.962851E-01	  2.368807E-01	 -1.516695E-02	  6.799731E-02	  3.048780E-01	     35	     82	     47	  2.012470E-01	  2.306123E-01	  2.755411E-08	  5.167265E-05	  1.121527E-04	  1.025672E-05	  0.000000E+00	  1.654982E-04	     12	     82	  8.3246829E-01	     82
 1.01200000E+04	 -4.330000E-02	  6.790704E-02	  0.000000E+00	 -7.700508E-03	 -2.543322E-03	  5.289976E-04	  1.049565E-03	  3.786496E-03	  1.932594E-05	     82	  6.036556E-01	 -2.205845E-02	  3.963444E-01	  2.451316E-01	 -2.087537E-02	  7.194160E-02	  3.170732E-01	     35	     82	     47	  2.013140E-01	  2.306809E-01	  2.671327E-08	  5.169259E-05	  1.122550E-04	  1.026572E-05	  0.000000E+00	  1.656287E-04	     12	     82	  8.3242186E-01	     82
 1.01300000E+04	 -4.335000E-02	  6.802309E-02	  0.000000E+00	 -7.703668E-03	 -2.542767E-03	  5.293465E-04	  1.077781E-03	  3.861559E-03	  9.126193E-06	     82	  6.035957E-01	 -2.206457E-02	  3.964043E-01	  2.369313E-01	 -2.661228E-02	  6.794675E-02	  3.048780E-01	     35	     82	     47	  2.013817E-01	  2.307503E-01	  2.614955E-08	  5.171103E-05	  1.123574E-04	  1.027452E-05	  0.000000E+00	  1.657577E-04	     12	     82	  8.3237492E-01	     82
 1.01400000E+04	 -4.340000E-02	  6.813865E-02	  0.000000E+00	 -7.705946E-03	 -2.542749E-03	  5.286697E-04	  1.042224E-03	  3.999665E-03	  1.100712E-06	     82	  6.035353E-01	 -2.206972E-02	  3.964647E-01	  2.369178E-01	 -2.662029E-02	  6.796022E-02	  3.048780E-01	     35	     82	     47	  2.014489E-01	  2.308192E-01	  2.592865E-08	  5.172705E-05	  1.124632E-04	  1.028321E-05	  0.000000E+00	  1.658880E-04	     12	     82	  8.3232836E-01	     82
 1.01500000E+04	 -4.345000E-02	  6.825672E-02	  0.000000E+00	 -7.705741E-03	 -2.542709E-03	  5.273628E-04	  1.013476E-03	  4.245989E-03	  2.242688E-06	     82	  6.034738E-01	 -2.207414E-02	  3.965262E-01	  2.369038E-01	 -2.662770E-02	  6.797422E-02	  3.048780E-01	     35	     82	     47	  2.015189E-01	  2.308909E-01	  2.599340E-08	  5.173014E-05	  1.125758E-04	  1.029188E-05	  0.000000E+00	  1.660125E-04	     12	     82	  8.3227987E-01	     82
 1.01600000E+04	 -4.347000E-02	  6.837279E-02	  0.000000E+00	 -7.675442E-03	 -2.542639E-03	  5.261571E-04	  1.029222E-03	  4.247015E-03	  5.032164E-06	     83	  6.034191E-01	 -2.207784E-02	  3.965809E-01	  2.368926E-01	 -2.663401E-02	  6.798543E-02	  3.048780E-01	     35	     82	     47	  2.016243E-01	  2.309989E-01	  2.572299E-08	  5.149313E-05	  1.126865E-04	  1.030055E-05	  0.000000E+00	  1.658945E-04	     13	     83	  8.3220685E-01	     83
 1.01700000E+04	 -4.349000E-02	  6.848057E-02	  0.000000E+00	 -7.649199E-03	 -2.542421E-03	  5.254126E-04	  9.503356E-04	  3.896922E-03	  1.252440E-04	     83	  6.033666E-01	 -2.208107E-02	  3.966334E-01	  2.368829E-01	 -2.663972E-02	  6.799516E-02	  3.048780E-01	     35	     82	     47	  2.017204E-01	  2.310973E-01	  2.448879E-08	  5.128499E-05	  1.127890E-04	  1.030892E-05	  0.000000E+00	  1.657961E-04	     12	     83	  8.3214031E-01	     83
 1.01800000E+04	 -4.351000E-02	  6.858040E-02	  0.000000E+00	 -7.625236E-03	 -2.542601E-03	  5.251015E-04	  8.613739E-04	  3.571905E-03	  3.555249E-05	     82	  6.033166E-01	 -2.208469E-02	  3.966834E-01	  2.368736E-01	 -2.664516E-02	  6.800441E-02	  3.048780E-01	     35	     82	     47	  2.018076E-01	  2.311866E-01	  2.282407E-08	  5.110157E-05	  1.128867E-04	  1.031676E-05	  0.000000E+00	  1.657165E-04	     12	     82	  8.3207996E-01	     82
 1.01900000E+04	 -4.353000E-02	  6.867426E-02	  0.000000E+00	 -7.604757E-03	 -2.542665E-03	  5.248410E-04	  8.458963E-04	  3.226770E-03	  7.224089E-06	     83	  6.032691E-01	 -2.208890E-02	  3.967309E-01	  2.368640E-01	 -2.665031E-02	  6.801400E-02	  3.048780E-01	     35	     82	     47	  2.018880E-01	  2.312690E-01	  2.093705E-08	  5.094080E-05	  1.129766E-04	  1.032399E-05	  0.000000E+00	  1.656510E-04	     13	     83	  8.3202428E-01	     83
 1.02000000E+04	 -4.355000E-02	  6.876034E-02	  0.000000E+00	 -7.588992E-03	 -2.542583E-03	  5.243677E-04	  1.499237E-03	  2.887133E-03	  2.716700E-05	     84	  6.032248E-01	 -2.209320E-02	  3.967752E-01	  2.450320E-01	 -2.092288E-02	  7.204115E-02	  3.170732E-01	     35	     82	     47	  2.019597E-01	  2.313424E-01	  1.864769E-08	  5.080683E-05	  1.130593E-04	  1.033053E-05	  0.000000E+00	  1.656041E-04	     16	     84	  8.3197466E-01	     84
 1.02100000E+04	 -4.357000E-02	  6.883643E-02	  0.000000E+00	 -7.574304E-03	 -2.542460E-03	  5.242718E-04	  1.855828E-03	  2.861192E-03	  2.924732E-06	     81	  5.986372E-01	 -2.031498E-02	  4.013628E-01	  2.397701E-01	 -2.698836E-02	  6.887189E-02	  3.086420E-01	     34	     81	     47	  2.020201E-01	  2.314043E-01	  1.655627E-08	  5.070576E-05	  1.131336E-04	  1.033641E-05	  0.000000E+00	  1.655811E-04	     14	     81	  8.3193284E-01	     81
 1.02200000E+04	 -4.359000E-02	  6.889831E-02	  0.000000E+00	 -7.566476E-03	 -2.542412E-03	  5.237588E-04	  1.554173E-03	  2.806353E-03	  2.118360E-05	     81	  5.985996E-01	 -2.031899E-02	  4.014004E-01	  2.397621E-01	 -2.699129E-02	  6.887987E-02	  3.086420E-01	     34	     81	     47	  2.020646E-01	  2.314499E-01	  1.444023E-08	  5.064037E-05	  1.132072E-04	  1.034162E-05	  0.000000E+00	  1.655924E-04	     14	     81	  8.3190207E-01	     81
 1.02300000E+04	 -4.361000E-02	  6.895295E-02	  0.000000E+00	 -7.559233E-03	 -2.542675E-03	  5.237588E-04	  1.411769E-03	  2.921239E-03	  1.576296E-05	     82	  5.985648E-01	 -2.032326E-02	  4.014352E-01	  2.397547E-01	 -2.699341E-02	  6.888731E-02	  3.086420E-01	     34	     81	     47	  2.021009E-01	  2.314871E-01	  1.261798E-08	  5.059675E-05	  1.132769E-04	  1.034613E-05	  0.000000E+00	  1.656212E-04	     14	     82	  8.3187694E-01	     82
 1.02400000E+04	 -4.363000E-02	  6.899504E-02	  0.000000E+00	 -7.554409E-03	 -2.542613E-03	  5.240922E-04	  1.385219E-03	  2.804823E-03	  2.232721E-05	     82	  5.985332E-01	 -2.032775E-02	  4.014668E-01	  2.397481E-01	 -2.699531E-02	  6.889384E-02	  3.086420E-01	     34	     81	     47	  2.021231E-01	  2.315098E-01	  1.115741E-08	  5.058964E-05	  1.133407E-04	  1.035010E-05	  0.000000E+00	  1.656804E-04	     14	     82	  8.3186158E-01	     82
 1.02500000E+04	 -4.365000E-02	  6.902878E-02	  0.000000E+00	 -7.552195E-03	 -2.542559E-03	  5.252269E-04	  1.248879E-03	  2.514167E-03	  4.565792E-05	     79	  5.961564E-01	 -2.804068E-02	  4.038436E-01	  2.458118E-01	 -2.768054E-02	  7.064394E-02	  3.164557E-01	     33	     79	     46	  2.021359E-01	  2.556940E-01	  1.002047E-08	  5.060849E-05	  1.133988E-04	  1.035363E-05	  0.000000E+00	  1.657598E-04	     12	     79	  8.3185272E-01	     79
 1.02600000E+04	 -4.367000E-02	  6.905702E-02	  0.000000E+00	 -7.553047E-03	 -2.542674E-03	  5.255904E-04	  1.107012E-03	  2.288284E-03	  1.820767E-05	     79	  5.961280E-01	 -2.804289E-02	  4.038720E-01	  2.458081E-01	 -2.768160E-02	  7.064763E-02	  3.164557E-01	     33	     79	     46	  2.021425E-01	  2.557009E-01	  9.092916E-09	  5.064700E-05	  1.134509E-04	  1.035684E-05	  0.000000E+00	  1.658527E-04	     12	     79	  8.3184815E-01	     79
 1.02700000E+04	 -4.369000E-02	  6.908658E-02	  0.000000E+00	 -7.554227E-03	 -2.542706E-03	  5.236651E-04	  1.078055E-03	  2.359492E-03	  6.079326E-05	     80	  5.960987E-01	 -2.804412E-02	  4.039013E-01	  2.458032E-01	 -2.768259E-02	  7.065249E-02	  3.164557E-01	     33	     79	     46	  2.021506E-01	  2.557093E-01	  8.243723E-09	  5.068092E-05	  1.135045E-04	  1.035975E-05	  0.000000E+00	  1.659423E-04	     14	     80	  8.3184254E-01	     80
 1.02800000E+04	 -4.371000E-02	  6.912551E-02	  0.000000E+00	 -7.553188E-03	 -2.539109E-03	  5.222689E-04	  1.268502E-03	  2.354234E-03	  7.365602E-06	     81	  5.960679E-01	 -2.804449E-02	  4.039321E-01	  2.457966E-01	 -2.768351E-02	  7.065905E-02	  3.164557E-01	     33	     79	     46	  2.021692E-01	  2.557288E-01	  7.507477E-09	  5.068623E-05	  1.135641E-04	  1.036241E-05	  0.000000E+00	  1.660092E-04	     15	     81	  8.3182965E-01	     81
 1.02900000E+04	 -4.373000E-02	  6.915485E-02	  0.000000E+00	 -7.551348E-03	 -2.542671E-03	  5.203311E-04	  1.024715E-03	  2.664950E-03	  2.316093E-05	     79	  5.960380E-01	 -2.804466E-02	  4.039620E-01	  2.457908E-01	 -2.768394E-02	  7.066487E-02	  3.164557E-01	     33	     79	     46	  2.021771E-01	  2.557370E-01	  6.934071E-09	  5.071387E-05	  1.136247E-04	  1.036486E-05	  0.000000E+00	  1.660993E-04	     13	     79	  8.3182422E-01	     79
 1.03000000E+04	 -4.375000E-02	  6.919574E-02	  0.000000E+00	 -7.548847E-03	 -2.542795E-03	  5.187281E-04	  1.000877E-03	  2.544271E-03	  3.036152E-05	     80	  5.960062E-01	 -2.804557E-02	  4.039938E-01	  2.457843E-01	 -2.768565E-02	  7.067138E-02	  3.164557E-01	     33	     79	     46	  2.021979E-01	  2.557587E-01	  6.533765E-09	  5.071225E-05	  1.136865E-04	  1.036713E-05	  0.000000E+00	  1.661614E-04	     13	     80	  8.3180981E-01	     80
 1.03100000E+04	 -4.377000E-02	  6.924335E-02	  0.000000E+00	 -7.544464E-03	 -2.542692E-03	  5.168553E-04	  9.885843E-04	  2.383167E-03	  7.863892E-06	     80	  5.959733E-01	 -2.804704E-02	  4.040267E-01	  2.457766E-01	 -2.768785E-02	  7.067913E-02	  3.164557E-01	     33	     79	     46	  2.022263E-01	  2.557884E-01	  6.281254E-09	  5.069487E-05	  1.137476E-04	  1.036929E-05	  0.000000E+00	  1.662070E-04	     12	     80	  8.3179016E-01	     80
 1.03200000E+04	 -4.379000E-02	  6.929235E-02	  0.000000E+00	 -7.539024E-03	 -2.542709E-03	  5.161937E-04	  8.500258E-04	  2.294902E-03	  2.223860E-05	     80	  5.959397E-01	 -2.804880E-02	  4.040603E-01	  2.457680E-01	 -2.769094E-02	  7.068771E-02	  3.164557E-01	     33	     79	     46	  2.022562E-01	  2.558197E-01	  6.077800E-09	  5.067654E-05	  1.138062E-04	  1.037138E-05	  0.000000E+00	  1.662491E-04	     12	     80	  8.3176944E-01	     80
 1.03300000E+04	 -4.381000E-02	  6.934284E-02	  0.000000E+00	 -7.533758E-03	 -2.542664E-03	  5.144015E-04	  8.324201E-04	  2.176330E-03	  3.419452E-05	     79	  5.959048E-01	 -2.805082E-02	  4.040952E-01	  2.347431E-01	 -2.344158E-02	  6.905434E-02	  3.037975E-01	     33	     79	     46	  2.022879E-01	  2.558527E-01	  5.864416E-09	  5.065391E-05	  1.138654E-04	  1.037339E-05	  0.000000E+00	  1.662875E-04	     12	     79	  8.3174757E-01	     79
 1.03400000E+04	 -4.383000E-02	  6.939039E-02	  0.000000E+00	 -7.529534E-03	 -2.542739E-03	  5.127840E-04	  7.486889E-04	  2.154901E-03	  3.059639E-06	     80	  5.958710E-01	 -2.805220E-02	  4.041290E-01	  2.457514E-01	 -2.769767E-02	  7.070433E-02	  3.164557E-01	     33	     79	     46	  2.023162E-01	  2.558823E-01	  5.697658E-09	  5.064110E-05	  1.139219E-04	  1.037533E-05	  0.000000E+00	  1.663330E-04	     11	     80	  8.3172798E-01	     80
 1.03500000E+04	 -4.385000E-02	  6.943872E-02	  0.000000E+00	 -7.525128E-03	 -2.542575E-03	  5.120326E-04	  7.839482E-04	  2.014291E-03	  3.985707E-06	     81	  5.958368E-01	 -2.805360E-02	  4.041632E-01	  2.457428E-01	 -2.770085E-02	  7.071288E-02	  3.164557E-01	     33	     79	     46	  2.023454E-01	  2.559128E-01	  5.569949E-09	  5.062368E-05	  1.139810E-04	  1.037724E-05	  0.000000E+00	  1.663765E-04	     14	     81	  8.3170779E-01	     81
 1.03600000E+04	 -4.387000E-02	  6.948324E-02	  0.000000E+00	 -7.520640E-03	 -2.542710E-03	  5.116663E-04	  6.883801E-04	  2.124733E-03	  1.563903E-06	     80	  5.958032E-01	 -2.805540E-02	  4.041968E-01	  2.457345E-01	 -2.770387E-02	  7.072123E-02	  3.164557E-01	     33	     79	     46	  2.023703E-01	  2.559388E-01	  5.484310E-09	  5.061803E-05	  1.140376E-04	  1.037911E-05	  0.000000E+00	  1.664292E-04	     14	     80	  8.3169056E-01	     80
 1.03700000E+04	 -4.389000E-02	  6.952931E-02	  0.000000E+00	 -7.516722E-03	 -2.542518E-03	  5.115229E-04	  6.573775E-04	  2.176925E-03	  3.573631E-05	     81	  5.957697E-01	 -2.805796E-02	  4.042303E-01	  2.457260E-01	 -2.770714E-02	  7.072970E-02	  3.164557E-01	     33	     79	     46	  2.023969E-01	  2.559666E-01	  5.416520E-09	  5.060468E-05	  1.140980E-04	  1.038095E-05	  0.000000E+00	  1.664780E-04	     15	     81	  8.3167213E-01	     81
 1.03800000E+04	 -4.391000E-02	  6.957095E-02	  0.000000E+00	 -7.513479E-03	 -2.542681E-03	  5.117029E-04	  6.532175E-04	  2.194227E-03	  1.261165E-05	     80	  6.028724E-01	 -3.090958E-02	  3.971276E-01	  2.488676E-01	 -2.806583E-02	  7.164526E-02	  3.205128E-01	     32	     78	     46	  2.024186E-01	  2.559892E-01	  5.371816E-09	  5.060327E-05	  1.141572E-04	  1.038277E-05	  0.000000E+00	  1.665375E-04	     15	     80	  8.3165715E-01	     80
 1.03900000E+04	 -4.393000E-02	  6.961291E-02	  0.000000E+00	 -7.512498E-03	 -2.542648E-03	  5.120388E-04	  5.845271E-04	  2.273503E-03	  1.341133E-05	     80	  6.028413E-01	 -3.091292E-02	  3.971587E-01	  2.488589E-01	 -2.806955E-02	  7.165393E-02	  3.205128E-01	     32	     78	     46	  2.024406E-01	  2.560122E-01	  5.280828E-09	  5.060110E-05	  1.142163E-04	  1.038456E-05	  0.000000E+00	  1.665962E-04	     15	     80	  8.3164193E-01	     80
 1.04000000E+04	 -4.395000E-02	  6.965414E-02	  0.000000E+00	 -7.512196E-03	 -2.542644E-03	  5.125504E-04	  5.376156E-04	  2.310554E-03	  3.748579E-06	     80	  6.028118E-01	 -3.091545E-02	  3.971882E-01	  2.488505E-01	 -2.807346E-02	  7.166234E-02	  3.205128E-01	     32	     78	     46	  2.024618E-01	  2.560344E-01	  5.217744E-09	  5.060034E-05	  1.142759E-04	  1.038631E-05	  0.000000E+00	  1.666567E-04	     14	     80	  8.3162727E-01	     80
 1.04100000E+04	 -4.397000E-02	  6.969272E-02	  0.000000E+00	 -7.513974E-03	 -2.542693E-03	  5.125027E-04	  5.077749E-04	  2.248410E-03	  2.829398E-07	     80	  6.027842E-01	 -3.091841E-02	  3.972158E-01	  2.488425E-01	 -2.807734E-02	  7.167028E-02	  3.205128E-01	     32	     78	     46	  2.024800E-01	  2.560534E-01	  5.168599E-09	  5.060910E-05	  1.143324E-04	  1.038803E-05	  0.000000E+00	  1.667236E-04	     14	     80	  8.3161467E-01	     80
 1.04200000E+04	 -4.399000E-02	  6.972894E-02	  0.000000E+00	 -7.516558E-03	 -2.542659E-03	  5.123888E-04	  5.077009E-04	  2.136981E-03	  3.597464E-06	     80	  6.027578E-01	 -3.092093E-02	  3.972422E-01	  2.488351E-01	 -2.808132E-02	  7.167772E-02	  3.205128E-01	     32	     78	     46	  2.024956E-01	  2.560697E-01	  5.132256E-09	  5.062525E-05	  1.143873E-04	  1.038974E-05	  0.000000E+00	  1.667964E-04	     14	     80	  8.3160390E-01	     80
 1.04300000E+04	 -4.401000E-02	  6.976306E-02	  0.000000E+00	 -7.520005E-03	 -2.542641E-03	  5.122645E-04	  5.111146E-04	  2.018434E-03	  1.979776E-05	     79	  6.027326E-01	 -3.092386E-02	  3.972674E-01	  2.376742E-01	 -2.377394E-02	  7.001809E-02	  3.076923E-01	     32	     78	     46	  2.025087E-01	  2.560834E-01	  5.110826E-09	  5.064954E-05	  1.144393E-04	  1.039143E-05	  0.000000E+00	  1.668743E-04	     14	     79	  8.3159479E-01	     79
 1.04400000E+04	 -4.403000E-02	  6.979453E-02	  0.000000E+00	 -7.524456E-03	 -2.542690E-03	  5.125837E-04	  4.581985E-04	  2.053750E-03	  2.693062E-06	     79	  6.027087E-01	 -3.092665E-02	  3.972913E-01	  2.376684E-01	 -2.377736E-02	  7.002389E-02	  3.076923E-01	     32	     78	     46	  2.025190E-01	  2.560941E-01	  5.112240E-09	  5.068556E-05	  1.144860E-04	  1.039312E-05	  0.000000E+00	  1.669587E-04	     13	     79	  8.3158771E-01	     79
 1.04500000E+04	 -4.405000E-02	  6.982566E-02	  0.000000E+00	 -7.529875E-03	 -2.542682E-03	  5.129711E-04	  4.694003E-04	  2.079249E-03	  6.601417E-07	     80	  6.026853E-01	 -3.092884E-02	  3.973147E-01	  2.488170E-01	 -2.809266E-02	  7.169586E-02	  3.205128E-01	     32	     78	     46	  2.025288E-01	  2.561044E-01	  5.162993E-09	  5.072698E-05	  1.145282E-04	  1.039481E-05	  0.000000E+00	  1.670441E-04	     13	     80	  8.3158092E-01	     80
 1.04600000E+04	 -4.410000E-02	  6.986125E-02	  0.000000E+00	 -7.561658E-03	 -2.542881E-03	  5.140526E-04	  6.761513E-04	  2.407671E-03	  6.671681E-05	     79	  6.026539E-01	 -3.093156E-02	  3.973461E-01	  2.488094E-01	 -2.809706E-02	  7.170342E-02	  3.205128E-01	     32	     78	     46	  2.025059E-01	  2.560805E-01	  5.479838E-09	  5.099633E-05	  1.145740E-04	  1.039656E-05	  0.000000E+00	  1.673613E-04	     13	     79	  8.3159675E-01	     79
 1.04700000E+04	 -4.415000E-02	  6.991253E-02	  0.000000E+00	 -7.585547E-03	 -2.541340E-03	  5.158355E-04	  7.851860E-04	  3.071994E-03	  4.847019E-05	     79	  6.026167E-01	 -3.093447E-02	  3.973833E-01	  2.487994E-01	 -2.810226E-02	  7.171338E-02	  3.205128E-01	     32	     78	     46	  2.025006E-01	  2.560750E-01	  6.319823E-09	  5.120910E-05	  1.146390E-04	  1.039851E-05	  0.000000E+00	  1.676418E-04	     13	     79	  8.3160039E-01	     79
 1.04800000E+04	 -4.420000E-02	  6.997437E-02	  0.000000E+00	 -7.603492E-03	 -2.542960E-03	  5.175262E-04	  8.596802E-04	  3.703371E-03	  4.587125E-05	     79	  6.025743E-01	 -3.093807E-02	  3.974257E-01	  2.487878E-01	 -2.810836E-02	  7.172503E-02	  3.205128E-01	     32	     78	     46	  2.025072E-01	  2.560819E-01	  7.737382E-09	  5.137590E-05	  1.147244E-04	  1.040085E-05	  0.000000E+00	  1.678978E-04	     13	     79	  8.3159583E-01	     79
 1.04900000E+04	 -4.425000E-02	  7.005591E-02	  0.000000E+00	 -7.614078E-03	 -2.542955E-03	  5.181232E-04	  1.267261E-03	  4.297951E-03	  3.586125E-05	     79	  6.025242E-01	 -3.094194E-02	  3.974758E-01	  2.487731E-01	 -2.811559E-02	  7.173972E-02	  3.205128E-01	     32	     78	     46	  2.025360E-01	  2.561119E-01	  9.885988E-09	  5.146951E-05	  1.148347E-04	  1.040383E-05	  0.000000E+00	  1.681068E-04	     14	     79	  8.3157596E-01	     79
 1.05000000E+04	 -4.430000E-02	  7.015025E-02	  0.000000E+00	 -7.620992E-03	 -2.542729E-03	  5.180379E-04	  1.231849E-03	  4.413608E-03	  6.309786E-06	     79	  6.024688E-01	 -3.094549E-02	  3.975312E-01	  2.487573E-01	 -2.812380E-02	  7.175555E-02	  3.205128E-01	     32	     78	     46	  2.025791E-01	  2.561569E-01	  1.232949E-08	  5.152252E-05	  1.149539E-04	  1.040759E-05	  0.000000E+00	  1.682852E-04	     12	     79	  8.3154616E-01	     79
 1.05100000E+04	 -4.435000E-02	  7.025137E-02	  0.000000E+00	 -7.624797E-03	 -2.542823E-03	  5.181379E-04	  1.211092E-03	  4.702332E-03	  6.447758E-05	     79	  6.024100E-01	 -3.094893E-02	  3.975900E-01	  2.487414E-01	 -2.813205E-02	  7.177143E-02	  3.205128E-01	     32	     78	     46	  2.026298E-01	  2.562099E-01	  1.509613E-08	  5.155943E-05	  1.150718E-04	  1.041222E-05	  0.000000E+00	  1.684473E-04	     13	     79	  8.3151109E-01	     79
 1.05200000E+04	 -4.440000E-02	  7.036043E-02	  0.000000E+00	 -7.626239E-03	 -2.542749E-03	  5.180196E-04	  1.211690E-03	  4.910483E-03	  1.338765E-05	     79	  6.023472E-01	 -3.095245E-02	  3.976528E-01	  2.487249E-01	 -2.814080E-02	  7.178787E-02	  3.205128E-01	     32	     78	     46	  2.026894E-01	  2.562721E-01	  1.799906E-08	  5.158029E-05	  1.151856E-04	  1.041781E-05	  0.000000E+00	  1.685904E-04	     12	     79	  8.3146987E-01	     79
 1.05300000E+04	 -4.445000E-02	  7.047657E-02	  0.000000E+00	 -7.626053E-03	 -2.542775E-03	  5.173325E-04	  1.237084E-03	  5.118190E-03	  4.474090E-06	     79	  6.022805E-01	 -3.095688E-02	  3.977195E-01	  2.487080E-01	 -2.815006E-02	  7.180483E-02	  3.205128E-01	     32	     78	     46	  2.027570E-01	  2.563427E-01	  2.097563E-08	  5.158565E-05	  1.152967E-04	  1.042438E-05	  0.000000E+00	  1.687164E-04	     13	     79	  8.3142316E-01	     79
 1.05400000E+04	 -4.450000E-02	  7.059796E-02	  0.000000E+00	 -7.624677E-03	 -2.542685E-03	  5.172276E-04	  1.183490E-03	  5.358877E-03	  6.429640E-06	     80	  6.022110E-01	 -3.096224E-02	  3.977890E-01	  2.486907E-01	 -2.815955E-02	  7.182212E-02	  3.205128E-01	     32	     78	     46	  2.028304E-01	  2.564194E-01	  2.390806E-08	  5.158138E-05	  1.154038E-04	  1.043193E-05	  0.000000E+00	  1.688296E-04	     14	     80	  8.3137239E-01	     80
 1.05500000E+04	 -4.455000E-02	  7.072297E-02	  0.000000E+00	 -7.621689E-03	 -2.542617E-03	  5.175441E-04	  1.237080E-03	  5.313467E-03	  8.722475E-06	     79	  6.021397E-01	 -3.096845E-02	  3.978603E-01	  2.375235E-01	 -2.385298E-02	  7.016881E-02	  3.076923E-01	     32	     78	     46	  2.029079E-01	  2.565004E-01	  2.658419E-08	  5.156710E-05	  1.155113E-04	  1.044040E-05	  0.000000E+00	  1.689340E-04	     11	     79	  8.3131883E-01	     79
