  10  Dcircls_49_a-57                                     oval-0.7.296.f      
 0.0000000E+00   0.000000E+00  0.000000E+00  0.000000E+00  1.462519E-11       92
   0.00E+00     -2.496325E-03 -2.542448E-03  3.423443E-05  8.607136E-06 0.00E+00
   0.00E+00 0.00E+00 0.00E+00  7.020091E-13  0.000000E+00  0.000000E+00     1.00
 1.0000000E+01   0.000000E+00  0.000000E+00  0.000000E+00  1.242545E-10       92
   8.71E-03     -2.497024E-03 -2.542892E-03  3.381441E-05  8.606970E-06 0.00E+00
   3.92E-03 0.00E+00 4.41E-04  4.871901E-11  0.000000E+00  0.000000E+00     1.00
 2.0000000E+01   0.000000E+00  0.000000E+00  0.000000E+00  8.222145E-11       92
   7.73E-03     -2.496739E-03 -2.543002E-03  3.485291E-05  8.606973E-06 0.00E+00
   4.67E-03 0.00E+00 3.97E-04  8.791654E-11  0.000000E+00  0.000000E+00     1.00
 3.0000000E+01   0.000000E+00  0.000000E+00  0.000000E+00  6.128108E-11       92
   6.77E-03     -2.497462E-03 -2.542509E-03  3.472213E-05  8.606963E-06 0.00E+00
   4.53E-03 0.00E+00 3.45E-04  1.181382E-10  0.000000E+00  0.000000E+00     1.00
 4.0000000E+01   0.000000E+00  0.000000E+00  0.000000E+00  4.831175E-11       92
   6.18E-03     -2.498064E-03 -2.541456E-03  3.503735E-05  8.606951E-06 0.00E+00
   4.62E-03 0.00E+00 2.91E-04  1.400863E-10  0.000000E+00  0.000000E+00     1.00
 5.0000000E+01   0.000000E+00  0.000000E+00  0.000000E+00  4.194046E-11       92
   5.42E-03     -2.497814E-03 -2.542069E-03  3.455752E-05  8.606940E-06 0.00E+00
   3.48E-03 0.00E+00 2.80E-04  1.580773E-10  0.000000E+00  0.000000E+00     1.00
 6.0000000E+01   0.000000E+00  0.000000E+00  0.000000E+00  3.535646E-11       92
   4.81E-03     -2.497852E-03 -2.542944E-03  3.356822E-05  8.606929E-06 0.00E+00
   3.55E-03 0.00E+00 2.39E-04  1.742441E-10  0.000000E+00  0.000000E+00     1.00
 7.0000000E+01   0.000000E+00  0.000000E+00  0.000000E+00  3.221016E-11       92
   4.35E-03     -2.497004E-03 -2.542704E-03  3.407492E-05  8.606918E-06 0.00E+00
   3.06E-03 0.00E+00 2.10E-04  1.872797E-10  0.000000E+00  0.000000E+00     1.00
 8.0000000E+01   0.000000E+00  0.000000E+00  0.000000E+00  1.841820E-11       92
   3.72E-03     -2.497277E-03 -2.542722E-03  3.458415E-05  8.606922E-06 0.00E+00
   2.71E-03 0.00E+00 2.03E-04  1.974744E-10  0.000000E+00  0.000000E+00     1.00
 9.0000000E+01   0.000000E+00  0.000000E+00  0.000000E+00  1.811819E-11       92
   3.46E-03     -2.497639E-03 -2.542837E-03  3.490451E-05  8.606914E-06 0.00E+00
   2.60E-03 0.00E+00 1.65E-04  2.047255E-10  0.000000E+00  0.000000E+00     1.00
 1.0000000E+02   0.000000E+00  0.000000E+00  0.000000E+00  1.675924E-11       92
   3.00E-03     -2.497802E-03 -2.542695E-03  3.470143E-05  8.606909E-06 0.00E+00
   2.31E-03 0.00E+00 1.52E-04  2.112744E-10  0.000000E+00  0.000000E+00     1.00
 1.1000000E+02  -5.000000E-05  1.455240E-06  0.000000E+00  6.447138E-11       92
   2.91E-03     -2.543514E-03 -2.542805E-03  3.442079E-05  8.729209E-06 1.05E-04
   3.25E-03 0.00E+00 2.00E-04  2.247224E-10  0.000000E+00  1.223589E-07     1.00
 1.2000000E+02  -1.000000E-04  6.372170E-06  0.000000E+00  1.998950E-10       92
   2.61E-03     -2.583604E-03 -2.542884E-03  3.379394E-05  8.844721E-06 2.47E-04
   4.24E-03 0.00E+00 3.04E-04  2.753216E-10  0.000000E+00  2.380552E-07     1.00
 1.3000000E+02  -1.500000E-04  1.232666E-05  0.000000E+00  2.043726E-10       92
   2.24E-03     -2.623179E-03 -2.542649E-03  3.300382E-05  8.959668E-06 6.41E-06
   3.57E-03 0.00E+00 2.92E-04  3.441750E-10  0.000000E+00  3.530744E-07     1.00
 1.4000000E+02  -2.000000E-04  1.638194E-05  0.000000E+00  2.049757E-10       92
   2.00E-03     -2.665027E-03 -2.542666E-03  3.316069E-05  9.081481E-06 4.98E-06
   3.22E-03 0.00E+00 2.64E-04  4.109828E-10  1.148084E-11  4.749658E-07     1.00
 1.5000000E+02  -2.500000E-04  2.103107E-05  0.000000E+00  2.238650E-10       92
   1.79E-03     -2.706316E-03 -2.542696E-03  3.331612E-05  9.203742E-06 6.26E-06
   2.93E-03 0.00E+00 2.69E-04  4.826233E-10  1.369198E-10  5.974427E-07     1.00
 1.6000000E+02  -3.000000E-04  2.731446E-05  0.000000E+00  2.320126E-10       92
   1.64E-03     -2.746111E-03 -2.542688E-03  3.356172E-05  9.323770E-06 1.56E-06
   3.10E-03 0.00E+00 2.66E-04  5.578409E-10  3.741825E-10  7.177907E-07     1.00
 1.7000000E+02  -3.500000E-04  3.378366E-05  0.000000E+00  2.405077E-10       92
   1.40E-03     -2.785495E-03 -2.542698E-03  3.383315E-05  9.445139E-06 5.13E-06
   2.93E-03 0.00E+00 2.75E-04  6.364871E-10  7.689677E-10  8.396401E-07     1.00
 1.8000000E+02  -4.000000E-04  3.973705E-05  0.000000E+00  2.132779E-10       92
   1.26E-03     -2.825282E-03 -2.542710E-03  3.389137E-05  9.569773E-06 2.95E-06
   2.19E-03 0.00E+00 2.56E-04  7.114458E-10  1.223830E-09  9.647770E-07     1.00
 1.9000000E+02  -4.500000E-04  4.486796E-05  0.000000E+00  1.702925E-10       92
   1.15E-03     -2.865031E-03 -2.542724E-03  3.378842E-05  9.698451E-06 1.59E-06
   1.85E-03 0.00E+00 2.63E-04  7.749601E-10  1.745023E-09  1.093996E-06     1.00
 2.0000000E+02  -5.000000E-04  4.949244E-05  0.000000E+00  1.597437E-10       92
   9.60E-04     -2.906108E-03 -2.542694E-03  3.381700E-05  9.830518E-06 2.38E-07
   1.94E-03 0.00E+00 2.29E-04  8.279050E-10  2.166670E-09  1.226528E-06     1.00
 2.1000000E+02  -5.500000E-04  5.431839E-05  0.000000E+00  1.945186E-10       92
   8.86E-04     -2.946476E-03 -2.542689E-03  3.400202E-05  9.964053E-06 7.51E-07
   2.17E-03 0.00E+00 2.21E-04  8.858595E-10  2.603239E-09  1.360590E-06     1.00
 2.2000000E+02  -6.000000E-04  6.011853E-05  0.000000E+00  2.240182E-10       92
   7.85E-04     -2.985584E-03 -2.542702E-03  3.392901E-05  1.009709E-05 3.54E-06
   1.90E-03 0.00E+00 2.35E-04  9.564471E-10  3.044232E-09  1.494164E-06     1.00
 2.3000000E+02  -6.500000E-04  6.621490E-05  0.000000E+00  2.061905E-10       92
   7.07E-04     -3.024963E-03 -2.542690E-03  3.366029E-05  1.023130E-05 4.21E-06
   1.58E-03 0.00E+00 2.39E-04  1.027261E-09  3.551358E-09  1.628941E-06     1.00
 2.4000000E+02  -7.000000E-04  7.201086E-05  0.000000E+00  1.818751E-10       92
   6.59E-04     -3.065039E-03 -2.542696E-03  3.329468E-05  1.036824E-05 1.40E-06
   1.17E-03 0.00E+00 2.48E-04  1.091527E-09  4.106279E-09  1.766473E-06     1.00
 2.5000000E+02  -7.500000E-04  7.811974E-05  0.000000E+00  1.626457E-10       91
   5.53E-04     -3.105043E-03 -2.542700E-03  3.321444E-05  1.050637E-05 1.23E-06
   1.31E-03 0.00E+00 2.27E-04  1.147945E-09  4.682540E-09  1.905215E-06     1.00
 2.6000000E+02  -8.000000E-04  8.432648E-05  0.000000E+00  1.520940E-10       91
   4.94E-04     -3.145068E-03 -2.542687E-03  3.352556E-05  1.064626E-05 4.88E-06
   1.20E-03 0.00E+00 2.06E-04  1.199574E-09  5.248069E-09  2.045709E-06     1.00
 2.7000000E+02  -8.500000E-04  8.997583E-05  0.000000E+00  1.440731E-10       92
   4.44E-04     -3.185317E-03 -2.542680E-03  3.375753E-05  1.078959E-05 1.09E-06
   1.05E-03 0.00E+00 2.14E-04  1.248756E-09  5.790265E-09  2.189625E-06     1.00
 2.8000000E+02  -9.000000E-04  9.575770E-05  0.000000E+00  1.587287E-10       93
   8.30E-04     -3.226382E-03 -2.542703E-03  3.329165E-05  1.093463E-05 5.57E-07
   1.21E-03 0.00E+00 2.33E-04  1.299222E-09  6.315967E-09  2.335251E-06     1.00
 2.9000000E+02  -9.500000E-04  1.020936E-04  0.000000E+00  1.700874E-10       92
   6.06E-04     -3.266653E-03 -2.542683E-03  3.269325E-05  1.108027E-05 2.64E-06
   1.25E-03 0.00E+00 2.73E-04  1.356394E-09  6.850904E-09  2.481496E-06     1.00
 3.0000000E+02  -1.000000E-03  1.082620E-04  0.000000E+00  1.725358E-10       92
   5.20E-04     -3.307178E-03 -2.542692E-03  3.245648E-05  1.122833E-05 2.31E-07
   1.30E-03 0.00E+00 2.52E-04  1.413928E-09  7.417710E-09  2.630187E-06     1.00
 3.1000000E+02  -1.050000E-03  1.144636E-04  0.000000E+00  1.786399E-10       92
   4.64E-04     -3.347808E-03 -2.542733E-03  3.217751E-05  1.137817E-05 9.22E-06
   1.13E-03 0.00E+00 2.26E-04  1.472171E-09  8.157799E-09  2.780829E-06     1.00
 3.2000000E+02  -1.100000E-03  1.219084E-04  0.000000E+00  2.079576E-10       92
   5.83E-04     -3.386742E-03 -2.542718E-03  3.192460E-05  1.152484E-05 1.26E-05
   1.74E-03 0.00E+00 2.26E-04  1.535248E-09  1.088155E-08  2.930310E-06     1.00
 3.3000000E+02  -1.150000E-03  1.310123E-04  0.000000E+00  3.011692E-10       92
   5.97E-04     -3.423601E-03 -2.542785E-03  3.137797E-05  1.166706E-05 1.89E-05
   2.56E-03 0.00E+00 2.47E-04  1.619145E-09  1.565296E-08  3.077479E-06     1.00
 3.4000000E+02  -1.200000E-03  1.425552E-04  0.000000E+00  4.454412E-10       92
   6.79E-04     -3.457769E-03 -2.542722E-03  3.032216E-05  1.180142E-05 1.09E-05
   2.90E-03 0.00E+00 2.92E-04  1.743838E-09  2.377920E-08  3.220234E-06     1.00
 3.5000000E+02  -1.250000E-03  1.558390E-04  0.000000E+00  5.781214E-10       92
   6.01E-04     -3.489695E-03 -2.542702E-03  2.835051E-05  1.193123E-05 6.99E-06
   2.81E-03 0.00E+00 3.55E-04  1.917568E-09  3.365857E-08  3.360217E-06     1.00
 3.6000000E+02  -1.300000E-03  1.693797E-04  0.000000E+00  6.073239E-10       92
   4.84E-04     -3.520892E-03 -2.542682E-03  2.591450E-05  1.206152E-05 3.99E-06
   2.22E-03 0.00E+00 3.63E-04  2.116128E-09  4.404292E-08  3.501120E-06     1.00
 3.7000000E+02  -1.350000E-03  1.819800E-04  0.000000E+00  5.722586E-10       92
   4.22E-04     -3.552967E-03 -2.542677E-03  2.427119E-05  1.219673E-05 2.95E-06
   1.98E-03 0.00E+00 3.51E-04  2.309933E-09  5.354445E-08  3.645994E-06     1.00
 3.8000000E+02  -1.400000E-03  1.938440E-04  0.000000E+00  5.168199E-10       92
   3.33E-04     -3.586286E-03 -2.542697E-03  2.353795E-05  1.233676E-05 1.69E-07
   1.45E-03 0.00E+00 3.08E-04  2.486419E-09  6.178010E-08  3.794383E-06     1.00
 3.9000000E+02  -1.450000E-03  2.055402E-04  0.000000E+00  4.476708E-10       92
   3.49E-04     -3.620236E-03 -2.542659E-03  2.307462E-05  1.247965E-05 1.32E-05
   1.27E-03 0.00E+00 2.84E-04  2.641825E-09  6.930536E-08  3.944882E-06     1.00
 4.0000000E+02  -1.500000E-03  2.168558E-04  0.000000E+00  3.902470E-10       93
   4.25E-04     -3.654706E-03 -2.542696E-03  2.262447E-05  1.262522E-05 1.35E-05
   1.30E-03 0.00E+00 2.83E-04  2.777153E-09  7.683494E-08  4.098061E-06     1.00
 4.1000000E+02  -1.550000E-03  2.284956E-04  0.000000E+00  3.728990E-10       92
   4.83E-04     -3.688904E-03 -2.542705E-03  2.194899E-05  1.277109E-05 2.07E-06
   1.64E-03 0.00E+00 2.90E-04  2.901780E-09  8.493745E-08  4.252141E-06     1.00
 4.2000000E+02  -1.600000E-03  2.407723E-04  0.000000E+00  3.955688E-10       92
   4.47E-04     -3.722420E-03 -2.542694E-03  2.143062E-05  1.291623E-05 2.06E-07
   1.74E-03 0.00E+00 3.03E-04  3.029329E-09  9.381371E-08  4.406301E-06     1.00
 4.3000000E+02  -1.650000E-03  2.530603E-04  0.000000E+00  4.342690E-10       92
   3.43E-04     -3.755841E-03 -2.542689E-03  2.105879E-05  1.306278E-05 4.87E-06
   1.71E-03 0.00E+00 3.05E-04  3.167246E-09  1.028903E-07  4.562110E-06     1.00
 4.4000000E+02  -1.700000E-03  2.650287E-04  0.000000E+00  4.817837E-10       92
   3.27E-04     -3.789238E-03 -2.542684E-03  2.023210E-05  1.321182E-05 1.09E-06
   1.86E-03 0.00E+00 2.97E-04  3.317807E-09  1.119507E-07  4.720403E-06     1.00
 4.5000000E+02  -1.750000E-03  2.772269E-04  0.000000E+00  5.409896E-10       93
   3.40E-04     -3.822418E-03 -2.542699E-03  1.878954E-05  1.336196E-05 1.39E-06
   1.96E-03 0.00E+00 2.91E-04  3.485170E-09  1.209698E-07  4.879784E-06     1.00
 4.6000000E+02  -1.800000E-03  2.895558E-04  0.000000E+00  5.816659E-10       93
   3.41E-04     -3.855289E-03 -2.542696E-03  1.735952E-05  1.351304E-05 1.28E-07
   1.73E-03 0.00E+00 2.86E-04  3.668133E-09  1.303713E-07  5.040488E-06     1.00
 4.7000000E+02  -1.850000E-03  3.018785E-04  0.000000E+00  5.992000E-10       93
   3.44E-04     -3.887896E-03 -2.542701E-03  1.667773E-05  1.366552E-05 1.11E-06
   1.66E-03 0.00E+00 2.96E-04  3.860295E-09  1.400397E-07  5.202849E-06     1.00
 4.8000000E+02  -1.900000E-03  3.146323E-04  0.000000E+00  6.062425E-10       93
   3.75E-04     -3.919906E-03 -2.542698E-03  1.656747E-05  1.381783E-05 2.69E-06
   1.58E-03 0.00E+00 2.98E-04  4.056294E-09  1.504204E-07  5.365739E-06     1.00
 4.9000000E+02  -1.950000E-03  3.280467E-04  0.000000E+00  6.027876E-10       93
   4.04E-04     -3.951210E-03 -2.542693E-03  1.637935E-05  1.396867E-05 1.91E-06
   1.70E-03 0.00E+00 3.13E-04  4.253373E-09  1.621890E-07  5.528538E-06     1.00
 5.0000000E+02  -2.000000E-03  3.414944E-04  0.000000E+00  6.043683E-10       93
   3.89E-04     -3.982362E-03 -2.542693E-03  1.553513E-05  1.412003E-05 3.86E-07
   1.70E-03 0.00E+00 3.18E-04  4.450986E-09  1.749057E-07  5.692816E-06     1.00
 5.1000000E+02  -2.050000E-03  3.546565E-04  0.000000E+00  5.982503E-10       93
   3.23E-04     -4.014001E-03 -2.542673E-03  1.379647E-05  1.427399E-05 2.51E-05
   1.54E-03 0.00E+00 3.24E-04  4.648292E-09  1.873319E-07  5.859393E-06     1.00
 5.2000000E+02  -2.100000E-03  3.676222E-04  0.000000E+00  5.874934E-10       93
   2.97E-04     -4.045805E-03 -2.542688E-03  1.211810E-05  1.443072E-05 1.46E-06
   1.45E-03 0.00E+00 3.14E-04  4.842277E-09  1.990889E-07  6.028061E-06     1.00
 5.3000000E+02  -2.150000E-03  3.805127E-04  0.000000E+00  5.776044E-10       93
   2.83E-04     -4.077694E-03 -2.542711E-03  1.093113E-05  1.458958E-05 7.79E-06
   1.43E-03 0.00E+00 2.98E-04  5.031631E-09  2.105091E-07  6.198517E-06     1.00
 5.4000000E+02  -2.200000E-03  3.935375E-04  0.000000E+00  5.734862E-10       94
   2.92E-04     -4.109113E-03 -2.542765E-03  1.025386E-05  1.474924E-05 4.49E-06
   1.49E-03 0.00E+00 2.95E-04  5.218734E-09  2.223661E-07  6.370220E-06     1.00
 5.5000000E+02  -2.250000E-03  4.069302E-04  0.000000E+00  5.600244E-10       93
   3.59E-04     -4.140782E-03 -2.542693E-03  9.849622E-06  1.490939E-05 5.72E-07
   1.33E-03 0.00E+00 2.93E-04  5.403694E-09  2.343907E-07  6.542570E-06     1.00
 5.6000000E+02  -2.300000E-03  4.200475E-04  0.000000E+00  5.383929E-10       94
   3.17E-04     -4.172998E-03 -2.542690E-03  9.443598E-06  1.507191E-05 1.73E-06
   1.24E-03 0.00E+00 2.82E-04  5.581865E-09  2.463674E-07  6.717219E-06     1.00
 5.7000000E+02  -2.350000E-03  4.328152E-04  0.000000E+00  5.312691E-10       94
   3.25E-04     -4.205437E-03 -2.542701E-03  8.922163E-06  1.523722E-05 1.68E-06
   1.33E-03 0.00E+00 2.87E-04  5.755948E-09  2.580497E-07  6.894380E-06     1.00
 5.8000000E+02  -2.400000E-03  4.457283E-04  0.000000E+00  5.404303E-10       94
   3.33E-04     -4.237380E-03 -2.542704E-03  8.376895E-06  1.540300E-05 4.80E-06
   1.44E-03 0.00E+00 2.89E-04  5.930787E-09  2.704996E-07  7.072789E-06     1.00
 5.9000000E+02  -2.450000E-03  4.590846E-04  0.000000E+00  5.483133E-10       94
   2.94E-04     -4.268796E-03 -2.542708E-03  7.622433E-06  1.556870E-05 8.09E-06
   1.44E-03 0.00E+00 2.88E-04  6.108783E-09  2.834918E-07  7.251662E-06     1.00
 6.0000000E+02  -2.500000E-03  4.727278E-04  0.000000E+00  5.418236E-10       94
   2.89E-04     -4.300000E-03 -2.542694E-03  6.486377E-06  1.573460E-05 2.80E-05
   1.29E-03 0.00E+00 2.82E-04  6.286773E-09  2.971257E-07  7.431375E-06     1.00
 6.1000000E+02  -2.550000E-03  4.864538E-04  0.000000E+00  5.294567E-10       94
   3.04E-04     -4.331493E-03 -2.542693E-03  5.430015E-06  1.590193E-05 5.59E-07
   1.15E-03 0.00E+00 2.76E-04  6.461436E-09  3.107142E-07  7.612452E-06     1.00
 6.2000000E+02  -2.600000E-03  5.002197E-04  0.000000E+00  5.178348E-10       94
   2.84E-04     -4.362953E-03 -2.542702E-03  4.978923E-06  1.607076E-05 2.99E-06
   1.20E-03 0.00E+00 2.82E-04  6.632770E-09  3.242843E-07  7.795006E-06     1.00
 6.3000000E+02  -2.650000E-03  5.139747E-04  0.000000E+00  5.069397E-10       94
   2.68E-04     -4.394423E-03 -2.542687E-03  4.988371E-06  1.624141E-05 3.04E-06
   1.14E-03 0.00E+00 2.81E-04  6.800849E-09  3.376367E-07  7.979167E-06     1.00
 6.4000000E+02  -2.700000E-03  5.272554E-04  0.000000E+00  4.989359E-10       94
   2.28E-04     -4.426314E-03 -2.542691E-03  4.869773E-06  1.641512E-05 1.90E-06
   1.12E-03 0.00E+00 2.75E-04  6.965159E-09  3.507240E-07  8.166120E-06     1.00
 6.5000000E+02  -2.750000E-03  5.404332E-04  0.000000E+00  5.080350E-10       93
   2.48E-04     -4.458296E-03 -2.542700E-03  4.136441E-06  1.659096E-05 2.66E-06
   1.24E-03 0.00E+00 2.67E-04  7.129440E-09  3.635229E-07  8.354936E-06     1.00
 6.6000000E+02  -2.800000E-03  5.538012E-04  0.000000E+00  5.301233E-10       93
   2.82E-04     -4.490065E-03 -2.542706E-03  3.144691E-06  1.676790E-05 4.79E-06
   1.31E-03 0.00E+00 2.65E-04  7.299018E-09  3.763370E-07  8.544874E-06     1.00
 6.7000000E+02  -2.850000E-03  5.674517E-04  0.000000E+00  5.490660E-10       93
   2.61E-04     -4.521488E-03 -2.542698E-03  2.275821E-06  1.694523E-05 5.14E-06
   1.28E-03 0.00E+00 2.67E-04  7.475408E-09  3.896132E-07  8.735676E-06     1.00
 6.8000000E+02  -2.900000E-03  5.816380E-04  0.000000E+00  5.559946E-10       93
   2.85E-04     -4.552600E-03 -2.542683E-03  1.560791E-06  1.712217E-05 3.50E-06
   1.21E-03 0.00E+00 2.70E-04  7.656263E-09  4.034978E-07  8.926691E-06     1.00
 6.9000000E+02  -2.950000E-03  5.961738E-04  0.000000E+00  5.565059E-10       93
   2.83E-04     -4.583763E-03 -2.542704E-03  7.753240E-07  1.729940E-05 2.27E-06
   1.24E-03 0.00E+00 2.75E-04  7.838513E-09  4.177743E-07  9.118382E-06     1.00
 7.0000000E+02  -3.000000E-03  6.109780E-04  0.000000E+00  5.498630E-10       93
   2.63E-04     -4.614761E-03 -2.542695E-03  5.132856E-08  1.747733E-05 2.16E-07
   1.11E-03 0.00E+00 2.76E-04  8.020116E-09  4.322412E-07  9.310952E-06     1.00
 7.1000000E+02  -3.050000E-03  6.256439E-04  0.000000E+00  5.377883E-10       93
   2.46E-04     -4.645801E-03 -2.542691E-03 -5.594742E-07  1.765708E-05 1.01E-06
   1.05E-03 0.00E+00 2.74E-04  8.198652E-09  4.468106E-07  9.505430E-06     1.00
 7.2000000E+02  -3.100000E-03  6.401174E-04  0.000000E+00  5.262165E-10       93
   2.44E-04     -4.676909E-03 -2.542693E-03 -1.218129E-06  1.783906E-05 9.55E-07
   1.04E-03 0.00E+00 2.71E-04  8.373186E-09  4.611893E-07  9.701955E-06     1.00
 7.3000000E+02  -3.150000E-03  6.546202E-04  0.000000E+00  5.160093E-10       93
   2.44E-04     -4.707875E-03 -2.542719E-03 -1.919067E-06  1.802238E-05 1.70E-06
   1.04E-03 0.00E+00 2.70E-04  8.544569E-09  4.757221E-07  9.899967E-06     1.00
 7.4000000E+02  -3.200000E-03  6.693389E-04  0.000000E+00  4.956890E-10       93
   2.34E-04     -4.738612E-03 -2.542694E-03 -2.679733E-06  1.820646E-05 1.32E-06
   1.03E-03 0.00E+00 2.64E-04  8.710806E-09  4.905089E-07  1.009898E-05     1.00
 7.5000000E+02  -3.250000E-03  6.839795E-04  0.000000E+00  4.663687E-10       93
   2.43E-04     -4.769508E-03 -2.542693E-03 -3.627713E-06  1.839203E-05 1.41E-07
   1.00E-03 0.00E+00 2.60E-04  8.868851E-09  5.055671E-07  1.029974E-05     1.00
 7.6000000E+02  -3.300000E-03  6.983518E-04  0.000000E+00  4.406041E-10       93
   2.58E-04     -4.800637E-03 -2.542694E-03 -4.430191E-06  1.857969E-05 1.05E-06
   1.03E-03 0.00E+00 2.54E-04  9.017759E-09  5.207761E-07  1.050273E-05     1.00
 7.7000000E+02  -3.350000E-03  7.124756E-04  0.000000E+00  4.256265E-10       93
   2.32E-04     -4.831796E-03 -2.542696E-03 -5.008309E-06  1.876920E-05 8.54E-07
   1.04E-03 0.00E+00 2.53E-04  9.160866E-09  5.363215E-07  1.070792E-05     1.00
 7.8000000E+02  -3.400000E-03  7.265031E-04  0.000000E+00  4.175004E-10       93
   2.20E-04     -4.862896E-03 -2.542687E-03 -5.303431E-06  1.896036E-05 1.77E-05
   1.14E-03 0.00E+00 2.48E-04  9.299997E-09  5.520325E-07  1.091491E-05     1.00
 7.9000000E+02  -3.450000E-03  7.409222E-04  0.000000E+00  4.280203E-10       92
   2.25E-04     -4.893845E-03 -2.542696E-03 -5.266301E-06  1.915085E-05 2.98E-06
   1.29E-03 0.00E+00 2.40E-04  9.438503E-09  5.689529E-07  1.112247E-05     1.00
 8.0000000E+02  -3.500000E-03  7.555837E-04  0.000000E+00  4.693807E-10       94
   3.30E-04     -4.925104E-03 -2.542698E-03 -5.037240E-06  1.934152E-05 4.88E-07
   1.42E-03 0.00E+00 2.35E-04  9.584899E-09  5.865938E-07  1.133097E-05     1.00
 8.1000000E+02  -3.550000E-03  7.702870E-04  0.000000E+00  5.347508E-10       94
   4.50E-04     -4.955496E-03 -2.542705E-03 -4.720681E-06  1.953282E-05 1.18E-06
   1.48E-03 0.00E+00 2.53E-04  9.750064E-09  6.050262E-07  1.154092E-05     1.00
 8.2000000E+02  -3.600000E-03  7.856490E-04  0.000000E+00  5.861206E-10       92
   3.61E-04     -4.985169E-03 -2.542707E-03 -4.801361E-06  1.972332E-05 7.79E-06
   1.47E-03 0.00E+00 2.72E-04  9.935438E-09  6.240826E-07  1.175072E-05     1.00
 8.3000000E+02  -3.650000E-03  8.020217E-04  0.000000E+00  6.142837E-10       92
   3.20E-04     -5.014502E-03 -2.542720E-03 -4.913697E-06  1.991136E-05 8.39E-06
   1.48E-03 0.00E+00 2.67E-04  1.013227E-08  6.445261E-07  1.195943E-05     1.00
 8.4000000E+02  -3.700000E-03  8.191887E-04  0.000000E+00  6.294469E-10       92
   3.69E-04     -5.043472E-03 -2.542698E-03 -5.020943E-06  2.009824E-05 4.47E-06
   1.39E-03 0.00E+00 2.66E-04  1.033566E-08  6.655903E-07  1.216759E-05     1.00
 8.5000000E+02  -3.750000E-03  8.368587E-04  0.000000E+00  6.440584E-10       92
   3.43E-04     -5.072171E-03 -2.542886E-03 -5.243958E-06  2.028486E-05 2.58E-06
   1.48E-03 0.00E+00 2.64E-04  1.054405E-08  6.870945E-07  1.237593E-05     1.00
 8.6000000E+02  -3.800000E-03  8.553643E-04  0.000000E+00  6.598334E-10       92
   3.28E-04     -5.100602E-03 -2.542697E-03 -5.642744E-06  2.047023E-05 1.06E-06
   1.58E-03 0.00E+00 2.69E-04  1.075765E-08  7.091449E-07  1.258358E-05     1.00
 8.7000000E+02  -3.850000E-03  8.738731E-04  0.000000E+00  6.824785E-10       93
   3.15E-04     -5.128856E-03 -2.542690E-03 -6.096430E-06  2.065593E-05 2.69E-06
   1.66E-03 0.00E+00 2.64E-04  1.097736E-08  7.322806E-07  1.279266E-05     1.00
 8.8000000E+02  -3.900000E-03  8.923874E-04  0.000000E+00  6.931616E-10       94
   3.52E-04     -5.157193E-03 -2.542686E-03 -6.497345E-06  2.084271E-05 6.22E-07
   1.65E-03 0.00E+00 2.64E-04  1.120256E-08  7.557471E-07  1.300314E-05     1.00
 8.9000000E+02  -3.950000E-03  9.104960E-04  0.000000E+00  6.962516E-10       94
   3.71E-04     -5.185565E-03 -2.542698E-03 -6.460104E-06  2.103237E-05 4.59E-08
   1.61E-03 0.00E+00 2.58E-04  1.142949E-08  7.787943E-07  1.321608E-05     1.00
 9.0000000E+02  -4.000000E-03  9.279455E-04  0.000000E+00  6.803809E-10       93
   3.36E-04     -5.214375E-03 -2.542690E-03 -5.762103E-06  2.122561E-05 4.53E-06
   1.48E-03 0.00E+00 2.59E-04  1.165451E-08  8.013856E-07  1.343212E-05     1.00
 9.1000000E+02  -4.050000E-03  9.447256E-04  0.000000E+00  6.522854E-10       94
   3.30E-04     -5.243875E-03 -2.542672E-03 -4.779051E-06  2.142189E-05 2.76E-06
   1.38E-03 0.00E+00 2.62E-04  1.187257E-08  8.241233E-07  1.365132E-05     1.00
 9.2000000E+02  -4.100000E-03  9.607041E-04  0.000000E+00  6.291498E-10       94
   3.22E-04     -5.273646E-03 -2.542690E-03 -4.137208E-06  2.162218E-05 2.38E-06
   1.41E-03 0.00E+00 2.69E-04  1.208303E-08  8.463756E-07  1.387405E-05     1.00
 9.3000000E+02  -4.150000E-03  9.771311E-04  0.000000E+00  6.217926E-10       91
   3.16E-04     -5.302720E-03 -2.542722E-03 -4.109885E-06  2.182227E-05 1.21E-05
   1.51E-03 0.00E+00 2.74E-04  1.228963E-08  8.691551E-07  1.409712E-05     1.00
 9.4000000E+02  -4.200000E-03  9.948398E-04  0.000000E+00  6.314079E-10       92
   3.00E-04     -5.331258E-03 -2.542735E-03 -4.679960E-06  2.201870E-05 8.95E-07
   1.69E-03 0.00E+00 2.71E-04  1.249629E-08  8.937790E-07  1.431839E-05     1.00
 9.5000000E+02  -4.250000E-03  1.013922E-03  0.000000E+00  6.706597E-10       91
   3.77E-04     -5.359404E-03 -2.542759E-03 -5.483755E-06  2.221129E-05 2.49E-05
   1.88E-03 0.00E+00 2.67E-04  1.271033E-08  9.201591E-07  1.453761E-05     1.00
 9.6000000E+02  -4.300000E-03  1.035803E-03  0.000000E+00  7.714322E-10       91
   5.54E-04     -5.386771E-03 -2.542714E-03 -6.895588E-06  2.239506E-05 2.77E-06
   2.14E-03 0.00E+00 2.76E-04  1.294737E-08  9.495850E-07  1.475114E-05     1.00
 9.7000000E+02  -4.350000E-03  1.058854E-03  0.000000E+00  9.365566E-10       91
   5.71E-04     -5.413188E-03 -2.542772E-03 -8.716030E-06  2.257492E-05 3.43E-05
   2.42E-03 0.00E+00 2.89E-04  1.322759E-08  9.812175E-07  1.496307E-05     1.00
 9.8000000E+02  -4.400000E-03  1.082950E-03  0.000000E+00  1.163174E-09       92
   6.02E-04     -5.438512E-03 -2.543260E-03 -1.099154E-05  2.275090E-05 2.49E-06
   2.58E-03 0.00E+00 3.30E-04  1.357535E-08  1.015251E-06  1.517365E-05     1.00
 9.9000000E+02  -4.450000E-03  1.109133E-03  0.000000E+00  1.388359E-09       91
   5.47E-04     -5.463082E-03 -2.542702E-03 -1.350604E-05  2.292125E-05 3.45E-07
   2.46E-03 0.00E+00 3.72E-04  1.399954E-08  1.050807E-06  1.538021E-05     1.00
 1.0000000E+03  -4.500000E-03  1.135110E-03  0.000000E+00  1.566082E-09       92
   4.88E-04     -5.487286E-03 -2.542697E-03 -1.559161E-05  2.309222E-05 3.93E-07
   2.41E-03 0.00E+00 3.97E-04  1.448990E-08  1.087484E-06  1.558852E-05     1.00
 1.0100000E+03  -4.550000E-03  1.161460E-03  0.000000E+00  1.672004E-09       91
   4.46E-04     -5.510748E-03 -2.542677E-03 -1.735769E-05  2.326194E-05 1.67E-05
   2.25E-03 0.00E+00 3.94E-04  1.502351E-08  1.125707E-06  1.579710E-05     1.00
 1.0200000E+03  -4.600000E-03  1.187884E-03  0.000000E+00  1.688193E-09       91
   4.27E-04     -5.534094E-03 -2.542678E-03 -1.924774E-05  2.343271E-05 3.41E-06
   2.00E-03 0.00E+00 3.79E-04  1.557297E-08  1.163926E-06  1.600666E-05     1.00
 1.0300000E+03  -4.650000E-03  1.213773E-03  0.000000E+00  1.655377E-09       92
   4.13E-04     -5.558009E-03 -2.542723E-03 -2.144175E-05  2.360651E-05 3.82E-06
   1.84E-03 0.00E+00 3.73E-04  1.611787E-08  1.201731E-06  1.621876E-05     1.00
 1.0400000E+03  -4.700000E-03  1.239292E-03  0.000000E+00  1.612867E-09       91
   3.41E-04     -5.582328E-03 -2.542698E-03 -2.371071E-05  2.378300E-05 6.25E-06
   1.79E-03 0.00E+00 3.56E-04  1.664837E-08  1.239009E-06  1.643303E-05     1.00
 1.0500000E+03  -4.750000E-03  1.264329E-03  0.000000E+00  1.569254E-09       92
   3.32E-04     -5.607121E-03 -2.542683E-03 -2.563769E-05  2.396277E-05 9.43E-07
   1.66E-03 0.00E+00 3.46E-04  1.716402E-08  1.275493E-06  1.664975E-05     1.00
 1.0600000E+03  -4.800000E-03  1.288902E-03  0.000000E+00  1.526477E-09       92
   3.39E-04     -5.632369E-03 -2.542717E-03 -2.737000E-05  2.414631E-05 2.11E-06
   1.55E-03 0.00E+00 3.34E-04  1.766522E-08  1.310651E-06  1.686891E-05     1.00
 1.0700000E+03  -4.850000E-03  1.313114E-03  0.000000E+00  1.484987E-09       92
   3.39E-04     -5.657842E-03 -2.542688E-03 -2.925388E-05  2.433252E-05 7.55E-06
   1.52E-03 0.00E+00 3.31E-04  1.815274E-08  1.345354E-06  1.709026E-05     1.00
 1.0800000E+03  -4.900000E-03  1.336745E-03  0.000000E+00  1.465985E-09       92
   3.41E-04     -5.683519E-03 -2.542697E-03 -3.124152E-05  2.452190E-05 2.06E-06
   1.57E-03 0.00E+00 3.23E-04  1.863021E-08  1.379631E-06  1.731438E-05     1.00
 1.0900000E+03  -4.950000E-03  1.360440E-03  0.000000E+00  1.481583E-09       93
   3.64E-04     -5.708986E-03 -2.542691E-03 -3.359585E-05  2.471119E-05 1.72E-06
   1.68E-03 0.00E+00 3.30E-04  1.910776E-08  1.415093E-06  1.753962E-05     1.00
 1.1000000E+03  -5.000000E-03  1.384600E-03  0.000000E+00  1.549108E-09       93
   3.91E-04     -5.733883E-03 -2.542712E-03 -3.633144E-05  2.489877E-05 1.03E-05
   1.86E-03 0.00E+00 3.42E-04  1.960042E-08  1.452292E-06  1.776496E-05     1.00
 1.1100000E+03  -5.050000E-03  1.409831E-03  0.000000E+00  1.658854E-09       91
   4.13E-04     -5.757898E-03 -2.542704E-03 -3.903034E-05  2.508293E-05 4.79E-06
   1.95E-03 0.00E+00 3.56E-04  2.012529E-08  1.491364E-06  1.798883E-05     1.00
 1.1200000E+03  -5.100000E-03  1.436229E-03  0.000000E+00  1.767769E-09       91
   4.14E-04     -5.781114E-03 -2.542699E-03 -4.122335E-05  2.526392E-05 1.56E-06
   1.96E-03 0.00E+00 3.73E-04  2.068839E-08  1.531814E-06  1.821093E-05     1.00
 1.1300000E+03  -5.150000E-03  1.463192E-03  0.000000E+00  1.826921E-09       90
   4.20E-04     -5.803944E-03 -2.542748E-03 -4.302828E-05  2.544426E-05 4.67E-06
   1.80E-03 0.00E+00 3.89E-04  2.128141E-08  1.572660E-06  1.843277E-05     1.00
 1.1400000E+03  -5.200000E-03  1.490617E-03  0.000000E+00  1.796127E-09       90
   4.39E-04     -5.826823E-03 -2.542688E-03 -4.457619E-05  2.562435E-05 1.37E-06
   1.54E-03 0.00E+00 4.01E-04  2.188145E-08  1.613825E-06  1.865459E-05     1.00
 1.1500000E+03  -5.250000E-03  1.517558E-03  0.000000E+00  1.688073E-09       90
   3.76E-04     -5.849969E-03 -2.542679E-03 -4.600286E-05  2.580765E-05 4.30E-07
   1.36E-03 0.00E+00 4.00E-04  2.245732E-08  1.654274E-06  1.887881E-05     1.00
 1.1600000E+03  -5.300000E-03  1.543901E-03  0.000000E+00  1.552022E-09       90
   3.05E-04     -5.873504E-03 -2.542684E-03 -4.739767E-05  2.599459E-05 7.21E-06
   1.28E-03 0.00E+00 3.85E-04  2.299131E-08  1.693832E-06  1.910571E-05     1.00
 1.1700000E+03  -5.350000E-03  1.569419E-03  0.000000E+00  1.430234E-09       90
   2.96E-04     -5.897646E-03 -2.542688E-03 -4.915739E-05  2.618609E-05 7.92E-07
   1.22E-03 0.00E+00 3.66E-04  2.348137E-08  1.732161E-06  1.933590E-05     1.00
 1.1800000E+03  -5.400000E-03  1.594431E-03  0.000000E+00  1.351436E-09       91
   3.04E-04     -5.922095E-03 -2.542690E-03 -5.114316E-05  2.638095E-05 1.86E-06
   1.25E-03 0.00E+00 3.53E-04  2.393813E-08  1.769623E-06  1.956861E-05     1.00
 1.1900000E+03  -5.450000E-03  1.619049E-03  0.000000E+00  1.310601E-09       90
   3.14E-04     -5.946829E-03 -2.542688E-03 -5.308672E-05  2.657853E-05 9.94E-06
   1.29E-03 0.00E+00 3.45E-04  2.437639E-08  1.806588E-06  1.980355E-05     1.00
 1.2000000E+03  -5.500000E-03  1.643309E-03  0.000000E+00  1.300189E-09       91
   3.23E-04     -5.971879E-03 -2.542689E-03 -5.494303E-05  2.677873E-05 1.54E-06
   1.31E-03 0.00E+00 3.43E-04  2.480734E-08  1.843073E-06  2.004065E-05     1.00
 1.2100000E+03  -5.550000E-03  1.667381E-03  0.000000E+00  1.315496E-09       90
   3.28E-04     -5.997124E-03 -2.542704E-03 -5.677404E-05  2.698095E-05 2.87E-06
   1.36E-03 0.00E+00 3.47E-04  2.524047E-08  1.879254E-06  2.027950E-05     1.00
 1.2200000E+03  -5.600000E-03  1.691843E-03  0.000000E+00  1.352176E-09       90
   3.14E-04     -6.022141E-03 -2.542704E-03 -5.855286E-05  2.718327E-05 1.29E-06
   1.45E-03 0.00E+00 3.47E-04  2.568248E-08  1.915600E-06  2.051864E-05     1.00
 1.2300000E+03  -5.650000E-03  1.716757E-03  0.000000E+00  1.394494E-09       91
   3.23E-04     -6.046677E-03 -2.542704E-03 -6.029874E-05  2.738515E-05 1.45E-06
   1.48E-03 0.00E+00 3.49E-04  2.613763E-08  1.952464E-06  2.075788E-05     1.00
 1.2400000E+03  -5.700000E-03  1.741922E-03  0.000000E+00  1.421051E-09       90
   3.36E-04     -6.070993E-03 -2.542698E-03 -6.192760E-05  2.758692E-05 2.04E-07
   1.40E-03 0.00E+00 3.49E-04  2.660429E-08  1.990040E-06  2.099772E-05     1.00
 1.2500000E+03  -5.750000E-03  1.767116E-03  0.000000E+00  1.435193E-09       91
   3.53E-04     -6.095213E-03 -2.542693E-03 -6.350032E-05  2.778930E-05 1.24E-06
   1.37E-03 0.00E+00 3.55E-04  2.707822E-08  2.028167E-06  2.123871E-05     1.00
 1.2600000E+03  -5.800000E-03  1.792339E-03  0.000000E+00  1.445411E-09       90
   3.46E-04     -6.119177E-03 -2.542690E-03 -6.494802E-05  2.799246E-05 3.76E-06
   1.38E-03 0.00E+00 3.60E-04  2.755705E-08  2.066665E-06  2.148085E-05     1.00
 1.2700000E+03  -5.850000E-03  1.817589E-03  0.000000E+00  1.453073E-09       91
   3.40E-04     -6.142865E-03 -2.542694E-03 -6.645159E-05  2.819678E-05 6.99E-08
   1.37E-03 0.00E+00 3.63E-04  2.803954E-08  2.105128E-06  2.172413E-05     1.00
 1.2800000E+03  -5.900000E-03  1.843221E-03  0.000000E+00  1.484132E-09       90
   3.85E-04     -6.166800E-03 -2.542053E-03 -6.774618E-05  2.839935E-05 2.06E-06
   1.50E-03 0.00E+00 3.67E-04  2.852740E-08  2.145555E-06  2.196764E-05     1.00
 1.2900000E+03  -5.950000E-03  1.867826E-03  0.000000E+00  1.599199E-09       91
   3.36E-04     -6.190809E-03 -2.542695E-03 -6.905052E-05  2.860320E-05 1.48E-06
   2.09E-03 0.00E+00 3.64E-04  2.903737E-08  2.188405E-06  2.221496E-05     1.00
 1.3000000E+03  -6.000000E-03  1.893636E-03  0.000000E+00  1.804965E-09       91
   3.92E-04     -6.213815E-03 -2.542707E-03 -7.063936E-05  2.880242E-05 2.72E-06
   2.40E-03 0.00E+00 3.55E-04  2.959688E-08  2.233885E-06  2.246043E-05     1.00
 1.3100000E+03  -6.050000E-03  1.920091E-03  0.000000E+00  2.091234E-09       89
   3.59E-04     -6.236586E-03 -2.542709E-03 -7.291816E-05  2.899871E-05 2.08E-05
   2.65E-03 0.00E+00 3.60E-04  3.023415E-08  2.281667E-06  2.270542E-05     1.00
 1.3200000E+03  -6.100000E-03  1.947691E-03  0.000000E+00  2.471162E-09       90
   4.50E-04     -6.258868E-03 -2.542757E-03 -7.530993E-05  2.919060E-05 3.77E-06
   2.81E-03 0.00E+00 3.61E-04  3.097636E-08  2.331904E-06  2.294866E-05     1.00
 1.3300000E+03  -6.150000E-03  1.977054E-03  0.000000E+00  2.914872E-09       89
   4.70E-04     -6.280557E-03 -2.542716E-03 -7.682360E-05  2.937640E-05 7.99E-06
   3.04E-03 0.00E+00 3.77E-04  3.185117E-08  2.384690E-06  2.318855E-05     1.00
 1.3400000E+03  -6.200000E-03  2.008500E-03  0.000000E+00  3.405895E-09       90
   5.04E-04     -6.301547E-03 -2.542757E-03 -7.794900E-05  2.955522E-05 4.44E-05
   3.32E-03 0.00E+00 3.85E-04  3.287338E-08  2.440082E-06  2.342427E-05     1.00
 1.3500000E+03  -6.250000E-03  2.041904E-03  0.000000E+00  3.952573E-09       89
   5.49E-04     -6.322345E-03 -2.542716E-03 -7.897552E-05  2.972841E-05 5.00E-06
   3.60E-03 0.00E+00 4.16E-04  3.406290E-08  2.496987E-06  2.365610E-05     1.00
 1.3600000E+03  -6.300000E-03  2.076794E-03  0.000000E+00  4.616595E-09       91
   7.01E-04     -6.343883E-03 -2.542685E-03 -8.016890E-05  2.989878E-05 6.11E-06
   4.00E-03 0.00E+00 4.46E-04  3.544748E-08  2.553717E-06  2.388523E-05     1.00
 1.3700000E+03  -6.350000E-03  2.113000E-03  0.000000E+00  5.547028E-09       91
   1.39E-03     -6.364176E-03 -2.542765E-03 -8.047235E-05  3.006548E-05 4.21E-06
   4.34E-03 0.00E+00 5.06E-04  3.708675E-08  2.611378E-06  2.411214E-05     1.00
 1.3800000E+03  -6.400000E-03  2.151880E-03  0.000000E+00  6.700216E-09       91
   1.55E-03     -6.384697E-03 -2.542809E-03 -8.122955E-05  3.022561E-05 2.88E-05
   4.71E-03 0.00E+00 6.46E-04  3.910068E-08  2.669251E-06  2.433329E-05     1.00
 1.3900000E+03  -6.450000E-03  2.195785E-03  0.000000E+00  7.960666E-09       91
   1.66E-03     -6.403858E-03 -2.543124E-03 -8.316090E-05  3.036777E-05 1.61E-05
   5.36E-03 0.00E+00 6.06E-04  4.147828E-08  2.732987E-06  2.454280E-05     1.00
 1.4000000E+03  -6.500000E-03  2.244818E-03  0.000000E+00  9.130226E-09       91
   1.57E-03     -6.417088E-03 -2.542861E-03 -8.766897E-05  3.049024E-05 3.32E-05
   5.23E-03 0.00E+00 6.31E-04  4.424533E-08  2.803972E-06  2.474018E-05     1.00
 1.4100000E+03  -6.550000E-03  2.299247E-03  0.000000E+00  1.006883E-08       91
   1.35E-03     -6.427940E-03 -2.542651E-03 -9.280756E-05  3.059582E-05 1.93E-05
   5.00E-03 0.00E+00 7.35E-04  4.737245E-08  2.878717E-06  2.492455E-05     1.00
 1.4200000E+03  -6.600000E-03  2.352938E-03  0.000000E+00  1.055714E-08       91
   1.29E-03     -6.438493E-03 -2.542726E-03 -9.687777E-05  3.070193E-05 8.33E-06
   4.47E-03 0.00E+00 7.91E-04  5.073647E-08  2.955557E-06  2.511134E-05     1.00
 1.4300000E+03  -6.650000E-03  2.406926E-03  0.000000E+00  1.059236E-08       91
   1.11E-03     -6.448665E-03 -2.542783E-03 -9.908604E-05  3.080745E-05 8.39E-06
   4.31E-03 0.00E+00 7.76E-04  5.416203E-08  3.033164E-06  2.529793E-05     1.00
 1.4400000E+03  -6.700000E-03  2.459147E-03  0.000000E+00  1.049976E-08       91
   1.06E-03     -6.459959E-03 -2.542678E-03 -1.004186E-04  3.091855E-05 1.13E-05
   4.07E-03 0.00E+00 7.38E-04  5.755637E-08  3.110365E-06  2.548953E-05     1.00
 1.4500000E+03  -6.750000E-03  2.510391E-03  0.000000E+00  1.024889E-08       91
   1.01E-03     -6.471856E-03 -2.542684E-03 -1.031151E-04  3.103599E-05 8.48E-06
   3.88E-03 0.00E+00 7.31E-04  6.090031E-08  3.184501E-06  2.568421E-05     1.00
 1.4600000E+03  -6.800000E-03  2.561084E-03  0.000000E+00  9.999591E-09       91
   8.94E-04     -6.483671E-03 -2.542703E-03 -1.052843E-04  3.115800E-05 1.12E-06
   3.87E-03 0.00E+00 6.85E-04  6.414571E-08  3.256180E-06  2.588090E-05     1.00
 1.4700000E+03  -6.850000E-03  2.611585E-03  0.000000E+00  9.782012E-09       91
   1.01E-03     -6.496780E-03 -2.542423E-03 -1.071176E-04  3.128234E-05 1.89E-04
   3.68E-03 0.00E+00 6.73E-04  6.732603E-08  3.326713E-06  2.607873E-05     1.00
 1.4800000E+03  -6.900000E-03  2.660624E-03  0.000000E+00  9.495600E-09       90
   9.52E-04     -6.510650E-03 -2.542692E-03 -1.080796E-04  3.141414E-05 1.67E-05
   3.56E-03 0.00E+00 6.54E-04  7.042442E-08  3.394296E-06  2.628094E-05     1.00
 1.4900000E+03  -6.950000E-03  2.709863E-03  0.000000E+00  9.096121E-09       90
   9.42E-04     -6.526800E-03 -2.542672E-03 -1.098691E-04  3.154964E-05 3.32E-06
   3.38E-03 0.00E+00 6.47E-04  7.341457E-08  3.458672E-06  2.648340E-05     1.00
 1.5000000E+03  -7.000000E-03  2.758006E-03  0.000000E+00  8.730324E-09       90
   8.62E-04     -6.543157E-03 -2.542300E-03 -1.112957E-04  3.169208E-05 6.30E-06
   3.43E-03 0.00E+00 6.21E-04  7.627982E-08  3.519814E-06  2.668949E-05     1.00
 1.5100000E+03  -7.050000E-03  2.802936E-03  0.000000E+00  8.351295E-09       90
   8.16E-04     -6.560449E-03 -2.542683E-03 -1.120084E-04  3.184943E-05 1.14E-05
   3.38E-03 0.00E+00 6.12E-04  7.902672E-08  3.575133E-06  2.690453E-05     1.00
 1.5200000E+03  -7.100000E-03  2.847058E-03  0.000000E+00  8.058251E-09       90
   7.64E-04     -6.578410E-03 -2.542684E-03 -1.120291E-04  3.201227E-05 4.66E-06
   3.52E-03 0.00E+00 5.96E-04  8.166411E-08  3.627942E-06  2.712253E-05     1.00
 1.5300000E+03  -7.150000E-03  2.890095E-03  0.000000E+00  7.923858E-09       90
   8.04E-04     -6.597457E-03 -2.542704E-03 -1.109586E-04  3.217954E-05 3.44E-06
   3.54E-03 0.00E+00 6.02E-04  8.423553E-08  3.679924E-06  2.734422E-05     1.00
 1.5400000E+03  -7.200000E-03  2.926283E-03  0.000000E+00  7.992415E-09       90
   7.75E-04     -6.616590E-03 -2.548413E-03 -1.095872E-04  3.236211E-05 8.29E-06
   3.72E-03 0.00E+00 6.11E-04  8.680413E-08  3.734680E-06  2.758418E-05     1.00
 1.5500000E+03  -7.250000E-03  2.976252E-03  0.000000E+00  8.252566E-09       90
   7.84E-04     -6.634182E-03 -2.542723E-03 -1.081526E-04  3.250416E-05 1.62E-05
   3.79E-03 0.00E+00 6.26E-04  8.942991E-08  3.795825E-06  2.779026E-05     1.00
 1.5600000E+03  -7.300000E-03  3.020607E-03  0.000000E+00  8.569038E-09       90
   7.74E-04     -6.650086E-03 -2.542706E-03 -1.069865E-04  3.265807E-05 2.81E-06
   3.70E-03 0.00E+00 6.38E-04  9.215810E-08  3.860016E-06  2.801139E-05     1.00
 1.5700000E+03  -7.350000E-03  3.065801E-03  0.000000E+00  8.868313E-09       90
   7.87E-04     -6.664480E-03 -2.542729E-03 -1.048423E-04  3.280844E-05 1.35E-05
   3.65E-03 0.00E+00 6.55E-04  9.499237E-08  3.926325E-06  2.823120E-05     1.00
 1.5800000E+03  -7.400000E-03  3.112493E-03  0.000000E+00  9.048473E-09       90
   7.04E-04     -6.677463E-03 -2.542701E-03 -1.013140E-04  3.295534E-05 6.98E-06
   3.55E-03 0.00E+00 6.60E-04  9.790419E-08  3.993064E-06  2.844793E-05     1.00
 1.5900000E+03  -7.450000E-03  3.160038E-03  0.000000E+00  9.020863E-09       89
   6.34E-04     -6.690217E-03 -2.542694E-03 -9.725870E-05  3.310182E-05 6.23E-07
   3.33E-03 0.00E+00 6.51E-04  1.008339E-07  4.058930E-06  2.866317E-05     1.00
 1.6000000E+03  -7.500000E-03  3.207542E-03  0.000000E+00  8.817820E-09       89
   6.18E-04     -6.704553E-03 -2.542659E-03 -9.388180E-05  3.325146E-05 1.82E-06
   3.12E-03 0.00E+00 6.41E-04  1.037176E-07  4.122644E-06  2.887922E-05     1.00
 1.6100000E+03  -7.550000E-03  3.253946E-03  0.000000E+00  8.552834E-09       89
   5.74E-04     -6.720439E-03 -2.542674E-03 -9.155975E-05  3.340764E-05 9.99E-06
   2.98E-03 0.00E+00 6.24E-04  1.065179E-07  4.183532E-06  2.909882E-05     1.00
 1.6200000E+03  -7.600000E-03  3.299979E-03  0.000000E+00  8.335524E-09       89
   5.96E-04     -6.737360E-03 -2.542699E-03 -9.012454E-05  3.356572E-05 8.22E-07
   2.92E-03 0.00E+00 6.14E-04  1.092370E-07  4.244327E-06  2.932020E-05     1.00
 1.6300000E+03  -7.650000E-03  3.346280E-03  0.000000E+00  8.246001E-09       89
   5.64E-04     -6.754250E-03 -2.542702E-03 -8.977392E-05  3.372322E-05 4.57E-07
   3.03E-03 0.00E+00 6.05E-04  1.119061E-07  4.305831E-06  2.954178E-05     1.00
 1.6400000E+03  -7.700000E-03  3.394098E-03  0.000000E+00  8.193447E-09       90
   9.04E-04     -6.769789E-03 -2.542654E-03 -8.967389E-05  3.387498E-05 2.29E-06
   3.07E-03 0.00E+00 5.98E-04  1.145556E-07  4.370065E-06  2.976037E-05     1.00
 1.6500000E+03  -7.750000E-03  3.441899E-03  0.000000E+00  8.264577E-09       89
   1.16E-03     -6.783852E-03 -2.542721E-03 -9.009186E-05  3.402615E-05 1.23E-05
   3.02E-03 0.00E+00 6.23E-04  1.172196E-07  4.435554E-06  2.997976E-05     1.00
 1.6600000E+03  -7.800000E-03  3.492078E-03  0.000000E+00  8.329709E-09       89
   8.69E-04     -6.797152E-03 -2.542687E-03 -9.005887E-05  3.416772E-05 8.68E-06
   3.21E-03 0.00E+00 6.27E-04  1.199109E-07  4.505332E-06  3.019386E-05     1.00
 1.6700000E+03  -7.850000E-03  3.539883E-03  0.000000E+00  8.342394E-09       89
   8.73E-04     -6.810081E-03 -2.543416E-03 -8.975793E-05  3.431358E-05 2.94E-05
   3.13E-03 0.00E+00 6.22E-04  1.226111E-07  4.577534E-06  3.041463E-05     1.00
 1.6800000E+03  -7.900000E-03  3.590393E-03  0.000000E+00  8.257463E-09       90
   9.08E-04     -6.822502E-03 -2.542710E-03 -8.828676E-05  3.445191E-05 7.32E-06
   2.95E-03 0.00E+00 6.27E-04  1.253004E-07  4.651199E-06  3.062924E-05     1.00
 1.6900000E+03  -7.950000E-03  3.639632E-03  0.000000E+00  8.128553E-09       90
   8.88E-04     -6.834578E-03 -2.542587E-03 -8.665447E-05  3.459305E-05 1.08E-05
   2.95E-03 0.00E+00 6.27E-04  1.279484E-07  4.725978E-06  3.084767E-05     1.00
 1.7000000E+03  -8.000000E-03  3.688244E-03  0.000000E+00  8.055272E-09       89
   8.08E-04     -6.846901E-03 -2.542625E-03 -8.580251E-05  3.473441E-05 1.08E-05
   2.98E-03 0.00E+00 6.34E-04  1.305712E-07  4.802739E-06  3.106834E-05     1.00
 1.7100000E+03  -8.050000E-03  3.735752E-03  0.000000E+00  7.984463E-09       90
   7.69E-04     -6.859300E-03 -2.542671E-03 -8.497178E-05  3.487849E-05 9.05E-07
   2.94E-03 0.00E+00 6.05E-04  1.331610E-07  4.880240E-06  3.129244E-05     1.00
 1.7200000E+03  -8.100000E-03  3.782801E-03  0.000000E+00  7.881095E-09       91
   7.45E-04     -6.872626E-03 -2.542600E-03 -8.422413E-05  3.502283E-05 7.42E-06
   2.85E-03 0.00E+00 6.10E-04  1.357279E-07  4.959347E-06  3.151836E-05     1.00
 1.7300000E+03  -8.150000E-03  3.827240E-03  0.000000E+00  7.783717E-09       90
   1.40E-03     -6.886312E-03 -2.542711E-03 -8.282194E-05  3.517594E-05 5.87E-07
   2.83E-03 0.00E+00 5.85E-04  1.382525E-07  5.037038E-06  3.175158E-05     1.00
 1.7400000E+03  -8.200000E-03  3.871926E-03  0.000000E+00  7.721826E-09       88
   1.17E-03     -6.900764E-03 -2.542682E-03 -8.215008E-05  3.532803E-05 4.68E-06
   2.94E-03 0.00E+00 6.30E-04  1.407817E-07  5.115780E-06  3.198488E-05     1.00
 1.7500000E+03  -8.250000E-03  3.916514E-03  0.000000E+00  7.665246E-09       88
   1.05E-03     -6.914257E-03 -2.542742E-03 -8.047847E-05  3.548120E-05 5.27E-06
   2.95E-03 0.00E+00 6.03E-04  1.432788E-07  5.194457E-06  3.221916E-05     1.00
 1.7600000E+03  -8.300000E-03  3.962219E-03  0.000000E+00  7.651892E-09       88
   9.52E-04     -6.927252E-03 -2.542672E-03 -7.975849E-05  3.563044E-05 2.87E-07
   3.03E-03 0.00E+00 5.74E-04  1.457523E-07  5.274909E-06  3.245132E-05     1.00
 1.7700000E+03  -8.350000E-03  4.007974E-03  0.000000E+00  7.763522E-09       89
   9.31E-04     -6.938150E-03 -2.542658E-03 -7.969709E-05  3.577551E-05 2.27E-06
   3.28E-03 0.00E+00 5.58E-04  1.482299E-07  5.359887E-06  3.268396E-05     1.00
 1.7800000E+03  -8.400000E-03  4.053031E-03  0.000000E+00  8.095047E-09       89
   1.02E-03     -6.950124E-03 -2.542638E-03 -7.965517E-05  3.591778E-05 2.65E-06
   3.57E-03 0.00E+00 5.66E-04  1.507843E-07  5.449744E-06  3.291896E-05     1.00
 1.7900000E+03  -8.450000E-03  4.097275E-03  0.000000E+00  8.733957E-09       88
   8.80E-04     -6.960727E-03 -2.542723E-03 -7.887238E-05  3.605914E-05 4.74E-06
   4.13E-03 0.00E+00 5.90E-04  1.535013E-07  5.542681E-06  3.315660E-05     1.00
 1.8000000E+03  -8.500000E-03  4.143647E-03  0.000000E+00  9.688613E-09       88
   8.39E-04     -6.970686E-03 -2.542712E-03 -7.767338E-05  3.619076E-05 8.93E-06
   4.51E-03 0.00E+00 5.88E-04  1.564686E-07  5.639974E-06  3.338941E-05     1.00
 1.8100000E+03  -8.550000E-03  4.193494E-03  0.000000E+00  1.096308E-08       88
   8.50E-04     -6.978262E-03 -2.542813E-03 -7.733616E-05  3.630441E-05 1.51E-05
   4.89E-03 0.00E+00 5.98E-04  1.597924E-07  5.746261E-06  3.361394E-05     1.00
 1.8200000E+03  -8.600000E-03  4.248465E-03  0.000000E+00  1.238068E-08       88
   9.88E-04     -6.983068E-03 -2.542682E-03 -7.667889E-05  3.639640E-05 3.44E-06
   4.99E-03 0.00E+00 6.44E-04  1.635570E-07  5.861064E-06  3.382588E-05     1.00
 1.8300000E+03  -8.650000E-03  4.305098E-03  0.000000E+00  1.385985E-08       88
   9.95E-04     -6.984692E-03 -2.542696E-03 -7.564855E-05  3.647528E-05 6.55E-06
   5.17E-03 0.00E+00 7.06E-04  1.677951E-07  5.984432E-06  3.403382E-05     1.00
 1.8400000E+03  -8.700000E-03  4.365248E-03  0.000000E+00  1.526942E-08       89
   1.04E-03     -6.983870E-03 -2.542814E-03 -7.316463E-05  3.654091E-05 8.91E-06
   5.13E-03 0.00E+00 7.61E-04  1.725073E-07  6.111825E-06  3.423294E-05     1.00
 1.8500000E+03  -8.750000E-03  4.427678E-03  0.000000E+00  1.640881E-08       89
   9.34E-04     -6.980718E-03 -2.542700E-03 -7.096740E-05  3.659656E-05 1.22E-06
   5.10E-03 0.00E+00 8.04E-04  1.776296E-07  6.243231E-06  3.442624E-05     1.00
 1.8600000E+03  -8.800000E-03  4.489818E-03  0.000000E+00  1.725611E-08       88
   1.01E-03     -6.975901E-03 -2.542681E-03 -6.896819E-05  3.665251E-05 1.71E-06
   4.83E-03 0.00E+00 8.39E-04  1.830731E-07  6.374869E-06  3.462010E-05     1.00
 1.8700000E+03  -8.850000E-03  4.551452E-03  0.000000E+00  1.780234E-08       89
   9.12E-04     -6.970892E-03 -2.542709E-03 -6.619812E-05  3.671082E-05 3.93E-06
   4.75E-03 0.00E+00 8.56E-04  1.887329E-07  6.505272E-06  3.481501E-05     1.00
 1.8800000E+03  -8.900000E-03  4.611889E-03  0.000000E+00  1.819259E-08       89
   9.59E-04     -6.964954E-03 -2.542735E-03 -6.384266E-05  3.677146E-05 6.44E-06
   4.71E-03 0.00E+00 8.74E-04  1.945364E-07  6.636131E-06  3.501269E-05     1.00
 1.8900000E+03  -8.950000E-03  4.674544E-03  0.000000E+00  1.845190E-08       88
   9.25E-04     -6.958793E-03 -2.542727E-03 -6.061403E-05  3.682521E-05 2.89E-06
   4.77E-03 0.00E+00 8.79E-04  2.004456E-07  6.768032E-06  3.520451E-05     1.00
 1.9000000E+03  -9.000000E-03  4.736083E-03  0.000000E+00  1.837805E-08       88
   9.42E-04     -6.955112E-03 -2.542593E-03 -5.701714E-05  3.688352E-05 2.71E-05
   4.89E-03 0.00E+00 8.58E-04  2.063637E-07  6.898279E-06  3.539891E-05     1.00
 1.9100000E+03  -9.050000E-03  4.791073E-03  0.000000E+00  1.826821E-08       87
   9.99E-04     -6.955397E-03 -2.542531E-03 -5.334794E-05  3.696392E-05 5.28E-05
   5.17E-03 0.00E+00 8.42E-04  2.122371E-07  7.022952E-06  3.560975E-05     1.00
 1.9200000E+03  -9.100000E-03  4.838791E-03  0.000000E+00  1.812196E-08       84
   9.15E-04     -6.959522E-03 -2.542632E-03 -5.018134E-05  3.706259E-05 1.00E-06
   5.18E-03 0.00E+00 8.15E-04  2.180629E-07  7.147916E-06  3.583906E-05     1.00
 1.9300000E+03  -9.150000E-03  4.884156E-03  0.000000E+00  1.796790E-08       84
   9.13E-04     -6.965668E-03 -2.542694E-03 -4.748472E-05  3.716348E-05 2.43E-06
   5.02E-03 0.00E+00 7.75E-04  2.238320E-07  7.276925E-06  3.607458E-05     1.00
 1.9400000E+03  -9.200000E-03  4.930580E-03  0.000000E+00  1.769495E-08       83
   9.64E-04     -6.971371E-03 -2.542812E-03 -4.701360E-05  3.725797E-05 2.44E-05
   4.68E-03 0.00E+00 7.60E-04  2.295325E-07  7.410179E-06  3.630775E-05     1.00
 1.9500000E+03  -9.250000E-03  4.979281E-03  0.000000E+00  1.721182E-08       83
   9.82E-04     -6.977933E-03 -2.542685E-03 -4.857429E-05  3.734492E-05 3.33E-06
   4.42E-03 0.00E+00 7.83E-04  2.351335E-07  7.545867E-06  3.653552E-05     1.00
 1.9600000E+03  -9.300000E-03  5.025170E-03  0.000000E+00  1.664407E-08       83
   9.56E-04     -6.986283E-03 -2.542598E-03 -5.026519E-05  3.744201E-05 2.44E-05
   4.33E-03 0.00E+00 7.96E-04  2.405681E-07  7.679143E-06  3.677076E-05     1.00
 1.9700000E+03  -9.350000E-03  5.067515E-03  0.000000E+00  1.638170E-08       84
   9.65E-04     -6.996500E-03 -2.542671E-03 -4.864951E-05  3.755132E-05 1.62E-05
   4.35E-03 0.00E+00 7.98E-04  2.458742E-07  7.809453E-06  3.701542E-05     1.00
 1.9800000E+03  -9.400000E-03  5.107819E-03  0.000000E+00  1.656470E-08       83
   9.55E-04     -7.006396E-03 -2.542682E-03 -4.553152E-05  3.766706E-05 6.95E-06
   4.79E-03 0.00E+00 8.23E-04  2.511856E-07  7.938559E-06  3.726576E-05     1.00
 1.9900000E+03  -9.450000E-03  5.145936E-03  0.000000E+00  1.716911E-08       83
   1.04E-03     -7.015431E-03 -2.542608E-03 -4.286672E-05  3.778691E-05 6.95E-06
   5.03E-03 0.00E+00 8.48E-04  2.566494E-07  8.069001E-06  3.752210E-05     1.00
 2.0000000E+03  -9.500000E-03  5.180564E-03  0.000000E+00  1.801333E-08       83
   9.27E-04     -7.023631E-03 -2.542728E-03 -4.136413E-05  3.791121E-05 1.04E-05
   5.38E-03 0.00E+00 8.73E-04  2.623592E-07  8.203732E-06  3.778768E-05     1.00
 2.0100000E+03  -9.550000E-03  5.213592E-03  0.000000E+00  1.900721E-08       83
   1.00E-03     -7.030712E-03 -2.542668E-03 -4.142147E-05  3.803267E-05 2.83E-06
   5.48E-03 0.00E+00 8.99E-04  2.683743E-07  8.345292E-06  3.805769E-05     1.00
 2.0200000E+03  -9.600000E-03  5.247102E-03  0.000000E+00  2.005795E-08       84
   9.42E-04     -7.036843E-03 -2.542727E-03 -4.390428E-05  3.814741E-05 3.44E-06
   5.60E-03 0.00E+00 9.18E-04  2.747190E-07  8.492323E-06  3.832683E-05     1.00
 2.0300000E+03  -9.650000E-03  5.282486E-03  0.000000E+00  2.096868E-08       84
   1.10E-03     -7.043613E-03 -2.542670E-03 -4.750392E-05  3.825647E-05 4.43E-06
   5.40E-03 0.00E+00 9.37E-04  2.813907E-07  8.640423E-06  3.859156E-05     1.00
 2.0400000E+03  -9.700000E-03  5.318002E-03  0.000000E+00  2.132640E-08       84
   1.52E-03     -7.052514E-03 -2.542603E-03 -5.068704E-05  3.836714E-05 1.05E-05
   5.28E-03 0.00E+00 9.46E-04  2.882673E-07  8.787348E-06  3.885639E-05     1.00
 2.0500000E+03  -9.750000E-03  5.350660E-03  0.000000E+00  2.150826E-08       84
   1.38E-03     -7.064657E-03 -2.542705E-03 -5.191467E-05  3.848973E-05 1.48E-06
   5.67E-03 0.00E+00 9.53E-04  2.952070E-07  8.930202E-06  3.912895E-05     1.00
 2.0600000E+03  -9.800000E-03  5.383505E-03  0.000000E+00  2.201411E-08       84
   1.36E-03     -7.078528E-03 -2.542747E-03 -5.092572E-05  3.861534E-05 3.06E-06
   5.90E-03 0.00E+00 9.52E-04  3.022571E-07  9.069820E-06  3.940172E-05     1.00
 2.0700000E+03  -9.850000E-03  5.416877E-03  0.000000E+00  2.279296E-08       86
   2.27E-03     -7.095104E-03 -2.542673E-03 -5.090024E-05  3.874374E-05 7.52E-06
   6.12E-03 0.00E+00 1.01E-03  3.095445E-07  9.205627E-06  3.967398E-05     1.00
 2.0800000E+03  -9.900000E-03  5.454853E-03  0.000000E+00  2.365306E-08       85
   2.28E-03     -7.108018E-03 -2.542815E-03 -5.144379E-05  3.885659E-05 3.47E-05
   6.07E-03 0.00E+00 1.14E-03  3.171790E-07  9.345715E-06  3.993539E-05     1.00
 2.0900000E+03  -9.950000E-03  5.495425E-03  0.000000E+00  2.425458E-08       85
   1.88E-03     -7.119830E-03 -2.543046E-03 -5.245398E-05  3.896731E-05 1.07E-04
   5.90E-03 0.00E+00 1.14E-03  3.250383E-07  9.482056E-06  4.019091E-05     1.00
 2.1000000E+03  -1.000000E-02  5.540964E-03  0.000000E+00  2.451735E-08       85
   1.76E-03     -7.130066E-03 -2.542604E-03 -5.688495E-05  3.906041E-05 2.05E-06
   5.69E-03 0.00E+00 1.09E-03  3.329823E-07  9.624326E-06  4.043449E-05     1.00
 2.1100000E+03  -1.002500E-02  5.582973E-03  0.000000E+00  2.441621E-08       85
   1.62E-03     -7.119255E-03 -2.542584E-03 -6.069446E-05  3.899221E-05 4.08E-05
   5.46E-03 0.00E+00 1.05E-03  3.409381E-07  9.758018E-06  4.050783E-05     1.00
 2.1200000E+03  -1.005000E-02  5.616732E-03  0.000000E+00  2.382396E-08       86
   1.52E-03     -7.113980E-03 -2.542609E-03 -6.335107E-05  3.895673E-05 4.41E-05
   5.05E-03 0.00E+00 9.91E-04  3.487370E-07  9.880211E-06  4.060177E-05     1.00
 2.1300000E+03  -1.007500E-02  5.645678E-03  0.000000E+00  2.261166E-08       86
   1.47E-03     -7.111952E-03 -2.542756E-03 -6.319723E-05  3.894602E-05 4.35E-06
   4.48E-03 0.00E+00 9.79E-04  3.562410E-07  9.990576E-06  4.070773E-05     1.00
 2.1400000E+03  -1.010000E-02  5.676562E-03  0.000000E+00  2.111828E-08       85
   1.37E-03     -7.110316E-03 -2.542645E-03 -6.380153E-05  3.893746E-05 4.50E-06
   4.27E-03 0.00E+00 9.45E-04  3.633007E-07  1.009459E-05  4.080878E-05     1.00
 2.1500000E+03  -1.012500E-02  5.708848E-03  0.000000E+00  1.940065E-08       85
   1.21E-03     -7.108726E-03 -2.542647E-03 -6.556630E-05  3.893151E-05 6.15E-05
   3.89E-03 0.00E+00 9.18E-04  3.698453E-07  1.019318E-05  4.090626E-05     1.00
 2.1600000E+03  -1.015000E-02  5.742021E-03  0.000000E+00  1.727493E-08       86
   1.19E-03     -7.108047E-03 -2.542734E-03 -6.852700E-05  3.892523E-05 6.49E-06
   3.61E-03 0.00E+00 8.66E-04  3.757471E-07  1.029087E-05  4.100148E-05     1.00
 2.1700000E+03  -1.017500E-02  5.777509E-03  0.000000E+00  1.507004E-08       86
   1.26E-03     -7.107770E-03 -2.542665E-03 -7.220630E-05  3.891542E-05 1.06E-06
   3.33E-03 0.00E+00 7.92E-04  3.809257E-07  1.038707E-05  4.109089E-05     1.00
 2.1800000E+03  -1.020000E-02  5.810849E-03  0.000000E+00  1.283410E-08       87
   1.24E-03     -7.108012E-03 -2.542750E-03 -7.578429E-05  3.891670E-05 1.19E-06
   2.86E-03 0.00E+00 7.18E-04  3.853729E-07  1.047837E-05  4.118570E-05     1.00
 2.1900000E+03  -1.022500E-02  5.843767E-03  0.000000E+00  1.080934E-08       87
   1.32E-03     -7.108242E-03 -2.542481E-03 -8.014276E-05  3.892841E-05 3.32E-05
   2.74E-03 0.00E+00 6.65E-04  3.891328E-07  1.056078E-05  4.128159E-05     1.00
 2.2000000E+03  -1.025000E-02  5.871092E-03  0.000000E+00  9.019351E-09       86
   1.11E-03     -7.111748E-03 -2.542612E-03 -8.331229E-05  3.896693E-05 2.35E-05
   2.36E-03 0.00E+00 6.00E-04  3.922806E-07  1.063089E-05  4.139161E-05     1.00
 2.2100000E+03  -1.027500E-02  5.895618E-03  0.000000E+00  7.375849E-09       86
   1.02E-03     -7.117493E-03 -2.542664E-03 -8.575445E-05  3.902103E-05 2.66E-06
   2.22E-03 0.00E+00 5.17E-04  3.948714E-07  1.069299E-05  4.150879E-05     1.00
 2.2200000E+03  -1.030000E-02  5.918571E-03  0.000000E+00  6.084049E-09       86
   9.58E-04     -7.125101E-03 -2.542739E-03 -8.603958E-05  3.908454E-05 6.30E-05
   2.42E-03 0.00E+00 4.56E-04  3.969912E-07  1.074996E-05  4.163011E-05     1.00
 2.2300000E+03  -1.032500E-02  5.943362E-03  0.000000E+00  5.111456E-09       86
   9.01E-04     -7.132366E-03 -2.542659E-03 -8.562958E-05  3.914722E-05 3.97E-06
   2.28E-03 0.00E+00 4.27E-04  3.987647E-07  1.080335E-05  4.174700E-05     1.00
 2.2400000E+03  -1.035000E-02  5.966815E-03  0.000000E+00  4.307150E-09       87
   8.14E-04     -7.140657E-03 -2.542726E-03 -8.629265E-05  3.921727E-05 3.08E-05
   2.19E-03 0.00E+00 3.98E-04  4.002563E-07  1.085306E-05  4.186746E-05     1.00
 2.2500000E+03  -1.037500E-02  5.989761E-03  0.000000E+00  3.674075E-09       85
   7.15E-04     -7.148336E-03 -2.542838E-03 -8.926738E-05  3.928962E-05 1.82E-05
   2.22E-03 0.00E+00 3.75E-04  4.015239E-07  1.090200E-05  4.198940E-05     1.00
 2.2600000E+03  -1.040000E-02  6.013551E-03  0.000000E+00  3.170318E-09       86
   6.82E-04     -7.154909E-03 -2.542736E-03 -9.205855E-05  3.935924E-05 7.77E-06
   2.10E-03 0.00E+00 3.45E-04  4.026088E-07  1.095181E-05  4.210941E-05     1.00
 2.2700000E+03  -1.042500E-02  6.036674E-03  0.000000E+00  2.805738E-09       87
   6.99E-04     -7.161657E-03 -2.542662E-03 -9.418606E-05  3.943015E-05 1.64E-05
   2.05E-03 0.00E+00 3.34E-04  4.035590E-07  1.100215E-05  4.223125E-05     1.00
 2.2800000E+03  -1.045000E-02  6.058191E-03  0.000000E+00  2.560616E-09       87
   6.27E-04     -7.169576E-03 -2.542697E-03 -9.573456E-05  3.950852E-05 1.29E-07
   2.04E-03 0.00E+00 3.10E-04  4.044118E-07  1.104925E-05  4.235734E-05     1.00
 2.2900000E+03  -1.047500E-02  6.079318E-03  0.000000E+00  2.434290E-09       88
   6.22E-04     -7.178543E-03 -2.542752E-03 -9.595464E-05  3.959127E-05 1.36E-05
   2.04E-03 0.00E+00 2.90E-04  4.052048E-07  1.109311E-05  4.248462E-05     1.00
 2.3000000E+03  -1.050000E-02  6.101034E-03  0.000000E+00  2.401575E-09       89
   5.75E-04     -7.187233E-03 -2.542744E-03 -9.532282E-05  3.967282E-05 6.68E-06
   2.04E-03 0.00E+00 2.83E-04  4.059752E-07  1.113685E-05  4.261064E-05     1.00
 2.3100000E+03  -1.052500E-02  6.123212E-03  0.000000E+00  2.397748E-09       89
   6.09E-04     -7.195310E-03 -2.542720E-03 -9.303998E-05  3.975268E-05 1.03E-06
   1.84E-03 0.00E+00 2.83E-04  4.067437E-07  1.118131E-05  4.273572E-05     1.00
 2.3200000E+03  -1.055000E-02  6.145664E-03  0.000000E+00  2.378656E-09       86
   5.43E-04     -7.202754E-03 -2.542704E-03 -9.189477E-05  3.982722E-05 4.16E-06
   1.89E-03 0.00E+00 2.90E-04  4.075085E-07  1.123062E-05  4.286032E-05     1.00
 2.3300000E+03  -1.057500E-02  6.167933E-03  0.000000E+00  2.433005E-09       86
   5.50E-04     -7.209715E-03 -2.542721E-03 -9.213270E-05  3.989668E-05 2.77E-08
   2.05E-03 0.00E+00 2.93E-04  4.082803E-07  1.128558E-05  4.298556E-05     1.00
 2.3400000E+03  -1.060000E-02  6.189970E-03  0.000000E+00  2.540719E-09       87
   5.54E-04     -7.216186E-03 -2.542682E-03 -9.350638E-05  3.996134E-05 8.62E-06
   2.06E-03 0.00E+00 3.07E-04  4.090821E-07  1.134599E-05  4.311155E-05     1.00
 2.3500000E+03  -1.062500E-02  6.211129E-03  0.000000E+00  2.699157E-09       87
   6.11E-04     -7.222184E-03 -2.542742E-03 -9.477402E-05  4.002689E-05 3.41E-06
   2.03E-03 0.00E+00 3.28E-04  4.099309E-07  1.140781E-05  4.323992E-05     1.00
 2.3600000E+03  -1.065000E-02  6.233356E-03  0.000000E+00  2.884367E-09       87
   5.81E-04     -7.227671E-03 -2.542698E-03 -9.516994E-05  4.008990E-05 1.52E-06
   2.04E-03 0.00E+00 3.64E-04  4.108432E-07  1.146954E-05  4.336575E-05     1.00
 2.3700000E+03  -1.067500E-02  6.256145E-03  0.000000E+00  3.060413E-09       87
   5.77E-04     -7.232989E-03 -2.542677E-03 -9.533361E-05  4.015171E-05 2.06E-06
   2.01E-03 0.00E+00 3.86E-04  4.118177E-07  1.153115E-05  4.349032E-05     1.00
 2.3800000E+03  -1.070000E-02  6.280686E-03  0.000000E+00  3.249511E-09       87
   5.37E-04     -7.237503E-03 -2.542711E-03 -9.535091E-05  4.020539E-05 6.21E-06
   2.10E-03 0.00E+00 4.03E-04  4.128544E-07  1.159653E-05  4.361060E-05     1.00
 2.3900000E+03  -1.072500E-02  6.307642E-03  0.000000E+00  3.444662E-09       87
   5.23E-04     -7.240853E-03 -2.542411E-03 -9.488655E-05  4.024987E-05 8.61E-07
   2.10E-03 0.00E+00 4.14E-04  4.139556E-07  1.166507E-05  4.372491E-05     1.00
 2.4000000E+03  -1.075000E-02  6.334639E-03  0.000000E+00  3.614474E-09       87
   4.87E-04     -7.243920E-03 -2.542690E-03 -9.437605E-05  4.029158E-05 5.81E-08
   2.07E-03 0.00E+00 4.22E-04  4.151163E-07  1.173633E-05  4.383921E-05     1.00
 2.4100000E+03  -1.077500E-02  6.361704E-03  0.000000E+00  3.751165E-09       87
   4.69E-04     -7.246957E-03 -2.542674E-03 -9.435123E-05  4.033222E-05 7.41E-07
   2.09E-03 0.00E+00 4.25E-04  4.163233E-07  1.180855E-05  4.395342E-05     1.00
 2.4200000E+03  -1.080000E-02  6.388307E-03  0.000000E+00  3.870368E-09       87
   4.72E-04     -7.250051E-03 -2.542683E-03 -9.501986E-05  4.037447E-05 1.55E-06
   2.07E-03 0.00E+00 4.27E-04  4.175705E-07  1.188040E-05  4.406887E-05     1.00
 2.4300000E+03  -1.082500E-02  6.414366E-03  0.000000E+00  3.975242E-09       87
   4.57E-04     -7.253202E-03 -2.542752E-03 -9.632282E-05  4.041866E-05 1.11E-05
   2.08E-03 0.00E+00 4.29E-04  4.188524E-07  1.195173E-05  4.418578E-05     1.00
 2.4400000E+03  -1.085000E-02  6.441990E-03  0.000000E+00  4.094178E-09       87
   4.55E-04     -7.256198E-03 -2.542698E-03 -9.718985E-05  4.045908E-05 1.75E-06
   2.15E-03 0.00E+00 4.24E-04  4.201671E-07  1.202293E-05  4.429884E-05     1.00
 2.4500000E+03  -1.087500E-02  6.470848E-03  0.000000E+00  4.261218E-09       87
   4.66E-04     -7.258842E-03 -2.542732E-03 -9.778863E-05  4.049556E-05 2.71E-06
   2.31E-03 0.00E+00 4.25E-04  4.215261E-07  1.209496E-05  4.440887E-05     1.00
 2.4600000E+03  -1.090000E-02  6.501580E-03  0.000000E+00  4.512547E-09       88
   4.62E-04     -7.260762E-03 -2.542897E-03 -9.827549E-05  4.052648E-05 8.46E-06
   2.50E-03 0.00E+00 4.28E-04  4.229526E-07  1.216775E-05  4.451425E-05     1.00
 2.4700000E+03  -1.092500E-02  6.533801E-03  0.000000E+00  4.839603E-09       89
   6.18E-04     -7.261799E-03 -2.542818E-03 -9.897825E-05  4.055150E-05 1.09E-06
   2.57E-03 0.00E+00 4.40E-04  4.244734E-07  1.224256E-05  4.461593E-05     1.00
 2.4800000E+03  -1.095000E-02  6.567713E-03  0.000000E+00  5.197779E-09       88
   7.31E-04     -7.262726E-03 -2.542633E-03 -9.981514E-05  4.056961E-05 1.23E-05
   2.68E-03 0.00E+00 4.52E-04  4.261064E-07  1.231993E-05  4.471339E-05     1.00
 2.4900000E+03  -1.097500E-02  6.601219E-03  0.000000E+00  5.571847E-09       88
   6.74E-04     -7.263101E-03 -2.542696E-03 -1.005375E-04  4.058615E-05 3.10E-06
   2.71E-03 0.00E+00 4.67E-04  4.278591E-07  1.239978E-05  4.481189E-05     1.00
 2.5000000E+03  -1.100000E-02  6.635202E-03  0.000000E+00  5.936996E-09       88
   5.92E-04     -7.263165E-03 -2.542728E-03 -1.016069E-04  4.059841E-05 4.65E-06
   2.77E-03 0.00E+00 4.75E-04  4.297276E-07  1.248261E-05  4.490922E-05     1.00
 2.5100000E+03  -1.102500E-02  6.669493E-03  0.000000E+00  6.312245E-09       88
   5.88E-04     -7.262566E-03 -2.542741E-03 -1.029746E-04  4.060748E-05 1.09E-05
   2.82E-03 0.00E+00 4.92E-04  4.317132E-07  1.256773E-05  4.500577E-05     1.00
 2.5200000E+03  -1.105000E-02  6.704788E-03  0.000000E+00  6.669380E-09       88
   5.71E-04     -7.261288E-03 -2.542693E-03 -1.046945E-04  4.061085E-05 5.56E-06
   2.83E-03 0.00E+00 5.04E-04  4.338173E-07  1.265591E-05  4.509977E-05     1.00
 2.5300000E+03  -1.107500E-02  6.739706E-03  0.000000E+00  6.982361E-09       88
   5.68E-04     -7.259988E-03 -2.542777E-03 -1.060822E-04  4.061164E-05 2.28E-05
   2.81E-03 0.00E+00 5.14E-04  4.360273E-07  1.274754E-05  4.519471E-05     1.00
 2.5400000E+03  -1.110000E-02  6.775221E-03  0.000000E+00  7.205443E-09       88
   5.34E-04     -7.258477E-03 -2.542691E-03 -1.073915E-04  4.060843E-05 2.63E-06
   2.74E-03 0.00E+00 5.21E-04  4.383221E-07  1.284165E-05  4.528811E-05     1.00
 2.5500000E+03  -1.112500E-02  6.811093E-03  0.000000E+00  7.343397E-09       87
   5.73E-04     -7.256730E-03 -2.542735E-03 -1.087534E-04  4.060275E-05 5.89E-06
   2.71E-03 0.00E+00 5.26E-04  4.406740E-07  1.293732E-05  4.538059E-05     1.00
 2.5600000E+03  -1.115000E-02  6.848234E-03  0.000000E+00  7.336134E-09       87
   7.82E-04     -7.254782E-03 -2.542577E-03 -1.106867E-04  4.059335E-05 1.89E-05
   2.63E-03 0.00E+00 5.23E-04  4.430336E-07  1.303358E-05  4.546981E-05     1.00
 2.5700000E+03  -1.117500E-02  6.884998E-03  0.000000E+00  7.310110E-09       86
   6.59E-04     -7.252681E-03 -2.542728E-03 -1.129560E-04  4.058573E-05 1.83E-06
   2.63E-03 0.00E+00 5.15E-04  4.453954E-07  1.312902E-05  4.555996E-05     1.00
 2.5800000E+03  -1.120000E-02  6.922792E-03  0.000000E+00  7.227642E-09       87
   6.62E-04     -7.249917E-03 -2.542704E-03 -1.146550E-04  4.057386E-05 8.35E-06
   2.51E-03 0.00E+00 5.15E-04  4.477394E-07  1.322614E-05  4.564747E-05     1.00
 2.5900000E+03  -1.122500E-02  6.959024E-03  0.000000E+00  7.075082E-09       88
   6.06E-04     -7.247880E-03 -2.542741E-03 -1.156302E-04  4.056757E-05 5.89E-05
   2.40E-03 0.00E+00 5.21E-04  4.500467E-07  1.332166E-05  4.573886E-05     1.00
 2.6000000E+03  -1.125000E-02  6.994087E-03  0.000000E+00  6.892828E-09       88
   6.05E-04     -7.247169E-03 -2.542688E-03 -1.163671E-04  4.056814E-05 4.99E-06
   2.33E-03 0.00E+00 5.09E-04  4.522935E-07  1.341332E-05  4.583316E-05     1.00
 2.6100000E+03  -1.127500E-02  7.027547E-03  0.000000E+00  6.720532E-09       87
   5.63E-04     -7.246659E-03 -2.542686E-03 -1.169069E-04  4.057371E-05 9.67E-07
   2.33E-03 0.00E+00 5.04E-04  4.544836E-07  1.350405E-05  4.593148E-05     1.00
 2.6200000E+03  -1.130000E-02  7.061827E-03  0.000000E+00  6.618513E-09       87
   5.52E-04     -7.246132E-03 -2.542697E-03 -1.173066E-04  4.057770E-05 1.97E-06
   2.37E-03 0.00E+00 4.88E-04  4.566275E-07  1.359427E-05  4.602773E-05     1.00
 2.6300000E+03  -1.132500E-02  7.096662E-03  0.000000E+00  6.622063E-09       86
   5.34E-04     -7.245385E-03 -2.542689E-03 -1.181839E-04  4.058028E-05 9.01E-06
   2.48E-03 0.00E+00 4.83E-04  4.587570E-07  1.368441E-05  4.612259E-05     1.00
 2.6400000E+03  -1.135000E-02  7.130757E-03  0.000000E+00  6.732057E-09       86
   5.34E-04     -7.244430E-03 -2.542690E-03 -1.196121E-04  4.058386E-05 4.82E-07
   2.63E-03 0.00E+00 4.88E-04  4.609075E-07  1.377528E-05  4.621929E-05     1.00
 2.6500000E+03  -1.137500E-02  7.163848E-03  0.000000E+00  6.973831E-09       86
   5.71E-04     -7.243680E-03 -2.542659E-03 -1.211147E-04  4.058977E-05 8.77E-06
   2.74E-03 0.00E+00 5.02E-04  4.631206E-07  1.386612E-05  4.631850E-05     1.00
 2.6600000E+03  -1.140000E-02  7.196201E-03  0.000000E+00  7.328287E-09       87
   5.55E-04     -7.242659E-03 -2.542681E-03 -1.226258E-04  4.059484E-05 2.95E-06
   2.89E-03 0.00E+00 5.19E-04  4.654337E-07  1.395945E-05  4.641955E-05     1.00
 2.6700000E+03  -1.142500E-02  7.229063E-03  0.000000E+00  7.775731E-09       87
   5.67E-04     -7.241225E-03 -2.542699E-03 -1.238506E-04  4.059820E-05 3.80E-06
   3.02E-03 0.00E+00 5.37E-04  4.678793E-07  1.405295E-05  4.651930E-05     1.00
 2.6800000E+03  -1.145000E-02  7.262750E-03  0.000000E+00  8.282661E-09       88
   5.56E-04     -7.239516E-03 -2.542699E-03 -1.250973E-04  4.059914E-05 1.57E-06
   3.16E-03 0.00E+00 5.51E-04  4.704793E-07  1.414656E-05  4.661694E-05     1.00
 2.6900000E+03  -1.147500E-02  7.296441E-03  0.000000E+00  8.838676E-09       88
   5.98E-04     -7.237790E-03 -2.542703E-03 -1.260854E-04  4.059943E-05 1.20E-06
   3.26E-03 0.00E+00 5.67E-04  4.732507E-07  1.424055E-05  4.671454E-05     1.00
 2.7000000E+03  -1.150000E-02  7.330501E-03  0.000000E+00  9.436133E-09       87
   5.87E-04     -7.235888E-03 -2.542700E-03 -1.271367E-04  4.059684E-05 5.40E-07
   3.38E-03 0.00E+00 5.81E-04  4.762077E-07  1.433623E-05  4.681118E-05     1.00
 2.7100000E+03  -1.152500E-02  7.365021E-03  0.000000E+00  1.007757E-08       88
   6.15E-04     -7.233620E-03 -2.542719E-03 -1.283472E-04  4.058936E-05 6.69E-06
   3.47E-03 0.00E+00 5.99E-04  4.793633E-07  1.443535E-05  4.690661E-05     1.00
 2.7200000E+03  -1.155000E-02  7.400136E-03  0.000000E+00  1.075372E-08       87
   6.13E-04     -7.230762E-03 -2.542710E-03 -1.299590E-04  4.057674E-05 1.09E-05
   3.56E-03 0.00E+00 6.12E-04  4.827302E-07  1.453783E-05  4.700050E-05     1.00
 2.7300000E+03  -1.157500E-02  7.435915E-03  0.000000E+00  1.145799E-08       88
   6.56E-04     -7.227308E-03 -2.542702E-03 -1.317091E-04  4.055940E-05 4.34E-06
   3.65E-03 0.00E+00 6.36E-04  4.863225E-07  1.464303E-05  4.709264E-05     1.00
 2.7400000E+03  -1.160000E-02  7.473146E-03  0.000000E+00  1.213285E-08       87
   6.67E-04     -7.223375E-03 -2.542669E-03 -1.336233E-04  4.053621E-05 4.51E-06
   3.70E-03 0.00E+00 6.56E-04  4.901393E-07  1.475015E-05  4.718105E-05     1.00
 2.7500000E+03  -1.162500E-02  7.510734E-03  0.000000E+00  1.277399E-08       87
   6.86E-04     -7.219015E-03 -2.542510E-03 -1.356412E-04  4.050968E-05 1.06E-05
   3.74E-03 0.00E+00 6.76E-04  4.941693E-07  1.485944E-05  4.726847E-05     1.00
 2.7600000E+03  -1.165000E-02  7.549182E-03  0.000000E+00  1.331268E-08       87
   7.12E-04     -7.214367E-03 -2.542410E-03 -1.376376E-04  4.047959E-05 1.56E-03
   3.76E-03 0.00E+00 6.92E-04  4.983947E-07  1.496989E-05  4.735359E-05     1.00
 2.7700000E+03  -1.167500E-02  7.588738E-03  0.000000E+00  1.387571E-08       87
   7.66E-04     -7.209038E-03 -2.542718E-03 -1.397656E-04  4.044512E-05 5.42E-06
   3.82E-03 0.00E+00 7.03E-04  5.027899E-07  1.508167E-05  4.743585E-05     1.00
 2.7800000E+03  -1.170000E-02  7.629885E-03  0.000000E+00  1.439121E-08       87
   7.26E-04     -7.203041E-03 -2.542731E-03 -1.421854E-04  4.040532E-05 1.74E-05
   3.85E-03 0.00E+00 7.12E-04  5.073544E-07  1.519452E-05  4.751397E-05     1.00
 2.7900000E+03  -1.172500E-02  7.672229E-03  0.000000E+00  1.487352E-08       87
   7.46E-04     -7.196635E-03 -2.542714E-03 -1.448488E-04  4.036098E-05 4.33E-06
   3.86E-03 0.00E+00 7.18E-04  5.120782E-07  1.530862E-05  4.758893E-05     1.00
 2.8000000E+03  -1.175000E-02  7.714720E-03  0.000000E+00  1.530545E-08       87
   7.26E-04     -7.190281E-03 -2.542661E-03 -1.471941E-04  4.031519E-05 2.59E-06
   3.89E-03 0.00E+00 7.25E-04  5.169484E-07  1.542356E-05  4.766338E-05     1.00
 2.8100000E+03  -1.177500E-02  7.756979E-03  0.000000E+00  1.568302E-08       87
   7.20E-04     -7.184089E-03 -2.542691E-03 -1.491515E-04  4.026969E-05 3.26E-06
   3.88E-03 0.00E+00 7.28E-04  5.219459E-07  1.553857E-05  4.773826E-05     1.00
 2.8200000E+03  -1.180000E-02  7.799634E-03  0.000000E+00  1.597365E-08       87
   6.86E-04     -7.177663E-03 -2.542682E-03 -1.511631E-04  4.022223E-05 1.35E-05
   3.87E-03 0.00E+00 7.31E-04  5.270470E-07  1.565438E-05  4.781200E-05     1.00
 2.8300000E+03  -1.182500E-02  7.843102E-03  0.000000E+00  1.618749E-08       87
   6.92E-04     -7.170917E-03 -2.542680E-03 -1.535111E-04  4.017152E-05 6.50E-06
   3.83E-03 0.00E+00 7.31E-04  5.322262E-07  1.577125E-05  4.788354E-05     1.00
 2.8400000E+03  -1.185000E-02  7.886757E-03  0.000000E+00  1.631717E-08       87
   6.69E-04     -7.164062E-03 -2.542703E-03 -1.558320E-04  4.012026E-05 3.13E-06
   3.80E-03 0.00E+00 7.30E-04  5.374555E-07  1.588806E-05  4.795445E-05     1.00
 2.8500000E+03  -1.187500E-02  7.931253E-03  0.000000E+00  1.636403E-08       87
   6.96E-04     -7.156960E-03 -2.542682E-03 -1.580468E-04  4.006648E-05 7.57E-06
   3.77E-03 0.00E+00 7.29E-04  5.427073E-07  1.600517E-05  4.802308E-05     1.00
 2.8600000E+03  -1.190000E-02  7.976632E-03  0.000000E+00  1.626359E-08       89
   9.40E-04     -7.150060E-03 -2.542816E-03 -1.589225E-04  4.001078E-05 1.94E-05
   3.72E-03 0.00E+00 7.26E-04  5.479522E-07  1.612196E-05  4.808932E-05     1.00
 2.8700000E+03  -1.192500E-02  8.022772E-03  0.000000E+00  1.597715E-08       87
   9.96E-04     -7.143552E-03 -2.542478E-03 -1.588977E-04  3.995458E-05 6.62E-05
   3.77E-03 0.00E+00 7.14E-04  5.531244E-07  1.623746E-05  4.815350E-05     1.00
 2.8800000E+03  -1.195000E-02  8.066443E-03  0.000000E+00  1.559352E-08       88
   9.45E-04     -7.137099E-03 -2.542851E-03 -1.587733E-04  3.990846E-05 1.92E-05
   3.64E-03 0.00E+00 7.04E-04  5.581851E-07  1.634912E-05  4.822373E-05     1.00
 2.8900000E+03  -1.197500E-02  8.109685E-03  0.000000E+00  1.510800E-08       87
   8.86E-04     -7.131047E-03 -2.542693E-03 -1.584945E-04  3.986723E-05 4.01E-06
   3.45E-03 0.00E+00 7.00E-04  5.631100E-07  1.645706E-05  4.829488E-05     1.00
 2.9000000E+03  -1.200000E-02  8.152561E-03  0.000000E+00  1.452240E-08       88
   8.32E-04     -7.125766E-03 -2.542784E-03 -1.576612E-04  3.983279E-05 1.48E-05
   3.33E-03 0.00E+00 6.97E-04  5.678613E-07  1.655927E-05  4.836683E-05     1.00
 2.9100000E+03  -1.202500E-02  8.195504E-03  0.000000E+00  1.383432E-08       89
   7.92E-04     -7.121118E-03 -2.542688E-03 -1.570205E-04  3.980509E-05 5.77E-06
   3.11E-03 0.00E+00 6.89E-04  5.724125E-07  1.665476E-05  4.843849E-05     1.00
 2.9200000E+03  -1.205000E-02  8.237030E-03  0.000000E+00  1.309253E-08       89
   7.24E-04     -7.117028E-03 -2.542671E-03 -1.575070E-04  3.978501E-05 1.11E-06
   2.97E-03 0.00E+00 6.73E-04  5.767327E-07  1.674636E-05  4.851360E-05     1.00
 2.9300000E+03  -1.207500E-02  8.277274E-03  0.000000E+00  1.232080E-08       89
   6.42E-04     -7.114506E-03 -2.542696E-03 -1.578994E-04  3.977328E-05 9.96E-06
   2.84E-03 0.00E+00 6.36E-04  5.808002E-07  1.683306E-05  4.859187E-05     1.00
 2.9400000E+03  -1.210000E-02  8.316012E-03  0.000000E+00  1.155379E-08       88
   5.89E-04     -7.113296E-03 -2.542704E-03 -1.574686E-04  3.976863E-05 4.49E-06
   2.71E-03 0.00E+00 6.00E-04  5.846127E-07  1.691666E-05  4.867389E-05     1.00
 2.9500000E+03  -1.212500E-02  8.353864E-03  0.000000E+00  1.082614E-08       88
   5.44E-04     -7.112183E-03 -2.542615E-03 -1.567152E-04  3.976737E-05 5.75E-05
   2.61E-03 0.00E+00 5.69E-04  5.881811E-07  1.699929E-05  4.875811E-05     1.00
 2.9600000E+03  -1.215000E-02  8.390229E-03  0.000000E+00  1.015779E-08       88
   5.48E-04     -7.111842E-03 -2.542657E-03 -1.559049E-04  3.977140E-05 9.04E-06
   2.50E-03 0.00E+00 5.45E-04  5.915260E-07  1.708052E-05  4.884605E-05     1.00
 2.9700000E+03  -1.217500E-02  8.425966E-03  0.000000E+00  9.561165E-09       88
   5.07E-04     -7.112228E-03 -2.542722E-03 -1.550730E-04  3.977990E-05 1.79E-06
   2.45E-03 0.00E+00 5.24E-04  5.946671E-07  1.715900E-05  4.893558E-05     1.00
 2.9800000E+03  -1.220000E-02  8.461912E-03  0.000000E+00  9.025410E-09       88
   4.97E-04     -7.112850E-03 -2.542697E-03 -1.543703E-04  3.979113E-05 5.53E-07
   2.36E-03 0.00E+00 5.11E-04  5.976290E-07  1.723435E-05  4.902461E-05     1.00
 2.9900000E+03  -1.222500E-02  8.497614E-03  0.000000E+00  8.554526E-09       88
   4.79E-04     -7.113628E-03 -2.542662E-03 -1.537922E-04  3.980454E-05 6.34E-06
   2.34E-03 0.00E+00 5.01E-04  6.004325E-07  1.730828E-05  4.911428E-05     1.00
 3.0000000E+03  -1.225000E-02  8.532485E-03  0.000000E+00  8.146565E-09       88
   4.79E-04     -7.114945E-03 -2.542705E-03 -1.531603E-04  3.982084E-05 3.04E-06
   2.29E-03 0.00E+00 4.91E-04  6.030971E-07  1.738151E-05  4.920607E-05     1.00
 3.0100000E+03  -1.227500E-02  8.567563E-03  0.000000E+00  7.795017E-09       88
   4.78E-04     -7.115946E-03 -2.542728E-03 -1.523994E-04  3.983719E-05 1.36E-05
   2.27E-03 0.00E+00 4.89E-04  6.056441E-07  1.745426E-05  4.929738E-05     1.00
 3.0200000E+03  -1.230000E-02  8.603189E-03  0.000000E+00  7.488129E-09       88
   4.57E-04     -7.116448E-03 -2.542703E-03 -1.514553E-04  3.985268E-05 6.47E-06
   2.26E-03 0.00E+00 4.87E-04  6.080892E-07  1.752658E-05  4.938733E-05     1.00
 3.0300000E+03  -1.232500E-02  8.639068E-03  0.000000E+00  7.237400E-09       88
   4.62E-04     -7.117065E-03 -2.542687E-03 -1.504890E-04  3.986824E-05 3.32E-06
   2.28E-03 0.00E+00 4.83E-04  6.104475E-07  1.759826E-05  4.947668E-05     1.00
 3.0400000E+03  -1.235000E-02  8.674517E-03  0.000000E+00  7.038507E-09       88
   4.60E-04     -7.118002E-03 -2.542688E-03 -1.495928E-04  3.988603E-05 2.73E-07
   2.28E-03 0.00E+00 4.81E-04  6.127361E-07  1.766883E-05  4.956713E-05     1.00
 3.0500000E+03  -1.237500E-02  8.709437E-03  0.000000E+00  6.888395E-09       88
   4.49E-04     -7.119271E-03 -2.542701E-03 -1.486773E-04  3.990643E-05 3.26E-06
   2.31E-03 0.00E+00 4.80E-04  6.149710E-07  1.773816E-05  4.965895E-05     1.00
 3.0600000E+03  -1.240000E-02  8.744047E-03  0.000000E+00  6.783803E-09       88
   4.28E-04     -7.120801E-03 -2.542693E-03 -1.476808E-04  3.992851E-05 1.39E-06
   2.35E-03 0.00E+00 4.76E-04  6.171654E-07  1.780663E-05  4.975159E-05     1.00
 3.0700000E+03  -1.242500E-02  8.778557E-03  0.000000E+00  6.719490E-09       88
   4.37E-04     -7.122298E-03 -2.542670E-03 -1.467427E-04  3.995096E-05 4.53E-06
   2.36E-03 0.00E+00 4.71E-04  6.193332E-07  1.787502E-05  4.984453E-05     1.00
 3.0800000E+03  -1.245000E-02  8.813394E-03  0.000000E+00  6.690691E-09       88
   4.45E-04     -7.123441E-03 -2.542648E-03 -1.459048E-04  3.997195E-05 4.41E-06
   2.39E-03 0.00E+00 4.72E-04  6.214873E-07  1.794406E-05  4.993669E-05     1.00
 3.0900000E+03  -1.247500E-02  8.848917E-03  0.000000E+00  6.696176E-09       88
   4.58E-04     -7.124174E-03 -2.542694E-03 -1.453342E-04  3.998978E-05 8.43E-06
   2.41E-03 0.00E+00 4.75E-04  6.236398E-07  1.801454E-05  5.002716E-05     1.00
 3.1000000E+03  -1.250000E-02  8.885022E-03  0.000000E+00  6.728327E-09       88
   4.70E-04     -7.124570E-03 -2.542719E-03 -1.448943E-04  4.000455E-05 1.31E-05
   2.43E-03 0.00E+00 4.82E-04  6.258017E-07  1.808661E-05  5.011619E-05     1.00
 3.1100000E+03  -1.252500E-02  8.921824E-03  0.000000E+00  6.770677E-09       88
   4.66E-04     -7.124704E-03 -2.542360E-03 -1.445562E-04  4.001631E-05 4.03E-06
   2.45E-03 0.00E+00 4.90E-04  6.279780E-07  1.815993E-05  5.020349E-05     1.00
 3.1200000E+03  -1.255000E-02  8.958099E-03  0.000000E+00  6.807886E-09       88
   4.50E-04     -7.124612E-03 -2.542645E-03 -1.442158E-04  4.002841E-05 3.84E-06
   2.46E-03 0.00E+00 4.95E-04  6.301677E-07  1.823423E-05  5.029212E-05     1.00
 3.1300000E+03  -1.257500E-02  8.994814E-03  0.000000E+00  6.830990E-09       88
   4.40E-04     -7.124313E-03 -2.542697E-03 -1.438315E-04  4.003797E-05 3.29E-07
   2.45E-03 0.00E+00 4.97E-04  6.323665E-07  1.830998E-05  5.037964E-05     1.00
 3.1400000E+03  -1.260000E-02  9.031384E-03  0.000000E+00  6.832012E-09       88
   4.38E-04     -7.123857E-03 -2.542689E-03 -1.434117E-04  4.004654E-05 1.92E-07
   2.41E-03 0.00E+00 4.97E-04  6.345685E-07  1.838710E-05  5.046754E-05     1.00
 3.1500000E+03  -1.262500E-02  9.067526E-03  0.000000E+00  6.803880E-09       88
   4.37E-04     -7.123413E-03 -2.542694E-03 -1.428943E-04  4.005541E-05 1.36E-06
   2.36E-03 0.00E+00 4.96E-04  6.367654E-07  1.846502E-05  5.055650E-05     1.00
 3.1600000E+03  -1.265000E-02  9.103289E-03  0.000000E+00  6.747049E-09       88
   4.30E-04     -7.123050E-03 -2.542701E-03 -1.424368E-04  4.006499E-05 1.27E-07
   2.32E-03 0.00E+00 4.95E-04  6.389479E-07  1.854323E-05  5.064641E-05     1.00
 3.1700000E+03  -1.267500E-02  9.138813E-03  0.000000E+00  6.668750E-09       88
   4.29E-04     -7.122833E-03 -2.542699E-03 -1.422729E-04  4.007516E-05 7.38E-07
   2.28E-03 0.00E+00 4.93E-04  6.411082E-07  1.862149E-05  5.073693E-05     1.00
 3.1800000E+03  -1.270000E-02  9.174035E-03  0.000000E+00  6.576708E-09       88
   4.26E-04     -7.122817E-03 -2.542684E-03 -1.422876E-04  4.008648E-05 2.81E-06
   2.24E-03 0.00E+00 4.91E-04  6.432413E-07  1.869941E-05  5.082821E-05     1.00
 3.1900000E+03  -1.272500E-02  9.208848E-03  0.000000E+00  6.463379E-09       88
   4.23E-04     -7.123020E-03 -2.542691E-03 -1.422917E-04  4.009983E-05 1.49E-06
   2.20E-03 0.00E+00 4.88E-04  6.453418E-07  1.877638E-05  5.092052E-05     1.00
 3.2000000E+03  -1.275000E-02  9.243584E-03  0.000000E+00  6.325599E-09       88
   4.20E-04     -7.123270E-03 -2.542681E-03 -1.422599E-04  4.011434E-05 3.47E-07
   2.15E-03 0.00E+00 4.86E-04  6.474021E-07  1.885247E-05  5.101304E-05     1.00
 3.2100000E+03  -1.277500E-02  9.277526E-03  0.000000E+00  6.175370E-09       89
   4.38E-04     -7.123685E-03 -2.542725E-03 -1.422858E-04  4.013176E-05 6.04E-07
   2.10E-03 0.00E+00 4.79E-04  6.494152E-07  1.892772E-05  5.110758E-05     1.00
 3.2200000E+03  -1.280000E-02  9.311212E-03  0.000000E+00  6.019252E-09       87
   4.39E-04     -7.124341E-03 -2.542685E-03 -1.422019E-04  4.015044E-05 1.74E-06
   2.07E-03 0.00E+00 4.77E-04  6.513800E-07  1.900242E-05  5.120277E-05     1.00
 3.2300000E+03  -1.282500E-02  9.344184E-03  0.000000E+00  5.868088E-09       89
   4.24E-04     -7.125272E-03 -2.542664E-03 -1.419512E-04  4.017177E-05 1.21E-05
   2.04E-03 0.00E+00 4.71E-04  6.532948E-07  1.907635E-05  5.129979E-05     1.00
 3.2400000E+03  -1.285000E-02  9.376464E-03  0.000000E+00  5.731542E-09       88
   4.08E-04     -7.126321E-03 -2.542692E-03 -1.417521E-04  4.019554E-05 1.79E-06
   2.02E-03 0.00E+00 4.65E-04  6.551634E-07  1.914964E-05  5.139858E-05     1.00
 3.2500000E+03  -1.287500E-02  9.409432E-03  0.000000E+00  5.593147E-09       89
   4.64E-04     -7.127939E-03 -2.542710E-03 -1.420791E-04  4.021871E-05 2.84E-06
   2.03E-03 0.00E+00 4.61E-04  6.569874E-07  1.922188E-05  5.149568E-05     1.00
 3.2600000E+03  -1.290000E-02  9.443040E-03  0.000000E+00  5.457718E-09       90
   4.54E-04     -7.129628E-03 -2.542689E-03 -1.425226E-04  4.024230E-05 2.28E-06
   2.04E-03 0.00E+00 4.54E-04  6.587672E-07  1.929219E-05  5.159123E-05     1.00
 3.2700000E+03  -1.292500E-02  9.476446E-03  0.000000E+00  5.330696E-09       90
   4.47E-04     -7.131396E-03 -2.542690E-03 -1.427466E-04  4.026828E-05 3.99E-07
   2.00E-03 0.00E+00 4.49E-04  6.605044E-07  1.936070E-05  5.168733E-05     1.00
 3.2800000E+03  -1.295000E-02  9.509767E-03  0.000000E+00  5.213868E-09       89
   4.42E-04     -7.133452E-03 -2.542642E-03 -1.427707E-04  4.029630E-05 1.94E-05
   2.00E-03 0.00E+00 4.47E-04  6.622034E-07  1.942747E-05  5.178370E-05     1.00
 3.2900000E+03  -1.297500E-02  9.542464E-03  0.000000E+00  5.122283E-09       90
   4.15E-04     -7.135729E-03 -2.542697E-03 -1.427468E-04  4.032692E-05 1.09E-06
   2.03E-03 0.00E+00 4.45E-04  6.638690E-07  1.949328E-05  5.188171E-05     1.00
 3.3000000E+03  -1.300000E-02  9.575225E-03  0.000000E+00  5.062262E-09       89
   4.02E-04     -7.138099E-03 -2.542702E-03 -1.426303E-04  4.035827E-05 1.57E-06
   2.04E-03 0.00E+00 4.36E-04  6.655098E-07  1.955825E-05  5.197961E-05     1.00
 3.3100000E+03  -1.302500E-02  9.608302E-03  0.000000E+00  5.031276E-09       89
   4.05E-04     -7.140398E-03 -2.542674E-03 -1.421606E-04  4.038932E-05 6.88E-06
   2.05E-03 0.00E+00 4.29E-04  6.671358E-07  1.962279E-05  5.207680E-05     1.00
 3.3200000E+03  -1.305000E-02  9.641008E-03  0.000000E+00  5.015662E-09       89
   3.89E-04     -7.142738E-03 -2.542687E-03 -1.416221E-04  4.042155E-05 1.23E-06
   2.06E-03 0.00E+00 4.24E-04  6.687537E-07  1.968714E-05  5.217498E-05     1.00
 3.3300000E+03  -1.307500E-02  9.673519E-03  0.000000E+00  5.010505E-09       88
   3.82E-04     -7.145180E-03 -2.542712E-03 -1.410648E-04  4.045401E-05 2.82E-06
   2.07E-03 0.00E+00 4.19E-04  6.703670E-07  1.975181E-05  5.227372E-05     1.00
 3.3400000E+03  -1.310000E-02  9.706415E-03  0.000000E+00  5.016172E-09       88
   3.89E-04     -7.147520E-03 -2.542692E-03 -1.407427E-04  4.048409E-05 2.28E-08
   2.07E-03 0.00E+00 4.17E-04  6.719800E-07  1.981795E-05  5.237155E-05     1.00
 3.3500000E+03  -1.312500E-02  9.739085E-03  0.000000E+00  5.029813E-09       88
   3.88E-04     -7.150113E-03 -2.542690E-03 -1.404480E-04  4.051504E-05 2.20E-06
   2.08E-03 0.00E+00 4.16E-04  6.735961E-07  1.988384E-05  5.247003E-05     1.00
 3.3600000E+03  -1.315000E-02  9.771819E-03  0.000000E+00  5.049451E-09       88
   3.91E-04     -7.152923E-03 -2.542692E-03 -1.397480E-04  4.054779E-05 3.23E-06
   2.10E-03 0.00E+00 4.16E-04  6.752180E-07  1.994785E-05  5.256842E-05     1.00
 3.3700000E+03  -1.317500E-02  9.804618E-03  0.000000E+00  5.076482E-09       88
   3.79E-04     -7.155702E-03 -2.542740E-03 -1.387292E-04  4.058204E-05 9.91E-07
   2.13E-03 0.00E+00 4.18E-04  6.768471E-07  2.001025E-05  5.266673E-05     1.00
 3.3800000E+03  -1.320000E-02  9.837546E-03  0.000000E+00  5.129742E-09       88
   3.95E-04     -7.158447E-03 -2.542730E-03 -1.373985E-04  4.061660E-05 3.96E-06
   2.16E-03 0.00E+00 4.19E-04  6.784891E-07  2.007206E-05  5.276479E-05     1.00
 3.3900000E+03  -1.322500E-02  9.873938E-03  0.000000E+00  4.979821E-09       89
   1.01E-03     -7.161070E-03 -2.542682E-03 -1.373799E-04  4.064004E-05 2.22E-06
   2.22E-03 0.00E+00 4.19E-04  6.801233E-07  2.013657E-05  5.285423E-05     1.00
 3.4000000E+03  -1.325000E-02  9.911687E-03  0.000000E+00  4.668220E-09       87
   1.34E-03     -7.162601E-03 -2.541788E-03 -1.391740E-04  4.065699E-05 1.16E-05
   3.13E-03 0.00E+00 4.46E-04  6.816776E-07  2.020447E-05  5.294034E-05     1.00
 3.4100000E+03  -1.327500E-02  9.941803E-03  0.000000E+00  4.426237E-09       87
   1.30E-03     -7.166110E-03 -2.542734E-03 -1.399576E-04  4.069602E-05 3.24E-05
   3.19E-03 0.00E+00 4.51E-04  6.831519E-07  2.026953E-05  5.304566E-05     1.00
 3.4200000E+03  -1.330000E-02  9.966963E-03  0.000000E+00  4.181219E-09       88
   1.24E-03     -7.172894E-03 -2.542322E-03 -1.376297E-04  4.075313E-05 1.18E-05
   3.27E-03 0.00E+00 4.41E-04  6.845453E-07  2.032917E-05  5.316356E-05     1.00
 3.4300000E+03  -1.332500E-02  9.990076E-03  0.000000E+00  4.012424E-09       87
   1.05E-03     -7.179691E-03 -2.542695E-03 -1.365720E-04  4.081752E-05 5.87E-06
   3.31E-03 0.00E+00 4.33E-04  6.858669E-07  2.038683E-05  5.328677E-05     1.00
 3.4400000E+03  -1.335000E-02  1.001397E-02  0.000000E+00  3.992742E-09       87
   1.07E-03     -7.185991E-03 -2.542683E-03 -1.386825E-04  4.087720E-05 3.00E-06
   3.14E-03 0.00E+00 4.38E-04  6.871660E-07  2.044730E-05  5.340820E-05     1.00
 3.4500000E+03  -1.337500E-02  1.003545E-02  0.000000E+00  3.935942E-09       86
   9.98E-04     -7.193783E-03 -2.542621E-03 -1.437489E-04  4.094309E-05 2.43E-07
   2.69E-03 0.00E+00 4.55E-04  6.884624E-07  2.050781E-05  5.353583E-05     1.00
 3.4600000E+03  -1.340000E-02  1.005413E-02  0.000000E+00  3.718326E-09       87
   8.40E-04     -7.203556E-03 -2.542786E-03 -1.495918E-04  4.102467E-05 5.86E-06
   2.42E-03 0.00E+00 4.42E-04  6.897101E-07  2.056012E-05  5.367075E-05     1.00
 3.4700000E+03  -1.342500E-02  1.007363E-02  0.000000E+00  3.421778E-09       87
   8.22E-04     -7.214111E-03 -2.542745E-03 -1.543903E-04  4.111244E-05 5.65E-06
   2.18E-03 0.00E+00 4.06E-04  6.908643E-07  2.060458E-05  5.380384E-05     1.00
 3.4800000E+03  -1.345000E-02  1.009316E-02  0.000000E+00  3.148951E-09       86
   7.63E-04     -7.224569E-03 -2.542666E-03 -1.562366E-04  4.120167E-05 4.91E-06
   2.17E-03 0.00E+00 3.73E-04  6.919202E-07  2.064786E-05  5.393715E-05     1.00
 3.4900000E+03  -1.347500E-02  1.011235E-02  0.000000E+00  3.030798E-09       87
   6.86E-04     -7.235239E-03 -2.542706E-03 -1.569264E-04  4.128981E-05 1.30E-05
   2.34E-03 0.00E+00 3.68E-04  6.929139E-07  2.069330E-05  5.407160E-05     1.00
 3.5000000E+03  -1.350000E-02  1.013172E-02  0.000000E+00  3.019177E-09       87
   6.66E-04     -7.244662E-03 -2.542671E-03 -1.571601E-04  4.137635E-05 3.38E-06
   2.23E-03 0.00E+00 3.68E-04  6.938932E-07  2.074003E-05  5.420584E-05     1.00
 3.5100000E+03  -1.352500E-02  1.015293E-02  0.000000E+00  3.042657E-09       87
   6.50E-04     -7.253864E-03 -2.542559E-03 -1.575590E-04  4.146118E-05 1.73E-05
   2.25E-03 0.00E+00 3.66E-04  6.948771E-07  2.078407E-05  5.433571E-05     1.00
 3.5200000E+03  -1.355000E-02  1.017368E-02  0.000000E+00  3.022767E-09       88
   6.15E-04     -7.263879E-03 -2.542753E-03 -1.579128E-04  4.155180E-05 8.34E-06
   2.12E-03 0.00E+00 3.51E-04  6.958586E-07  2.082374E-05  5.446697E-05     1.00
 3.5300000E+03  -1.357500E-02  1.019565E-02  0.000000E+00  3.054221E-09       88
   6.65E-04     -7.272512E-03 -2.542719E-03 -1.586118E-04  4.163492E-05 1.81E-06
   2.24E-03 0.00E+00 3.57E-04  6.968385E-07  2.086806E-05  5.459542E-05     1.00
 3.5400000E+03  -1.360000E-02  1.021973E-02  0.000000E+00  3.178207E-09       87
   6.04E-04     -7.278379E-03 -2.542720E-03 -1.601174E-04  4.170489E-05 2.35E-06
   2.26E-03 0.00E+00 3.62E-04  6.978457E-07  2.092033E-05  5.471878E-05     1.00
 3.5500000E+03  -1.362500E-02  1.024572E-02  0.000000E+00  3.343512E-09       85
   5.83E-04     -7.283481E-03 -2.542686E-03 -1.620931E-04  4.176525E-05 1.13E-06
   2.15E-03 0.00E+00 3.68E-04  6.989038E-07  2.097744E-05  5.483748E-05     1.00
 3.5600000E+03  -1.365000E-02  1.027164E-02  0.000000E+00  3.475133E-09       87
   5.74E-04     -7.289581E-03 -2.542654E-03 -1.645214E-04  4.182868E-05 2.24E-05
   2.15E-03 0.00E+00 3.78E-04  7.000097E-07  2.103178E-05  5.495648E-05     1.00
 3.5700000E+03  -1.367500E-02  1.029686E-02  0.000000E+00  3.588765E-09       86
   5.23E-04     -7.296100E-03 -2.542583E-03 -1.660851E-04  4.189876E-05 1.70E-05
   2.22E-03 0.00E+00 3.74E-04  7.011528E-07  2.108138E-05  5.507742E-05     1.00
 3.5800000E+03  -1.370000E-02  1.032121E-02  0.000000E+00  3.714021E-09       86
   4.84E-04     -7.303682E-03 -2.542644E-03 -1.672817E-04  4.197297E-05 6.36E-06
   2.26E-03 0.00E+00 3.67E-04  7.023294E-07  2.112920E-05  5.520074E-05     1.00
 3.5900000E+03  -1.372500E-02  1.034525E-02  0.000000E+00  3.854519E-09       87
   5.57E-04     -7.311253E-03 -2.542728E-03 -1.684404E-04  4.204560E-05 2.07E-06
   2.09E-03 0.00E+00 3.75E-04  7.035510E-07  2.117949E-05  5.532503E-05     1.00
 3.6000000E+03  -1.375000E-02  1.036984E-02  0.000000E+00  4.013576E-09       88
   5.60E-04     -7.317767E-03 -2.542801E-03 -1.699110E-04  4.211379E-05 7.19E-05
   2.16E-03 0.00E+00 4.07E-04  7.048272E-07  2.123296E-05  5.544812E-05     1.00
 3.6100000E+03  -1.377500E-02  1.039628E-02  0.000000E+00  4.186257E-09       87
   5.50E-04     -7.323180E-03 -2.542116E-03 -1.718065E-04  4.217578E-05 1.75E-05
   2.17E-03 0.00E+00 4.22E-04  7.061594E-07  2.128808E-05  5.556673E-05     1.00
 3.6200000E+03  -1.380000E-02  1.042305E-02  0.000000E+00  4.327909E-09       87
   4.93E-04     -7.328588E-03 -2.542336E-03 -1.740104E-04  4.223855E-05 2.04E-05
   2.19E-03 0.00E+00 4.36E-04  7.075457E-07  2.134172E-05  5.568467E-05     1.00
 3.6300000E+03  -1.382500E-02  1.045116E-02  0.000000E+00  4.430725E-09       89
   4.97E-04     -7.333963E-03 -2.542393E-03 -1.761920E-04  4.229917E-05 2.41E-05
   2.15E-03 0.00E+00 4.35E-04  7.089674E-07  2.139427E-05  5.579936E-05     1.00
 3.6400000E+03  -1.385000E-02  1.047923E-02  0.000000E+00  4.489055E-09       88
   5.03E-04     -7.338929E-03 -2.542700E-03 -1.787172E-04  4.235901E-05 5.10E-06
   2.05E-03 0.00E+00 4.40E-04  7.104144E-07  2.144787E-05  5.591430E-05     1.00
 3.6500000E+03  -1.387500E-02  1.050715E-02  0.000000E+00  4.518156E-09       88
   4.85E-04     -7.344182E-03 -2.542733E-03 -1.815331E-04  4.241789E-05 4.96E-06
   2.00E-03 0.00E+00 4.36E-04  7.118729E-07  2.150296E-05  5.602977E-05     1.00
 3.6600000E+03  -1.390000E-02  1.053481E-02  0.000000E+00  4.531270E-09       87
   4.62E-04     -7.349096E-03 -2.542692E-03 -1.840216E-04  4.247591E-05 4.44E-06
   1.99E-03 0.00E+00 4.41E-04  7.133398E-07  2.155970E-05  5.614600E-05     1.00
 3.6700000E+03  -1.392500E-02  1.056226E-02  0.000000E+00  4.526226E-09       87
   3.99E-04     -7.354043E-03 -2.542689E-03 -1.857560E-04  4.253512E-05 4.15E-06
   1.97E-03 0.00E+00 4.30E-04  7.148052E-07  2.161596E-05  5.626292E-05     1.00
 3.6800000E+03  -1.395000E-02  1.058934E-02  0.000000E+00  4.498659E-09       87
   4.10E-04     -7.359386E-03 -2.542725E-03 -1.869621E-04  4.259655E-05 7.02E-06
   1.90E-03 0.00E+00 4.27E-04  7.162640E-07  2.167105E-05  5.638088E-05     1.00
 3.6900000E+03  -1.397500E-02  1.061675E-02  0.000000E+00  4.472989E-09       88
   4.09E-04     -7.364421E-03 -2.542690E-03 -1.881961E-04  4.265729E-05 3.23E-06
   1.87E-03 0.00E+00 4.23E-04  7.177127E-07  2.172616E-05  5.649815E-05     1.00
 3.7000000E+03  -1.400000E-02  1.064382E-02  0.000000E+00  4.464257E-09       88
   4.26E-04     -7.369607E-03 -2.542673E-03 -1.894899E-04  4.271872E-05 6.86E-07
   1.89E-03 0.00E+00 4.21E-04  7.191547E-07  2.178156E-05  5.661641E-05     1.00
 3.7100000E+03  -1.402500E-02  1.067038E-02  0.000000E+00  4.471186E-09       88
   4.02E-04     -7.374865E-03 -2.542681E-03 -1.910214E-04  4.278192E-05 1.16E-06
   1.91E-03 0.00E+00 4.21E-04  7.205972E-07  2.183658E-05  5.673608E-05     1.00
 3.7200000E+03  -1.405000E-02  1.069695E-02  0.000000E+00  4.477188E-09       87
   3.83E-04     -7.380177E-03 -2.542672E-03 -1.925541E-04  4.284638E-05 2.15E-06
   1.90E-03 0.00E+00 4.13E-04  7.220410E-07  2.189048E-05  5.685590E-05     1.00
 3.7300000E+03  -1.407500E-02  1.072344E-02  0.000000E+00  4.470669E-09       88
   3.71E-04     -7.385682E-03 -2.542696E-03 -1.940587E-04  4.291285E-05 3.00E-06
   1.88E-03 0.00E+00 4.11E-04  7.234836E-07  2.194271E-05  5.697603E-05     1.00
 3.7400000E+03  -1.410000E-02  1.074971E-02  0.000000E+00  4.462217E-09       88
   3.84E-04     -7.391433E-03 -2.542701E-03 -1.957544E-04  4.298070E-05 1.06E-06
   1.86E-03 0.00E+00 4.10E-04  7.249228E-07  2.199428E-05  5.709688E-05     1.00
 3.7500000E+03  -1.412500E-02  1.077583E-02  0.000000E+00  4.458355E-09       88
   3.94E-04     -7.397130E-03 -2.542697E-03 -1.977407E-04  4.304902E-05 1.43E-06
   1.86E-03 0.00E+00 4.15E-04  7.263616E-07  2.204590E-05  5.721825E-05     1.00
 3.7600000E+03  -1.415000E-02  1.080162E-02  0.000000E+00  4.462711E-09       89
   3.94E-04     -7.402902E-03 -2.542696E-03 -1.997804E-04  4.311793E-05 2.72E-06
   1.86E-03 0.00E+00 4.16E-04  7.278011E-07  2.209789E-05  5.734060E-05     1.00
 3.7700000E+03  -1.417500E-02  1.082768E-02  0.000000E+00  4.467700E-09       87
   3.77E-04     -7.408747E-03 -2.542683E-03 -2.018055E-04  4.318697E-05 2.54E-06
   1.88E-03 0.00E+00 4.19E-04  7.292433E-07  2.214923E-05  5.746242E-05     1.00
 3.7800000E+03  -1.420000E-02  1.085366E-02  0.000000E+00  4.470963E-09       88
   3.76E-04     -7.414744E-03 -2.542705E-03 -2.036257E-04  4.325748E-05 7.36E-06
   1.88E-03 0.00E+00 4.17E-04  7.306856E-07  2.219943E-05  5.758458E-05     1.00
 3.7900000E+03  -1.422500E-02  1.087974E-02  0.000000E+00  4.472891E-09       89
   3.63E-04     -7.420809E-03 -2.542698E-03 -2.054750E-04  4.332895E-05 1.40E-06
   1.87E-03 0.00E+00 4.14E-04  7.321285E-07  2.224862E-05  5.770669E-05     1.00
 3.8000000E+03  -1.425000E-02  1.090549E-02  0.000000E+00  4.476744E-09       89
   3.72E-04     -7.426974E-03 -2.542699E-03 -2.071647E-04  4.340140E-05 1.86E-06
   1.86E-03 0.00E+00 4.14E-04  7.335721E-07  2.229780E-05  5.782975E-05     1.00
 3.8100000E+03  -1.427500E-02  1.093106E-02  0.000000E+00  4.478357E-09       89
   3.71E-04     -7.433025E-03 -2.542686E-03 -2.090698E-04  4.347387E-05 5.82E-06
   1.86E-03 0.00E+00 4.18E-04  7.350184E-07  2.234758E-05  5.795345E-05     1.00
 3.8200000E+03  -1.430000E-02  1.095651E-02  0.000000E+00  4.484596E-09       88
   3.65E-04     -7.438948E-03 -2.542683E-03 -2.109624E-04  4.354632E-05 5.95E-06
   1.86E-03 0.00E+00 4.18E-04  7.364656E-07  2.239781E-05  5.807759E-05     1.00
 3.8300000E+03  -1.432500E-02  1.098211E-02  0.000000E+00  4.492569E-09       89
   3.47E-04     -7.444876E-03 -2.542693E-03 -2.129464E-04  4.361877E-05 1.18E-06
   1.88E-03 0.00E+00 4.19E-04  7.379150E-07  2.244783E-05  5.820151E-05     1.00
 3.8400000E+03  -1.435000E-02  1.100786E-02  0.000000E+00  4.503254E-09       89
   3.59E-04     -7.450806E-03 -2.542692E-03 -2.148817E-04  4.369115E-05 2.82E-07
   1.87E-03 0.00E+00 4.16E-04  7.393665E-07  2.249769E-05  5.832523E-05     1.00
 3.8500000E+03  -1.437500E-02  1.103388E-02  0.000000E+00  4.516587E-09       89
   3.52E-04     -7.456666E-03 -2.542674E-03 -2.168885E-04  4.376307E-05 1.28E-06
   1.88E-03 0.00E+00 4.17E-04  7.408221E-07  2.254748E-05  5.844840E-05     1.00
 3.8600000E+03  -1.440000E-02  1.105975E-02  0.000000E+00  4.528736E-09       89
   3.64E-04     -7.462515E-03 -2.542693E-03 -2.188365E-04  4.383559E-05 1.43E-07
   1.87E-03 0.00E+00 4.16E-04  7.422818E-07  2.259721E-05  5.857212E-05     1.00
 3.8700000E+03  -1.442500E-02  1.108577E-02  0.000000E+00  4.539094E-09       89
   3.53E-04     -7.468347E-03 -2.542693E-03 -2.207976E-04  4.390811E-05 8.34E-08
   1.87E-03 0.00E+00 4.18E-04  7.437456E-07  2.264673E-05  5.869564E-05     1.00
 3.8800000E+03  -1.445000E-02  1.111179E-02  0.000000E+00  4.553384E-09       89
   3.64E-04     -7.474148E-03 -2.542698E-03 -2.227622E-04  4.398107E-05 1.05E-06
   1.87E-03 0.00E+00 4.18E-04  7.452132E-07  2.269594E-05  5.881928E-05     1.00
 3.8900000E+03  -1.447500E-02  1.113793E-02  0.000000E+00  4.572620E-09       89
   3.55E-04     -7.479933E-03 -2.542701E-03 -2.246311E-04  4.405421E-05 4.78E-06
   1.88E-03 0.00E+00 4.20E-04  7.466867E-07  2.274481E-05  5.894278E-05     1.00
 3.9000000E+03  -1.450000E-02  1.116405E-02  0.000000E+00  4.595045E-09       89
   3.65E-04     -7.485722E-03 -2.542707E-03 -2.263852E-04  4.412763E-05 3.74E-06
   1.88E-03 0.00E+00 4.21E-04  7.481674E-07  2.279356E-05  5.906646E-05     1.00
 3.9100000E+03  -1.452500E-02  1.119036E-02  0.000000E+00  4.615937E-09       89
   3.59E-04     -7.491327E-03 -2.542696E-03 -2.281819E-04  4.420049E-05 7.38E-08
   1.89E-03 0.00E+00 4.25E-04  7.496558E-07  2.284258E-05  5.918984E-05     1.00
 3.9200000E+03  -1.455000E-02  1.121656E-02  0.000000E+00  4.634174E-09       89
   3.50E-04     -7.496983E-03 -2.542707E-03 -2.299346E-04  4.427386E-05 1.09E-06
   1.89E-03 0.00E+00 4.24E-04  7.511501E-07  2.289150E-05  5.931365E-05     1.00
 3.9300000E+03  -1.457500E-02  1.124288E-02  0.000000E+00  4.653551E-09       89
   3.46E-04     -7.502637E-03 -2.542701E-03 -2.317099E-04  4.434724E-05 2.35E-07
   1.90E-03 0.00E+00 4.23E-04  7.526498E-07  2.294025E-05  5.943731E-05     1.00
 3.9400000E+03  -1.460000E-02  1.126917E-02  0.000000E+00  4.675151E-09       89
   3.47E-04     -7.508249E-03 -2.542696E-03 -2.335002E-04  4.442107E-05 1.04E-06
   1.90E-03 0.00E+00 4.21E-04  7.541554E-07  2.298877E-05  5.956118E-05     1.00
 3.9500000E+03  -1.462500E-02  1.129545E-02  0.000000E+00  4.699252E-09       89
   3.50E-04     -7.513836E-03 -2.542695E-03 -2.353034E-04  4.449513E-05 1.10E-06
   1.90E-03 0.00E+00 4.21E-04  7.556683E-07  2.303723E-05  5.968524E-05     1.00
 3.9600000E+03  -1.465000E-02  1.132165E-02  0.000000E+00  4.723670E-09       89
   3.50E-04     -7.519427E-03 -2.542702E-03 -2.370862E-04  4.456944E-05 1.05E-06
   1.91E-03 0.00E+00 4.21E-04  7.571888E-07  2.308577E-05  5.980963E-05     1.00
 3.9700000E+03  -1.467500E-02  1.134794E-02  0.000000E+00  4.749902E-09       89
   3.54E-04     -7.524966E-03 -2.542706E-03 -2.388660E-04  4.464358E-05 2.08E-06
   1.91E-03 0.00E+00 4.22E-04  7.587175E-07  2.313440E-05  5.993395E-05     1.00
 3.9800000E+03  -1.470000E-02  1.137424E-02  0.000000E+00  4.776099E-09       89
   3.53E-04     -7.530469E-03 -2.542700E-03 -2.406377E-04  4.471784E-05 8.39E-07
   1.92E-03 0.00E+00 4.23E-04  7.602549E-07  2.318301E-05  6.005838E-05     1.00
 3.9900000E+03  -1.472500E-02  1.140062E-02  0.000000E+00  4.803249E-09       89
   3.55E-04     -7.535941E-03 -2.542721E-03 -2.424150E-04  4.479225E-05 2.48E-06
   1.92E-03 0.00E+00 4.24E-04  7.618010E-07  2.323143E-05  6.018278E-05     1.00
 4.0000000E+03  -1.475000E-02  1.142703E-02  0.000000E+00  4.825484E-09       89
   3.55E-04     -7.541403E-03 -2.542695E-03 -2.441712E-04  4.486697E-05 6.91E-08
   1.92E-03 0.00E+00 4.26E-04  7.633552E-07  2.327957E-05  6.030722E-05     1.00
 4.0100000E+03  -1.477500E-02  1.145342E-02  0.000000E+00  4.845473E-09       89
   3.57E-04     -7.546863E-03 -2.542706E-03 -2.459589E-04  4.494213E-05 4.46E-06
   1.91E-03 0.00E+00 4.27E-04  7.649163E-07  2.332748E-05  6.043188E-05     1.00
 4.0200000E+03  -1.480000E-02  1.147982E-02  0.000000E+00  4.862064E-09       89
   3.52E-04     -7.552317E-03 -2.542704E-03 -2.477510E-04  4.501760E-05 1.71E-06
   1.92E-03 0.00E+00 4.27E-04  7.664833E-07  2.337520E-05  6.055665E-05     1.00
 4.0300000E+03  -1.482500E-02  1.150622E-02  0.000000E+00  4.877345E-09       89
   3.52E-04     -7.557797E-03 -2.542698E-03 -2.495598E-04  4.509341E-05 4.23E-07
   1.91E-03 0.00E+00 4.27E-04  7.680553E-07  2.342271E-05  6.068156E-05     1.00
 4.0400000E+03  -1.485000E-02  1.153255E-02  0.000000E+00  4.891900E-09       89
   3.50E-04     -7.563295E-03 -2.542697E-03 -2.513816E-04  4.516969E-05 1.43E-09
   1.92E-03 0.00E+00 4.27E-04  7.696318E-07  2.347007E-05  6.080678E-05     1.00
 4.0500000E+03  -1.487500E-02  1.155884E-02  0.000000E+00  4.907319E-09       89
   3.52E-04     -7.568831E-03 -2.542697E-03 -2.532323E-04  4.524643E-05 5.17E-09
   1.92E-03 0.00E+00 4.27E-04  7.712130E-07  2.351724E-05  6.093228E-05     1.00
 4.0600000E+03  -1.490000E-02  1.158506E-02  0.000000E+00  4.922416E-09       89
   3.50E-04     -7.574362E-03 -2.542698E-03 -2.550974E-04  4.532367E-05 2.36E-07
   1.92E-03 0.00E+00 4.26E-04  7.727991E-07  2.356418E-05  6.105808E-05     1.00
 4.0700000E+03  -1.492500E-02  1.161129E-02  0.000000E+00  4.937396E-09       89
   3.51E-04     -7.579892E-03 -2.542697E-03 -2.569825E-04  4.540135E-05 4.58E-08
   1.92E-03 0.00E+00 4.26E-04  7.743899E-07  2.361084E-05  6.118401E-05     1.00
 4.0800000E+03  -1.495000E-02  1.163750E-02  0.000000E+00  4.951483E-09       89
   3.50E-04     -7.585422E-03 -2.542696E-03 -2.588637E-04  4.547945E-05 2.60E-07
   1.92E-03 0.00E+00 4.26E-04  7.759852E-07  2.365724E-05  6.131011E-05     1.00
 4.0900000E+03  -1.497500E-02  1.166373E-02  0.000000E+00  4.965640E-09       89
   3.53E-04     -7.590953E-03 -2.542693E-03 -2.607281E-04  4.555791E-05 9.72E-08
   1.92E-03 0.00E+00 4.26E-04  7.775851E-07  2.370338E-05  6.143634E-05     1.00
 4.1000000E+03  -1.500000E-02  1.168995E-02  0.000000E+00  4.979342E-09       89
   3.50E-04     -7.596461E-03 -2.542690E-03 -2.625750E-04  4.563671E-05 7.70E-07
   1.92E-03 0.00E+00 4.26E-04  7.791895E-07  2.374935E-05  6.156273E-05     1.00
 4.1100000E+03  -1.502500E-02  1.171615E-02  0.000000E+00  4.992279E-09       89
   3.52E-04     -7.601981E-03 -2.542689E-03 -2.644175E-04  4.571589E-05 1.89E-06
   1.92E-03 0.00E+00 4.26E-04  7.807982E-07  2.379514E-05  6.168932E-05     1.00
 4.1200000E+03  -1.505000E-02  1.174233E-02  0.000000E+00  5.004236E-09       89
   3.50E-04     -7.607496E-03 -2.542688E-03 -2.662509E-04  4.579541E-05 1.67E-06
   1.92E-03 0.00E+00 4.26E-04  7.824107E-07  2.384078E-05  6.181610E-05     1.00
 4.1300000E+03  -1.507500E-02  1.176848E-02  0.000000E+00  5.014922E-09       89
   3.51E-04     -7.613013E-03 -2.542695E-03 -2.680911E-04  4.587534E-05 6.58E-08
   1.92E-03 0.00E+00 4.26E-04  7.840269E-07  2.388623E-05  6.194310E-05     1.00
 4.1400000E+03  -1.510000E-02  1.179466E-02  0.000000E+00  5.024998E-09       89
   3.50E-04     -7.618519E-03 -2.542693E-03 -2.699286E-04  4.595548E-05 1.72E-07
   1.92E-03 0.00E+00 4.26E-04  7.856464E-07  2.393154E-05  6.207019E-05     1.00
 4.1500000E+03  -1.512500E-02  1.182086E-02  0.000000E+00  5.034592E-09       89
   3.51E-04     -7.624008E-03 -2.542691E-03 -2.717695E-04  4.603584E-05 1.90E-07
   1.92E-03 0.00E+00 4.27E-04  7.872690E-07  2.397671E-05  6.219735E-05     1.00
 4.1600000E+03  -1.515000E-02  1.184705E-02  0.000000E+00  5.042932E-09       89
   3.50E-04     -7.629482E-03 -2.542694E-03 -2.736014E-04  4.611649E-05 1.41E-07
   1.92E-03 0.00E+00 4.27E-04  7.888945E-07  2.402175E-05  6.232467E-05     1.00
 4.1700000E+03  -1.517500E-02  1.187327E-02  0.000000E+00  5.050913E-09       89
   3.50E-04     -7.634945E-03 -2.542692E-03 -2.754433E-04  4.619739E-05 3.22E-07
   1.92E-03 0.00E+00 4.26E-04  7.905226E-07  2.406664E-05  6.245210E-05     1.00
 4.1800000E+03  -1.520000E-02  1.189948E-02  0.000000E+00  5.058756E-09       89
   3.49E-04     -7.640401E-03 -2.542693E-03 -2.772799E-04  4.627863E-05 3.22E-07
   1.92E-03 0.00E+00 4.26E-04  7.921532E-07  2.411135E-05  6.257968E-05     1.00
 4.1900000E+03  -1.522500E-02  1.192611E-02  0.000000E+00  5.068124E-09       89
   3.61E-04     -7.645552E-03 -2.542716E-03 -2.792266E-04  4.635711E-05 5.94E-06
   1.93E-03 0.00E+00 4.26E-04  7.937863E-07  2.415788E-05  6.270634E-05     1.00
 4.2000000E+03  -1.525000E-02  1.195350E-02  0.000000E+00  5.096327E-09       89
   3.74E-04     -7.650369E-03 -2.542696E-03 -2.813951E-04  4.643046E-05 2.26E-06
   2.01E-03 0.00E+00 4.25E-04  7.954249E-07  2.420777E-05  6.283124E-05     1.00
 4.2100000E+03  -1.527500E-02  1.198084E-02  0.000000E+00  5.152463E-09       89
   3.96E-04     -7.654848E-03 -2.542696E-03 -2.833735E-04  4.650005E-05 1.15E-06
   2.08E-03 0.00E+00 4.29E-04  7.970791E-07  2.426163E-05  6.295640E-05     1.00
 4.2200000E+03  -1.530000E-02  1.200820E-02  0.000000E+00  5.149031E-09       90
   4.99E-04     -7.660110E-03 -2.542703E-03 -2.847949E-04  4.656583E-05 4.61E-07
   2.08E-03 0.00E+00 4.34E-04  7.987465E-07  2.431942E-05  6.308162E-05     1.00
 4.2300000E+03  -1.532500E-02  1.203663E-02  0.000000E+00  5.035758E-09       88
   4.74E-04     -7.664194E-03 -2.542715E-03 -2.861480E-04  4.662533E-05 1.28E-05
   2.05E-03 0.00E+00 4.32E-04  8.003926E-07  2.438105E-05  6.320429E-05     1.00
 4.2400000E+03  -1.535000E-02  1.206651E-02  0.000000E+00  4.861499E-09       87
   4.32E-04     -7.666974E-03 -2.542686E-03 -2.878569E-04  4.667768E-05 2.39E-06
   2.00E-03 0.00E+00 4.21E-04  8.019901E-07  2.444642E-05  6.332344E-05     1.00
 4.2500000E+03  -1.537500E-02  1.209613E-02  0.000000E+00  4.647225E-09       88
   4.23E-04     -7.669546E-03 -2.542707E-03 -2.893416E-04  4.672935E-05 8.25E-07
   1.91E-03 0.00E+00 4.16E-04  8.035250E-07  2.451328E-05  6.344329E-05     1.00
 4.2600000E+03  -1.540000E-02  1.212562E-02  0.000000E+00  4.413646E-09       89
   3.94E-04     -7.672037E-03 -2.542687E-03 -2.908704E-04  4.677978E-05 3.76E-06
   1.82E-03 0.00E+00 4.08E-04  8.049867E-07  2.458189E-05  6.356356E-05     1.00
 4.2700000E+03  -1.542500E-02  1.215432E-02  0.000000E+00  4.177070E-09       89
   4.27E-04     -7.674838E-03 -2.542690E-03 -2.919793E-04  4.683270E-05 8.73E-07
   1.73E-03 0.00E+00 4.01E-04  8.063730E-07  2.465014E-05  6.368589E-05     1.00
 4.2800000E+03  -1.545000E-02  1.218246E-02  0.000000E+00  3.953889E-09       89
   3.99E-04     -7.677083E-03 -2.542699E-03 -2.931905E-04  4.688625E-05 3.44E-06
   1.73E-03 0.00E+00 4.03E-04  8.076883E-07  2.471927E-05  6.380966E-05     1.00
 4.2900000E+03  -1.547500E-02  1.220991E-02  0.000000E+00  3.753283E-09       87
   3.62E-04     -7.679393E-03 -2.542697E-03 -2.945479E-04  4.694060E-05 3.00E-06
   1.71E-03 0.00E+00 3.97E-04  8.089370E-07  2.478946E-05  6.393525E-05     1.00
 4.3000000E+03  -1.550000E-02  1.223695E-02  0.000000E+00  3.590466E-09       88
   3.41E-04     -7.682192E-03 -2.542684E-03 -2.963604E-04  4.699487E-05 7.50E-07
   1.68E-03 0.00E+00 3.89E-04  8.101277E-07  2.486083E-05  6.406192E-05     1.00
 4.3100000E+03  -1.552500E-02  1.226364E-02  0.000000E+00  3.452752E-09       89
   3.45E-04     -7.685613E-03 -2.542689E-03 -2.986386E-04  4.705079E-05 4.24E-07
   1.62E-03 0.00E+00 3.82E-04  8.112698E-07  2.493154E-05  6.418956E-05     1.00
 4.3200000E+03  -1.555000E-02  1.228947E-02  0.000000E+00  3.326313E-09       89
   3.43E-04     -7.689849E-03 -2.542700E-03 -3.010861E-04  4.711108E-05 2.03E-06
   1.54E-03 0.00E+00 3.76E-04  8.123704E-07  2.500015E-05  6.431944E-05     1.00
 4.3300000E+03  -1.557500E-02  1.231461E-02  0.000000E+00  3.171549E-09       88
   3.15E-04     -7.695023E-03 -2.542694E-03 -3.035848E-04  4.717593E-05 1.90E-07
   1.42E-03 0.00E+00 3.65E-04  8.134251E-07  2.506617E-05  6.445121E-05     1.00
 4.3400000E+03  -1.560000E-02  1.233977E-02  0.000000E+00  3.007289E-09       89
   3.07E-04     -7.700396E-03 -2.542694E-03 -3.059637E-04  4.724174E-05 1.20E-06
   1.40E-03 0.00E+00 3.51E-04  8.144260E-07  2.513136E-05  6.458304E-05     1.00
 4.3500000E+03  -1.562500E-02  1.236530E-02  0.000000E+00  2.860782E-09       89
   3.07E-04     -7.705192E-03 -2.542694E-03 -3.085037E-04  4.730651E-05 2.14E-06
   1.43E-03 0.00E+00 3.40E-04  8.153747E-07  2.519682E-05  6.471408E-05     1.00
 4.3600000E+03  -1.565000E-02  1.239042E-02  0.000000E+00  2.761952E-09       90
   3.35E-04     -7.710226E-03 -2.542720E-03 -3.108544E-04  4.737483E-05 5.67E-06
   1.45E-03 0.00E+00 3.28E-04  8.162830E-07  2.525989E-05  6.484628E-05     1.00
 4.3700000E+03  -1.567500E-02  1.241521E-02  0.000000E+00  2.715337E-09       90
   3.12E-04     -7.715218E-03 -2.542692E-03 -3.127880E-04  4.744541E-05 7.76E-07
   1.51E-03 0.00E+00 3.24E-04  8.171689E-07  2.532163E-05  6.497944E-05     1.00
 4.3800000E+03  -1.570000E-02  1.243997E-02  0.000000E+00  2.732611E-09       89
   3.09E-04     -7.720846E-03 -2.542727E-03 -3.144277E-04  4.751774E-05 1.94E-05
   1.57E-03 0.00E+00 3.17E-04  8.180495E-07  2.538178E-05  6.511282E-05     1.00
 4.3900000E+03  -1.572500E-02  1.246492E-02  0.000000E+00  2.796022E-09       89
   3.06E-04     -7.726639E-03 -2.542695E-03 -3.157578E-04  4.758915E-05 3.20E-06
   1.61E-03 0.00E+00 3.15E-04  8.189433E-07  2.544249E-05  6.524589E-05     1.00
 4.4000000E+03  -1.575000E-02  1.248986E-02  0.000000E+00  2.896814E-09       89
   3.00E-04     -7.732281E-03 -2.542733E-03 -3.170798E-04  4.765912E-05 5.33E-05
   1.67E-03 0.00E+00 3.19E-04  8.198642E-07  2.550472E-05  6.537912E-05     1.00
 4.4100000E+03  -1.577500E-02  1.251524E-02  0.000000E+00  3.032806E-09       89
   2.83E-04     -7.737903E-03 -2.542708E-03 -3.186251E-04  4.772619E-05 6.23E-07
   1.77E-03 0.00E+00 3.19E-04  8.208212E-07  2.556883E-05  6.551139E-05     1.00
 4.4200000E+03  -1.580000E-02  1.254096E-02  0.000000E+00  3.208169E-09       90
   3.04E-04     -7.743139E-03 -2.542723E-03 -3.202490E-04  4.779054E-05 7.33E-06
   1.85E-03 0.00E+00 3.22E-04  8.218273E-07  2.563489E-05  6.564297E-05     1.00
 4.4300000E+03  -1.582500E-02  1.256689E-02  0.000000E+00  3.418372E-09       90
   2.95E-04     -7.748115E-03 -2.542730E-03 -3.219705E-04  4.785260E-05 1.27E-05
   1.93E-03 0.00E+00 3.24E-04  8.228932E-07  2.570273E-05  6.577414E-05     1.00
 4.4400000E+03  -1.585000E-02  1.259318E-02  0.000000E+00  3.658273E-09       90
   3.13E-04     -7.752834E-03 -2.542669E-03 -3.235850E-04  4.791129E-05 1.00E-06
   1.99E-03 0.00E+00 3.31E-04  8.240308E-07  2.577307E-05  6.590455E-05     1.00
 4.4500000E+03  -1.587500E-02  1.261980E-02  0.000000E+00  3.915380E-09       90
   3.05E-04     -7.757146E-03 -2.542699E-03 -3.250885E-04  4.796613E-05 4.42E-07
   2.06E-03 0.00E+00 3.38E-04  8.252467E-07  2.584647E-05  6.603425E-05     1.00
 4.4600000E+03  -1.590000E-02  1.264680E-02  0.000000E+00  4.181939E-09       90
   3.13E-04     -7.761255E-03 -2.542692E-03 -3.262616E-04  4.801767E-05 7.66E-07
   2.11E-03 0.00E+00 3.44E-04  8.265453E-07  2.592224E-05  6.616312E-05     1.00
 4.4700000E+03  -1.592500E-02  1.267406E-02  0.000000E+00  4.442618E-09       90
   3.17E-04     -7.765193E-03 -2.542710E-03 -3.274492E-04  4.806667E-05 1.13E-06
   2.14E-03 0.00E+00 3.50E-04  8.279269E-07  2.599992E-05  6.629145E-05     1.00
 4.4800000E+03  -1.595000E-02  1.270190E-02  0.000000E+00  4.699604E-09       90
   3.34E-04     -7.768757E-03 -2.542700E-03 -3.285618E-04  4.811256E-05 1.54E-06
   2.17E-03 0.00E+00 3.56E-04  8.293899E-07  2.607932E-05  6.641845E-05     1.00
 4.4900000E+03  -1.597500E-02  1.273041E-02  0.000000E+00  4.964694E-09       90
   3.42E-04     -7.771924E-03 -2.542717E-03 -3.298026E-04  4.815487E-05 3.22E-06
   2.23E-03 0.00E+00 3.67E-04  8.309366E-07  2.616059E-05  6.654384E-05     1.00
 4.5000000E+03  -1.600000E-02  1.275997E-02  0.000000E+00  5.225418E-09       90
   3.48E-04     -7.774472E-03 -2.542716E-03 -3.310894E-04  4.819176E-05 1.32E-06
   2.28E-03 0.00E+00 3.74E-04  8.325668E-07  2.624465E-05  6.666667E-05     1.00
 4.5100000E+03  -1.602500E-02  1.279002E-02  0.000000E+00  5.480113E-09       90
   3.71E-04     -7.776690E-03 -2.542696E-03 -3.324575E-04  4.822485E-05 9.69E-07
   2.32E-03 0.00E+00 3.84E-04  8.342798E-07  2.633130E-05  6.678837E-05     1.00
 4.5200000E+03  -1.605000E-02  1.282070E-02  0.000000E+00  5.710277E-09       90
   3.80E-04     -7.778355E-03 -2.542710E-03 -3.338956E-04  4.825392E-05 1.85E-06
   2.33E-03 0.00E+00 3.93E-04  8.360718E-07  2.642038E-05  6.690854E-05     1.00
 4.5300000E+03  -1.607500E-02  1.285228E-02  0.000000E+00  5.898039E-09       90
   3.82E-04     -7.779940E-03 -2.542719E-03 -3.350562E-04  4.828075E-05 2.11E-06
   2.31E-03 0.00E+00 4.01E-04  8.379310E-07  2.650945E-05  6.702650E-05     1.00
 4.5400000E+03  -1.610000E-02  1.288459E-02  0.000000E+00  6.051740E-09       90
   3.66E-04     -7.781178E-03 -2.542702E-03 -3.363972E-04  4.830558E-05 2.07E-06
   2.32E-03 0.00E+00 4.07E-04  8.398443E-07  2.659874E-05  6.714267E-05     1.00
 4.5500000E+03  -1.612500E-02  1.291764E-02  0.000000E+00  6.173655E-09       90
   3.68E-04     -7.782281E-03 -2.542697E-03 -3.377291E-04  4.832937E-05 1.01E-06
   2.32E-03 0.00E+00 4.09E-04  8.418005E-07  2.668725E-05  6.725705E-05     1.00
 4.5600000E+03  -1.615000E-02  1.295114E-02  0.000000E+00  6.289796E-09       89
   3.65E-04     -7.783368E-03 -2.542700E-03 -3.390182E-04  4.835401E-05 2.33E-06
   2.35E-03 0.00E+00 4.09E-04  8.437924E-07  2.677378E-05  6.737032E-05     1.00
 4.5700000E+03  -1.617500E-02  1.298506E-02  0.000000E+00  6.427739E-09       89
   3.52E-04     -7.783919E-03 -2.542681E-03 -3.398594E-04  4.837797E-05 4.04E-05
   2.40E-03 0.00E+00 4.08E-04  8.458228E-07  2.685994E-05  6.748261E-05     1.00
 4.5800000E+03  -1.620000E-02  1.301879E-02  0.000000E+00  6.586545E-09       89
   3.40E-04     -7.784664E-03 -2.542701E-03 -3.402984E-04  4.840164E-05 2.13E-06
   2.44E-03 0.00E+00 4.07E-04  8.478983E-07  2.694679E-05  6.759537E-05     1.00
 4.5900000E+03  -1.622500E-02  1.305282E-02  0.000000E+00  6.773617E-09       89
   3.44E-04     -7.785534E-03 -2.542696E-03 -3.407555E-04  4.842326E-05 3.08E-07
   2.49E-03 0.00E+00 4.03E-04  8.500262E-07  2.703489E-05  6.770739E-05     1.00
 4.6000000E+03  -1.625000E-02  1.308723E-02  0.000000E+00  6.993747E-09       89
   3.50E-04     -7.786311E-03 -2.542704E-03 -3.409615E-04  4.844348E-05 2.20E-07
   2.55E-03 0.00E+00 4.02E-04  8.522169E-07  2.712338E-05  6.781851E-05     1.00
 4.6100000E+03  -1.627500E-02  1.312223E-02  0.000000E+00  7.243213E-09       89
   3.58E-04     -7.787168E-03 -2.542715E-03 -3.412966E-04  4.846215E-05 4.56E-06
   2.59E-03 0.00E+00 4.04E-04  8.544812E-07  2.721188E-05  6.792819E-05     1.00
 4.6200000E+03  -1.630000E-02  1.315828E-02  0.000000E+00  7.515209E-09       89
   3.81E-04     -7.787706E-03 -2.542715E-03 -3.419135E-04  4.847705E-05 8.39E-06
   2.63E-03 0.00E+00 4.09E-04  8.568289E-07  2.730143E-05  6.803526E-05     1.00
 4.6300000E+03  -1.632500E-02  1.319558E-02  0.000000E+00  7.793134E-09       89
   3.86E-04     -7.787607E-03 -2.542702E-03 -3.422988E-04  4.848773E-05 4.73E-06
   2.65E-03 0.00E+00 4.18E-04  8.592642E-07  2.739201E-05  6.813922E-05     1.00
 4.6400000E+03  -1.635000E-02  1.323424E-02  0.000000E+00  8.080082E-09       89
   4.00E-04     -7.786619E-03 -2.542719E-03 -3.426201E-04  4.849246E-05 4.75E-06
   2.69E-03 0.00E+00 4.28E-04  8.617904E-07  2.748503E-05  6.823978E-05     1.00
 4.6500000E+03  -1.637500E-02  1.327408E-02  0.000000E+00  8.365617E-09       89
   4.04E-04     -7.784914E-03 -2.542703E-03 -3.428085E-04  4.849203E-05 1.18E-06
   2.71E-03 0.00E+00 4.39E-04  8.644087E-07  2.758012E-05  6.833735E-05     1.00
 4.6600000E+03  -1.640000E-02  1.331463E-02  0.000000E+00  8.641834E-09       89
   4.04E-04     -7.782745E-03 -2.542727E-03 -3.429292E-04  4.848784E-05 4.63E-06
   2.74E-03 0.00E+00 4.48E-04  8.671172E-07  2.767711E-05  6.843312E-05     1.00
 4.6700000E+03  -1.642500E-02  1.335628E-02  0.000000E+00  8.902904E-09       89
   4.09E-04     -7.780055E-03 -2.542712E-03 -3.428509E-04  4.847970E-05 4.32E-06
   2.76E-03 0.00E+00 4.54E-04  8.699112E-07  2.777516E-05  6.852609E-05     1.00
 4.6800000E+03  -1.645000E-02  1.339890E-02  0.000000E+00  9.144192E-09       89
   4.26E-04     -7.776852E-03 -2.542707E-03 -3.423633E-04  4.846809E-05 1.41E-06
   2.76E-03 0.00E+00 4.62E-04  8.727856E-07  2.787415E-05  6.861657E-05     1.00
 4.6900000E+03  -1.647500E-02  1.344239E-02  0.000000E+00  9.364134E-09       89
   4.22E-04     -7.773126E-03 -2.542695E-03 -3.418185E-04  4.845303E-05 4.75E-06
   2.77E-03 0.00E+00 4.71E-04  8.757347E-07  2.797425E-05  6.870478E-05     1.00
 4.7000000E+03  -1.650000E-02  1.348664E-02  0.000000E+00  9.573657E-09       89
   4.23E-04     -7.768959E-03 -2.542686E-03 -3.409228E-04  4.843558E-05 1.85E-06
   2.83E-03 0.00E+00 4.78E-04  8.787511E-07  2.807471E-05  6.879101E-05     1.00
 4.7100000E+03  -1.652500E-02  1.353199E-02  0.000000E+00  9.798214E-09       89
   4.01E-04     -7.764165E-03 -2.542716E-03 -3.397143E-04  4.841553E-05 5.71E-06
   2.93E-03 0.00E+00 4.77E-04  8.818334E-07  2.817484E-05  6.887439E-05     1.00
 4.7200000E+03  -1.655000E-02  1.357860E-02  0.000000E+00  1.002814E-08       89
   3.94E-04     -7.758981E-03 -2.542713E-03 -3.384040E-04  4.839175E-05 5.01E-06
   2.96E-03 0.00E+00 4.73E-04  8.849851E-07  2.827536E-05  6.895451E-05     1.00
 4.7300000E+03  -1.657500E-02  1.362629E-02  0.000000E+00  1.022454E-08       89
   4.17E-04     -7.753496E-03 -2.542702E-03 -3.372114E-04  4.836251E-05 1.09E-05
   2.94E-03 0.00E+00 4.71E-04  8.882022E-07  2.837849E-05  6.903181E-05     1.00
 4.7400000E+03  -1.660000E-02  1.367480E-02  0.000000E+00  1.038294E-08       89
   4.25E-04     -7.747435E-03 -2.542715E-03 -3.363122E-04  4.832768E-05 1.07E-06
   2.93E-03 0.00E+00 4.76E-04  8.914751E-07  2.848498E-05  6.910690E-05     1.00
 4.7500000E+03  -1.662500E-02  1.372405E-02  0.000000E+00  1.052291E-08       89
   4.35E-04     -7.740758E-03 -2.542711E-03 -3.357523E-04  4.828764E-05 2.96E-06
   2.94E-03 0.00E+00 4.80E-04  8.947951E-07  2.859467E-05  6.918001E-05     1.00
 4.7600000E+03  -1.665000E-02  1.377371E-02  0.000000E+00  1.066268E-08       89
   4.26E-04     -7.733868E-03 -2.542693E-03 -3.355681E-04  4.824464E-05 9.39E-08
   2.97E-03 0.00E+00 4.84E-04  8.981602E-07  2.870609E-05  6.925193E-05     1.00
 4.7700000E+03  -1.667500E-02  1.382323E-02  0.000000E+00  1.078559E-08       88
   4.17E-04     -7.727157E-03 -2.542693E-03 -3.351150E-04  4.820162E-05 1.54E-07
   2.96E-03 0.00E+00 4.84E-04  9.015657E-07  2.881771E-05  6.932406E-05     1.00
 4.7800000E+03  -1.670000E-02  1.387265E-02  0.000000E+00  1.086330E-08       88
   4.34E-04     -7.720239E-03 -2.542697E-03 -3.341540E-04  4.815933E-05 1.45E-06
   2.89E-03 0.00E+00 4.84E-04  9.050039E-07  2.892869E-05  6.939626E-05     1.00
 4.7900000E+03  -1.672500E-02  1.392226E-02  0.000000E+00  1.087571E-08       88
   4.38E-04     -7.713139E-03 -2.542708E-03 -3.328393E-04  4.811757E-05 2.14E-06
   2.83E-03 0.00E+00 4.89E-04  9.084572E-07  2.903855E-05  6.946782E-05     1.00
 4.8000000E+03  -1.675000E-02  1.397247E-02  0.000000E+00  1.084223E-08       88
   4.46E-04     -7.705686E-03 -2.542708E-03 -3.313873E-04  4.807514E-05 6.88E-06
   2.79E-03 0.00E+00 4.95E-04  9.119087E-07  2.914745E-05  6.953771E-05     1.00
 4.8100000E+03  -1.677500E-02  1.402354E-02  0.000000E+00  1.080339E-08       88
   4.41E-04     -7.697877E-03 -2.542730E-03 -3.301375E-04  4.803188E-05 2.53E-05
   2.79E-03 0.00E+00 5.02E-04  9.153509E-07  2.925486E-05  6.960526E-05     1.00
 4.8200000E+03  -1.680000E-02  1.407535E-02  0.000000E+00  1.079197E-08       88
   4.20E-04     -7.689974E-03 -2.542699E-03 -3.290366E-04  4.798903E-05 4.17E-07
   2.81E-03 0.00E+00 5.03E-04  9.187855E-07  2.935982E-05  6.967080E-05     1.00
 4.8300000E+03  -1.685000E-02  1.412999E-02  0.000000E+00  1.103377E-08       88
   5.69E-04     -7.703502E-03 -2.542779E-03 -3.285608E-04  4.813290E-05 2.98E-05
   3.03E-03 0.00E+00 5.08E-04  9.222542E-07  2.946593E-05  6.992448E-05     1.00
 4.8400000E+03  -1.690000E-02  1.418886E-02  0.000000E+00  1.173140E-08       88
   6.04E-04     -7.712197E-03 -2.542872E-03 -3.286077E-04  4.826256E-05 4.14E-05
   3.45E-03 0.00E+00 5.37E-04  9.258828E-07  2.957566E-05  7.016819E-05     1.00
 4.8500000E+03  -1.695000E-02  1.425132E-02  0.000000E+00  1.283217E-08       88
   5.80E-04     -7.719162E-03 -2.542738E-03 -3.282353E-04  4.837791E-05 2.05E-06
   3.85E-03 0.00E+00 5.55E-04  9.298044E-07  2.969043E-05  7.040331E-05     1.00
 4.8600000E+03  -1.700000E-02  1.431505E-02  0.000000E+00  1.433612E-08       88
   6.56E-04     -7.725651E-03 -2.542718E-03 -3.273764E-04  4.848300E-05 3.54E-06
   4.22E-03 0.00E+00 5.77E-04  9.341484E-07  2.981188E-05  7.063567E-05     1.00
 4.8700000E+03  -1.705000E-02  1.438087E-02  0.000000E+00  1.614188E-08       88
   7.30E-04     -7.729618E-03 -2.542808E-03 -3.259268E-04  4.857541E-05 1.84E-06
   4.50E-03 0.00E+00 6.25E-04  9.390340E-07  2.994023E-05  7.086309E-05     1.00
 4.8800000E+03  -1.710000E-02  1.445204E-02  0.000000E+00  1.816350E-08       87
   7.36E-04     -7.730555E-03 -2.542777E-03 -3.239551E-04  4.864402E-05 1.59E-05
   4.77E-03 0.00E+00 6.68E-04  9.445418E-07  3.007833E-05  7.107730E-05     1.00
 4.8900000E+03  -1.715000E-02  1.452761E-02  0.000000E+00  2.033474E-08       87
   7.54E-04     -7.729653E-03 -2.542835E-03 -3.222650E-04  4.869116E-05 3.73E-05
   4.99E-03 0.00E+00 7.04E-04  9.507238E-07  3.022612E-05  7.128054E-05     1.00
 4.9000000E+03  -1.720000E-02  1.460700E-02  0.000000E+00  2.260081E-08       87
   7.54E-04     -7.726757E-03 -2.542727E-03 -3.207779E-04  4.872123E-05 4.40E-06
   5.19E-03 0.00E+00 7.39E-04  9.576147E-07  3.038057E-05  7.147419E-05     1.00
 4.9100000E+03  -1.725000E-02  1.468946E-02  0.000000E+00  2.492896E-08       87
   7.29E-04     -7.721752E-03 -2.542411E-03 -3.188278E-04  4.873817E-05 1.31E-05
   5.38E-03 0.00E+00 7.64E-04  9.652306E-07  3.053955E-05  7.166001E-05     1.00
 4.9200000E+03  -1.730000E-02  1.477478E-02  0.000000E+00  2.727637E-08       87
   7.59E-04     -7.714943E-03 -2.542769E-03 -3.170111E-04  4.874191E-05 1.40E-05
   5.51E-03 0.00E+00 7.80E-04  9.735798E-07  3.070356E-05  7.183842E-05     1.00
 4.9300000E+03  -1.735000E-02  1.486435E-02  0.000000E+00  2.911469E-08       88
   1.69E-03     -7.713824E-03 -2.542622E-03 -3.147147E-04  4.872859E-05 8.87E-06
   5.74E-03 0.00E+00 7.92E-04  9.825953E-07  3.087365E-05  7.200602E-05     1.00
 4.9400000E+03  -1.740000E-02  1.495253E-02  0.000000E+00  3.017519E-08       88
   1.73E-03     -7.715526E-03 -2.542674E-03 -3.112211E-04  4.872508E-05 7.57E-06
   5.81E-03 0.00E+00 7.77E-04  9.920331E-07  3.103784E-05  7.217717E-05     1.00
 4.9500000E+03  -1.745000E-02  1.503951E-02  0.000000E+00  3.081557E-08       89
   1.78E-03     -7.719078E-03 -2.542247E-03 -3.068938E-04  4.873116E-05 3.88E-05
   5.83E-03 0.00E+00 7.52E-04  1.001707E-06  3.119575E-05  7.235147E-05     1.00
 4.9600000E+03  -1.750000E-02  1.512082E-02  0.000000E+00  3.136341E-08       88
   1.93E-03     -7.725957E-03 -2.542589E-03 -2.999046E-04  4.877682E-05 4.01E-05
   6.48E-03 0.00E+00 7.42E-04  1.011543E-06  3.132853E-05  7.254029E-05     1.00
 4.9700000E+03  -1.755000E-02  1.519742E-02  0.000000E+00  3.143638E-08       89
   1.89E-03     -7.734930E-03 -2.543062E-03 -2.942791E-04  4.885369E-05 4.76E-05
   6.00E-03 0.00E+00 7.48E-04  1.021505E-06  3.144262E-05  7.274127E-05     1.00
 4.9800000E+03  -1.760000E-02  1.528175E-02  0.000000E+00  3.098466E-08       89
   1.57E-03     -7.738054E-03 -2.542672E-03 -2.881937E-04  4.891305E-05 1.54E-06
   6.04E-03 0.00E+00 7.42E-04  1.031383E-06  3.155591E-05  7.292337E-05     1.00
 4.9900000E+03  -1.765000E-02  1.536460E-02  0.000000E+00  3.015716E-08       88
   1.66E-03     -7.744377E-03 -2.542621E-03 -2.808787E-04  4.898178E-05 2.77E-05
   5.80E-03 0.00E+00 7.15E-04  1.041037E-06  3.166438E-05  7.310940E-05     1.00
 5.0000000E+03  -1.770000E-02  1.545881E-02  0.000000E+00  2.933650E-08       88
   1.67E-03     -7.752926E-03 -2.531844E-03 -2.747018E-04  4.902329E-05 2.34E-05
   5.61E-03 0.00E+00 7.13E-04  1.050438E-06  3.177248E-05  7.326760E-05     1.00
 5.0100000E+03  -1.775000E-02  1.552270E-02  0.000000E+00  2.848340E-08       89
   1.54E-03     -7.764963E-03 -2.542555E-03 -2.713676E-04  4.915469E-05 4.58E-05
   5.61E-03 0.00E+00 6.90E-04  1.059574E-06  3.186716E-05  7.350198E-05     1.00
 5.0200000E+03  -1.780000E-02  1.559761E-02  0.000000E+00  2.743142E-08       89
   1.44E-03     -7.775158E-03 -2.542598E-03 -2.681166E-04  4.926670E-05 1.71E-05
   5.08E-03 0.00E+00 6.87E-04  1.068411E-06  3.195481E-05  7.370945E-05     1.00
 5.0300000E+03  -1.785000E-02  1.566784E-02  0.000000E+00  2.649609E-08       89
   1.33E-03     -7.785647E-03 -2.542680E-03 -2.640430E-04  4.940191E-05 6.67E-05
   5.03E-03 0.00E+00 6.82E-04  1.076928E-06  3.203170E-05  7.392914E-05     1.00
 5.0400000E+03  -1.790000E-02  1.573559E-02  0.000000E+00  2.561766E-08       89
   1.29E-03     -7.798561E-03 -2.542735E-03 -2.596495E-04  4.955091E-05 1.17E-05
   4.54E-03 0.00E+00 6.79E-04  1.085178E-06  3.210186E-05  7.415568E-05     1.00
 5.0500000E+03  -1.795000E-02  1.580274E-02  0.000000E+00  2.501122E-08       89
   1.15E-03     -7.812018E-03 -2.542743E-03 -2.544536E-04  4.970441E-05 9.15E-06
   4.60E-03 0.00E+00 6.93E-04  1.093199E-06  3.216968E-05  7.438441E-05     1.00
 5.0600000E+03  -1.800000E-02  1.587008E-02  0.000000E+00  2.449816E-08       89
   1.15E-03     -7.826432E-03 -2.542724E-03 -2.491387E-04  4.985725E-05 2.58E-06
   4.43E-03 0.00E+00 6.72E-04  1.101042E-06  3.223849E-05  7.461340E-05     1.00
 5.0700000E+03  -1.805000E-02  1.593585E-02  0.000000E+00  2.422043E-08       89
   1.15E-03     -7.839685E-03 -2.542749E-03 -2.432760E-04  5.002528E-05 1.50E-06
   4.58E-03 0.00E+00 6.74E-04  1.108760E-06  3.229670E-05  7.484709E-05     1.00
 5.0800000E+03  -1.810000E-02  1.600273E-02  0.000000E+00  2.407666E-08       89
   1.18E-03     -7.853126E-03 -2.542750E-03 -2.385330E-04  5.020469E-05 9.73E-07
   4.60E-03 0.00E+00 6.75E-04  1.116421E-06  3.234137E-05  7.507868E-05     1.00
 5.0900000E+03  -1.815000E-02  1.607158E-02  0.000000E+00  2.390290E-08       89
   1.10E-03     -7.867773E-03 -2.542542E-03 -2.330093E-04  5.038386E-05 2.45E-05
   4.57E-03 0.00E+00 6.71E-04  1.124034E-06  3.238217E-05  7.530610E-05     1.00
 5.1000000E+03  -1.820000E-02  1.614207E-02  0.000000E+00  2.340886E-08       88
   1.08E-03     -7.883901E-03 -2.541704E-03 -2.281771E-04  5.055827E-05 1.30E-05
   4.19E-03 0.00E+00 6.66E-04  1.131534E-06  3.242490E-05  7.553025E-05     1.00
 5.1100000E+03  -1.825000E-02  1.621323E-02  0.000000E+00  2.269480E-08       86
   1.01E-03     -7.900754E-03 -2.542510E-03 -2.242457E-04  5.072236E-05 9.59E-05
   4.02E-03 0.00E+00 6.49E-04  1.138838E-06  3.247758E-05  7.575362E-05     1.00
 5.1200000E+03  -1.830000E-02  1.628310E-02  0.000000E+00  2.176986E-08       86
   8.70E-04     -7.918845E-03 -2.542535E-03 -2.195335E-04  5.088954E-05 5.46E-05
   4.00E-03 0.00E+00 6.08E-04  1.145856E-06  3.253179E-05  7.598111E-05     1.00
 5.1300000E+03  -1.835000E-02  1.634895E-02  0.000000E+00  2.083461E-08       85
   8.47E-04     -7.938575E-03 -2.542538E-03 -2.125482E-04  5.107160E-05 1.76E-05
   3.94E-03 0.00E+00 5.67E-04  1.152565E-06  3.258247E-05  7.621965E-05     1.00
 5.1400000E+03  -1.840000E-02  1.641050E-02  0.000000E+00  1.968973E-08       85
   8.36E-04     -7.960293E-03 -2.542641E-03 -2.056867E-04  5.127243E-05 9.19E-06
   3.65E-03 0.00E+00 5.25E-04  1.158929E-06  3.262673E-05  7.646998E-05     1.00
 5.1500000E+03  -1.845000E-02  1.647266E-02  0.000000E+00  1.838097E-08       84
   8.14E-04     -7.981960E-03 -2.542615E-03 -2.012568E-04  5.146864E-05 5.83E-06
   3.35E-03 0.00E+00 4.92E-04  1.164902E-06  3.267580E-05  7.671994E-05     1.00
 5.1600000E+03  -1.850000E-02  1.653289E-02  0.000000E+00  1.701016E-08       84
   8.43E-04     -8.004578E-03 -2.542680E-03 -1.999416E-04  5.166464E-05 2.26E-07
   3.05E-03 0.00E+00 4.81E-04  1.170455E-06  3.273153E-05  7.697587E-05     1.00
 5.1700000E+03  -1.855000E-02  1.659135E-02  0.000000E+00  1.564968E-08       84
   7.33E-04     -8.027674E-03 -2.542751E-03 -2.008216E-04  5.186062E-05 1.54E-04
   2.93E-03 0.00E+00 4.95E-04  1.175593E-06  3.279332E-05  7.723743E-05     1.00
 5.1800000E+03  -1.860000E-02  1.664968E-02  0.000000E+00  1.436692E-08       84
   6.60E-04     -8.050019E-03 -2.542664E-03 -2.021344E-04  5.205524E-05 1.13E-05
   2.92E-03 0.00E+00 4.80E-04  1.180309E-06  3.285832E-05  7.750050E-05     1.00
 5.1900000E+03  -1.865000E-02  1.670779E-02  0.000000E+00  1.332139E-08       84
   6.65E-04     -8.070278E-03 -2.542672E-03 -2.014191E-04  5.224573E-05 8.13E-06
   2.98E-03 0.00E+00 4.51E-04  1.184656E-06  3.292923E-05  7.776523E-05     1.00
 5.2000000E+03  -1.870000E-02  1.676423E-02  0.000000E+00  1.255562E-08       83
   6.92E-04     -8.089447E-03 -2.542762E-03 -1.991498E-04  5.243931E-05 1.44E-05
   3.06E-03 0.00E+00 4.44E-04  1.188726E-06  3.300227E-05  7.803515E-05     1.00
 5.2100000E+03  -1.875000E-02  1.682190E-02  0.000000E+00  1.204765E-08       82
   6.96E-04     -8.107060E-03 -2.542739E-03 -1.968568E-04  5.262600E-05 1.15E-05
   3.10E-03 0.00E+00 4.43E-04  1.192607E-06  3.308003E-05  7.830298E-05     1.00
 5.2200000E+03  -1.880000E-02  1.687987E-02  0.000000E+00  1.166593E-08       82
   6.45E-04     -8.123033E-03 -2.542741E-03 -1.952967E-04  5.281049E-05 4.85E-06
   2.98E-03 0.00E+00 4.41E-04  1.196356E-06  3.316010E-05  7.857092E-05     1.00
 5.2300000E+03  -1.885000E-02  1.693702E-02  0.000000E+00  1.128029E-08       83
   6.47E-04     -8.139888E-03 -2.542687E-03 -1.934661E-04  5.299659E-05 1.09E-05
   2.80E-03 0.00E+00 4.42E-04  1.199991E-06  3.324162E-05  7.884180E-05     1.00
 5.2400000E+03  -1.890000E-02  1.699081E-02  0.000000E+00  1.092961E-08       83
   7.42E-04     -8.157479E-03 -2.542647E-03 -1.904186E-04  5.318669E-05 9.76E-06
   2.85E-03 0.00E+00 4.41E-04  1.203510E-06  3.332850E-05  7.912194E-05     1.00
 5.2500000E+03  -1.895000E-02  1.704153E-02  0.000000E+00  1.067653E-08       82
   6.62E-04     -8.176561E-03 -2.542636E-03 -1.882613E-04  5.338409E-05 1.76E-05
   2.98E-03 0.00E+00 4.39E-04  1.206932E-06  3.341670E-05  7.941071E-05     1.00
 5.2600000E+03  -1.900000E-02  1.708921E-02  0.000000E+00  1.059777E-08       83
   6.75E-04     -8.196516E-03 -2.542620E-03 -1.873246E-04  5.358663E-05 2.91E-05
   3.18E-03 0.00E+00 4.48E-04  1.210310E-06  3.350822E-05  7.970807E-05     1.00
 5.2700000E+03  -1.905000E-02  1.713453E-02  0.000000E+00  1.073146E-08       84
   9.83E-04     -8.217876E-03 -2.542653E-03 -1.861034E-04  5.379436E-05 2.02E-05
   3.34E-03 0.00E+00 4.62E-04  1.213702E-06  3.360129E-05  8.001239E-05     1.00
 5.2800000E+03  -1.910000E-02  1.717841E-02  0.000000E+00  1.102568E-08       84
   9.75E-04     -8.239365E-03 -2.542742E-03 -1.827036E-04  5.399744E-05 1.40E-05
   3.46E-03 0.00E+00 4.63E-04  1.217175E-06  3.370352E-05  8.032145E-05     1.00
 5.2900000E+03  -1.915000E-02  1.722437E-02  0.000000E+00  1.128254E-08       84
   9.81E-04     -8.260017E-03 -2.542681E-03 -1.782064E-04  5.419514E-05 2.65E-06
   3.41E-03 0.00E+00 4.91E-04  1.220743E-06  3.380696E-05  8.062641E-05     1.00
 5.3000000E+03  -1.920000E-02  1.727055E-02  0.000000E+00  1.159277E-08       84
   8.58E-04     -8.279328E-03 -2.542734E-03 -1.741832E-04  5.439448E-05 1.31E-05
   3.57E-03 0.00E+00 4.95E-04  1.224404E-06  3.390910E-05  8.093185E-05     1.00
 5.3100000E+03  -1.925000E-02  1.731979E-02  0.000000E+00  1.190209E-08       85
   9.65E-04     -8.299376E-03 -2.542684E-03 -1.713638E-04  5.459384E-05 6.88E-06
   3.47E-03 0.00E+00 5.26E-04  1.228177E-06  3.400449E-05  8.123069E-05     1.00
 5.3200000E+03  -1.930000E-02  1.736818E-02  0.000000E+00  1.218090E-08       85
   9.33E-04     -8.320537E-03 -2.542684E-03 -1.690489E-04  5.479967E-05 6.39E-07
   3.68E-03 0.00E+00 5.25E-04  1.232035E-06  3.409655E-05  8.153271E-05     1.00
 5.3300000E+03  -1.935000E-02  1.741447E-02  0.000000E+00  1.247408E-08       85
   9.37E-04     -8.342174E-03 -2.542695E-03 -1.649029E-04  5.501204E-05 8.93E-06
   3.52E-03 0.00E+00 5.54E-04  1.236009E-06  3.418833E-05  8.184111E-05     1.00
 5.3400000E+03  -1.940000E-02  1.746006E-02  0.000000E+00  1.266161E-08       85
   8.24E-04     -8.364303E-03 -2.542699E-03 -1.607572E-04  5.523405E-05 1.99E-05
   3.49E-03 0.00E+00 5.69E-04  1.240056E-06  3.427336E-05  8.215239E-05     1.00
 5.3500000E+03  -1.945000E-02  1.750336E-02  0.000000E+00  1.256491E-08       85
   7.41E-04     -8.385574E-03 -2.542736E-03 -1.560370E-04  5.546694E-05 1.20E-05
   3.24E-03 0.00E+00 5.55E-04  1.244114E-06  3.435460E-05  8.247049E-05     1.00
 5.3600000E+03  -1.950000E-02  1.755667E-02  0.000000E+00  1.222033E-08       85
   7.37E-04     -8.405117E-03 -2.537887E-03 -1.505847E-04  5.566451E-05 4.16E-06
   3.06E-03 0.00E+00 5.43E-04  1.248087E-06  3.444766E-05  8.276474E-05     1.00
 5.3700000E+03  -1.955000E-02  1.759854E-02  0.000000E+00  1.186353E-08       85
   7.86E-04     -8.425171E-03 -2.542483E-03 -1.459284E-04  5.587942E-05 1.92E-05
   3.02E-03 0.00E+00 5.43E-04  1.251954E-06  3.455303E-05  8.308853E-05     1.00
 5.3800000E+03  -1.960000E-02  1.764790E-02  0.000000E+00  1.155463E-08       85
   7.20E-04     -8.443209E-03 -2.542699E-03 -1.411851E-04  5.606221E-05 3.15E-06
   2.87E-03 0.00E+00 5.49E-04  1.255725E-06  3.467285E-05  8.339461E-05     1.00
 5.3900000E+03  -1.965000E-02  1.769853E-02  0.000000E+00  1.140814E-08       85
   6.30E-04     -8.460807E-03 -2.542732E-03 -1.369070E-04  5.624064E-05 3.88E-06
   3.05E-03 0.00E+00 5.45E-04  1.259417E-06  3.479473E-05  8.369847E-05     1.00
 5.4000000E+03  -1.970000E-02  1.774925E-02  0.000000E+00  1.152590E-08       85
   5.24E-04     -8.476970E-03 -2.542706E-03 -1.317573E-04  5.641885E-05 4.28E-06
   3.23E-03 0.00E+00 5.04E-04  1.263081E-06  3.491727E-05  8.400299E-05     1.00
 5.4100000E+03  -1.975000E-02  1.780005E-02  0.000000E+00  1.182998E-08       85
   5.57E-04     -8.493959E-03 -2.542680E-03 -1.275481E-04  5.659518E-05 7.99E-06
   3.26E-03 0.00E+00 4.84E-04  1.266806E-06  3.504212E-05  8.430820E-05     1.00
 5.4200000E+03  -1.980000E-02  1.785018E-02  0.000000E+00  1.229012E-08       85
   6.06E-04     -8.510495E-03 -2.542697E-03 -1.228572E-04  5.677004E-05 1.10E-06
   3.39E-03 0.00E+00 4.80E-04  1.270650E-06  3.517069E-05  8.461593E-05     1.00
 5.4300000E+03  -1.985000E-02  1.790213E-02  0.000000E+00  1.290251E-08       87
   8.58E-04     -8.527557E-03 -2.542739E-03 -1.167174E-04  5.693649E-05 5.67E-06
   3.56E-03 0.00E+00 5.13E-04  1.274682E-06  3.530370E-05  8.492001E-05     1.00
 5.4400000E+03  -1.990000E-02  1.795608E-02  0.000000E+00  1.376080E-08       85
   9.17E-04     -8.540816E-03 -2.543094E-03 -1.119924E-04  5.708990E-05 4.15E-04
   3.79E-03 0.00E+00 5.50E-04  1.278954E-06  3.544509E-05  8.521993E-05     1.00
 5.4500000E+03  -1.995000E-02  1.801373E-02  0.000000E+00  1.490993E-08       85
   7.75E-04     -8.553387E-03 -2.542986E-03 -1.067516E-04  5.722617E-05 2.66E-04
   4.09E-03 0.00E+00 5.47E-04  1.283536E-06  3.559450E-05  8.551132E-05     1.00
 5.4600000E+03  -2.000000E-02  1.807315E-02  0.000000E+00  1.640219E-08       85
   7.37E-04     -8.565879E-03 -2.542675E-03 -1.022440E-04  5.735298E-05 3.89E-06
   4.36E-03 0.00E+00 5.52E-04  1.288534E-06  3.574885E-05  8.579895E-05     1.00
 5.4700000E+03  -2.005000E-02  1.813244E-02  0.000000E+00  1.826995E-08       86
   7.85E-04     -8.577339E-03 -2.542749E-03 -9.838180E-05  5.747497E-05 6.07E-06
   4.57E-03 0.00E+00 5.45E-04  1.294058E-06  3.590809E-05  8.608753E-05     1.00
 5.4800000E+03  -2.010000E-02  1.819613E-02  0.000000E+00  2.044412E-08       85
   8.48E-04     -8.585625E-03 -2.542768E-03 -9.522512E-05  5.757410E-05 1.57E-05
   4.81E-03 0.00E+00 5.81E-04  1.300228E-06  3.607884E-05  8.636572E-05     1.00
 5.4900000E+03  -2.015000E-02  1.826396E-02  0.000000E+00  2.261761E-08       86
   9.93E-04     -8.594766E-03 -2.543161E-03 -9.415759E-05  5.765393E-05 1.75E-05
   4.99E-03 0.00E+00 5.97E-04  1.307093E-06  3.625831E-05  8.663403E-05     1.00
 5.5000000E+03  -2.020000E-02  1.833575E-02  0.000000E+00  2.459830E-08       86
   1.09E-03     -8.604067E-03 -2.542729E-03 -9.534149E-05  5.771668E-05 2.95E-06
   5.21E-03 0.00E+00 6.00E-04  1.314595E-06  3.644511E-05  8.689302E-05     1.00
 5.5100000E+03  -2.025000E-02  1.840964E-02  0.000000E+00  2.662442E-08       87
   1.01E-03     -8.610912E-03 -2.542692E-03 -9.641940E-05  5.776626E-05 1.70E-06
   5.30E-03 0.00E+00 6.07E-04  1.322721E-06  3.663961E-05  8.714722E-05     1.00
 5.5200000E+03  -2.030000E-02  1.848502E-02  0.000000E+00  2.851635E-08       86
   1.00E-03     -8.615700E-03 -2.542708E-03 -9.766797E-05  5.780959E-05 2.90E-07
   5.22E-03 0.00E+00 6.29E-04  1.331471E-06  3.683651E-05  8.739806E-05     1.00
 5.5300000E+03  -2.035000E-02  1.856122E-02  0.000000E+00  3.035512E-08       86
   8.75E-04     -8.619894E-03 -2.542764E-03 -9.847962E-05  5.785364E-05 8.90E-06
   5.43E-03 0.00E+00 6.51E-04  1.340795E-06  3.703040E-05  8.764713E-05     1.00
 5.5400000E+03  -2.040000E-02  1.863973E-02  0.000000E+00  3.233428E-08       86
   9.22E-04     -8.622396E-03 -2.542844E-03 -9.913900E-05  5.788941E-05 1.59E-05
   5.60E-03 0.00E+00 6.65E-04  1.350714E-06  3.722627E-05  8.789064E-05     1.00
 5.5500000E+03  -2.045000E-02  1.872072E-02  0.000000E+00  3.462363E-08       87
   8.77E-04     -8.624371E-03 -2.542612E-03 -1.025239E-04  5.791281E-05 1.29E-05
   5.91E-03 0.00E+00 6.83E-04  1.361294E-06  3.742751E-05  8.812811E-05     1.00
 5.5600000E+03  -2.050000E-02  1.879994E-02  0.000000E+00  3.730588E-08       86
   9.01E-04     -8.626870E-03 -2.542704E-03 -1.054107E-04  5.793344E-05 6.28E-06
   6.12E-03 0.00E+00 7.02E-04  1.372673E-06  3.763492E-05  8.837017E-05     1.00
 5.5700000E+03  -2.055000E-02  1.888030E-02  0.000000E+00  4.032794E-08       87
   8.24E-04     -8.628664E-03 -2.542661E-03 -1.067991E-04  5.793848E-05 4.80E-06
   6.42E-03 0.00E+00 7.24E-04  1.384952E-06  3.785403E-05  8.860957E-05     1.00
 5.5800000E+03  -2.060000E-02  1.896309E-02  0.000000E+00  4.360677E-08       86
   7.81E-04     -8.628361E-03 -2.542702E-03 -1.084772E-04  5.792412E-05 9.34E-07
   6.58E-03 0.00E+00 7.24E-04  1.398212E-06  3.808531E-05  8.884297E-05     1.00
 5.5900000E+03  -2.065000E-02  1.904679E-02  0.000000E+00  4.696717E-08       86
   8.04E-04     -8.627471E-03 -2.542719E-03 -1.096645E-04  5.790002E-05 2.31E-06
   6.65E-03 0.00E+00 7.33E-04  1.412508E-06  3.832296E-05  8.907413E-05     1.00
 5.6000000E+03  -2.070000E-02  1.913153E-02  0.000000E+00  5.038796E-08       87
   8.87E-04     -8.626366E-03 -2.542510E-03 -1.114728E-04  5.786942E-05 2.68E-05
   6.79E-03 0.00E+00 7.60E-04  1.427873E-06  3.856342E-05  8.930270E-05     1.00
 5.6100000E+03  -2.075000E-02  1.921898E-02  0.000000E+00  5.379939E-08       86
   8.69E-04     -8.623189E-03 -2.542917E-03 -1.146317E-04  5.782637E-05 1.38E-04
   6.96E-03 0.00E+00 7.98E-04  1.444316E-06  3.880843E-05  8.952447E-05     1.00
 5.6200000E+03  -2.080000E-02  1.931363E-02  0.000000E+00  5.729115E-08       86
   8.33E-04     -8.617359E-03 -2.542910E-03 -1.191376E-04  5.775929E-05 4.60E-06
   7.08E-03 0.00E+00 8.21E-04  1.461843E-06  3.905819E-05  8.972811E-05     1.00
 5.6300000E+03  -2.085000E-02  1.941286E-02  0.000000E+00  6.077039E-08       86
   8.23E-04     -8.609972E-03 -2.542727E-03 -1.234528E-04  5.767382E-05 7.89E-06
   7.17E-03 0.00E+00 8.41E-04  1.480468E-06  3.931357E-05  8.992007E-05     1.00
 5.6400000E+03  -2.090000E-02  1.951391E-02  0.000000E+00  6.407628E-08       87
   8.16E-04     -8.602362E-03 -2.542694E-03 -1.272771E-04  5.757859E-05 4.68E-06
   7.29E-03 0.00E+00 8.59E-04  1.500146E-06  3.957296E-05  9.010716E-05     1.00
 5.6500000E+03  -2.095000E-02  1.961534E-02  0.000000E+00  6.705680E-08       86
   8.23E-04     -8.594529E-03 -2.542708E-03 -1.306730E-04  5.747730E-05 6.53E-06
   7.27E-03 0.00E+00 8.68E-04  1.520801E-06  3.983650E-05  9.029300E-05     1.00
 5.6600000E+03  -2.100000E-02  1.971676E-02  0.000000E+00  6.964856E-08       86
   8.58E-04     -8.586751E-03 -2.542684E-03 -1.338474E-04  5.737060E-05 4.02E-06
   7.21E-03 0.00E+00 8.87E-04  1.542331E-06  4.010462E-05  9.047850E-05     1.00
 5.6700000E+03  -2.105000E-02  1.981690E-02  0.000000E+00  7.174229E-08       87
   8.70E-04     -8.579219E-03 -2.542674E-03 -1.373098E-04  5.726410E-05 1.01E-06
   7.18E-03 0.00E+00 9.15E-04  1.564601E-06  4.037516E-05  9.066686E-05     1.00
 5.6800000E+03  -2.110000E-02  1.991627E-02  0.000000E+00  7.333238E-08       86
   8.43E-04     -8.571473E-03 -2.542716E-03 -1.410248E-04  5.715816E-05 1.74E-06
   7.12E-03 0.00E+00 9.30E-04  1.587440E-06  4.064664E-05  9.085680E-05     1.00
 5.6900000E+03  -2.115000E-02  2.001527E-02  0.000000E+00  7.439914E-08       87
   8.43E-04     -8.563065E-03 -2.542680E-03 -1.442292E-04  5.705102E-05 4.37E-06
   7.03E-03 0.00E+00 9.37E-04  1.610687E-06  4.092003E-05  9.104733E-05     1.00
 5.7000000E+03  -2.120000E-02  2.011281E-02  0.000000E+00  7.523267E-08       86
   8.50E-04     -8.554014E-03 -2.542566E-03 -1.470230E-04  5.694453E-05 2.89E-06
   7.08E-03 0.00E+00 9.46E-04  1.634220E-06  4.119591E-05  9.124108E-05     1.00
 5.7100000E+03  -2.125000E-02  2.020765E-02  0.000000E+00  7.611328E-08       87
   8.86E-04     -8.544896E-03 -2.542653E-03 -1.502700E-04  5.684106E-05 7.76E-06
   7.09E-03 0.00E+00 9.56E-04  1.658024E-06  4.147477E-05  9.144112E-05     1.00
 5.7200000E+03  -2.130000E-02  2.030150E-02  0.000000E+00  7.709892E-08       85
   9.02E-04     -8.535336E-03 -2.542729E-03 -1.536960E-04  5.673695E-05 1.02E-05
   7.09E-03 0.00E+00 9.72E-04  1.682135E-06  4.175590E-05  9.164323E-05     1.00
 5.7300000E+03  -2.135000E-02  2.039792E-02  0.000000E+00  7.816281E-08       86
   8.87E-04     -8.525129E-03 -2.542639E-03 -1.579153E-04  5.662376E-05 4.20E-06
   7.18E-03 0.00E+00 9.89E-04  1.706578E-06  4.203886E-05  9.183848E-05     1.00
 5.7400000E+03  -2.140000E-02  2.049740E-02  0.000000E+00  7.930018E-08       85
   8.85E-04     -8.514217E-03 -2.542775E-03 -1.615714E-04  5.650055E-05 1.38E-05
   7.26E-03 0.00E+00 9.96E-04  1.731366E-06  4.232332E-05  9.202563E-05     1.00
 5.7500000E+03  -2.145000E-02  2.060078E-02  0.000000E+00  7.942387E-08       87
   1.76E-03     -8.506102E-03 -2.542601E-03 -1.603457E-04  5.636228E-05 2.67E-06
   7.42E-03 0.00E+00 9.92E-04  1.756372E-06  4.261351E-05  9.220269E-05     1.00
 5.7600000E+03  -2.150000E-02  2.070016E-02  0.000000E+00  7.855428E-08       87
   1.95E-03     -8.499998E-03 -2.542475E-03 -1.568077E-04  5.622216E-05 4.17E-05
   7.51E-03 0.00E+00 9.97E-04  1.781233E-06  4.291630E-05  9.238936E-05     1.00
 5.7700000E+03  -2.155000E-02  2.079212E-02  0.000000E+00  7.724468E-08       86
   1.81E-03     -8.493838E-03 -2.542646E-03 -1.550024E-04  5.609558E-05 3.19E-06
   7.30E-03 0.00E+00 1.03E-03  1.805800E-06  4.322448E-05  9.259422E-05     1.00
 5.7800000E+03  -2.160000E-02  2.087904E-02  0.000000E+00  7.549447E-08       86
   1.57E-03     -8.486819E-03 -2.542701E-03 -1.566446E-04  5.598655E-05 3.32E-06
   7.07E-03 0.00E+00 1.08E-03  1.829931E-06  4.352821E-05  9.281134E-05     1.00
 5.7900000E+03  -2.165000E-02  2.096332E-02  0.000000E+00  7.354505E-08       87
   1.41E-03     -8.480702E-03 -2.542780E-03 -1.594758E-04  5.589553E-05 1.52E-05
   6.95E-03 0.00E+00 1.09E-03  1.853467E-06  4.382101E-05  9.303473E-05     1.00
 5.8000000E+03  -2.170000E-02  2.104930E-02  0.000000E+00  7.164967E-08       86
   1.33E-03     -8.474415E-03 -2.542681E-03 -1.593486E-04  5.581284E-05 9.76E-07
   6.76E-03 0.00E+00 1.08E-03  1.876406E-06  4.410155E-05  9.325365E-05     1.00
 5.8100000E+03  -2.175000E-02  2.114013E-02  0.000000E+00  6.974840E-08       86
   1.31E-03     -8.467716E-03 -2.542742E-03 -1.596232E-04  5.571871E-05 6.50E-06
   6.48E-03 0.00E+00 1.07E-03  1.898757E-06  4.438176E-05  9.346020E-05     1.00
 5.8200000E+03  -2.180000E-02  2.123391E-02  0.000000E+00  6.772490E-08       87
   1.30E-03     -8.461038E-03 -2.542721E-03 -1.607384E-04  5.561150E-05 7.29E-06
   6.26E-03 0.00E+00 1.07E-03  1.920471E-06  4.466818E-05  9.365914E-05     1.00
 5.8300000E+03  -2.185000E-02  2.132513E-02  0.000000E+00  6.569551E-08       86
   1.17E-03     -8.457179E-03 -2.542457E-03 -1.625375E-04  5.551249E-05 4.08E-04
   6.32E-03 0.00E+00 1.05E-03  1.941525E-06  4.495321E-05  9.386422E-05     1.00
 5.8400000E+03  -2.190000E-02  2.140926E-02  0.000000E+00  6.384540E-08       87
   1.07E-03     -8.454795E-03 -2.542676E-03 -1.631718E-04  5.544542E-05 1.02E-05
   6.29E-03 0.00E+00 1.05E-03  1.961976E-06  4.522427E-05  9.408682E-05     1.00
 5.8500000E+03  -2.195000E-02  2.148952E-02  0.000000E+00  6.227600E-08       86
   1.04E-03     -8.452894E-03 -2.542669E-03 -1.636494E-04  5.539424E-05 6.21E-06
   6.27E-03 0.00E+00 1.01E-03  1.981858E-06  4.548927E-05  9.431898E-05     1.00
 5.8600000E+03  -2.200000E-02  2.156781E-02  0.000000E+00  6.112430E-08       85
   9.88E-04     -8.450798E-03 -2.542561E-03 -1.640419E-04  5.535106E-05 6.53E-07
   6.47E-03 0.00E+00 9.76E-04  2.001296E-06  4.575113E-05  9.455597E-05     1.00
 5.8700000E+03  -2.205000E-02  2.164173E-02  0.000000E+00  6.020389E-08       85
   1.03E-03     -8.449236E-03 -2.542776E-03 -1.629495E-04  5.532436E-05 2.80E-05
   6.36E-03 0.00E+00 9.59E-04  2.020428E-06  4.600743E-05  9.480378E-05     1.00
 5.8800000E+03  -2.210000E-02  2.171870E-02  0.000000E+00  5.907116E-08       85
   9.67E-04     -8.447312E-03 -2.542736E-03 -1.632941E-04  5.529293E-05 8.60E-06
   6.19E-03 0.00E+00 9.52E-04  2.039240E-06  4.626133E-05  9.504396E-05     1.00
 5.8900000E+03  -2.215000E-02  2.180060E-02  0.000000E+00  5.803037E-08       86
   1.05E-03     -8.443710E-03 -2.542763E-03 -1.646685E-04  5.524492E-05 9.22E-06
   6.05E-03 0.00E+00 9.50E-04  2.057703E-06  4.651975E-05  9.527179E-05     1.00
 5.9000000E+03  -2.220000E-02  2.188545E-02  0.000000E+00  5.753550E-08       85
   1.02E-03     -8.440711E-03 -2.542555E-03 -1.667466E-04  5.518782E-05 3.61E-05
   6.12E-03 0.00E+00 9.64E-04  2.075952E-06  4.677944E-05  9.549215E-05     1.00
 5.9100000E+03  -2.225000E-02  2.196520E-02  0.000000E+00  5.749885E-08       85
   9.87E-04     -8.440097E-03 -2.542700E-03 -1.682139E-04  5.515176E-05 5.07E-06
   6.31E-03 0.00E+00 9.68E-04  2.094131E-06  4.703038E-05  9.572515E-05     1.00
 5.9200000E+03  -2.230000E-02  2.204303E-02  0.000000E+00  5.786817E-08       83
   9.08E-04     -8.440188E-03 -2.542561E-03 -1.684602E-04  5.512453E-05 3.94E-05
   6.35E-03 0.00E+00 9.59E-04  2.112362E-06  4.727683E-05  9.596296E-05     1.00
 5.9300000E+03  -2.235000E-02  2.211619E-02  0.000000E+00  5.863653E-08       84
   9.42E-04     -8.440117E-03 -2.542684E-03 -1.681267E-04  5.510750E-05 1.58E-05
   6.38E-03 0.00E+00 9.61E-04  2.130768E-06  4.752415E-05  9.621241E-05     1.00
 5.9400000E+03  -2.240000E-02  2.218703E-02  0.000000E+00  5.980634E-08       84
   9.55E-04     -8.440103E-03 -2.542942E-03 -1.672103E-04  5.509107E-05 7.15E-06
   6.66E-03 0.00E+00 9.86E-04  2.149506E-06  4.777594E-05  9.646765E-05     1.00
 5.9500000E+03  -2.245000E-02  2.225684E-02  0.000000E+00  6.119918E-08       86
   1.06E-03     -8.439819E-03 -2.542716E-03 -1.670432E-04  5.507085E-05 1.97E-06
   6.78E-03 0.00E+00 1.03E-03  2.168675E-06  4.803347E-05  9.672550E-05     1.00
 5.9600000E+03  -2.250000E-02  2.232801E-02  0.000000E+00  6.261985E-08       86
   1.06E-03     -8.437277E-03 -2.542701E-03 -1.669126E-04  5.503775E-05 3.14E-06
   6.78E-03 0.00E+00 1.06E-03  2.188309E-06  4.829998E-05  9.697994E-05     1.00
 5.9700000E+03  -2.255000E-02  2.240172E-02  0.000000E+00  6.379453E-08       87
   1.20E-03     -8.433930E-03 -2.542811E-03 -1.669166E-04  5.499573E-05 1.20E-05
   6.76E-03 0.00E+00 1.11E-03  2.208391E-06  4.856879E-05  9.722795E-05     1.00
 5.9800000E+03  -2.260000E-02  2.248083E-02  0.000000E+00  6.450419E-08       87
   1.14E-03     -8.427942E-03 -2.542681E-03 -1.659552E-04  5.493889E-05 1.21E-05
   6.87E-03 0.00E+00 1.13E-03  2.228757E-06  4.883897E-05  9.746235E-05     1.00
 5.9900000E+03  -2.265000E-02  2.256167E-02  0.000000E+00  6.524591E-08       85
   1.09E-03     -8.421277E-03 -2.542834E-03 -1.641358E-04  5.488192E-05 6.30E-06
   7.07E-03 0.00E+00 1.11E-03  2.249328E-06  4.910447E-05  9.769219E-05     1.00
 6.0000000E+03  -2.270000E-02  2.264795E-02  0.000000E+00  6.612775E-08       86
   1.12E-03     -8.414336E-03 -2.542751E-03 -1.613562E-04  5.481126E-05 1.02E-05
   7.06E-03 0.00E+00 1.08E-03  2.270137E-06  4.936946E-05  9.790820E-05     1.00
 6.0100000E+03  -2.275000E-02  2.273760E-02  0.000000E+00  6.651306E-08       86
   1.20E-03     -8.407642E-03 -2.542756E-03 -1.585169E-04  5.473338E-05 3.44E-05
   6.97E-03 0.00E+00 1.09E-03  2.291165E-06  4.963325E-05  9.811551E-05     1.00
 6.0200000E+03  -2.280000E-02  2.282707E-02  0.000000E+00  6.590945E-08       86
   1.17E-03     -8.402333E-03 -2.542665E-03 -1.581747E-04  5.465842E-05 1.31E-05
   6.70E-03 0.00E+00 1.09E-03  2.312157E-06  4.989528E-05  9.832298E-05     1.00
 6.0300000E+03  -2.285000E-02  2.291437E-02  0.000000E+00  6.390774E-08       87
   1.20E-03     -8.398906E-03 -2.542674E-03 -1.592201E-04  5.459618E-05 2.55E-05
   6.32E-03 0.00E+00 1.08E-03  2.332720E-06  5.015165E-05  9.853570E-05     1.00
 6.0400000E+03  -2.290000E-02  2.300069E-02  0.000000E+00  6.072536E-08       85
   1.09E-03     -8.394801E-03 -2.542649E-03 -1.616261E-04  5.454387E-05 8.02E-06
   6.19E-03 0.00E+00 1.07E-03  2.352449E-06  5.040240E-05  9.875073E-05     1.00
 6.0500000E+03  -2.295000E-02  2.308697E-02  0.000000E+00  5.683065E-08       85
   1.06E-03     -8.389769E-03 -2.542673E-03 -1.635877E-04  5.449841E-05 9.68E-07
   5.86E-03 0.00E+00 1.04E-03  2.371034E-06  5.064804E-05  9.896566E-05     1.00
 6.0600000E+03  -2.300000E-02  2.317307E-02  0.000000E+00  5.246744E-08       85
   9.97E-04     -8.383598E-03 -2.542599E-03 -1.638419E-04  5.445996E-05 2.86E-05
   5.25E-03 0.00E+00 9.99E-04  2.388284E-06  5.088866E-05  9.918079E-05     1.00
 6.0700000E+03  -2.305000E-02  2.325648E-02  0.000000E+00  4.804121E-08       86
   9.98E-04     -8.379106E-03 -2.542641E-03 -1.628293E-04  5.443572E-05 8.24E-06
   4.94E-03 0.00E+00 9.67E-04  2.404139E-06  5.112299E-05  9.940237E-05     1.00
 6.0800000E+03  -2.310000E-02  2.333582E-02  0.000000E+00  4.357150E-08       85
   9.22E-04     -8.378203E-03 -2.542886E-03 -1.603500E-04  5.443162E-05 3.72E-06
   4.71E-03 0.00E+00 9.44E-04  2.418594E-06  5.134864E-05  9.963397E-05     1.00
 6.0900000E+03  -2.315000E-02  2.341471E-02  0.000000E+00  3.918159E-08       85
   8.07E-04     -8.379641E-03 -2.542663E-03 -1.577053E-04  5.443731E-05 6.28E-06
   4.45E-03 0.00E+00 8.96E-04  2.431639E-06  5.156702E-05  9.986677E-05     1.00
 6.1000000E+03  -2.320000E-02  2.349062E-02  0.000000E+00  3.540005E-08       86
   6.93E-04     -8.381764E-03 -2.542653E-03 -1.560267E-04  5.445919E-05 6.17E-06
   4.49E-03 0.00E+00 8.28E-04  2.443365E-06  5.177745E-05  1.001071E-04     1.00
 6.1100000E+03  -2.325000E-02  2.356241E-02  0.000000E+00  3.260218E-08       85
   6.78E-04     -8.385159E-03 -2.542624E-03 -1.546612E-04  5.450235E-05 1.30E-05
   4.52E-03 0.00E+00 7.43E-04  2.454034E-06  5.197710E-05  1.003578E-04     1.00
 6.1200000E+03  -2.330000E-02  2.363086E-02  0.000000E+00  3.078702E-08       86
   7.05E-04     -8.389750E-03 -2.542436E-03 -1.520795E-04  5.456670E-05 8.29E-06
   4.61E-03 0.00E+00 6.64E-04  2.463966E-06  5.216389E-05  1.006171E-04     1.00
 6.1300000E+03  -2.335000E-02  2.369700E-02  0.000000E+00  2.973639E-08       86
   6.98E-04     -8.395704E-03 -2.542700E-03 -1.491289E-04  5.464816E-05 1.02E-06
   4.67E-03 0.00E+00 6.18E-04  2.473458E-06  5.233930E-05  1.008824E-04     1.00
 6.1400000E+03  -2.340000E-02  2.376333E-02  0.000000E+00  2.917500E-08       86
   7.80E-04     -8.403573E-03 -2.542668E-03 -1.476049E-04  5.474075E-05 1.65E-05
   4.62E-03 0.00E+00 6.14E-04  2.482720E-06  5.250321E-05  1.011476E-04     1.00
 6.1500000E+03  -2.345000E-02  2.382837E-02  0.000000E+00  2.880481E-08       86
   7.62E-04     -8.412293E-03 -2.542811E-03 -1.474144E-04  5.484756E-05 7.32E-06
   4.49E-03 0.00E+00 6.39E-04  2.491867E-06  5.265652E-05  1.014165E-04     1.00
 6.1600000E+03  -2.350000E-02  2.389486E-02  0.000000E+00  2.836481E-08       86
   6.74E-04     -8.421063E-03 -2.542681E-03 -1.468831E-04  5.495825E-05 6.38E-06
   4.37E-03 0.00E+00 6.48E-04  2.500898E-06  5.280303E-05  1.016823E-04     1.00
 6.1700000E+03  -2.355000E-02  2.396101E-02  0.000000E+00  2.769006E-08       86
   6.31E-04     -8.429676E-03 -2.542677E-03 -1.444506E-04  5.507913E-05 1.49E-06
   4.24E-03 0.00E+00 6.35E-04  2.509743E-06  5.294106E-05  1.019494E-04     1.00
 6.1800000E+03  -2.360000E-02  2.402724E-02  0.000000E+00  2.679844E-08       86
   5.92E-04     -8.438262E-03 -2.542672E-03 -1.419750E-04  5.520501E-05 1.22E-06
   4.10E-03 0.00E+00 6.17E-04  2.518325E-06  5.307485E-05  1.022168E-04     1.00
 6.1900000E+03  -2.365000E-02  2.409264E-02  0.000000E+00  2.587701E-08       86
   6.27E-04     -8.447755E-03 -2.542595E-03 -1.400968E-04  5.533426E-05 3.23E-06
   4.05E-03 0.00E+00 6.06E-04  2.526610E-06  5.320818E-05  1.024867E-04     1.00
 6.2000000E+03  -2.370000E-02  2.415643E-02  0.000000E+00  2.514395E-08       86
   6.60E-04     -8.458564E-03 -2.542708E-03 -1.383862E-04  5.546528E-05 1.54E-06
   4.13E-03 0.00E+00 6.11E-04  2.534642E-06  5.334433E-05  1.027612E-04     1.00
 6.2100000E+03  -2.375000E-02  2.422075E-02  0.000000E+00  2.462910E-08       86
   6.79E-04     -8.469830E-03 -2.542718E-03 -1.375022E-04  5.559088E-05 3.14E-06
   4.05E-03 0.00E+00 6.21E-04  2.542500E-06  5.348516E-05  1.030350E-04     1.00
 6.2200000E+03  -2.380000E-02  2.428562E-02  0.000000E+00  2.412216E-08       86
   6.07E-04     -8.481082E-03 -2.542700E-03 -1.369929E-04  5.571316E-05 2.47E-06
   3.92E-03 0.00E+00 6.30E-04  2.550210E-06  5.362871E-05  1.033080E-04     1.00
 6.2300000E+03  -2.385000E-02  2.434973E-02  0.000000E+00  2.347640E-08       86
   6.26E-04     -8.492621E-03 -2.542628E-03 -1.366231E-04  5.584004E-05 8.07E-06
   3.79E-03 0.00E+00 6.37E-04  2.557745E-06  5.377045E-05  1.035835E-04     1.00
 6.2400000E+03  -2.390000E-02  2.441165E-02  0.000000E+00  2.271357E-08       86
   5.51E-04     -8.503832E-03 -2.542708E-03 -1.365597E-04  5.597515E-05 4.69E-07
   3.73E-03 0.00E+00 6.34E-04  2.565050E-06  5.391038E-05  1.038651E-04     1.00
 6.2500000E+03  -2.395000E-02  2.447356E-02  0.000000E+00  2.184604E-08       86
   5.46E-04     -8.514505E-03 -2.542625E-03 -1.370563E-04  5.610934E-05 2.63E-05
   3.55E-03 0.00E+00 6.20E-04  2.572095E-06  5.405221E-05  1.041473E-04     1.00
 6.2600000E+03  -2.400000E-02  2.453376E-02  0.000000E+00  2.094691E-08       86
   5.04E-04     -8.525478E-03 -2.542646E-03 -1.379280E-04  5.624464E-05 2.06E-05
   3.43E-03 0.00E+00 6.04E-04  2.578852E-06  5.419806E-05  1.044344E-04     1.00
 6.2700000E+03  -2.405000E-02  2.459138E-02  0.000000E+00  2.014293E-08       86
   5.22E-04     -8.536993E-03 -2.542673E-03 -1.382419E-04  5.638435E-05 3.66E-06
   3.46E-03 0.00E+00 5.88E-04  2.585337E-06  5.434672E-05  1.047284E-04     1.00
 6.2800000E+03  -2.410000E-02  2.464637E-02  0.000000E+00  1.956795E-08       86
   5.04E-04     -8.549203E-03 -2.542674E-03 -1.380054E-04  5.653105E-05 2.49E-06
   3.62E-03 0.00E+00 5.71E-04  2.591600E-06  5.449553E-05  1.050296E-04     1.00
 6.2900000E+03  -2.415000E-02  2.470026E-02  0.000000E+00  1.931559E-08       85
   5.18E-04     -8.561465E-03 -2.542456E-03 -1.371850E-04  5.668093E-05 1.18E-05
   3.74E-03 0.00E+00 5.55E-04  2.597732E-06  5.464437E-05  1.053342E-04     1.00
 6.3000000E+03  -2.420000E-02  2.475260E-02  0.000000E+00  1.930298E-08       85
   5.41E-04     -8.573806E-03 -2.542729E-03 -1.357666E-04  5.683650E-05 7.07E-06
   3.68E-03 0.00E+00 5.44E-04  2.603828E-06  5.479182E-05  1.056433E-04     1.00
 6.3100000E+03  -2.425000E-02  2.480405E-02  0.000000E+00  1.936767E-08       85
   5.21E-04     -8.586108E-03 -2.542676E-03 -1.341471E-04  5.699538E-05 6.21E-05
   3.66E-03 0.00E+00 5.43E-04  2.609937E-06  5.493874E-05  1.059553E-04     1.00
 6.3200000E+03  -2.430000E-02  2.485552E-02  0.000000E+00  1.937589E-08       85
   5.04E-04     -8.598166E-03 -2.542716E-03 -1.329060E-04  5.715218E-05 2.88E-06
   3.63E-03 0.00E+00 5.37E-04  2.616058E-06  5.508839E-05  1.062679E-04     1.00
 6.3300000E+03  -2.435000E-02  2.491045E-02  0.000000E+00  1.944224E-08       85
   4.72E-04     -8.609178E-03 -2.542728E-03 -1.320080E-04  5.729440E-05 2.52E-06
   3.66E-03 0.00E+00 5.26E-04  2.622183E-06  5.524459E-05  1.065725E-04     1.00
 6.3400000E+03  -2.440000E-02  2.496859E-02  0.000000E+00  1.951871E-08       85
   5.84E-04     -8.620827E-03 -2.542692E-03 -1.315165E-04  5.742608E-05 2.48E-05
   3.63E-03 0.00E+00 5.16E-04  2.628329E-06  5.540393E-05  1.068697E-04     1.00
 6.3500000E+03  -2.445000E-02  2.502826E-02  0.000000E+00  1.939565E-08       86
   8.60E-04     -8.634991E-03 -2.542644E-03 -1.308349E-04  5.755865E-05 3.91E-06
   3.77E-03 0.00E+00 5.04E-04  2.634457E-06  5.555949E-05  1.071639E-04     1.00
 6.3600000E+03  -2.450000E-02  2.508606E-02  0.000000E+00  1.926538E-08       86
   7.91E-04     -8.651071E-03 -2.542959E-03 -1.300098E-04  5.770147E-05 4.65E-06
   3.87E-03 0.00E+00 5.02E-04  2.640537E-06  5.571035E-05  1.074635E-04     1.00
 6.3700000E+03  -2.455000E-02  2.514584E-02  0.000000E+00  1.929011E-08       85
   7.41E-04     -8.667354E-03 -2.542828E-03 -1.294398E-04  5.784733E-05 2.56E-05
   3.93E-03 0.00E+00 4.89E-04  2.646596E-06  5.585396E-05  1.077590E-04     1.00
 6.3800000E+03  -2.460000E-02  2.520715E-02  0.000000E+00  1.941311E-08       86
   7.20E-04     -8.682614E-03 -2.542686E-03 -1.279718E-04  5.799782E-05 2.47E-06
   3.77E-03 0.00E+00 4.64E-04  2.652678E-06  5.598987E-05  1.080516E-04     1.00
 6.3900000E+03  -2.465000E-02  2.526740E-02  0.000000E+00  1.949764E-08       85
   7.04E-04     -8.697289E-03 -2.542941E-03 -1.259051E-04  5.815870E-05 2.08E-05
   3.69E-03 0.00E+00 4.61E-04  2.658790E-06  5.611883E-05  1.083477E-04     1.00
 6.4000000E+03  -2.470000E-02  2.532866E-02  0.000000E+00  1.959857E-08       86
   7.17E-04     -8.712098E-03 -2.542699E-03 -1.236193E-04  5.832124E-05 7.48E-07
   3.63E-03 0.00E+00 4.61E-04  2.664930E-06  5.624441E-05  1.086420E-04     1.00
 6.4100000E+03  -2.475000E-02  2.539061E-02  0.000000E+00  1.978299E-08       85
   6.88E-04     -8.726571E-03 -2.542745E-03 -1.226694E-04  5.848445E-05 2.50E-05
   3.63E-03 0.00E+00 4.81E-04  2.671127E-06  5.636820E-05  1.089354E-04     1.00
 6.4200000E+03  -2.480000E-02  2.545484E-02  0.000000E+00  2.001293E-08       86
   6.82E-04     -8.740362E-03 -2.542827E-03 -1.229024E-04  5.864143E-05 2.93E-06
   3.66E-03 0.00E+00 4.93E-04  2.677398E-06  5.649322E-05  1.092239E-04     1.00
 6.4300000E+03  -2.485000E-02  2.551920E-02  0.000000E+00  2.032366E-08       86
   6.32E-04     -8.754515E-03 -2.542678E-03 -1.229633E-04  5.879752E-05 2.06E-06
   3.75E-03 0.00E+00 4.98E-04  2.683755E-06  5.661940E-05  1.095128E-04     1.00
 6.4400000E+03  -2.490000E-02  2.558308E-02  0.000000E+00  2.066048E-08       85
   5.77E-04     -8.769645E-03 -2.542695E-03 -1.227788E-04  5.895469E-05 1.51E-06
   3.78E-03 0.00E+00 4.88E-04  2.690209E-06  5.674636E-05  1.098037E-04     1.00
 6.4500000E+03  -2.495000E-02  2.564748E-02  0.000000E+00  2.094024E-08       85
   5.72E-04     -8.784984E-03 -2.542618E-03 -1.222059E-04  5.911153E-05 3.47E-06
   3.72E-03 0.00E+00 4.82E-04  2.696756E-06  5.687314E-05  1.100942E-04     1.00
 6.4600000E+03  -2.500000E-02  2.571287E-02  0.000000E+00  2.108883E-08       84
   5.60E-04     -8.799881E-03 -2.542687E-03 -1.210154E-04  5.926499E-05 4.79E-07
   3.60E-03 0.00E+00 4.70E-04  2.703364E-06  5.700171E-05  1.103830E-04     1.00
 6.4700000E+03  -2.505000E-02  2.577806E-02  0.000000E+00  2.110491E-08       84
   5.85E-04     -8.814960E-03 -2.542703E-03 -1.197145E-04  5.941970E-05 6.19E-07
   3.50E-03 0.00E+00 4.74E-04  2.709996E-06  5.713047E-05  1.106731E-04     1.00
 6.4800000E+03  -2.510000E-02  2.584373E-02  0.000000E+00  2.107386E-08       84
   5.79E-04     -8.829999E-03 -2.542703E-03 -1.190693E-04  5.957392E-05 3.86E-07
   3.50E-03 0.00E+00 4.79E-04  2.716625E-06  5.725935E-05  1.109628E-04     1.00
 6.4900000E+03  -2.515000E-02  2.591072E-02  0.000000E+00  2.107962E-08       84
   5.94E-04     -8.843627E-03 -2.542702E-03 -1.190607E-04  5.972405E-05 2.88E-07
   3.53E-03 0.00E+00 4.84E-04  2.723250E-06  5.738983E-05  1.112500E-04     1.00
 6.5000000E+03  -2.520000E-02  2.597810E-02  0.000000E+00  2.115214E-08       85
   6.19E-04     -8.856580E-03 -2.542692E-03 -1.190343E-04  5.987428E-05 3.44E-06
   3.62E-03 0.00E+00 4.93E-04  2.729895E-06  5.751985E-05  1.115370E-04     1.00
 6.5100000E+03  -2.525000E-02  2.604483E-02  0.000000E+00  2.120493E-08       86
   6.44E-04     -8.869023E-03 -2.542765E-03 -1.180498E-04  6.002817E-05 2.26E-04
   3.65E-03 0.00E+00 5.08E-04  2.736566E-06  5.764853E-05  1.118262E-04     1.00
 6.5200000E+03  -2.530000E-02  2.611124E-02  0.000000E+00  2.122517E-08       85
   6.07E-04     -8.881386E-03 -2.542671E-03 -1.173218E-04  6.018417E-05 5.11E-06
   3.83E-03 0.00E+00 5.09E-04  2.743243E-06  5.777656E-05  1.121170E-04     1.00
 6.5300000E+03  -2.535000E-02  2.617731E-02  0.000000E+00  2.136320E-08       85
   6.06E-04     -8.894661E-03 -2.542719E-03 -1.157574E-04  6.034105E-05 4.38E-06
   3.94E-03 0.00E+00 4.98E-04  2.749937E-06  5.790514E-05  1.124093E-04     1.00
 6.5400000E+03  -2.540000E-02  2.624214E-02  0.000000E+00  2.168795E-08       86
   6.32E-04     -8.908609E-03 -2.542627E-03 -1.140011E-04  6.049984E-05 8.81E-06
   4.04E-03 0.00E+00 5.06E-04  2.756706E-06  5.803533E-05  1.127053E-04     1.00
 6.5500000E+03  -2.545000E-02  2.630614E-02  0.000000E+00  2.219806E-08       85
   6.71E-04     -8.922127E-03 -2.542699E-03 -1.120599E-04  6.065625E-05 1.69E-06
   4.08E-03 0.00E+00 5.32E-04  2.763623E-06  5.817040E-05  1.130042E-04     1.00
 6.5600000E+03  -2.550000E-02  2.637094E-02  0.000000E+00  2.279771E-08       85
   6.66E-04     -8.935191E-03 -2.542672E-03 -1.099718E-04  6.080508E-05 4.23E-06
   4.14E-03 0.00E+00 5.60E-04  2.770732E-06  5.831148E-05  1.133018E-04     1.00
 6.5700000E+03  -2.555000E-02  2.643656E-02  0.000000E+00  2.344860E-08       86
   7.31E-04     -8.946874E-03 -2.542736E-03 -1.073900E-04  6.094752E-05 4.05E-06
   4.16E-03 0.00E+00 5.95E-04  2.778058E-06  5.845735E-05  1.135981E-04     1.00
 6.5800000E+03  -2.560000E-02  2.650263E-02  0.000000E+00  2.409584E-08       85
   7.20E-04     -8.957570E-03 -2.542660E-03 -1.041811E-04  6.108661E-05 5.88E-06
   4.18E-03 0.00E+00 6.33E-04  2.785608E-06  5.860585E-05  1.138939E-04     1.00
 6.5900000E+03  -2.565000E-02  2.657000E-02  0.000000E+00  2.461655E-08       85
   7.50E-04     -8.966787E-03 -2.542783E-03 -1.006559E-04  6.121947E-05 4.26E-06
   4.10E-03 0.00E+00 6.67E-04  2.793363E-06  5.875782E-05  1.141870E-04     1.00
 6.6000000E+03  -2.570000E-02  2.663857E-02  0.000000E+00  2.493687E-08       86
   6.98E-04     -8.974899E-03 -2.542695E-03 -9.653170E-05  6.134920E-05 5.41E-07
   4.15E-03 0.00E+00 6.96E-04  2.801263E-06  5.891047E-05  1.144776E-04     1.00
 6.6100000E+03  -2.575000E-02  2.670727E-02  0.000000E+00  2.511892E-08       85
   7.26E-04     -8.982837E-03 -2.542720E-03 -9.257825E-05  6.147883E-05 7.17E-07
   4.16E-03 0.00E+00 7.06E-04  2.809248E-06  5.906340E-05  1.147683E-04     1.00
 6.6200000E+03  -2.580000E-02  2.677670E-02  0.000000E+00  2.526616E-08       85
   6.97E-04     -8.990374E-03 -2.542730E-03 -8.791395E-05  6.160552E-05 3.69E-06
   4.29E-03 0.00E+00 7.16E-04  2.817290E-06  5.921788E-05  1.150577E-04     1.00
 6.6300000E+03  -2.585000E-02  2.684889E-02  0.000000E+00  2.556729E-08       86
   7.34E-04     -8.997105E-03 -2.542789E-03 -8.326572E-05  6.172330E-05 7.19E-07
   4.51E-03 0.00E+00 7.24E-04  2.825412E-06  5.937464E-05  1.153406E-04     1.00
 6.6400000E+03  -2.590000E-02  2.692601E-02  0.000000E+00  2.624452E-08       85
   7.84E-04     -9.001455E-03 -2.542807E-03 -7.881891E-05  6.182575E-05 1.49E-05
   4.82E-03 0.00E+00 7.40E-04  2.833704E-06  5.953425E-05  1.156116E-04     1.00
 6.6500000E+03  -2.595000E-02  2.700986E-02  0.000000E+00  2.747823E-08       85
   8.29E-04     -9.003098E-03 -2.542751E-03 -7.458204E-05  6.190535E-05 2.81E-05
   5.12E-03 0.00E+00 7.63E-04  2.842327E-06  5.969942E-05  1.158662E-04     1.00
 6.6600000E+03  -2.600000E-02  2.709861E-02  0.000000E+00  2.910928E-08       85
   8.56E-04     -9.002686E-03 -2.542711E-03 -7.076672E-05  6.196869E-05 3.30E-06
   5.24E-03 0.00E+00 8.00E-04  2.851444E-06  5.986787E-05  1.161087E-04     1.00
 6.6700000E+03  -2.605000E-02  2.718923E-02  0.000000E+00  3.091872E-08       85
   8.40E-04     -9.001992E-03 -2.542723E-03 -6.800763E-05  6.202807E-05 3.88E-06
   5.37E-03 0.00E+00 8.31E-04  2.861127E-06  6.003494E-05  1.163466E-04     1.00
 6.6800000E+03  -2.610000E-02  2.728109E-02  0.000000E+00  3.285326E-08       85
   8.94E-04     -9.001339E-03 -2.542694E-03 -6.510955E-05  6.208409E-05 5.23E-07
   5.46E-03 0.00E+00 8.59E-04  2.871415E-06  6.020158E-05  1.165815E-04     1.00
 6.6900000E+03  -2.615000E-02  2.737322E-02  0.000000E+00  3.472070E-08       84
   9.06E-04     -9.001227E-03 -2.542917E-03 -6.183251E-05  6.214339E-05 9.77E-05
   5.46E-03 0.00E+00 8.91E-04  2.882332E-06  6.036373E-05  1.168157E-04     1.00
 6.7000000E+03  -2.620000E-02  2.746933E-02  0.000000E+00  3.569574E-08       85
   1.05E-03     -9.001243E-03 -2.543457E-03 -5.960556E-05  6.219806E-05 7.44E-06
   5.20E-03 0.00E+00 9.28E-04  2.893731E-06  6.052114E-05  1.170401E-04     1.00
 6.7100000E+03  -2.625000E-02  2.757143E-02  0.000000E+00  3.613390E-08       84
   9.57E-04     -8.999877E-03 -2.542749E-03 -5.802561E-05  6.224351E-05 1.44E-05
   5.40E-03 0.00E+00 9.41E-04  2.905316E-06  6.067328E-05  1.172497E-04     1.00
 6.7200000E+03  -2.630000E-02  2.767732E-02  0.000000E+00  3.656615E-08       84
   1.05E-03     -8.997578E-03 -2.542705E-03 -5.728965E-05  6.228411E-05 6.65E-04
   5.35E-03 0.00E+00 9.64E-04  2.917070E-06  6.082066E-05  1.174499E-04     1.00
 6.7300000E+03  -2.635000E-02  2.778981E-02  0.000000E+00  3.707005E-08       84
   1.01E-03     -8.994301E-03 -2.542704E-03 -5.705543E-05  6.231243E-05 1.01E-06
   5.25E-03 0.00E+00 9.75E-04  2.928978E-06  6.096373E-05  1.176337E-04     1.00
 6.7400000E+03  -2.640000E-02  2.790769E-02  0.000000E+00  3.726760E-08       84
   9.91E-04     -8.991937E-03 -2.542746E-03 -5.583777E-05  6.233007E-05 5.91E-06
   4.93E-03 0.00E+00 9.82E-04  2.941021E-06  6.110417E-05  1.178040E-04     1.00
 6.7500000E+03  -2.645000E-02  2.803008E-02  0.000000E+00  3.700813E-08       84
   9.76E-04     -8.989028E-03 -2.542797E-03 -5.399446E-05  6.233681E-05 5.12E-05
   4.66E-03 0.00E+00 9.77E-04  2.953041E-06  6.124481E-05  1.179631E-04     1.00
 6.7600000E+03  -2.650000E-02  2.815408E-02  0.000000E+00  3.659012E-08       84
   9.19E-04     -8.985544E-03 -2.542689E-03 -5.329611E-05  6.234158E-05 3.36E-06
   4.65E-03 0.00E+00 9.81E-04  2.964966E-06  6.138355E-05  1.181182E-04     1.00
 6.7700000E+03  -2.655000E-02  2.827554E-02  0.000000E+00  3.596952E-08       84
   8.06E-04     -8.981984E-03 -2.542658E-03 -5.302406E-05  6.235601E-05 1.45E-05
   4.49E-03 0.00E+00 9.56E-04  2.976699E-06  6.151922E-05  1.182794E-04     1.00
 6.7800000E+03  -2.660000E-02  2.839315E-02  0.000000E+00  3.503589E-08       84
   8.07E-04     -8.978847E-03 -2.542603E-03 -5.203432E-05  6.238594E-05 6.95E-06
   4.29E-03 0.00E+00 9.36E-04  2.988166E-06  6.164939E-05  1.184500E-04     1.00
 6.7900000E+03  -2.665000E-02  2.850821E-02  0.000000E+00  3.395136E-08       83
   8.06E-04     -8.975053E-03 -2.542669E-03 -4.901650E-05  6.242716E-05 3.35E-06
   4.19E-03 0.00E+00 9.04E-04  2.999276E-06  6.177498E-05  1.186269E-04     1.00
 6.8000000E+03  -2.670000E-02  2.862111E-02  0.000000E+00  3.294790E-08       83
   8.92E-04     -8.972328E-03 -2.542678E-03 -4.738363E-05  6.247950E-05 2.24E-06
   4.09E-03 0.00E+00 8.98E-04  3.010053E-06  6.189495E-05  1.188090E-04     1.00
 6.8100000E+03  -2.675000E-02  2.873070E-02  0.000000E+00  3.207798E-08       83
   7.54E-04     -8.971975E-03 -2.542661E-03 -4.722405E-05  6.254315E-05 7.27E-06
   4.01E-03 0.00E+00 8.71E-04  3.020524E-06  6.201194E-05  1.189992E-04     1.00
 6.8200000E+03  -2.680000E-02  2.883911E-02  0.000000E+00  3.127156E-08       83
   7.31E-04     -8.973304E-03 -2.542720E-03 -4.714363E-05  6.261182E-05 7.85E-06
   4.00E-03 0.00E+00 8.48E-04  3.030716E-06  6.212714E-05  1.191925E-04     1.00
 6.8300000E+03  -2.685000E-02  2.894846E-02  0.000000E+00  3.061349E-08       83
   6.44E-04     -8.975313E-03 -2.542696E-03 -4.700196E-05  6.268061E-05 1.77E-06
   4.13E-03 0.00E+00 8.06E-04  3.040643E-06  6.224016E-05  1.193836E-04     1.00
 6.8400000E+03  -2.690000E-02  2.905874E-02  0.000000E+00  3.023597E-08       82
   7.43E-04     -8.977346E-03 -2.542704E-03 -4.648170E-05  6.274832E-05 2.31E-06
   4.08E-03 0.00E+00 7.81E-04  3.050402E-06  6.235203E-05  1.195725E-04     1.00
 6.8500000E+03  -2.695000E-02  2.916897E-02  0.000000E+00  3.015666E-08       81
   7.12E-04     -8.980192E-03 -2.542713E-03 -4.649169E-05  6.281684E-05 1.68E-06
   4.13E-03 0.00E+00 7.74E-04  3.060089E-06  6.246319E-05  1.197618E-04     1.00
 6.8600000E+03  -2.700000E-02  2.927848E-02  0.000000E+00  3.040109E-08       83
   7.55E-04     -8.983486E-03 -2.542680E-03 -4.717959E-05  6.288549E-05 1.90E-06
   4.21E-03 0.00E+00 7.77E-04  3.069813E-06  6.257586E-05  1.199531E-04     1.00
 6.8700000E+03  -2.705000E-02  2.938697E-02  0.000000E+00  3.090664E-08       81
   7.33E-04     -8.986260E-03 -2.542665E-03 -4.694721E-05  6.295563E-05 2.40E-07
   4.34E-03 0.00E+00 7.76E-04  3.079656E-06  6.268940E-05  1.201471E-04     1.00
 6.8800000E+03  -2.710000E-02  2.949481E-02  0.000000E+00  3.169842E-08       81
   8.19E-04     -8.988497E-03 -2.542698E-03 -4.560025E-05  6.302447E-05 9.02E-07
   4.37E-03 0.00E+00 7.90E-04  3.089729E-06  6.280554E-05  1.203429E-04     1.00
 6.8900000E+03  -2.715000E-02  2.960270E-02  0.000000E+00  3.266064E-08       81
   7.99E-04     -8.990295E-03 -2.542704E-03 -4.362954E-05  6.309156E-05 7.37E-08
   4.46E-03 0.00E+00 8.18E-04  3.100099E-06  6.292299E-05  1.205388E-04     1.00
 6.9000000E+03  -2.720000E-02  2.971226E-02  0.000000E+00  3.376031E-08       81
   7.82E-04     -8.991536E-03 -2.542806E-03 -4.196862E-05  6.315275E-05 8.09E-06
   4.55E-03 0.00E+00 8.29E-04  3.110807E-06  6.304189E-05  1.207307E-04     1.00
 6.9100000E+03  -2.725000E-02  2.982555E-02  0.000000E+00  3.491224E-08       82
   7.86E-04     -8.992314E-03 -2.542755E-03 -4.059575E-05  6.320498E-05 1.09E-05
   4.64E-03 0.00E+00 8.30E-04  3.121870E-06  6.316021E-05  1.209134E-04     1.00
 6.9200000E+03  -2.730000E-02  2.994259E-02  0.000000E+00  3.614560E-08       81
   8.37E-04     -8.992230E-03 -2.542758E-03 -4.037486E-05  6.324748E-05 4.17E-06
   4.74E-03 0.00E+00 8.46E-04  3.133321E-06  6.327863E-05  1.210870E-04     1.00
 6.9300000E+03  -2.735000E-02  3.006422E-02  0.000000E+00  3.744174E-08       81
   8.69E-04     -8.990942E-03 -2.542742E-03 -4.119951E-05  6.327642E-05 1.01E-05
   4.80E-03 0.00E+00 8.69E-04  3.145194E-06  6.339878E-05  1.212492E-04     1.00
 6.9400000E+03  -2.740000E-02  3.018924E-02  0.000000E+00  3.873353E-08       80
   8.44E-04     -8.988404E-03 -2.542735E-03 -4.322098E-05  6.329358E-05 8.16E-05
   4.86E-03 0.00E+00 8.87E-04  3.157494E-06  6.352190E-05  1.214031E-04     1.00
 6.9500000E+03  -2.745000E-02  3.031583E-02  0.000000E+00  3.983395E-08       81
   8.40E-04     -8.986226E-03 -2.542664E-03 -4.546669E-05  6.330464E-05 5.13E-08
   4.86E-03 0.00E+00 8.98E-04  3.170181E-06  6.364697E-05  1.215530E-04     1.00
 6.9600000E+03  -2.750000E-02  3.044050E-02  0.000000E+00  4.049806E-08       80
   8.64E-04     -8.984743E-03 -2.542704E-03 -4.737897E-05  6.332023E-05 2.31E-06
   4.79E-03 0.00E+00 9.14E-04  3.183150E-06  6.377240E-05  1.217076E-04     1.00
 6.9700000E+03  -2.755000E-02  3.056485E-02  0.000000E+00  4.064073E-08       83
   8.95E-04     -8.984226E-03 -2.542540E-03 -4.934252E-05  6.333709E-05 4.17E-06
   4.61E-03 0.00E+00 9.16E-04  3.196241E-06  6.389771E-05  1.218630E-04     1.00
 6.9800000E+03  -2.760000E-02  3.069305E-02  0.000000E+00  4.001942E-08       85
   1.34E-03     -8.985075E-03 -2.542519E-03 -5.144494E-05  6.334270E-05 2.98E-05
   4.56E-03 0.00E+00 9.23E-04  3.209254E-06  6.402574E-05  1.220090E-04     1.00
 6.9900000E+03  -2.765000E-02  3.082063E-02  0.000000E+00  3.866099E-08       85
   1.69E-03     -8.988381E-03 -2.542632E-03 -5.540818E-05  6.334941E-05 5.69E-06
   4.59E-03 0.00E+00 9.41E-04  3.221956E-06  6.415540E-05  1.221567E-04     1.00
 7.0000000E+03  -2.770000E-02  3.095232E-02  0.000000E+00  3.701965E-08       85
   1.48E-03     -8.985738E-03 -2.542286E-03 -6.089103E-05  6.334495E-05 7.57E-05
   4.63E-03 0.00E+00 9.58E-04  3.234190E-06  6.428697E-05  1.222944E-04     1.00
 7.0100000E+03  -2.775000E-02  3.107819E-02  0.000000E+00  3.506751E-08       85
   1.46E-03     -8.983578E-03 -2.542639E-03 -6.591699E-05  6.334928E-05 1.55E-05
   4.22E-03 0.00E+00 9.39E-04  3.245864E-06  6.442489E-05  1.224465E-04     1.00
 7.0200000E+03  -2.780000E-02  3.119948E-02  0.000000E+00  3.264687E-08       85
   1.32E-03     -8.982070E-03 -2.542839E-03 -7.139251E-05  6.336370E-05 1.52E-05
   3.94E-03 0.00E+00 9.35E-04  3.256836E-06  6.456509E-05  1.226097E-04     1.00
 7.0300000E+03  -2.785000E-02  3.131706E-02  0.000000E+00  3.048709E-08       82
   1.29E-03     -8.983447E-03 -2.542696E-03 -7.805206E-05  6.338875E-05 2.48E-05
   3.88E-03 0.00E+00 9.22E-04  3.267069E-06  6.470446E-05  1.227822E-04     1.00
 7.0400000E+03  -2.790000E-02  3.142572E-02  0.000000E+00  2.890098E-08       82
   1.13E-03     -8.988410E-03 -2.542596E-03 -8.399672E-05  6.344210E-05 2.19E-05
   4.52E-03 0.00E+00 8.95E-04  3.276685E-06  6.483785E-05  1.229770E-04     1.00
 7.0500000E+03  -2.795000E-02  3.152652E-02  0.000000E+00  2.851203E-08       83
   1.15E-03     -8.996582E-03 -2.542497E-03 -8.744746E-05  6.351687E-05 3.14E-04
   4.98E-03 0.00E+00 8.86E-04  3.285978E-06  6.496883E-05  1.231916E-04     1.00
 7.0600000E+03  -2.800000E-02  3.162177E-02  0.000000E+00  2.934066E-08       84
   1.26E-03     -9.003680E-03 -2.542775E-03 -8.720340E-05  6.360615E-05 4.68E-06
   5.22E-03 0.00E+00 8.89E-04  3.295352E-06  6.509818E-05  1.234205E-04     1.00
 7.0700000E+03  -2.805000E-02  3.171943E-02  0.000000E+00  3.153383E-08       84
   1.33E-03     -9.008873E-03 -2.542715E-03 -8.943145E-05  6.368212E-05 5.23E-06
   5.61E-03 0.00E+00 9.61E-04  3.305277E-06  6.523334E-05  1.236437E-04     1.00
 7.0800000E+03  -2.810000E-02  3.181530E-02  0.000000E+00  3.502928E-08       84
   1.25E-03     -9.013618E-03 -2.542694E-03 -9.150006E-05  6.375802E-05 4.55E-06
   6.21E-03 0.00E+00 1.03E-03  3.316161E-06  6.537107E-05  1.238716E-04     1.00
 7.0900000E+03  -2.815000E-02  3.191196E-02  0.000000E+00  3.993594E-08       84
   1.35E-03     -9.015326E-03 -2.542915E-03 -9.225980E-05  6.381979E-05 3.85E-06
   6.74E-03 0.00E+00 1.09E-03  3.328428E-06  6.551845E-05  1.240979E-04     1.00
 7.1000000E+03  -2.820000E-02  3.200965E-02  0.000000E+00  4.599560E-08       84
   1.39E-03     -9.014893E-03 -2.542231E-03 -9.441893E-05  6.386472E-05 1.86E-03
   7.18E-03 0.00E+00 1.17E-03  3.342526E-06  6.567715E-05  1.243215E-04     1.00
 7.1100000E+03  -2.825000E-02  3.210941E-02  0.000000E+00  5.390645E-08       83
   1.62E-03     -9.010929E-03 -2.542618E-03 -9.543230E-05  6.390027E-05 4.86E-06
   7.79E-03 0.00E+00 1.27E-03  3.358934E-06  6.583602E-05  1.245401E-04     1.00
 7.1200000E+03  -2.830000E-02  3.221376E-02  0.000000E+00  6.387706E-08       84
   1.72E-03     -9.003166E-03 -2.542330E-03 -9.701301E-05  6.391388E-05 7.05E-05
   8.60E-03 0.00E+00 1.39E-03  3.378283E-06  6.600042E-05  1.247473E-04     1.00
 7.1300000E+03  -2.835000E-02  3.231818E-02  0.000000E+00  7.579871E-08       83
   1.84E-03     -8.992047E-03 -2.542844E-03 -9.899769E-05  6.392674E-05 1.07E-05
   9.26E-03 0.00E+00 1.51E-03  3.401221E-06  6.615930E-05  1.249537E-04     1.00
 7.1400000E+03  -2.840000E-02  3.242942E-02  0.000000E+00  8.961065E-08       84
   1.91E-03     -8.976977E-03 -2.542781E-03 -1.001508E-04  6.391402E-05 1.57E-05
   1.00E-02 0.00E+00 1.64E-03  3.428391E-06  6.632025E-05  1.251427E-04     1.00
 7.1500000E+03  -2.845000E-02  3.254892E-02  0.000000E+00  1.052161E-07       84
   2.06E-03     -8.957365E-03 -2.541703E-03 -1.009394E-04  6.388346E-05 9.11E-05
   1.08E-02 0.00E+00 1.77E-03  3.460337E-06  6.647124E-05  1.253104E-04     1.00
 7.1600000E+03  -2.850000E-02  3.268083E-02  0.000000E+00  1.226040E-07       84
   2.07E-03     -8.934791E-03 -2.542718E-03 -1.036479E-04  6.381817E-05 4.19E-06
   1.14E-02 0.00E+00 1.87E-03  3.497616E-06  6.661813E-05  1.254464E-04     1.00
 7.1700000E+03  -2.855000E-02  3.282175E-02  0.000000E+00  1.418112E-07       85
   3.29E-03     -8.904247E-03 -2.542714E-03 -1.098271E-04  6.372148E-05 5.06E-06
   1.20E-02 0.00E+00 2.01E-03  3.540794E-06  6.676533E-05  1.255589E-04     1.00
 7.1800000E+03  -2.860000E-02  3.297201E-02  0.000000E+00  1.613195E-07       83
   2.85E-03     -8.873253E-03 -2.542962E-03 -1.147260E-04  6.359781E-05 1.24E-04
   1.25E-02 0.00E+00 2.19E-03  3.590428E-06  6.690821E-05  1.256468E-04     1.00
 7.1900000E+03  -2.865000E-02  3.314326E-02  0.000000E+00  1.775445E-07       81
   2.91E-03     -8.831225E-03 -2.541910E-03 -1.176902E-04  6.341200E-05 7.96E-05
   1.23E-02 0.00E+00 2.28E-03  3.645897E-06  6.705682E-05  1.256810E-04     1.00
 7.2000000E+03  -2.870000E-02  3.332858E-02  0.000000E+00  1.884749E-07       82
   2.61E-03     -8.790471E-03 -2.543061E-03 -1.143272E-04  6.318773E-05 7.18E-05
   1.24E-02 0.00E+00 2.29E-03  3.705553E-06  6.720815E-05  1.256785E-04     1.00
 7.2100000E+03  -2.875000E-02  3.351780E-02  0.000000E+00  1.965297E-07       80
   2.98E-03     -8.742250E-03 -2.545066E-03 -1.105058E-04  6.293599E-05 2.21E-05
   1.23E-02 0.00E+00 2.29E-03  3.768138E-06  6.737502E-05  1.256641E-04     1.00
 7.2200000E+03  -2.880000E-02  3.372059E-02  0.000000E+00  2.037212E-07       80
   2.86E-03     -8.699730E-03 -2.542796E-03 -1.037145E-04  6.263111E-05 1.59E-05
   1.27E-02 0.00E+00 2.31E-03  3.833224E-06  6.755755E-05  1.256139E-04     1.00
 7.2300000E+03  -2.885000E-02  3.393398E-02  0.000000E+00  2.112312E-07       81
   3.57E-03     -8.653790E-03 -2.542786E-03 -9.390763E-05  6.227603E-05 1.40E-05
   1.28E-02 0.00E+00 2.43E-03  3.900916E-06  6.775914E-05  1.255355E-04     1.00
 7.2400000E+03  -2.890000E-02  3.415307E-02  0.000000E+00  2.204314E-07       81
   3.05E-03     -8.608062E-03 -2.542737E-03 -8.318817E-05  6.188999E-05 1.29E-05
   1.40E-02 0.00E+00 2.57E-03  3.971642E-06  6.797061E-05  1.254407E-04     1.00
 7.2500000E+03  -2.895000E-02  3.437754E-02  0.000000E+00  2.287963E-07       82
   3.27E-03     -8.561555E-03 -2.542618E-03 -7.125478E-05  6.148709E-05 9.94E-06
   1.32E-02 0.00E+00 2.65E-03  4.045441E-06  6.818130E-05  1.253304E-04     1.00
 7.2600000E+03  -2.900000E-02  3.462213E-02  0.000000E+00  2.285278E-07       82
   4.33E-03     -8.513110E-03 -2.544168E-03 -4.942605E-05  6.104776E-05 1.62E-03
   1.28E-02 0.00E+00 2.74E-03  4.120785E-06  6.838340E-05  1.251682E-04     1.00
 7.2700000E+03  -2.905000E-02  3.487875E-02  0.000000E+00  2.164939E-07       83
   4.38E-03     -8.465592E-03 -2.542693E-03 -2.844582E-05  6.060464E-05 2.15E-05
   1.20E-02 0.00E+00 2.70E-03  4.193772E-06  6.857152E-05  1.249739E-04     1.00
 7.2800000E+03  -2.910000E-02  3.512190E-02  0.000000E+00  2.019143E-07       82
   3.79E-03     -8.422066E-03 -2.542498E-03 -1.195002E-05  6.020261E-05 4.83E-05
   1.24E-02 0.00E+00 2.65E-03  4.262086E-06  6.875623E-05  1.248105E-04     1.00
 7.2900000E+03  -2.915000E-02  3.534492E-02  0.000000E+00  1.911261E-07       83
   3.59E-03     -8.384224E-03 -2.542696E-03  5.398012E-06  5.983053E-05 7.71E-05
   1.29E-02 0.00E+00 2.61E-03  4.326124E-06  6.895950E-05  1.246950E-04     1.00
 7.3000000E+03  -2.920000E-02  3.555365E-02  0.000000E+00  1.823524E-07       83
   3.47E-03     -8.348781E-03 -2.542743E-03  2.090801E-05  5.946962E-05 2.20E-05
   1.22E-02 0.00E+00 2.54E-03  4.386923E-06  6.918627E-05  1.246130E-04     1.00
 7.3100000E+03  -2.925000E-02  3.574983E-02  0.000000E+00  1.736795E-07       84
   2.99E-03     -8.313764E-03 -2.542528E-03  3.504210E-05  5.914576E-05 7.28E-05
   1.13E-02 0.00E+00 2.45E-03  4.444792E-06  6.940842E-05  1.245602E-04     1.00
 7.3200000E+03  -2.930000E-02  3.591590E-02  0.000000E+00  1.639872E-07       84
   3.12E-03     -8.288835E-03 -2.542381E-03  4.609088E-05  5.892971E-05 5.10E-06
   1.09E-02 0.00E+00 2.33E-03  4.499394E-06  6.959947E-05  1.245802E-04     1.00
 7.3300000E+03  -2.935000E-02  3.606551E-02  0.000000E+00  1.546601E-07       85
   3.28E-03     -8.271268E-03 -2.542544E-03  5.289036E-05  5.881676E-05 2.04E-04
   1.05E-02 0.00E+00 2.34E-03  4.551089E-06  6.972972E-05  1.246398E-04     1.00
 7.3400000E+03  -2.940000E-02  3.622219E-02  0.000000E+00  1.443695E-07       85
   3.07E-03     -8.254605E-03 -2.540385E-03  5.658546E-05  5.866819E-05 1.87E-05
   1.06E-02 0.00E+00 2.29E-03  4.599555E-06  6.988142E-05  1.246813E-04     1.00
 7.3500000E+03  -2.945000E-02  3.636664E-02  0.000000E+00  1.358064E-07       84
   3.21E-03     -8.234721E-03 -2.542467E-03  6.472135E-05  5.852647E-05 8.06E-05
   1.01E-02 0.00E+00 2.26E-03  4.645084E-06  7.005679E-05  1.247521E-04     1.00
 7.3600000E+03  -2.950000E-02  3.651138E-02  0.000000E+00  1.289423E-07       82
   3.10E-03     -8.223440E-03 -2.542732E-03  7.653179E-05  5.839381E-05 3.46E-05
   9.51E-03 0.00E+00 2.25E-03  4.688477E-06  7.022209E-05  1.248213E-04     1.00
 7.3700000E+03  -2.955000E-02  3.666593E-02  0.000000E+00  1.225904E-07       83
   2.79E-03     -8.208055E-03 -2.542706E-03  8.373432E-05  5.823649E-05 8.42E-06
   9.16E-03 0.00E+00 2.27E-03  4.729913E-06  7.038883E-05  1.248659E-04     1.00
 7.3800000E+03  -2.960000E-02  3.682784E-02  0.000000E+00  1.158557E-07       84
   2.55E-03     -8.188526E-03 -2.542716E-03  8.799555E-05  5.806302E-05 1.40E-06
   8.37E-03 0.00E+00 2.20E-03  4.769217E-06  7.055507E-05  1.248913E-04     1.00
 7.3900000E+03  -2.965000E-02  3.698403E-02  0.000000E+00  1.088400E-07       83
   2.49E-03     -8.176632E-03 -2.542765E-03  9.064980E-05  5.792686E-05 2.64E-05
   8.41E-03 0.00E+00 2.17E-03  4.806291E-06  7.069989E-05  1.249301E-04     1.00
 7.4000000E+03  -2.970000E-02  3.712914E-02  0.000000E+00  1.018259E-07       83
   2.14E-03     -8.173061E-03 -2.542640E-03  9.852185E-05  5.784163E-05 1.55E-05
   7.90E-03 0.00E+00 2.11E-03  4.840997E-06  7.082316E-05  1.249960E-04     1.00
 7.4100000E+03  -2.975000E-02  3.726664E-02  0.000000E+00  9.437086E-08       82
   1.94E-03     -8.171562E-03 -2.542579E-03  1.030035E-04  5.778139E-05 8.71E-06
   7.23E-03 0.00E+00 2.00E-03  4.873192E-06  7.094315E-05  1.250806E-04     1.00
 7.4200000E+03  -2.980000E-02  3.739609E-02  0.000000E+00  8.812355E-08       83
   1.92E-03     -8.168297E-03 -2.542471E-03  1.080107E-04  5.772863E-05 1.44E-05
   7.53E-03 0.00E+00 1.89E-03  4.903007E-06  7.107664E-05  1.251850E-04     1.00
 7.4300000E+03  -2.985000E-02  3.751722E-02  0.000000E+00  8.302861E-08       82
   1.83E-03     -8.164401E-03 -2.542644E-03  1.140126E-04  5.768017E-05 9.22E-07
   7.23E-03 0.00E+00 1.83E-03  4.930991E-06  7.122689E-05  1.253098E-04     1.00
 7.4400000E+03  -2.990000E-02  3.763658E-02  0.000000E+00  7.747363E-08       82
   1.68E-03     -8.156761E-03 -2.542707E-03  1.184051E-04  5.762006E-05 9.84E-06
   6.47E-03 0.00E+00 1.80E-03  4.957268E-06  7.139515E-05  1.254387E-04     1.00
 7.4500000E+03  -2.995000E-02  3.776077E-02  0.000000E+00  7.143685E-08       82
   1.55E-03     -8.147566E-03 -2.542260E-03  1.192961E-04  5.754564E-05 6.94E-05
   6.21E-03 0.00E+00 1.74E-03  4.981612E-06  7.156782E-05  1.255554E-04     1.00
 7.4600000E+03  -3.000000E-02  3.788772E-02  0.000000E+00  6.606074E-08       83
   1.52E-03     -8.141172E-03 -2.542777E-03  1.175618E-04  5.746763E-05 5.77E-06
   6.23E-03 0.00E+00 1.68E-03  5.004076E-06  7.173814E-05  1.256649E-04     1.00
 7.4700000E+03  -3.005000E-02  3.801441E-02  0.000000E+00  6.188571E-08       84
   1.52E-03     -8.136068E-03 -2.542699E-03  1.113657E-04  5.739402E-05 1.45E-06
   6.10E-03 0.00E+00 1.60E-03  5.024948E-06  7.190489E-05  1.257748E-04     1.00
 7.4800000E+03  -3.010000E-02  3.814004E-02  0.000000E+00  5.837248E-08       83
   1.47E-03     -8.128651E-03 -2.542788E-03  1.048978E-04  5.732226E-05 6.11E-06
   5.87E-03 0.00E+00 1.50E-03  5.044541E-06  7.207281E-05  1.258871E-04     1.00
 7.4900000E+03  -3.015000E-02  3.826596E-02  0.000000E+00  5.547153E-08       82
   1.24E-03     -8.120657E-03 -2.542649E-03  1.001510E-04  5.724469E-05 1.32E-05
   6.08E-03 0.00E+00 1.41E-03  5.063047E-06  7.224593E-05  1.259983E-04     1.00
 7.5000000E+03  -3.020000E-02  3.838536E-02  0.000000E+00  5.310725E-08       82
   1.18E-03     -8.114872E-03 -2.542697E-03  9.865276E-05  5.718029E-05 1.91E-05
   6.03E-03 0.00E+00 1.32E-03  5.080629E-06  7.242209E-05  1.261253E-04     1.00
 7.5100000E+03  -3.025000E-02  3.849836E-02  0.000000E+00  5.117541E-08       82
   9.96E-04     -8.111278E-03 -2.542616E-03  9.896785E-05  5.712837E-05 1.93E-05
   5.85E-03 0.00E+00 1.24E-03  5.097458E-06  7.260168E-05  1.262679E-04     1.00
 7.5200000E+03  -3.030000E-02  3.860241E-02  0.000000E+00  4.939208E-08       81
   1.00E-03     -8.112704E-03 -2.542639E-03  1.015786E-04  5.710152E-05 3.99E-06
   5.56E-03 0.00E+00 1.16E-03  5.113605E-06  7.277879E-05  1.264325E-04     1.00
 7.5300000E+03  -3.035000E-02  3.870059E-02  0.000000E+00  4.790067E-08       81
   9.22E-04     -8.116864E-03 -2.542600E-03  1.041906E-04  5.709770E-05 1.97E-05
   5.61E-03 0.00E+00 1.11E-03  5.129179E-06  7.294784E-05  1.266119E-04     1.00
 7.5400000E+03  -3.040000E-02  3.879241E-02  0.000000E+00  4.679629E-08       81
   9.18E-04     -8.123218E-03 -2.542669E-03  1.055536E-04  5.712005E-05 5.92E-06
   5.43E-03 0.00E+00 1.04E-03  5.144292E-06  7.310681E-05  1.268072E-04     1.00
 7.5500000E+03  -3.045000E-02  3.888174E-02  0.000000E+00  4.570905E-08       83
   1.08E-03     -8.130744E-03 -2.542741E-03  1.050133E-04  5.715624E-05 1.83E-06
   5.11E-03 0.00E+00 1.04E-03  5.159057E-06  7.325888E-05  1.270092E-04     1.00
 7.5600000E+03  -3.050000E-02  3.897085E-02  0.000000E+00  4.452789E-08       84
   1.12E-03     -8.139091E-03 -2.542694E-03  1.036660E-04  5.718987E-05 1.64E-07
   4.99E-03 0.00E+00 1.03E-03  5.173452E-06  7.341489E-05  1.272120E-04     1.00
 7.5700000E+03  -3.055000E-02  3.906251E-02  0.000000E+00  4.346879E-08       82
   1.16E-03     -8.144515E-03 -2.542834E-03  1.026438E-04  5.721155E-05 2.33E-04
   4.92E-03 0.00E+00 1.04E-03  5.187504E-06  7.357725E-05  1.274091E-04     1.00
 7.5800000E+03  -3.060000E-02  3.915781E-02  0.000000E+00  4.279218E-08       83
   9.71E-04     -8.149257E-03 -2.542753E-03  1.009825E-04  5.721469E-05 1.43E-05
   5.14E-03 0.00E+00 1.02E-03  5.201281E-06  7.374937E-05  1.275975E-04     1.00
 7.5900000E+03  -3.065000E-02  3.925654E-02  0.000000E+00  4.245469E-08       82
   1.04E-03     -8.151567E-03 -2.542721E-03  9.981697E-05  5.720618E-05 3.92E-06
   5.04E-03 0.00E+00 1.01E-03  5.214909E-06  7.392472E-05  1.277776E-04     1.00
 7.6000000E+03  -3.070000E-02  3.935707E-02  0.000000E+00  4.223450E-08       83
   9.80E-04     -8.153608E-03 -2.542740E-03  9.794456E-05  5.719603E-05 1.17E-05
   5.06E-03 0.00E+00 1.00E-03  5.228453E-06  7.409744E-05  1.279535E-04     1.00
 7.6100000E+03  -3.075000E-02  3.945853E-02  0.000000E+00  4.221525E-08       83
   1.15E-03     -8.155701E-03 -2.542698E-03  9.603507E-05  5.719194E-05 1.10E-06
   5.12E-03 0.00E+00 1.03E-03  5.241996E-06  7.426174E-05  1.281272E-04     1.00
 7.6200000E+03  -3.080000E-02  3.956120E-02  0.000000E+00  4.231935E-08       82
   1.14E-03     -8.159456E-03 -2.542740E-03  9.492080E-05  5.719540E-05 3.21E-06
   5.19E-03 0.00E+00 1.07E-03  5.255604E-06  7.441555E-05  1.282982E-04     1.00
 7.6300000E+03  -3.085000E-02  3.966393E-02  0.000000E+00  4.264368E-08       82
   1.12E-03     -8.163358E-03 -2.542838E-03  9.491621E-05  5.720949E-05 4.92E-05
   5.32E-03 0.00E+00 1.10E-03  5.269322E-06  7.455848E-05  1.284692E-04     1.00
 7.6400000E+03  -3.090000E-02  3.976877E-02  0.000000E+00  4.308938E-08       87
   1.09E-03     -8.169934E-03 -2.542706E-03  9.589994E-05  5.722812E-05 7.67E-06
   5.49E-03 0.00E+00 1.14E-03  5.283203E-06  7.469180E-05  1.286354E-04     1.00
 7.6500000E+03  -3.095000E-02  3.986856E-02  0.000000E+00  4.046811E-08       87
   3.10E-03     -8.187318E-03 -2.542885E-03  1.008327E-04  5.727004E-05 2.24E-05
   5.60E-03 0.00E+00 1.11E-03  5.296739E-06  7.481826E-05  1.288147E-04     1.00
 7.6600000E+03  -3.100000E-02  3.997057E-02  0.000000E+00  3.598822E-08       87
   2.88E-03     -8.199264E-03 -2.542632E-03  1.055034E-04  5.730429E-05 2.09E-05
   5.68E-03 0.00E+00 1.14E-03  5.309103E-06  7.495078E-05  1.289895E-04     1.00
 7.6700000E+03  -3.105000E-02  4.006818E-02  0.000000E+00  3.154761E-08       84
   2.42E-03     -8.206544E-03 -2.542616E-03  1.097146E-04  5.734450E-05 3.60E-05
   5.83E-03 0.00E+00 1.09E-03  5.320044E-06  7.509006E-05  1.291755E-04     1.00
 7.6800000E+03  -3.110000E-02  4.015396E-02  0.000000E+00  2.750388E-08       84
   2.19E-03     -8.215783E-03 -2.542636E-03  1.140511E-04  5.741043E-05 7.45E-05
   5.22E-03 0.00E+00 1.04E-03  5.329651E-06  7.523421E-05  1.293912E-04     1.00
 7.6900000E+03  -3.115000E-02  4.021938E-02  0.000000E+00  2.398754E-08       84
   1.86E-03     -8.230231E-03 -2.542606E-03  1.155712E-04  5.755315E-05 4.25E-05
   5.18E-03 0.00E+00 9.67E-04  5.337978E-06  7.535309E-05  1.296577E-04     1.00
 7.7000000E+03  -3.120000E-02  4.027329E-02  0.000000E+00  2.168266E-08       84
   1.69E-03     -8.251023E-03 -2.542597E-03  1.163212E-04  5.773667E-05 6.07E-06
   5.37E-03 0.00E+00 8.61E-04  5.345317E-06  7.546030E-05  1.299535E-04     1.00
 7.7100000E+03  -3.125000E-02  4.032229E-02  0.000000E+00  2.020838E-08       84
   1.60E-03     -8.273935E-03 -2.542764E-03  1.133374E-04  5.793826E-05 1.24E-05
   5.21E-03 0.00E+00 7.80E-04  5.352036E-06  7.556247E-05  1.302625E-04     1.00
 7.7200000E+03  -3.130000E-02  4.037907E-02  0.000000E+00  1.989975E-08       84
   1.58E-03     -8.297818E-03 -2.542817E-03  1.071870E-04  5.812114E-05 1.57E-05
   5.50E-03 0.00E+00 7.60E-04  5.358460E-06  7.566462E-05  1.305537E-04     1.00
 7.7300000E+03  -3.135000E-02  4.044254E-02  0.000000E+00  2.058813E-08       83
   1.78E-03     -8.317616E-03 -2.543559E-03  1.032103E-04  5.828647E-05 1.01E-04
   5.65E-03 0.00E+00 7.45E-04  5.364955E-06  7.576775E-05  1.308293E-04     1.00
 7.7400000E+03  -3.140000E-02  4.052448E-02  0.000000E+00  2.243045E-08       83
   1.73E-03     -8.332394E-03 -2.543100E-03  1.000578E-04  5.839468E-05 5.22E-05
   5.67E-03 0.00E+00 7.65E-04  5.371899E-06  7.588216E-05  1.310607E-04     1.00
 7.7500000E+03  -3.145000E-02  4.061233E-02  0.000000E+00  2.455784E-08       83
   1.74E-03     -8.340911E-03 -2.542673E-03  9.730872E-05  5.847640E-05 4.93E-05
   5.82E-03 0.00E+00 7.94E-04  5.379493E-06  7.600814E-05  1.312781E-04     1.00
 7.7600000E+03  -3.150000E-02  4.070493E-02  0.000000E+00  2.688812E-08       83
   1.69E-03     -8.348739E-03 -2.542908E-03  9.407001E-05  5.853796E-05 2.12E-07
   6.03E-03 0.00E+00 8.41E-04  5.387850E-06  7.614207E-05  1.314842E-04     1.00
 7.7700000E+03  -3.155000E-02  4.079949E-02  0.000000E+00  2.886316E-08       83
   1.54E-03     -8.355310E-03 -2.542758E-03  9.025379E-05  5.859768E-05 3.74E-06
   5.90E-03 0.00E+00 8.89E-04  5.396927E-06  7.627312E-05  1.316860E-04     1.00
 7.7800000E+03  -3.160000E-02  4.090017E-02  0.000000E+00  3.014829E-08       83
   1.58E-03     -8.361047E-03 -2.542754E-03  8.923411E-05  5.865256E-05 5.58E-05
   5.40E-03 0.00E+00 9.48E-04  5.406562E-06  7.639435E-05  1.318730E-04     1.00
 7.7900000E+03  -3.165000E-02  4.100459E-02  0.000000E+00  3.119982E-08       83
   1.42E-03     -8.367391E-03 -2.542801E-03  8.817194E-05  5.871174E-05 5.37E-05
   5.56E-03 0.00E+00 9.85E-04  5.416584E-06  7.650235E-05  1.320512E-04     1.00
 7.8000000E+03  -3.170000E-02  4.111646E-02  0.000000E+00  3.224075E-08       83
   1.40E-03     -8.372152E-03 -2.542706E-03  8.953864E-05  5.875454E-05 1.30E-06
   5.26E-03 0.00E+00 1.02E-03  5.426974E-06  7.660835E-05  1.322114E-04     1.00
 7.8100000E+03  -3.175000E-02  4.122906E-02  0.000000E+00  3.277699E-08       83
   1.21E-03     -8.375307E-03 -2.542786E-03  9.021877E-05  5.878746E-05 4.34E-06
   4.90E-03 0.00E+00 1.03E-03  5.437603E-06  7.672295E-05  1.323701E-04     1.00
 7.8200000E+03  -3.180000E-02  4.134158E-02  0.000000E+00  3.303648E-08       83
   1.11E-03     -8.378581E-03 -2.542681E-03  8.997541E-05  5.880534E-05 1.30E-05
   5.01E-03 0.00E+00 1.01E-03  5.448323E-06  7.685321E-05  1.325292E-04     1.00
 7.8300000E+03  -3.185000E-02  4.145073E-02  0.000000E+00  3.358588E-08       83
   1.13E-03     -8.381742E-03 -2.542611E-03  8.861172E-05  5.880950E-05 6.07E-06
   5.29E-03 0.00E+00 9.93E-04  5.459139E-06  7.700534E-05  1.326969E-04     1.00
 7.8400000E+03  -3.190000E-02  4.155566E-02  0.000000E+00  3.432873E-08       83
   1.18E-03     -8.385193E-03 -2.542538E-03  8.692276E-05  5.880360E-05 3.38E-05
   5.21E-03 0.00E+00 1.01E-03  5.470182E-06  7.717773E-05  1.328751E-04     1.00
 7.8500000E+03  -3.195000E-02  4.165536E-02  0.000000E+00  3.476700E-08       83
   1.15E-03     -8.388955E-03 -2.542686E-03  8.543488E-05  5.880870E-05 1.64E-06
   4.94E-03 0.00E+00 1.04E-03  5.481438E-06  7.735235E-05  1.330665E-04     1.00
 7.8600000E+03  -3.200000E-02  4.175418E-02  0.000000E+00  3.463478E-08       83
   9.77E-04     -8.392157E-03 -2.542686E-03  8.276815E-05  5.882068E-05 1.96E-06
   4.79E-03 0.00E+00 1.05E-03  5.492727E-06  7.752300E-05  1.332603E-04     1.00
 7.8700000E+03  -3.205000E-02  4.185270E-02  0.000000E+00  3.424803E-08       83
   9.51E-04     -8.394358E-03 -2.542692E-03  7.992963E-05  5.884205E-05 3.54E-06
   4.55E-03 0.00E+00 1.03E-03  5.503901E-06  7.768556E-05  1.334551E-04     1.00
 7.8800000E+03  -3.210000E-02  4.195264E-02  0.000000E+00  3.388987E-08       83
   9.65E-04     -8.398136E-03 -2.542765E-03  7.708711E-05  5.886655E-05 3.22E-06
   4.38E-03 0.00E+00 1.03E-03  5.514949E-06  7.784180E-05  1.336465E-04     1.00
 7.8900000E+03  -3.215000E-02  4.205326E-02  0.000000E+00  3.385515E-08       83
   9.74E-04     -8.402407E-03 -2.542762E-03  7.432648E-05  5.889193E-05 7.92E-06
   4.55E-03 0.00E+00 1.04E-03  5.525944E-06  7.799548E-05  1.338365E-04     1.00
 7.9000000E+03  -3.220000E-02  4.215653E-02  0.000000E+00  3.437633E-08       83
   9.17E-04     -8.406249E-03 -2.542799E-03  7.164006E-05  5.890913E-05 1.90E-05
   5.01E-03 0.00E+00 1.04E-03  5.537026E-06  7.815045E-05  1.340203E-04     1.00
 7.9100000E+03  -3.225000E-02  4.226115E-02  0.000000E+00  3.522524E-08       83
   9.09E-04     -8.410041E-03 -2.542707E-03  6.914871E-05  5.892575E-05 8.71E-07
   5.17E-03 0.00E+00 1.02E-03  5.548317E-06  7.830242E-05  1.342010E-04     1.00
 7.9200000E+03  -3.230000E-02  4.236593E-02  0.000000E+00  3.588467E-08       83
   9.27E-04     -8.413366E-03 -2.542631E-03  6.916160E-05  5.894457E-05 1.24E-05
   5.04E-03 0.00E+00 1.01E-03  5.559846E-06  7.845196E-05  1.343815E-04     1.00
 7.9300000E+03  -3.235000E-02  4.246829E-02  0.000000E+00  3.616780E-08       83
   9.68E-04     -8.417981E-03 -2.542638E-03  6.975089E-05  5.897904E-05 2.81E-07
   4.89E-03 0.00E+00 1.02E-03  5.571523E-06  7.859232E-05  1.345683E-04     1.00
 7.9400000E+03  -3.240000E-02  4.256903E-02  0.000000E+00  3.620123E-08       83
   9.69E-04     -8.423690E-03 -2.542605E-03  7.120915E-05  5.902573E-05 1.14E-06
   4.70E-03 0.00E+00 1.04E-03  5.583260E-06  7.872495E-05  1.347594E-04     1.00
 7.9500000E+03  -3.245000E-02  4.266901E-02  0.000000E+00  3.599167E-08       83
   9.26E-04     -8.430094E-03 -2.542691E-03  7.369077E-05  5.907835E-05 1.68E-06
   4.50E-03 0.00E+00 1.04E-03  5.594977E-06  7.885413E-05  1.349527E-04     1.00
 7.9600000E+03  -3.250000E-02  4.277000E-02  0.000000E+00  3.568366E-08       83
   9.35E-04     -8.434981E-03 -2.542756E-03  7.717999E-05  5.912605E-05 8.75E-06
   4.41E-03 0.00E+00 1.03E-03  5.606609E-06  7.898630E-05  1.351439E-04     1.00
 7.9700000E+03  -3.255000E-02  4.287408E-02  0.000000E+00  3.533866E-08       83
   9.53E-04     -8.437863E-03 -2.542784E-03  8.078089E-05  5.915498E-05 1.36E-05
   4.52E-03 0.00E+00 1.05E-03  5.618157E-06  7.913002E-05  1.353278E-04     1.00
 7.9800000E+03  -3.260000E-02  4.297906E-02  0.000000E+00  3.500936E-08       83
   9.55E-04     -8.438430E-03 -2.542679E-03  8.328660E-05  5.916672E-05 6.26E-06
   4.62E-03 0.00E+00 1.06E-03  5.629607E-06  7.928893E-05  1.355095E-04     1.00
 7.9900000E+03  -3.265000E-02  4.308161E-02  0.000000E+00  3.459852E-08       83
   8.65E-04     -8.438068E-03 -2.542611E-03  8.467885E-05  5.916743E-05 7.30E-06
   4.71E-03 0.00E+00 1.06E-03  5.640941E-06  7.946511E-05  1.356973E-04     1.00
 8.0000000E+03  -3.270000E-02  4.317781E-02  0.000000E+00  3.403715E-08       83
   7.40E-04     -8.438502E-03 -2.542742E-03  8.517870E-05  5.917216E-05 1.77E-05
   4.74E-03 0.00E+00 1.02E-03  5.652075E-06  7.965331E-05  1.359009E-04     1.00
 8.0100000E+03  -3.275000E-02  4.326855E-02  0.000000E+00  3.352001E-08       83
   7.51E-04     -8.440021E-03 -2.542615E-03  8.451183E-05  5.917857E-05 1.94E-05
   4.80E-03 0.00E+00 9.77E-04  5.662979E-06  7.985353E-05  1.361179E-04     1.00
 8.0200000E+03  -3.280000E-02  4.335392E-02  0.000000E+00  3.336023E-08       83
   7.42E-04     -8.443458E-03 -2.542491E-03  8.334667E-05  5.919974E-05 1.83E-04
   5.06E-03 0.00E+00 9.29E-04  5.673725E-06  8.005216E-05  1.363483E-04     1.00
 8.0300000E+03  -3.285000E-02  4.343418E-02  0.000000E+00  3.365036E-08       83
   7.91E-04     -8.447933E-03 -2.542606E-03  8.315360E-05  5.924152E-05 3.34E-06
   5.14E-03 0.00E+00 9.06E-04  5.684476E-06  8.024258E-05  1.365915E-04     1.00
 8.0400000E+03  -3.290000E-02  4.350969E-02  0.000000E+00  3.414063E-08       83
   7.65E-04     -8.453310E-03 -2.542675E-03  8.276195E-05  5.931225E-05 7.08E-06
   5.08E-03 0.00E+00 8.98E-04  5.695346E-06  8.041571E-05  1.368467E-04     1.00
 8.0500000E+03  -3.295000E-02  4.358246E-02  0.000000E+00  3.461061E-08       83
   7.84E-04     -8.457902E-03 -2.542796E-03  8.157792E-05  5.939934E-05 1.23E-05
   4.95E-03 0.00E+00 9.00E-04  5.706367E-06  8.057942E-05  1.371090E-04     1.00
 8.0600000E+03  -3.300000E-02  4.365339E-02  0.000000E+00  3.510318E-08       83
   8.39E-04     -8.461731E-03 -2.542694E-03  7.999210E-05  5.949293E-05 5.62E-06
   5.01E-03 0.00E+00 9.06E-04  5.717545E-06  8.074119E-05  1.373760E-04     1.00
 8.0700000E+03  -3.305000E-02  4.372196E-02  0.000000E+00  3.580723E-08       83
   9.81E-04     -8.465163E-03 -2.542703E-03  7.865882E-05  5.958233E-05 2.03E-06
   5.15E-03 0.00E+00 9.15E-04  5.728923E-06  8.091281E-05  1.376491E-04     1.00
 8.0800000E+03  -3.310000E-02  4.378989E-02  0.000000E+00  3.669409E-08       83
   9.05E-04     -8.466964E-03 -2.542697E-03  7.764623E-05  5.966899E-05 1.14E-06
   5.37E-03 0.00E+00 9.27E-04  5.740561E-06  8.108843E-05  1.379239E-04     1.00
 8.0900000E+03  -3.315000E-02  4.385635E-02  0.000000E+00  3.787799E-08       83
   8.53E-04     -8.468445E-03 -2.542496E-03  7.647074E-05  5.975873E-05 5.77E-05
   5.68E-03 0.00E+00 9.25E-04  5.752520E-06  8.126414E-05  1.382025E-04     1.00
 8.1000000E+03  -3.320000E-02  4.391836E-02  0.000000E+00  3.955641E-08       83
   8.64E-04     -8.472086E-03 -2.542672E-03  7.633794E-05  5.987115E-05 1.94E-06
   6.08E-03 0.00E+00 9.28E-04  5.764909E-06  8.142733E-05  1.384921E-04     1.00
 8.1100000E+03  -3.325000E-02  4.397898E-02  0.000000E+00  4.231984E-08       83
   8.85E-04     -8.477229E-03 -2.542717E-03  7.673349E-05  5.999257E-05 6.36E-06
   6.54E-03 0.00E+00 9.34E-04  5.777988E-06  8.158344E-05  1.387855E-04     1.00
 8.1200000E+03  -3.330000E-02  4.404211E-02  0.000000E+00  4.654278E-08       83
   9.58E-04     -8.482209E-03 -2.542746E-03  7.714717E-05  6.010737E-05 2.42E-06
   6.90E-03 0.00E+00 9.49E-04  5.792179E-06  8.173777E-05  1.390729E-04     1.00
 8.1300000E+03  -3.335000E-02  4.411170E-02  0.000000E+00  5.209041E-08       83
   9.78E-04     -8.484571E-03 -2.542899E-03  7.817912E-05  6.019942E-05 5.70E-05
   7.38E-03 0.00E+00 9.78E-04  5.807932E-06  8.189632E-05  1.393447E-04     1.00
 8.1400000E+03  -3.340000E-02  4.419124E-02  0.000000E+00  5.892399E-08       83
   9.89E-04     -8.482183E-03 -2.542853E-03  7.928589E-05  6.025737E-05 3.53E-05
   7.99E-03 0.00E+00 9.98E-04  5.825640E-06  8.206137E-05  1.395922E-04     1.00
 8.1500000E+03  -3.345000E-02  4.428046E-02  0.000000E+00  6.735360E-08       82
   1.15E-03     -8.475422E-03 -2.542921E-03  7.968396E-05  6.028339E-05 1.17E-04
   8.68E-03 0.00E+00 1.03E-03  5.845748E-06  8.223034E-05  1.398156E-04     1.00
 8.1600000E+03  -3.350000E-02  4.438002E-02  0.000000E+00  7.746508E-08       82
   1.23E-03     -8.466991E-03 -2.542697E-03  7.727790E-05  6.027249E-05 2.03E-05
   9.40E-03 0.00E+00 1.07E-03  5.868828E-06  8.240588E-05  1.400132E-04     1.00
 8.1700000E+03  -3.355000E-02  4.448693E-02  0.000000E+00  8.886294E-08       82
   1.16E-03     -8.457111E-03 -2.542678E-03  7.412202E-05  6.023571E-05 1.70E-05
   1.00E-02 0.00E+00 1.09E-03  5.895287E-06  8.258416E-05  1.401924E-04     1.00
 8.1800000E+03  -3.360000E-02  4.460188E-02  0.000000E+00  1.010986E-07       82
   1.17E-03     -8.443761E-03 -2.542765E-03  7.308609E-05  6.016188E-05 7.77E-05
   1.05E-02 0.00E+00 1.12E-03  5.925466E-06  8.277463E-05  1.403513E-04     1.00
 8.1900000E+03  -3.365000E-02  4.472043E-02  0.000000E+00  1.135470E-07       82
   1.28E-03     -8.429604E-03 -2.543312E-03  7.409388E-05  6.007035E-05 4.63E-05
   1.07E-02 0.00E+00 1.15E-03  5.959525E-06  8.296930E-05  1.405007E-04     1.00
 8.2000000E+03  -3.370000E-02  4.483886E-02  0.000000E+00  1.251527E-07       82
   1.42E-03     -8.413964E-03 -2.542859E-03  7.735877E-05  5.997536E-05 1.85E-05
   1.07E-02 0.00E+00 1.22E-03  5.997396E-06  8.316394E-05  1.406497E-04     1.00
 8.2100000E+03  -3.375000E-02  4.495668E-02  0.000000E+00  1.357599E-07       82
   1.42E-03     -8.397892E-03 -2.542768E-03  8.097777E-05  5.987206E-05 7.03E-06
   1.07E-02 0.00E+00 1.30E-03  6.038779E-06  8.336511E-05  1.407993E-04     1.00
 8.2200000E+03  -3.380000E-02  4.508294E-02  0.000000E+00  1.455839E-07       81
   1.59E-03     -8.380850E-03 -2.542769E-03  8.314449E-05  5.971921E-05 1.14E-05
   1.08E-02 0.00E+00 1.36E-03  6.083389E-06  8.359182E-05  1.409275E-04     1.00
 8.2300000E+03  -3.385000E-02  4.521628E-02  0.000000E+00  1.551426E-07       80
   1.74E-03     -8.361931E-03 -2.543168E-03  8.334577E-05  5.952060E-05 8.52E-05
   1.12E-02 0.00E+00 1.45E-03  6.131103E-06  8.384319E-05  1.410374E-04     1.00
 8.2400000E+03  -3.390000E-02  4.536121E-02  0.000000E+00  1.644432E-07       79
   1.94E-03     -8.342625E-03 -2.541600E-03  8.472886E-05  5.928194E-05 2.45E-05
   1.14E-02 0.00E+00 1.55E-03  6.181914E-06  8.410241E-05  1.411179E-04     1.00
 8.2500000E+03  -3.395000E-02  4.551134E-02  0.000000E+00  1.732698E-07       79
   2.04E-03     -8.316526E-03 -2.543149E-03  8.854778E-05  5.901617E-05 1.13E-04
   1.15E-02 0.00E+00 1.68E-03  6.235796E-06  8.437224E-05  1.411845E-04     1.00
 8.2600000E+03  -3.400000E-02  4.567730E-02  0.000000E+00  1.809421E-07       80
   2.01E-03     -8.282757E-03 -2.542681E-03  9.325852E-05  5.869314E-05 6.68E-06
   1.15E-02 0.00E+00 1.80E-03  6.292415E-06  8.465738E-05  1.412108E-04     1.00
 8.2700000E+03  -3.405000E-02  4.584363E-02  0.000000E+00  1.868895E-07       79
   2.02E-03     -8.245274E-03 -2.542699E-03  1.002327E-04  5.836764E-05 7.71E-06
   1.13E-02 0.00E+00 1.88E-03  6.351323E-06  8.494170E-05  1.412343E-04     1.00
 8.2800000E+03  -3.410000E-02  4.602027E-02  0.000000E+00  1.895043E-07       80
   2.40E-03     -8.214476E-03 -2.538537E-03  1.096510E-04  5.800926E-05 1.62E-04
   1.14E-02 0.00E+00 1.94E-03  6.411718E-06  8.523359E-05  1.412308E-04     1.00
 8.2900000E+03  -3.415000E-02  4.619200E-02  0.000000E+00  1.815344E-07       80
   3.48E-03     -8.193222E-03 -2.542702E-03  1.256278E-04  5.768439E-05 7.89E-06
   1.14E-02 0.00E+00 1.81E-03  6.470837E-06  8.551462E-05  1.412382E-04     1.00
 8.3000000E+03  -3.420000E-02  4.636321E-02  0.000000E+00  1.671280E-07       80
   3.24E-03     -8.175243E-03 -2.542752E-03  1.398999E-04  5.736721E-05 2.85E-06
   1.14E-02 0.00E+00 1.65E-03  6.526041E-06  8.579841E-05  1.412459E-04     1.00
 8.3100000E+03  -3.425000E-02  4.653237E-02  0.000000E+00  1.503110E-07       80
   3.17E-03     -8.165260E-03 -2.542539E-03  1.575651E-04  5.704307E-05 4.08E-05
   1.12E-02 0.00E+00 1.57E-03  6.576153E-06  8.610098E-05  1.412579E-04     1.00
 8.3200000E+03  -3.430000E-02  4.668725E-02  0.000000E+00  1.328494E-07       80
   3.15E-03     -8.159727E-03 -2.542942E-03  1.763059E-04  5.673544E-05 1.73E-05
   9.99E-03 0.00E+00 1.59E-03  6.621040E-06  8.642787E-05  1.413048E-04     1.00
 8.3300000E+03  -3.435000E-02  4.683560E-02  0.000000E+00  1.145925E-07       80
   2.89E-03     -8.152985E-03 -2.542592E-03  1.939637E-04  5.643497E-05 2.68E-05
   9.46E-03 0.00E+00 1.60E-03  6.660320E-06  8.676968E-05  1.413675E-04     1.00
 8.3400000E+03  -3.440000E-02  4.696699E-02  0.000000E+00  9.883831E-08       80
   2.74E-03     -8.142841E-03 -2.542521E-03  2.062682E-04  5.616454E-05 1.09E-05
   1.01E-02 0.00E+00 1.58E-03  6.694285E-06  8.712559E-05  1.414714E-04     1.00
 8.3500000E+03  -3.445000E-02  4.709096E-02  0.000000E+00  8.800652E-08       82
   2.66E-03     -8.132419E-03 -2.542498E-03  2.164447E-04  5.590214E-05 1.78E-05
   1.08E-02 0.00E+00 1.58E-03  6.724239E-06  8.749037E-05  1.415931E-04     1.00
 8.3600000E+03  -3.450000E-02  4.720237E-02  0.000000E+00  7.848907E-08       80
   2.52E-03     -8.119933E-03 -2.542678E-03  2.268579E-04  5.568174E-05 2.25E-05
   9.58E-03 0.00E+00 1.55E-03  6.751025E-06  8.784533E-05  1.417450E-04     1.00
 8.3700000E+03  -3.455000E-02  4.730155E-02  0.000000E+00  6.886301E-08       81
   2.32E-03     -8.110488E-03 -2.543110E-03  2.336539E-04  5.551364E-05 3.17E-04
   8.77E-03 0.00E+00 1.46E-03  6.774756E-06  8.818064E-05  1.419265E-04     1.00
 8.3800000E+03  -3.460000E-02  4.740262E-02  0.000000E+00  6.044328E-08       82
   2.47E-03     -8.103399E-03 -2.542498E-03  2.399583E-04  5.536255E-05 4.23E-05
   8.61E-03 0.00E+00 1.42E-03  6.795559E-06  8.849565E-05  1.421029E-04     1.00
 8.3900000E+03  -3.465000E-02  4.749655E-02  0.000000E+00  5.412700E-08       82
   2.07E-03     -8.099633E-03 -2.542633E-03  2.509736E-04  5.526966E-05 6.51E-06
   8.51E-03 0.00E+00 1.34E-03  6.814050E-06  8.876996E-05  1.422967E-04     1.00
 8.4000000E+03  -3.470000E-02  4.758548E-02  0.000000E+00  4.877866E-08       82
   1.82E-03     -8.100567E-03 -2.542702E-03  2.624586E-04  5.524486E-05 7.44E-06
   8.21E-03 0.00E+00 1.20E-03  6.830587E-06  8.898946E-05  1.425026E-04     1.00
 8.4100000E+03  -3.475000E-02  4.767237E-02  0.000000E+00  4.445352E-08       81
   1.83E-03     -8.104623E-03 -2.542790E-03  2.708165E-04  5.527124E-05 1.14E-05
   7.64E-03 0.00E+00 1.10E-03  6.845523E-06  8.916356E-05  1.427138E-04     1.00
 8.4200000E+03  -3.480000E-02  4.776078E-02  0.000000E+00  4.068114E-08       81
   1.68E-03     -8.110550E-03 -2.542668E-03  2.774177E-04  5.532604E-05 7.57E-07
   6.30E-03 0.00E+00 1.03E-03  6.859178E-06  8.930652E-05  1.429215E-04     1.00
 8.4300000E+03  -3.485000E-02  4.785049E-02  0.000000E+00  3.654370E-08       81
   1.47E-03     -8.115203E-03 -2.542837E-03  2.847785E-04  5.539288E-05 1.70E-05
   5.72E-03 0.00E+00 9.73E-04  6.871553E-06  8.943624E-05  1.431264E-04     1.00
 8.4400000E+03  -3.490000E-02  4.794890E-02  0.000000E+00  3.309700E-08       81
   1.49E-03     -8.118916E-03 -2.542530E-03  2.916431E-04  5.543512E-05 1.76E-05
   6.51E-03 0.00E+00 9.47E-04  6.882691E-06  8.957004E-05  1.433101E-04     1.00
 8.4500000E+03  -3.495000E-02  4.805190E-02  0.000000E+00  3.125672E-08       80
   1.47E-03     -8.121270E-03 -2.542698E-03  3.002716E-04  5.546444E-05 1.89E-05
   6.68E-03 0.00E+00 9.31E-04  6.893066E-06  8.970490E-05  1.434829E-04     1.00
 8.4600000E+03  -3.500000E-02  4.816178E-02  0.000000E+00  2.974200E-08       80
   1.31E-03     -8.124111E-03 -2.542716E-03  3.093490E-04  5.547796E-05 3.44E-06
   5.78E-03 0.00E+00 8.90E-04  6.902946E-06  8.983902E-05  1.436389E-04     1.00
 8.4700000E+03  -3.505000E-02  4.827681E-02  0.000000E+00  2.775285E-08       80
   1.29E-03     -8.128624E-03 -2.542738E-03  3.161445E-04  5.548100E-05 1.74E-05
   5.06E-03 0.00E+00 8.36E-04  6.912245E-06  8.997230E-05  1.437826E-04     1.00
 8.4800000E+03  -3.510000E-02  4.839594E-02  0.000000E+00  2.603271E-08       81
   1.36E-03     -8.133999E-03 -2.542705E-03  3.222900E-04  5.547811E-05 7.20E-06
   5.12E-03 0.00E+00 8.23E-04  6.920949E-06  9.010209E-05  1.439165E-04     1.00
 8.4900000E+03  -3.515000E-02  4.851309E-02  0.000000E+00  2.507680E-08       81
   1.24E-03     -8.139531E-03 -2.542645E-03  3.265109E-04  5.549146E-05 9.78E-06
   5.20E-03 0.00E+00 8.37E-04  6.929261E-06  9.022050E-05  1.440556E-04     1.00
 8.5000000E+03  -3.520000E-02  4.862730E-02  0.000000E+00  2.442453E-08       81
   1.09E-03     -8.144225E-03 -2.542477E-03  3.306110E-04  5.552427E-05 2.14E-04
   4.86E-03 0.00E+00 8.24E-04  6.937332E-06  9.032697E-05  1.442023E-04     1.00
 8.5100000E+03  -3.525000E-02  4.873056E-02  0.000000E+00  2.365387E-08       81
   9.29E-04     -8.150092E-03 -2.543349E-03  3.346257E-04  5.559142E-05 2.35E-05
   4.67E-03 0.00E+00 8.01E-04  6.945158E-06  9.042666E-05  1.443762E-04     1.00
 8.5200000E+03  -3.530000E-02  4.882951E-02  0.000000E+00  2.301360E-08       81
   8.24E-04     -8.157901E-03 -2.542609E-03  3.390565E-04  5.566922E-05 1.66E-05
   4.75E-03 0.00E+00 7.53E-04  6.952705E-06  9.052679E-05  1.445611E-04     1.00
 8.5300000E+03  -3.535000E-02  4.892088E-02  0.000000E+00  2.306345E-08       81
   8.22E-04     -8.166878E-03 -2.542691E-03  3.440405E-04  5.576252E-05 3.61E-06
   4.94E-03 0.00E+00 7.08E-04  6.960113E-06  9.063000E-05  1.447650E-04     1.00
 8.5400000E+03  -3.540000E-02  4.900777E-02  0.000000E+00  2.396183E-08       81
   8.45E-04     -8.176866E-03 -2.542821E-03  3.492612E-04  5.585986E-05 1.28E-05
   5.11E-03 0.00E+00 6.80E-04  6.967654E-06  9.073969E-05  1.449805E-04     1.00
 8.5500000E+03  -3.545000E-02  4.909094E-02  0.000000E+00  2.540106E-08       81
   8.60E-04     -8.188420E-03 -2.542661E-03  3.558358E-04  5.595720E-05 6.78E-06
   5.18E-03 0.00E+00 6.82E-04  6.975574E-06  9.085823E-05  1.452057E-04     1.00
 8.5600000E+03  -3.550000E-02  4.917094E-02  0.000000E+00  2.712907E-08       81
   8.71E-04     -8.200084E-03 -2.542696E-03  3.613033E-04  5.605313E-05 1.60E-06
   5.34E-03 0.00E+00 7.05E-04  6.984006E-06  9.098582E-05  1.454394E-04     1.00
 8.5700000E+03  -3.555000E-02  4.925047E-02  0.000000E+00  2.893016E-08       81
   8.37E-04     -8.210578E-03 -2.542680E-03  3.658712E-04  5.614373E-05 6.66E-06
   5.42E-03 0.00E+00 7.15E-04  6.992997E-06  9.111989E-05  1.456748E-04     1.00
 8.5800000E+03  -3.560000E-02  4.933138E-02  0.000000E+00  3.043943E-08       81
   8.54E-04     -8.218549E-03 -2.542722E-03  3.702343E-04  5.622984E-05 2.91E-06
   5.22E-03 0.00E+00 7.30E-04  7.002511E-06  9.125534E-05  1.459074E-04     1.00
 8.5900000E+03  -3.565000E-02  4.941162E-02  0.000000E+00  3.135130E-08       80
   8.80E-04     -8.224256E-03 -2.545558E-03  3.735818E-04  5.631451E-05 2.46E-05
   4.87E-03 0.00E+00 7.60E-04  7.012424E-06  9.139448E-05  1.461420E-04     1.00
 8.6000000E+03  -3.570000E-02  4.950612E-02  0.000000E+00  3.135023E-08       80
   9.00E-04     -8.228032E-03 -2.542699E-03  3.769495E-04  5.636066E-05 2.91E-06
   4.50E-03 0.00E+00 7.82E-04  7.022491E-06  9.153815E-05  1.463419E-04     1.00
 8.6100000E+03  -3.575000E-02  4.959908E-02  0.000000E+00  3.069480E-08       80
   8.89E-04     -8.232006E-03 -2.542753E-03  3.804307E-04  5.640429E-05 9.63E-06
   4.33E-03 0.00E+00 7.94E-04  7.032455E-06  9.168918E-05  1.465458E-04     1.00
 8.6200000E+03  -3.580000E-02  4.969488E-02  0.000000E+00  2.992693E-08       80
   8.77E-04     -8.235615E-03 -2.542935E-03  3.826314E-04  5.643937E-05 2.47E-04
   4.34E-03 0.00E+00 8.00E-04  7.042199E-06  9.184239E-05  1.467431E-04     1.00
 8.6300000E+03  -3.585000E-02  4.979434E-02  0.000000E+00  2.927698E-08       80
   8.66E-04     -8.237941E-03 -2.542616E-03  3.841197E-04  5.646727E-05 6.65E-04
   4.42E-03 0.00E+00 8.13E-04  7.051736E-06  9.199405E-05  1.469316E-04     1.00
 8.6400000E+03  -3.590000E-02  4.989552E-02  0.000000E+00  2.908096E-08       80
   8.89E-04     -8.239945E-03 -2.542700E-03  3.851491E-04  5.649394E-05 3.32E-06
   4.56E-03 0.00E+00 8.28E-04  7.061160E-06  9.214258E-05  1.471160E-04     1.00
 8.6500000E+03  -3.595000E-02  4.999827E-02  0.000000E+00  2.932989E-08       80
   8.88E-04     -8.241009E-03 -2.542666E-03  3.855948E-04  5.652165E-05 5.59E-06
   4.70E-03 0.00E+00 8.33E-04  7.070608E-06  9.228593E-05  1.472967E-04     1.00
 8.6600000E+03  -3.600000E-02  5.010070E-02  0.000000E+00  2.985680E-08       80
   9.14E-04     -8.241865E-03 -2.542706E-03  3.846556E-04  5.655418E-05 2.89E-06
   4.72E-03 0.00E+00 8.48E-04  7.080210E-06  9.242488E-05  1.474783E-04     1.00
 8.6700000E+03  -3.605000E-02  5.020363E-02  0.000000E+00  3.046063E-08       80
   8.92E-04     -8.243155E-03 -2.542651E-03  3.822729E-04  5.659173E-05 6.54E-06
   4.66E-03 0.00E+00 8.53E-04  7.090006E-06  9.255745E-05  1.476588E-04     1.00
 8.6800000E+03  -3.610000E-02  5.030832E-02  0.000000E+00  3.092157E-08       80
   8.49E-04     -8.244611E-03 -2.542660E-03  3.799443E-04  5.663126E-05 3.43E-07
   4.58E-03 0.00E+00 8.57E-04  7.099972E-06  9.268381E-05  1.478351E-04     1.00
 8.6900000E+03  -3.615000E-02  5.041368E-02  0.000000E+00  3.118970E-08       80
   8.56E-04     -8.246370E-03 -2.542727E-03  3.774041E-04  5.667821E-05 2.17E-06
   4.55E-03 0.00E+00 8.49E-04  7.110041E-06  9.280135E-05  1.480100E-04     1.00
 8.7000000E+03  -3.620000E-02  5.052045E-02  0.000000E+00  3.136792E-08       80
   8.44E-04     -8.248710E-03 -2.542726E-03  3.752708E-04  5.672788E-05 1.03E-05
   4.66E-03 0.00E+00 8.43E-04  7.120163E-06  9.291290E-05  1.481815E-04     1.00
 8.7100000E+03  -3.625000E-02  5.062816E-02  0.000000E+00  3.167273E-08       80
   8.44E-04     -8.252017E-03 -2.542653E-03  3.737408E-04  5.677933E-05 1.74E-06
   4.81E-03 0.00E+00 8.40E-04  7.130349E-06  9.302038E-05  1.483509E-04     1.00
 8.7200000E+03  -3.630000E-02  5.073647E-02  0.000000E+00  3.227697E-08       79
   8.85E-04     -8.256175E-03 -2.542697E-03  3.727174E-04  5.683171E-05 2.48E-06
   4.84E-03 0.00E+00 8.38E-04  7.140680E-06  9.312529E-05  1.485191E-04     1.00
 8.7300000E+03  -3.635000E-02  5.084550E-02  0.000000E+00  3.311028E-08       79
   9.34E-04     -8.261088E-03 -2.542714E-03  3.719845E-04  5.688672E-05 5.20E-06
   4.80E-03 0.00E+00 8.62E-04  7.151266E-06  9.322561E-05  1.486858E-04     1.00
 8.7400000E+03  -3.640000E-02  5.095587E-02  0.000000E+00  3.402518E-08       80
   9.56E-04     -8.266657E-03 -2.542721E-03  3.711354E-04  5.694276E-05 5.13E-06
   4.75E-03 0.00E+00 8.98E-04  7.162162E-06  9.332156E-05  1.488496E-04     1.00
 8.7500000E+03  -3.645000E-02  5.107166E-02  0.000000E+00  3.444695E-08       81
   1.04E-03     -8.271772E-03 -2.542725E-03  3.697885E-04  5.699090E-05 2.14E-06
   4.65E-03 0.00E+00 9.31E-04  7.173309E-06  9.341270E-05  1.490005E-04     1.00
 8.7600000E+03  -3.650000E-02  5.118809E-02  0.000000E+00  3.390154E-08       81
   1.06E-03     -8.276939E-03 -2.542670E-03  3.681333E-04  5.703950E-05 1.68E-05
   4.49E-03 0.00E+00 9.37E-04  7.184412E-06  9.350316E-05  1.491501E-04     1.00
 8.7700000E+03  -3.655000E-02  5.130312E-02  0.000000E+00  3.286358E-08       81
   1.02E-03     -8.282278E-03 -2.542092E-03  3.669301E-04  5.709309E-05 2.09E-05
   4.34E-03 0.00E+00 9.32E-04  7.195247E-06  9.359316E-05  1.493035E-04     1.00
 8.7800000E+03  -3.660000E-02  5.140941E-02  0.000000E+00  3.158440E-08       80
   1.07E-03     -8.288257E-03 -2.542728E-03  3.667229E-04  5.715837E-05 5.57E-06
   4.15E-03 0.00E+00 9.21E-04  7.205714E-06  9.369385E-05  1.494787E-04     1.00
 8.7900000E+03  -3.665000E-02  5.151283E-02  0.000000E+00  3.012060E-08       80
   1.11E-03     -8.294831E-03 -2.542304E-03  3.695766E-04  5.722111E-05 3.31E-06
   4.01E-03 0.00E+00 9.34E-04  7.215774E-06  9.380507E-05  1.496612E-04     1.00
 8.8000000E+03  -3.670000E-02  5.160931E-02  0.000000E+00  2.868337E-08       81
   1.13E-03     -8.302654E-03 -2.542647E-03  3.722173E-04  5.730568E-05 9.16E-06
   4.22E-03 0.00E+00 9.50E-04  7.225391E-06  9.391231E-05  1.498613E-04     1.00
 8.8100000E+03  -3.675000E-02  5.170351E-02  0.000000E+00  2.776003E-08       80
   1.08E-03     -8.311234E-03 -2.542708E-03  3.721850E-04  5.740083E-05 1.94E-06
   4.56E-03 0.00E+00 9.54E-04  7.234649E-06  9.401490E-05  1.500673E-04     1.00
 8.8200000E+03  -3.680000E-02  5.179916E-02  0.000000E+00  2.753141E-08       81
   1.07E-03     -8.320703E-03 -2.542692E-03  3.718651E-04  5.749597E-05 1.74E-06
   4.85E-03 0.00E+00 9.54E-04  7.243742E-06  9.411393E-05  1.502704E-04     1.00
 8.8300000E+03  -3.685000E-02  5.189739E-02  0.000000E+00  2.805947E-08       81
   1.07E-03     -8.330431E-03 -2.542859E-03  3.697651E-04  5.758301E-05 2.68E-05
   5.14E-03 0.00E+00 9.45E-04  7.252892E-06  9.421452E-05  1.504677E-04     1.00
 8.8400000E+03  -3.690000E-02  5.200476E-02  0.000000E+00  2.916168E-08       81
   1.11E-03     -8.337335E-03 -2.542698E-03  3.704580E-04  5.763142E-05 2.31E-06
   5.23E-03 0.00E+00 9.47E-04  7.262318E-06  9.433099E-05  1.506431E-04     1.00
 8.8500000E+03  -3.695000E-02  5.211668E-02  0.000000E+00  3.077028E-08       81
   1.12E-03     -8.341291E-03 -2.542867E-03  3.730139E-04  5.765916E-05 9.35E-06
   5.56E-03 0.00E+00 9.60E-04  7.272186E-06  9.445641E-05  1.508077E-04     1.00
 8.8600000E+03  -3.700000E-02  5.223635E-02  0.000000E+00  3.288017E-08       80
   1.30E-03     -8.340050E-03 -2.542725E-03  3.781468E-04  5.765939E-05 1.00E-05
   5.67E-03 0.00E+00 9.95E-04  7.282692E-06  9.458938E-05  1.509534E-04     1.00
 8.8700000E+03  -3.705000E-02  5.236080E-02  0.000000E+00  3.520340E-08       80
   1.34E-03     -8.335646E-03 -2.542765E-03  3.855075E-04  5.764148E-05 5.58E-06
   5.75E-03 0.00E+00 1.05E-03  7.293992E-06  9.472770E-05  1.510874E-04     1.00
 8.8800000E+03  -3.710000E-02  5.248988E-02  0.000000E+00  3.747327E-08       80
   1.42E-03     -8.329902E-03 -2.542705E-03  3.921652E-04  5.760483E-05 9.89E-06
   5.71E-03 0.00E+00 1.12E-03  7.306122E-06  9.487244E-05  1.512099E-04     1.00
 8.8900000E+03  -3.715000E-02  5.262207E-02  0.000000E+00  3.938250E-08       79
   1.30E-03     -8.324229E-03 -2.542768E-03  3.986651E-04  5.755935E-05 8.71E-06
   5.63E-03 0.00E+00 1.17E-03  7.318978E-06  9.501775E-05  1.513244E-04     1.00
 8.9000000E+03  -3.720000E-02  5.276132E-02  0.000000E+00  4.082987E-08       79
   1.31E-03     -8.319445E-03 -2.542735E-03  4.039076E-04  5.749211E-05 2.10E-05
   5.46E-03 0.00E+00 1.20E-03  7.332397E-06  9.516726E-05  1.514215E-04     1.00
 8.9100000E+03  -3.725000E-02  5.290404E-02  0.000000E+00  4.203634E-08       79
   1.18E-03     -8.312053E-03 -2.542802E-03  4.099223E-04  5.741597E-05 1.79E-05
   5.59E-03 0.00E+00 1.20E-03  7.346183E-06  9.531681E-05  1.515099E-04     1.00
 8.9200000E+03  -3.730000E-02  5.305051E-02  0.000000E+00  4.330389E-08       79
   1.15E-03     -8.301180E-03 -2.542660E-03  4.167791E-04  5.733370E-05 1.85E-06
   5.67E-03 0.00E+00 1.19E-03  7.360343E-06  9.546247E-05  1.515887E-04     1.00
 8.9300000E+03  -3.735000E-02  5.319677E-02  0.000000E+00  4.461957E-08       79
   1.20E-03     -8.289137E-03 -2.542674E-03  4.239915E-04  5.725630E-05 6.72E-07
   5.72E-03 0.00E+00 1.18E-03  7.374885E-06  9.560281E-05  1.516675E-04     1.00
 8.9400000E+03  -3.740000E-02  5.334532E-02  0.000000E+00  4.600546E-08       78
   1.30E-03     -8.276674E-03 -2.542725E-03  4.301959E-04  5.717666E-05 5.72E-06
   5.67E-03 0.00E+00 1.18E-03  7.389855E-06  9.573871E-05  1.517401E-04     1.00
 8.9500000E+03  -3.745000E-02  5.349738E-02  0.000000E+00  4.771922E-08       78
   1.34E-03     -8.263765E-03 -2.542822E-03  4.353276E-04  5.708804E-05 2.30E-05
   5.93E-03 0.00E+00 1.21E-03  7.405337E-06  9.587360E-05  1.518035E-04     1.00
 8.9600000E+03  -3.750000E-02  5.365340E-02  0.000000E+00  4.993752E-08       78
   1.30E-03     -8.249694E-03 -2.542880E-03  4.402553E-04  5.699132E-05 1.83E-05
   6.22E-03 0.00E+00 1.23E-03  7.421468E-06  9.600514E-05  1.518567E-04     1.00
 8.9700000E+03  -3.755000E-02  5.380917E-02  0.000000E+00  5.246209E-08       78
   1.30E-03     -8.235380E-03 -2.542731E-03  4.444714E-04  5.689574E-05 4.85E-06
   6.41E-03 0.00E+00 1.26E-03  7.438357E-06  9.613440E-05  1.519097E-04     1.00
 8.9800000E+03  -3.760000E-02  5.396271E-02  0.000000E+00  5.545154E-08       78
   1.33E-03     -8.221910E-03 -2.542692E-03  4.479574E-04  5.680630E-05 3.61E-06
   6.59E-03 0.00E+00 1.28E-03  7.456143E-06  9.626098E-05  1.519676E-04     1.00
 8.9900000E+03  -3.765000E-02  5.411557E-02  0.000000E+00  5.870904E-08       78
   1.33E-03     -8.209130E-03 -2.542497E-03  4.505242E-04  5.671900E-05 5.00E-06
   6.65E-03 0.00E+00 1.31E-03  7.474949E-06  9.638521E-05  1.520265E-04     1.00
 9.0000000E+03  -3.770000E-02  5.426964E-02  0.000000E+00  6.213568E-08       78
   1.36E-03     -8.196099E-03 -2.542688E-03  4.526776E-04  5.662775E-05 1.75E-05
   6.76E-03 0.00E+00 1.34E-03  7.494846E-06  9.650854E-05  1.520819E-04     1.00
 9.0100000E+03  -3.775000E-02  5.442843E-02  0.000000E+00  6.566341E-08       77
   1.40E-03     -8.183087E-03 -2.542773E-03  4.538365E-04  5.652414E-05 1.46E-05
   6.88E-03 0.00E+00 1.37E-03  7.515877E-06  9.663086E-05  1.521251E-04     1.00
 9.0200000E+03  -3.780000E-02  5.459168E-02  0.000000E+00  6.866639E-08       77
   1.38E-03     -8.170387E-03 -2.542718E-03  4.538867E-04  5.640993E-05 1.36E-05
   6.91E-03 0.00E+00 1.40E-03  7.537970E-06  9.675172E-05  1.521568E-04     1.00
 9.0300000E+03  -3.785000E-02  5.475760E-02  0.000000E+00  7.102315E-08       77
   1.35E-03     -8.156986E-03 -2.542652E-03  4.537793E-04  5.629098E-05 3.97E-06
   6.88E-03 0.00E+00 1.41E-03  7.560895E-06  9.686999E-05  1.521813E-04     1.00
 9.0400000E+03  -3.790000E-02  5.493031E-02  0.000000E+00  7.195399E-08       78
   1.97E-03     -8.144939E-03 -2.542392E-03  4.504465E-04  5.615698E-05 1.05E-05
   6.77E-03 0.00E+00 1.42E-03  7.584383E-06  9.698685E-05  1.521886E-04     1.00
 9.0500000E+03  -3.795000E-02  5.509239E-02  0.000000E+00  7.301202E-08       78
   3.59E-03     -8.128786E-03 -2.543140E-03  4.512031E-04  5.604982E-05 1.80E-05
   6.29E-03 0.00E+00 1.50E-03  7.608248E-06  9.710184E-05  1.522213E-04     1.00
 9.0600000E+03  -3.800000E-02  5.526376E-02  0.000000E+00  7.408880E-08       77
   2.66E-03     -8.114469E-03 -2.542229E-03  4.497550E-04  5.591767E-05 4.04E-05
   7.44E-03 0.00E+00 1.55E-03  7.632532E-06  9.721792E-05  1.522306E-04     1.00
 9.0700000E+03  -3.805000E-02  5.542618E-02  0.000000E+00  7.526511E-08       77
   2.58E-03     -8.101150E-03 -2.542623E-03  4.508439E-04  5.581441E-05 1.38E-05
   7.20E-03 0.00E+00 1.55E-03  7.657158E-06  9.732594E-05  1.522611E-04     1.00
 9.0800000E+03  -3.810000E-02  5.559453E-02  0.000000E+00  7.674231E-08       78
   2.34E-03     -8.087651E-03 -2.542632E-03  4.468082E-04  5.567819E-05 1.28E-04
   7.36E-03 0.00E+00 1.52E-03  7.682143E-06  9.745114E-05  1.522765E-04     1.00
 9.0900000E+03  -3.815000E-02  5.575421E-02  0.000000E+00  7.784492E-08       78
   2.82E-03     -8.072742E-03 -2.542907E-03  4.474753E-04  5.556482E-05 2.75E-05
   6.95E-03 0.00E+00 1.57E-03  7.707580E-06  9.757400E-05  1.523125E-04     1.00
 9.1000000E+03  -3.820000E-02  5.592013E-02  0.000000E+00  7.919816E-08       77
   2.49E-03     -8.056890E-03 -2.542344E-03  4.482218E-04  5.540886E-05 1.06E-04
   7.25E-03 0.00E+00 1.66E-03  7.733591E-06  9.772261E-05  1.523325E-04     1.00
 9.1100000E+03  -3.825000E-02  5.607901E-02  0.000000E+00  8.035462E-08       79
   2.22E-03     -8.044690E-03 -2.542639E-03  4.502810E-04  5.527366E-05 2.21E-06
   7.58E-03 0.00E+00 1.65E-03  7.759991E-06  9.786680E-05  1.523690E-04     1.00
 9.1200000E+03  -3.830000E-02  5.623173E-02  0.000000E+00  8.046900E-08       80
   3.52E-03     -8.037918E-03 -2.542820E-03  4.501061E-04  5.513982E-05 1.99E-05
   7.14E-03 0.00E+00 1.72E-03  7.786633E-06  9.802501E-05  1.524202E-04     1.00
 9.1300000E+03  -3.835000E-02  5.637819E-02  0.000000E+00  7.813215E-08       79
   3.83E-03     -8.032475E-03 -2.542720E-03  4.535971E-04  5.503369E-05 2.77E-06
   7.89E-03 0.00E+00 1.63E-03  7.812746E-06  9.817361E-05  1.524864E-04     1.00
 9.1400000E+03  -3.840000E-02  5.651939E-02  0.000000E+00  7.537887E-08       80
   3.51E-03     -8.031068E-03 -2.542592E-03  4.552973E-04  5.493533E-05 2.65E-05
   8.16E-03 0.00E+00 1.69E-03  7.838065E-06  9.832841E-05  1.525655E-04     1.00
 9.1500000E+03  -3.845000E-02  5.664999E-02  0.000000E+00  7.308171E-08       80
   3.23E-03     -8.029722E-03 -2.542260E-03  4.562938E-04  5.488782E-05 2.52E-05
   8.16E-03 0.00E+00 1.59E-03  7.862435E-06  9.845877E-05  1.526704E-04     1.00
 9.1600000E+03  -3.850000E-02  5.676764E-02  0.000000E+00  7.132298E-08       79
   2.73E-03     -8.031311E-03 -2.542077E-03  4.524541E-04  5.488081E-05 2.51E-05
   7.95E-03 0.00E+00 1.50E-03  7.885946E-06  9.858062E-05  1.528071E-04     1.00
 9.1700000E+03  -3.855000E-02  5.687046E-02  0.000000E+00  6.973308E-08       80
   2.87E-03     -8.039157E-03 -2.542633E-03  4.472963E-04  5.494554E-05 3.18E-05
   7.41E-03 0.00E+00 1.43E-03  7.908863E-06  9.866778E-05  1.529803E-04     1.00
 9.1800000E+03  -3.860000E-02  5.696452E-02  0.000000E+00  6.858351E-08       80
   2.79E-03     -8.051129E-03 -2.543351E-03  4.421817E-04  5.503699E-05 4.47E-04
   7.33E-03 0.00E+00 1.44E-03  7.931390E-06  9.874994E-05  1.531753E-04     1.00
 9.1900000E+03  -3.865000E-02  5.705204E-02  0.000000E+00  6.821094E-08       80
   2.52E-03     -8.068208E-03 -2.543233E-03  4.383682E-04  5.514619E-05 6.56E-05
   7.31E-03 0.00E+00 1.44E-03  7.953715E-06  9.883076E-05  1.533873E-04     1.00
 9.2000000E+03  -3.870000E-02  5.714792E-02  0.000000E+00  6.833815E-08       80
   2.31E-03     -8.082168E-03 -2.542658E-03  4.321626E-04  5.522741E-05 2.38E-05
   7.48E-03 0.00E+00 1.41E-03  7.975982E-06  9.891960E-05  1.535797E-04     1.00
 9.2100000E+03  -3.875000E-02  5.724818E-02  0.000000E+00  6.914821E-08       80
   2.23E-03     -8.089577E-03 -2.542394E-03  4.269336E-04  5.526840E-05 2.18E-04
   7.61E-03 0.00E+00 1.40E-03  7.998385E-06  9.903781E-05  1.537621E-04     1.00
 9.2200000E+03  -3.880000E-02  5.735396E-02  0.000000E+00  7.089675E-08       80
   2.24E-03     -8.093560E-03 -2.542624E-03  4.213387E-04  5.528132E-05 6.78E-06
   7.79E-03 0.00E+00 1.41E-03  8.021212E-06  9.916959E-05  1.539314E-04     1.00
 9.2300000E+03  -3.885000E-02  5.746130E-02  0.000000E+00  7.333232E-08       80
   1.95E-03     -8.092889E-03 -2.542744E-03  4.182750E-04  5.526372E-05 1.65E-06
   8.07E-03 0.00E+00 1.39E-03  8.044666E-06  9.932692E-05  1.540969E-04     1.00
 9.2400000E+03  -3.890000E-02  5.757127E-02  0.000000E+00  7.584553E-08       80
   1.87E-03     -8.089185E-03 -2.542698E-03  4.133190E-04  5.523078E-05 7.46E-07
   7.93E-03 0.00E+00 1.39E-03  8.068906E-06  9.949222E-05  1.542560E-04     1.00
 9.2500000E+03  -3.895000E-02  5.767918E-02  0.000000E+00  7.822734E-08       80
   1.81E-03     -8.086162E-03 -2.542785E-03  4.110364E-04  5.520822E-05 9.29E-06
   7.79E-03 0.00E+00 1.39E-03  8.093902E-06  9.965139E-05  1.544200E-04     1.00
 9.2600000E+03  -3.900000E-02  5.778748E-02  0.000000E+00  8.036569E-08       80
   1.75E-03     -8.083784E-03 -2.542797E-03  4.101829E-04  5.519894E-05 1.52E-05
   7.72E-03 0.00E+00 1.41E-03  8.119618E-06  9.979582E-05  1.545829E-04     1.00
 9.2700000E+03  -3.905000E-02  5.789610E-02  0.000000E+00  8.224101E-08       80
   1.63E-03     -8.082975E-03 -2.542877E-03  4.106374E-04  5.521121E-05 2.33E-05
   7.74E-03 0.00E+00 1.43E-03  8.145991E-06  9.991745E-05  1.547450E-04     1.00
 9.2800000E+03  -3.910000E-02  5.801215E-02  0.000000E+00  8.377506E-08       80
   1.55E-03     -8.080239E-03 -2.542199E-03  4.130245E-04  5.520814E-05 2.65E-05
   7.68E-03 0.00E+00 1.42E-03  8.172849E-06  1.000361E-04  1.548890E-04     1.00
 9.2900000E+03  -3.915000E-02  5.812803E-02  0.000000E+00  8.518558E-08       80
   1.59E-03     -8.077178E-03 -2.542701E-03  4.135127E-04  5.519756E-05 1.69E-05
   7.65E-03 0.00E+00 1.42E-03  8.200141E-06  1.001623E-04  1.550333E-04     1.00
 9.3000000E+03  -3.920000E-02  5.824452E-02  0.000000E+00  8.693473E-08       80
   1.57E-03     -8.074244E-03 -2.542672E-03  4.121045E-04  5.517480E-05 9.70E-06
   7.81E-03 0.00E+00 1.42E-03  8.227916E-06  1.002982E-04  1.551760E-04     1.00
 9.3100000E+03  -3.925000E-02  5.835689E-02  0.000000E+00  8.887756E-08       80
   1.60E-03     -8.071729E-03 -2.542686E-03  4.088307E-04  5.515307E-05 9.50E-06
   7.70E-03 0.00E+00 1.45E-03  8.256323E-06  1.004423E-04  1.553286E-04     1.00
 9.3200000E+03  -3.930000E-02  5.846497E-02  0.000000E+00  9.101148E-08       81
   1.64E-03     -8.069308E-03 -2.542407E-03  4.068978E-04  5.513262E-05 1.42E-04
   7.84E-03 0.00E+00 1.50E-03  8.285425E-06  1.005946E-04  1.554917E-04     1.00
 9.3300000E+03  -3.935000E-02  5.856462E-02  0.000000E+00  9.298585E-08       81
   1.89E-03     -8.068017E-03 -2.542692E-03  4.060200E-04  5.513564E-05 1.78E-06
   8.03E-03 0.00E+00 1.52E-03  8.315208E-06  1.007435E-04  1.556754E-04     1.00
 9.3400000E+03  -3.940000E-02  5.865988E-02  0.000000E+00  9.536104E-08       81
   2.28E-03     -8.065185E-03 -2.542738E-03  4.059904E-04  5.514927E-05 1.14E-05
   7.93E-03 0.00E+00 1.59E-03  8.345842E-06  1.008913E-04  1.558697E-04     1.00
 9.3500000E+03  -3.945000E-02  5.875654E-02  0.000000E+00  9.815537E-08       80
   1.73E-03     -8.063470E-03 -2.542695E-03  4.042519E-04  5.516045E-05 8.18E-06
   8.59E-03 0.00E+00 1.63E-03  8.377331E-06  1.010366E-04  1.560604E-04     1.00
 9.3600000E+03  -3.950000E-02  5.885939E-02  0.000000E+00  1.013613E-07       81
   1.75E-03     -8.062678E-03 -2.542354E-03  4.029047E-04  5.515675E-05 4.06E-05
   8.53E-03 0.00E+00 1.61E-03  8.409721E-06  1.011804E-04  1.562361E-04     1.00
 9.3700000E+03  -3.955000E-02  5.896976E-02  0.000000E+00  1.045282E-07       81
   1.83E-03     -8.059844E-03 -2.542684E-03  3.993023E-04  5.512376E-05 4.90E-07
   8.47E-03 0.00E+00 1.63E-03  8.443131E-06  1.013341E-04  1.563933E-04     1.00
 9.3800000E+03  -3.960000E-02  5.908435E-02  0.000000E+00  1.078351E-07       81
   1.98E-03     -8.052995E-03 -2.542692E-03  3.969343E-04  5.507833E-05 2.67E-05
   8.53E-03 0.00E+00 1.70E-03  8.477697E-06  1.014885E-04  1.565401E-04     1.00
 9.3900000E+03  -3.965000E-02  5.920394E-02  0.000000E+00  1.114355E-07       80
   1.82E-03     -8.045584E-03 -2.542739E-03  3.948561E-04  5.501115E-05 1.77E-05
   8.78E-03 0.00E+00 1.73E-03  8.513415E-06  1.016507E-04  1.566743E-04     1.00
 9.4000000E+03  -3.970000E-02  5.932677E-02  0.000000E+00  1.149174E-07       80
   1.71E-03     -8.037348E-03 -2.542685E-03  3.919846E-04  5.493552E-05 7.66E-07
   8.92E-03 0.00E+00 1.74E-03  8.550233E-06  1.018120E-04  1.568003E-04     1.00
 9.4100000E+03  -3.975000E-02  5.945008E-02  0.000000E+00  1.182952E-07       80
   1.83E-03     -8.029798E-03 -2.542611E-03  3.890512E-04  5.485049E-05 1.91E-05
   8.79E-03 0.00E+00 1.77E-03  8.588168E-06  1.019802E-04  1.569247E-04     1.00
 9.4200000E+03  -3.980000E-02  5.957367E-02  0.000000E+00  1.216922E-07       80
   1.76E-03     -8.023065E-03 -2.542713E-03  3.882352E-04  5.476722E-05 5.54E-06
   8.99E-03 0.00E+00 1.81E-03  8.627202E-06  1.021446E-04  1.570482E-04     1.00
 9.4300000E+03  -3.985000E-02  5.969721E-02  0.000000E+00  1.251050E-07       81
   1.77E-03     -8.017339E-03 -2.542935E-03  3.882877E-04  5.468200E-05 7.32E-06
   9.06E-03 0.00E+00 1.85E-03  8.667337E-06  1.023097E-04  1.571715E-04     1.00
 9.4400000E+03  -3.990000E-02  5.982195E-02  0.000000E+00  1.286529E-07       81
   1.81E-03     -8.010322E-03 -2.542738E-03  3.867891E-04  5.459535E-05 5.60E-06
   9.21E-03 0.00E+00 1.87E-03  8.708572E-06  1.024717E-04  1.572916E-04     1.00
 9.4500000E+03  -3.995000E-02  5.994364E-02  0.000000E+00  1.323031E-07       81
   1.81E-03     -8.002717E-03 -2.542696E-03  3.852871E-04  5.451957E-05 6.69E-06
   9.33E-03 0.00E+00 1.89E-03  8.750967E-06  1.026288E-04  1.574189E-04     1.00
 9.4600000E+03  -4.000000E-02  6.006963E-02  0.000000E+00  1.349154E-07       82
   2.22E-03     -7.995656E-03 -2.541739E-03  3.855778E-04  5.443359E-05 3.66E-04
   9.33E-03 0.00E+00 1.92E-03  8.794485E-06  1.027850E-04  1.575352E-04     1.00
 9.4700000E+03  -4.005000E-02  6.018072E-02  0.000000E+00  1.368051E-07       82
   4.20E-03     -7.986815E-03 -2.542685E-03  3.811159E-04  5.438495E-05 1.77E-05
   9.03E-03 0.00E+00 2.04E-03  8.838711E-06  1.029400E-04  1.576877E-04     1.00
 9.4800000E+03  -4.010000E-02  6.029761E-02  0.000000E+00  1.397276E-07       81
   3.15E-03     -7.980845E-03 -2.542841E-03  3.761693E-04  5.432497E-05 9.46E-05
   9.98E-03 0.00E+00 2.06E-03  8.883887E-06  1.030900E-04  1.578256E-04     1.00
 9.4900000E+03  -4.015000E-02  6.040956E-02  0.000000E+00  1.427967E-07       81
   3.06E-03     -7.973942E-03 -2.542678E-03  3.739992E-04  5.426875E-05 4.83E-05
   9.82E-03 0.00E+00 2.09E-03  8.929968E-06  1.032468E-04  1.579753E-04     1.00
 9.5000000E+03  -4.020000E-02  6.052193E-02  0.000000E+00  1.458814E-07       81
   2.86E-03     -7.967579E-03 -2.542444E-03  3.699498E-04  5.421444E-05 1.91E-05
   1.00E-02 0.00E+00 2.05E-03  8.977016E-06  1.033995E-04  1.581237E-04     1.00
 9.5100000E+03  -4.025000E-02  6.062602E-02  0.000000E+00  1.489236E-07       81
   3.25E-03     -7.960782E-03 -2.542878E-03  3.670157E-04  5.417976E-05 2.20E-05
   9.76E-03 0.00E+00 2.14E-03  9.025136E-06  1.035515E-04  1.582921E-04     1.00
 9.5200000E+03  -4.030000E-02  6.073664E-02  0.000000E+00  1.522751E-07       81
   2.86E-03     -7.952979E-03 -2.542876E-03  3.631955E-04  5.413420E-05 5.12E-05
   1.01E-02 0.00E+00 2.15E-03  9.074338E-06  1.036966E-04  1.584441E-04     1.00
 9.5300000E+03  -4.035000E-02  6.084268E-02  0.000000E+00  1.558255E-07       81
   2.76E-03     -7.943975E-03 -2.542617E-03  3.587907E-04  5.409442E-05 5.66E-06
   1.02E-02 0.00E+00 2.20E-03  9.124643E-06  1.038454E-04  1.586070E-04     1.00
 9.5400000E+03  -4.040000E-02  6.094929E-02  0.000000E+00  1.593158E-07       81
   2.64E-03     -7.936518E-03 -2.542299E-03  3.561982E-04  5.405660E-05 5.37E-05
   1.02E-02 0.00E+00 2.20E-03  9.176047E-06  1.039895E-04  1.587680E-04     1.00
 9.5500000E+03  -4.045000E-02  6.104690E-02  0.000000E+00  1.631357E-07       81
   2.58E-03     -7.932226E-03 -2.542669E-03  3.502962E-04  5.404064E-05 8.37E-06
   1.03E-02 0.00E+00 2.24E-03  9.228686E-06  1.041318E-04  1.589508E-04     1.00
 9.5600000E+03  -4.050000E-02  6.114779E-02  0.000000E+00  1.666634E-07       81
   2.42E-03     -7.926126E-03 -2.542649E-03  3.451833E-04  5.401499E-05 3.42E-05
   1.05E-02 0.00E+00 2.26E-03  9.282482E-06  1.042747E-04  1.591253E-04     1.00
 9.5700000E+03  -4.055000E-02  6.124568E-02  0.000000E+00  1.704888E-07       81
   2.51E-03     -7.919704E-03 -2.542868E-03  3.398961E-04  5.399739E-05 1.58E-05
   1.05E-02 0.00E+00 2.28E-03  9.337480E-06  1.044151E-04  1.593069E-04     1.00
 9.5800000E+03  -4.060000E-02  6.135778E-02  0.000000E+00  1.733324E-07       82
   2.78E-03     -7.910916E-03 -2.543513E-03  3.332996E-04  5.394302E-05 2.91E-05
   1.06E-02 0.00E+00 2.33E-03  9.393576E-06  1.045571E-04  1.594534E-04     1.00
 9.5900000E+03  -4.065000E-02  6.146936E-02  0.000000E+00  1.747984E-07       82
   2.94E-03     -7.904032E-03 -2.542980E-03  3.265715E-04  5.390166E-05 1.82E-05
   1.05E-02 0.00E+00 2.36E-03  9.450457E-06  1.046876E-04  1.596009E-04     1.00
 9.6000000E+03  -4.070000E-02  6.160792E-02  0.000000E+00  1.737823E-07       83
   3.61E-03     -7.895456E-03 -2.542896E-03  3.228256E-04  5.379231E-05 8.34E-06
   1.08E-02 0.00E+00 2.42E-03  9.507572E-06  1.048220E-04  1.596820E-04     1.00
 9.6100000E+03  -4.075000E-02  6.177600E-02  0.000000E+00  1.661264E-07       82
   4.18E-03     -7.875250E-03 -2.542997E-03  3.221477E-04  5.361791E-05 3.77E-04
   1.16E-02 0.00E+00 2.39E-03  9.562958E-06  1.049571E-04  1.596906E-04     1.00
 9.6200000E+03  -4.080000E-02  6.197201E-02  0.000000E+00  1.578756E-07       82
   4.02E-03     -7.844778E-03 -2.542796E-03  3.168251E-04  5.337008E-05 7.15E-06
   1.12E-02 0.00E+00 2.29E-03  9.615628E-06  1.050996E-04  1.596298E-04     1.00
 9.6300000E+03  -4.085000E-02  6.215698E-02  0.000000E+00  1.492929E-07       83
   3.51E-03     -7.821385E-03 -2.542659E-03  3.175720E-04  5.316973E-05 3.17E-05
   1.06E-02 0.00E+00 2.20E-03  9.665487E-06  1.052233E-04  1.595946E-04     1.00
 9.6400000E+03  -4.090000E-02  6.234027E-02  0.000000E+00  1.383788E-07       84
   3.95E-03     -7.806845E-03 -2.542317E-03  3.187674E-04  5.296447E-05 7.42E-05
   1.01E-02 0.00E+00 2.04E-03  9.712021E-06  1.053606E-04  1.595624E-04     1.00
 9.6500000E+03  -4.095000E-02  6.253970E-02  0.000000E+00  1.225848E-07       84
   4.40E-03     -7.786566E-03 -2.543167E-03  3.183857E-04  5.270169E-05 3.49E-05
   9.63E-03 0.00E+00 1.85E-03  9.753898E-06  1.055250E-04  1.594904E-04     1.00
 9.6600000E+03  -4.100000E-02  6.275351E-02  0.000000E+00  1.080661E-07       84
   4.11E-03     -7.755278E-03 -2.542522E-03  3.242326E-04  5.239863E-05 3.84E-05
   1.03E-02 0.00E+00 1.74E-03  9.790830E-06  1.056969E-04  1.593819E-04     1.00
 9.6700000E+03  -4.105000E-02  6.296107E-02  0.000000E+00  9.488909E-08       84
   3.90E-03     -7.723780E-03 -2.542725E-03  3.345070E-04  5.208692E-05 4.35E-05
   8.58E-03 0.00E+00 1.69E-03  9.823453E-06  1.058941E-04  1.592870E-04     1.00
 9.6800000E+03  -4.110000E-02  6.315747E-02  0.000000E+00  8.330167E-08       84
   3.37E-03     -7.696052E-03 -2.542596E-03  3.424146E-04  5.179372E-05 1.80E-04
   8.16E-03 0.00E+00 1.63E-03  9.852199E-06  1.061012E-04  1.592183E-04     1.00
 9.6900000E+03  -4.115000E-02  6.333934E-02  0.000000E+00  7.268422E-08       84
   3.25E-03     -7.670457E-03 -2.542734E-03  3.486286E-04  5.149880E-05 4.52E-05
   7.33E-03 0.00E+00 1.56E-03  9.877298E-06  1.063465E-04  1.591833E-04     1.00
 9.7000000E+03  -4.120000E-02  6.350915E-02  0.000000E+00  6.356554E-08       84
   2.89E-03     -7.648410E-03 -2.542486E-03  3.550677E-04  5.123139E-05 2.86E-05
   7.61E-03 0.00E+00 1.47E-03  9.899225E-06  1.065942E-04  1.591766E-04     1.00
 9.7100000E+03  -4.125000E-02  6.366317E-02  0.000000E+00  5.424110E-08       84
   2.98E-03     -7.630837E-03 -2.542294E-03  3.614788E-04  5.099743E-05 3.70E-05
   5.98E-03 0.00E+00 1.43E-03  9.918280E-06  1.068488E-04  1.592071E-04     1.00
 9.7200000E+03  -4.130000E-02  6.380015E-02  0.000000E+00  4.444580E-08       84
   2.54E-03     -7.613857E-03 -2.541854E-03  3.655910E-04  5.079531E-05 1.70E-04
   6.07E-03 0.00E+00 1.35E-03  9.934261E-06  1.071161E-04  1.592786E-04     1.00
 9.7300000E+03  -4.135000E-02  6.391487E-02  0.000000E+00  3.587576E-08       84
   2.24E-03     -7.601218E-03 -2.542080E-03  3.681904E-04  5.065694E-05 1.17E-05
   6.20E-03 0.00E+00 1.19E-03  9.947224E-06  1.073750E-04  1.594036E-04     1.00
 9.7400000E+03  -4.140000E-02  6.400589E-02  0.000000E+00  2.852125E-08       84
   2.07E-03     -7.597719E-03 -2.542702E-03  3.727859E-04  5.062363E-05 3.79E-06
   5.14E-03 0.00E+00 1.01E-03  9.957533E-06  1.075876E-04  1.595860E-04     1.00
 9.7500000E+03  -4.145000E-02  6.408589E-02  0.000000E+00  2.199091E-08       84
   1.84E-03     -7.603093E-03 -2.542959E-03  3.786490E-04  5.067356E-05 7.74E-05
   5.13E-03 0.00E+00 8.68E-04  9.965561E-06  1.077454E-04  1.597954E-04     1.00
 9.7600000E+03  -4.150000E-02  6.415261E-02  0.000000E+00  1.720225E-08       84
   1.66E-03     -7.618199E-03 -2.542570E-03  3.854648E-04  5.080503E-05 2.51E-05
   5.08E-03 0.00E+00 7.52E-04  9.971778E-06  1.078548E-04  1.600377E-04     1.00
 9.7700000E+03  -4.155000E-02  6.421284E-02  0.000000E+00  1.408320E-08       84
   1.65E-03     -7.637277E-03 -2.542623E-03  3.936693E-04  5.097694E-05 3.24E-05
   5.08E-03 0.00E+00 6.77E-04  9.976738E-06  1.079400E-04  1.602967E-04     1.00
 9.7800000E+03  -4.160000E-02  6.427965E-02  0.000000E+00  1.294343E-08       84
   1.55E-03     -7.655531E-03 -2.542732E-03  3.995667E-04  5.112581E-05 6.52E-05
   5.63E-03 0.00E+00 6.44E-04  9.981059E-06  1.080320E-04  1.605408E-04     1.00
 9.7900000E+03  -4.165000E-02  6.435808E-02  0.000000E+00  1.303740E-08       84
   1.43E-03     -7.670395E-03 -2.543321E-03  4.047377E-04  5.124168E-05 2.79E-04
   5.38E-03 0.00E+00 6.62E-04  9.985284E-06  1.081285E-04  1.607575E-04     1.00
 9.8000000E+03  -4.170000E-02  6.444898E-02  0.000000E+00  1.370463E-08       84
   1.51E-03     -7.678332E-03 -2.542733E-03  4.086787E-04  5.130864E-05 5.58E-06
   5.11E-03 0.00E+00 7.00E-04  9.989689E-06  1.082434E-04  1.609444E-04     1.00
 9.8100000E+03  -4.175000E-02  6.454056E-02  0.000000E+00  1.432318E-08       84
   1.42E-03     -7.683923E-03 -2.542944E-03  4.106718E-04  5.136388E-05 5.01E-06
   4.98E-03 0.00E+00 7.18E-04  9.994326E-06  1.083686E-04  1.611301E-04     1.00
 9.8200000E+03  -4.180000E-02  6.462772E-02  0.000000E+00  1.486889E-08       82
   1.26E-03     -7.689177E-03 -2.542737E-03  4.116116E-04  5.142329E-05 4.61E-06
   5.17E-03 0.00E+00 7.35E-04  9.999152E-06  1.085007E-04  1.613269E-04     1.00
 9.8300000E+03  -4.185000E-02  6.471469E-02  0.000000E+00  1.551237E-08       82
   1.23E-03     -7.693611E-03 -2.542676E-03  4.134313E-04  5.148015E-05 5.61E-06
   5.07E-03 0.00E+00 7.33E-04  1.000414E-05  1.086357E-04  1.615245E-04     1.00
 9.8400000E+03  -4.190000E-02  6.480366E-02  0.000000E+00  1.663514E-08       82
   1.04E-03     -7.694210E-03 -2.542723E-03  4.186793E-04  5.153173E-05 4.01E-06
   5.31E-03 0.00E+00 7.38E-04  1.000942E-05  1.087706E-04  1.617173E-04     1.00
 9.8500000E+03  -4.195000E-02  6.489396E-02  0.000000E+00  1.790774E-08       82
   1.15E-03     -7.692315E-03 -2.542605E-03  4.230613E-04  5.157481E-05 2.39E-05
   4.95E-03 0.00E+00 7.52E-04  1.001509E-05  1.089103E-04  1.619070E-04     1.00
 9.8600000E+03  -4.200000E-02  6.498129E-02  0.000000E+00  1.928389E-08       82
   1.26E-03     -7.690582E-03 -2.542695E-03  4.271740E-04  5.163075E-05 4.44E-07
   4.77E-03 0.00E+00 7.84E-04  1.002121E-05  1.090437E-04  1.621038E-04     1.00
 9.8700000E+03  -4.205000E-02  6.507008E-02  0.000000E+00  2.071852E-08       82
   1.26E-03     -7.690217E-03 -2.542811E-03  4.328162E-04  5.169086E-05 1.76E-05
   4.70E-03 0.00E+00 8.36E-04  1.002783E-05  1.091688E-04  1.622970E-04     1.00
 9.8800000E+03  -4.210000E-02  6.516749E-02  0.000000E+00  2.217188E-08       82
   1.33E-03     -7.688985E-03 -2.542742E-03  4.375401E-04  5.172813E-05 1.73E-05
   4.57E-03 0.00E+00 9.06E-04  1.003496E-05  1.092952E-04  1.624692E-04     1.00
 9.8900000E+03  -4.215000E-02  6.527119E-02  0.000000E+00  2.322861E-08       82
   1.13E-03     -7.687621E-03 -2.542754E-03  4.427520E-04  5.175084E-05 1.32E-05
   4.53E-03 0.00E+00 9.55E-04  1.004252E-05  1.094208E-04  1.626262E-04     1.00
 9.9000000E+03  -4.220000E-02  6.537860E-02  0.000000E+00  2.395098E-08       82
   1.03E-03     -7.685827E-03 -2.542698E-03  4.469487E-04  5.176452E-05 1.95E-06
   4.67E-03 0.00E+00 9.58E-04  1.005035E-05  1.095464E-04  1.627740E-04     1.00
 9.9100000E+03  -4.225000E-02  6.548950E-02  0.000000E+00  2.468415E-08       81
   9.73E-04     -7.681547E-03 -2.542903E-03  4.514835E-04  5.176527E-05 3.05E-05
   4.69E-03 0.00E+00 9.24E-04  1.005838E-05  1.096762E-04  1.629132E-04     1.00
 9.9200000E+03  -4.230000E-02  6.560595E-02  0.000000E+00  2.551082E-08       81
   9.81E-04     -7.675320E-03 -2.542773E-03  4.562438E-04  5.174881E-05 3.34E-05
   4.57E-03 0.00E+00 9.17E-04  1.006664E-05  1.098091E-04  1.630388E-04     1.00
 9.9300000E+03  -4.235000E-02  6.572664E-02  0.000000E+00  2.630591E-08       82
   1.34E-03     -7.671751E-03 -2.542670E-03  4.582732E-04  5.171774E-05 1.71E-06
   4.74E-03 0.00E+00 9.35E-04  1.007517E-05  1.099458E-04  1.631537E-04     1.00
 9.9400000E+03  -4.240000E-02  6.584707E-02  0.000000E+00  2.743320E-08       82
   1.40E-03     -7.668535E-03 -2.542618E-03  4.603533E-04  5.168897E-05 1.19E-05
   5.15E-03 0.00E+00 9.60E-04  1.008401E-05  1.100801E-04  1.632692E-04     1.00
 9.9500000E+03  -4.245000E-02  6.596718E-02  0.000000E+00  2.907295E-08       82
   1.22E-03     -7.666648E-03 -2.542660E-03  4.624991E-04  5.166084E-05 1.20E-06
   5.58E-03 0.00E+00 9.68E-04  1.009329E-05  1.102135E-04  1.633854E-04     1.00
 9.9600000E+03  -4.250000E-02  6.608742E-02  0.000000E+00  3.084763E-08       82
   1.23E-03     -7.664564E-03 -2.542702E-03  4.661893E-04  5.163592E-05 1.74E-06
   5.59E-03 0.00E+00 9.68E-04  1.010312E-05  1.103427E-04  1.635012E-04     1.00
 9.9700000E+03  -4.255000E-02  6.620809E-02  0.000000E+00  3.221196E-08       82
   1.21E-03     -7.664594E-03 -2.542682E-03  4.709080E-04  5.161311E-05 2.51E-06
   5.36E-03 0.00E+00 9.75E-04  1.011344E-05  1.104687E-04  1.636161E-04     1.00
 9.9800000E+03  -4.260000E-02  6.632601E-02  0.000000E+00  3.294275E-08       82
   1.19E-03     -7.663513E-03 -2.542637E-03  4.757855E-04  5.160021E-05 4.31E-06
   5.14E-03 0.00E+00 9.92E-04  1.012409E-05  1.105917E-04  1.637376E-04     1.00
 9.9900000E+03  -4.265000E-02  6.643966E-02  0.000000E+00  3.300574E-08       82
   1.14E-03     -7.663849E-03 -2.542775E-03  4.805837E-04  5.159939E-05 2.78E-05
   4.91E-03 0.00E+00 1.01E-03  1.013487E-05  1.107137E-04  1.638695E-04     1.00
 1.0000000E+04  -4.270000E-02  6.654656E-02  0.000000E+00  3.259405E-08       82
   1.16E-03     -7.667605E-03 -2.542652E-03  4.858075E-04  5.161609E-05 3.35E-06
   4.64E-03 0.00E+00 1.04E-03  1.014559E-05  1.108352E-04  1.640181E-04     1.00
 1.0010000E+04  -4.275000E-02  6.664977E-02  0.000000E+00  3.201236E-08       82
   1.07E-03     -7.672120E-03 -2.542688E-03  4.913780E-04  5.164025E-05 9.40E-07
   4.62E-03 0.00E+00 1.06E-03  1.015616E-05  1.109589E-04  1.641759E-04     1.00
 1.0020000E+04  -4.280000E-02  6.675245E-02  0.000000E+00  3.154142E-08       82
   1.09E-03     -7.676569E-03 -2.542746E-03  4.966716E-04  5.166567E-05 2.12E-06
   4.53E-03 0.00E+00 1.08E-03  1.016658E-05  1.110829E-04  1.643353E-04     1.00
 1.0030000E+04  -4.285000E-02  6.685821E-02  0.000000E+00  3.129641E-08       82
   1.08E-03     -7.680047E-03 -2.542733E-03  5.014647E-04  5.168156E-05 3.85E-06
   4.49E-03 0.00E+00 1.08E-03  1.017690E-05  1.112091E-04  1.644875E-04     1.00
 1.0040000E+04  -4.290000E-02  6.696766E-02  0.000000E+00  3.117269E-08       82
   1.11E-03     -7.682928E-03 -2.542741E-03  5.042931E-04  5.168740E-05 8.91E-06
   4.46E-03 0.00E+00 1.10E-03  1.018719E-05  1.113365E-04  1.646308E-04     1.00
 1.0050000E+04  -4.295000E-02  6.708101E-02  0.000000E+00  3.108435E-08       82
   1.15E-03     -7.684752E-03 -2.542729E-03  5.061007E-04  5.168496E-05 1.68E-05
   4.45E-03 0.00E+00 1.11E-03  1.019748E-05  1.114628E-04  1.647650E-04     1.00
 1.0060000E+04  -4.300000E-02  6.719719E-02  0.000000E+00  3.093754E-08       82
   1.07E-03     -7.686373E-03 -2.542724E-03  5.079715E-04  5.167983E-05 1.36E-05
   4.49E-03 0.00E+00 1.13E-03  1.020776E-05  1.115852E-04  1.648923E-04     1.00
 1.0070000E+04  -4.305000E-02  6.731705E-02  0.000000E+00  3.063092E-08       82
   1.03E-03     -7.687615E-03 -2.542703E-03  5.104153E-04  5.166763E-05 3.30E-06
   4.41E-03 0.00E+00 1.13E-03  1.021796E-05  1.117060E-04  1.650108E-04     1.00
 1.0080000E+04  -4.310000E-02  6.743802E-02  0.000000E+00  3.011000E-08       82
   9.57E-04     -7.688543E-03 -2.542642E-03  5.137904E-04  5.165821E-05 2.16E-06
   4.30E-03 0.00E+00 1.12E-03  1.022801E-05  1.118219E-04  1.651268E-04     1.00
 1.0090000E+04  -4.315000E-02  6.755756E-02  0.000000E+00  2.943309E-08       83
   9.85E-04     -7.690997E-03 -2.542631E-03  5.184208E-04  5.165644E-05 3.52E-06
   4.08E-03 0.00E+00 1.10E-03  1.023786E-05  1.119341E-04  1.652464E-04     1.00
 1.0100000E+04  -4.320000E-02  6.767461E-02  0.000000E+00  2.851935E-08       82
   9.87E-04     -7.693522E-03 -2.542696E-03  5.231491E-04  5.166291E-05 4.42E-06
   3.79E-03 0.00E+00 1.08E-03  1.024743E-05  1.120448E-04  1.653722E-04     1.00
 1.0110000E+04  -4.325000E-02  6.779168E-02  0.000000E+00  2.755411E-08       82
   1.03E-03     -7.696833E-03 -2.542663E-03  5.267229E-04  5.167265E-05 4.60E-07
   3.70E-03 0.00E+00 1.08E-03  1.025672E-05  1.121527E-04  1.654982E-04     1.00
 1.0120000E+04  -4.330000E-02  6.790704E-02  0.000000E+00  2.671327E-08       82
   1.05E-03     -7.700508E-03 -2.543322E-03  5.289976E-04  5.169259E-05 1.93E-05
   3.79E-03 0.00E+00 1.08E-03  1.026572E-05  1.122550E-04  1.656287E-04     1.00
 1.0130000E+04  -4.335000E-02  6.802309E-02  0.000000E+00  2.614955E-08       82
   1.08E-03     -7.703668E-03 -2.542767E-03  5.293465E-04  5.171103E-05 9.13E-06
   3.86E-03 0.00E+00 1.09E-03  1.027452E-05  1.123574E-04  1.657577E-04     1.00
 1.0140000E+04  -4.340000E-02  6.813865E-02  0.000000E+00  2.592865E-08       82
   1.04E-03     -7.705946E-03 -2.542749E-03  5.286697E-04  5.172705E-05 1.10E-06
   4.00E-03 0.00E+00 1.10E-03  1.028321E-05  1.124632E-04  1.658880E-04     1.00
 1.0150000E+04  -4.345000E-02  6.825672E-02  0.000000E+00  2.599340E-08       82
   1.01E-03     -7.705741E-03 -2.542709E-03  5.273628E-04  5.173014E-05 2.24E-06
   4.25E-03 0.00E+00 1.11E-03  1.029188E-05  1.125758E-04  1.660125E-04     1.00
 1.0160000E+04  -4.347000E-02  6.837279E-02  0.000000E+00  2.572299E-08       83
   1.03E-03     -7.675442E-03 -2.542639E-03  5.261571E-04  5.149313E-05 5.03E-06
   4.25E-03 0.00E+00 1.11E-03  1.030055E-05  1.126865E-04  1.658945E-04     1.00
 1.0170000E+04  -4.349000E-02  6.848057E-02  0.000000E+00  2.448879E-08       83
   9.50E-04     -7.649199E-03 -2.542421E-03  5.254126E-04  5.128499E-05 1.25E-04
   3.90E-03 0.00E+00 1.09E-03  1.030892E-05  1.127890E-04  1.657961E-04     1.00
 1.0180000E+04  -4.351000E-02  6.858040E-02  0.000000E+00  2.282407E-08       82
   8.61E-04     -7.625236E-03 -2.542601E-03  5.251015E-04  5.110157E-05 3.56E-05
   3.57E-03 0.00E+00 1.04E-03  1.031676E-05  1.128867E-04  1.657165E-04     1.00
 1.0190000E+04  -4.353000E-02  6.867426E-02  0.000000E+00  2.093705E-08       83
   8.46E-04     -7.604757E-03 -2.542665E-03  5.248410E-04  5.094080E-05 7.22E-06
   3.23E-03 0.00E+00 9.99E-04  1.032399E-05  1.129766E-04  1.656510E-04     1.00
 1.0200000E+04  -4.355000E-02  6.876034E-02  0.000000E+00  1.864769E-08       84
   1.50E-03     -7.588992E-03 -2.542583E-03  5.243677E-04  5.080683E-05 2.72E-05
   2.89E-03 0.00E+00 9.75E-04  1.033053E-05  1.130593E-04  1.656041E-04     1.00
 1.0210000E+04  -4.357000E-02  6.883643E-02  0.000000E+00  1.655627E-08       81
   1.86E-03     -7.574304E-03 -2.542460E-03  5.242718E-04  5.070576E-05 2.92E-06
   2.86E-03 0.00E+00 1.01E-03  1.033641E-05  1.131336E-04  1.655811E-04     1.00
 1.0220000E+04  -4.359000E-02  6.889831E-02  0.000000E+00  1.444023E-08       81
   1.55E-03     -7.566476E-03 -2.542412E-03  5.237588E-04  5.064037E-05 2.12E-05
   2.81E-03 0.00E+00 9.83E-04  1.034162E-05  1.132072E-04  1.655924E-04     1.00
 1.0230000E+04  -4.361000E-02  6.895295E-02  0.000000E+00  1.261798E-08       82
   1.41E-03     -7.559233E-03 -2.542675E-03  5.237588E-04  5.059675E-05 1.58E-05
   2.92E-03 0.00E+00 9.04E-04  1.034613E-05  1.132769E-04  1.656212E-04     1.00
 1.0240000E+04  -4.363000E-02  6.899504E-02  0.000000E+00  1.115741E-08       82
   1.39E-03     -7.554409E-03 -2.542613E-03  5.240922E-04  5.058964E-05 2.23E-05
   2.80E-03 0.00E+00 8.45E-04  1.035010E-05  1.133407E-04  1.656804E-04     1.00
 1.0250000E+04  -4.365000E-02  6.902878E-02  0.000000E+00  1.002047E-08       79
   1.25E-03     -7.552195E-03 -2.542559E-03  5.252269E-04  5.060849E-05 4.57E-05
   2.51E-03 0.00E+00 7.81E-04  1.035363E-05  1.133988E-04  1.657598E-04     1.00
 1.0260000E+04  -4.367000E-02  6.905702E-02  0.000000E+00  9.092916E-09       79
   1.11E-03     -7.553047E-03 -2.542674E-03  5.255904E-04  5.064700E-05 1.82E-05
   2.29E-03 0.00E+00 7.63E-04  1.035684E-05  1.134509E-04  1.658527E-04     1.00
 1.0270000E+04  -4.369000E-02  6.908658E-02  0.000000E+00  8.243723E-09       80
   1.08E-03     -7.554227E-03 -2.542706E-03  5.236651E-04  5.068092E-05 6.08E-05
   2.36E-03 0.00E+00 7.23E-04  1.035975E-05  1.135045E-04  1.659423E-04     1.00
 1.0280000E+04  -4.371000E-02  6.912551E-02  0.000000E+00  7.507477E-09       81
   1.27E-03     -7.553188E-03 -2.539109E-03  5.222689E-04  5.068623E-05 7.37E-06
   2.35E-03 0.00E+00 7.26E-04  1.036241E-05  1.135641E-04  1.660092E-04     1.00
 1.0290000E+04  -4.373000E-02  6.915485E-02  0.000000E+00  6.934071E-09       79
   1.02E-03     -7.551348E-03 -2.542671E-03  5.203311E-04  5.071387E-05 2.32E-05
   2.66E-03 0.00E+00 6.93E-04  1.036486E-05  1.136247E-04  1.660993E-04     1.00
 1.0300000E+04  -4.375000E-02  6.919574E-02  0.000000E+00  6.533765E-09       80
   1.00E-03     -7.548847E-03 -2.542795E-03  5.187281E-04  5.071225E-05 3.04E-05
   2.54E-03 0.00E+00 6.44E-04  1.036713E-05  1.136865E-04  1.661614E-04     1.00
 1.0310000E+04  -4.377000E-02  6.924335E-02  0.000000E+00  6.281254E-09       80
   9.89E-04     -7.544464E-03 -2.542692E-03  5.168553E-04  5.069487E-05 7.86E-06
   2.38E-03 0.00E+00 6.27E-04  1.036929E-05  1.137476E-04  1.662070E-04     1.00
 1.0320000E+04  -4.379000E-02  6.929235E-02  0.000000E+00  6.077800E-09       80
   8.50E-04     -7.539024E-03 -2.542709E-03  5.161937E-04  5.067654E-05 2.22E-05
   2.29E-03 0.00E+00 6.06E-04  1.037138E-05  1.138062E-04  1.662491E-04     1.00
 1.0330000E+04  -4.381000E-02  6.934284E-02  0.000000E+00  5.864416E-09       79
   8.32E-04     -7.533758E-03 -2.542664E-03  5.144015E-04  5.065391E-05 3.42E-05
   2.18E-03 0.00E+00 5.89E-04  1.037339E-05  1.138654E-04  1.662875E-04     1.00
 1.0340000E+04  -4.383000E-02  6.939039E-02  0.000000E+00  5.697658E-09       80
   7.49E-04     -7.529534E-03 -2.542739E-03  5.127840E-04  5.064110E-05 3.06E-06
   2.15E-03 0.00E+00 5.74E-04  1.037533E-05  1.139219E-04  1.663330E-04     1.00
 1.0350000E+04  -4.385000E-02  6.943872E-02  0.000000E+00  5.569949E-09       81
   7.84E-04     -7.525128E-03 -2.542575E-03  5.120326E-04  5.062368E-05 3.99E-06
   2.01E-03 0.00E+00 5.90E-04  1.037724E-05  1.139810E-04  1.663765E-04     1.00
 1.0360000E+04  -4.387000E-02  6.948324E-02  0.000000E+00  5.484310E-09       80
   6.88E-04     -7.520640E-03 -2.542710E-03  5.116663E-04  5.061803E-05 1.56E-06
   2.12E-03 0.00E+00 5.81E-04  1.037911E-05  1.140376E-04  1.664292E-04     1.00
 1.0370000E+04  -4.389000E-02  6.952931E-02  0.000000E+00  5.416520E-09       81
   6.57E-04     -7.516722E-03 -2.542518E-03  5.115229E-04  5.060468E-05 3.57E-05
   2.18E-03 0.00E+00 5.66E-04  1.038095E-05  1.140980E-04  1.664780E-04     1.00
 1.0380000E+04  -4.391000E-02  6.957095E-02  0.000000E+00  5.371816E-09       80
   6.53E-04     -7.513479E-03 -2.542681E-03  5.117029E-04  5.060327E-05 1.26E-05
   2.19E-03 0.00E+00 5.51E-04  1.038277E-05  1.141572E-04  1.665375E-04     1.00
 1.0390000E+04  -4.393000E-02  6.961291E-02  0.000000E+00  5.280828E-09       80
   5.85E-04     -7.512498E-03 -2.542648E-03  5.120388E-04  5.060110E-05 1.34E-05
   2.27E-03 0.00E+00 5.42E-04  1.038456E-05  1.142163E-04  1.665962E-04     1.00
 1.0400000E+04  -4.395000E-02  6.965414E-02  0.000000E+00  5.217744E-09       80
   5.38E-04     -7.512196E-03 -2.542644E-03  5.125504E-04  5.060034E-05 3.75E-06
   2.31E-03 0.00E+00 5.17E-04  1.038631E-05  1.142759E-04  1.666567E-04     1.00
 1.0410000E+04  -4.397000E-02  6.969272E-02  0.000000E+00  5.168599E-09       80
   5.08E-04     -7.513974E-03 -2.542693E-03  5.125027E-04  5.060910E-05 2.83E-07
   2.25E-03 0.00E+00 5.01E-04  1.038803E-05  1.143324E-04  1.667236E-04     1.00
 1.0420000E+04  -4.399000E-02  6.972894E-02  0.000000E+00  5.132256E-09       80
   5.08E-04     -7.516558E-03 -2.542659E-03  5.123888E-04  5.062525E-05 3.60E-06
   2.14E-03 0.00E+00 4.81E-04  1.038974E-05  1.143873E-04  1.667964E-04     1.00
 1.0430000E+04  -4.401000E-02  6.976306E-02  0.000000E+00  5.110826E-09       79
   5.11E-04     -7.520005E-03 -2.542641E-03  5.122645E-04  5.064954E-05 1.98E-05
   2.02E-03 0.00E+00 4.73E-04  1.039143E-05  1.144393E-04  1.668743E-04     1.00
 1.0440000E+04  -4.403000E-02  6.979453E-02  0.000000E+00  5.112240E-09       79
   4.58E-04     -7.524456E-03 -2.542690E-03  5.125837E-04  5.068556E-05 2.69E-06
   2.05E-03 0.00E+00 4.72E-04  1.039312E-05  1.144860E-04  1.669587E-04     1.00
 1.0450000E+04  -4.405000E-02  6.982566E-02  0.000000E+00  5.162993E-09       80
   4.69E-04     -7.529875E-03 -2.542682E-03  5.129711E-04  5.072698E-05 6.60E-07
   2.08E-03 0.00E+00 4.57E-04  1.039481E-05  1.145282E-04  1.670441E-04     1.00
 1.0460000E+04  -4.410000E-02  6.986125E-02  0.000000E+00  5.479838E-09       79
   6.76E-04     -7.561658E-03 -2.542881E-03  5.140526E-04  5.099633E-05 6.67E-05
   2.41E-03 0.00E+00 4.63E-04  1.039656E-05  1.145740E-04  1.673613E-04     1.00
 1.0470000E+04  -4.415000E-02  6.991253E-02  0.000000E+00  6.319823E-09       79
   7.85E-04     -7.585547E-03 -2.541340E-03  5.158355E-04  5.120910E-05 4.85E-05
   3.07E-03 0.00E+00 4.99E-04  1.039851E-05  1.146390E-04  1.676418E-04     1.00
 1.0480000E+04  -4.420000E-02  6.997437E-02  0.000000E+00  7.737382E-09       79
   8.60E-04     -7.603492E-03 -2.542960E-03  5.175262E-04  5.137590E-05 4.59E-05
   3.70E-03 0.00E+00 5.58E-04  1.040085E-05  1.147244E-04  1.678978E-04     1.00
 1.0490000E+04  -4.425000E-02  7.005591E-02  0.000000E+00  9.885988E-09       79
   1.27E-03     -7.614078E-03 -2.542955E-03  5.181232E-04  5.146951E-05 3.59E-05
   4.30E-03 0.00E+00 6.40E-04  1.040383E-05  1.148347E-04  1.681068E-04     1.00
 1.0500000E+04  -4.430000E-02  7.015025E-02  0.000000E+00  1.232949E-08       79
   1.23E-03     -7.620992E-03 -2.542729E-03  5.180379E-04  5.152252E-05 6.31E-06
   4.41E-03 0.00E+00 7.26E-04  1.040759E-05  1.149539E-04  1.682852E-04     1.00
 1.0510000E+04  -4.435000E-02  7.025137E-02  0.000000E+00  1.509613E-08       79
   1.21E-03     -7.624797E-03 -2.542823E-03  5.181379E-04  5.155943E-05 6.45E-05
   4.70E-03 0.00E+00 7.96E-04  1.041222E-05  1.150718E-04  1.684473E-04     1.00
 1.0520000E+04  -4.440000E-02  7.036043E-02  0.000000E+00  1.799906E-08       79
   1.21E-03     -7.626239E-03 -2.542749E-03  5.180196E-04  5.158029E-05 1.34E-05
   4.91E-03 0.00E+00 8.74E-04  1.041781E-05  1.151856E-04  1.685904E-04     1.00
 1.0530000E+04  -4.445000E-02  7.047657E-02  0.000000E+00  2.097563E-08       79
   1.24E-03     -7.626053E-03 -2.542775E-03  5.173325E-04  5.158565E-05 4.47E-06
   5.12E-03 0.00E+00 9.43E-04  1.042438E-05  1.152967E-04  1.687164E-04     1.00
 1.0540000E+04  -4.450000E-02  7.059796E-02  0.000000E+00  2.390806E-08       80
   1.18E-03     -7.624677E-03 -2.542685E-03  5.172276E-04  5.158138E-05 6.43E-06
   5.36E-03 0.00E+00 1.00E-03  1.043193E-05  1.154038E-04  1.688296E-04     1.00
 1.0550000E+04  -4.455000E-02  7.072297E-02  0.000000E+00  2.658419E-08       79
   1.24E-03     -7.621689E-03 -2.542617E-03  5.175441E-04  5.156710E-05 8.72E-06
   5.31E-03 0.00E+00 1.05E-03  1.044040E-05  1.155113E-04  1.689340E-04     1.00
