  10  Dcircls_49_a-57                                     oval-0.7.296.f      
 0.0000000E+00   0.000000E+00  0.000000E+00  0.000000E+00  1.462519E-11       92
   0.00E+00     -2.496325E-03 -2.542448E-03  3.423443E-05  8.607136E-06 0.00E+00
   0.00E+00 0.00E+00 0.00E+00  7.020091E-13  0.000000E+00  0.000000E+00     1.00
 5.0000000E+03   0.000000E+00  0.000000E+00  0.000000E+00  1.304404E-30       92
   1.57E-04     -2.497627E-03 -2.542604E-03  3.445973E-05  8.606894E-06 0.00E+00
   1.15E-04 0.00E+00 8.07E-06  2.417023E-10  0.000000E+00  0.000000E+00     1.00
 1.0000000E+04   0.000000E+00  0.000000E+00  0.000000E+00  1.056360E-30       92
   7.04E-13     -2.497627E-03 -2.542604E-03  3.445973E-05  8.606894E-06 0.00E+00
   5.40E-13 0.00E+00 3.90E-14  2.417023E-10  0.000000E+00  0.000000E+00     1.00
 1.5000000E+04   0.000000E+00  0.000000E+00  0.000000E+00  9.541467E-31       92
   6.93E-13     -2.497627E-03 -2.542604E-03  3.445973E-05  8.606894E-06 0.00E+00
   5.41E-13 0.00E+00 3.89E-14  2.417023E-10  0.000000E+00  0.000000E+00     1.00
 2.0000000E+04   0.000000E+00  0.000000E+00  0.000000E+00  1.228651E-30       92
   7.16E-13     -2.497627E-03 -2.542604E-03  3.445973E-05  8.606894E-06 0.00E+00
   5.39E-13 0.00E+00 3.95E-14  2.417023E-10  0.000000E+00  0.000000E+00     1.00
 2.5000000E+04   0.000000E+00  0.000000E+00  0.000000E+00  1.206112E-30       92
   7.19E-13     -2.497627E-03 -2.542604E-03  3.445973E-05  8.606894E-06 0.00E+00
   5.47E-13 0.00E+00 3.97E-14  2.417023E-10  0.000000E+00  0.000000E+00     1.00
 3.0000000E+04   0.000000E+00  0.000000E+00  0.000000E+00  1.509867E-30       92
   6.95E-13     -2.497627E-03 -2.542604E-03  3.445973E-05  8.606894E-06 0.00E+00
   5.41E-13 0.00E+00 3.90E-14  2.417023E-10  0.000000E+00  0.000000E+00     1.00
 3.5000000E+04   0.000000E+00  0.000000E+00  0.000000E+00  1.493270E-30       92
   7.38E-13     -2.497627E-03 -2.542604E-03  3.445973E-05  8.606894E-06 0.00E+00
   5.52E-13 0.00E+00 4.03E-14  2.417023E-10  0.000000E+00  0.000000E+00     1.00
 4.0000000E+04   0.000000E+00  0.000000E+00  0.000000E+00  1.595294E-30       92
   6.90E-13     -2.497627E-03 -2.542604E-03  3.445973E-05  8.606894E-06 0.00E+00
   5.39E-13 0.00E+00 3.86E-14  2.417023E-10  0.000000E+00  0.000000E+00     1.00
 4.5000000E+04   0.000000E+00  0.000000E+00  0.000000E+00  1.401071E-30       92
   7.13E-13     -2.497627E-03 -2.542604E-03  3.445973E-05  8.606894E-06 0.00E+00
   5.36E-13 0.00E+00 3.92E-14  2.417023E-10  0.000000E+00  0.000000E+00     1.00
 5.0000000E+04   0.000000E+00  0.000000E+00  0.000000E+00  9.164789E-31       92
   7.28E-13     -2.497627E-03 -2.542604E-03  3.445973E-05  8.606894E-06 0.00E+00
   5.48E-13 0.00E+00 4.00E-14  2.417023E-10  0.000000E+00  0.000000E+00     1.00
 5.5000000E+04   0.000000E+00  0.000000E+00  0.000000E+00  1.180797E-30       92
   7.29E-13     -2.497627E-03 -2.542604E-03  3.445973E-05  8.606894E-06 0.00E+00
   5.44E-13 0.00E+00 3.99E-14  2.417023E-10  0.000000E+00  0.000000E+00     1.00
 6.0000000E+04   0.000000E+00  0.000000E+00  0.000000E+00  1.301255E-30       92
   7.03E-13     -2.497627E-03 -2.542604E-03  3.445973E-05  8.606894E-06 0.00E+00
   5.35E-13 0.00E+00 3.90E-14  2.417023E-10  0.000000E+00  0.000000E+00     1.00
 6.5000000E+04   0.000000E+00  0.000000E+00  0.000000E+00  9.498781E-31       92
   6.97E-13     -2.497627E-03 -2.542604E-03  3.445973E-05  8.606894E-06 0.00E+00
   5.40E-13 0.00E+00 3.89E-14  2.417023E-10  0.000000E+00  0.000000E+00     1.00
 7.0000000E+04   0.000000E+00  0.000000E+00  0.000000E+00  1.232896E-30       92
   7.11E-13     -2.497627E-03 -2.542604E-03  3.445973E-05  8.606894E-06 0.00E+00
   5.42E-13 0.00E+00 3.92E-14  2.417023E-10  0.000000E+00  0.000000E+00     1.00
 7.5000000E+04   0.000000E+00  0.000000E+00  0.000000E+00  9.910578E-31       92
   7.14E-13     -2.497627E-03 -2.542604E-03  3.445973E-05  8.606894E-06 0.00E+00
   5.56E-13 0.00E+00 3.96E-14  2.417023E-10  0.000000E+00  0.000000E+00     1.00
 8.0000000E+04   0.000000E+00  0.000000E+00  0.000000E+00  8.480524E-31       92
   7.00E-13     -2.497627E-03 -2.542604E-03  3.445973E-05  8.606894E-06 0.00E+00
   5.36E-13 0.00E+00 3.88E-14  2.417023E-10  0.000000E+00  0.000000E+00     1.00
 8.5000000E+04   0.000000E+00  0.000000E+00  0.000000E+00  1.189709E-30       92
   7.11E-13     -2.497627E-03 -2.542604E-03  3.445973E-05  8.606894E-06 0.00E+00
   5.38E-13 0.00E+00 3.91E-14  2.417023E-10  0.000000E+00  0.000000E+00     1.00
 9.0000000E+04   0.000000E+00  0.000000E+00  0.000000E+00  1.060363E-30       92
   7.29E-13     -2.497627E-03 -2.542604E-03  3.445973E-05  8.606894E-06 0.00E+00
   5.44E-13 0.00E+00 3.95E-14  2.417023E-10  0.000000E+00  0.000000E+00     1.00
 9.5000000E+04   0.000000E+00  0.000000E+00  0.000000E+00  1.487070E-30       92
   7.15E-13     -2.497627E-03 -2.542604E-03  3.445973E-05  8.606894E-06 0.00E+00
   5.41E-13 0.00E+00 3.92E-14  2.417023E-10  0.000000E+00  0.000000E+00     1.00
 1.0000000E+05   0.000000E+00  0.000000E+00  0.000000E+00  1.226454E-30       92
   7.04E-13     -2.497627E-03 -2.542604E-03  3.445973E-05  8.606894E-06 0.00E+00
   5.43E-13 0.00E+00 3.91E-14  2.417023E-10  0.000000E+00  0.000000E+00     1.00
 1.0500000E+05  -2.500000E-05  2.190359E-06  0.000000E+00  1.235342E-16       92
   1.80E-07     -2.518451E-03 -2.542604E-03  3.432496E-05  8.664026E-06 1.27E-13
   7.32E-07 0.00E+00 2.25E-07  2.417229E-10  0.000000E+00  5.713191E-08     1.00
 1.1000000E+05  -5.000000E-05  4.381354E-06  0.000000E+00  1.235489E-16       92
   1.64E-07     -2.539274E-03 -2.542604E-03  3.419023E-05  8.721677E-06 1.76E-12
   6.78E-07 0.00E+00 2.24E-07  2.417434E-10  0.000000E+00  1.147831E-07     1.00
 1.1500000E+05  -7.500000E-05  6.572494E-06  0.000000E+00  1.235618E-16       92
   1.63E-07     -2.560096E-03 -2.542604E-03  3.405548E-05  8.779849E-06 6.17E-13
   6.75E-07 0.00E+00 2.23E-07  2.417640E-10  0.000000E+00  1.729547E-07     1.00
 1.2000000E+05  -1.000000E-04  8.763781E-06  0.000000E+00  1.235756E-16       92
   1.63E-07     -2.580918E-03 -2.542604E-03  3.392071E-05  8.838541E-06 1.23E-12
   6.73E-07 0.00E+00 2.22E-07  2.417845E-10  0.000000E+00  2.316467E-07     1.00
 1.2500000E+05  -1.250000E-04  1.095521E-05  0.000000E+00  1.235894E-16       92
   1.62E-07     -2.601740E-03 -2.542604E-03  3.378592E-05  8.897753E-06 4.30E-14
   6.71E-07 0.00E+00 2.21E-07  2.418050E-10  0.000000E+00  2.908593E-07     1.00
 1.3000000E+05  -1.500000E-04  1.314679E-05  0.000000E+00  1.236030E-16       92
   1.62E-07     -2.622561E-03 -2.542604E-03  3.365111E-05  8.957486E-06 4.97E-13
   6.69E-07 0.00E+00 2.21E-07  2.418255E-10  0.000000E+00  3.505923E-07     1.00
 1.3500000E+05  -1.750000E-04  1.525863E-05  0.000000E+00  1.349975E-16       92
   1.65E-07     -2.643314E-03 -2.542604E-03  3.359918E-05  9.017932E-06 4.08E-13
   6.89E-07 0.00E+00 2.23E-07  2.418471E-10  1.012871E-11  4.110483E-07     1.00
 1.4000000E+05  -2.000000E-04  1.732069E-05  0.000000E+00  1.350139E-16       92
   1.66E-07     -2.664025E-03 -2.542604E-03  3.359879E-05  9.079017E-06 4.86E-12
   6.96E-07 0.00E+00 2.25E-07  2.418695E-10  2.569834E-11  4.721491E-07     1.00
 1.4500000E+05  -2.250000E-04  1.992347E-05  0.000000E+00  1.623972E-16       92
   1.78E-07     -2.684225E-03 -2.542604E-03  3.360367E-05  9.139135E-06 1.29E-12
   7.51E-07 0.00E+00 2.33E-07  2.418952E-10  1.477226E-10  5.323888E-07     1.00
 1.5000000E+05  -2.500000E-04  2.273395E-05  0.000000E+00  1.624227E-16       92
   1.80E-07     -2.704230E-03 -2.542604E-03  3.361051E-05  9.199181E-06 3.01E-13
   7.58E-07 0.00E+00 2.35E-07  2.419221E-10  3.148501E-10  5.926017E-07     1.00
 1.5500000E+05  -2.750000E-04  2.554460E-05  0.000000E+00  1.624456E-16       92
   1.80E-07     -2.724234E-03 -2.542604E-03  3.361731E-05  9.259722E-06 2.54E-12
   7.56E-07 0.00E+00 2.34E-07  2.419490E-10  4.866196E-10  6.533147E-07     1.00
 1.6000000E+05  -3.000000E-04  2.835542E-05  0.000000E+00  1.624736E-16       92
   1.79E-07     -2.744238E-03 -2.542604E-03  3.362409E-05  9.320759E-06 1.92E-14
   7.53E-07 0.00E+00 2.34E-07  2.419759E-10  6.630317E-10  7.145277E-07     1.00
 1.6500000E+05  -3.250000E-04  3.116642E-05  0.000000E+00  1.624990E-16       92
   1.79E-07     -2.764242E-03 -2.542604E-03  3.363084E-05  9.382291E-06 2.50E-12
   7.51E-07 0.00E+00 2.33E-07  2.420028E-10  8.440870E-10  7.762407E-07     1.00
 1.7000000E+05  -3.500000E-04  3.397759E-05  0.000000E+00  1.625244E-16       92
   1.78E-07     -2.784245E-03 -2.542604E-03  3.363756E-05  9.444318E-06 1.99E-12
   7.48E-07 0.00E+00 2.32E-07  2.420298E-10  1.029786E-09  8.384538E-07     1.00
 1.7500000E+05  -3.750000E-04  3.678893E-05  0.000000E+00  1.625501E-16       92
   1.77E-07     -2.804248E-03 -2.542604E-03  3.364425E-05  9.506841E-06 3.93E-11
   7.46E-07 0.00E+00 2.31E-07  2.420567E-10  1.220131E-09  9.011668E-07     1.00
 1.8000000E+05  -4.000000E-04  3.960045E-05  0.000000E+00  1.625769E-16       92
   1.77E-07     -2.824250E-03 -2.542604E-03  3.365091E-05  9.569859E-06 3.03E-13
   7.44E-07 0.00E+00 2.31E-07  2.420836E-10  1.415120E-09  9.643799E-07     1.00
 1.8500000E+05  -4.250000E-04  4.241214E-05  0.000000E+00  1.626008E-16       92
   1.76E-07     -2.844252E-03 -2.542604E-03  3.365753E-05  9.633372E-06 4.37E-12
   7.41E-07 0.00E+00 2.30E-07  2.421105E-10  1.614756E-09  1.028093E-06     1.00
 1.9000000E+05  -4.500000E-04  4.522401E-05  0.000000E+00  1.626262E-16       92
   1.76E-07     -2.864254E-03 -2.542604E-03  3.366413E-05  9.697381E-06 4.59E-12
   7.39E-07 0.00E+00 2.29E-07  2.421375E-10  1.819038E-09  1.092306E-06     1.00
 1.9500000E+05  -4.750000E-04  4.803605E-05  0.000000E+00  1.626518E-16       92
   1.75E-07     -2.884255E-03 -2.542604E-03  3.367070E-05  9.761885E-06 7.41E-12
   7.37E-07 0.00E+00 2.28E-07  2.421644E-10  2.027968E-09  1.157019E-06     1.00
 2.0000000E+05  -5.000000E-04  5.084826E-05  0.000000E+00  1.626772E-16       92
   1.75E-07     -2.904256E-03 -2.542604E-03  3.367724E-05  9.826885E-06 1.91E-12
   7.34E-07 0.00E+00 2.28E-07  2.421914E-10  2.241546E-09  1.222232E-06     1.00
 2.0500000E+05  -5.250000E-04  5.366065E-05  0.000000E+00  1.627029E-16       92
   1.74E-07     -2.924256E-03 -2.542604E-03  3.368375E-05  9.892379E-06 2.90E-13
   7.32E-07 0.00E+00 2.27E-07  2.422183E-10  2.459773E-09  1.287945E-06     1.00
 2.1000000E+05  -5.500000E-04  5.647322E-05  0.000000E+00  1.627283E-16       92
   1.74E-07     -2.944257E-03 -2.542604E-03  3.369023E-05  9.958370E-06 8.06E-12
   7.29E-07 0.00E+00 2.26E-07  2.422453E-10  2.682650E-09  1.354159E-06     1.00
 2.1500000E+05  -5.750000E-04  5.928595E-05  0.000000E+00  1.627538E-16       92
   1.73E-07     -2.964256E-03 -2.542604E-03  3.369668E-05  1.002486E-05 1.78E-13
   7.27E-07 0.00E+00 2.26E-07  2.422722E-10  2.910177E-09  1.420872E-06     1.00
 2.2000000E+05  -6.000000E-04  6.209886E-05  0.000000E+00  1.627792E-16       92
   1.72E-07     -2.984256E-03 -2.542604E-03  3.370310E-05  1.009184E-05 7.45E-13
   7.25E-07 0.00E+00 2.25E-07  2.422992E-10  3.142355E-09  1.488085E-06     1.00
 2.2500000E+05  -6.250000E-04  6.491195E-05  0.000000E+00  1.628049E-16       92
   1.72E-07     -3.004255E-03 -2.542604E-03  3.370949E-05  1.015931E-05 4.41E-13
   7.22E-07 0.00E+00 2.24E-07  2.423261E-10  3.379184E-09  1.555798E-06     1.00
 2.3000000E+05  -6.500000E-04  6.772521E-05  0.000000E+00  1.628297E-16       92
   1.71E-07     -3.024253E-03 -2.542604E-03  3.371585E-05  1.022728E-05 2.17E-11
   7.20E-07 0.00E+00 2.23E-07  2.423531E-10  3.620666E-09  1.624010E-06     1.00
 2.3500000E+05  -6.750000E-04  7.053864E-05  0.000000E+00  1.628563E-16       92
   1.71E-07     -3.044251E-03 -2.542604E-03  3.372218E-05  1.029575E-05 4.45E-12
   7.18E-07 0.00E+00 2.23E-07  2.423801E-10  3.866801E-09  1.692723E-06     1.00
 2.4000000E+05  -7.000000E-04  7.335224E-05  0.000000E+00  1.628814E-16       92
   1.70E-07     -3.064249E-03 -2.542604E-03  3.372848E-05  1.036471E-05 1.49E-13
   7.15E-07 0.00E+00 2.22E-07  2.424071E-10  4.117590E-09  1.761936E-06     1.00
 2.4500000E+05  -7.250000E-04  7.616602E-05  0.000000E+00  1.629070E-16       92
   1.70E-07     -3.084247E-03 -2.542604E-03  3.373475E-05  1.043417E-05 1.35E-12
   7.13E-07 0.00E+00 2.21E-07  2.424341E-10  4.373033E-09  1.831649E-06     1.00
 2.5000000E+05  -7.500000E-04  7.897998E-05  0.000000E+00  1.629327E-16       92
   1.69E-07     -3.104244E-03 -2.542604E-03  3.374099E-05  1.050412E-05 1.19E-12
   7.11E-07 0.00E+00 2.20E-07  2.424610E-10  4.633132E-09  1.901861E-06     1.00
 2.5500000E+05  -7.750000E-04  8.186321E-05  0.000000E+00  1.604849E-16       91
   1.66E-07     -3.124250E-03 -2.542604E-03  3.371339E-05  1.057440E-05 3.70E-13
   7.01E-07 0.00E+00 2.17E-07  2.424877E-10  4.896636E-09  1.972399E-06     1.00
 2.6000000E+05  -8.000000E-04  8.475646E-05  0.000000E+00  1.605097E-16       91
   1.65E-07     -3.144258E-03 -2.542604E-03  3.368095E-05  1.064514E-05 5.09E-14
   6.97E-07 0.00E+00 2.16E-07  2.425142E-10  5.165115E-09  2.043411E-06     1.00
 2.6500000E+05  -8.250000E-04  8.764988E-05  0.000000E+00  1.605345E-16       91
   1.64E-07     -3.164266E-03 -2.542604E-03  3.364848E-05  1.071638E-05 3.07E-14
   6.95E-07 0.00E+00 2.15E-07  2.425408E-10  5.438784E-09  2.114923E-06     1.00
 2.7000000E+05  -8.500000E-04  9.054348E-05  0.000000E+00  1.646598E-16       92
   1.73E-07     -3.184272E-03 -2.542604E-03  3.361598E-05  1.078811E-05 3.00E-12
   6.97E-07 0.00E+00 2.22E-07  2.425677E-10  5.717655E-09  2.186936E-06     1.00
 2.7500000E+05  -8.750000E-04  9.361100E-05  0.000000E+00  1.670415E-16       93
   1.79E-07     -3.204535E-03 -2.542604E-03  3.342492E-05  1.085991E-05 4.71E-13
   7.06E-07 0.00E+00 2.34E-07  2.425955E-10  5.996391E-09  2.259010E-06     1.00
 2.8000000E+05  -9.000000E-04  9.669596E-05  0.000000E+00  1.670656E-16       93
   1.76E-07     -3.224822E-03 -2.542604E-03  3.321809E-05  1.093216E-05 5.46E-12
   7.04E-07 0.00E+00 2.33E-07  2.426233E-10  6.279663E-09  2.331548E-06     1.00
 2.8500000E+05  -9.250000E-04  9.978108E-05  0.000000E+00  1.670901E-16       93
   1.75E-07     -3.245109E-03 -2.542604E-03  3.301124E-05  1.100492E-05 2.66E-13
   7.02E-07 0.00E+00 2.32E-07  2.426512E-10  6.567997E-09  2.404593E-06     1.00
 2.9000000E+05  -9.500000E-04  1.028664E-04  0.000000E+00  1.671146E-16       93
   1.75E-07     -3.265395E-03 -2.542604E-03  3.280436E-05  1.107818E-05 5.39E-13
   7.00E-07 0.00E+00 2.31E-07  2.426790E-10  6.861394E-09  2.478145E-06     1.00
 2.9500000E+05  -9.750000E-04  1.059518E-04  0.000000E+00  1.671390E-16       93
   1.74E-07     -3.285681E-03 -2.542604E-03  3.259746E-05  1.115194E-05 2.07E-13
   6.98E-07 0.00E+00 2.30E-07  2.427069E-10  7.159853E-09  2.552205E-06     1.00
 3.0000000E+05  -1.000000E-03  1.090375E-04  0.000000E+00  1.671633E-16       93
   1.74E-07     -3.305967E-03 -2.542604E-03  3.239053E-05  1.122620E-05 9.15E-14
   6.95E-07 0.00E+00 2.30E-07  2.427347E-10  7.463375E-09  2.626771E-06     1.00
 3.0500000E+05  -1.025000E-03  1.121233E-04  0.000000E+00  1.671874E-16       93
   1.73E-07     -3.326252E-03 -2.542604E-03  3.218357E-05  1.130097E-05 6.69E-12
   6.93E-07 0.00E+00 2.29E-07  2.427626E-10  7.771962E-09  2.701845E-06     1.00
 3.1000000E+05  -1.050000E-03  1.162074E-04  0.000000E+00  3.293841E-16       93
   2.06E-07     -3.345318E-03 -2.542604E-03  3.187283E-05  1.137244E-05 3.76E-13
   8.50E-07 0.00E+00 2.62E-07  2.428040E-10  9.332150E-09  2.774883E-06     1.00
 3.1500000E+05  -1.075000E-03  1.212725E-04  0.000000E+00  3.294454E-16       93
   2.32E-07     -3.363185E-03 -2.542604E-03  3.145989E-05  1.144065E-05 1.22E-12
   9.73E-07 0.00E+00 2.93E-07  2.428586E-10  1.213235E-08  2.845885E-06     1.00
 3.2000000E+05  -1.100000E-03  1.263378E-04  0.000000E+00  3.295066E-16       93
   2.31E-07     -3.381051E-03 -2.542604E-03  3.104690E-05  1.150927E-05 1.11E-12
   9.70E-07 0.00E+00 2.93E-07  2.429132E-10  1.495207E-08  2.917333E-06     1.00
 3.2500000E+05  -1.125000E-03  1.316169E-04  0.000000E+00  4.270912E-16       93
   2.34E-07     -3.398683E-03 -2.542604E-03  3.061247E-05  1.157753E-05 6.86E-12
   1.02E-06 0.00E+00 2.94E-07  2.429727E-10  1.805196E-08  2.988685E-06     1.00
 3.3000000E+05  -1.150000E-03  1.373470E-04  0.000000E+00  4.271528E-16       93
   2.37E-07     -3.415825E-03 -2.542604E-03  3.013278E-05  1.164450E-05 7.61E-13
   1.11E-06 0.00E+00 2.97E-07  2.430426E-10  2.171861E-08  3.059325E-06     1.00
 3.3500000E+05  -1.175000E-03  1.430931E-04  0.000000E+00  4.071854E-16       93
   2.38E-07     -3.432900E-03 -2.542604E-03  2.961704E-05  1.171178E-05 3.80E-12
   1.10E-06 0.00E+00 2.97E-07  2.431117E-10  2.547139E-08  3.130354E-06     1.00
 3.4000000E+05  -1.200000E-03  1.488855E-04  0.000000E+00  4.072418E-16       93
   2.37E-07     -3.449787E-03 -2.542604E-03  2.899683E-05  1.177914E-05 8.44E-12
   1.08E-06 0.00E+00 2.99E-07  2.431785E-10  2.944245E-08  3.201690E-06     1.00
 3.4500000E+05  -1.225000E-03  1.546780E-04  0.000000E+00  4.072971E-16       93
   2.36E-07     -3.466673E-03 -2.542604E-03  2.837657E-05  1.184692E-05 1.25E-11
   1.07E-06 0.00E+00 2.99E-07  2.432454E-10  3.342417E-08  3.273448E-06     1.00
 3.5000000E+05  -1.250000E-03  1.604706E-04  0.000000E+00  4.073548E-16       93
   2.36E-07     -3.483558E-03 -2.542604E-03  2.775626E-05  1.191511E-05 5.26E-12
   1.07E-06 0.00E+00 2.98E-07  2.433123E-10  3.741654E-08  3.345630E-06     1.00
 3.5500000E+05  -1.275000E-03  1.662633E-04  0.000000E+00  4.074115E-16       93
   2.35E-07     -3.500443E-03 -2.542604E-03  2.713590E-05  1.198371E-05 5.68E-11
   1.07E-06 0.00E+00 2.97E-07  2.433791E-10  4.141957E-08  3.418234E-06     1.00
 3.6000000E+05  -1.300000E-03  1.720561E-04  0.000000E+00  4.074672E-16       93
   2.35E-07     -3.517326E-03 -2.542604E-03  2.651549E-05  1.205272E-05 5.18E-13
   1.07E-06 0.00E+00 2.96E-07  2.434460E-10  4.543325E-08  3.491261E-06     1.00
 3.6500000E+05  -1.325000E-03  1.778490E-04  0.000000E+00  4.075237E-16       93
   2.34E-07     -3.534209E-03 -2.542604E-03  2.589503E-05  1.212215E-05 2.56E-13
   1.06E-06 0.00E+00 2.95E-07  2.435129E-10  4.945759E-08  3.564711E-06     1.00
 3.7000000E+05  -1.350000E-03  1.836421E-04  0.000000E+00  4.075821E-16       93
   2.33E-07     -3.551092E-03 -2.542604E-03  2.527452E-05  1.219198E-05 2.45E-12
   1.06E-06 0.00E+00 2.95E-07  2.435798E-10  5.349258E-08  3.638584E-06     1.00
 3.7500000E+05  -1.375000E-03  1.894352E-04  0.000000E+00  4.076368E-16       93
   2.32E-07     -3.567973E-03 -2.542604E-03  2.465395E-05  1.226223E-05 9.37E-13
   1.06E-06 0.00E+00 2.94E-07  2.436467E-10  5.753823E-08  3.712879E-06     1.00
 3.8000000E+05  -1.400000E-03  1.952285E-04  0.000000E+00  4.076943E-16       93
   2.32E-07     -3.584854E-03 -2.542604E-03  2.403334E-05  1.233289E-05 3.91E-12
   1.05E-06 0.00E+00 2.93E-07  2.437137E-10  6.159453E-08  3.787597E-06     1.00
 3.8500000E+05  -1.425000E-03  2.010219E-04  0.000000E+00  4.077481E-16       93
   2.31E-07     -3.601734E-03 -2.542604E-03  2.341267E-05  1.240397E-05 3.20E-13
   1.05E-06 0.00E+00 2.92E-07  2.437806E-10  6.566149E-08  3.862738E-06     1.00
 3.9000000E+05  -1.450000E-03  2.069870E-04  0.000000E+00  5.223430E-16       93
   2.45E-07     -3.618487E-03 -2.542604E-03  2.291337E-05  1.247483E-05 2.32E-12
   1.16E-06 0.00E+00 3.05E-07  2.438613E-10  6.992818E-08  3.937864E-06     1.00
 3.9500000E+05  -1.475000E-03  2.130093E-04  0.000000E+00  5.224235E-16       93
   2.47E-07     -3.635197E-03 -2.542604E-03  2.245423E-05  1.254589E-05 1.89E-13
   1.19E-06 0.00E+00 3.09E-07  2.439465E-10  7.426786E-08  4.013264E-06     1.00
 4.0000000E+05  -1.500000E-03  2.190317E-04  0.000000E+00  5.225047E-16       93
   2.46E-07     -3.651906E-03 -2.542604E-03  2.199505E-05  1.261736E-05 4.23E-13
   1.19E-06 0.00E+00 3.08E-07  2.440317E-10  7.861709E-08  4.089083E-06     1.00
 4.0500000E+05  -1.525000E-03  2.250924E-04  0.000000E+00  5.115330E-16       93
   2.45E-07     -3.668571E-03 -2.542604E-03  2.157865E-05  1.268909E-05 3.16E-12
   1.18E-06 0.00E+00 3.07E-07  2.441164E-10  8.302129E-08  4.165223E-06     1.00
 4.1000000E+05  -1.550000E-03  2.312311E-04  0.000000E+00  5.116091E-16       93
   2.44E-07     -3.685149E-03 -2.542604E-03  2.124966E-05  1.276095E-05 3.13E-13
   1.17E-06 0.00E+00 3.07E-07  2.442000E-10  8.752565E-08  4.241581E-06     1.00
 4.1500000E+05  -1.575000E-03  2.373699E-04  0.000000E+00  5.116616E-16       93
   2.44E-07     -3.701726E-03 -2.542604E-03  2.092062E-05  1.283321E-05 1.09E-10
   1.16E-06 0.00E+00 3.06E-07  2.442835E-10  9.203666E-08  4.318354E-06     1.00
 4.2000000E+05  -1.600000E-03  2.435086E-04  0.000000E+00  5.117498E-16       93
   2.43E-07     -3.718302E-03 -2.542604E-03  2.059150E-05  1.290588E-05 3.06E-12
   1.16E-06 0.00E+00 3.05E-07  2.443671E-10  9.655432E-08  4.395544E-06     1.00
 4.2500000E+05  -1.625000E-03  2.496473E-04  0.000000E+00  5.118338E-16       93
   2.42E-07     -3.734877E-03 -2.542604E-03  2.026232E-05  1.297896E-05 1.75E-12
   1.16E-06 0.00E+00 3.04E-07  2.444507E-10  1.010786E-07  4.473148E-06     1.00
 4.3000000E+05  -1.650000E-03  2.557860E-04  0.000000E+00  5.119105E-16       93
   2.42E-07     -3.751452E-03 -2.542604E-03  1.993308E-05  1.305245E-05 5.24E-13
   1.15E-06 0.00E+00 3.03E-07  2.445343E-10  1.056096E-07  4.551168E-06     1.00
 4.3500000E+05  -1.675000E-03  2.619249E-04  0.000000E+00  5.072113E-16       93
   2.41E-07     -3.768024E-03 -2.542604E-03  1.960458E-05  1.312634E-05 4.24E-10
   1.15E-06 0.00E+00 3.02E-07  2.446178E-10  1.101504E-07  4.629603E-06     1.00
 4.4000000E+05  -1.700000E-03  2.680632E-04  0.000000E+00  4.937318E-16       93
   2.31E-07     -3.784501E-03 -2.542604E-03  1.930405E-05  1.320054E-05 4.04E-13
   1.13E-06 0.00E+00 2.88E-07  2.446982E-10  1.148085E-07  4.708454E-06     1.00
 4.4500000E+05  -1.725000E-03  2.742015E-04  0.000000E+00  4.938039E-16       93
   2.31E-07     -3.800978E-03 -2.542604E-03  1.900353E-05  1.327514E-05 3.22E-12
   1.13E-06 0.00E+00 2.87E-07  2.447787E-10  1.194700E-07  4.787717E-06     1.00
 4.5000000E+05  -1.750000E-03  2.803398E-04  0.000000E+00  4.938736E-16       93
   2.30E-07     -3.817454E-03 -2.542604E-03  1.870295E-05  1.335015E-05 9.57E-14
   1.12E-06 0.00E+00 2.87E-07  2.448592E-10  1.241349E-07  4.867394E-06     1.00
 4.5500000E+05  -1.775000E-03  2.864781E-04  0.000000E+00  4.939430E-16       93
   2.30E-07     -3.833930E-03 -2.542604E-03  1.840231E-05  1.342557E-05 9.70E-12
   1.12E-06 0.00E+00 2.86E-07  2.449396E-10  1.288032E-07  4.947484E-06     1.00
 4.6000000E+05  -1.800000E-03  2.926164E-04  0.000000E+00  4.940156E-16       93
   2.29E-07     -3.850405E-03 -2.542604E-03  1.810162E-05  1.350140E-05 1.52E-13
   1.12E-06 0.00E+00 2.85E-07  2.450201E-10  1.334748E-07  5.027986E-06     1.00
 4.6500000E+05  -1.825000E-03  2.987547E-04  0.000000E+00  4.940906E-16       93
   2.28E-07     -3.866879E-03 -2.542604E-03  1.780087E-05  1.357764E-05 2.41E-11
   1.11E-06 0.00E+00 2.84E-07  2.451006E-10  1.381497E-07  5.108902E-06     1.00
 4.7000000E+05  -1.850000E-03  3.048929E-04  0.000000E+00  4.941576E-16       93
   2.27E-07     -3.883352E-03 -2.542604E-03  1.750007E-05  1.365429E-05 1.98E-11
   1.11E-06 0.00E+00 2.83E-07  2.451811E-10  1.428280E-07  5.190231E-06     1.00
 4.7500000E+05  -1.875000E-03  3.110758E-04  0.000000E+00  5.515068E-16       93
   2.30E-07     -3.899753E-03 -2.542604E-03  1.716694E-05  1.373111E-05 7.91E-11
   1.12E-06 0.00E+00 2.86E-07  2.452628E-10  1.476365E-07  5.271859E-06     1.00
 4.8000000E+05  -1.900000E-03  3.176109E-04  0.000000E+00  5.522713E-16       93
   2.48E-07     -3.915589E-03 -2.542604E-03  1.658025E-05  1.380644E-05 4.86E-13
   1.16E-06 0.00E+00 3.10E-07  2.453531E-10  1.534472E-07  5.352997E-06     1.00
 4.8500000E+05  -1.925000E-03  3.241460E-04  0.000000E+00  5.523531E-16       93
   2.47E-07     -3.931423E-03 -2.542604E-03  1.599349E-05  1.388216E-05 8.76E-13
   1.16E-06 0.00E+00 3.09E-07  2.454435E-10  1.592599E-07  5.434531E-06     1.00
 4.9000000E+05  -1.950000E-03  3.306810E-04  0.000000E+00  5.524377E-16       93
   2.46E-07     -3.947257E-03 -2.542604E-03  1.540665E-05  1.395828E-05 2.15E-12
   1.16E-06 0.00E+00 3.08E-07  2.455338E-10  1.650744E-07  5.516463E-06     1.00
 4.9500000E+05  -1.975000E-03  3.372160E-04  0.000000E+00  5.525204E-16       93
   2.46E-07     -3.963090E-03 -2.542604E-03  1.481973E-05  1.403479E-05 4.58E-12
   1.15E-06 0.00E+00 3.07E-07  2.456242E-10  1.708907E-07  5.598793E-06     1.00
 5.0000000E+05  -2.000000E-03  3.438196E-04  0.000000E+00  5.692998E-16       93
   2.43E-07     -3.978830E-03 -2.542604E-03  1.431515E-05  1.411135E-05 3.11E-12
   1.17E-06 0.00E+00 3.05E-07  2.457166E-10  1.768858E-07  5.681343E-06     1.00
 5.0500000E+05  -2.025000E-03  3.504378E-04  0.000000E+00  5.693795E-16       93
   2.42E-07     -3.994549E-03 -2.542604E-03  1.382800E-05  1.418822E-05 2.11E-12
   1.17E-06 0.00E+00 3.03E-07  2.458095E-10  1.829212E-07  5.764252E-06     1.00
 5.1000000E+05  -2.050000E-03  3.570559E-04  0.000000E+00  5.694598E-16       93
   2.42E-07     -4.010267E-03 -2.542604E-03  1.334075E-05  1.426548E-05 7.99E-13
   1.16E-06 0.00E+00 3.03E-07  2.459024E-10  1.889594E-07  5.847554E-06     1.00
 5.1500000E+05  -2.075000E-03  3.636739E-04  0.000000E+00  5.695403E-16       93
   2.41E-07     -4.025985E-03 -2.542604E-03  1.285342E-05  1.434314E-05 4.01E-14
   1.16E-06 0.00E+00 3.02E-07  2.459953E-10  1.950004E-07  5.931252E-06     1.00
 5.2000000E+05  -2.100000E-03  3.702918E-04  0.000000E+00  5.696201E-16       93
   2.40E-07     -4.041701E-03 -2.542604E-03  1.236601E-05  1.442119E-05 4.57E-13
   1.16E-06 0.00E+00 3.01E-07  2.460883E-10  2.010442E-07  6.015343E-06     1.00
 5.2500000E+05  -2.125000E-03  3.769095E-04  0.000000E+00  5.697104E-16       93
   2.40E-07     -4.057417E-03 -2.542604E-03  1.187850E-05  1.449963E-05 4.19E-11
   1.16E-06 0.00E+00 3.00E-07  2.461812E-10  2.070909E-07  6.099829E-06     1.00
 5.3000000E+05  -2.150000E-03  3.835272E-04  0.000000E+00  5.697810E-16       93
   2.39E-07     -4.073133E-03 -2.542604E-03  1.139091E-05  1.457846E-05 1.69E-12
   1.15E-06 0.00E+00 2.99E-07  2.462742E-10  2.131403E-07  6.184710E-06     1.00
 5.3500000E+05  -2.175000E-03  3.900942E-04  0.000000E+00  5.286173E-16       94
   2.37E-07     -4.088960E-03 -2.542604E-03  1.092574E-05  1.465788E-05 2.97E-12
   1.14E-06 0.00E+00 2.96E-07  2.463651E-10  2.191223E-07  6.270113E-06     1.00
 5.4000000E+05  -2.200000E-03  3.965426E-04  0.000000E+00  5.286899E-16       94
   2.29E-07     -4.105050E-03 -2.542604E-03  1.051304E-05  1.473816E-05 1.36E-12
   1.11E-06 0.00E+00 2.89E-07  2.464513E-10  2.249450E-07  6.356219E-06     1.00
 5.4500000E+05  -2.225000E-03  4.029909E-04  0.000000E+00  5.287631E-16       94
   2.29E-07     -4.121139E-03 -2.542604E-03  1.010025E-05  1.481884E-05 3.72E-12
   1.11E-06 0.00E+00 2.89E-07  2.465375E-10  2.307747E-07  6.442728E-06     1.00
 5.5000000E+05  -2.250000E-03  4.094391E-04  0.000000E+00  5.288371E-16       94
   2.28E-07     -4.137227E-03 -2.542604E-03  9.687369E-06  1.489992E-05 8.86E-13
   1.10E-06 0.00E+00 2.88E-07  2.466238E-10  2.366112E-07  6.529641E-06     1.00
 5.5500000E+05  -2.275000E-03  4.158871E-04  0.000000E+00  5.289101E-16       94
   2.28E-07     -4.153315E-03 -2.542604E-03  9.274403E-06  1.498139E-05 2.98E-12
   1.10E-06 0.00E+00 2.87E-07  2.467100E-10  2.424547E-07  6.616958E-06     1.00
 5.6000000E+05  -2.300000E-03  4.223351E-04  0.000000E+00  5.289838E-16       94
   2.27E-07     -4.169402E-03 -2.542604E-03  8.861350E-06  1.506326E-05 1.66E-13
   1.10E-06 0.00E+00 2.86E-07  2.467963E-10  2.483051E-07  6.704678E-06     1.00
 5.6500000E+05  -2.325000E-03  4.289067E-04  0.000000E+00  5.306841E-16       94
   2.28E-07     -4.185357E-03 -2.542604E-03  8.508807E-06  1.514494E-05 6.18E-12
   1.10E-06 0.00E+00 2.86E-07  2.468827E-10  2.544404E-07  6.792487E-06     1.00
 5.7000000E+05  -2.350000E-03  4.356293E-04  0.000000E+00  5.307408E-16       94
   2.29E-07     -4.201151E-03 -2.542604E-03  8.230167E-06  1.522628E-05 1.03E-10
   1.09E-06 0.00E+00 2.85E-07  2.469694E-10  2.609244E-07  6.880311E-06     1.00
 5.7500000E+05  -2.375000E-03  4.423519E-04  0.000000E+00  5.308309E-16       94
   2.28E-07     -4.216945E-03 -2.542604E-03  7.951472E-06  1.530800E-05 8.82E-12
   1.09E-06 0.00E+00 2.84E-07  2.470561E-10  2.674179E-07  6.968531E-06     1.00
 5.8000000E+05  -2.400000E-03  4.490745E-04  0.000000E+00  5.309023E-16       94
   2.28E-07     -4.232738E-03 -2.542604E-03  7.672723E-06  1.539011E-05 1.68E-12
   1.09E-06 0.00E+00 2.83E-07  2.471428E-10  2.739210E-07  7.057147E-06     1.00
 5.8500000E+05  -2.425000E-03  4.557970E-04  0.000000E+00  5.309766E-16       94
   2.27E-07     -4.248530E-03 -2.542604E-03  7.393919E-06  1.547261E-05 1.26E-12
   1.08E-06 0.00E+00 2.83E-07  2.472295E-10  2.804336E-07  7.146160E-06     1.00
 5.9000000E+05  -2.450000E-03  4.625194E-04  0.000000E+00  5.310508E-16       94
   2.26E-07     -4.264321E-03 -2.542604E-03  7.115061E-06  1.555550E-05 5.84E-12
   1.08E-06 0.00E+00 2.82E-07  2.473162E-10  2.869558E-07  7.235568E-06     1.00
 5.9500000E+05  -2.475000E-03  4.692419E-04  0.000000E+00  5.311223E-16       94
   2.26E-07     -4.280111E-03 -2.542604E-03  6.836149E-06  1.563877E-05 1.42E-11
   1.08E-06 0.00E+00 2.81E-07  2.474029E-10  2.934875E-07  7.325373E-06     1.00
 6.0000000E+05  -2.500000E-03  4.759642E-04  0.000000E+00  5.311959E-16       94
   2.25E-07     -4.295901E-03 -2.542604E-03  6.557182E-06  1.572243E-05 3.42E-12
   1.08E-06 0.00E+00 2.80E-07  2.474896E-10  3.000287E-07  7.415574E-06     1.00
 6.0500000E+05  -2.525000E-03  4.826866E-04  0.000000E+00  5.312712E-16       94
   2.25E-07     -4.311690E-03 -2.542604E-03  6.278162E-06  1.580648E-05 2.00E-13
   1.07E-06 0.00E+00 2.80E-07  2.475764E-10  3.065795E-07  7.506171E-06     1.00
 6.1000000E+05  -2.550000E-03  4.894089E-04  0.000000E+00  5.313454E-16       94
   2.24E-07     -4.327478E-03 -2.542604E-03  5.999086E-06  1.589091E-05 4.11E-12
   1.07E-06 0.00E+00 2.79E-07  2.476631E-10  3.131398E-07  7.597164E-06     1.00
 6.1500000E+05  -2.575000E-03  4.961312E-04  0.000000E+00  5.314224E-16       94
   2.24E-07     -4.343266E-03 -2.542604E-03  5.719957E-06  1.597573E-05 1.27E-11
   1.07E-06 0.00E+00 2.78E-07  2.477499E-10  3.197096E-07  7.688554E-06     1.00
 6.2000000E+05  -2.600000E-03  5.028534E-04  0.000000E+00  5.314893E-16       94
   2.23E-07     -4.359052E-03 -2.542604E-03  5.440773E-06  1.606094E-05 9.35E-14
   1.07E-06 0.00E+00 2.78E-07  2.478367E-10  3.262890E-07  7.780339E-06     1.00
 6.2500000E+05  -2.625000E-03  5.095756E-04  0.000000E+00  5.315627E-16       94
   2.22E-07     -4.374838E-03 -2.542604E-03  5.161535E-06  1.614653E-05 1.07E-11
   1.06E-06 0.00E+00 2.77E-07  2.479235E-10  3.328779E-07  7.872521E-06     1.00
 6.3000000E+05  -2.650000E-03  5.162977E-04  0.000000E+00  5.316364E-16       94
   2.22E-07     -4.390623E-03 -2.542604E-03  4.882242E-06  1.623251E-05 2.16E-13
   1.06E-06 0.00E+00 2.76E-07  2.480103E-10  3.394764E-07  7.965099E-06     1.00
 6.3500000E+05  -2.675000E-03  5.230199E-04  0.000000E+00  5.317101E-16       94
   2.21E-07     -4.406407E-03 -2.542604E-03  4.602895E-06  1.631888E-05 2.36E-12
   1.06E-06 0.00E+00 2.75E-07  2.480971E-10  3.460843E-07  8.058073E-06     1.00
 6.4000000E+05  -2.700000E-03  5.298014E-04  0.000000E+00  5.182005E-16       93
   2.22E-07     -4.422187E-03 -2.542604E-03  4.313276E-06  1.640548E-05 1.04E-12
   1.05E-06 0.00E+00 2.75E-07  2.481835E-10  3.526975E-07  8.151292E-06     1.00
 6.4500000E+05  -2.725000E-03  5.367836E-04  0.000000E+00  5.182741E-16       93
   2.24E-07     -4.437954E-03 -2.542604E-03  3.989774E-06  1.649198E-05 1.76E-13
   1.03E-06 0.00E+00 2.76E-07  2.482685E-10  3.593076E-07  8.244398E-06     1.00
 6.5000000E+05  -2.750000E-03  5.437658E-04  0.000000E+00  5.183536E-16       93
   2.24E-07     -4.453720E-03 -2.542604E-03  3.666232E-06  1.657886E-05 1.15E-12
   1.03E-06 0.00E+00 2.75E-07  2.483536E-10  3.659309E-07  8.337900E-06     1.00
 6.5500000E+05  -2.775000E-03  5.507480E-04  0.000000E+00  5.184324E-16       93
   2.23E-07     -4.469485E-03 -2.542604E-03  3.342648E-06  1.666612E-05 3.64E-12
   1.02E-06 0.00E+00 2.74E-07  2.484386E-10  3.725674E-07  8.431797E-06     1.00
 6.6000000E+05  -2.800000E-03  5.577304E-04  0.000000E+00  5.185122E-16       93
   2.23E-07     -4.485249E-03 -2.542604E-03  3.019022E-06  1.675376E-05 2.89E-13
   1.02E-06 0.00E+00 2.74E-07  2.485236E-10  3.792172E-07  8.526089E-06     1.00
 6.6500000E+05  -2.825000E-03  5.647127E-04  0.000000E+00  5.185928E-16       93
   2.22E-07     -4.501012E-03 -2.542604E-03  2.695356E-06  1.684178E-05 1.05E-12
   1.02E-06 0.00E+00 2.73E-07  2.486087E-10  3.858802E-07  8.620777E-06     1.00
 6.7000000E+05  -2.850000E-03  5.716951E-04  0.000000E+00  5.186735E-16       93
   2.22E-07     -4.516775E-03 -2.542604E-03  2.371648E-06  1.693019E-05 1.49E-12
   1.01E-06 0.00E+00 2.72E-07  2.486937E-10  3.925564E-07  8.715860E-06     1.00
 6.7500000E+05  -2.875000E-03  5.787803E-04  0.000000E+00  5.094716E-16       93
   2.21E-07     -4.532468E-03 -2.542604E-03  2.017086E-06  1.701857E-05 4.51E-14
   1.01E-06 0.00E+00 2.71E-07  2.487782E-10  3.993916E-07  8.811078E-06     1.00
 6.8000000E+05  -2.900000E-03  5.859936E-04  0.000000E+00  5.095414E-16       93
   2.19E-07     -4.548075E-03 -2.542604E-03  1.623965E-06  1.710683E-05 2.81E-13
   1.00E-06 0.00E+00 2.70E-07  2.488618E-10  4.064202E-07  8.906363E-06     1.00
 6.8500000E+05  -2.925000E-03  5.932070E-04  0.000000E+00  5.095938E-16       93
   2.19E-07     -4.563681E-03 -2.542604E-03  1.230794E-06  1.719547E-05 2.60E-11
   9.98E-07 0.00E+00 2.70E-07  2.489454E-10  4.134602E-07  9.002040E-06     1.00
 6.9000000E+05  -2.950000E-03  6.004204E-04  0.000000E+00  5.096843E-16       93
   2.18E-07     -4.579286E-03 -2.542604E-03  8.375754E-07  1.728448E-05 3.08E-13
   9.95E-07 0.00E+00 2.69E-07  2.490290E-10  4.205113E-07  9.098108E-06     1.00
 6.9500000E+05  -2.975000E-03  6.076338E-04  0.000000E+00  5.097554E-16       93
   2.17E-07     -4.594890E-03 -2.542604E-03  4.443074E-07  1.737388E-05 2.55E-13
   9.93E-07 0.00E+00 2.68E-07  2.491126E-10  4.275737E-07  9.194568E-06     1.00
 7.0000000E+05  -3.000000E-03  6.148473E-04  0.000000E+00  5.098268E-16       93
   2.17E-07     -4.610494E-03 -2.542604E-03  5.099043E-08  1.746366E-05 1.48E-12
   9.90E-07 0.00E+00 2.68E-07  2.491963E-10  4.346473E-07  9.291420E-06     1.00
 7.0500000E+05  -3.025000E-03  6.220608E-04  0.000000E+00  5.098963E-16       93
   2.16E-07     -4.626097E-03 -2.542604E-03 -3.423754E-07  1.755382E-05 4.34E-12
   9.88E-07 0.00E+00 2.67E-07  2.492799E-10  4.417322E-07  9.388663E-06     1.00
 7.1000000E+05  -3.050000E-03  6.292744E-04  0.000000E+00  5.099674E-16       93
   2.16E-07     -4.641699E-03 -2.542604E-03 -7.357901E-07  1.764436E-05 1.54E-11
   9.85E-07 0.00E+00 2.66E-07  2.493636E-10  4.488283E-07  9.486297E-06     1.00
 7.1500000E+05  -3.075000E-03  6.364880E-04  0.000000E+00  5.100386E-16       93
   2.15E-07     -4.657300E-03 -2.542604E-03 -1.129254E-06  1.773527E-05 1.84E-11
   9.83E-07 0.00E+00 2.66E-07  2.494473E-10  4.559356E-07  9.584323E-06     1.00
 7.2000000E+05  -3.100000E-03  6.437016E-04  0.000000E+00  5.101095E-16       93
   2.15E-07     -4.672900E-03 -2.542604E-03 -1.522766E-06  1.782657E-05 5.14E-14
   9.80E-07 0.00E+00 2.65E-07  2.495310E-10  4.630542E-07  9.682740E-06     1.00
 7.2500000E+05  -3.125000E-03  6.509145E-04  0.000000E+00  4.424047E-16       93
   2.13E-07     -4.688488E-03 -2.542604E-03 -1.918567E-06  1.791821E-05 9.58E-13
   9.65E-07 0.00E+00 2.63E-07  2.496126E-10  4.702324E-07  9.781551E-06     1.00
 7.3000000E+05  -3.150000E-03  6.581230E-04  0.000000E+00  4.428055E-16       93
   2.09E-07     -4.704026E-03 -2.542604E-03 -2.323516E-06  1.801004E-05 8.40E-13
   9.03E-07 0.00E+00 2.55E-07  2.496857E-10  4.776120E-07  9.880763E-06     1.00
 7.3500000E+05  -3.175000E-03  6.653316E-04  0.000000E+00  4.428636E-16       93
   2.08E-07     -4.719564E-03 -2.542604E-03 -2.728521E-06  1.810225E-05 7.44E-13
   9.00E-07 0.00E+00 2.55E-07  2.497588E-10  4.850036E-07  9.980366E-06     1.00
 7.4000000E+05  -3.200000E-03  6.725402E-04  0.000000E+00  4.429241E-16       93
   2.08E-07     -4.735100E-03 -2.542604E-03 -3.133582E-06  1.819484E-05 5.92E-13
   8.98E-07 0.00E+00 2.54E-07  2.498319E-10  4.924072E-07  1.008036E-05     1.00
 7.4500000E+05  -3.225000E-03  6.797233E-04  0.000000E+00  4.887662E-16       93
   2.07E-07     -4.750633E-03 -2.542604E-03 -3.492080E-06  1.828782E-05 1.34E-10
   9.10E-07 0.00E+00 2.53E-07  2.499063E-10  4.998682E-07  1.018080E-05     1.00
 7.5000000E+05  -3.250000E-03  6.867849E-04  0.000000E+00  4.887622E-16       93
   2.04E-07     -4.766146E-03 -2.542604E-03 -3.627884E-06  1.838128E-05 1.38E-11
   9.47E-07 0.00E+00 2.53E-07  2.499863E-10  5.075553E-07  1.028195E-05     1.00
 7.5500000E+05  -3.275000E-03  6.938465E-04  0.000000E+00  4.888091E-16       93
   2.03E-07     -4.781659E-03 -2.542604E-03 -3.763701E-06  1.847512E-05 1.20E-11
   9.45E-07 0.00E+00 2.52E-07  2.500663E-10  5.152518E-07  1.038348E-05     1.00
 7.6000000E+05  -3.300000E-03  7.009081E-04  0.000000E+00  4.888646E-16       93
   2.03E-07     -4.797171E-03 -2.542604E-03 -3.899532E-06  1.856933E-05 5.90E-14
   9.42E-07 0.00E+00 2.52E-07  2.501464E-10  5.229578E-07  1.048541E-05     1.00
 7.6500000E+05  -3.325000E-03  7.079697E-04  0.000000E+00  4.889210E-16       93
   2.02E-07     -4.812682E-03 -2.542604E-03 -4.035376E-06  1.866393E-05 6.31E-13
   9.40E-07 0.00E+00 2.51E-07  2.502264E-10  5.306733E-07  1.058772E-05     1.00
 7.7000000E+05  -3.350000E-03  7.150313E-04  0.000000E+00  4.889761E-16       93
   2.02E-07     -4.828192E-03 -2.542604E-03 -4.171234E-06  1.875891E-05 3.66E-11
   9.38E-07 0.00E+00 2.51E-07  2.503065E-10  5.383982E-07  1.069042E-05     1.00
 7.7500000E+05  -3.375000E-03  7.220929E-04  0.000000E+00  4.890326E-16       93
   2.01E-07     -4.843702E-03 -2.542604E-03 -4.307104E-06  1.885426E-05 4.21E-12
   9.35E-07 0.00E+00 2.50E-07  2.503866E-10  5.461325E-07  1.079351E-05     1.00
 7.8000000E+05  -3.400000E-03  7.291544E-04  0.000000E+00  4.890889E-16       93
   2.01E-07     -4.859211E-03 -2.542604E-03 -4.442988E-06  1.895000E-05 1.98E-11
   9.33E-07 0.00E+00 2.49E-07  2.504666E-10  5.538763E-07  1.089699E-05     1.00
 7.8500000E+05  -3.425000E-03  7.368188E-04  0.000000E+00  5.235156E-16       93
   2.06E-07     -4.874247E-03 -2.542604E-03 -4.455912E-06  1.904309E-05 4.65E-12
   9.62E-07 0.00E+00 2.55E-07  2.505515E-10  5.631224E-07  1.099933E-05     1.00
 7.9000000E+05  -3.450000E-03  7.445837E-04  0.000000E+00  5.235783E-16       93
   2.05E-07     -4.889203E-03 -2.542604E-03 -4.448382E-06  1.913604E-05 2.63E-12
   9.61E-07 0.00E+00 2.56E-07  2.506372E-10  5.726272E-07  1.110179E-05     1.00
 7.9500000E+05  -3.475000E-03  7.523486E-04  0.000000E+00  5.236408E-16       93
   2.05E-07     -4.904159E-03 -2.542604E-03 -4.440868E-06  1.922936E-05 1.94E-12
   9.59E-07 0.00E+00 2.55E-07  2.507229E-10  5.821422E-07  1.120462E-05     1.00
 8.0000000E+05  -3.500000E-03  7.601135E-04  0.000000E+00  5.237030E-16       93
   2.04E-07     -4.919114E-03 -2.542604E-03 -4.433371E-06  1.932305E-05 3.89E-13
   9.57E-07 0.00E+00 2.55E-07  2.508085E-10  5.916674E-07  1.130783E-05     1.00
 8.0500000E+05  -3.525000E-03  7.678784E-04  0.000000E+00  5.261402E-16       94
   2.10E-07     -4.934068E-03 -2.542604E-03 -4.425895E-06  1.941710E-05 1.50E-12
   9.60E-07 0.00E+00 2.59E-07  2.508947E-10  6.012027E-07  1.141142E-05     1.00
 8.1000000E+05  -3.550000E-03  7.756433E-04  0.000000E+00  5.261999E-16       94
   2.10E-07     -4.949021E-03 -2.542604E-03 -4.418430E-06  1.951151E-05 8.40E-13
   9.58E-07 0.00E+00 2.59E-07  2.509809E-10  6.107482E-07  1.151538E-05     1.00
 8.1500000E+05  -3.575000E-03  7.834082E-04  0.000000E+00  5.262622E-16       94
   2.07E-07     -4.963973E-03 -2.542604E-03 -4.410981E-06  1.960629E-05 7.13E-13
   9.56E-07 0.00E+00 2.58E-07  2.510672E-10  6.203039E-07  1.161971E-05     1.00
 8.2000000E+05  -3.600000E-03  7.917214E-04  0.000000E+00  5.514143E-16       94
   2.11E-07     -4.978784E-03 -2.542604E-03 -4.409499E-06  1.969962E-05 6.78E-11
   9.78E-07 0.00E+00 2.57E-07  2.511569E-10  6.302959E-07  1.172303E-05     1.00
 8.2500000E+05  -3.625000E-03  8.001636E-04  0.000000E+00  5.515027E-16       94
   2.11E-07     -4.993562E-03 -2.542604E-03 -4.397440E-06  1.979288E-05 3.68E-12
   9.74E-07 0.00E+00 2.57E-07  2.512473E-10  6.403997E-07  1.182640E-05     1.00
 8.3000000E+05  -3.650000E-03  8.086059E-04  0.000000E+00  5.515679E-16       94
   2.10E-07     -5.008340E-03 -2.542604E-03 -4.385298E-06  1.988651E-05 8.94E-14
   9.72E-07 0.00E+00 2.56E-07  2.513376E-10  6.505126E-07  1.193014E-05     1.00
 8.3500000E+05  -3.675000E-03  8.170483E-04  0.000000E+00  5.516403E-16       94
   2.10E-07     -5.023116E-03 -2.542604E-03 -4.373075E-06  1.998049E-05 1.07E-11
   9.69E-07 0.00E+00 2.56E-07  2.514280E-10  6.606347E-07  1.203425E-05     1.00
 8.4000000E+05  -3.700000E-03  8.255409E-04  0.000000E+00  5.603926E-16       94
   2.15E-07     -5.037813E-03 -2.542604E-03 -4.333819E-06  2.007437E-05 1.76E-12
   9.76E-07 0.00E+00 2.59E-07  2.515195E-10  6.711071E-07  1.213860E-05     1.00
 8.4500000E+05  -3.725000E-03  8.340979E-04  0.000000E+00  5.604841E-16       94
   2.20E-07     -5.052407E-03 -2.542604E-03 -4.258027E-06  2.016801E-05 6.59E-14
   9.66E-07 0.00E+00 2.64E-07  2.516118E-10  6.820255E-07  1.224315E-05     1.00
 8.5000000E+05  -3.750000E-03  8.426549E-04  0.000000E+00  5.605671E-16       94
   2.20E-07     -5.067000E-03 -2.542604E-03 -4.182116E-06  2.026202E-05 1.83E-12
   9.64E-07 0.00E+00 2.63E-07  2.517042E-10  6.929419E-07  1.234808E-05     1.00
 8.5500000E+05  -3.775000E-03  8.512119E-04  0.000000E+00  5.606838E-16       94
   2.19E-07     -5.081592E-03 -2.542604E-03 -4.106085E-06  2.035639E-05 1.94E-11
   9.62E-07 0.00E+00 2.62E-07  2.517966E-10  7.038563E-07  1.245337E-05     1.00
 8.6000000E+05  -3.800000E-03  8.597689E-04  0.000000E+00  5.607332E-16       94
   2.19E-07     -5.096183E-03 -2.542604E-03 -4.029934E-06  2.045114E-05 1.15E-12
   9.60E-07 0.00E+00 2.62E-07  2.518890E-10  7.147688E-07  1.255902E-05     1.00
 8.6500000E+05  -3.825000E-03  8.683259E-04  0.000000E+00  5.608148E-16       94
   2.18E-07     -5.110773E-03 -2.542604E-03 -3.953664E-06  2.054625E-05 2.58E-13
   9.58E-07 0.00E+00 2.61E-07  2.519814E-10  7.256793E-07  1.266504E-05     1.00
 8.7000000E+05  -3.850000E-03  8.768829E-04  0.000000E+00  5.608967E-16       94
   2.18E-07     -5.125363E-03 -2.542604E-03 -3.877275E-06  2.064173E-05 2.86E-12
   9.56E-07 0.00E+00 2.61E-07  2.520738E-10  7.365878E-07  1.277143E-05     1.00
 8.7500000E+05  -3.875000E-03  8.854399E-04  0.000000E+00  5.609827E-16       94
   2.17E-07     -5.139952E-03 -2.542604E-03 -3.800766E-06  2.073758E-05 9.76E-13
   9.53E-07 0.00E+00 2.60E-07  2.521663E-10  7.474944E-07  1.287819E-05     1.00
 8.8000000E+05  -3.900000E-03  8.939969E-04  0.000000E+00  5.610665E-16       94
   2.17E-07     -5.154540E-03 -2.542604E-03 -3.724137E-06  2.083380E-05 3.18E-12
   9.51E-07 0.00E+00 2.60E-07  2.522587E-10  7.583990E-07  1.298531E-05     1.00
 8.8500000E+05  -3.925000E-03  9.025540E-04  0.000000E+00  5.611503E-16       94
   2.16E-07     -5.169127E-03 -2.542604E-03 -3.647389E-06  2.093039E-05 2.44E-13
   9.49E-07 0.00E+00 2.59E-07  2.523512E-10  7.693016E-07  1.309280E-05     1.00
 8.9000000E+05  -3.950000E-03  9.111110E-04  0.000000E+00  5.612360E-16       94
   2.16E-07     -5.183713E-03 -2.542604E-03 -3.570520E-06  2.102734E-05 3.70E-14
   9.47E-07 0.00E+00 2.58E-07  2.524437E-10  7.802022E-07  1.320066E-05     1.00
 8.9500000E+05  -3.975000E-03  9.204442E-04  0.000000E+00  8.220533E-16       94
   2.19E-07     -5.197753E-03 -2.542604E-03 -3.654531E-06  2.112073E-05 5.51E-11
   1.08E-06 0.00E+00 2.65E-07  2.525587E-10  7.930664E-07  1.330691E-05     1.00
 9.0000000E+05  -4.000000E-03  9.304070E-04  0.000000E+00  8.224372E-16       94
   2.20E-07     -5.211351E-03 -2.542604E-03 -3.868816E-06  2.121128E-05 1.58E-12
   1.16E-06 0.00E+00 2.70E-07  2.526917E-10  8.075223E-07  1.341192E-05     1.00
 9.0500000E+05  -4.025000E-03  9.403697E-04  0.000000E+00  8.225972E-16       94
   2.20E-07     -5.224948E-03 -2.542604E-03 -4.083073E-06  2.130217E-05 4.31E-13
   1.16E-06 0.00E+00 2.69E-07  2.528247E-10  8.219779E-07  1.351726E-05     1.00
 9.1000000E+05  -4.050000E-03  9.503323E-04  0.000000E+00  8.227611E-16       94
   2.19E-07     -5.238545E-03 -2.542604E-03 -4.297303E-06  2.139340E-05 4.06E-12
   1.16E-06 0.00E+00 2.68E-07  2.529578E-10  8.364332E-07  1.362295E-05     1.00
 9.1500000E+05  -4.075000E-03  9.602949E-04  0.000000E+00  8.229210E-16       94
   2.19E-07     -5.252140E-03 -2.542604E-03 -4.511505E-06  2.148498E-05 1.80E-12
   1.16E-06 0.00E+00 2.68E-07  2.530909E-10  8.508881E-07  1.372898E-05     1.00
 9.2000000E+05  -4.100000E-03  9.702574E-04  0.000000E+00  8.230819E-16       94
   2.19E-07     -5.265734E-03 -2.542604E-03 -4.725681E-06  2.157690E-05 1.21E-11
   1.15E-06 0.00E+00 2.67E-07  2.532240E-10  8.653427E-07  1.383536E-05     1.00
 9.2500000E+05  -4.125000E-03  9.802199E-04  0.000000E+00  8.232473E-16       94
   2.18E-07     -5.279327E-03 -2.542604E-03 -4.939830E-06  2.166916E-05 1.53E-12
   1.15E-06 0.00E+00 2.67E-07  2.533571E-10  8.797970E-07  1.394207E-05     1.00
 9.3000000E+05  -4.150000E-03  9.901822E-04  0.000000E+00  8.234080E-16       94
   2.18E-07     -5.292919E-03 -2.542604E-03 -5.153951E-06  2.176176E-05 4.56E-11
   1.15E-06 0.00E+00 2.66E-07  2.534903E-10  8.942509E-07  1.404913E-05     1.00
 9.3500000E+05  -4.175000E-03  1.000280E-03  0.000000E+00  7.790536E-16       93
   2.13E-07     -5.306451E-03 -2.542604E-03 -5.432399E-06  2.185427E-05 2.19E-12
   1.12E-06 0.00E+00 2.62E-07  2.536185E-10  9.087927E-07  1.415619E-05     1.00
 9.4000000E+05  -4.200000E-03  1.010434E-03  0.000000E+00  7.791921E-16       93
   2.11E-07     -5.319958E-03 -2.542604E-03 -5.737321E-06  2.194696E-05 1.05E-11
   1.11E-06 0.00E+00 2.60E-07  2.537446E-10  9.233684E-07  1.426344E-05     1.00
 9.4500000E+05  -4.225000E-03  1.021195E-03  0.000000E+00  1.067308E-15       92
   2.31E-07     -5.333093E-03 -2.542604E-03 -6.240010E-06  2.203768E-05 1.95E-13
   1.16E-06 0.00E+00 2.80E-07  2.538846E-10  9.387008E-07  1.436950E-05     1.00
 9.5000000E+05  -4.250000E-03  1.033703E-03  0.000000E+00  1.360175E-15       93
   2.97E-07     -5.345504E-03 -2.542604E-03 -7.258460E-06  2.212197E-05 5.96E-14
   1.41E-06 0.00E+00 3.49E-07  2.540960E-10  9.563579E-07  1.447145E-05     1.00
 9.5500000E+05  -4.275000E-03  1.046272E-03  0.000000E+00  1.360427E-15       93
   2.99E-07     -5.357969E-03 -2.542604E-03 -8.282012E-06  2.220632E-05 2.23E-11
   1.44E-06 0.00E+00 3.53E-07  2.543179E-10  9.741255E-07  1.457356E-05     1.00
 9.6000000E+05  -4.300000E-03  1.058840E-03  0.000000E+00  1.360657E-15       93
   2.98E-07     -5.370433E-03 -2.542604E-03 -9.305537E-06  2.229099E-05 1.65E-11
   1.44E-06 0.00E+00 3.53E-07  2.545398E-10  9.918790E-07  1.467599E-05     1.00
 9.6500000E+05  -4.325000E-03  1.071321E-03  0.000000E+00  1.352696E-15       93
   2.97E-07     -5.382913E-03 -2.542604E-03 -1.030212E-05  2.237625E-05 1.69E-12
   1.44E-06 0.00E+00 3.51E-07  2.547610E-10  1.009582E-06  1.477895E-05     1.00
 9.7000000E+05  -4.350000E-03  1.083741E-03  0.000000E+00  1.352951E-15       93
   2.96E-07     -5.395403E-03 -2.542604E-03 -1.127954E-05  2.246202E-05 1.07E-11
   1.43E-06 0.00E+00 3.50E-07  2.549816E-10  1.027246E-06  1.488238E-05     1.00
 9.7500000E+05  -4.375000E-03  1.096160E-03  0.000000E+00  1.353205E-15       93
   2.95E-07     -5.407892E-03 -2.542604E-03 -1.225696E-05  2.254812E-05 2.91E-12
   1.43E-06 0.00E+00 3.50E-07  2.552023E-10  1.044894E-06  1.498613E-05     1.00
 9.8000000E+05  -4.400000E-03  1.108579E-03  0.000000E+00  1.353452E-15       93
   2.95E-07     -5.420379E-03 -2.542604E-03 -1.323437E-05  2.263455E-05 1.00E-12
   1.43E-06 0.00E+00 3.49E-07  2.554230E-10  1.062528E-06  1.509020E-05     1.00
 9.8500000E+05  -4.425000E-03  1.120997E-03  0.000000E+00  1.353714E-15       93
   2.94E-07     -5.432865E-03 -2.542604E-03 -1.421177E-05  2.272131E-05 9.21E-13
   1.42E-06 0.00E+00 3.48E-07  2.556438E-10  1.080147E-06  1.519458E-05     1.00
 9.9000000E+05  -4.450000E-03  1.133416E-03  0.000000E+00  1.353969E-15       93
   2.94E-07     -5.445350E-03 -2.542604E-03 -1.518917E-05  2.280840E-05 1.66E-11
   1.42E-06 0.00E+00 3.48E-07  2.558646E-10  1.097751E-06  1.529927E-05     1.00
 9.9500000E+05  -4.475000E-03  1.145834E-03  0.000000E+00  1.354223E-15       93
   2.93E-07     -5.457834E-03 -2.542604E-03 -1.616656E-05  2.289582E-05 6.19E-14
   1.42E-06 0.00E+00 3.47E-07  2.560855E-10  1.115341E-06  1.540428E-05     1.00
 1.0000000E+06  -4.500000E-03  1.158252E-03  0.000000E+00  1.354478E-15       93
   2.93E-07     -5.470316E-03 -2.542604E-03 -1.714395E-05  2.298357E-05 2.29E-12
   1.42E-06 0.00E+00 3.46E-07  2.563063E-10  1.132916E-06  1.550961E-05     1.00
 1.0050000E+06  -4.525000E-03  1.170670E-03  0.000000E+00  1.354732E-15       93
   2.92E-07     -5.482797E-03 -2.542604E-03 -1.812132E-05  2.307166E-05 1.83E-12
   1.41E-06 0.00E+00 3.46E-07  2.565273E-10  1.150475E-06  1.561525E-05     1.00
 1.0100000E+06  -4.550000E-03  1.183088E-03  0.000000E+00  1.354987E-15       93
   2.92E-07     -5.495277E-03 -2.542604E-03 -1.909870E-05  2.316007E-05 6.03E-13
   1.41E-06 0.00E+00 3.45E-07  2.567483E-10  1.168021E-06  1.572121E-05     1.00
 1.0150000E+06  -4.575000E-03  1.195505E-03  0.000000E+00  1.355244E-15       93
   2.91E-07     -5.507755E-03 -2.542604E-03 -2.007606E-05  2.324881E-05 2.26E-12
   1.41E-06 0.00E+00 3.45E-07  2.569693E-10  1.185551E-06  1.582748E-05     1.00
 1.0200000E+06  -4.600000E-03  1.207923E-03  0.000000E+00  1.355500E-15       93
   2.91E-07     -5.520232E-03 -2.542604E-03 -2.105342E-05  2.333788E-05 2.69E-12
   1.41E-06 0.00E+00 3.44E-07  2.571903E-10  1.203066E-06  1.593407E-05     1.00
 1.0250000E+06  -4.625000E-03  1.220340E-03  0.000000E+00  1.355753E-15       93
   2.90E-07     -5.532708E-03 -2.542604E-03 -2.203077E-05  2.342728E-05 1.25E-12
   1.40E-06 0.00E+00 3.43E-07  2.574114E-10  1.220567E-06  1.604097E-05     1.00
 1.0300000E+06  -4.650000E-03  1.232757E-03  0.000000E+00  1.356007E-15       93
   2.90E-07     -5.545182E-03 -2.542604E-03 -2.300812E-05  2.351702E-05 5.15E-13
   1.40E-06 0.00E+00 3.43E-07  2.576326E-10  1.238053E-06  1.614819E-05     1.00
 1.0350000E+06  -4.675000E-03  1.245174E-03  0.000000E+00  1.356262E-15       93
   2.89E-07     -5.557655E-03 -2.542604E-03 -2.398546E-05  2.360708E-05 4.29E-11
   1.40E-06 0.00E+00 3.42E-07  2.578537E-10  1.255524E-06  1.625572E-05     1.00
 1.0400000E+06  -4.700000E-03  1.257590E-03  0.000000E+00  1.356518E-15       93
   2.88E-07     -5.570127E-03 -2.542604E-03 -2.496279E-05  2.369747E-05 1.87E-12
   1.39E-06 0.00E+00 3.41E-07  2.580750E-10  1.272980E-06  1.636357E-05     1.00
 1.0450000E+06  -4.725000E-03  1.270007E-03  0.000000E+00  1.356772E-15       93
   2.88E-07     -5.582598E-03 -2.542604E-03 -2.594012E-05  2.378819E-05 1.33E-11
   1.39E-06 0.00E+00 3.41E-07  2.582962E-10  1.290421E-06  1.647174E-05     1.00
 1.0500000E+06  -4.750000E-03  1.282423E-03  0.000000E+00  1.357027E-15       93
   2.87E-07     -5.595067E-03 -2.542604E-03 -2.691744E-05  2.387925E-05 1.47E-12
   1.39E-06 0.00E+00 3.40E-07  2.585175E-10  1.307847E-06  1.658022E-05     1.00
 1.0550000E+06  -4.775000E-03  1.294839E-03  0.000000E+00  1.357284E-15       93
   2.87E-07     -5.607535E-03 -2.542604E-03 -2.789475E-05  2.397063E-05 5.61E-12
   1.39E-06 0.00E+00 3.40E-07  2.587389E-10  1.325259E-06  1.668901E-05     1.00
 1.0600000E+06  -4.800000E-03  1.307254E-03  0.000000E+00  1.357538E-15       93
   2.86E-07     -5.620001E-03 -2.542604E-03 -2.887206E-05  2.406234E-05 6.20E-13
   1.38E-06 0.00E+00 3.39E-07  2.589603E-10  1.342655E-06  1.679812E-05     1.00
 1.0650000E+06  -4.825000E-03  1.319670E-03  0.000000E+00  1.357792E-15       93
   2.86E-07     -5.632466E-03 -2.542604E-03 -2.984936E-05  2.415439E-05 8.27E-13
   1.38E-06 0.00E+00 3.38E-07  2.591817E-10  1.360037E-06  1.690755E-05     1.00
 1.0700000E+06  -4.850000E-03  1.332085E-03  0.000000E+00  1.358050E-15       93
   2.85E-07     -5.644930E-03 -2.542604E-03 -3.082665E-05  2.424676E-05 2.76E-12
   1.38E-06 0.00E+00 3.38E-07  2.594032E-10  1.377404E-06  1.701729E-05     1.00
 1.0750000E+06  -4.875000E-03  1.344501E-03  0.000000E+00  1.358311E-15       93
   2.85E-07     -5.657393E-03 -2.542604E-03 -3.180394E-05  2.433946E-05 1.37E-11
   1.38E-06 0.00E+00 3.37E-07  2.596247E-10  1.394756E-06  1.712734E-05     1.00
 1.0800000E+06  -4.900000E-03  1.356916E-03  0.000000E+00  1.358561E-15       93
   2.84E-07     -5.669854E-03 -2.542604E-03 -3.278122E-05  2.443249E-05 1.04E-12
   1.37E-06 0.00E+00 3.37E-07  2.598463E-10  1.412093E-06  1.723771E-05     1.00
 1.0850000E+06  -4.925000E-03  1.369330E-03  0.000000E+00  1.358813E-15       93
   2.84E-07     -5.682314E-03 -2.542604E-03 -3.375849E-05  2.452586E-05 5.29E-14
   1.37E-06 0.00E+00 3.36E-07  2.600679E-10  1.429415E-06  1.734839E-05     1.00
 1.0900000E+06  -4.950000E-03  1.381861E-03  0.000000E+00  1.544236E-15       93
   3.12E-07     -5.694515E-03 -2.542604E-03 -3.481381E-05  2.461821E-05 3.77E-13
   1.41E-06 0.00E+00 3.61E-07  2.603078E-10  1.447767E-06  1.745910E-05     1.00
 1.0950000E+06  -4.975000E-03  1.394492E-03  0.000000E+00  1.544793E-15       93
   3.36E-07     -5.706494E-03 -2.542604E-03 -3.593442E-05  2.470973E-05 4.23E-12
   1.44E-06 0.00E+00 3.83E-07  2.605631E-10  1.466996E-06  1.756985E-05     1.00
 1.1000000E+06  -5.000000E-03  1.407122E-03  0.000000E+00  1.545352E-15       93
   3.36E-07     -5.718470E-03 -2.542604E-03 -3.705497E-05  2.480158E-05 1.98E-12
   1.43E-06 0.00E+00 3.83E-07  2.608185E-10  1.486210E-06  1.768091E-05     1.00
 1.1050000E+06  -5.025000E-03  1.419752E-03  0.000000E+00  1.545909E-15       93
   3.35E-07     -5.730446E-03 -2.542604E-03 -3.817547E-05  2.489374E-05 2.80E-12
   1.43E-06 0.00E+00 3.82E-07  2.610740E-10  1.505408E-06  1.779227E-05     1.00
 1.1100000E+06  -5.050000E-03  1.432382E-03  0.000000E+00  1.546463E-15       93
   3.34E-07     -5.742419E-03 -2.542604E-03 -3.929592E-05  2.498622E-05 2.89E-13
   1.43E-06 0.00E+00 3.81E-07  2.613296E-10  1.524591E-06  1.790394E-05     1.00
 1.1150000E+06  -5.075000E-03  1.445011E-03  0.000000E+00  1.547026E-15       93
   3.34E-07     -5.754391E-03 -2.542604E-03 -4.041632E-05  2.507902E-05 1.66E-12
   1.43E-06 0.00E+00 3.81E-07  2.615853E-10  1.543758E-06  1.801591E-05     1.00
 1.1200000E+06  -5.100000E-03  1.457641E-03  0.000000E+00  1.547586E-15       93
   3.33E-07     -5.766361E-03 -2.542604E-03 -4.153667E-05  2.517214E-05 3.16E-11
   1.42E-06 0.00E+00 3.80E-07  2.618411E-10  1.562910E-06  1.812818E-05     1.00
 1.1250000E+06  -5.125000E-03  1.470254E-03  0.000000E+00  1.401728E-15       91
   3.31E-07     -5.778372E-03 -2.542604E-03 -4.262123E-05  2.526568E-05 2.22E-11
   1.41E-06 0.00E+00 3.78E-07  2.620933E-10  1.581986E-06  1.824079E-05     1.00
 1.1300000E+06  -5.150000E-03  1.482776E-03  0.000000E+00  1.403888E-15       91
   3.16E-07     -5.790610E-03 -2.542604E-03 -4.351650E-05  2.536009E-05 1.97E-12
   1.33E-06 0.00E+00 3.67E-07  2.623257E-10  1.600726E-06  1.835394E-05     1.00
 1.1350000E+06  -5.175000E-03  1.495297E-03  0.000000E+00  1.404432E-15       91
   3.16E-07     -5.802847E-03 -2.542604E-03 -4.441170E-05  2.545481E-05 6.35E-14
   1.33E-06 0.00E+00 3.67E-07  2.625582E-10  1.619466E-06  1.846740E-05     1.00
 1.1400000E+06  -5.200000E-03  1.507818E-03  0.000000E+00  1.404972E-15       91
   3.15E-07     -5.815082E-03 -2.542604E-03 -4.530684E-05  2.554984E-05 2.69E-11
   1.33E-06 0.00E+00 3.66E-07  2.627908E-10  1.638205E-06  1.858117E-05     1.00
 1.1450000E+06  -5.225000E-03  1.520339E-03  0.000000E+00  1.405516E-15       91
   3.15E-07     -5.827316E-03 -2.542604E-03 -4.620191E-05  2.564518E-05 2.28E-12
   1.33E-06 0.00E+00 3.65E-07  2.630235E-10  1.656943E-06  1.869525E-05     1.00
 1.1500000E+06  -5.250000E-03  1.532860E-03  0.000000E+00  1.406063E-15       91
   3.14E-07     -5.839548E-03 -2.542604E-03 -4.709693E-05  2.574083E-05 2.32E-13
   1.33E-06 0.00E+00 3.65E-07  2.632562E-10  1.675681E-06  1.880964E-05     1.00
 1.1550000E+06  -5.275000E-03  1.545381E-03  0.000000E+00  1.407291E-15       91
   3.16E-07     -5.851778E-03 -2.542604E-03 -4.799188E-05  2.583679E-05 8.69E-10
   1.32E-06 0.00E+00 3.64E-07  2.634891E-10  1.694418E-06  1.892434E-05     1.00
 1.1600000E+06  -5.300000E-03  1.557902E-03  0.000000E+00  1.407021E-15       91
   3.14E-07     -5.864006E-03 -2.542604E-03 -4.888676E-05  2.593307E-05 3.99E-11
   1.32E-06 0.00E+00 3.64E-07  2.637220E-10  1.713155E-06  1.903935E-05     1.00
 1.1650000E+06  -5.325000E-03  1.570423E-03  0.000000E+00  1.407686E-15       91
   3.13E-07     -5.876233E-03 -2.542604E-03 -4.978158E-05  2.602964E-05 3.76E-13
   1.32E-06 0.00E+00 3.63E-07  2.639551E-10  1.731892E-06  1.915466E-05     1.00
 1.1700000E+06  -5.350000E-03  1.582943E-03  0.000000E+00  1.408224E-15       91
   3.12E-07     -5.888458E-03 -2.542604E-03 -5.067633E-05  2.612653E-05 3.26E-12
   1.32E-06 0.00E+00 3.62E-07  2.641882E-10  1.750628E-06  1.927029E-05     1.00
 1.1750000E+06  -5.375000E-03  1.595464E-03  0.000000E+00  1.408778E-15       91
   3.12E-07     -5.900682E-03 -2.542604E-03 -5.157102E-05  2.622373E-05 7.96E-13
   1.31E-06 0.00E+00 3.62E-07  2.644214E-10  1.769363E-06  1.938623E-05     1.00
 1.1800000E+06  -5.400000E-03  1.607984E-03  0.000000E+00  1.409322E-15       91
   3.11E-07     -5.912903E-03 -2.542604E-03 -5.246565E-05  2.632124E-05 4.46E-14
   1.31E-06 0.00E+00 3.61E-07  2.646547E-10  1.788098E-06  1.950247E-05     1.00
 1.1850000E+06  -5.425000E-03  1.620504E-03  0.000000E+00  1.409863E-15       91
   3.11E-07     -5.925124E-03 -2.542604E-03 -5.336022E-05  2.641906E-05 2.28E-12
   1.31E-06 0.00E+00 3.61E-07  2.648881E-10  1.806832E-06  1.961902E-05     1.00
 1.1900000E+06  -5.450000E-03  1.633024E-03  0.000000E+00  1.410409E-15       91
   3.10E-07     -5.937342E-03 -2.542604E-03 -5.425471E-05  2.651719E-05 1.55E-12
   1.31E-06 0.00E+00 3.60E-07  2.651216E-10  1.825566E-06  1.973588E-05     1.00
 1.1950000E+06  -5.475000E-03  1.645544E-03  0.000000E+00  1.410955E-15       91
   3.10E-07     -5.949559E-03 -2.542604E-03 -5.514915E-05  2.661562E-05 3.53E-11
   1.31E-06 0.00E+00 3.59E-07  2.653552E-10  1.844300E-06  1.985305E-05     1.00
 1.2000000E+06  -5.500000E-03  1.658199E-03  0.000000E+00  1.426752E-15       91
   3.16E-07     -5.961490E-03 -2.542604E-03 -5.596568E-05  2.671350E-05 5.53E-13
   1.31E-06 0.00E+00 3.65E-07  2.655916E-10  1.863558E-06  1.997019E-05     1.00
 1.2050000E+06  -5.525000E-03  1.670870E-03  0.000000E+00  1.427268E-15       91
   3.16E-07     -5.973385E-03 -2.542604E-03 -5.677267E-05  2.681158E-05 2.06E-12
   1.31E-06 0.00E+00 3.65E-07  2.658285E-10  1.882872E-06  2.008758E-05     1.00
 1.2100000E+06  -5.550000E-03  1.683542E-03  0.000000E+00  1.427814E-15       91
   3.15E-07     -5.985278E-03 -2.542604E-03 -5.757961E-05  2.690997E-05 9.27E-14
   1.30E-06 0.00E+00 3.64E-07  2.660655E-10  1.902177E-06  2.020528E-05     1.00
 1.2150000E+06  -5.575000E-03  1.696213E-03  0.000000E+00  1.428354E-15       91
   3.15E-07     -5.997170E-03 -2.542604E-03 -5.838649E-05  2.700867E-05 5.91E-12
   1.30E-06 0.00E+00 3.64E-07  2.663025E-10  1.921473E-06  2.032327E-05     1.00
 1.2200000E+06  -5.600000E-03  1.708883E-03  0.000000E+00  1.428900E-15       91
   3.14E-07     -6.009059E-03 -2.542604E-03 -5.919331E-05  2.710768E-05 3.20E-12
   1.30E-06 0.00E+00 3.63E-07  2.665396E-10  1.940760E-06  2.044157E-05     1.00
 1.2250000E+06  -5.625000E-03  1.721554E-03  0.000000E+00  1.429413E-15       91
   3.14E-07     -6.020947E-03 -2.542604E-03 -6.000008E-05  2.720700E-05 3.50E-12
   1.30E-06 0.00E+00 3.63E-07  2.667769E-10  1.960038E-06  2.056017E-05     1.00
 1.2300000E+06  -5.650000E-03  1.734224E-03  0.000000E+00  1.429952E-15       91
   3.13E-07     -6.032834E-03 -2.542604E-03 -6.080678E-05  2.730663E-05 2.34E-12
   1.29E-06 0.00E+00 3.62E-07  2.670142E-10  1.979306E-06  2.067907E-05     1.00
 1.2350000E+06  -5.675000E-03  1.746894E-03  0.000000E+00  1.430485E-15       91
   3.13E-07     -6.044719E-03 -2.542604E-03 -6.161343E-05  2.740657E-05 2.36E-11
   1.29E-06 0.00E+00 3.61E-07  2.672516E-10  1.998565E-06  2.079827E-05     1.00
 1.2400000E+06  -5.700000E-03  1.759564E-03  0.000000E+00  1.431014E-15       91
   3.12E-07     -6.056602E-03 -2.542604E-03 -6.242002E-05  2.750682E-05 5.42E-12
   1.29E-06 0.00E+00 3.61E-07  2.674891E-10  2.017816E-06  2.091777E-05     1.00
 1.2450000E+06  -5.725000E-03  1.772234E-03  0.000000E+00  1.431551E-15       91
   3.12E-07     -6.068484E-03 -2.542604E-03 -6.322655E-05  2.760738E-05 1.14E-11
   1.29E-06 0.00E+00 3.60E-07  2.677267E-10  2.037057E-06  2.103757E-05     1.00
 1.2500000E+06  -5.750000E-03  1.784903E-03  0.000000E+00  1.432078E-15       91
   3.11E-07     -6.080363E-03 -2.542604E-03 -6.403303E-05  2.770825E-05 2.15E-12
   1.29E-06 0.00E+00 3.60E-07  2.679643E-10  2.056288E-06  2.115767E-05     1.00
 1.2550000E+06  -5.775000E-03  1.797573E-03  0.000000E+00  1.432627E-15       91
   3.11E-07     -6.092242E-03 -2.542604E-03 -6.483944E-05  2.780943E-05 3.02E-12
   1.28E-06 0.00E+00 3.59E-07  2.682021E-10  2.075511E-06  2.127807E-05     1.00
 1.2600000E+06  -5.800000E-03  1.810242E-03  0.000000E+00  1.433153E-15       91
   3.10E-07     -6.104118E-03 -2.542604E-03 -6.564580E-05  2.791092E-05 2.85E-14
   1.28E-06 0.00E+00 3.58E-07  2.684399E-10  2.094724E-06  2.139878E-05     1.00
 1.2650000E+06  -5.825000E-03  1.823501E-03  0.000000E+00  2.167609E-15       91
   3.15E-07     -6.115663E-03 -2.542604E-03 -6.647818E-05  2.800856E-05 2.59E-12
   1.44E-06 0.00E+00 3.66E-07  2.687291E-10  2.116589E-06  2.151828E-05     1.00
 1.2700000E+06  -5.850000E-03  1.837475E-03  0.000000E+00  2.168299E-15       91
   3.17E-07     -6.126812E-03 -2.542604E-03 -6.734768E-05  2.810143E-05 2.69E-12
   1.61E-06 0.00E+00 3.75E-07  2.690810E-10  2.141705E-06  2.163627E-05     1.00
 1.2750000E+06  -5.875000E-03  1.851449E-03  0.000000E+00  2.168949E-15       91
   3.16E-07     -6.137959E-03 -2.542604E-03 -6.821718E-05  2.819458E-05 1.20E-11
   1.61E-06 0.00E+00 3.75E-07  2.694330E-10  2.166826E-06  2.175454E-05     1.00
 1.2800000E+06  -5.900000E-03  1.865423E-03  0.000000E+00  2.169610E-15       91
   3.16E-07     -6.149103E-03 -2.542604E-03 -6.908667E-05  2.828801E-05 3.29E-12
   1.61E-06 0.00E+00 3.74E-07  2.697851E-10  2.191950E-06  2.187310E-05     1.00
 1.2850000E+06  -5.925000E-03  1.879361E-03  0.000000E+00  5.896857E-15       91
   3.35E-07     -6.160379E-03 -2.542604E-03 -6.956857E-05  2.838207E-05 9.59E-12
   1.99E-06 0.00E+00 3.97E-07  2.703274E-10  2.216821E-06  2.199202E-05     1.00
 1.2900000E+06  -5.950000E-03  1.893204E-03  0.000000E+00  5.901939E-15       91
   3.70E-07     -6.171955E-03 -2.542604E-03 -6.923947E-05  2.847738E-05 3.60E-12
   2.71E-06 0.00E+00 4.44E-07  2.712607E-10  2.240963E-06  2.211148E-05     1.00
 1.2950000E+06  -5.975000E-03  1.930198E-03  0.000000E+00  1.539966E-13       89
   1.76E-06     -6.173510E-03 -2.542604E-03 -6.742700E-05  2.848647E-05 1.55E-11
   1.14E-05 0.00E+00 2.07E-06  2.898213E-10  2.292988E-06  2.217261E-05     1.00
 1.3000000E+06  -6.000000E-03  1.972042E-03  0.000000E+00  2.864372E-13       92
   2.78E-06     -6.172658E-03 -2.542604E-03 -6.512505E-05  2.848178E-05 3.78E-11
   1.70E-05 0.00E+00 3.00E-06  3.270025E-10  2.346519E-06  2.222149E-05     1.00
 1.3050000E+06  -6.025000E-03  2.006901E-03  0.000000E+00  1.134651E-14       91
   2.01E-06     -6.175153E-03 -2.542604E-03 -6.325331E-05  2.850554E-05 1.58E-12
   1.32E-05 0.00E+00 2.27E-06  3.558263E-10  2.389256E-06  2.228801E-05     1.00
 1.3100000E+06  -6.050000E-03  2.027763E-03  0.000000E+00  1.153635E-14       91
   6.31E-07     -6.184864E-03 -2.542604E-03 -6.336200E-05  2.858100E-05 2.03E-12
   3.71E-06 0.00E+00 7.14E-07  3.576610E-10  2.415874E-06  2.239010E-05     1.00
 1.3150000E+06  -6.075000E-03  2.048719E-03  0.000000E+00  1.154165E-14       91
   6.33E-07     -6.194462E-03 -2.542604E-03 -6.351577E-05  2.865644E-05 5.70E-12
   3.72E-06 0.00E+00 7.16E-07  3.595114E-10  2.442538E-06  2.249220E-05     1.00
 1.3200000E+06  -6.100000E-03  2.069675E-03  0.000000E+00  1.154700E-14       91
   6.33E-07     -6.204057E-03 -2.542604E-03 -6.366952E-05  2.873223E-05 6.80E-12
   3.72E-06 0.00E+00 7.15E-07  3.613626E-10  2.469078E-06  2.259454E-05     1.00
 1.3250000E+06  -6.125000E-03  2.091926E-03  0.000000E+00  1.090823E-14       91
   6.25E-07     -6.212430E-03 -2.542604E-03 -6.429518E-05  2.880130E-05 8.83E-12
   3.63E-06 0.00E+00 7.08E-07  3.631309E-10  2.499308E-06  2.269384E-05     1.00
 1.3300000E+06  -6.150000E-03  2.114333E-03  0.000000E+00  1.091302E-14       91
   6.22E-07     -6.220648E-03 -2.542604E-03 -6.498178E-05  2.886983E-05 1.07E-13
   3.60E-06 0.00E+00 7.05E-07  3.648824E-10  2.529904E-06  2.279296E-05     1.00
 1.3350000E+06  -6.175000E-03  2.136741E-03  0.000000E+00  1.091785E-14       91
   6.21E-07     -6.228863E-03 -2.542604E-03 -6.566828E-05  2.893867E-05 1.32E-12
   3.60E-06 0.00E+00 7.04E-07  3.666347E-10  2.560385E-06  2.289229E-05     1.00
 1.3400000E+06  -6.200000E-03  2.159149E-03  0.000000E+00  1.092267E-14       91
   6.21E-07     -6.237074E-03 -2.542604E-03 -6.635467E-05  2.900784E-05 8.88E-14
   3.60E-06 0.00E+00 7.03E-07  3.683878E-10  2.590752E-06  2.299182E-05     1.00
 1.3450000E+06  -6.225000E-03  2.181557E-03  0.000000E+00  1.092751E-14       91
   6.20E-07     -6.245281E-03 -2.542604E-03 -6.704096E-05  2.907733E-05 2.19E-11
   3.59E-06 0.00E+00 7.03E-07  3.701417E-10  2.621003E-06  2.309157E-05     1.00
 1.3500000E+06  -6.250000E-03  2.203967E-03  0.000000E+00  1.093230E-14       91
   6.19E-07     -6.253484E-03 -2.542604E-03 -6.772714E-05  2.914715E-05 2.92E-11
   3.59E-06 0.00E+00 7.02E-07  3.718963E-10  2.651139E-06  2.319152E-05     1.00
 1.3550000E+06  -6.275000E-03  2.226377E-03  0.000000E+00  1.093715E-14       91
   6.19E-07     -6.261684E-03 -2.542604E-03 -6.841323E-05  2.921729E-05 4.78E-12
   3.59E-06 0.00E+00 7.01E-07  3.736517E-10  2.681159E-06  2.329169E-05     1.00
 1.3600000E+06  -6.300000E-03  2.248787E-03  0.000000E+00  1.094199E-14       91
   6.18E-07     -6.269879E-03 -2.542604E-03 -6.909920E-05  2.928775E-05 1.74E-12
   3.58E-06 0.00E+00 7.01E-07  3.754079E-10  2.711064E-06  2.339206E-05     1.00
 1.3650000E+06  -6.325000E-03  2.271198E-03  0.000000E+00  1.094667E-14       91
   6.18E-07     -6.278072E-03 -2.542604E-03 -6.978508E-05  2.935854E-05 1.79E-11
   3.58E-06 0.00E+00 7.00E-07  3.771649E-10  2.740853E-06  2.349264E-05     1.00
 1.3700000E+06  -6.350000E-03  2.293610E-03  0.000000E+00  1.095166E-14       91
   6.17E-07     -6.286260E-03 -2.542604E-03 -7.047086E-05  2.942966E-05 8.04E-13
   3.57E-06 0.00E+00 6.99E-07  3.789226E-10  2.770527E-06  2.359343E-05     1.00
 1.3750000E+06  -6.375000E-03  2.316022E-03  0.000000E+00  1.095651E-14       91
   6.16E-07     -6.294445E-03 -2.542604E-03 -7.115653E-05  2.950110E-05 2.20E-13
   3.57E-06 0.00E+00 6.99E-07  3.806811E-10  2.800084E-06  2.369443E-05     1.00
 1.3800000E+06  -6.400000E-03  2.338435E-03  0.000000E+00  1.096132E-14       91
   6.16E-07     -6.302626E-03 -2.542604E-03 -7.184209E-05  2.957286E-05 5.62E-13
   3.57E-06 0.00E+00 6.98E-07  3.824404E-10  2.829526E-06  2.379563E-05     1.00
 1.3850000E+06  -6.425000E-03  2.360950E-03  0.000000E+00  1.033691E-14       91
   6.10E-07     -6.310673E-03 -2.542604E-03 -7.249227E-05  2.964380E-05 1.45E-12
   3.51E-06 0.00E+00 6.91E-07  3.841484E-10  2.859739E-06  2.389679E-05     1.00
 1.3900000E+06  -6.450000E-03  2.383538E-03  0.000000E+00  1.034185E-14       91
   6.04E-07     -6.318617E-03 -2.542604E-03 -7.311724E-05  2.971418E-05 1.35E-11
   3.45E-06 0.00E+00 6.84E-07  3.858100E-10  2.890542E-06  2.399797E-05     1.00
 1.3950000E+06  -6.475000E-03  2.406126E-03  0.000000E+00  1.034679E-14       91
   6.04E-07     -6.326558E-03 -2.542604E-03 -7.374210E-05  2.978486E-05 1.47E-12
   3.45E-06 0.00E+00 6.83E-07  3.874723E-10  2.921235E-06  2.409935E-05     1.00
 1.4000000E+06  -6.500000E-03  2.428714E-03  0.000000E+00  1.043608E-14       92
   6.40E-07     -6.334496E-03 -2.542604E-03 -7.436792E-05  2.985587E-05 6.14E-12
   3.46E-06 0.00E+00 7.13E-07  3.891482E-10  2.951818E-06  2.420094E-05     1.00
 1.4050000E+06  -6.525000E-03  2.451304E-03  0.000000E+00  1.044103E-14       92
   6.35E-07     -6.342429E-03 -2.542604E-03 -7.499254E-05  2.992718E-05 5.90E-12
   3.46E-06 0.00E+00 7.23E-07  3.908320E-10  2.982290E-06  2.430272E-05     1.00
 1.4100000E+06  -6.550000E-03  2.473894E-03  0.000000E+00  1.044596E-14       92
   6.34E-07     -6.350358E-03 -2.542604E-03 -7.561705E-05  2.999880E-05 2.14E-14
   3.46E-06 0.00E+00 7.22E-07  3.925166E-10  3.012652E-06  2.440471E-05     1.00
 1.4150000E+06  -6.575000E-03  2.496275E-03  0.000000E+00  5.571787E-15       91
   6.17E-07     -6.358494E-03 -2.542604E-03 -7.613030E-05  3.007194E-05 2.72E-11
   3.34E-06 0.00E+00 7.00E-07  3.941078E-10  3.042229E-06  2.450743E-05     1.00
 1.4200000E+06  -6.600000E-03  2.517131E-03  0.000000E+00  5.572715E-15       91
   4.74E-07     -6.367988E-03 -2.542604E-03 -7.605063E-05  3.015325E-05 1.75E-12
   2.50E-06 0.00E+00 5.40E-07  3.950090E-10  3.067724E-06  2.461423E-05     1.00
 1.4250000E+06  -6.625000E-03  2.537989E-03  0.000000E+00  5.574997E-15       91
   4.73E-07     -6.377479E-03 -2.542604E-03 -7.597065E-05  3.023477E-05 2.69E-12
   2.50E-06 0.00E+00 5.39E-07  3.959106E-10  3.093237E-06  2.472127E-05     1.00
 1.4300000E+06  -6.650000E-03  2.558848E-03  0.000000E+00  5.577336E-15       91
   4.72E-07     -6.386968E-03 -2.542604E-03 -7.589032E-05  3.031652E-05 9.38E-12
   2.49E-06 0.00E+00 5.38E-07  3.968126E-10  3.118768E-06  2.482855E-05     1.00
 1.4350000E+06  -6.675000E-03  2.579708E-03  0.000000E+00  5.579637E-15       91
   4.72E-07     -6.396454E-03 -2.542604E-03 -7.580966E-05  3.039849E-05 2.54E-13
   2.49E-06 0.00E+00 5.38E-07  3.977150E-10  3.144317E-06  2.493607E-05     1.00
 1.4400000E+06  -6.700000E-03  2.600638E-03  0.000000E+00  5.314402E-15       91
   4.68E-07     -6.405752E-03 -2.542604E-03 -7.570894E-05  3.048008E-05 3.01E-11
   2.45E-06 0.00E+00 5.35E-07  3.985940E-10  3.170304E-06  2.504365E-05     1.00
 1.4450000E+06  -6.725000E-03  2.621611E-03  0.000000E+00  5.316609E-15       91
   4.64E-07     -6.414926E-03 -2.542604E-03 -7.559755E-05  3.056150E-05 2.58E-11
   2.42E-06 0.00E+00 5.32E-07  3.994547E-10  3.196590E-06  2.515136E-05     1.00
 1.4500000E+06  -6.750000E-03  2.642585E-03  0.000000E+00  5.318824E-15       91
   4.64E-07     -6.424096E-03 -2.542604E-03 -7.548583E-05  3.064315E-05 7.80E-14
   2.42E-06 0.00E+00 5.31E-07  4.003157E-10  3.222886E-06  2.525930E-05     1.00
 1.4550000E+06  -6.775000E-03  2.663559E-03  0.000000E+00  5.321054E-15       91
   4.63E-07     -6.433264E-03 -2.542604E-03 -7.537379E-05  3.072502E-05 1.59E-12
   2.42E-06 0.00E+00 5.31E-07  4.011772E-10  3.249192E-06  2.536747E-05     1.00
 1.4600000E+06  -6.800000E-03  2.685508E-03  0.000000E+00  6.689609E-15       91
   4.94E-07     -6.441807E-03 -2.542604E-03 -7.513336E-05  3.080211E-05 4.74E-13
   2.53E-06 0.00E+00 5.62E-07  4.021255E-10  3.278043E-06  2.547342E-05     1.00
 1.4650000E+06  -6.825000E-03  2.708943E-03  0.000000E+00  6.691409E-15       91
   5.28E-07     -6.449402E-03 -2.542604E-03 -7.469137E-05  3.087187E-05 4.48E-12
   2.70E-06 0.00E+00 6.12E-07  4.032109E-10  3.310680E-06  2.557581E-05     1.00
 1.4700000E+06  -6.850000E-03  2.732378E-03  0.000000E+00  6.693137E-15       91
   5.27E-07     -6.456995E-03 -2.542604E-03 -7.424904E-05  3.094187E-05 1.81E-12
   2.70E-06 0.00E+00 6.11E-07  4.042965E-10  3.343270E-06  2.567840E-05     1.00
 1.4750000E+06  -6.875000E-03  2.755813E-03  0.000000E+00  6.694862E-15       91
   5.27E-07     -6.464584E-03 -2.542604E-03 -7.380638E-05  3.101211E-05 4.74E-14
   2.69E-06 0.00E+00 6.10E-07  4.053824E-10  3.375812E-06  2.578119E-05     1.00
 1.4800000E+06  -6.900000E-03  2.779247E-03  0.000000E+00  6.696622E-15       91
   5.26E-07     -6.472171E-03 -2.542604E-03 -7.336340E-05  3.108260E-05 2.16E-12
   2.69E-06 0.00E+00 6.10E-07  4.064686E-10  3.408307E-06  2.588417E-05     1.00
 1.4850000E+06  -6.925000E-03  2.802681E-03  0.000000E+00  6.698353E-15       91
   5.26E-07     -6.479755E-03 -2.542604E-03 -7.292008E-05  3.115333E-05 8.01E-12
   2.69E-06 0.00E+00 6.09E-07  4.075551E-10  3.440755E-06  2.598735E-05     1.00
 1.4900000E+06  -6.950000E-03  2.826115E-03  0.000000E+00  6.700096E-15       91
   5.25E-07     -6.487336E-03 -2.542604E-03 -7.247644E-05  3.122430E-05 4.44E-12
   2.69E-06 0.00E+00 6.08E-07  4.086418E-10  3.473155E-06  2.609073E-05     1.00
 1.4950000E+06  -6.975000E-03  2.849549E-03  0.000000E+00  6.701828E-15       91
   5.25E-07     -6.494915E-03 -2.542604E-03 -7.203247E-05  3.129552E-05 1.16E-12
   2.68E-06 0.00E+00 6.08E-07  4.097289E-10  3.505508E-06  2.619430E-05     1.00
 1.5000000E+06  -7.000000E-03  2.872982E-03  0.000000E+00  6.703672E-15       91
   5.24E-07     -6.502490E-03 -2.542604E-03 -7.158817E-05  3.136698E-05 1.80E-12
   2.68E-06 0.00E+00 6.07E-07  4.108162E-10  3.537813E-06  2.629807E-05     1.00
 1.5050000E+06  -7.025000E-03  2.896415E-03  0.000000E+00  6.705202E-15       91
   5.25E-07     -6.510063E-03 -2.542604E-03 -7.114354E-05  3.143868E-05 4.67E-12
   2.68E-06 0.00E+00 6.07E-07  4.119038E-10  3.570071E-06  2.640203E-05     1.00
 1.5100000E+06  -7.050000E-03  2.919848E-03  0.000000E+00  6.707053E-15       91
   5.23E-07     -6.517632E-03 -2.542604E-03 -7.069859E-05  3.151063E-05 7.62E-13
   2.67E-06 0.00E+00 6.06E-07  4.129917E-10  3.602282E-06  2.650619E-05     1.00
 1.5150000E+06  -7.075000E-03  2.943280E-03  0.000000E+00  6.708908E-15       91
   5.23E-07     -6.525199E-03 -2.542604E-03 -7.025330E-05  3.158282E-05 3.92E-15
   2.67E-06 0.00E+00 6.05E-07  4.140798E-10  3.634445E-06  2.661054E-05     1.00
 1.5200000E+06  -7.100000E-03  2.966712E-03  0.000000E+00  6.710516E-15       91
   5.22E-07     -6.532763E-03 -2.542604E-03 -6.980769E-05  3.165525E-05 1.12E-12
   2.67E-06 0.00E+00 6.05E-07  4.151683E-10  3.666560E-06  2.671509E-05     1.00
 1.5250000E+06  -7.125000E-03  2.990144E-03  0.000000E+00  6.711701E-15       91
   5.21E-07     -6.540324E-03 -2.542604E-03 -6.936175E-05  3.172793E-05 9.65E-10
   2.67E-06 0.00E+00 6.04E-07  4.162570E-10  3.698628E-06  2.681984E-05     1.00
 1.5300000E+06  -7.150000E-03  3.013576E-03  0.000000E+00  6.713997E-15       91
   5.21E-07     -6.547883E-03 -2.542604E-03 -6.891549E-05  3.180085E-05 3.16E-12
   2.66E-06 0.00E+00 6.04E-07  4.173460E-10  3.730648E-06  2.692478E-05     1.00
 1.5350000E+06  -7.175000E-03  3.037144E-03  0.000000E+00  6.833567E-15       90
   5.20E-07     -6.555399E-03 -2.542604E-03 -6.852655E-05  3.187339E-05 1.69E-12
   2.67E-06 0.00E+00 6.03E-07  4.184448E-10  3.762903E-06  2.702957E-05     1.00
 1.5400000E+06  -7.200000E-03  3.060844E-03  0.000000E+00  6.835169E-15       90
   5.19E-07     -6.562874E-03 -2.542604E-03 -6.819211E-05  3.194556E-05 5.91E-15
   2.67E-06 0.00E+00 6.03E-07  4.195530E-10  3.795381E-06  2.713422E-05     1.00
 1.5450000E+06  -7.225000E-03  3.084543E-03  0.000000E+00  6.836781E-15       90
   5.19E-07     -6.570347E-03 -2.542604E-03 -6.785735E-05  3.201797E-05 4.62E-13
   2.67E-06 0.00E+00 6.02E-07  4.206614E-10  3.827812E-06  2.723907E-05     1.00
 1.5500000E+06  -7.250000E-03  3.108242E-03  0.000000E+00  6.838407E-15       90
   5.18E-07     -6.577817E-03 -2.542604E-03 -6.752228E-05  3.209063E-05 9.25E-12
   2.66E-06 0.00E+00 6.02E-07  4.217701E-10  3.860195E-06  2.734411E-05     1.00
 1.5550000E+06  -7.275000E-03  3.131941E-03  0.000000E+00  6.839993E-15       90
   5.18E-07     -6.585284E-03 -2.542604E-03 -6.718689E-05  3.216353E-05 9.10E-12
   2.66E-06 0.00E+00 6.01E-07  4.228791E-10  3.892529E-06  2.744934E-05     1.00
 1.5600000E+06  -7.300000E-03  3.155639E-03  0.000000E+00  6.841596E-15       90
   5.17E-07     -6.592748E-03 -2.542604E-03 -6.685119E-05  3.223667E-05 1.17E-12
   2.66E-06 0.00E+00 6.01E-07  4.239883E-10  3.924816E-06  2.755477E-05     1.00
 1.5650000E+06  -7.325000E-03  3.179336E-03  0.000000E+00  6.843202E-15       90
   5.17E-07     -6.600209E-03 -2.542604E-03 -6.651517E-05  3.231005E-05 3.66E-12
   2.65E-06 0.00E+00 6.00E-07  4.250978E-10  3.957055E-06  2.766039E-05     1.00
 1.5700000E+06  -7.350000E-03  3.203034E-03  0.000000E+00  6.844806E-15       90
   5.16E-07     -6.607668E-03 -2.542604E-03 -6.617885E-05  3.238367E-05 1.53E-12
   2.65E-06 0.00E+00 5.99E-07  4.262075E-10  3.989245E-06  2.776621E-05     1.00
 1.5750000E+06  -7.375000E-03  3.226730E-03  0.000000E+00  6.846402E-15       90
   5.15E-07     -6.615124E-03 -2.542604E-03 -6.584220E-05  3.245754E-05 1.38E-12
   2.65E-06 0.00E+00 5.99E-07  4.273175E-10  4.021388E-06  2.787222E-05     1.00
 1.5800000E+06  -7.400000E-03  3.250427E-03  0.000000E+00  6.847990E-15       90
   5.15E-07     -6.622577E-03 -2.542604E-03 -6.550525E-05  3.253164E-05 6.90E-11
   2.65E-06 0.00E+00 5.98E-07  4.284277E-10  4.053482E-06  2.797842E-05     1.00
 1.5850000E+06  -7.425000E-03  3.274123E-03  0.000000E+00  6.849667E-15       90
   5.14E-07     -6.630027E-03 -2.542604E-03 -6.516798E-05  3.260599E-05 1.77E-11
   2.64E-06 0.00E+00 5.98E-07  4.295382E-10  4.085528E-06  2.808481E-05     1.00
 1.5900000E+06  -7.450000E-03  3.297818E-03  0.000000E+00  6.851210E-15       90
   5.14E-07     -6.637474E-03 -2.542604E-03 -6.483039E-05  3.268058E-05 1.68E-12
   2.64E-06 0.00E+00 5.97E-07  4.306490E-10  4.117526E-06  2.819140E-05     1.00
 1.5950000E+06  -7.475000E-03  3.321513E-03  0.000000E+00  6.852808E-15       90
   5.13E-07     -6.644919E-03 -2.542604E-03 -6.449250E-05  3.275541E-05 3.69E-13
   2.64E-06 0.00E+00 5.96E-07  4.317601E-10  4.149476E-06  2.829818E-05     1.00
 1.6000000E+06  -7.500000E-03  3.345208E-03  0.000000E+00  6.854403E-15       90
   5.13E-07     -6.652360E-03 -2.542604E-03 -6.415429E-05  3.283048E-05 5.97E-13
   2.64E-06 0.00E+00 5.96E-07  4.328713E-10  4.181378E-06  2.840516E-05     1.00
 1.6050000E+06  -7.525000E-03  3.368902E-03  0.000000E+00  6.856068E-15       90
   5.12E-07     -6.659799E-03 -2.542604E-03 -6.381577E-05  3.290580E-05 1.42E-13
   2.63E-06 0.00E+00 5.95E-07  4.339829E-10  4.213231E-06  2.851233E-05     1.00
 1.6100000E+06  -7.550000E-03  3.392596E-03  0.000000E+00  6.857608E-15       90
   5.12E-07     -6.667235E-03 -2.542604E-03 -6.347694E-05  3.298135E-05 7.02E-12
   2.63E-06 0.00E+00 5.95E-07  4.350947E-10  4.245037E-06  2.861969E-05     1.00
 1.6150000E+06  -7.575000E-03  3.416289E-03  0.000000E+00  6.859206E-15       90
   5.11E-07     -6.674668E-03 -2.542604E-03 -6.313779E-05  3.305715E-05 4.30E-11
   2.63E-06 0.00E+00 5.94E-07  4.362068E-10  4.276794E-06  2.872724E-05     1.00
 1.6200000E+06  -7.600000E-03  3.439980E-03  0.000000E+00  6.906509E-15       90
   5.35E-07     -6.682100E-03 -2.542604E-03 -6.279831E-05  3.313320E-05 2.61E-12
   2.63E-06 0.00E+00 6.03E-07  4.373252E-10  4.308500E-06  2.883500E-05     1.00
 1.6250000E+06  -7.625000E-03  3.463672E-03  0.000000E+00  6.908139E-15       90
   5.27E-07     -6.689527E-03 -2.542604E-03 -6.245854E-05  3.320947E-05 1.33E-12
   2.62E-06 0.00E+00 6.10E-07  4.384486E-10  4.340160E-06  2.894294E-05     1.00
 1.6300000E+06  -7.650000E-03  3.487364E-03  0.000000E+00  6.909768E-15       90
   5.27E-07     -6.696952E-03 -2.542604E-03 -6.211846E-05  3.328599E-05 2.33E-12
   2.62E-06 0.00E+00 6.09E-07  4.395722E-10  4.371773E-06  2.905107E-05     1.00
 1.6350000E+06  -7.675000E-03  3.510768E-03  0.000000E+00  7.146450E-15       90
   5.20E-07     -6.704119E-03 -2.542604E-03 -6.171229E-05  3.336123E-05 2.21E-12
   2.64E-06 0.00E+00 6.04E-07  4.407099E-10  4.405585E-06  2.916012E-05     1.00
 1.6400000E+06  -7.700000E-03  3.533633E-03  0.000000E+00  6.975856E-15       90
   5.08E-07     -6.711098E-03 -2.542604E-03 -6.130643E-05  3.343449E-05 2.26E-12
   2.65E-06 0.00E+00 5.94E-07  4.418521E-10  4.442913E-06  2.927071E-05     1.00
 1.6450000E+06  -7.725000E-03  3.556383E-03  0.000000E+00  6.977806E-15       90
   5.11E-07     -6.718164E-03 -2.542604E-03 -6.095629E-05  3.350784E-05 1.12E-13
   2.64E-06 0.00E+00 5.90E-07  4.429817E-10  4.480631E-06  2.938177E-05     1.00
 1.6500000E+06  -7.750000E-03  3.579132E-03  0.000000E+00  6.979788E-15       90
   5.04E-07     -6.725227E-03 -2.542604E-03 -6.060588E-05  3.358143E-05 4.72E-11
   2.63E-06 0.00E+00 5.90E-07  4.441116E-10  4.518286E-06  2.949302E-05     1.00
 1.6550000E+06  -7.775000E-03  3.601881E-03  0.000000E+00  6.981695E-15       90
   5.03E-07     -6.732287E-03 -2.542604E-03 -6.025523E-05  3.365527E-05 3.72E-12
   2.63E-06 0.00E+00 5.89E-07  4.452418E-10  4.555878E-06  2.960445E-05     1.00
 1.6600000E+06  -7.800000E-03  3.624628E-03  0.000000E+00  6.983618E-15       90
   5.03E-07     -6.739345E-03 -2.542604E-03 -5.990431E-05  3.372935E-05 1.23E-11
   2.63E-06 0.00E+00 5.89E-07  4.463723E-10  4.593408E-06  2.971607E-05     1.00
 1.6650000E+06  -7.825000E-03  3.647375E-03  0.000000E+00  6.985545E-15       90
   5.03E-07     -6.746399E-03 -2.542604E-03 -5.955313E-05  3.380368E-05 5.68E-12
   2.63E-06 0.00E+00 5.88E-07  4.475031E-10  4.630876E-06  2.982787E-05     1.00
 1.6700000E+06  -7.850000E-03  3.670535E-03  0.000000E+00  7.706543E-15       89
   5.11E-07     -6.753304E-03 -2.542604E-03 -5.915388E-05  3.387705E-05 3.62E-12
   2.68E-06 0.00E+00 5.96E-07  4.486840E-10  4.668450E-06  2.993881E-05     1.00
 1.6750000E+06  -7.875000E-03  3.694199E-03  0.000000E+00  7.708746E-15       89
   5.21E-07     -6.760026E-03 -2.542604E-03 -5.869190E-05  3.394917E-05 1.78E-12
   2.74E-06 0.00E+00 6.07E-07  4.499312E-10  4.706164E-06  3.004865E-05     1.00
 1.6800000E+06  -7.900000E-03  3.717863E-03  0.000000E+00  7.710937E-15       89
   5.20E-07     -6.766746E-03 -2.542604E-03 -5.822966E-05  3.402154E-05 4.15E-12
   2.74E-06 0.00E+00 6.07E-07  4.511787E-10  4.743815E-06  3.015867E-05     1.00
 1.6850000E+06  -7.925000E-03  3.741526E-03  0.000000E+00  7.713137E-15       89
   5.20E-07     -6.773462E-03 -2.542604E-03 -5.776716E-05  3.409414E-05 1.30E-12
   2.73E-06 0.00E+00 6.06E-07  4.524266E-10  4.781403E-06  3.026886E-05     1.00
 1.6900000E+06  -7.950000E-03  3.765189E-03  0.000000E+00  7.715329E-15       89
   5.19E-07     -6.780176E-03 -2.542604E-03 -5.730438E-05  3.416699E-05 1.32E-10
   2.73E-06 0.00E+00 6.06E-07  4.536748E-10  4.818927E-06  3.037923E-05     1.00
 1.6950000E+06  -7.975000E-03  3.788851E-03  0.000000E+00  7.717513E-15       89
   5.19E-07     -6.786886E-03 -2.542604E-03 -5.684134E-05  3.424007E-05 3.57E-12
   2.73E-06 0.00E+00 6.05E-07  4.549234E-10  4.856389E-06  3.048978E-05     1.00
 1.7000000E+06  -8.000000E-03  3.812512E-03  0.000000E+00  7.719730E-15       89
   5.18E-07     -6.793594E-03 -2.542604E-03 -5.637803E-05  3.431339E-05 6.91E-12
   2.73E-06 0.00E+00 6.05E-07  4.561724E-10  4.893787E-06  3.060050E-05     1.00
 1.7050000E+06  -8.025000E-03  3.836172E-03  0.000000E+00  7.721898E-15       89
   5.18E-07     -6.800298E-03 -2.542604E-03 -5.591446E-05  3.438695E-05 1.18E-13
   2.72E-06 0.00E+00 6.04E-07  4.574217E-10  4.931122E-06  3.071140E-05     1.00
 1.7100000E+06  -8.050000E-03  3.859832E-03  0.000000E+00  7.724112E-15       89
   5.17E-07     -6.806999E-03 -2.542604E-03 -5.545062E-05  3.446075E-05 2.38E-11
   2.72E-06 0.00E+00 6.03E-07  4.586713E-10  4.968394E-06  3.082247E-05     1.00
 1.7150000E+06  -8.075000E-03  3.883491E-03  0.000000E+00  7.726729E-15       89
   5.17E-07     -6.813698E-03 -2.542604E-03 -5.498651E-05  3.453479E-05 7.91E-10
   2.72E-06 0.00E+00 6.03E-07  4.599213E-10  5.005603E-06  3.093371E-05     1.00
 1.7200000E+06  -8.100000E-03  3.907150E-03  0.000000E+00  7.728477E-15       89
   5.16E-07     -6.820393E-03 -2.542604E-03 -5.452214E-05  3.460906E-05 4.73E-12
   2.72E-06 0.00E+00 6.02E-07  4.611717E-10  5.042748E-06  3.104514E-05     1.00
 1.7250000E+06  -8.125000E-03  3.930807E-03  0.000000E+00  7.730747E-15       89
   5.16E-07     -6.827086E-03 -2.542604E-03 -5.405750E-05  3.468358E-05 5.12E-11
   2.71E-06 0.00E+00 6.02E-07  4.624224E-10  5.079830E-06  3.115673E-05     1.00
 1.7300000E+06  -8.150000E-03  3.954464E-03  0.000000E+00  7.732840E-15       89
   5.15E-07     -6.833775E-03 -2.542604E-03 -5.359260E-05  3.475833E-05 1.19E-12
   2.71E-06 0.00E+00 6.01E-07  4.636735E-10  5.116848E-06  3.126851E-05     1.00
 1.7350000E+06  -8.175000E-03  3.978344E-03  0.000000E+00  1.076001E-14       88
   5.35E-07     -6.839194E-03 -2.542604E-03 -5.320167E-05  3.482602E-05 7.06E-12
   2.88E-06 0.00E+00 6.32E-07  4.650810E-10  5.160539E-06  3.137989E-05     1.00
 1.7400000E+06  -8.200000E-03  4.002416E-03  0.000000E+00  1.009303E-14       88
   5.57E-07     -6.841703E-03 -2.542604E-03 -5.309796E-05  3.487707E-05 2.81E-11
   3.18E-06 0.00E+00 6.89E-07  4.667946E-10  5.220472E-06  3.149088E-05     1.00
 1.7450000E+06  -8.225000E-03  4.026101E-03  0.000000E+00  9.798655E-15       88
   5.12E-07     -6.844332E-03 -2.542604E-03 -5.317132E-05  3.492682E-05 7.98E-10
   3.10E-06 0.00E+00 6.33E-07  4.684019E-10  5.282759E-06  3.160291E-05     1.00
 1.7500000E+06  -8.250000E-03  4.049384E-03  0.000000E+00  9.869728E-15       88
   5.05E-07     -6.847109E-03 -2.542604E-03 -5.321514E-05  3.497822E-05 7.49E-12
   3.07E-06 0.00E+00 6.25E-07  4.699809E-10  5.344477E-06  3.171604E-05     1.00
 1.7550000E+06  -8.275000E-03  4.072659E-03  0.000000E+00  9.867305E-15       88
   5.05E-07     -6.849886E-03 -2.542604E-03 -5.325871E-05  3.503011E-05 9.68E-13
   3.07E-06 0.00E+00 6.24E-07  4.715597E-10  5.405806E-06  3.182925E-05     1.00
 1.7600000E+06  -8.300000E-03  4.095926E-03  0.000000E+00  9.864914E-15       88
   5.05E-07     -6.852661E-03 -2.542604E-03 -5.330195E-05  3.508248E-05 2.48E-12
   3.07E-06 0.00E+00 6.24E-07  4.731380E-10  5.466744E-06  3.194257E-05     1.00
 1.7650000E+06  -8.325000E-03  4.119175E-03  0.000000E+00  9.619155E-15       88
   5.03E-07     -6.855450E-03 -2.542604E-03 -5.332934E-05  3.513558E-05 8.76E-08
   3.06E-06 0.00E+00 6.22E-07  4.747142E-10  5.527083E-06  3.205600E-05     1.00
 1.7700000E+06  -8.350000E-03  4.142288E-03  0.000000E+00  9.383746E-15       88
   5.05E-07     -6.858301E-03 -2.542604E-03 -5.323913E-05  3.519109E-05 6.29E-12
   3.00E-06 0.00E+00 6.19E-07  4.762416E-10  5.585422E-06  3.216985E-05     1.00
 1.7750000E+06  -8.375000E-03  4.165484E-03  0.000000E+00  9.381057E-15       88
   5.21E-07     -6.860957E-03 -2.542604E-03 -5.319299E-05  3.524585E-05 3.80E-11
   2.97E-06 0.00E+00 6.31E-07  4.777497E-10  5.644377E-06  3.228357E-05     1.00
 1.7800000E+06  -8.400000E-03  4.188673E-03  0.000000E+00  9.378355E-15       88
   5.20E-07     -6.863613E-03 -2.542604E-03 -5.314655E-05  3.530109E-05 2.87E-12
   2.97E-06 0.00E+00 6.31E-07  4.792573E-10  5.702945E-06  3.239738E-05     1.00
 1.7850000E+06  -8.425000E-03  4.211836E-03  0.000000E+00  1.111642E-14       87
   5.21E-07     -6.866258E-03 -2.542604E-03 -5.309131E-05  3.535682E-05 2.17E-09
   2.97E-06 0.00E+00 6.30E-07  4.807703E-10  5.761156E-06  3.251132E-05     1.00
 1.7900000E+06  -8.450000E-03  4.233765E-03  0.000000E+00  1.281018E-14       86
   5.23E-07     -6.868743E-03 -2.542604E-03 -5.293421E-05  3.541503E-05 1.13E-09
   3.14E-06 0.00E+00 6.31E-07  4.824624E-10  5.820075E-06  3.262845E-05     1.00
 1.7950000E+06  -8.475000E-03  4.257304E-03  0.000000E+00  1.321339E-14       87
   5.64E-07     -6.869461E-03 -2.542604E-03 -5.310866E-05  3.546190E-05 6.51E-10
   3.44E-06 0.00E+00 6.83E-07  4.845137E-10  5.886319E-06  3.274156E-05     1.00
 1.8000000E+06  -8.500000E-03  4.281854E-03  0.000000E+00  1.342306E-14       87
   5.80E-07     -6.869867E-03 -2.542604E-03 -5.322854E-05  3.550636E-05 8.02E-12
   3.54E-06 0.00E+00 7.08E-07  4.866612E-10  5.952443E-06  3.285215E-05     1.00
 1.8050000E+06  -8.525000E-03  4.306390E-03  0.000000E+00  1.341711E-14       87
   5.80E-07     -6.870274E-03 -2.542604E-03 -5.334823E-05  3.555143E-05 2.20E-12
   3.53E-06 0.00E+00 7.08E-07  4.888077E-10  6.018005E-06  3.296278E-05     1.00
 1.8100000E+06  -8.550000E-03  4.330915E-03  0.000000E+00  1.341117E-14       87
   5.79E-07     -6.870683E-03 -2.542604E-03 -5.346756E-05  3.559710E-05 6.90E-13
   3.53E-06 0.00E+00 7.07E-07  4.909532E-10  6.083007E-06  3.307346E-05     1.00
 1.8150000E+06  -8.575000E-03  4.355428E-03  0.000000E+00  1.340518E-14       87
   5.79E-07     -6.871092E-03 -2.542604E-03 -5.358653E-05  3.564338E-05 7.92E-13
   3.53E-06 0.00E+00 7.07E-07  4.930978E-10  6.147451E-06  3.318419E-05     1.00
 1.8200000E+06  -8.600000E-03  4.379930E-03  0.000000E+00  1.339922E-14       87
   5.78E-07     -6.871503E-03 -2.542604E-03 -5.370513E-05  3.569026E-05 2.07E-11
   3.52E-06 0.00E+00 7.06E-07  4.952414E-10  6.211335E-06  3.329495E-05     1.00
 1.8250000E+06  -8.625000E-03  4.404421E-03  0.000000E+00  1.339320E-14       87
   5.78E-07     -6.871914E-03 -2.542604E-03 -5.382337E-05  3.573774E-05 8.14E-13
   3.52E-06 0.00E+00 7.05E-07  4.973841E-10  6.274661E-06  3.340577E-05     1.00
 1.8300000E+06  -8.650000E-03  4.428901E-03  0.000000E+00  1.338713E-14       87
   5.77E-07     -6.872326E-03 -2.542604E-03 -5.394125E-05  3.578583E-05 2.92E-11
   3.52E-06 0.00E+00 7.05E-07  4.995258E-10  6.337429E-06  3.351662E-05     1.00
 1.8350000E+06  -8.675000E-03  4.453370E-03  0.000000E+00  1.338117E-14       87
   5.77E-07     -6.872739E-03 -2.542604E-03 -5.405876E-05  3.583452E-05 7.61E-12
   3.51E-06 0.00E+00 7.04E-07  5.016666E-10  6.399640E-06  3.362753E-05     1.00
 1.8400000E+06  -8.700000E-03  4.477827E-03  0.000000E+00  1.337543E-14       87
   5.76E-07     -6.873153E-03 -2.542604E-03 -5.417592E-05  3.588381E-05 1.31E-11
   3.51E-06 0.00E+00 7.04E-07  5.038064E-10  6.461293E-06  3.373847E-05     1.00
 1.8450000E+06  -8.725000E-03  4.502273E-03  0.000000E+00  1.336940E-14       87
   5.76E-07     -6.873568E-03 -2.542604E-03 -5.429271E-05  3.593370E-05 3.30E-14
   3.51E-06 0.00E+00 7.03E-07  5.059453E-10  6.522390E-06  3.384946E-05     1.00
 1.8500000E+06  -8.750000E-03  4.526707E-03  0.000000E+00  1.336347E-14       87
   5.75E-07     -6.873984E-03 -2.542604E-03 -5.440914E-05  3.598420E-05 3.04E-12
   3.50E-06 0.00E+00 7.02E-07  5.080832E-10  6.582931E-06  3.396050E-05     1.00
 1.8550000E+06  -8.775000E-03  4.551131E-03  0.000000E+00  1.335760E-14       87
   5.75E-07     -6.874401E-03 -2.542604E-03 -5.452521E-05  3.603529E-05 8.01E-12
   3.50E-06 0.00E+00 7.02E-07  5.102202E-10  6.642915E-06  3.407158E-05     1.00
 1.8600000E+06  -8.800000E-03  4.569705E-03  0.000000E+00  1.663685E-14       86
   7.29E-07     -6.878135E-03 -2.542604E-03 -5.447296E-05  3.609184E-05 1.26E-12
   3.86E-06 0.00E+00 8.66E-07  5.129062E-10  6.712245E-06  3.419746E-05     1.00
 1.8650000E+06  -8.825000E-03  4.588893E-03  0.000000E+00  1.505855E-14       86
   6.86E-07     -6.882022E-03 -2.542604E-03 -5.439480E-05  3.614789E-05 1.96E-12
   3.70E-06 0.00E+00 8.20E-07  5.154023E-10  6.780616E-06  3.432189E-05     1.00
 1.8700000E+06  -8.850000E-03  4.608318E-03  0.000000E+00  1.504466E-14       86
   6.72E-07     -6.885936E-03 -2.542604E-03 -5.430506E-05  3.620408E-05 1.07E-11
   3.65E-06 0.00E+00 8.03E-07  5.178308E-10  6.848366E-06  3.444583E-05     1.00
 1.8750000E+06  -8.875000E-03  4.627731E-03  0.000000E+00  1.503429E-14       86
   6.72E-07     -6.889846E-03 -2.542604E-03 -5.421447E-05  3.626080E-05 2.97E-12
   3.65E-06 0.00E+00 8.03E-07  5.202575E-10  6.915707E-06  3.456990E-05     1.00
 1.8800000E+06  -8.900000E-03  4.647131E-03  0.000000E+00  1.502395E-14       86
   6.71E-07     -6.893756E-03 -2.542604E-03 -5.412361E-05  3.631809E-05 9.67E-12
   3.65E-06 0.00E+00 8.02E-07  5.226826E-10  6.982629E-06  3.469410E-05     1.00
 1.8850000E+06  -8.925000E-03  4.666517E-03  0.000000E+00  1.501361E-14       86
   6.70E-07     -6.897664E-03 -2.542604E-03 -5.403248E-05  3.637592E-05 3.30E-13
   3.64E-06 0.00E+00 8.01E-07  5.251060E-10  7.049134E-06  3.481845E-05     1.00
 1.8900000E+06  -8.950000E-03  4.686429E-03  0.000000E+00  1.591047E-14       84
   7.01E-07     -6.901479E-03 -2.542604E-03 -5.379572E-05  3.643134E-05 4.05E-12
   3.68E-06 0.00E+00 8.36E-07  5.276548E-10  7.116832E-06  3.494157E-05     1.00
 1.8950000E+06  -8.975000E-03  4.706435E-03  0.000000E+00  1.589831E-14       84
   7.06E-07     -6.905276E-03 -2.542604E-03 -5.352886E-05  3.648660E-05 2.24E-11
   3.68E-06 0.00E+00 8.44E-07  5.302298E-10  7.184553E-06  3.506455E-05     1.00
 1.9000000E+06  -9.000000E-03  4.726425E-03  0.000000E+00  1.588448E-14       85
   7.07E-07     -6.909073E-03 -2.542604E-03 -5.326169E-05  3.654234E-05 7.05E-12
   3.69E-06 0.00E+00 8.46E-07  5.328028E-10  7.251936E-06  3.518767E-05     1.00
 1.9050000E+06  -9.025000E-03  4.746400E-03  0.000000E+00  1.587158E-14       85
   7.08E-07     -6.912871E-03 -2.542604E-03 -5.299419E-05  3.659856E-05 7.37E-12
   3.70E-06 0.00E+00 8.47E-07  5.353737E-10  7.318981E-06  3.531094E-05     1.00
 1.9100000E+06  -9.050000E-03  4.766359E-03  0.000000E+00  1.585866E-14       85
   7.07E-07     -6.916668E-03 -2.542604E-03 -5.272637E-05  3.665525E-05 2.33E-13
   3.69E-06 0.00E+00 8.46E-07  5.379425E-10  7.385688E-06  3.543434E-05     1.00
 1.9150000E+06  -9.075000E-03  4.786302E-03  0.000000E+00  1.584578E-14       85
   7.07E-07     -6.920466E-03 -2.542604E-03 -5.245823E-05  3.671242E-05 2.40E-13
   3.69E-06 0.00E+00 8.45E-07  5.405093E-10  7.452057E-06  3.555788E-05     1.00
 1.9200000E+06  -9.100000E-03  4.808397E-03  0.000000E+00  2.113218E-14       85
   7.75E-07     -6.923998E-03 -2.542604E-03 -5.305890E-05  3.676021E-05 7.77E-12
   4.12E-06 0.00E+00 9.13E-07  5.436980E-10  7.522485E-06  3.567610E-05     1.00
 1.9250000E+06  -9.125000E-03  4.831319E-03  0.000000E+00  2.110902E-14       85
   7.97E-07     -6.927431E-03 -2.542604E-03 -5.398245E-05  3.680462E-05 4.85E-12
   4.26E-06 0.00E+00 9.37E-07  5.471109E-10  7.594299E-06  3.579233E-05     1.00
 1.9300000E+06  -9.150000E-03  4.854222E-03  0.000000E+00  2.108584E-14       85
   7.97E-07     -6.930865E-03 -2.542604E-03 -5.490564E-05  3.684935E-05 2.92E-12
   4.26E-06 0.00E+00 9.36E-07  5.505200E-10  7.665925E-06  3.590869E-05     1.00
 1.9350000E+06  -9.175000E-03  4.877106E-03  0.000000E+00  2.106272E-14       85
   7.96E-07     -6.934300E-03 -2.542604E-03 -5.582847E-05  3.689442E-05 1.88E-11
   4.25E-06 0.00E+00 9.35E-07  5.539254E-10  7.737363E-06  3.602520E-05     1.00
 1.9400000E+06  -9.200000E-03  4.899972E-03  0.000000E+00  2.103989E-14       85
   7.95E-07     -6.937735E-03 -2.542604E-03 -5.675093E-05  3.693981E-05 3.21E-11
   4.25E-06 0.00E+00 9.34E-07  5.573270E-10  7.808615E-06  3.614184E-05     1.00
 1.9450000E+06  -9.225000E-03  4.922818E-03  0.000000E+00  2.101680E-14       85
   7.94E-07     -6.941172E-03 -2.542604E-03 -5.767303E-05  3.698552E-05 5.63E-12
   4.24E-06 0.00E+00 9.33E-07  5.607250E-10  7.879679E-06  3.625863E-05     1.00
 1.9500000E+06  -9.250000E-03  4.945645E-03  0.000000E+00  2.099393E-14       85
   7.93E-07     -6.944610E-03 -2.542604E-03 -5.859478E-05  3.703157E-05 1.34E-11
   4.24E-06 0.00E+00 9.32E-07  5.641192E-10  7.950558E-06  3.637555E-05     1.00
 1.9550000E+06  -9.275000E-03  4.968454E-03  0.000000E+00  2.097105E-14       85
   7.92E-07     -6.948049E-03 -2.542604E-03 -5.951616E-05  3.707793E-05 3.75E-12
   4.23E-06 0.00E+00 9.31E-07  5.675098E-10  8.021249E-06  3.649261E-05     1.00
 1.9600000E+06  -9.300000E-03  4.992869E-03  0.000000E+00  6.287860E-14       85
   1.01E-06     -6.949137E-03 -2.542604E-03 -6.040647E-05  3.710259E-05 2.29E-12
   5.58E-06 0.00E+00 1.20E-06  5.737145E-10  8.109679E-06  3.660571E-05     1.00
 1.9650000E+06  -9.325000E-03  5.019499E-03  0.000000E+00  6.261380E-14       85
   1.29E-06     -6.947022E-03 -2.542604E-03 -6.129394E-05  3.709774E-05 1.09E-13
   7.35E-06 0.00E+00 1.58E-06  5.838034E-10  8.222015E-06  3.671320E-05     1.00
 1.9700000E+06  -9.350000E-03  5.046067E-03  0.000000E+00  6.234602E-14       85
   1.29E-06     -6.944927E-03 -2.542604E-03 -6.217907E-05  3.709374E-05 5.79E-13
   7.33E-06 0.00E+00 1.57E-06  5.938490E-10  8.333609E-06  3.682080E-05     1.00
 1.9750000E+06  -9.375000E-03  5.072575E-03  0.000000E+00  6.208078E-14       85
   1.29E-06     -6.942853E-03 -2.542604E-03 -6.306188E-05  3.709058E-05 1.88E-12
   7.32E-06 0.00E+00 1.57E-06  6.038516E-10  8.444466E-06  3.692851E-05     1.00
 1.9800000E+06  -9.400000E-03  5.099021E-03  0.000000E+00  6.181821E-14       85
   1.29E-06     -6.940799E-03 -2.542604E-03 -6.394238E-05  3.708826E-05 3.01E-12
   7.30E-06 0.00E+00 1.57E-06  6.138118E-10  8.554591E-06  3.703633E-05     1.00
 1.9850000E+06  -9.425000E-03  5.125408E-03  0.000000E+00  6.155800E-14       85
   1.28E-06     -6.938765E-03 -2.542604E-03 -6.482058E-05  3.708677E-05 7.71E-11
   7.29E-06 0.00E+00 1.56E-06  6.237300E-10  8.663989E-06  3.714425E-05     1.00
 1.9900000E+06  -9.450000E-03  5.151735E-03  0.000000E+00  6.130034E-14       85
   1.28E-06     -6.936751E-03 -2.542604E-03 -6.569650E-05  3.708612E-05 1.05E-11
   7.27E-06 0.00E+00 1.56E-06  6.336064E-10  8.772664E-06  3.725228E-05     1.00
 1.9950000E+06  -9.475000E-03  5.177076E-03  0.000000E+00  3.301524E-14       86
   1.11E-06     -6.936552E-03 -2.542604E-03 -6.667583E-05  3.710072E-05 1.63E-11
   6.27E-06 0.00E+00 1.35E-06  6.411455E-10  8.868532E-06  3.736276E-05     1.00
 2.0000000E+06  -9.500000E-03  5.201451E-03  0.000000E+00  3.295192E-14       86
   9.56E-07     -6.938066E-03 -2.542604E-03 -6.772742E-05  3.712971E-05 1.25E-11
   5.35E-06 0.00E+00 1.15E-06  6.464545E-10  8.952479E-06  3.747570E-05     1.00
 2.0050000E+06  -9.525000E-03  5.225797E-03  0.000000E+00  3.289023E-14       86
   9.54E-07     -6.939584E-03 -2.542604E-03 -6.877784E-05  3.715912E-05 2.13E-12
   5.35E-06 0.00E+00 1.15E-06  6.517534E-10  9.036124E-06  3.758876E-05     1.00
 2.0100000E+06  -9.550000E-03  5.250113E-03  0.000000E+00  3.282878E-14       86
   9.53E-07     -6.941108E-03 -2.542604E-03 -6.982711E-05  3.718896E-05 4.08E-12
   5.34E-06 0.00E+00 1.15E-06  6.570424E-10  9.119467E-06  3.770194E-05     1.00
 2.0150000E+06  -9.575000E-03  5.274399E-03  0.000000E+00  3.276763E-14       86
   9.52E-07     -6.942636E-03 -2.542604E-03 -7.087522E-05  3.721921E-05 5.42E-12
   5.33E-06 0.00E+00 1.15E-06  6.623215E-10  9.202510E-06  3.781525E-05     1.00
 2.0200000E+06  -9.600000E-03  5.298655E-03  0.000000E+00  3.270668E-14       86
   9.51E-07     -6.944169E-03 -2.542604E-03 -7.192220E-05  3.724988E-05 5.16E-12
   5.32E-06 0.00E+00 1.14E-06  6.675908E-10  9.285254E-06  3.792867E-05     1.00
 2.0250000E+06  -9.625000E-03  5.322071E-03  0.000000E+00  1.742479E-14       87
   9.08E-07     -6.946959E-03 -2.542604E-03 -7.287273E-05  3.728802E-05 1.04E-10
   5.00E-06 0.00E+00 1.08E-06  6.723133E-10  9.362691E-06  3.804425E-05     1.00
 2.0300000E+06  -9.650000E-03  5.342730E-03  0.000000E+00  1.753435E-14       88
   7.65E-07     -6.953955E-03 -2.542604E-03 -7.346334E-05  3.735055E-05 4.55E-10
   3.90E-06 0.00E+00 8.90E-07  6.751469E-10  9.422831E-06  3.816692E-05     1.00
 2.0350000E+06  -9.675000E-03  5.363372E-03  0.000000E+00  1.751204E-14       88
   7.64E-07     -6.960951E-03 -2.542604E-03 -7.405319E-05  3.741344E-05 3.19E-11
   3.90E-06 0.00E+00 9.09E-07  6.779900E-10  9.482825E-06  3.828981E-05     1.00
 2.0400000E+06  -9.700000E-03  5.383997E-03  0.000000E+00  1.748910E-14       88
   7.63E-07     -6.967949E-03 -2.542604E-03 -7.464216E-05  3.747671E-05 1.35E-12
   3.89E-06 0.00E+00 9.08E-07  6.808293E-10  9.542664E-06  3.841292E-05     1.00
 2.0450000E+06  -9.725000E-03  5.404604E-03  0.000000E+00  1.746623E-14       88
   7.62E-07     -6.974949E-03 -2.542604E-03 -7.523023E-05  3.754036E-05 5.23E-12
   3.89E-06 0.00E+00 9.06E-07  6.836650E-10  9.602349E-06  3.853626E-05     1.00
 2.0500000E+06  -9.750000E-03  5.425193E-03  0.000000E+00  1.744340E-14       88
   7.61E-07     -6.981951E-03 -2.542604E-03 -7.581741E-05  3.760440E-05 3.38E-12
   3.88E-06 0.00E+00 9.05E-07  6.864969E-10  9.661879E-06  3.865983E-05     1.00
 2.0550000E+06  -9.775000E-03  5.446022E-03  0.000000E+00  1.382158E-14       89
   6.94E-07     -6.989281E-03 -2.542604E-03 -7.627449E-05  3.767126E-05 2.66E-11
   3.62E-06 0.00E+00 8.27E-07  6.889296E-10  9.718159E-06  3.878297E-05     1.00
 2.0600000E+06  -9.800000E-03  5.466930E-03  0.000000E+00  1.380829E-14       89
   6.57E-07     -6.996779E-03 -2.542604E-03 -7.666537E-05  3.773976E-05 9.59E-13
   3.48E-06 0.00E+00 7.89E-07  6.911637E-10  9.772795E-06  3.890611E-05     1.00
 2.0650000E+06  -9.825000E-03  5.487823E-03  0.000000E+00  1.379516E-14       89
   6.56E-07     -7.004277E-03 -2.542604E-03 -7.705563E-05  3.780863E-05 6.82E-13
   3.48E-06 0.00E+00 7.88E-07  6.933956E-10  9.827294E-06  3.902948E-05     1.00
 2.0700000E+06  -9.850000E-03  5.508702E-03  0.000000E+00  1.378203E-14       89
   6.55E-07     -7.011777E-03 -2.542604E-03 -7.744529E-05  3.787787E-05 7.19E-12
   3.47E-06 0.00E+00 7.87E-07  6.956254E-10  9.881655E-06  3.915308E-05     1.00
 2.0750000E+06  -9.875000E-03  5.529567E-03  0.000000E+00  1.376901E-14       89
   6.54E-07     -7.019278E-03 -2.542604E-03 -7.783434E-05  3.794747E-05 1.37E-11
   3.47E-06 0.00E+00 7.85E-07  6.978531E-10  9.935880E-06  3.927691E-05     1.00
 2.0800000E+06  -9.900000E-03  5.550418E-03  0.000000E+00  1.375584E-14       89
   6.54E-07     -7.026780E-03 -2.542604E-03 -7.822279E-05  3.801743E-05 7.17E-13
   3.46E-06 0.00E+00 7.84E-07  7.000787E-10  9.989967E-06  3.940096E-05     1.00
 2.0850000E+06  -9.925000E-03  5.571322E-03  0.000000E+00  1.439694E-14       89
   6.56E-07     -7.034217E-03 -2.542604E-03 -7.862505E-05  3.808736E-05 1.45E-08
   3.47E-06 0.00E+00 7.86E-07  7.023161E-10  1.004416E-05  3.952508E-05     1.00
 2.0900000E+06  -9.950000E-03  5.592619E-03  0.000000E+00  1.437342E-14       89
   6.74E-07     -7.041242E-03 -2.542604E-03 -7.911964E-05  3.815510E-05 4.05E-12
   3.53E-06 0.00E+00 8.02E-07  7.046410E-10  1.009973E-05  3.964840E-05     1.00
 2.0950000E+06  -9.975000E-03  5.613902E-03  0.000000E+00  1.435877E-14       89
   6.64E-07     -7.048269E-03 -2.542604E-03 -7.961346E-05  3.822321E-05 5.09E-12
   3.53E-06 0.00E+00 8.01E-07  7.069636E-10  1.015515E-05  3.977193E-05     1.00
 2.1000000E+06  -1.000000E-02  5.635170E-03  0.000000E+00  1.434424E-14       89
   6.63E-07     -7.055297E-03 -2.542604E-03 -8.010654E-05  3.829168E-05 3.62E-11
   3.52E-06 0.00E+00 8.00E-07  7.092839E-10  1.021042E-05  3.989568E-05     1.00
 2.1050000E+06  -1.001250E-02  5.645840E-03  0.000000E+00  3.584390E-15       89
   3.37E-07     -7.058781E-03 -2.542604E-03 -8.035728E-05  3.832581E-05 5.02E-12
   1.77E-06 0.00E+00 4.03E-07  7.098828E-10  1.023815E-05  3.995753E-05     1.00
 2.1100000E+06  -1.002500E-02  5.656678E-03  0.000000E+00  4.157937E-15       90
   3.35E-07     -7.062170E-03 -2.542604E-03 -8.063616E-05  3.835904E-05 7.31E-10
   1.80E-06 0.00E+00 4.05E-07  7.104804E-10  1.026639E-05  4.001900E-05     1.00
 2.1150000E+06  -1.003750E-02  5.667553E-03  0.000000E+00  4.009888E-15       90
   3.49E-07     -7.065314E-03 -2.542604E-03 -8.086788E-05  3.839061E-05 3.66E-13
   1.87E-06 0.00E+00 4.21E-07  7.111286E-10  1.029624E-05  4.008043E-05     1.00
 2.1200000E+06  -1.005000E-02  5.678424E-03  0.000000E+00  4.007375E-15       90
   3.49E-07     -7.068459E-03 -2.542604E-03 -8.109911E-05  3.842230E-05 4.03E-13
   1.87E-06 0.00E+00 4.20E-07  7.117762E-10  1.032603E-05  4.014190E-05     1.00
 2.1250000E+06  -1.006250E-02  5.689290E-03  0.000000E+00  4.004896E-15       90
   3.49E-07     -7.071605E-03 -2.542604E-03 -8.133014E-05  3.845409E-05 7.56E-12
   1.87E-06 0.00E+00 4.20E-07  7.124234E-10  1.035576E-05  4.020343E-05     1.00
 2.1300000E+06  -1.007500E-02  5.700151E-03  0.000000E+00  4.002419E-15       90
   3.49E-07     -7.074752E-03 -2.542604E-03 -8.156097E-05  3.848598E-05 9.83E-13
   1.87E-06 0.00E+00 4.20E-07  7.130702E-10  1.038545E-05  4.026501E-05     1.00
 2.1350000E+06  -1.008750E-02  5.711008E-03  0.000000E+00  3.999943E-15       90
   3.48E-07     -7.077900E-03 -2.542604E-03 -8.179160E-05  3.851799E-05 8.63E-14
   1.87E-06 0.00E+00 4.19E-07  7.137166E-10  1.041508E-05  4.032664E-05     1.00
 2.1400000E+06  -1.010000E-02  5.721861E-03  0.000000E+00  3.997433E-15       90
   3.48E-07     -7.081048E-03 -2.542604E-03 -8.202204E-05  3.855010E-05 9.99E-13
   1.86E-06 0.00E+00 4.19E-07  7.143626E-10  1.044465E-05  4.038832E-05     1.00
 2.1450000E+06  -1.011250E-02  5.732709E-03  0.000000E+00  3.994967E-15       90
   3.48E-07     -7.084197E-03 -2.542604E-03 -8.225228E-05  3.858231E-05 4.93E-12
   1.86E-06 0.00E+00 4.19E-07  7.150083E-10  1.047417E-05  4.045006E-05     1.00
 2.1500000E+06  -1.012500E-02  5.743552E-03  0.000000E+00  3.992499E-15       90
   3.48E-07     -7.087347E-03 -2.542604E-03 -8.248233E-05  3.861463E-05 3.26E-13
   1.86E-06 0.00E+00 4.18E-07  7.156535E-10  1.050363E-05  4.051185E-05     1.00
 2.1550000E+06  -1.013750E-02  5.754392E-03  0.000000E+00  3.990025E-15       90
   3.47E-07     -7.090498E-03 -2.542604E-03 -8.271218E-05  3.864706E-05 5.31E-13
   1.86E-06 0.00E+00 4.18E-07  7.162983E-10  1.053305E-05  4.057369E-05     1.00
 2.1600000E+06  -1.015000E-02  5.765226E-03  0.000000E+00  3.987573E-15       90
   3.47E-07     -7.093649E-03 -2.542604E-03 -8.294184E-05  3.867960E-05 3.50E-12
   1.86E-06 0.00E+00 4.18E-07  7.169427E-10  1.056240E-05  4.063558E-05     1.00
 2.1650000E+06  -1.016250E-02  5.776056E-03  0.000000E+00  3.985093E-15       90
   3.47E-07     -7.096801E-03 -2.542604E-03 -8.317130E-05  3.871224E-05 5.27E-14
   1.86E-06 0.00E+00 4.18E-07  7.175867E-10  1.059171E-05  4.069753E-05     1.00
 2.1700000E+06  -1.017500E-02  5.786882E-03  0.000000E+00  3.982631E-15       90
   3.47E-07     -7.099954E-03 -2.542604E-03 -8.340056E-05  3.874499E-05 1.00E-11
   1.86E-06 0.00E+00 4.17E-07  7.182304E-10  1.062096E-05  4.075952E-05     1.00
 2.1750000E+06  -1.018750E-02  5.797704E-03  0.000000E+00  3.980178E-15       90
   3.46E-07     -7.103108E-03 -2.542604E-03 -8.362963E-05  3.877784E-05 1.45E-12
   1.85E-06 0.00E+00 4.17E-07  7.188736E-10  1.065015E-05  4.082157E-05     1.00
 2.1800000E+06  -1.020000E-02  5.808520E-03  0.000000E+00  3.977714E-15       90
   3.46E-07     -7.106262E-03 -2.542604E-03 -8.385850E-05  3.881080E-05 1.36E-12
   1.85E-06 0.00E+00 4.17E-07  7.195164E-10  1.067929E-05  4.088367E-05     1.00
 2.1850000E+06  -1.021250E-02  5.819333E-03  0.000000E+00  3.975271E-15       90
   3.46E-07     -7.109418E-03 -2.542604E-03 -8.408718E-05  3.884386E-05 1.77E-12
   1.85E-06 0.00E+00 4.16E-07  7.201589E-10  1.070838E-05  4.094583E-05     1.00
 2.1900000E+06  -1.022500E-02  5.830141E-03  0.000000E+00  3.972819E-15       90
   3.46E-07     -7.112574E-03 -2.542604E-03 -8.431567E-05  3.887703E-05 1.47E-12
   1.85E-06 0.00E+00 4.16E-07  7.208009E-10  1.073742E-05  4.100803E-05     1.00
 2.1950000E+06  -1.023750E-02  5.840945E-03  0.000000E+00  3.970387E-15       90
   3.45E-07     -7.115731E-03 -2.542604E-03 -8.454396E-05  3.891031E-05 3.05E-14
   1.85E-06 0.00E+00 4.16E-07  7.214426E-10  1.076640E-05  4.107029E-05     1.00
 2.2000000E+06  -1.025000E-02  5.851744E-03  0.000000E+00  3.967939E-15       90
   3.45E-07     -7.118888E-03 -2.542604E-03 -8.477205E-05  3.894369E-05 1.46E-13
   1.85E-06 0.00E+00 4.16E-07  7.220839E-10  1.079532E-05  4.113260E-05     1.00
 2.2050000E+06  -1.026250E-02  5.862538E-03  0.000000E+00  3.965446E-15       90
   3.45E-07     -7.122046E-03 -2.542604E-03 -8.499995E-05  3.897718E-05 3.27E-12
   1.85E-06 0.00E+00 4.15E-07  7.227247E-10  1.082420E-05  4.119496E-05     1.00
 2.2100000E+06  -1.027500E-02  5.873329E-03  0.000000E+00  3.963072E-15       90
   3.45E-07     -7.125205E-03 -2.542604E-03 -8.522766E-05  3.901077E-05 1.87E-12
   1.85E-06 0.00E+00 4.15E-07  7.233652E-10  1.085302E-05  4.125738E-05     1.00
 2.2150000E+06  -1.028750E-02  5.884115E-03  0.000000E+00  3.960636E-15       90
   3.44E-07     -7.128365E-03 -2.542604E-03 -8.545517E-05  3.904447E-05 7.49E-13
   1.84E-06 0.00E+00 4.15E-07  7.240053E-10  1.088178E-05  4.131984E-05     1.00
 2.2200000E+06  -1.030000E-02  5.894896E-03  0.000000E+00  3.958203E-15       90
   3.44E-07     -7.131526E-03 -2.542604E-03 -8.568249E-05  3.907827E-05 9.41E-13
   1.84E-06 0.00E+00 4.14E-07  7.246450E-10  1.091050E-05  4.138236E-05     1.00
 2.2250000E+06  -1.031250E-02  5.905673E-03  0.000000E+00  3.955770E-15       90
   3.44E-07     -7.134687E-03 -2.542604E-03 -8.590961E-05  3.911218E-05 2.38E-13
   1.84E-06 0.00E+00 4.14E-07  7.252843E-10  1.093916E-05  4.144493E-05     1.00
 2.2300000E+06  -1.032500E-02  5.916446E-03  0.000000E+00  3.953353E-15       90
   3.44E-07     -7.137849E-03 -2.542604E-03 -8.613654E-05  3.914620E-05 2.22E-13
   1.84E-06 0.00E+00 4.14E-07  7.259232E-10  1.096776E-05  4.150755E-05     1.00
 2.2350000E+06  -1.033750E-02  5.927214E-03  0.000000E+00  3.950930E-15       90
   3.43E-07     -7.141012E-03 -2.542604E-03 -8.636328E-05  3.918032E-05 6.98E-12
   1.84E-06 0.00E+00 4.14E-07  7.265618E-10  1.099632E-05  4.157023E-05     1.00
 2.2400000E+06  -1.035000E-02  5.937978E-03  0.000000E+00  3.948596E-15       90
   3.43E-07     -7.144176E-03 -2.542604E-03 -8.658982E-05  3.921455E-05 3.67E-12
   1.84E-06 0.00E+00 4.13E-07  7.271999E-10  1.102482E-05  4.163296E-05     1.00
 2.2450000E+06  -1.036250E-02  5.948738E-03  0.000000E+00  3.946104E-15       90
   3.43E-07     -7.147340E-03 -2.542604E-03 -8.681617E-05  3.924888E-05 1.53E-12
   1.84E-06 0.00E+00 4.13E-07  7.278377E-10  1.105327E-05  4.169573E-05     1.00
 2.2500000E+06  -1.037500E-02  5.959493E-03  0.000000E+00  3.943723E-15       90
   3.43E-07     -7.150505E-03 -2.542604E-03 -8.704232E-05  3.928331E-05 1.25E-11
   1.83E-06 0.00E+00 4.13E-07  7.284750E-10  1.108166E-05  4.175857E-05     1.00
 2.2550000E+06  -1.038750E-02  5.970244E-03  0.000000E+00  3.941292E-15       90
   3.42E-07     -7.153671E-03 -2.542604E-03 -8.726829E-05  3.931785E-05 2.58E-13
   1.83E-06 0.00E+00 4.12E-07  7.291120E-10  1.111000E-05  4.182145E-05     1.00
 2.2600000E+06  -1.040000E-02  5.980990E-03  0.000000E+00  3.941372E-15       91
   3.42E-07     -7.156838E-03 -2.542604E-03 -8.749404E-05  3.935250E-05 8.53E-10
   1.83E-06 0.00E+00 4.12E-07  7.297486E-10  1.113829E-05  4.188438E-05     1.00
 2.2650000E+06  -1.041250E-02  5.991733E-03  0.000000E+00  3.936560E-15       91
   3.44E-07     -7.160005E-03 -2.542604E-03 -8.771964E-05  3.938725E-05 1.32E-12
   1.84E-06 0.00E+00 4.14E-07  7.303848E-10  1.116652E-05  4.194737E-05     1.00
 2.2700000E+06  -1.042500E-02  6.002470E-03  0.000000E+00  3.934160E-15       91
   3.44E-07     -7.163173E-03 -2.542604E-03 -8.794502E-05  3.942211E-05 1.56E-12
   1.84E-06 0.00E+00 4.14E-07  7.310206E-10  1.119471E-05  4.201041E-05     1.00
 2.2750000E+06  -1.043750E-02  6.013928E-03  0.000000E+00  3.087856E-15       90
   3.13E-07     -7.166621E-03 -2.542604E-03 -8.807410E-05  3.945761E-05 8.94E-13
   1.68E-06 0.00E+00 3.74E-07  7.315600E-10  1.122047E-05  4.207168E-05     1.00
 2.2800000E+06  -1.045000E-02  6.025677E-03  0.000000E+00  3.086256E-15       90
   3.01E-07     -7.170184E-03 -2.542604E-03 -8.816132E-05  3.949345E-05 4.41E-12
   1.62E-06 0.00E+00 3.58E-07  7.320585E-10  1.124522E-05  4.213226E-05     1.00
 2.2850000E+06  -1.046250E-02  6.037423E-03  0.000000E+00  3.084662E-15       90
   3.01E-07     -7.173747E-03 -2.542604E-03 -8.824843E-05  3.952937E-05 2.11E-12
   1.62E-06 0.00E+00 3.57E-07  7.325568E-10  1.126994E-05  4.219290E-05     1.00
 2.2900000E+06  -1.047500E-02  6.049164E-03  0.000000E+00  3.083072E-15       90
   3.00E-07     -7.177311E-03 -2.542604E-03 -8.833543E-05  3.956538E-05 1.37E-12
   1.62E-06 0.00E+00 3.57E-07  7.330548E-10  1.129462E-05  4.225360E-05     1.00
 2.2950000E+06  -1.048750E-02  6.061191E-03  0.000000E+00  3.154201E-15       90
   3.01E-07     -7.180766E-03 -2.542604E-03 -8.842594E-05  3.960030E-05 2.47E-12
   1.63E-06 0.00E+00 3.57E-07  7.335586E-10  1.131972E-05  4.231362E-05     1.00
 2.3000000E+06  -1.050000E-02  6.073467E-03  0.000000E+00  3.152494E-15       90
   3.02E-07     -7.184126E-03 -2.542604E-03 -8.851847E-05  3.963426E-05 9.76E-13
   1.63E-06 0.00E+00 3.58E-07  7.340676E-10  1.134520E-05  4.237306E-05     1.00
 2.3050000E+06  -1.051250E-02  6.085738E-03  0.000000E+00  3.150777E-15       90
   3.02E-07     -7.187487E-03 -2.542604E-03 -8.861089E-05  3.966832E-05 5.37E-11
   1.63E-06 0.00E+00 3.57E-07  7.345763E-10  1.137064E-05  4.243256E-05     1.00
 2.3100000E+06  -1.052500E-02  6.098005E-03  0.000000E+00  3.149063E-15       90
   3.01E-07     -7.190848E-03 -2.542604E-03 -8.870319E-05  3.970246E-05 1.86E-12
   1.63E-06 0.00E+00 3.57E-07  7.350847E-10  1.139605E-05  4.249211E-05     1.00
 2.3150000E+06  -1.053750E-02  6.111139E-03  0.000000E+00  3.581916E-15       90
   3.11E-07     -7.193462E-03 -2.542604E-03 -8.882213E-05  3.973032E-05 1.85E-12
   1.69E-06 0.00E+00 3.67E-07  7.356264E-10  1.142559E-05  4.254951E-05     1.00
 2.3200000E+06  -1.055000E-02  6.125228E-03  0.000000E+00  3.580012E-15       90
   3.20E-07     -7.195269E-03 -2.542604E-03 -8.896589E-05  3.975138E-05 8.36E-12
   1.74E-06 0.00E+00 3.78E-07  7.362043E-10  1.145957E-05  4.260455E-05     1.00
 2.3250000E+06  -1.056250E-02  6.139311E-03  0.000000E+00  3.577726E-15       90
   3.20E-07     -7.197077E-03 -2.542604E-03 -8.910949E-05  3.977251E-05 3.56E-13
   1.74E-06 0.00E+00 3.78E-07  7.367818E-10  1.149352E-05  4.265963E-05     1.00
 2.3300000E+06  -1.057500E-02  6.153388E-03  0.000000E+00  3.575429E-15       90
   3.20E-07     -7.198886E-03 -2.542604E-03 -8.925291E-05  3.979369E-05 4.67E-12
   1.74E-06 0.00E+00 3.78E-07  7.373589E-10  1.152744E-05  4.271474E-05     1.00
 2.3350000E+06  -1.058750E-02  6.167461E-03  0.000000E+00  3.573109E-15       90
   3.20E-07     -7.200696E-03 -2.542604E-03 -8.939617E-05  3.981494E-05 9.20E-13
   1.74E-06 0.00E+00 3.77E-07  7.379356E-10  1.156134E-05  4.276989E-05     1.00
 2.3400000E+06  -1.060000E-02  6.181528E-03  0.000000E+00  3.570793E-15       90
   3.19E-07     -7.202508E-03 -2.542604E-03 -8.953926E-05  3.983625E-05 2.01E-12
   1.74E-06 0.00E+00 3.77E-07  7.385120E-10  1.159522E-05  4.282507E-05     1.00
 2.3450000E+06  -1.061250E-02  6.195590E-03  0.000000E+00  3.568499E-15       90
   3.19E-07     -7.204320E-03 -2.542604E-03 -8.968218E-05  3.985762E-05 1.07E-11
   1.73E-06 0.00E+00 3.77E-07  7.390880E-10  1.162907E-05  4.288030E-05     1.00
 2.3500000E+06  -1.062500E-02  6.209647E-03  0.000000E+00  3.566216E-15       90
   3.19E-07     -7.206134E-03 -2.542604E-03 -8.982494E-05  3.987905E-05 8.83E-12
   1.73E-06 0.00E+00 3.77E-07  7.396636E-10  1.166290E-05  4.293556E-05     1.00
 2.3550000E+06  -1.063750E-02  6.223699E-03  0.000000E+00  3.563901E-15       90
   3.19E-07     -7.207949E-03 -2.542604E-03 -8.996753E-05  3.990055E-05 2.44E-12
   1.73E-06 0.00E+00 3.77E-07  7.402389E-10  1.169671E-05  4.299086E-05     1.00
 2.3600000E+06  -1.065000E-02  6.237996E-03  0.000000E+00  4.337359E-15       90
   3.32E-07     -7.209492E-03 -2.542604E-03 -9.012287E-05  3.991995E-05 8.25E-12
   1.79E-06 0.00E+00 3.92E-07  7.408524E-10  1.173201E-05  4.304557E-05     1.00
 2.3650000E+06  -1.066250E-02  6.252853E-03  0.000000E+00  4.333788E-15       90
   3.62E-07     -7.210420E-03 -2.542604E-03 -9.031029E-05  3.993456E-05 4.11E-12
   1.90E-06 0.00E+00 4.28E-07  7.415539E-10  1.177072E-05  4.309888E-05     1.00
 2.3700000E+06  -1.067500E-02  6.267704E-03  0.000000E+00  4.330270E-15       90
   3.61E-07     -7.211349E-03 -2.542604E-03 -9.049744E-05  3.994924E-05 2.96E-12
   1.90E-06 0.00E+00 4.28E-07  7.422548E-10  1.180938E-05  4.315223E-05     1.00
 2.3750000E+06  -1.068750E-02  6.282548E-03  0.000000E+00  4.326738E-15       90
   3.61E-07     -7.212281E-03 -2.542604E-03 -9.068435E-05  3.996398E-05 1.07E-12
   1.90E-06 0.00E+00 4.27E-07  7.429551E-10  1.184801E-05  4.320560E-05     1.00
 2.3800000E+06  -1.070000E-02  6.297384E-03  0.000000E+00  4.323227E-15       90
   3.61E-07     -7.213214E-03 -2.542604E-03 -9.087101E-05  3.997880E-05 4.57E-11
   1.90E-06 0.00E+00 4.27E-07  7.436548E-10  1.188659E-05  4.325901E-05     1.00
 2.3850000E+06  -1.071250E-02  6.312214E-03  0.000000E+00  4.319711E-15       90
   3.61E-07     -7.214150E-03 -2.542604E-03 -9.105742E-05  3.999370E-05 7.23E-13
   1.90E-06 0.00E+00 4.27E-07  7.443540E-10  1.192514E-05  4.331244E-05     1.00
 2.3900000E+06  -1.072500E-02  6.327037E-03  0.000000E+00  4.316212E-15       90
   3.61E-07     -7.215087E-03 -2.542604E-03 -9.124359E-05  4.000866E-05 6.10E-12
   1.90E-06 0.00E+00 4.27E-07  7.450526E-10  1.196364E-05  4.336591E-05     1.00
 2.3950000E+06  -1.073750E-02  6.341853E-03  0.000000E+00  4.312738E-15       90
   3.60E-07     -7.216025E-03 -2.542604E-03 -9.142951E-05  4.002369E-05 1.64E-12
   1.90E-06 0.00E+00 4.26E-07  7.457507E-10  1.200211E-05  4.341941E-05     1.00
 2.4000000E+06  -1.075000E-02  6.356662E-03  0.000000E+00  4.309240E-15       90
   3.60E-07     -7.216966E-03 -2.542604E-03 -9.161518E-05  4.003880E-05 2.15E-12
   1.90E-06 0.00E+00 4.26E-07  7.464482E-10  1.204053E-05  4.347294E-05     1.00
 2.4050000E+06  -1.076250E-02  6.371464E-03  0.000000E+00  4.305755E-15       90
   3.60E-07     -7.217909E-03 -2.542604E-03 -9.180061E-05  4.005398E-05 1.89E-12
   1.90E-06 0.00E+00 4.26E-07  7.471451E-10  1.207891E-05  4.352650E-05     1.00
 2.4100000E+06  -1.077500E-02  6.386259E-03  0.000000E+00  4.302300E-15       90
   3.60E-07     -7.218853E-03 -2.542604E-03 -9.198579E-05  4.006923E-05 6.95E-12
   1.89E-06 0.00E+00 4.26E-07  7.478415E-10  1.211725E-05  4.358009E-05     1.00
 2.4150000E+06  -1.078750E-02  6.401854E-03  0.000000E+00  5.588290E-15       90
   4.00E-07     -7.219243E-03 -2.542604E-03 -9.242741E-05  4.007936E-05 1.05E-09
   2.08E-06 0.00E+00 4.68E-07  7.486775E-10  1.215871E-05  4.363169E-05     1.00
 2.4200000E+06  -1.080000E-02  6.417991E-03  0.000000E+00  5.530208E-15       90
   4.24E-07     -7.219256E-03 -2.542604E-03 -9.303331E-05  4.008609E-05 7.41E-10
   2.18E-06 0.00E+00 4.96E-07  7.496028E-10  1.220222E-05  4.368192E-05     1.00
 2.4250000E+06  -1.081250E-02  6.434117E-03  0.000000E+00  5.806417E-15       90
   4.29E-07     -7.219271E-03 -2.542604E-03 -9.364086E-05  4.009287E-05 2.83E-10
   2.18E-06 0.00E+00 4.95E-07  7.505265E-10  1.224569E-05  4.373218E-05     1.00
 2.4300000E+06  -1.082500E-02  6.450238E-03  0.000000E+00  5.735912E-15       90
   4.25E-07     -7.219288E-03 -2.542604E-03 -9.424819E-05  4.009974E-05 9.99E-11
   2.17E-06 0.00E+00 4.95E-07  7.514488E-10  1.228910E-05  4.378246E-05     1.00
 2.4350000E+06  -1.083750E-02  6.466348E-03  0.000000E+00  5.604170E-15       90
   4.21E-07     -7.219309E-03 -2.542604E-03 -9.485390E-05  4.010671E-05 2.78E-10
   2.17E-06 0.00E+00 4.94E-07  7.523695E-10  1.233244E-05  4.383276E-05     1.00
 2.4400000E+06  -1.085000E-02  6.482601E-03  0.000000E+00  5.810006E-15       90
   4.27E-07     -7.219254E-03 -2.542604E-03 -9.545679E-05  4.011322E-05 1.49E-12
   2.18E-06 0.00E+00 5.01E-07  7.533005E-10  1.237587E-05  4.388271E-05     1.00
 2.4450000E+06  -1.086250E-02  6.499017E-03  0.000000E+00  5.806720E-15       90
   4.32E-07     -7.219111E-03 -2.542604E-03 -9.605701E-05  4.011922E-05 2.88E-12
   2.19E-06 0.00E+00 5.08E-07  7.542438E-10  1.241941E-05  4.393225E-05     1.00
 2.4500000E+06  -1.087500E-02  6.515422E-03  0.000000E+00  5.801560E-15       90
   4.32E-07     -7.218972E-03 -2.542604E-03 -9.665668E-05  4.012532E-05 1.11E-11
   2.19E-06 0.00E+00 5.07E-07  7.551860E-10  1.246288E-05  4.398182E-05     1.00
 2.4550000E+06  -1.088750E-02  6.533337E-03  0.000000E+00  8.321441E-15       89
   4.82E-07     -7.218403E-03 -2.542604E-03 -9.708423E-05  4.012480E-05 2.27E-11
   2.54E-06 0.00E+00 5.49E-07  7.564495E-10  1.250917E-05  4.402759E-05     1.00
 2.4600000E+06  -1.090000E-02  6.551636E-03  0.000000E+00  8.309614E-15       89
   4.94E-07     -7.217712E-03 -2.542604E-03 -9.746859E-05  4.012260E-05 1.21E-12
   2.62E-06 0.00E+00 5.59E-07  7.577941E-10  1.255616E-05  4.407238E-05     1.00
 2.4650000E+06  -1.091250E-02  6.569922E-03  0.000000E+00  8.297991E-15       89
   4.93E-07     -7.217025E-03 -2.542604E-03 -9.785239E-05  4.012048E-05 1.84E-12
   2.62E-06 0.00E+00 5.59E-07  7.591367E-10  1.260310E-05  4.411720E-05     1.00
 2.4700000E+06  -1.092500E-02  6.588193E-03  0.000000E+00  8.286456E-15       89
   4.93E-07     -7.216344E-03 -2.542604E-03 -9.823563E-05  4.011844E-05 2.76E-13
   2.61E-06 0.00E+00 5.59E-07  7.604776E-10  1.265000E-05  4.416206E-05     1.00
 2.4750000E+06  -1.093750E-02  6.606451E-03  0.000000E+00  8.274995E-15       89
   4.93E-07     -7.215667E-03 -2.542604E-03 -9.861831E-05  4.011647E-05 1.39E-12
   2.61E-06 0.00E+00 5.58E-07  7.618165E-10  1.269684E-05  4.420694E-05     1.00
 2.4800000E+06  -1.095000E-02  6.624694E-03  0.000000E+00  8.263528E-15       89
   4.92E-07     -7.214994E-03 -2.542604E-03 -9.900043E-05  4.011459E-05 3.27E-12
   2.61E-06 0.00E+00 5.58E-07  7.631536E-10  1.274363E-05  4.425185E-05     1.00
 2.4850000E+06  -1.096250E-02  6.642923E-03  0.000000E+00  8.252136E-15       89
   4.92E-07     -7.214327E-03 -2.542604E-03 -9.938199E-05  4.011278E-05 6.97E-12
   2.61E-06 0.00E+00 5.57E-07  7.644888E-10  1.279038E-05  4.429679E-05     1.00
 2.4900000E+06  -1.097500E-02  6.661138E-03  0.000000E+00  8.240745E-15       89
   4.92E-07     -7.213664E-03 -2.542604E-03 -9.976300E-05  4.011105E-05 2.07E-12
   2.61E-06 0.00E+00 5.57E-07  7.658222E-10  1.283707E-05  4.434176E-05     1.00
 2.4950000E+06  -1.098750E-02  6.679339E-03  0.000000E+00  8.229499E-15       89
   4.91E-07     -7.213006E-03 -2.542604E-03 -1.001434E-04  4.010941E-05 1.48E-11
   2.61E-06 0.00E+00 5.57E-07  7.671538E-10  1.288372E-05  4.438675E-05     1.00
 2.5000000E+06  -1.100000E-02  6.700881E-03  0.000000E+00  1.802679E-14       89
   6.36E-07     -7.209938E-03 -2.542604E-03 -1.007422E-04  4.008584E-05 8.96E-13
   3.65E-06 0.00E+00 7.18E-07  7.697126E-10  1.294386E-05  4.442333E-05     1.00
 2.5050000E+06  -1.101250E-02  6.723091E-03  0.000000E+00  1.798863E-14       89
   6.74E-07     -7.206274E-03 -2.542604E-03 -1.013760E-04  4.005739E-05 1.18E-12
   3.88E-06 0.00E+00 7.63E-07  7.726048E-10  1.300716E-05  4.445819E-05     1.00
 2.5100000E+06  -1.102500E-02  6.745273E-03  0.000000E+00  1.795063E-14       89
   6.73E-07     -7.202620E-03 -2.542604E-03 -1.020086E-04  4.002912E-05 2.37E-12
   3.88E-06 0.00E+00 7.62E-07  7.754909E-10  1.307031E-05  4.449307E-05     1.00
 2.5150000E+06  -1.103750E-02  6.767372E-03  0.000000E+00  1.781971E-14       89
   6.73E-07     -7.198995E-03 -2.542604E-03 -1.026406E-04  4.000126E-05 4.44E-11
   3.87E-06 0.00E+00 7.62E-07  7.783597E-10  1.313322E-05  4.452812E-05     1.00
 2.5200000E+06  -1.105000E-02  6.789431E-03  0.000000E+00  1.778396E-14       89
   6.72E-07     -7.195384E-03 -2.542604E-03 -1.032718E-04  3.997364E-05 1.49E-12
   3.86E-06 0.00E+00 7.61E-07  7.812193E-10  1.319594E-05  4.456323E-05     1.00
 2.5250000E+06  -1.106250E-02  6.811463E-03  0.000000E+00  1.774852E-14       89
   6.72E-07     -7.191783E-03 -2.542604E-03 -1.039016E-04  3.994620E-05 1.88E-12
   3.86E-06 0.00E+00 7.60E-07  7.840732E-10  1.325852E-05  4.459836E-05     1.00
 2.5300000E+06  -1.107500E-02  6.833470E-03  0.000000E+00  1.771317E-14       89
   6.71E-07     -7.188191E-03 -2.542604E-03 -1.045301E-04  3.991893E-05 1.22E-13
   3.86E-06 0.00E+00 7.60E-07  7.869214E-10  1.332094E-05  4.463351E-05     1.00
 2.5350000E+06  -1.108750E-02  6.855452E-03  0.000000E+00  1.767801E-14       89
   6.71E-07     -7.184608E-03 -2.542604E-03 -1.051574E-04  3.989183E-05 3.90E-12
   3.85E-06 0.00E+00 7.59E-07  7.897639E-10  1.338320E-05  4.466869E-05     1.00
 2.5400000E+06  -1.110000E-02  6.877409E-03  0.000000E+00  1.764300E-14       89
   6.70E-07     -7.181034E-03 -2.542604E-03 -1.057834E-04  3.986490E-05 1.01E-11
   3.85E-06 0.00E+00 7.59E-07  7.926008E-10  1.344532E-05  4.470388E-05     1.00
 2.5450000E+06  -1.111250E-02  6.899340E-03  0.000000E+00  1.760817E-14       89
   6.70E-07     -7.177469E-03 -2.542604E-03 -1.064081E-04  3.983815E-05 4.84E-13
   3.85E-06 0.00E+00 7.58E-07  7.954321E-10  1.350729E-05  4.473909E-05     1.00
 2.5500000E+06  -1.112500E-02  6.921247E-03  0.000000E+00  1.757343E-14       89
   6.69E-07     -7.173913E-03 -2.542604E-03 -1.070316E-04  3.981157E-05 2.62E-12
   3.85E-06 0.00E+00 7.58E-07  7.982577E-10  1.356910E-05  4.477433E-05     1.00
 2.5550000E+06  -1.113750E-02  6.943128E-03  0.000000E+00  1.753891E-14       89
   6.69E-07     -7.170365E-03 -2.542604E-03 -1.076538E-04  3.978516E-05 4.90E-13
   3.84E-06 0.00E+00 7.57E-07  8.010778E-10  1.363076E-05  4.480959E-05     1.00
 2.5600000E+06  -1.115000E-02  6.964985E-03  0.000000E+00  1.750474E-14       89
   6.68E-07     -7.166827E-03 -2.542604E-03 -1.082748E-04  3.975892E-05 7.48E-12
   3.84E-06 0.00E+00 7.57E-07  8.038924E-10  1.369228E-05  4.484486E-05     1.00
 2.5650000E+06  -1.116250E-02  6.986817E-03  0.000000E+00  1.747031E-14       89
   6.68E-07     -7.163297E-03 -2.542604E-03 -1.088945E-04  3.973285E-05 5.02E-13
   3.84E-06 0.00E+00 7.57E-07  8.067014E-10  1.375364E-05  4.488016E-05     1.00
 2.5700000E+06  -1.117500E-02  7.008624E-03  0.000000E+00  1.743622E-14       89
   6.67E-07     -7.159777E-03 -2.542604E-03 -1.095130E-04  3.970695E-05 3.82E-12
   3.84E-06 0.00E+00 7.56E-07  8.095049E-10  1.381486E-05  4.491548E-05     1.00
 2.5750000E+06  -1.118750E-02  7.030406E-03  0.000000E+00  1.740231E-14       89
   6.67E-07     -7.156265E-03 -2.542604E-03 -1.101302E-04  3.968122E-05 8.32E-13
   3.83E-06 0.00E+00 7.56E-07  8.123030E-10  1.387593E-05  4.495082E-05     1.00
 2.5800000E+06  -1.120000E-02  7.052164E-03  0.000000E+00  1.736854E-14       89
   6.67E-07     -7.152761E-03 -2.542604E-03 -1.107462E-04  3.965565E-05 1.81E-13
   3.83E-06 0.00E+00 7.55E-07  8.150956E-10  1.393684E-05  4.498618E-05     1.00
 2.5850000E+06  -1.121250E-02  7.073898E-03  0.000000E+00  1.733491E-14       89
   6.66E-07     -7.149267E-03 -2.542604E-03 -1.113610E-04  3.963026E-05 1.29E-12
   3.83E-06 0.00E+00 7.55E-07  8.178828E-10  1.399762E-05  4.502156E-05     1.00
 2.5900000E+06  -1.122500E-02  7.095607E-03  0.000000E+00  1.730144E-14       89
   6.66E-07     -7.145781E-03 -2.542604E-03 -1.119745E-04  3.960503E-05 2.10E-12
   3.83E-06 0.00E+00 7.54E-07  8.206646E-10  1.405824E-05  4.505695E-05     1.00
 2.5950000E+06  -1.123750E-02  7.117291E-03  0.000000E+00  1.726812E-14       89
   6.65E-07     -7.142303E-03 -2.542604E-03 -1.125868E-04  3.957997E-05 5.80E-12
   3.82E-06 0.00E+00 7.54E-07  8.234410E-10  1.411872E-05  4.509237E-05     1.00
 2.6000000E+06  -1.125000E-02  7.138952E-03  0.000000E+00  1.723494E-14       89
   6.65E-07     -7.138834E-03 -2.542604E-03 -1.131979E-04  3.955507E-05 3.46E-13
   3.82E-06 0.00E+00 7.53E-07  8.262121E-10  1.417905E-05  4.512781E-05     1.00
 2.6050000E+06  -1.126250E-02  7.160589E-03  0.000000E+00  1.720191E-14       89
   6.64E-07     -7.135374E-03 -2.542604E-03 -1.138077E-04  3.953035E-05 1.82E-11
   3.82E-06 0.00E+00 7.53E-07  8.289779E-10  1.423923E-05  4.516327E-05     1.00
 2.6100000E+06  -1.127500E-02  7.182201E-03  0.000000E+00  1.716903E-14       89
   6.64E-07     -7.131923E-03 -2.542604E-03 -1.144164E-04  3.950578E-05 1.66E-12
   3.82E-06 0.00E+00 7.52E-07  8.317383E-10  1.429927E-05  4.519875E-05     1.00
 2.6150000E+06  -1.128750E-02  7.203789E-03  0.000000E+00  1.713627E-14       89
   6.63E-07     -7.128479E-03 -2.542604E-03 -1.150238E-04  3.948138E-05 2.34E-13
   3.82E-06 0.00E+00 7.52E-07  8.344935E-10  1.435916E-05  4.523424E-05     1.00
 2.6200000E+06  -1.130000E-02  7.225354E-03  0.000000E+00  1.710367E-14       89
   6.63E-07     -7.125045E-03 -2.542604E-03 -1.156301E-04  3.945715E-05 1.12E-12
   3.81E-06 0.00E+00 7.51E-07  8.372434E-10  1.441891E-05  4.526976E-05     1.00
 2.6250000E+06  -1.131250E-02  7.247148E-03  0.000000E+00  1.755854E-14       88
   6.64E-07     -7.121593E-03 -2.542604E-03 -1.162667E-04  3.943231E-05 2.78E-10
   3.81E-06 0.00E+00 7.47E-07  8.399934E-10  1.447864E-05  4.530466E-05     1.00
 2.6300000E+06  -1.132500E-02  7.270389E-03  0.000000E+00  1.751940E-14       88
   6.44E-07     -7.117981E-03 -2.542604E-03 -1.170460E-04  3.940312E-05 3.68E-12
   3.85E-06 0.00E+00 7.30E-07  8.428020E-10  1.453905E-05  4.533588E-05     1.00
 2.6350000E+06  -1.133750E-02  7.293604E-03  0.000000E+00  1.748452E-14       88
   6.43E-07     -7.114379E-03 -2.542604E-03 -1.178239E-04  3.937408E-05 1.18E-12
   3.85E-06 0.00E+00 7.30E-07  8.456050E-10  1.459933E-05  4.536712E-05     1.00
 2.6400000E+06  -1.135000E-02  7.316794E-03  0.000000E+00  1.744976E-14       88
   6.43E-07     -7.110786E-03 -2.542604E-03 -1.186006E-04  3.934518E-05 5.69E-10
   3.85E-06 0.00E+00 7.29E-07  8.484025E-10  1.465949E-05  4.539838E-05     1.00
 2.6450000E+06  -1.136250E-02  7.339959E-03  0.000000E+00  1.741526E-14       88
   6.42E-07     -7.107201E-03 -2.542604E-03 -1.193761E-04  3.931642E-05 2.68E-13
   3.84E-06 0.00E+00 7.29E-07  8.511943E-10  1.471953E-05  4.542967E-05     1.00
 2.6500000E+06  -1.137500E-02  7.363100E-03  0.000000E+00  1.738087E-14       88
   6.42E-07     -7.103626E-03 -2.542604E-03 -1.201502E-04  3.928781E-05 9.46E-12
   3.84E-06 0.00E+00 7.29E-07  8.539807E-10  1.477945E-05  4.546097E-05     1.00
 2.6550000E+06  -1.138750E-02  7.386215E-03  0.000000E+00  1.734662E-14       88
   6.41E-07     -7.100060E-03 -2.542604E-03 -1.209231E-04  3.925933E-05 7.68E-12
   3.84E-06 0.00E+00 7.28E-07  8.567615E-10  1.483924E-05  4.549229E-05     1.00
 2.6600000E+06  -1.140000E-02  7.409305E-03  0.000000E+00  1.731251E-14       88
   6.41E-07     -7.096504E-03 -2.542604E-03 -1.216947E-04  3.923100E-05 3.97E-12
   3.84E-06 0.00E+00 7.28E-07  8.595369E-10  1.489891E-05  4.552364E-05     1.00
 2.6650000E+06  -1.141250E-02  7.432371E-03  0.000000E+00  1.727854E-14       88
   6.41E-07     -7.092956E-03 -2.542604E-03 -1.224651E-04  3.920281E-05 5.72E-11
   3.83E-06 0.00E+00 7.27E-07  8.623068E-10  1.495846E-05  4.555500E-05     1.00
 2.6700000E+06  -1.142500E-02  7.455412E-03  0.000000E+00  1.724477E-14       88
   6.40E-07     -7.089417E-03 -2.542604E-03 -1.232342E-04  3.917476E-05 4.93E-13
   3.83E-06 0.00E+00 7.27E-07  8.650713E-10  1.501790E-05  4.558638E-05     1.00
 2.6750000E+06  -1.143750E-02  7.478429E-03  0.000000E+00  1.721109E-14       88
   6.40E-07     -7.085887E-03 -2.542604E-03 -1.240021E-04  3.914685E-05 1.49E-12
   3.83E-06 0.00E+00 7.26E-07  8.678304E-10  1.507721E-05  4.561779E-05     1.00
 2.6800000E+06  -1.145000E-02  7.501421E-03  0.000000E+00  1.717760E-14       88
   6.39E-07     -7.082366E-03 -2.542604E-03 -1.247687E-04  3.911908E-05 4.06E-12
   3.83E-06 0.00E+00 7.26E-07  8.705841E-10  1.513640E-05  4.564921E-05     1.00
 2.6850000E+06  -1.146250E-02  7.524388E-03  0.000000E+00  1.714420E-14       88
   6.39E-07     -7.078854E-03 -2.542604E-03 -1.255341E-04  3.909145E-05 2.59E-11
   3.82E-06 0.00E+00 7.26E-07  8.733325E-10  1.519547E-05  4.568066E-05     1.00
 2.6900000E+06  -1.147500E-02  7.547332E-03  0.000000E+00  1.711096E-14       88
   6.39E-07     -7.075351E-03 -2.542604E-03 -1.262983E-04  3.906395E-05 8.08E-13
   3.82E-06 0.00E+00 7.25E-07  8.760755E-10  1.525443E-05  4.571212E-05     1.00
 2.6950000E+06  -1.148750E-02  7.570251E-03  0.000000E+00  1.707794E-14       88
   6.38E-07     -7.071856E-03 -2.542604E-03 -1.270612E-04  3.903660E-05 1.39E-13
   3.82E-06 0.00E+00 7.25E-07  8.788132E-10  1.531326E-05  4.574360E-05     1.00
 2.7000000E+06  -1.150000E-02  7.593146E-03  0.000000E+00  1.704506E-14       88
   6.38E-07     -7.068371E-03 -2.542604E-03 -1.278229E-04  3.900938E-05 4.31E-12
   3.82E-06 0.00E+00 7.24E-07  8.815456E-10  1.537198E-05  4.577511E-05     1.00
 2.7050000E+06  -1.151250E-02  7.616016E-03  0.000000E+00  1.701224E-14       88
   6.37E-07     -7.064894E-03 -2.542604E-03 -1.285833E-04  3.898230E-05 6.00E-12
   3.82E-06 0.00E+00 7.24E-07  8.842727E-10  1.543058E-05  4.580663E-05     1.00
 2.7100000E+06  -1.152500E-02  7.638863E-03  0.000000E+00  1.697955E-14       88
   6.37E-07     -7.061426E-03 -2.542604E-03 -1.293426E-04  3.895536E-05 3.18E-12
   3.81E-06 0.00E+00 7.23E-07  8.869947E-10  1.548906E-05  4.583817E-05     1.00
 2.7150000E+06  -1.153750E-02  7.661686E-03  0.000000E+00  1.694710E-14       88
   6.37E-07     -7.057967E-03 -2.542604E-03 -1.301006E-04  3.892855E-05 1.26E-12
   3.81E-06 0.00E+00 7.23E-07  8.897113E-10  1.554743E-05  4.586973E-05     1.00
 2.7200000E+06  -1.155000E-02  7.684485E-03  0.000000E+00  1.691465E-14       88
   6.36E-07     -7.054516E-03 -2.542604E-03 -1.308574E-04  3.890188E-05 1.11E-11
   3.81E-06 0.00E+00 7.23E-07  8.924228E-10  1.560568E-05  4.590131E-05     1.00
 2.7250000E+06  -1.156250E-02  7.707260E-03  0.000000E+00  1.688246E-14       88
   6.36E-07     -7.051074E-03 -2.542604E-03 -1.316130E-04  3.887534E-05 9.88E-13
   3.81E-06 0.00E+00 7.22E-07  8.951291E-10  1.566381E-05  4.593291E-05     1.00
 2.7300000E+06  -1.157500E-02  7.730012E-03  0.000000E+00  1.685030E-14       88
   6.35E-07     -7.047641E-03 -2.542604E-03 -1.323674E-04  3.884894E-05 3.35E-11
   3.80E-06 0.00E+00 7.22E-07  8.978303E-10  1.572183E-05  4.596453E-05     1.00
 2.7350000E+06  -1.158750E-02  7.752740E-03  0.000000E+00  1.681842E-14       88
   6.35E-07     -7.044216E-03 -2.542604E-03 -1.331206E-04  3.882267E-05 5.79E-12
   3.80E-06 0.00E+00 7.21E-07  9.005263E-10  1.577973E-05  4.599617E-05     1.00
 2.7400000E+06  -1.160000E-02  7.775445E-03  0.000000E+00  1.678659E-14       88
   6.35E-07     -7.040799E-03 -2.542604E-03 -1.338726E-04  3.879654E-05 2.16E-12
   3.80E-06 0.00E+00 7.21E-07  9.032172E-10  1.583751E-05  4.602782E-05     1.00
 2.7450000E+06  -1.161250E-02  7.798126E-03  0.000000E+00  1.675480E-14       88
   6.34E-07     -7.037392E-03 -2.542604E-03 -1.346234E-04  3.877054E-05 2.43E-12
   3.80E-06 0.00E+00 7.21E-07  9.059031E-10  1.589519E-05  4.605950E-05     1.00
 2.7500000E+06  -1.162500E-02  7.817341E-03  0.000000E+00  6.133455E-15       89
   5.02E-07     -7.036491E-03 -2.542604E-03 -1.348169E-04  3.876603E-05 2.22E-11
   2.83E-06 0.00E+00 5.68E-07  9.075059E-10  1.594005E-05  4.609985E-05     1.00
 2.7550000E+06  -1.163750E-02  7.834581E-03  0.000000E+00  6.128935E-15       89
   4.18E-07     -7.036982E-03 -2.542604E-03 -1.347296E-04  3.877353E-05 2.39E-12
   2.29E-06 0.00E+00 4.81E-07  9.084943E-10  1.597787E-05  4.614517E-05     1.00
 2.7600000E+06  -1.165000E-02  7.851812E-03  0.000000E+00  6.126021E-15       89
   4.17E-07     -7.037475E-03 -2.542604E-03 -1.346420E-04  3.878109E-05 5.59E-11
   2.29E-06 0.00E+00 4.81E-07  9.094821E-10  1.601566E-05  4.619053E-05     1.00
 2.7650000E+06  -1.166250E-02  7.869035E-03  0.000000E+00  6.120014E-15       89
   4.17E-07     -7.037970E-03 -2.542604E-03 -1.345541E-04  3.878871E-05 2.68E-12
   2.29E-06 0.00E+00 4.81E-07  9.104691E-10  1.605342E-05  4.623591E-05     1.00
 2.7700000E+06  -1.167500E-02  7.886251E-03  0.000000E+00  6.115524E-15       89
   4.17E-07     -7.038467E-03 -2.542604E-03 -1.344659E-04  3.879639E-05 1.00E-12
   2.29E-06 0.00E+00 4.81E-07  9.114554E-10  1.609115E-05  4.628132E-05     1.00
 2.7750000E+06  -1.168750E-02  7.903206E-03  0.000000E+00  6.131175E-15       89
   4.23E-07     -7.038944E-03 -2.542604E-03 -1.343918E-04  3.880446E-05 1.75E-12
   2.29E-06 0.00E+00 4.87E-07  9.124448E-10  1.612915E-05  4.632739E-05     1.00
 2.7800000E+06  -1.170000E-02  7.920117E-03  0.000000E+00  6.126375E-15       89
   4.24E-07     -7.039419E-03 -2.542604E-03 -1.343205E-04  3.881264E-05 4.81E-11
   2.29E-06 0.00E+00 4.88E-07  9.134343E-10  1.616717E-05  4.637358E-05     1.00
 2.7850000E+06  -1.171250E-02  7.937021E-03  0.000000E+00  6.121643E-15       89
   4.23E-07     -7.039896E-03 -2.542604E-03 -1.342488E-04  3.882087E-05 1.59E-12
   2.29E-06 0.00E+00 4.87E-07  9.144229E-10  1.620515E-05  4.641980E-05     1.00
 2.7900000E+06  -1.172500E-02  7.953917E-03  0.000000E+00  6.116883E-15       89
   4.23E-07     -7.040375E-03 -2.542604E-03 -1.341768E-04  3.882915E-05 5.84E-12
   2.29E-06 0.00E+00 4.87E-07  9.154108E-10  1.624311E-05  4.646604E-05     1.00
 2.7950000E+06  -1.173750E-02  7.970804E-03  0.000000E+00  6.112186E-15       89
   4.23E-07     -7.040856E-03 -2.542604E-03 -1.341044E-04  3.883750E-05 7.26E-11
   2.29E-06 0.00E+00 4.87E-07  9.163979E-10  1.628103E-05  4.651231E-05     1.00
 2.8000000E+06  -1.175000E-02  7.987684E-03  0.000000E+00  6.107422E-15       89
   4.23E-07     -7.041339E-03 -2.542604E-03 -1.340318E-04  3.884590E-05 1.80E-12
   2.28E-06 0.00E+00 4.87E-07  9.173842E-10  1.631893E-05  4.655862E-05     1.00
 2.8050000E+06  -1.176250E-02  8.004556E-03  0.000000E+00  6.102696E-15       89
   4.23E-07     -7.041824E-03 -2.542604E-03 -1.339588E-04  3.885436E-05 5.57E-12
   2.28E-06 0.00E+00 4.86E-07  9.183698E-10  1.635680E-05  4.660494E-05     1.00
 2.8100000E+06  -1.177500E-02  8.021420E-03  0.000000E+00  6.097984E-15       89
   4.22E-07     -7.042310E-03 -2.542604E-03 -1.338855E-04  3.886288E-05 3.19E-12
   2.28E-06 0.00E+00 4.86E-07  9.193546E-10  1.639464E-05  4.665130E-05     1.00
 2.8150000E+06  -1.178750E-02  8.038276E-03  0.000000E+00  6.093299E-15       89
   4.22E-07     -7.042799E-03 -2.542604E-03 -1.338119E-04  3.887145E-05 1.45E-12
   2.28E-06 0.00E+00 4.86E-07  9.203386E-10  1.643245E-05  4.669769E-05     1.00
 2.8200000E+06  -1.180000E-02  8.055125E-03  0.000000E+00  6.088599E-15       89
   4.22E-07     -7.043290E-03 -2.542604E-03 -1.337379E-04  3.888008E-05 8.72E-12
   2.28E-06 0.00E+00 4.86E-07  9.213219E-10  1.647024E-05  4.674410E-05     1.00
 2.8250000E+06  -1.181250E-02  8.071965E-03  0.000000E+00  6.083913E-15       89
   4.22E-07     -7.043782E-03 -2.542604E-03 -1.336636E-04  3.888877E-05 1.38E-12
   2.28E-06 0.00E+00 4.85E-07  9.223044E-10  1.650799E-05  4.679054E-05     1.00
 2.8300000E+06  -1.182500E-02  8.088798E-03  0.000000E+00  6.079240E-15       89
   4.21E-07     -7.044276E-03 -2.542604E-03 -1.335890E-04  3.889751E-05 2.46E-13
   2.28E-06 0.00E+00 4.85E-07  9.232862E-10  1.654571E-05  4.683701E-05     1.00
 2.8350000E+06  -1.183750E-02  8.105622E-03  0.000000E+00  6.074583E-15       89
   4.21E-07     -7.044772E-03 -2.542604E-03 -1.335141E-04  3.890631E-05 7.41E-13
   2.28E-06 0.00E+00 4.85E-07  9.242672E-10  1.658341E-05  4.688351E-05     1.00
 2.8400000E+06  -1.185000E-02  8.122439E-03  0.000000E+00  6.069903E-15       89
   4.21E-07     -7.045270E-03 -2.542604E-03 -1.334388E-04  3.891517E-05 2.33E-14
   2.28E-06 0.00E+00 4.85E-07  9.252475E-10  1.662108E-05  4.693003E-05     1.00
 2.8450000E+06  -1.186250E-02  8.139248E-03  0.000000E+00  6.065274E-15       89
   4.21E-07     -7.045770E-03 -2.542604E-03 -1.333633E-04  3.892408E-05 2.75E-12
   2.27E-06 0.00E+00 4.84E-07  9.262270E-10  1.665872E-05  4.697659E-05     1.00
 2.8500000E+06  -1.187500E-02  8.156050E-03  0.000000E+00  6.060640E-15       89
   4.21E-07     -7.046272E-03 -2.542604E-03 -1.332874E-04  3.893305E-05 5.38E-12
   2.27E-06 0.00E+00 4.84E-07  9.272057E-10  1.669633E-05  4.702317E-05     1.00
 2.8550000E+06  -1.188750E-02  8.172843E-03  0.000000E+00  6.056014E-15       89
   4.20E-07     -7.046776E-03 -2.542604E-03 -1.332112E-04  3.894208E-05 2.48E-12
   2.27E-06 0.00E+00 4.84E-07  9.281838E-10  1.673391E-05  4.706978E-05     1.00
 2.8600000E+06  -1.190000E-02  8.189629E-03  0.000000E+00  6.051393E-15       89
   4.20E-07     -7.047282E-03 -2.542604E-03 -1.331346E-04  3.895116E-05 2.81E-13
   2.27E-06 0.00E+00 4.84E-07  9.291610E-10  1.677146E-05  4.711641E-05     1.00
 2.8650000E+06  -1.191250E-02  8.206407E-03  0.000000E+00  6.046781E-15       89
   4.20E-07     -7.047789E-03 -2.542604E-03 -1.330578E-04  3.896030E-05 2.73E-12
   2.27E-06 0.00E+00 4.84E-07  9.301375E-10  1.680898E-05  4.716308E-05     1.00
 2.8700000E+06  -1.192500E-02  8.223177E-03  0.000000E+00  6.042184E-15       89
   4.20E-07     -7.048299E-03 -2.542604E-03 -1.329806E-04  3.896949E-05 1.11E-12
   2.27E-06 0.00E+00 4.83E-07  9.311133E-10  1.684648E-05  4.720977E-05     1.00
 2.8750000E+06  -1.193750E-02  8.239939E-03  0.000000E+00  6.037584E-15       89
   4.19E-07     -7.048810E-03 -2.542604E-03 -1.329031E-04  3.897875E-05 3.18E-13
   2.27E-06 0.00E+00 4.83E-07  9.320883E-10  1.688395E-05  4.725649E-05     1.00
 2.8800000E+06  -1.195000E-02  8.256694E-03  0.000000E+00  6.033010E-15       89
   4.19E-07     -7.049323E-03 -2.542604E-03 -1.328253E-04  3.898805E-05 1.16E-12
   2.27E-06 0.00E+00 4.83E-07  9.330626E-10  1.692139E-05  4.730324E-05     1.00
 2.8850000E+06  -1.196250E-02  8.273441E-03  0.000000E+00  6.028443E-15       89
   4.19E-07     -7.049838E-03 -2.542604E-03 -1.327471E-04  3.899742E-05 1.18E-11
   2.27E-06 0.00E+00 4.83E-07  9.340361E-10  1.695880E-05  4.735001E-05     1.00
 2.8900000E+06  -1.197500E-02  8.290180E-03  0.000000E+00  6.023860E-15       89
   4.19E-07     -7.050355E-03 -2.542604E-03 -1.326687E-04  3.900684E-05 2.15E-12
   2.26E-06 0.00E+00 4.82E-07  9.350089E-10  1.699618E-05  4.739682E-05     1.00
 2.8950000E+06  -1.198750E-02  8.306912E-03  0.000000E+00  6.019377E-15       89
   4.19E-07     -7.050874E-03 -2.542604E-03 -1.325899E-04  3.901631E-05 3.09E-12
   2.26E-06 0.00E+00 4.82E-07  9.359810E-10  1.703354E-05  4.744365E-05     1.00
 2.9000000E+06  -1.200000E-02  8.323636E-03  0.000000E+00  6.014786E-15       89
   4.18E-07     -7.051394E-03 -2.542604E-03 -1.325108E-04  3.902584E-05 1.29E-11
   2.26E-06 0.00E+00 4.82E-07  9.369523E-10  1.707087E-05  4.749051E-05     1.00
 2.9050000E+06  -1.201250E-02  8.340352E-03  0.000000E+00  6.010254E-15       89
   4.18E-07     -7.051917E-03 -2.542604E-03 -1.324314E-04  3.903543E-05 3.01E-12
   2.26E-06 0.00E+00 4.82E-07  9.379229E-10  1.710816E-05  4.753740E-05     1.00
 2.9100000E+06  -1.202500E-02  8.357061E-03  0.000000E+00  6.005742E-15       89
   4.18E-07     -7.052441E-03 -2.542604E-03 -1.323516E-04  3.904508E-05 4.97E-12
   2.26E-06 0.00E+00 4.81E-07  9.388928E-10  1.714544E-05  4.758431E-05     1.00
 2.9150000E+06  -1.203750E-02  8.373762E-03  0.000000E+00  6.001184E-15       89
   4.18E-07     -7.052967E-03 -2.542604E-03 -1.322716E-04  3.905477E-05 5.08E-10
   2.26E-06 0.00E+00 4.81E-07  9.398619E-10  1.718268E-05  4.763126E-05     1.00
 2.9200000E+06  -1.205000E-02  8.390455E-03  0.000000E+00  5.996676E-15       89
   4.18E-07     -7.053495E-03 -2.542604E-03 -1.321912E-04  3.906453E-05 3.89E-12
   2.26E-06 0.00E+00 4.81E-07  9.408303E-10  1.721989E-05  4.767823E-05     1.00
 2.9250000E+06  -1.206250E-02  8.407141E-03  0.000000E+00  5.992190E-15       89
   4.17E-07     -7.054025E-03 -2.542604E-03 -1.321105E-04  3.907434E-05 2.02E-12
   2.26E-06 0.00E+00 4.81E-07  9.417980E-10  1.725708E-05  4.772523E-05     1.00
 2.9300000E+06  -1.207500E-02  8.423819E-03  0.000000E+00  5.987693E-15       89
   4.17E-07     -7.054556E-03 -2.542604E-03 -1.320295E-04  3.908421E-05 1.99E-12
   2.25E-06 0.00E+00 4.80E-07  9.427649E-10  1.729424E-05  4.777225E-05     1.00
 2.9350000E+06  -1.208750E-02  8.440489E-03  0.000000E+00  5.983194E-15       89
   4.17E-07     -7.055090E-03 -2.542604E-03 -1.319482E-04  3.909413E-05 7.18E-14
   2.25E-06 0.00E+00 4.80E-07  9.437311E-10  1.733137E-05  4.781931E-05     1.00
 2.9400000E+06  -1.210000E-02  8.457152E-03  0.000000E+00  5.978683E-15       89
   4.17E-07     -7.055625E-03 -2.542604E-03 -1.318665E-04  3.910411E-05 2.55E-12
   2.25E-06 0.00E+00 4.80E-07  9.446966E-10  1.736848E-05  4.786639E-05     1.00
 2.9450000E+06  -1.211250E-02  8.473807E-03  0.000000E+00  5.974267E-15       89
   4.16E-07     -7.056162E-03 -2.542604E-03 -1.317845E-04  3.911414E-05 6.14E-14
   2.25E-06 0.00E+00 4.80E-07  9.456614E-10  1.740555E-05  4.791350E-05     1.00
 2.9500000E+06  -1.212500E-02  8.490455E-03  0.000000E+00  5.969822E-15       89
   4.16E-07     -7.056701E-03 -2.542604E-03 -1.317023E-04  3.912423E-05 5.88E-13
   2.25E-06 0.00E+00 4.79E-07  9.466254E-10  1.744260E-05  4.796064E-05     1.00
 2.9550000E+06  -1.213750E-02  8.507095E-03  0.000000E+00  5.965394E-15       89
   4.16E-07     -7.057242E-03 -2.542604E-03 -1.316197E-04  3.913437E-05 1.27E-11
   2.25E-06 0.00E+00 4.79E-07  9.475888E-10  1.747962E-05  4.800780E-05     1.00
 2.9600000E+06  -1.215000E-02  8.523728E-03  0.000000E+00  5.960940E-15       89
   4.16E-07     -7.057784E-03 -2.542604E-03 -1.315368E-04  3.914457E-05 1.77E-12
   2.25E-06 0.00E+00 4.79E-07  9.485514E-10  1.751662E-05  4.805500E-05     1.00
 2.9650000E+06  -1.216250E-02  8.540104E-03  0.000000E+00  5.818590E-15       89
   4.10E-07     -7.058523E-03 -2.542604E-03 -1.314111E-04  3.915610E-05 2.33E-12
   2.22E-06 0.00E+00 4.69E-07  9.494907E-10  1.755293E-05  4.810285E-05     1.00
 2.9700000E+06  -1.217500E-02  8.556472E-03  0.000000E+00  5.814381E-15       89
   4.10E-07     -7.059265E-03 -2.542604E-03 -1.312846E-04  3.916770E-05 1.33E-11
   2.22E-06 0.00E+00 4.69E-07  9.504294E-10  1.758921E-05  4.815073E-05     1.00
 2.9750000E+06  -1.218750E-02  8.572833E-03  0.000000E+00  5.810230E-15       89
   4.10E-07     -7.060008E-03 -2.542604E-03 -1.311577E-04  3.917934E-05 1.11E-12
   2.22E-06 0.00E+00 4.68E-07  9.513675E-10  1.762547E-05  4.819863E-05     1.00
 2.9800000E+06  -1.220000E-02  8.589186E-03  0.000000E+00  5.806089E-15       89
   4.09E-07     -7.060753E-03 -2.542604E-03 -1.310304E-04  3.919105E-05 2.91E-13
   2.22E-06 0.00E+00 4.68E-07  9.523050E-10  1.766171E-05  4.824657E-05     1.00
 2.9850000E+06  -1.221250E-02  8.605533E-03  0.000000E+00  5.801951E-15       89
   4.09E-07     -7.061500E-03 -2.542604E-03 -1.309029E-04  3.920280E-05 5.10E-12
   2.22E-06 0.00E+00 4.68E-07  9.532417E-10  1.769792E-05  4.829454E-05     1.00
 2.9900000E+06  -1.222500E-02  8.621871E-03  0.000000E+00  5.797815E-15       89
   4.09E-07     -7.062249E-03 -2.542604E-03 -1.307750E-04  3.921461E-05 2.88E-12
   2.22E-06 0.00E+00 4.68E-07  9.541778E-10  1.773411E-05  4.834254E-05     1.00
 2.9950000E+06  -1.223750E-02  8.638203E-03  0.000000E+00  5.793697E-15       89
   4.09E-07     -7.063000E-03 -2.542604E-03 -1.306467E-04  3.922647E-05 6.77E-12
   2.21E-06 0.00E+00 4.68E-07  9.551132E-10  1.777027E-05  4.839057E-05     1.00
 3.0000000E+06  -1.225000E-02  8.654528E-03  0.000000E+00  5.789566E-15       89
   4.08E-07     -7.063752E-03 -2.542604E-03 -1.305181E-04  3.923839E-05 1.49E-12
   2.21E-06 0.00E+00 4.67E-07  9.560479E-10  1.780641E-05  4.843862E-05     1.00
 3.0050000E+06  -1.226250E-02  8.670845E-03  0.000000E+00  5.785458E-15       89
   4.08E-07     -7.064506E-03 -2.542604E-03 -1.303892E-04  3.925036E-05 7.83E-12
   2.21E-06 0.00E+00 4.67E-07  9.569820E-10  1.784253E-05  4.848671E-05     1.00
 3.0100000E+06  -1.227500E-02  8.687155E-03  0.000000E+00  5.781366E-15       89
   4.08E-07     -7.065262E-03 -2.542604E-03 -1.302599E-04  3.926238E-05 4.33E-13
   2.21E-06 0.00E+00 4.67E-07  9.579154E-10  1.787862E-05  4.853483E-05     1.00
 3.0150000E+06  -1.228750E-02  8.703457E-03  0.000000E+00  5.777276E-15       89
   4.08E-07     -7.066019E-03 -2.542604E-03 -1.301303E-04  3.927446E-05 1.04E-12
   2.21E-06 0.00E+00 4.67E-07  9.588482E-10  1.791469E-05  4.858297E-05     1.00
 3.0200000E+06  -1.230000E-02  8.719753E-03  0.000000E+00  5.773194E-15       89
   4.08E-07     -7.066778E-03 -2.542604E-03 -1.300004E-04  3.928658E-05 2.30E-12
   2.21E-06 0.00E+00 4.66E-07  9.597803E-10  1.795074E-05  4.863115E-05     1.00
 3.0250000E+06  -1.231250E-02  8.736041E-03  0.000000E+00  5.769101E-15       89
   4.07E-07     -7.067539E-03 -2.542604E-03 -1.298701E-04  3.929877E-05 2.24E-12
   2.21E-06 0.00E+00 4.66E-07  9.607117E-10  1.798676E-05  4.867935E-05     1.00
 3.0300000E+06  -1.232500E-02  8.752322E-03  0.000000E+00  5.765036E-15       89
   4.07E-07     -7.068302E-03 -2.542604E-03 -1.297395E-04  3.931100E-05 3.55E-12
   2.21E-06 0.00E+00 4.66E-07  9.616425E-10  1.802276E-05  4.872759E-05     1.00
 3.0350000E+06  -1.233750E-02  8.768596E-03  0.000000E+00  5.760973E-15       89
   4.07E-07     -7.069066E-03 -2.542604E-03 -1.296085E-04  3.932329E-05 1.12E-12
   2.21E-06 0.00E+00 4.66E-07  9.625726E-10  1.805874E-05  4.877585E-05     1.00
 3.0400000E+06  -1.235000E-02  8.784863E-03  0.000000E+00  5.756929E-15       89
   4.07E-07     -7.069832E-03 -2.542604E-03 -1.294772E-04  3.933563E-05 3.83E-13
   2.20E-06 0.00E+00 4.65E-07  9.635020E-10  1.809469E-05  4.882415E-05     1.00
 3.0450000E+06  -1.236250E-02  8.801123E-03  0.000000E+00  5.752887E-15       89
   4.06E-07     -7.070600E-03 -2.542604E-03 -1.293455E-04  3.934802E-05 1.53E-13
   2.20E-06 0.00E+00 4.65E-07  9.644308E-10  1.813062E-05  4.887247E-05     1.00
 3.0500000E+06  -1.237500E-02  8.817376E-03  0.000000E+00  5.748841E-15       89
   4.06E-07     -7.071370E-03 -2.542604E-03 -1.292136E-04  3.936047E-05 1.03E-12
   2.20E-06 0.00E+00 4.65E-07  9.653590E-10  1.816653E-05  4.892083E-05     1.00
 3.0550000E+06  -1.238750E-02  8.833621E-03  0.000000E+00  5.744809E-15       89
   4.06E-07     -7.072141E-03 -2.542604E-03 -1.290813E-04  3.937297E-05 3.13E-13
   2.20E-06 0.00E+00 4.65E-07  9.662865E-10  1.820241E-05  4.896921E-05     1.00
 3.0600000E+06  -1.240000E-02  8.849859E-03  0.000000E+00  5.740781E-15       89
   4.06E-07     -7.072914E-03 -2.542604E-03 -1.289486E-04  3.938552E-05 7.89E-13
   2.20E-06 0.00E+00 4.64E-07  9.672133E-10  1.823827E-05  4.901762E-05     1.00
 3.0650000E+06  -1.241250E-02  8.866090E-03  0.000000E+00  5.736813E-15       89
   4.06E-07     -7.073688E-03 -2.542604E-03 -1.288156E-04  3.939812E-05 4.34E-12
   2.20E-06 0.00E+00 4.64E-07  9.681395E-10  1.827411E-05  4.906606E-05     1.00
 3.0700000E+06  -1.242500E-02  8.882314E-03  0.000000E+00  5.732773E-15       89
   4.05E-07     -7.074465E-03 -2.542604E-03 -1.286823E-04  3.941078E-05 1.69E-12
   2.20E-06 0.00E+00 4.64E-07  9.690650E-10  1.830992E-05  4.911453E-05     1.00
 3.0750000E+06  -1.243750E-02  8.898531E-03  0.000000E+00  5.728772E-15       89
   4.05E-07     -7.075243E-03 -2.542604E-03 -1.285486E-04  3.942349E-05 2.83E-12
   2.20E-06 0.00E+00 4.64E-07  9.699899E-10  1.834571E-05  4.916304E-05     1.00
 3.0800000E+06  -1.245000E-02  8.914741E-03  0.000000E+00  5.724818E-15       89
   4.05E-07     -7.076023E-03 -2.542604E-03 -1.284146E-04  3.943625E-05 3.50E-11
   2.20E-06 0.00E+00 4.63E-07  9.709141E-10  1.838148E-05  4.921157E-05     1.00
 3.0850000E+06  -1.246250E-02  8.930944E-03  0.000000E+00  5.720788E-15       89
   4.05E-07     -7.076804E-03 -2.542604E-03 -1.282803E-04  3.944906E-05 3.01E-12
   2.19E-06 0.00E+00 4.63E-07  9.718377E-10  1.841723E-05  4.926013E-05     1.00
 3.0900000E+06  -1.247500E-02  8.947140E-03  0.000000E+00  5.716807E-15       89
   4.05E-07     -7.077587E-03 -2.542604E-03 -1.281456E-04  3.946193E-05 4.97E-13
   2.19E-06 0.00E+00 4.63E-07  9.727607E-10  1.845295E-05  4.930872E-05     1.00
 3.0950000E+06  -1.248750E-02  8.963329E-03  0.000000E+00  5.712839E-15       89
   4.04E-07     -7.078372E-03 -2.542604E-03 -1.280106E-04  3.947485E-05 4.32E-14
   2.19E-06 0.00E+00 4.63E-07  9.736830E-10  1.848865E-05  4.935734E-05     1.00
 3.1000000E+06  -1.250000E-02  8.979855E-03  0.000000E+00  6.484442E-15       89
   4.20E-07     -7.079043E-03 -2.542604E-03 -1.278334E-04  3.948618E-05 9.61E-10
   2.33E-06 0.00E+00 4.74E-07  9.747122E-10  1.852510E-05  4.940512E-05     1.00
 3.1050000E+06  -1.251250E-02  8.996423E-03  0.000000E+00  6.479808E-15       89
   4.17E-07     -7.079702E-03 -2.542604E-03 -1.276484E-04  3.949736E-05 2.31E-10
   2.34E-06 0.00E+00 4.75E-07  9.757548E-10  1.856161E-05  4.945281E-05     1.00
 3.1100000E+06  -1.252500E-02  9.012983E-03  0.000000E+00  6.475551E-15       89
   4.17E-07     -7.080362E-03 -2.542604E-03 -1.274631E-04  3.950859E-05 1.72E-10
   2.34E-06 0.00E+00 4.75E-07  9.767965E-10  1.859809E-05  4.950053E-05     1.00
 3.1150000E+06  -1.253750E-02  9.029536E-03  0.000000E+00  6.470646E-15       89
   4.17E-07     -7.081025E-03 -2.542604E-03 -1.272775E-04  3.951989E-05 1.27E-10
   2.34E-06 0.00E+00 4.75E-07  9.778375E-10  1.863454E-05  4.954827E-05     1.00
 3.1200000E+06  -1.255000E-02  9.046080E-03  0.000000E+00  6.467824E-15       89
   4.17E-07     -7.081689E-03 -2.542604E-03 -1.270916E-04  3.953124E-05 1.30E-09
   2.34E-06 0.00E+00 4.74E-07  9.788778E-10  1.867097E-05  4.959605E-05     1.00
 3.1250000E+06  -1.256250E-02  9.062617E-03  0.000000E+00  6.461581E-15       89
   4.17E-07     -7.082355E-03 -2.542604E-03 -1.269055E-04  3.954265E-05 3.56E-11
   2.34E-06 0.00E+00 4.74E-07  9.799173E-10  1.870737E-05  4.964386E-05     1.00
 3.1300000E+06  -1.257500E-02  9.079146E-03  0.000000E+00  6.456907E-15       89
   4.19E-07     -7.083022E-03 -2.542604E-03 -1.267190E-04  3.955411E-05 2.46E-10
   2.34E-06 0.00E+00 4.74E-07  9.809561E-10  1.874374E-05  4.969170E-05     1.00
 3.1350000E+06  -1.258750E-02  9.095667E-03  0.000000E+00  6.449364E-15       89
   4.21E-07     -7.083692E-03 -2.542604E-03 -1.265321E-04  3.956564E-05 4.60E-10
   2.35E-06 0.00E+00 4.74E-07  9.819943E-10  1.878009E-05  4.973957E-05     1.00
 3.1400000E+06  -1.260000E-02  9.112223E-03  0.000000E+00  6.729127E-15       88
   4.21E-07     -7.084415E-03 -2.542604E-03 -1.263864E-04  3.957698E-05 9.44E-12
   2.36E-06 0.00E+00 4.77E-07  9.830527E-10  1.881653E-05  4.978736E-05     1.00
 3.1450000E+06  -1.261250E-02  9.128830E-03  0.000000E+00  6.724210E-15       88
   4.22E-07     -7.085183E-03 -2.542604E-03 -1.262787E-04  3.958807E-05 4.06E-12
   2.37E-06 0.00E+00 4.81E-07  9.841352E-10  1.885311E-05  4.983503E-05     1.00
 3.1500000E+06  -1.262500E-02  9.145430E-03  0.000000E+00  6.719354E-15       88
   4.22E-07     -7.085952E-03 -2.542604E-03 -1.261708E-04  3.959922E-05 8.95E-13
   2.37E-06 0.00E+00 4.80E-07  9.852170E-10  1.888967E-05  4.988274E-05     1.00
 3.1550000E+06  -1.263750E-02  9.162022E-03  0.000000E+00  6.714508E-15       88
   4.22E-07     -7.086723E-03 -2.542604E-03 -1.260625E-04  3.961042E-05 3.68E-12
   2.37E-06 0.00E+00 4.80E-07  9.862980E-10  1.892620E-05  4.993047E-05     1.00
 3.1600000E+06  -1.265000E-02  9.178606E-03  0.000000E+00  6.709675E-15       88
   4.21E-07     -7.087495E-03 -2.542604E-03 -1.259538E-04  3.962168E-05 2.31E-12
   2.36E-06 0.00E+00 4.80E-07  9.873782E-10  1.896271E-05  4.997824E-05     1.00
 3.1650000E+06  -1.266250E-02  9.195182E-03  0.000000E+00  6.704840E-15       88
   4.21E-07     -7.088269E-03 -2.542604E-03 -1.258448E-04  3.963299E-05 1.19E-11
   2.36E-06 0.00E+00 4.80E-07  9.884576E-10  1.899920E-05  5.002604E-05     1.00
 3.1700000E+06  -1.267500E-02  9.211751E-03  0.000000E+00  6.700025E-15       88
   4.21E-07     -7.089044E-03 -2.542604E-03 -1.257354E-04  3.964436E-05 2.43E-12
   2.36E-06 0.00E+00 4.79E-07  9.895362E-10  1.903566E-05  5.007387E-05     1.00
 3.1750000E+06  -1.268750E-02  9.228312E-03  0.000000E+00  6.695210E-15       88
   4.21E-07     -7.089821E-03 -2.542604E-03 -1.256256E-04  3.965578E-05 1.31E-11
   2.36E-06 0.00E+00 4.79E-07  9.906141E-10  1.907210E-05  5.012173E-05     1.00
 3.1800000E+06  -1.270000E-02  9.244865E-03  0.000000E+00  6.690405E-15       88
   4.20E-07     -7.090600E-03 -2.542604E-03 -1.255156E-04  3.966725E-05 1.19E-12
   2.36E-06 0.00E+00 4.79E-07  9.916912E-10  1.910851E-05  5.016962E-05     1.00
 3.1850000E+06  -1.271250E-02  9.261411E-03  0.000000E+00  6.685605E-15       88
   4.20E-07     -7.091380E-03 -2.542604E-03 -1.254051E-04  3.967878E-05 8.23E-12
   2.36E-06 0.00E+00 4.79E-07  9.927675E-10  1.914491E-05  5.021755E-05     1.00
 3.1900000E+06  -1.272500E-02  9.277949E-03  0.000000E+00  6.680808E-15       88
   4.20E-07     -7.092162E-03 -2.542604E-03 -1.252943E-04  3.969037E-05 1.77E-12
   2.36E-06 0.00E+00 4.78E-07  9.938430E-10  1.918128E-05  5.026550E-05     1.00
 3.1950000E+06  -1.273750E-02  9.294479E-03  0.000000E+00  6.676031E-15       88
   4.20E-07     -7.092945E-03 -2.542604E-03 -1.251832E-04  3.970201E-05 1.19E-12
   2.36E-06 0.00E+00 4.78E-07  9.949178E-10  1.921762E-05  5.031349E-05     1.00
 3.2000000E+06  -1.275000E-02  9.311002E-03  0.000000E+00  6.671262E-15       88
   4.20E-07     -7.093730E-03 -2.542604E-03 -1.250717E-04  3.971370E-05 6.77E-14
   2.36E-06 0.00E+00 4.78E-07  9.959918E-10  1.925394E-05  5.036150E-05     1.00
 3.2050000E+06  -1.276250E-02  9.327517E-03  0.000000E+00  6.666497E-15       88
   4.19E-07     -7.094517E-03 -2.542604E-03 -1.249598E-04  3.972544E-05 2.62E-11
   2.35E-06 0.00E+00 4.78E-07  9.970650E-10  1.929024E-05  5.040955E-05     1.00
 3.2100000E+06  -1.277500E-02  9.344408E-03  0.000000E+00  6.575078E-15       89
   4.14E-07     -7.095359E-03 -2.542604E-03 -1.248155E-04  3.973677E-05 1.80E-12
   2.35E-06 0.00E+00 4.72E-07  9.981262E-10  1.932603E-05  5.045666E-05     1.00
 3.2150000E+06  -1.278750E-02  9.361463E-03  0.000000E+00  6.570659E-15       89
   4.10E-07     -7.096227E-03 -2.542604E-03 -1.246548E-04  3.974795E-05 5.11E-13
   2.35E-06 0.00E+00 4.69E-07  9.991821E-10  1.936157E-05  5.050338E-05     1.00
 3.2200000E+06  -1.280000E-02  9.378511E-03  0.000000E+00  6.566252E-15       89
   4.10E-07     -7.097096E-03 -2.542604E-03 -1.244939E-04  3.975918E-05 6.12E-13
   2.35E-06 0.00E+00 4.69E-07  1.000237E-09  1.939708E-05  5.055013E-05     1.00
 3.2250000E+06  -1.281250E-02  9.395595E-03  0.000000E+00  6.714854E-15       89
   4.11E-07     -7.097939E-03 -2.542604E-03 -1.243277E-04  3.977020E-05 3.95E-13
   2.37E-06 0.00E+00 4.70E-07  1.001304E-09  1.943273E-05  5.059680E-05     1.00
 3.2300000E+06  -1.282500E-02  9.412716E-03  0.000000E+00  6.709530E-15       89
   4.12E-07     -7.098758E-03 -2.542604E-03 -1.241561E-04  3.978102E-05 5.50E-13
   2.38E-06 0.00E+00 4.71E-07  1.002381E-09  1.946851E-05  5.064339E-05     1.00
 3.2350000E+06  -1.283750E-02  9.429829E-03  0.000000E+00  6.704217E-15       89
   4.12E-07     -7.099578E-03 -2.542604E-03 -1.239843E-04  3.979189E-05 2.14E-12
   2.38E-06 0.00E+00 4.71E-07  1.003458E-09  1.950426E-05  5.069001E-05     1.00
 3.2400000E+06  -1.285000E-02  9.447485E-03  0.000000E+00  7.306272E-15       89
   4.29E-07     -7.099936E-03 -2.542604E-03 -1.238258E-04  3.979860E-05 3.62E-12
   2.48E-06 0.00E+00 4.92E-07  1.004628E-09  1.954281E-05  5.073528E-05     1.00
 3.2450000E+06  -1.286250E-02  9.465146E-03  0.000000E+00  7.299609E-15       89
   4.29E-07     -7.100287E-03 -2.542604E-03 -1.236679E-04  3.980529E-05 6.16E-12
   2.48E-06 0.00E+00 4.92E-07  1.005801E-09  1.958139E-05  5.078055E-05     1.00
 3.2500000E+06  -1.287500E-02  9.482798E-03  0.000000E+00  7.293139E-15       89
   4.29E-07     -7.100639E-03 -2.542604E-03 -1.235097E-04  3.981203E-05 1.21E-12
   2.48E-06 0.00E+00 4.92E-07  1.006973E-09  1.961993E-05  5.082584E-05     1.00
 3.2550000E+06  -1.288750E-02  9.500440E-03  0.000000E+00  7.286609E-15       89
   4.29E-07     -7.100993E-03 -2.542604E-03 -1.233512E-04  3.981884E-05 9.05E-12
   2.48E-06 0.00E+00 4.92E-07  1.008143E-09  1.965844E-05  5.087116E-05     1.00
 3.2600000E+06  -1.290000E-02  9.518074E-03  0.000000E+00  7.280127E-15       89
   4.28E-07     -7.101350E-03 -2.542604E-03 -1.231925E-04  3.982572E-05 1.24E-12
   2.48E-06 0.00E+00 4.92E-07  1.009313E-09  1.969692E-05  5.091651E-05     1.00
 3.2650000E+06  -1.291250E-02  9.535699E-03  0.000000E+00  7.273616E-15       89
   4.28E-07     -7.101709E-03 -2.542604E-03 -1.230335E-04  3.983265E-05 5.18E-13
   2.48E-06 0.00E+00 4.91E-07  1.010481E-09  1.973536E-05  5.096189E-05     1.00
 3.2700000E+06  -1.292500E-02  9.549661E-03  0.000000E+00  1.439305E-15       90
   3.60E-07     -7.104118E-03 -2.542604E-03 -1.233522E-04  3.985541E-05 3.05E-11
   1.85E-06 0.00E+00 3.89E-07  1.011201E-09  1.976719E-05  5.101648E-05     1.00
 3.2750000E+06  -1.293750E-02  9.559857E-03  0.000000E+00  1.439393E-15       90
   2.27E-07     -7.108657E-03 -2.542604E-03 -1.241347E-04  3.989480E-05 2.87E-12
   1.09E-06 0.00E+00 2.78E-07  1.011436E-09  1.979189E-05  5.108057E-05     1.00
 3.2800000E+06  -1.295000E-02  9.570052E-03  0.000000E+00  1.439487E-15       90
   2.27E-07     -7.113194E-03 -2.542604E-03 -1.249172E-04  3.993426E-05 4.05E-13
   1.09E-06 0.00E+00 2.78E-07  1.011671E-09  1.981658E-05  5.114472E-05     1.00
 3.2850000E+06  -1.296250E-02  9.580246E-03  0.000000E+00  1.439585E-15       90
   2.27E-07     -7.117731E-03 -2.542604E-03 -1.256995E-04  3.997380E-05 1.54E-13
   1.09E-06 0.00E+00 2.78E-07  1.011906E-09  1.984126E-05  5.120893E-05     1.00
 3.2900000E+06  -1.297500E-02  9.590440E-03  0.000000E+00  1.439682E-15       90
   2.27E-07     -7.122267E-03 -2.542604E-03 -1.264816E-04  4.001340E-05 3.68E-12
   1.09E-06 0.00E+00 2.78E-07  1.012141E-09  1.986592E-05  5.127320E-05     1.00
 3.2950000E+06  -1.298750E-02  9.600633E-03  0.000000E+00  1.439780E-15       90
   2.27E-07     -7.126803E-03 -2.542604E-03 -1.272636E-04  4.005308E-05 7.19E-13
   1.09E-06 0.00E+00 2.78E-07  1.012376E-09  1.989057E-05  5.133753E-05     1.00
 3.3000000E+06  -1.300000E-02  9.610826E-03  0.000000E+00  1.439847E-15       90
   2.27E-07     -7.131338E-03 -2.542604E-03 -1.280455E-04  4.009283E-05 5.78E-13
   1.08E-06 0.00E+00 2.77E-07  1.012611E-09  1.991521E-05  5.140192E-05     1.00
 3.3050000E+06  -1.301250E-02  9.621019E-03  0.000000E+00  1.439972E-15       90
   2.27E-07     -7.135872E-03 -2.542604E-03 -1.288272E-04  4.013265E-05 1.49E-12
   1.08E-06 0.00E+00 2.77E-07  1.012846E-09  1.993984E-05  5.146637E-05     1.00
 3.3100000E+06  -1.302500E-02  9.631210E-03  0.000000E+00  1.440061E-15       90
   2.27E-07     -7.140405E-03 -2.542604E-03 -1.296088E-04  4.017255E-05 1.15E-13
   1.08E-06 0.00E+00 2.77E-07  1.013081E-09  1.996445E-05  5.153088E-05     1.00
 3.3150000E+06  -1.303750E-02  9.641402E-03  0.000000E+00  1.440097E-15       90
   2.27E-07     -7.144938E-03 -2.542604E-03 -1.303902E-04  4.021251E-05 1.27E-11
   1.08E-06 0.00E+00 2.77E-07  1.013317E-09  1.998905E-05  5.159545E-05     1.00
 3.3200000E+06  -1.305000E-02  9.651593E-03  0.000000E+00  1.437525E-15       90
   2.27E-07     -7.149469E-03 -2.542604E-03 -1.311716E-04  4.025255E-05 2.17E-10
   1.08E-06 0.00E+00 2.77E-07  1.013552E-09  2.001364E-05  5.166007E-05     1.00
 3.3250000E+06  -1.306250E-02  9.661783E-03  0.000000E+00  1.440330E-15       90
   2.27E-07     -7.154001E-03 -2.542604E-03 -1.319527E-04  4.029267E-05 3.65E-11
   1.08E-06 0.00E+00 2.77E-07  1.013787E-09  2.003822E-05  5.172476E-05     1.00
 3.3300000E+06  -1.307500E-02  9.671973E-03  0.000000E+00  1.440446E-15       90
   2.26E-07     -7.158531E-03 -2.542604E-03 -1.327337E-04  4.033285E-05 2.95E-12
   1.08E-06 0.00E+00 2.77E-07  1.014022E-09  2.006278E-05  5.178951E-05     1.00
 3.3350000E+06  -1.308750E-02  9.682162E-03  0.000000E+00  1.440547E-15       90
   2.26E-07     -7.163061E-03 -2.542604E-03 -1.335146E-04  4.037311E-05 4.55E-13
   1.08E-06 0.00E+00 2.77E-07  1.014257E-09  2.008733E-05  5.185432E-05     1.00
 3.3400000E+06  -1.310000E-02  9.692351E-03  0.000000E+00  1.440631E-15       90
   2.26E-07     -7.167590E-03 -2.542604E-03 -1.342953E-04  4.041344E-05 1.29E-13
   1.08E-06 0.00E+00 2.76E-07  1.014493E-09  2.011187E-05  5.191919E-05     1.00
 3.3450000E+06  -1.311250E-02  9.702539E-03  0.000000E+00  1.440741E-15       90
   2.26E-07     -7.172118E-03 -2.542604E-03 -1.350759E-04  4.045384E-05 1.19E-11
   1.08E-06 0.00E+00 2.76E-07  1.014728E-09  2.013639E-05  5.198411E-05     1.00
 3.3500000E+06  -1.312500E-02  9.712727E-03  0.000000E+00  1.440823E-15       90
   2.26E-07     -7.176646E-03 -2.542604E-03 -1.358563E-04  4.049431E-05 2.83E-12
   1.08E-06 0.00E+00 2.76E-07  1.014963E-09  2.016091E-05  5.204910E-05     1.00
 3.3550000E+06  -1.313750E-02  9.722914E-03  0.000000E+00  1.440922E-15       90
   2.26E-07     -7.181172E-03 -2.542604E-03 -1.366366E-04  4.053486E-05 2.42E-13
   1.08E-06 0.00E+00 2.76E-07  1.015198E-09  2.018541E-05  5.211415E-05     1.00
 3.3600000E+06  -1.315000E-02  9.733100E-03  0.000000E+00  1.441016E-15       90
   2.26E-07     -7.185698E-03 -2.542604E-03 -1.374167E-04  4.057548E-05 3.48E-13
   1.08E-06 0.00E+00 2.76E-07  1.015434E-09  2.020989E-05  5.217925E-05     1.00
 3.3650000E+06  -1.316250E-02  9.743287E-03  0.000000E+00  1.441100E-15       90
   2.26E-07     -7.190224E-03 -2.542604E-03 -1.381967E-04  4.061617E-05 5.55E-12
   1.08E-06 0.00E+00 2.76E-07  1.015669E-09  2.023437E-05  5.224442E-05     1.00
 3.3700000E+06  -1.317500E-02  9.753041E-03  0.000000E+00  1.423838E-15       89
   2.25E-07     -7.194707E-03 -2.542604E-03 -1.389393E-04  4.065691E-05 6.31E-13
   1.07E-06 0.00E+00 2.78E-07  1.015902E-09  2.025993E-05  5.231073E-05     1.00
 3.3750000E+06  -1.318750E-02  9.762724E-03  0.000000E+00  1.423907E-15       89
   2.24E-07     -7.199183E-03 -2.542604E-03 -1.396759E-04  4.069774E-05 8.82E-13
   1.06E-06 0.00E+00 2.78E-07  1.016135E-09  2.028565E-05  5.237727E-05     1.00
 3.3800000E+06  -1.320000E-02  9.772537E-03  0.000000E+00  2.458856E-15       89
   2.28E-07     -7.203573E-03 -2.542604E-03 -1.404236E-04  4.073805E-05 1.23E-09
   1.09E-06 0.00E+00 2.81E-07  1.016377E-09  2.031161E-05  5.244355E-05     1.00
 3.3850000E+06  -1.321250E-02  9.783974E-03  0.000000E+00  2.466677E-15       89
   2.69E-07     -7.206882E-03 -2.542604E-03 -1.413505E-04  4.077080E-05 2.55E-10
   1.40E-06 0.00E+00 3.29E-07  1.016768E-09  2.034111E-05  5.250580E-05     1.00
 3.3900000E+06  -1.322500E-02  9.795573E-03  0.000000E+00  2.501722E-15       89
   2.73E-07     -7.210064E-03 -2.542604E-03 -1.422976E-04  4.080281E-05 4.22E-13
   1.42E-06 0.00E+00 3.34E-07  1.017173E-09  2.037099E-05  5.256768E-05     1.00
 3.3950000E+06  -1.323750E-02  9.807169E-03  0.000000E+00  2.501257E-15       89
   2.73E-07     -7.213247E-03 -2.542604E-03 -1.432447E-04  4.083491E-05 1.53E-12
   1.42E-06 0.00E+00 3.34E-07  1.017578E-09  2.040082E-05  5.262962E-05     1.00
 3.4000000E+06  -1.325000E-02  9.818764E-03  0.000000E+00  2.500793E-15       89
   2.73E-07     -7.216430E-03 -2.542604E-03 -1.441914E-04  4.086711E-05 1.76E-13
   1.42E-06 0.00E+00 3.34E-07  1.017983E-09  2.043060E-05  5.269160E-05     1.00
 3.4050000E+06  -1.326250E-02  9.830763E-03  0.000000E+00  3.086810E-15       89
   2.86E-07     -7.219361E-03 -2.542604E-03 -1.451494E-04  4.089722E-05 2.09E-12
   1.52E-06 0.00E+00 3.50E-07  1.018443E-09  2.046150E-05  5.275260E-05     1.00
 3.4100000E+06  -1.327500E-02  9.843044E-03  0.000000E+00  3.085774E-15       89
   2.95E-07     -7.222114E-03 -2.542604E-03 -1.461176E-04  4.092587E-05 4.98E-13
   1.58E-06 0.00E+00 3.62E-07  1.018941E-09  2.049319E-05  5.281294E-05     1.00
 3.4150000E+06  -1.328750E-02  9.855323E-03  0.000000E+00  3.084737E-15       89
   2.94E-07     -7.224868E-03 -2.542604E-03 -1.470855E-04  4.095463E-05 8.15E-14
   1.58E-06 0.00E+00 3.62E-07  1.019440E-09  2.052481E-05  5.287332E-05     1.00
 3.4200000E+06  -1.330000E-02  9.867599E-03  0.000000E+00  3.083708E-15       89
   2.94E-07     -7.227622E-03 -2.542604E-03 -1.480530E-04  4.098349E-05 9.93E-13
   1.58E-06 0.00E+00 3.62E-07  1.019938E-09  2.055636E-05  5.293374E-05     1.00
 3.4250000E+06  -1.331250E-02  9.879873E-03  0.000000E+00  3.082676E-15       89
   2.94E-07     -7.230376E-03 -2.542604E-03 -1.490203E-04  4.101245E-05 1.03E-13
   1.58E-06 0.00E+00 3.62E-07  1.020436E-09  2.058786E-05  5.299420E-05     1.00
 3.4300000E+06  -1.332500E-02  9.892145E-03  0.000000E+00  3.081647E-15       89
   2.94E-07     -7.233130E-03 -2.542604E-03 -1.499871E-04  4.104152E-05 1.56E-12
   1.58E-06 0.00E+00 3.61E-07  1.020934E-09  2.061930E-05  5.305470E-05     1.00
 3.4350000E+06  -1.333750E-02  9.904865E-03  0.000000E+00  5.449065E-15       88
   3.23E-07     -7.235903E-03 -2.542604E-03 -1.509386E-04  4.107038E-05 8.84E-11
   1.76E-06 0.00E+00 3.95E-07  1.021559E-09  2.064985E-05  5.311412E-05     1.00
 3.4400000E+06  -1.335000E-02  9.918414E-03  0.000000E+00  5.447207E-15       88
   3.77E-07     -7.238653E-03 -2.542604E-03 -1.518852E-04  4.109828E-05 2.43E-12
   2.09E-06 0.00E+00 4.61E-07  1.022437E-09  2.067933E-05  5.317149E-05     1.00
 3.4450000E+06  -1.336250E-02  9.931959E-03  0.000000E+00  5.445271E-15       88
   3.77E-07     -7.241402E-03 -2.542604E-03 -1.528314E-04  4.112627E-05 5.40E-12
   2.09E-06 0.00E+00 4.61E-07  1.023314E-09  2.070875E-05  5.322891E-05     1.00
 3.4500000E+06  -1.337500E-02  9.945476E-03  0.000000E+00  5.291625E-15       88
   3.75E-07     -7.244161E-03 -2.542604E-03 -1.537985E-04  4.115438E-05 1.07E-12
   2.07E-06 0.00E+00 4.58E-07  1.024175E-09  2.073816E-05  5.328643E-05     1.00
 3.4550000E+06  -1.338750E-02  9.958976E-03  0.000000E+00  5.291160E-15       89
   3.75E-07     -7.246925E-03 -2.542604E-03 -1.547734E-04  4.118261E-05 2.80E-12
   2.06E-06 0.00E+00 4.58E-07  1.025028E-09  2.076754E-05  5.334404E-05     1.00
 3.4600000E+06  -1.340000E-02  9.972473E-03  0.000000E+00  5.289590E-15       89
   3.76E-07     -7.249690E-03 -2.542604E-03 -1.557478E-04  4.121094E-05 7.92E-13
   2.07E-06 0.00E+00 4.60E-07  1.025881E-09  2.079686E-05  5.340169E-05     1.00
 3.4650000E+06  -1.341250E-02  9.985967E-03  0.000000E+00  5.288022E-15       89
   3.76E-07     -7.252453E-03 -2.542604E-03 -1.567218E-04  4.123937E-05 2.03E-13
   2.07E-06 0.00E+00 4.59E-07  1.026734E-09  2.082612E-05  5.345938E-05     1.00
 3.4700000E+06  -1.342500E-02  9.999458E-03  0.000000E+00  5.286458E-15       89
   3.76E-07     -7.255217E-03 -2.542604E-03 -1.576954E-04  4.126789E-05 2.13E-12
   2.06E-06 0.00E+00 4.59E-07  1.027586E-09  2.085533E-05  5.351712E-05     1.00
 3.4750000E+06  -1.343750E-02  1.001295E-02  0.000000E+00  5.284897E-15       89
   3.76E-07     -7.257980E-03 -2.542604E-03 -1.586685E-04  4.129651E-05 3.32E-13
   2.06E-06 0.00E+00 4.59E-07  1.028438E-09  2.088449E-05  5.357490E-05     1.00
 3.4800000E+06  -1.345000E-02  1.002643E-02  0.000000E+00  5.283336E-15       89
   3.75E-07     -7.260743E-03 -2.542604E-03 -1.596412E-04  4.132523E-05 3.25E-12
   2.06E-06 0.00E+00 4.59E-07  1.029290E-09  2.091360E-05  5.363272E-05     1.00
 3.4850000E+06  -1.346250E-02  1.003991E-02  0.000000E+00  5.281829E-15       89
   3.75E-07     -7.263505E-03 -2.542604E-03 -1.606134E-04  4.135404E-05 2.95E-11
   2.06E-06 0.00E+00 4.58E-07  1.030142E-09  2.094266E-05  5.369059E-05     1.00
 3.4900000E+06  -1.347500E-02  1.005339E-02  0.000000E+00  5.280226E-15       89
   3.75E-07     -7.266267E-03 -2.542604E-03 -1.615852E-04  4.138296E-05 9.90E-15
   2.06E-06 0.00E+00 4.58E-07  1.030993E-09  2.097166E-05  5.374851E-05     1.00
 3.4950000E+06  -1.348750E-02  1.006687E-02  0.000000E+00  5.278679E-15       89
   3.75E-07     -7.269029E-03 -2.542604E-03 -1.625565E-04  4.141196E-05 2.97E-12
   2.06E-06 0.00E+00 4.58E-07  1.031844E-09  2.100061E-05  5.380646E-05     1.00
 3.5000000E+06  -1.350000E-02  1.008034E-02  0.000000E+00  5.277132E-15       89
   3.75E-07     -7.271790E-03 -2.542604E-03 -1.635274E-04  4.144107E-05 7.58E-13
   2.06E-06 0.00E+00 4.58E-07  1.032695E-09  2.102950E-05  5.386447E-05     1.00
 3.5050000E+06  -1.351250E-02  1.009381E-02  0.000000E+00  5.275567E-15       89
   3.75E-07     -7.274551E-03 -2.542604E-03 -1.644979E-04  4.147027E-05 2.74E-11
   2.06E-06 0.00E+00 4.58E-07  1.033546E-09  2.105835E-05  5.392251E-05     1.00
 3.5100000E+06  -1.352500E-02  1.010728E-02  0.000000E+00  5.274047E-15       89
   3.74E-07     -7.277312E-03 -2.542604E-03 -1.654679E-04  4.149957E-05 4.76E-13
   2.06E-06 0.00E+00 4.57E-07  1.034396E-09  2.108714E-05  5.398060E-05     1.00
 3.5150000E+06  -1.353750E-02  1.012074E-02  0.000000E+00  5.272509E-15       89
   3.74E-07     -7.280072E-03 -2.542604E-03 -1.664375E-04  4.152896E-05 6.48E-13
   2.06E-06 0.00E+00 4.57E-07  1.035246E-09  2.111587E-05  5.403874E-05     1.00
 3.5200000E+06  -1.355000E-02  1.013420E-02  0.000000E+00  5.270972E-15       89
   3.74E-07     -7.282833E-03 -2.542604E-03 -1.674066E-04  4.155845E-05 8.37E-13
   2.05E-06 0.00E+00 4.57E-07  1.036096E-09  2.114456E-05  5.409691E-05     1.00
 3.5250000E+06  -1.356250E-02  1.014766E-02  0.000000E+00  5.269440E-15       89
   3.74E-07     -7.285592E-03 -2.542604E-03 -1.683754E-04  4.158804E-05 9.00E-11
   2.05E-06 0.00E+00 4.57E-07  1.036946E-09  2.117319E-05  5.415514E-05     1.00
 3.5300000E+06  -1.357500E-02  1.016111E-02  0.000000E+00  5.267909E-15       89
   3.74E-07     -7.288352E-03 -2.542604E-03 -1.693436E-04  4.161773E-05 2.36E-12
   2.05E-06 0.00E+00 4.57E-07  1.037795E-09  2.120177E-05  5.421340E-05     1.00
 3.5350000E+06  -1.358750E-02  1.017457E-02  0.000000E+00  5.266385E-15       89
   3.74E-07     -7.291111E-03 -2.542604E-03 -1.703115E-04  4.164751E-05 4.11E-13
   2.05E-06 0.00E+00 4.56E-07  1.038644E-09  2.123030E-05  5.427171E-05     1.00
 3.5400000E+06  -1.360000E-02  1.018802E-02  0.000000E+00  5.264856E-15       89
   3.73E-07     -7.293869E-03 -2.542604E-03 -1.712788E-04  4.167739E-05 2.32E-12
   2.05E-06 0.00E+00 4.56E-07  1.039493E-09  2.125878E-05  5.433007E-05     1.00
 3.5450000E+06  -1.361250E-02  1.020146E-02  0.000000E+00  5.263338E-15       89
   3.73E-07     -7.296628E-03 -2.542604E-03 -1.722458E-04  4.170736E-05 2.19E-12
   2.05E-06 0.00E+00 4.56E-07  1.040342E-09  2.128720E-05  5.438846E-05     1.00
 3.5500000E+06  -1.362500E-02  1.021490E-02  0.000000E+00  5.261816E-15       89
   3.73E-07     -7.299386E-03 -2.542604E-03 -1.732123E-04  4.173743E-05 3.09E-13
   2.05E-06 0.00E+00 4.56E-07  1.041190E-09  2.131557E-05  5.444691E-05     1.00
 3.5550000E+06  -1.363750E-02  1.022834E-02  0.000000E+00  5.260308E-15       89
   3.73E-07     -7.302143E-03 -2.542604E-03 -1.741784E-04  4.176760E-05 1.35E-12
   2.05E-06 0.00E+00 4.56E-07  1.042038E-09  2.134389E-05  5.450539E-05     1.00
 3.5600000E+06  -1.365000E-02  1.024178E-02  0.000000E+00  5.258773E-15       89
   3.73E-07     -7.304901E-03 -2.542604E-03 -1.751440E-04  4.179786E-05 7.88E-12
   2.05E-06 0.00E+00 4.55E-07  1.042886E-09  2.137215E-05  5.456392E-05     1.00
 3.5650000E+06  -1.366250E-02  1.025521E-02  0.000000E+00  5.257277E-15       89
   3.72E-07     -7.307658E-03 -2.542604E-03 -1.761092E-04  4.182822E-05 1.08E-12
   2.05E-06 0.00E+00 4.55E-07  1.043734E-09  2.140037E-05  5.462250E-05     1.00
 3.5700000E+06  -1.367500E-02  1.026865E-02  0.000000E+00  5.255768E-15       89
   3.72E-07     -7.310414E-03 -2.542604E-03 -1.770740E-04  4.185868E-05 6.74E-13
   2.04E-06 0.00E+00 4.55E-07  1.044582E-09  2.142853E-05  5.468111E-05     1.00
 3.5750000E+06  -1.368750E-02  1.028207E-02  0.000000E+00  5.254269E-15       89
   3.72E-07     -7.313171E-03 -2.542604E-03 -1.780383E-04  4.188923E-05 3.53E-14
   2.04E-06 0.00E+00 4.55E-07  1.045429E-09  2.145664E-05  5.473978E-05     1.00
 3.5800000E+06  -1.370000E-02  1.029550E-02  0.000000E+00  5.252729E-15       89
   3.72E-07     -7.315927E-03 -2.542604E-03 -1.790022E-04  4.191987E-05 6.33E-11
   2.04E-06 0.00E+00 4.54E-07  1.046276E-09  2.148470E-05  5.479848E-05     1.00
 3.5850000E+06  -1.371250E-02  1.030892E-02  0.000000E+00  5.251265E-15       89
   3.72E-07     -7.318682E-03 -2.542604E-03 -1.799657E-04  4.195062E-05 6.82E-12
   2.04E-06 0.00E+00 4.54E-07  1.047122E-09  2.151270E-05  5.485723E-05     1.00
 3.5900000E+06  -1.372500E-02  1.032234E-02  0.000000E+00  5.249771E-15       89
   3.72E-07     -7.321437E-03 -2.542604E-03 -1.809287E-04  4.198146E-05 4.50E-13
   2.04E-06 0.00E+00 4.54E-07  1.047969E-09  2.154066E-05  5.491603E-05     1.00
 3.5950000E+06  -1.373750E-02  1.033575E-02  0.000000E+00  5.248282E-15       89
   3.71E-07     -7.324192E-03 -2.542604E-03 -1.818913E-04  4.201239E-05 9.64E-12
   2.04E-06 0.00E+00 4.54E-07  1.048815E-09  2.156856E-05  5.497486E-05     1.00
 3.6000000E+06  -1.375000E-02  1.034917E-02  0.000000E+00  5.246785E-15       89
   3.71E-07     -7.326947E-03 -2.542604E-03 -1.828534E-04  4.204342E-05 1.82E-11
   2.04E-06 0.00E+00 4.54E-07  1.049661E-09  2.159641E-05  5.503374E-05     1.00
 3.6050000E+06  -1.376250E-02  1.036258E-02  0.000000E+00  5.245296E-15       89
   3.71E-07     -7.329701E-03 -2.542604E-03 -1.838151E-04  4.207455E-05 8.09E-13
   2.04E-06 0.00E+00 4.53E-07  1.050507E-09  2.162421E-05  5.509267E-05     1.00
 3.6100000E+06  -1.377500E-02  1.037598E-02  0.000000E+00  5.243812E-15       89
   3.71E-07     -7.332455E-03 -2.542604E-03 -1.847764E-04  4.210577E-05 2.46E-12
   2.04E-06 0.00E+00 4.53E-07  1.051353E-09  2.165195E-05  5.515164E-05     1.00
 3.6150000E+06  -1.378750E-02  1.038939E-02  0.000000E+00  5.242367E-15       89
   3.71E-07     -7.335209E-03 -2.542604E-03 -1.857372E-04  4.213709E-05 9.27E-11
   2.03E-06 0.00E+00 4.53E-07  1.052198E-09  2.167965E-05  5.521065E-05     1.00
 3.6200000E+06  -1.380000E-02  1.040279E-02  0.000000E+00  5.240846E-15       89
   3.71E-07     -7.337962E-03 -2.542604E-03 -1.866977E-04  4.216850E-05 1.07E-13
   2.03E-06 0.00E+00 4.53E-07  1.053043E-09  2.170729E-05  5.526971E-05     1.00
 3.6250000E+06  -1.381250E-02  1.041619E-02  0.000000E+00  5.239373E-15       89
   3.70E-07     -7.340715E-03 -2.542604E-03 -1.876576E-04  4.220001E-05 5.21E-14
   2.03E-06 0.00E+00 4.53E-07  1.053888E-09  2.173488E-05  5.532881E-05     1.00
 3.6300000E+06  -1.382500E-02  1.042958E-02  0.000000E+00  5.237896E-15       89
   3.70E-07     -7.343467E-03 -2.542604E-03 -1.886172E-04  4.223162E-05 7.05E-13
   2.03E-06 0.00E+00 4.52E-07  1.054732E-09  2.176242E-05  5.538796E-05     1.00
 3.6350000E+06  -1.383750E-02  1.044297E-02  0.000000E+00  5.236423E-15       89
   3.70E-07     -7.346220E-03 -2.542604E-03 -1.895763E-04  4.226332E-05 4.18E-13
   2.03E-06 0.00E+00 4.52E-07  1.055577E-09  2.178991E-05  5.544715E-05     1.00
 3.6400000E+06  -1.385000E-02  1.045636E-02  0.000000E+00  5.234953E-15       89
   3.70E-07     -7.348971E-03 -2.542604E-03 -1.905349E-04  4.229511E-05 4.61E-12
   2.03E-06 0.00E+00 4.52E-07  1.056421E-09  2.181735E-05  5.550638E-05     1.00
 3.6450000E+06  -1.386250E-02  1.046975E-02  0.000000E+00  5.233461E-15       89
   3.70E-07     -7.351723E-03 -2.542604E-03 -1.914932E-04  4.232700E-05 3.76E-13
   2.03E-06 0.00E+00 4.52E-07  1.057265E-09  2.184473E-05  5.556565E-05     1.00
 3.6500000E+06  -1.387500E-02  1.048313E-02  0.000000E+00  5.232016E-15       89
   3.69E-07     -7.354474E-03 -2.542604E-03 -1.924510E-04  4.235899E-05 4.57E-12
   2.03E-06 0.00E+00 4.51E-07  1.058108E-09  2.187206E-05  5.562497E-05     1.00
 3.6550000E+06  -1.388750E-02  1.049651E-02  0.000000E+00  5.230561E-15       89
   3.69E-07     -7.357225E-03 -2.542604E-03 -1.934084E-04  4.239107E-05 2.66E-12
   2.03E-06 0.00E+00 4.51E-07  1.058952E-09  2.189935E-05  5.568434E-05     1.00
 3.6600000E+06  -1.390000E-02  1.050989E-02  0.000000E+00  5.229096E-15       89
   3.69E-07     -7.359975E-03 -2.542604E-03 -1.943653E-04  4.242325E-05 4.60E-13
   2.03E-06 0.00E+00 4.51E-07  1.059795E-09  2.192658E-05  5.574375E-05     1.00
 3.6650000E+06  -1.391250E-02  1.052327E-02  0.000000E+00  5.227651E-15       89
   3.69E-07     -7.362726E-03 -2.542604E-03 -1.953218E-04  4.245552E-05 4.15E-13
   2.02E-06 0.00E+00 4.51E-07  1.060638E-09  2.195375E-05  5.580320E-05     1.00
 3.6700000E+06  -1.392500E-02  1.053664E-02  0.000000E+00  5.226196E-15       89
   3.69E-07     -7.365475E-03 -2.542604E-03 -1.962779E-04  4.248789E-05 4.93E-13
   2.02E-06 0.00E+00 4.51E-07  1.061481E-09  2.198088E-05  5.586269E-05     1.00
 3.6750000E+06  -1.393750E-02  1.055001E-02  0.000000E+00  5.224745E-15       89
   3.69E-07     -7.368225E-03 -2.542604E-03 -1.972335E-04  4.252035E-05 2.67E-13
   2.02E-06 0.00E+00 4.50E-07  1.062323E-09  2.200796E-05  5.592223E-05     1.00
 3.6800000E+06  -1.395000E-02  1.056337E-02  0.000000E+00  5.223295E-15       89
   3.68E-07     -7.370974E-03 -2.542604E-03 -1.981888E-04  4.255291E-05 8.51E-13
   2.02E-06 0.00E+00 4.50E-07  1.063165E-09  2.203498E-05  5.598182E-05     1.00
 3.6850000E+06  -1.396250E-02  1.057673E-02  0.000000E+00  5.221851E-15       89
   3.68E-07     -7.373723E-03 -2.542604E-03 -1.991435E-04  4.258556E-05 2.00E-12
   2.02E-06 0.00E+00 4.50E-07  1.064007E-09  2.206196E-05  5.604144E-05     1.00
 3.6900000E+06  -1.397500E-02  1.059009E-02  0.000000E+00  5.220419E-15       89
   3.68E-07     -7.376471E-03 -2.542604E-03 -2.000979E-04  4.261831E-05 3.69E-12
   2.02E-06 0.00E+00 4.50E-07  1.064849E-09  2.208888E-05  5.610112E-05     1.00
 3.6950000E+06  -1.398750E-02  1.060345E-02  0.000000E+00  5.218979E-15       89
   3.68E-07     -7.379219E-03 -2.542604E-03 -2.010518E-04  4.265115E-05 8.07E-12
   2.02E-06 0.00E+00 4.49E-07  1.065691E-09  2.211575E-05  5.616083E-05     1.00
 3.7000000E+06  -1.400000E-02  1.061680E-02  0.000000E+00  5.217532E-15       89
   3.68E-07     -7.381967E-03 -2.542604E-03 -2.020053E-04  4.268409E-05 1.55E-12
   2.02E-06 0.00E+00 4.49E-07  1.066532E-09  2.214257E-05  5.622059E-05     1.00
 3.7050000E+06  -1.401250E-02  1.063015E-02  0.000000E+00  5.216101E-15       89
   3.67E-07     -7.384714E-03 -2.542604E-03 -2.029584E-04  4.271712E-05 9.37E-13
   2.02E-06 0.00E+00 4.49E-07  1.067373E-09  2.216934E-05  5.628039E-05     1.00
 3.7100000E+06  -1.402500E-02  1.064350E-02  0.000000E+00  5.214677E-15       89
   3.67E-07     -7.387461E-03 -2.542604E-03 -2.039110E-04  4.275024E-05 6.49E-12
   2.01E-06 0.00E+00 4.49E-07  1.068214E-09  2.219606E-05  5.634024E-05     1.00
 3.7150000E+06  -1.403750E-02  1.065685E-02  0.000000E+00  5.213238E-15       89
   3.67E-07     -7.390208E-03 -2.542604E-03 -2.048632E-04  4.278347E-05 8.23E-13
   2.01E-06 0.00E+00 4.49E-07  1.069055E-09  2.222273E-05  5.640013E-05     1.00
 3.7200000E+06  -1.405000E-02  1.067019E-02  0.000000E+00  5.211811E-15       89
   3.67E-07     -7.392954E-03 -2.542604E-03 -2.058150E-04  4.281678E-05 4.44E-13
   2.01E-06 0.00E+00 4.48E-07  1.069895E-09  2.224934E-05  5.646006E-05     1.00
 3.7250000E+06  -1.406250E-02  1.068353E-02  0.000000E+00  5.210389E-15       89
   3.67E-07     -7.395700E-03 -2.542604E-03 -2.067663E-04  4.285019E-05 5.21E-13
   2.01E-06 0.00E+00 4.48E-07  1.070735E-09  2.227591E-05  5.652004E-05     1.00
 3.7300000E+06  -1.407500E-02  1.069686E-02  0.000000E+00  5.208973E-15       89
   3.67E-07     -7.398446E-03 -2.542604E-03 -2.077172E-04  4.288370E-05 1.64E-12
   2.01E-06 0.00E+00 4.48E-07  1.071575E-09  2.230242E-05  5.658006E-05     1.00
 3.7350000E+06  -1.408750E-02  1.071020E-02  0.000000E+00  5.207551E-15       89
   3.66E-07     -7.401191E-03 -2.542604E-03 -2.086677E-04  4.291730E-05 4.53E-13
   2.01E-06 0.00E+00 4.48E-07  1.072415E-09  2.232889E-05  5.664012E-05     1.00
 3.7400000E+06  -1.410000E-02  1.072353E-02  0.000000E+00  5.206133E-15       89
   3.66E-07     -7.403936E-03 -2.542604E-03 -2.096178E-04  4.295099E-05 4.53E-13
   2.01E-06 0.00E+00 4.47E-07  1.073255E-09  2.235530E-05  5.670023E-05     1.00
 3.7450000E+06  -1.411250E-02  1.073685E-02  0.000000E+00  5.204719E-15       89
   3.66E-07     -7.406680E-03 -2.542604E-03 -2.105674E-04  4.298478E-05 1.67E-11
   2.01E-06 0.00E+00 4.47E-07  1.074094E-09  2.238166E-05  5.676038E-05     1.00
 3.7500000E+06  -1.412500E-02  1.075018E-02  0.000000E+00  5.203306E-15       89
   3.66E-07     -7.409425E-03 -2.542604E-03 -2.115166E-04  4.301866E-05 1.79E-12
   2.01E-06 0.00E+00 4.47E-07  1.074933E-09  2.240797E-05  5.682058E-05     1.00
 3.7550000E+06  -1.413750E-02  1.076350E-02  0.000000E+00  5.201901E-15       89
   3.66E-07     -7.412169E-03 -2.542604E-03 -2.124653E-04  4.305264E-05 1.61E-12
   2.01E-06 0.00E+00 4.47E-07  1.075772E-09  2.243424E-05  5.688082E-05     1.00
 3.7600000E+06  -1.415000E-02  1.077682E-02  0.000000E+00  5.200492E-15       89
   3.65E-07     -7.414912E-03 -2.542604E-03 -2.134137E-04  4.308671E-05 4.59E-12
   2.00E-06 0.00E+00 4.47E-07  1.076610E-09  2.246045E-05  5.694110E-05     1.00
 3.7650000E+06  -1.416250E-02  1.079013E-02  0.000000E+00  5.199090E-15       89
   3.66E-07     -7.417655E-03 -2.542604E-03 -2.143616E-04  4.312088E-05 2.72E-12
   2.00E-06 0.00E+00 4.46E-07  1.077449E-09  2.248661E-05  5.700142E-05     1.00
 3.7700000E+06  -1.417500E-02  1.080345E-02  0.000000E+00  5.197703E-15       89
   3.65E-07     -7.420398E-03 -2.542604E-03 -2.153091E-04  4.315514E-05 1.39E-11
   2.00E-06 0.00E+00 4.46E-07  1.078287E-09  2.251272E-05  5.706179E-05     1.00
 3.7750000E+06  -1.418750E-02  1.081676E-02  0.000000E+00  5.196265E-15       89
   3.65E-07     -7.423141E-03 -2.542604E-03 -2.162561E-04  4.318949E-05 6.66E-12
   2.00E-06 0.00E+00 4.46E-07  1.079125E-09  2.253877E-05  5.712221E-05     1.00
 3.7800000E+06  -1.420000E-02  1.083006E-02  0.000000E+00  5.194895E-15       89
   3.65E-07     -7.425883E-03 -2.542604E-03 -2.172028E-04  4.322394E-05 1.19E-12
   2.00E-06 0.00E+00 4.46E-07  1.079963E-09  2.256478E-05  5.718267E-05     1.00
 3.7850000E+06  -1.421250E-02  1.084337E-02  0.000000E+00  5.193512E-15       89
   3.65E-07     -7.428624E-03 -2.542604E-03 -2.181490E-04  4.325848E-05 8.88E-12
   2.00E-06 0.00E+00 4.45E-07  1.080800E-09  2.259074E-05  5.724317E-05     1.00
 3.7900000E+06  -1.422500E-02  1.085667E-02  0.000000E+00  5.192110E-15       89
   3.64E-07     -7.431366E-03 -2.542604E-03 -2.190948E-04  4.329312E-05 5.89E-13
   2.00E-06 0.00E+00 4.45E-07  1.081638E-09  2.261665E-05  5.730371E-05     1.00
 3.7950000E+06  -1.423750E-02  1.086996E-02  0.000000E+00  5.190729E-15       89
   3.64E-07     -7.434107E-03 -2.542604E-03 -2.200401E-04  4.332785E-05 2.60E-12
   2.00E-06 0.00E+00 4.45E-07  1.082475E-09  2.264251E-05  5.736430E-05     1.00
 3.8000000E+06  -1.425000E-02  1.088326E-02  0.000000E+00  5.189345E-15       89
   3.64E-07     -7.436848E-03 -2.542604E-03 -2.209850E-04  4.336267E-05 1.83E-14
   2.00E-06 0.00E+00 4.45E-07  1.083311E-09  2.266831E-05  5.742493E-05     1.00
 3.8050000E+06  -1.426250E-02  1.089655E-02  0.000000E+00  5.187951E-15       89
   3.64E-07     -7.439588E-03 -2.542604E-03 -2.219295E-04  4.339759E-05 1.63E-12
   1.99E-06 0.00E+00 4.45E-07  1.084148E-09  2.269407E-05  5.748561E-05     1.00
 3.8100000E+06  -1.427500E-02  1.090984E-02  0.000000E+00  5.186572E-15       89
   3.64E-07     -7.442328E-03 -2.542604E-03 -2.228736E-04  4.343260E-05 1.87E-12
   1.99E-06 0.00E+00 4.44E-07  1.084984E-09  2.271978E-05  5.754633E-05     1.00
 3.8150000E+06  -1.428750E-02  1.092313E-02  0.000000E+00  5.185196E-15       89
   3.63E-07     -7.445068E-03 -2.542604E-03 -2.238173E-04  4.346771E-05 2.10E-12
   1.99E-06 0.00E+00 4.44E-07  1.085821E-09  2.274543E-05  5.760709E-05     1.00
 3.8200000E+06  -1.430000E-02  1.093641E-02  0.000000E+00  5.183828E-15       89
   3.63E-07     -7.447807E-03 -2.542604E-03 -2.247605E-04  4.350291E-05 4.28E-12
   1.99E-06 0.00E+00 4.44E-07  1.086657E-09  2.277104E-05  5.766789E-05     1.00
 3.8250000E+06  -1.431250E-02  1.094969E-02  0.000000E+00  5.182450E-15       89
   3.63E-07     -7.450546E-03 -2.542604E-03 -2.257033E-04  4.353820E-05 2.07E-12
   1.99E-06 0.00E+00 4.44E-07  1.087492E-09  2.279659E-05  5.772874E-05     1.00
 3.8300000E+06  -1.432500E-02  1.096297E-02  0.000000E+00  5.181064E-15       89
   3.63E-07     -7.453285E-03 -2.542604E-03 -2.266457E-04  4.357359E-05 5.54E-12
   1.99E-06 0.00E+00 4.43E-07  1.088328E-09  2.282210E-05  5.778964E-05     1.00
 3.8350000E+06  -1.433750E-02  1.097624E-02  0.000000E+00  5.179714E-15       89
   3.63E-07     -7.456023E-03 -2.542604E-03 -2.275876E-04  4.360907E-05 7.30E-12
   1.99E-06 0.00E+00 4.43E-07  1.089163E-09  2.284756E-05  5.785057E-05     1.00
 3.8400000E+06  -1.435000E-02  1.098952E-02  0.000000E+00  5.178347E-15       89
   3.62E-07     -7.458761E-03 -2.542604E-03 -2.285292E-04  4.364464E-05 1.50E-12
   1.99E-06 0.00E+00 4.43E-07  1.089998E-09  2.287296E-05  5.791155E-05     1.00
 3.8450000E+06  -1.436250E-02  1.100278E-02  0.000000E+00  5.176988E-15       89
   3.62E-07     -7.461498E-03 -2.542604E-03 -2.294703E-04  4.368031E-05 1.05E-12
   1.99E-06 0.00E+00 4.43E-07  1.090833E-09  2.289832E-05  5.797258E-05     1.00
 3.8500000E+06  -1.437500E-02  1.101605E-02  0.000000E+00  5.175623E-15       89
   3.62E-07     -7.464236E-03 -2.542604E-03 -2.304109E-04  4.371607E-05 6.06E-13
   1.98E-06 0.00E+00 4.43E-07  1.091668E-09  2.292362E-05  5.803365E-05     1.00
 3.8550000E+06  -1.438750E-02  1.102931E-02  0.000000E+00  5.174269E-15       89
   3.62E-07     -7.466972E-03 -2.542604E-03 -2.313512E-04  4.375192E-05 1.44E-12
   1.98E-06 0.00E+00 4.42E-07  1.092502E-09  2.294888E-05  5.809476E-05     1.00
 3.8600000E+06  -1.440000E-02  1.104257E-02  0.000000E+00  5.172909E-15       89
   3.62E-07     -7.469709E-03 -2.542604E-03 -2.322910E-04  4.378787E-05 5.04E-13
   1.98E-06 0.00E+00 4.42E-07  1.093336E-09  2.297409E-05  5.815591E-05     1.00
 3.8650000E+06  -1.441250E-02  1.105583E-02  0.000000E+00  5.171553E-15       89
   3.62E-07     -7.472445E-03 -2.542604E-03 -2.332305E-04  4.382391E-05 8.27E-13
   1.98E-06 0.00E+00 4.42E-07  1.094170E-09  2.299924E-05  5.821711E-05     1.00
 3.8700000E+06  -1.442500E-02  1.106909E-02  0.000000E+00  5.170211E-15       89
   3.61E-07     -7.475181E-03 -2.542604E-03 -2.341694E-04  4.386004E-05 3.77E-14
   1.98E-06 0.00E+00 4.42E-07  1.095004E-09  2.302435E-05  5.827835E-05     1.00
 3.8750000E+06  -1.443750E-02  1.108234E-02  0.000000E+00  5.168874E-15       89
   3.61E-07     -7.477916E-03 -2.542604E-03 -2.351080E-04  4.389627E-05 6.16E-13
   1.98E-06 0.00E+00 4.41E-07  1.095838E-09  2.304941E-05  5.833964E-05     1.00
 3.8800000E+06  -1.445000E-02  1.109559E-02  0.000000E+00  5.167514E-15       89
   3.61E-07     -7.480651E-03 -2.542604E-03 -2.360462E-04  4.393259E-05 4.62E-13
   1.98E-06 0.00E+00 4.41E-07  1.096671E-09  2.307441E-05  5.840096E-05     1.00
 3.8850000E+06  -1.446250E-02  1.110883E-02  0.000000E+00  5.166172E-15       89
   3.61E-07     -7.483386E-03 -2.542604E-03 -2.369839E-04  4.396900E-05 6.10E-13
   1.98E-06 0.00E+00 4.41E-07  1.097504E-09  2.309937E-05  5.846234E-05     1.00
 3.8900000E+06  -1.447500E-02  1.112207E-02  0.000000E+00  5.164833E-15       89
   3.61E-07     -7.486121E-03 -2.542604E-03 -2.379212E-04  4.400551E-05 1.70E-12
   1.98E-06 0.00E+00 4.41E-07  1.098337E-09  2.312428E-05  5.852375E-05     1.00
 3.8950000E+06  -1.448750E-02  1.113531E-02  0.000000E+00  5.163497E-15       89
   3.60E-07     -7.488855E-03 -2.542604E-03 -2.388581E-04  4.404211E-05 2.03E-13
   1.97E-06 0.00E+00 4.41E-07  1.099170E-09  2.314914E-05  5.858521E-05     1.00
 3.9000000E+06  -1.450000E-02  1.114855E-02  0.000000E+00  5.162163E-15       89
   3.60E-07     -7.491588E-03 -2.542604E-03 -2.397945E-04  4.407880E-05 1.09E-12
   1.97E-06 0.00E+00 4.40E-07  1.100002E-09  2.317395E-05  5.864671E-05     1.00
 3.9050000E+06  -1.451250E-02  1.116179E-02  0.000000E+00  5.160824E-15       89
   3.60E-07     -7.494322E-03 -2.542604E-03 -2.407305E-04  4.411559E-05 3.00E-11
   1.97E-06 0.00E+00 4.40E-07  1.100835E-09  2.319871E-05  5.870826E-05     1.00
 3.9100000E+06  -1.452500E-02  1.117502E-02  0.000000E+00  5.159503E-15       89
   3.60E-07     -7.497055E-03 -2.542604E-03 -2.416662E-04  4.415247E-05 1.05E-12
   1.97E-06 0.00E+00 4.40E-07  1.101667E-09  2.322342E-05  5.876985E-05     1.00
 3.9150000E+06  -1.453750E-02  1.118825E-02  0.000000E+00  5.158088E-15       89
   3.60E-07     -7.499787E-03 -2.542604E-03 -2.426014E-04  4.418944E-05 6.29E-14
   1.97E-06 0.00E+00 4.40E-07  1.102498E-09  2.324808E-05  5.883148E-05     1.00
 3.9200000E+06  -1.455000E-02  1.120147E-02  0.000000E+00  5.156840E-15       89
   3.60E-07     -7.502519E-03 -2.542604E-03 -2.435361E-04  4.422650E-05 4.71E-14
   1.97E-06 0.00E+00 4.39E-07  1.103330E-09  2.327269E-05  5.889315E-05     1.00
 3.9250000E+06  -1.456250E-02  1.121469E-02  0.000000E+00  5.155514E-15       89
   3.59E-07     -7.505251E-03 -2.542604E-03 -2.444705E-04  4.426366E-05 2.02E-12
   1.97E-06 0.00E+00 4.39E-07  1.104162E-09  2.329725E-05  5.895487E-05     1.00
 3.9300000E+06  -1.457500E-02  1.122791E-02  0.000000E+00  5.154200E-15       89
   3.59E-07     -7.507983E-03 -2.542604E-03 -2.454044E-04  4.430091E-05 2.73E-12
   1.97E-06 0.00E+00 4.39E-07  1.104993E-09  2.332176E-05  5.901664E-05     1.00
 3.9350000E+06  -1.458750E-02  1.124113E-02  0.000000E+00  5.152880E-15       89
   3.59E-07     -7.510714E-03 -2.542604E-03 -2.463379E-04  4.433825E-05 1.95E-13
   1.97E-06 0.00E+00 4.39E-07  1.105824E-09  2.334622E-05  5.907844E-05     1.00
 3.9400000E+06  -1.460000E-02  1.125434E-02  0.000000E+00  5.151561E-15       89
   3.59E-07     -7.513445E-03 -2.542604E-03 -2.472710E-04  4.437568E-05 8.05E-13
   1.97E-06 0.00E+00 4.38E-07  1.106655E-09  2.337064E-05  5.914029E-05     1.00
 3.9450000E+06  -1.461250E-02  1.126756E-02  0.000000E+00  5.150251E-15       89
   3.59E-07     -7.516175E-03 -2.542604E-03 -2.482037E-04  4.441321E-05 7.44E-12
   1.96E-06 0.00E+00 4.38E-07  1.107485E-09  2.339500E-05  5.920218E-05     1.00
 3.9500000E+06  -1.462500E-02  1.128076E-02  0.000000E+00  5.148935E-15       89
   3.58E-07     -7.518905E-03 -2.542604E-03 -2.491360E-04  4.445083E-05 6.24E-13
   1.96E-06 0.00E+00 4.38E-07  1.108316E-09  2.341932E-05  5.926412E-05     1.00
 3.9550000E+06  -1.463750E-02  1.129397E-02  0.000000E+00  5.147626E-15       89
   3.58E-07     -7.521635E-03 -2.542604E-03 -2.500678E-04  4.448854E-05 5.49E-13
   1.96E-06 0.00E+00 4.38E-07  1.109146E-09  2.344358E-05  5.932610E-05     1.00
 3.9600000E+06  -1.465000E-02  1.130717E-02  0.000000E+00  5.146320E-15       89
   3.58E-07     -7.524365E-03 -2.542604E-03 -2.509992E-04  4.452635E-05 1.03E-12
   1.96E-06 0.00E+00 4.38E-07  1.109976E-09  2.346780E-05  5.938812E-05     1.00
 3.9650000E+06  -1.466250E-02  1.132037E-02  0.000000E+00  5.145013E-15       89
   3.58E-07     -7.527094E-03 -2.542604E-03 -2.519302E-04  4.456424E-05 1.32E-12
   1.96E-06 0.00E+00 4.37E-07  1.110805E-09  2.349197E-05  5.945019E-05     1.00
 3.9700000E+06  -1.467500E-02  1.133357E-02  0.000000E+00  5.143685E-15       89
   3.58E-07     -7.529822E-03 -2.542604E-03 -2.528608E-04  4.460223E-05 2.09E-11
   1.96E-06 0.00E+00 4.37E-07  1.111635E-09  2.351609E-05  5.951230E-05     1.00
 3.9750000E+06  -1.468750E-02  1.134676E-02  0.000000E+00  5.142422E-15       89
   3.57E-07     -7.532551E-03 -2.542604E-03 -2.537909E-04  4.464032E-05 1.26E-12
   1.96E-06 0.00E+00 4.37E-07  1.112464E-09  2.354016E-05  5.957445E-05     1.00
 3.9800000E+06  -1.470000E-02  1.135995E-02  0.000000E+00  5.141124E-15       89
   3.57E-07     -7.535279E-03 -2.542604E-03 -2.547207E-04  4.467849E-05 3.95E-13
   1.96E-06 0.00E+00 4.37E-07  1.113293E-09  2.356418E-05  5.963665E-05     1.00
 3.9850000E+06  -1.471250E-02  1.137314E-02  0.000000E+00  5.139825E-15       89
   3.57E-07     -7.538006E-03 -2.542604E-03 -2.556500E-04  4.471676E-05 2.07E-11
   1.96E-06 0.00E+00 4.36E-07  1.114122E-09  2.358815E-05  5.969889E-05     1.00
 3.9900000E+06  -1.472500E-02  1.138633E-02  0.000000E+00  5.138531E-15       89
   3.57E-07     -7.540734E-03 -2.542604E-03 -2.565789E-04  4.475511E-05 8.28E-12
   1.95E-06 0.00E+00 4.36E-07  1.114951E-09  2.361208E-05  5.976117E-05     1.00
 3.9950000E+06  -1.473750E-02  1.139951E-02  0.000000E+00  5.137245E-15       89
   3.57E-07     -7.543460E-03 -2.542604E-03 -2.575074E-04  4.479356E-05 4.51E-13
   1.95E-06 0.00E+00 4.36E-07  1.115780E-09  2.363595E-05  5.982350E-05     1.00
 4.0000000E+06  -1.475000E-02  1.141269E-02  0.000000E+00  5.135960E-15       89
   3.57E-07     -7.546187E-03 -2.542604E-03 -2.584355E-04  4.483211E-05 3.82E-12
   1.95E-06 0.00E+00 4.36E-07  1.116608E-09  2.365978E-05  5.988586E-05     1.00
 4.0050000E+06  -1.476250E-02  1.142587E-02  0.000000E+00  5.134675E-15       89
   3.56E-07     -7.548913E-03 -2.542604E-03 -2.593632E-04  4.487074E-05 3.90E-12
   1.95E-06 0.00E+00 4.36E-07  1.117436E-09  2.368355E-05  5.994828E-05     1.00
 4.0100000E+06  -1.477500E-02  1.143854E-02  0.000000E+00  2.238039E-15       89
   2.95E-07     -7.551957E-03 -2.542604E-03 -2.600927E-04  4.491208E-05 5.01E-12
   1.51E-06 0.00E+00 3.60E-07  1.117959E-09  2.370592E-05  6.001198E-05     1.00
 4.0150000E+06  -1.478750E-02  1.145094E-02  0.000000E+00  2.237894E-15       89
   2.60E-07     -7.555175E-03 -2.542604E-03 -2.607224E-04  4.495492E-05 1.95E-11
   1.27E-06 0.00E+00 3.21E-07  1.118324E-09  2.372752E-05  6.007642E-05     1.00
 4.0200000E+06  -1.480000E-02  1.146334E-02  0.000000E+00  2.237728E-15       89
   2.59E-07     -7.558392E-03 -2.542604E-03 -2.613520E-04  4.499784E-05 7.89E-13
   1.27E-06 0.00E+00 3.20E-07  1.118688E-09  2.374909E-05  6.014091E-05     1.00
 4.0250000E+06  -1.481250E-02  1.147573E-02  0.000000E+00  2.237569E-15       89
   2.59E-07     -7.561610E-03 -2.542604E-03 -2.619814E-04  4.504083E-05 3.93E-13
   1.27E-06 0.00E+00 3.20E-07  1.119053E-09  2.377064E-05  6.020545E-05     1.00
 4.0300000E+06  -1.482500E-02  1.148812E-02  0.000000E+00  2.237407E-15       89
   2.60E-07     -7.564827E-03 -2.542604E-03 -2.626107E-04  4.508389E-05 5.06E-13
   1.27E-06 0.00E+00 3.20E-07  1.119417E-09  2.379216E-05  6.027004E-05     1.00
 4.0350000E+06  -1.483750E-02  1.150051E-02  0.000000E+00  2.237247E-15       89
   2.59E-07     -7.568044E-03 -2.542604E-03 -2.632398E-04  4.512703E-05 9.62E-14
   1.27E-06 0.00E+00 3.20E-07  1.119781E-09  2.381366E-05  6.033467E-05     1.00
 4.0400000E+06  -1.485000E-02  1.151290E-02  0.000000E+00  2.237099E-15       89
   2.59E-07     -7.571260E-03 -2.542604E-03 -2.638687E-04  4.517023E-05 1.02E-11
   1.27E-06 0.00E+00 3.20E-07  1.120146E-09  2.383513E-05  6.039934E-05     1.00
 4.0450000E+06  -1.486250E-02  1.152529E-02  0.000000E+00  2.236937E-15       89
   2.59E-07     -7.574476E-03 -2.542604E-03 -2.644974E-04  4.521351E-05 1.39E-11
   1.27E-06 0.00E+00 3.20E-07  1.120510E-09  2.385658E-05  6.046407E-05     1.00
 4.0500000E+06  -1.487500E-02  1.153767E-02  0.000000E+00  2.236768E-15       89
   2.59E-07     -7.577692E-03 -2.542604E-03 -2.651259E-04  4.525686E-05 3.70E-12
   1.27E-06 0.00E+00 3.19E-07  1.120874E-09  2.387800E-05  6.052884E-05     1.00
 4.0550000E+06  -1.488750E-02  1.155006E-02  0.000000E+00  2.236613E-15       89
   2.59E-07     -7.580908E-03 -2.542604E-03 -2.657543E-04  4.530028E-05 1.83E-13
   1.27E-06 0.00E+00 3.19E-07  1.121239E-09  2.389939E-05  6.059365E-05     1.00
 4.0600000E+06  -1.490000E-02  1.156244E-02  0.000000E+00  2.236457E-15       89
   2.58E-07     -7.584123E-03 -2.542604E-03 -2.663825E-04  4.534377E-05 4.79E-12
   1.27E-06 0.00E+00 3.19E-07  1.121603E-09  2.392076E-05  6.065851E-05     1.00
 4.0650000E+06  -1.491250E-02  1.157482E-02  0.000000E+00  2.236297E-15       89
   2.58E-07     -7.587338E-03 -2.542604E-03 -2.670105E-04  4.538733E-05 1.23E-12
   1.27E-06 0.00E+00 3.19E-07  1.121967E-09  2.394210E-05  6.072342E-05     1.00
 4.0700000E+06  -1.492500E-02  1.158720E-02  0.000000E+00  2.236066E-15       89
   2.58E-07     -7.590552E-03 -2.542604E-03 -2.676384E-04  4.543097E-05 3.83E-12
   1.27E-06 0.00E+00 3.19E-07  1.122331E-09  2.396342E-05  6.078837E-05     1.00
 4.0750000E+06  -1.493750E-02  1.159958E-02  0.000000E+00  2.235979E-15       89
   2.58E-07     -7.593766E-03 -2.542604E-03 -2.682661E-04  4.547467E-05 5.78E-12
   1.27E-06 0.00E+00 3.19E-07  1.122696E-09  2.398471E-05  6.085337E-05     1.00
 4.0800000E+06  -1.495000E-02  1.161196E-02  0.000000E+00  2.235821E-15       89
   2.58E-07     -7.596980E-03 -2.542604E-03 -2.688936E-04  4.551845E-05 6.66E-13
   1.27E-06 0.00E+00 3.19E-07  1.123060E-09  2.400598E-05  6.091842E-05     1.00
 4.0850000E+06  -1.496250E-02  1.162433E-02  0.000000E+00  2.235663E-15       89
   2.58E-07     -7.600194E-03 -2.542604E-03 -2.695209E-04  4.556230E-05 2.52E-14
   1.26E-06 0.00E+00 3.18E-07  1.123424E-09  2.402722E-05  6.098351E-05     1.00
 4.0900000E+06  -1.497500E-02  1.163671E-02  0.000000E+00  2.235509E-15       89
   2.58E-07     -7.603407E-03 -2.542604E-03 -2.701481E-04  4.560622E-05 4.26E-12
   1.26E-06 0.00E+00 3.18E-07  1.123788E-09  2.404844E-05  6.104865E-05     1.00
 4.0950000E+06  -1.498750E-02  1.164908E-02  0.000000E+00  2.235346E-15       89
   2.57E-07     -7.606620E-03 -2.542604E-03 -2.707750E-04  4.565021E-05 1.09E-13
   1.26E-06 0.00E+00 3.18E-07  1.124152E-09  2.406963E-05  6.111383E-05     1.00
 4.1000000E+06  -1.500000E-02  1.166145E-02  0.000000E+00  2.235182E-15       89
   2.57E-07     -7.609832E-03 -2.542604E-03 -2.714019E-04  4.569428E-05 4.42E-11
   1.26E-06 0.00E+00 3.18E-07  1.124516E-09  2.409080E-05  6.117906E-05     1.00
 4.1050000E+06  -1.501250E-02  1.167382E-02  0.000000E+00  2.235037E-15       89
   2.57E-07     -7.613044E-03 -2.542604E-03 -2.720285E-04  4.573841E-05 5.78E-12
   1.26E-06 0.00E+00 3.18E-07  1.124880E-09  2.411194E-05  6.124434E-05     1.00
 4.1100000E+06  -1.502500E-02  1.168618E-02  0.000000E+00  2.234874E-15       89
   2.57E-07     -7.616256E-03 -2.542604E-03 -2.726550E-04  4.578262E-05 9.43E-13
   1.26E-06 0.00E+00 3.18E-07  1.125244E-09  2.413305E-05  6.130966E-05     1.00
 4.1150000E+06  -1.503750E-02  1.169855E-02  0.000000E+00  2.234719E-15       89
   2.57E-07     -7.619468E-03 -2.542604E-03 -2.732812E-04  4.582690E-05 1.12E-12
   1.26E-06 0.00E+00 3.17E-07  1.125608E-09  2.415414E-05  6.137503E-05     1.00
 4.1200000E+06  -1.505000E-02  1.171091E-02  0.000000E+00  2.234557E-15       89
   2.57E-07     -7.622679E-03 -2.542604E-03 -2.739074E-04  4.587125E-05 4.13E-13
   1.26E-06 0.00E+00 3.17E-07  1.125972E-09  2.417520E-05  6.144044E-05     1.00
 4.1250000E+06  -1.506250E-02  1.172328E-02  0.000000E+00  2.234399E-15       89
   2.57E-07     -7.625890E-03 -2.542604E-03 -2.745333E-04  4.591567E-05 9.34E-13
   1.26E-06 0.00E+00 3.17E-07  1.126336E-09  2.419624E-05  6.150590E-05     1.00
 4.1300000E+06  -1.507500E-02  1.173564E-02  0.000000E+00  2.234244E-15       89
   2.57E-07     -7.629100E-03 -2.542604E-03 -2.751591E-04  4.596016E-05 4.08E-13
   1.26E-06 0.00E+00 3.17E-07  1.126700E-09  2.421726E-05  6.157141E-05     1.00
 4.1350000E+06  -1.508750E-02  1.174800E-02  0.000000E+00  2.234121E-15       89
   2.56E-07     -7.632310E-03 -2.542604E-03 -2.757847E-04  4.600473E-05 1.13E-14
   1.26E-06 0.00E+00 3.17E-07  1.127064E-09  2.423824E-05  6.163696E-05     1.00
 4.1400000E+06  -1.510000E-02  1.176035E-02  0.000000E+00  2.233933E-15       89
   2.56E-07     -7.635520E-03 -2.542604E-03 -2.764101E-04  4.604936E-05 2.69E-13
   1.26E-06 0.00E+00 3.17E-07  1.127427E-09  2.425921E-05  6.170256E-05     1.00
 4.1450000E+06  -1.511250E-02  1.177271E-02  0.000000E+00  2.233775E-15       89
   2.56E-07     -7.638730E-03 -2.542604E-03 -2.770354E-04  4.609407E-05 1.66E-12
   1.26E-06 0.00E+00 3.16E-07  1.127791E-09  2.428014E-05  6.176821E-05     1.00
 4.1500000E+06  -1.512500E-02  1.178507E-02  0.000000E+00  2.233619E-15       89
   2.56E-07     -7.641939E-03 -2.542604E-03 -2.776604E-04  4.613885E-05 2.32E-11
   1.26E-06 0.00E+00 3.16E-07  1.128155E-09  2.430105E-05  6.183390E-05     1.00
 4.1550000E+06  -1.513750E-02  1.179742E-02  0.000000E+00  2.233457E-15       89
   2.56E-07     -7.645148E-03 -2.542604E-03 -2.782853E-04  4.618370E-05 1.21E-12
   1.26E-06 0.00E+00 3.16E-07  1.128519E-09  2.432194E-05  6.189963E-05     1.00
 4.1600000E+06  -1.515000E-02  1.180977E-02  0.000000E+00  2.233304E-15       89
   2.56E-07     -7.648356E-03 -2.542604E-03 -2.789101E-04  4.622862E-05 2.76E-13
   1.25E-06 0.00E+00 3.16E-07  1.128883E-09  2.434280E-05  6.196542E-05     1.00
 4.1650000E+06  -1.516250E-02  1.182212E-02  0.000000E+00  2.233149E-15       89
   2.56E-07     -7.651565E-03 -2.542604E-03 -2.795346E-04  4.627362E-05 5.39E-13
   1.25E-06 0.00E+00 3.16E-07  1.129246E-09  2.436364E-05  6.203124E-05     1.00
 4.1700000E+06  -1.517500E-02  1.183447E-02  0.000000E+00  2.232992E-15       89
   2.56E-07     -7.654772E-03 -2.542604E-03 -2.801590E-04  4.631868E-05 2.37E-13
   1.25E-06 0.00E+00 3.16E-07  1.129610E-09  2.438445E-05  6.209712E-05     1.00
 4.1750000E+06  -1.518750E-02  1.184682E-02  0.000000E+00  2.232838E-15       89
   2.55E-07     -7.657980E-03 -2.542604E-03 -2.807832E-04  4.636382E-05 1.05E-12
   1.25E-06 0.00E+00 3.15E-07  1.129974E-09  2.440523E-05  6.216304E-05     1.00
 4.1800000E+06  -1.520000E-02  1.185916E-02  0.000000E+00  2.232687E-15       89
   2.55E-07     -7.661187E-03 -2.542604E-03 -2.814073E-04  4.640902E-05 1.03E-11
   1.25E-06 0.00E+00 3.15E-07  1.130337E-09  2.442599E-05  6.222901E-05     1.00
 4.1850000E+06  -1.521250E-02  1.187151E-02  0.000000E+00  2.232523E-15       89
   2.55E-07     -7.664394E-03 -2.542604E-03 -2.820311E-04  4.645430E-05 4.77E-13
   1.25E-06 0.00E+00 3.15E-07  1.130701E-09  2.444672E-05  6.229502E-05     1.00
 4.1900000E+06  -1.522500E-02  1.188385E-02  0.000000E+00  2.232335E-15       89
   2.55E-07     -7.667601E-03 -2.542604E-03 -2.826548E-04  4.649965E-05 1.43E-11
   1.25E-06 0.00E+00 3.15E-07  1.131065E-09  2.446743E-05  6.236108E-05     1.00
 4.1950000E+06  -1.523750E-02  1.189619E-02  0.000000E+00  2.232207E-15       89
   2.55E-07     -7.670807E-03 -2.542604E-03 -2.832783E-04  4.654507E-05 8.10E-13
   1.25E-06 0.00E+00 3.15E-07  1.131428E-09  2.448812E-05  6.242718E-05     1.00
 4.2000000E+06  -1.525000E-02  1.190853E-02  0.000000E+00  2.232053E-15       89
   2.55E-07     -7.674013E-03 -2.542604E-03 -2.839017E-04  4.659056E-05 1.64E-12
   1.25E-06 0.00E+00 3.15E-07  1.131792E-09  2.450878E-05  6.249333E-05     1.00
 4.2050000E+06  -1.526250E-02  1.192087E-02  0.000000E+00  2.231893E-15       89
   2.55E-07     -7.677218E-03 -2.542604E-03 -2.845249E-04  4.663613E-05 1.17E-12
   1.25E-06 0.00E+00 3.15E-07  1.132155E-09  2.452941E-05  6.255953E-05     1.00
 4.2100000E+06  -1.527500E-02  1.193320E-02  0.000000E+00  2.231738E-15       89
   2.54E-07     -7.680424E-03 -2.542604E-03 -2.851479E-04  4.668176E-05 2.75E-13
   1.25E-06 0.00E+00 3.14E-07  1.132519E-09  2.455002E-05  6.262577E-05     1.00
 4.2150000E+06  -1.528750E-02  1.194554E-02  0.000000E+00  2.231582E-15       89
   2.54E-07     -7.683629E-03 -2.542604E-03 -2.857707E-04  4.672747E-05 4.00E-12
   1.25E-06 0.00E+00 3.14E-07  1.132882E-09  2.457060E-05  6.269206E-05     1.00
 4.2200000E+06  -1.530000E-02  1.195787E-02  0.000000E+00  2.231429E-15       89
   2.54E-07     -7.686833E-03 -2.542604E-03 -2.863933E-04  4.677324E-05 1.22E-13
   1.25E-06 0.00E+00 3.14E-07  1.133245E-09  2.459116E-05  6.275840E-05     1.00
 4.2250000E+06  -1.531250E-02  1.197020E-02  0.000000E+00  2.231273E-15       89
   2.54E-07     -7.690038E-03 -2.542604E-03 -2.870158E-04  4.681909E-05 2.78E-13
   1.25E-06 0.00E+00 3.14E-07  1.133609E-09  2.461169E-05  6.282478E-05     1.00
 4.2300000E+06  -1.532500E-02  1.198253E-02  0.000000E+00  2.231116E-15       89
   2.54E-07     -7.693241E-03 -2.542604E-03 -2.876381E-04  4.686501E-05 2.08E-13
   1.25E-06 0.00E+00 3.14E-07  1.133972E-09  2.463220E-05  6.289120E-05     1.00
 4.2350000E+06  -1.533750E-02  1.199486E-02  0.000000E+00  2.230968E-15       89
   2.54E-07     -7.696445E-03 -2.542604E-03 -2.882603E-04  4.691100E-05 4.63E-12
   1.24E-06 0.00E+00 3.14E-07  1.134336E-09  2.465268E-05  6.295768E-05     1.00
 4.2400000E+06  -1.535000E-02  1.200719E-02  0.000000E+00  2.230805E-15       89
   2.54E-07     -7.699648E-03 -2.542604E-03 -2.888822E-04  4.695706E-05 1.09E-12
   1.24E-06 0.00E+00 3.13E-07  1.134699E-09  2.467313E-05  6.302420E-05     1.00
 4.2450000E+06  -1.536250E-02  1.201940E-02  0.000000E+00  2.203834E-15       89
   2.54E-07     -7.702835E-03 -2.542604E-03 -2.895732E-04  4.700201E-05 1.32E-11
   1.25E-06 0.00E+00 3.13E-07  1.135064E-09  2.469504E-05  6.309104E-05     1.00
 4.2500000E+06  -1.537500E-02  1.203118E-02  0.000000E+00  2.203272E-15       89
   2.53E-07     -7.705991E-03 -2.542604E-03 -2.905142E-04  4.704306E-05 2.01E-12
   1.23E-06 0.00E+00 3.09E-07  1.135422E-09  2.472196E-05  6.315902E-05     1.00
 4.2550000E+06  -1.538750E-02  1.204292E-02  0.000000E+00  2.385952E-15       89
   2.55E-07     -7.709120E-03 -2.542604E-03 -2.914691E-04  4.708377E-05 6.59E-11
   1.25E-06 0.00E+00 3.11E-07  1.135787E-09  2.474937E-05  6.322714E-05     1.00
 4.2600000E+06  -1.540000E-02  1.205442E-02  0.000000E+00  2.385736E-15       89
   2.64E-07     -7.712147E-03 -2.542604E-03 -2.924946E-04  4.712283E-05 3.31E-12
   1.28E-06 0.00E+00 3.20E-07  1.136176E-09  2.477906E-05  6.329589E-05     1.00
 4.2650000E+06  -1.541250E-02  1.206592E-02  0.000000E+00  2.385994E-15       89
   2.64E-07     -7.715172E-03 -2.542604E-03 -2.935199E-04  4.716195E-05 7.25E-12
   1.28E-06 0.00E+00 3.20E-07  1.136565E-09  2.480873E-05  6.336468E-05     1.00
 4.2700000E+06  -1.542500E-02  1.207742E-02  0.000000E+00  2.386255E-15       89
   2.64E-07     -7.718197E-03 -2.542604E-03 -2.945452E-04  4.720113E-05 1.75E-12
   1.28E-06 0.00E+00 3.19E-07  1.136954E-09  2.483838E-05  6.343351E-05     1.00
 4.2750000E+06  -1.543750E-02  1.209057E-02  0.000000E+00  6.119492E-15       89
   3.01E-07     -7.720330E-03 -2.542604E-03 -2.956159E-04  4.722487E-05 1.53E-12
   2.00E-06 0.00E+00 3.71E-07  1.137841E-09  2.487938E-05  6.349826E-05     1.00
 4.2800000E+06  -1.545000E-02  1.210396E-02  0.000000E+00  6.118307E-15       89
   3.07E-07     -7.722325E-03 -2.542604E-03 -2.966983E-04  4.724623E-05 5.46E-13
   2.11E-06 0.00E+00 3.80E-07  1.138813E-09  2.492217E-05  6.356241E-05     1.00
 4.2850000E+06  -1.546250E-02  1.211735E-02  0.000000E+00  6.117131E-15       89
   3.07E-07     -7.724320E-03 -2.542604E-03 -2.977805E-04  4.726769E-05 4.35E-11
   2.11E-06 0.00E+00 3.80E-07  1.139784E-09  2.496490E-05  6.362659E-05     1.00
 4.2900000E+06  -1.547500E-02  1.213074E-02  0.000000E+00  6.115935E-15       89
   3.07E-07     -7.726314E-03 -2.542604E-03 -2.988625E-04  4.728924E-05 1.80E-12
   2.11E-06 0.00E+00 3.80E-07  1.140755E-09  2.500757E-05  6.369081E-05     1.00
 4.2950000E+06  -1.548750E-02  1.214413E-02  0.000000E+00  6.114766E-15       89
   3.07E-07     -7.728307E-03 -2.542604E-03 -2.999443E-04  4.731089E-05 2.60E-12
   2.11E-06 0.00E+00 3.80E-07  1.141726E-09  2.505018E-05  6.375507E-05     1.00
 4.3000000E+06  -1.550000E-02  1.215752E-02  0.000000E+00  6.113602E-15       89
   3.07E-07     -7.730300E-03 -2.542604E-03 -3.010259E-04  4.733262E-05 1.60E-12
   2.11E-06 0.00E+00 3.80E-07  1.142696E-09  2.509272E-05  6.381935E-05     1.00
 4.3050000E+06  -1.551250E-02  1.217090E-02  0.000000E+00  6.112393E-15       89
   3.06E-07     -7.732292E-03 -2.542604E-03 -3.021073E-04  4.735446E-05 7.34E-12
   2.10E-06 0.00E+00 3.80E-07  1.143667E-09  2.513521E-05  6.388367E-05     1.00
 4.3100000E+06  -1.552500E-02  1.218428E-02  0.000000E+00  6.111239E-15       89
   3.06E-07     -7.734283E-03 -2.542604E-03 -3.031885E-04  4.737638E-05 1.08E-11
   2.10E-06 0.00E+00 3.80E-07  1.144637E-09  2.517764E-05  6.394803E-05     1.00
 4.3150000E+06  -1.553750E-02  1.219765E-02  0.000000E+00  6.110054E-15       89
   3.06E-07     -7.736274E-03 -2.542604E-03 -3.042695E-04  4.739840E-05 7.02E-13
   2.10E-06 0.00E+00 3.79E-07  1.145607E-09  2.522000E-05  6.401241E-05     1.00
 4.3200000E+06  -1.555000E-02  1.221103E-02  0.000000E+00  6.108878E-15       89
   3.06E-07     -7.738264E-03 -2.542604E-03 -3.053502E-04  4.742051E-05 3.49E-12
   2.10E-06 0.00E+00 3.79E-07  1.146577E-09  2.526231E-05  6.407683E-05     1.00
 4.3250000E+06  -1.556250E-02  1.222440E-02  0.000000E+00  6.107699E-15       89
   3.06E-07     -7.740254E-03 -2.542604E-03 -3.064308E-04  4.744272E-05 2.29E-13
   2.10E-06 0.00E+00 3.79E-07  1.147546E-09  2.530455E-05  6.414128E-05     1.00
 4.3300000E+06  -1.557500E-02  1.223777E-02  0.000000E+00  6.106515E-15       89
   3.06E-07     -7.742243E-03 -2.542604E-03 -3.075111E-04  4.746502E-05 5.97E-14
   2.10E-06 0.00E+00 3.79E-07  1.148516E-09  2.534674E-05  6.420577E-05     1.00
 4.3350000E+06  -1.558750E-02  1.225113E-02  0.000000E+00  6.105346E-15       89
   3.06E-07     -7.744231E-03 -2.542604E-03 -3.085912E-04  4.748741E-05 3.08E-12
   2.10E-06 0.00E+00 3.79E-07  1.149485E-09  2.538887E-05  6.427029E-05     1.00
 4.3400000E+06  -1.560000E-02  1.226450E-02  0.000000E+00  6.104151E-15       89
   3.06E-07     -7.746219E-03 -2.542604E-03 -3.096711E-04  4.750990E-05 4.02E-12
   2.10E-06 0.00E+00 3.79E-07  1.150454E-09  2.543093E-05  6.433484E-05     1.00
 4.3450000E+06  -1.561250E-02  1.227786E-02  0.000000E+00  6.102986E-15       89
   3.06E-07     -7.748207E-03 -2.542604E-03 -3.107509E-04  4.753248E-05 9.10E-14
   2.10E-06 0.00E+00 3.79E-07  1.151423E-09  2.547294E-05  6.439943E-05     1.00
 4.3500000E+06  -1.562500E-02  1.229122E-02  0.000000E+00  6.101808E-15       89
   3.06E-07     -7.750193E-03 -2.542604E-03 -3.118304E-04  4.755515E-05 5.85E-12
   2.10E-06 0.00E+00 3.79E-07  1.152392E-09  2.551488E-05  6.446405E-05     1.00
 4.3550000E+06  -1.563750E-02  1.230457E-02  0.000000E+00  6.100628E-15       89
   3.06E-07     -7.752179E-03 -2.542604E-03 -3.129097E-04  4.757792E-05 6.74E-15
   2.10E-06 0.00E+00 3.79E-07  1.153361E-09  2.555677E-05  6.452870E-05     1.00
 4.3600000E+06  -1.565000E-02  1.231793E-02  0.000000E+00  6.099459E-15       89
   3.06E-07     -7.754165E-03 -2.542604E-03 -3.139888E-04  4.760078E-05 1.29E-12
   2.10E-06 0.00E+00 3.79E-07  1.154329E-09  2.559859E-05  6.459339E-05     1.00
 4.3650000E+06  -1.566250E-02  1.233128E-02  0.000000E+00  6.098283E-15       89
   3.05E-07     -7.756149E-03 -2.542604E-03 -3.150676E-04  4.762373E-05 8.28E-13
   2.10E-06 0.00E+00 3.78E-07  1.155297E-09  2.564036E-05  6.465811E-05     1.00
 4.3700000E+06  -1.567500E-02  1.234463E-02  0.000000E+00  6.097270E-15       90
   3.07E-07     -7.758134E-03 -2.542604E-03 -3.161463E-04  4.764678E-05 1.28E-12
   2.10E-06 0.00E+00 3.80E-07  1.156265E-09  2.568207E-05  6.472286E-05     1.00
 4.3750000E+06  -1.568750E-02  1.235797E-02  0.000000E+00  6.096067E-15       90
   3.07E-07     -7.760117E-03 -2.542604E-03 -3.172248E-04  4.766992E-05 8.18E-13
   2.11E-06 0.00E+00 3.80E-07  1.157233E-09  2.572371E-05  6.478765E-05     1.00
 4.3800000E+06  -1.570000E-02  1.237132E-02  0.000000E+00  6.094914E-15       90
   3.07E-07     -7.762100E-03 -2.542604E-03 -3.183030E-04  4.769315E-05 7.53E-13
   2.11E-06 0.00E+00 3.80E-07  1.158201E-09  2.576530E-05  6.485247E-05     1.00
 4.3850000E+06  -1.571250E-02  1.238466E-02  0.000000E+00  6.093743E-15       90
   3.07E-07     -7.764083E-03 -2.542604E-03 -3.193811E-04  4.771647E-05 1.05E-12
   2.11E-06 0.00E+00 3.80E-07  1.159168E-09  2.580682E-05  6.491732E-05     1.00
 4.3900000E+06  -1.572500E-02  1.239798E-02  0.000000E+00  7.500619E-15       90
   3.08E-07     -7.766061E-03 -2.542604E-03 -3.204522E-04  4.773982E-05 9.19E-10
   2.11E-06 0.00E+00 3.81E-07  1.160141E-09  2.584841E-05  6.498225E-05     1.00
 4.3950000E+06  -1.573750E-02  1.241100E-02  0.000000E+00  7.651844E-15       90
   3.38E-07     -7.767821E-03 -2.542604E-03 -3.213741E-04  4.775974E-05 3.90E-13
   2.36E-06 0.00E+00 4.16E-07  1.161356E-09  2.589418E-05  6.504795E-05     1.00
 4.4000000E+06  -1.575000E-02  1.242403E-02  0.000000E+00  7.649564E-15       90
   3.38E-07     -7.769581E-03 -2.542604E-03 -3.222962E-04  4.777976E-05 4.66E-13
   2.36E-06 0.00E+00 4.16E-07  1.162569E-09  2.593988E-05  6.511367E-05     1.00
 4.4050000E+06  -1.576250E-02  1.243706E-02  0.000000E+00  7.587289E-15       90
   3.38E-07     -7.771327E-03 -2.542604E-03 -3.232244E-04  4.779984E-05 9.05E-14
   2.36E-06 0.00E+00 4.16E-07  1.163781E-09  2.598551E-05  6.517938E-05     1.00
 4.4100000E+06  -1.577500E-02  1.245020E-02  0.000000E+00  7.585145E-15       90
   3.39E-07     -7.772995E-03 -2.542604E-03 -3.241883E-04  4.781990E-05 1.40E-12
   2.35E-06 0.00E+00 4.18E-07  1.164985E-09  2.603094E-05  6.524486E-05     1.00
 4.4150000E+06  -1.578750E-02  1.246333E-02  0.000000E+00  7.582820E-15       90
   3.39E-07     -7.774663E-03 -2.542604E-03 -3.251521E-04  4.784004E-05 1.01E-12
   2.35E-06 0.00E+00 4.18E-07  1.166188E-09  2.607631E-05  6.531038E-05     1.00
 4.4200000E+06  -1.580000E-02  1.247646E-02  0.000000E+00  7.580467E-15       90
   3.39E-07     -7.776331E-03 -2.542604E-03 -3.261155E-04  4.786029E-05 4.78E-13
   2.35E-06 0.00E+00 4.18E-07  1.167391E-09  2.612161E-05  6.537593E-05     1.00
 4.4250000E+06  -1.581250E-02  1.248959E-02  0.000000E+00  7.578140E-15       90
   3.39E-07     -7.777998E-03 -2.542604E-03 -3.270788E-04  4.788063E-05 4.37E-12
   2.34E-06 0.00E+00 4.18E-07  1.168594E-09  2.616685E-05  6.544151E-05     1.00
 4.4300000E+06  -1.582500E-02  1.250271E-02  0.000000E+00  7.575775E-15       90
   3.38E-07     -7.779664E-03 -2.542604E-03 -3.280418E-04  4.790106E-05 4.80E-11
   2.34E-06 0.00E+00 4.17E-07  1.169796E-09  2.621203E-05  6.550712E-05     1.00
 4.4350000E+06  -1.583750E-02  1.251583E-02  0.000000E+00  7.573516E-15       90
   3.38E-07     -7.781330E-03 -2.542604E-03 -3.290046E-04  4.792159E-05 6.61E-13
   2.34E-06 0.00E+00 4.17E-07  1.170998E-09  2.625715E-05  6.557277E-05     1.00
 4.4400000E+06  -1.585000E-02  1.252895E-02  0.000000E+00  7.571166E-15       90
   3.38E-07     -7.782996E-03 -2.542604E-03 -3.299671E-04  4.794221E-05 2.62E-12
   2.34E-06 0.00E+00 4.17E-07  1.172199E-09  2.630220E-05  6.563844E-05     1.00
 4.4450000E+06  -1.586250E-02  1.254250E-02  0.000000E+00  8.581158E-15       88
   3.67E-07     -7.784653E-03 -2.542604E-03 -3.309228E-04  4.796427E-05 6.45E-13
   2.32E-06 0.00E+00 4.52E-07  1.173419E-09  2.634474E-05  6.570305E-05     1.00
 4.4500000E+06  -1.587500E-02  1.255727E-02  0.000000E+00  8.579317E-15       88
   4.12E-07     -7.785835E-03 -2.542604E-03 -3.318049E-04  4.798355E-05 4.67E-13
   2.44E-06 0.00E+00 5.12E-07  1.174794E-09  2.638704E-05  6.576462E-05     1.00
 4.4550000E+06  -1.588750E-02  1.257204E-02  0.000000E+00  8.577449E-15       88
   4.12E-07     -7.787015E-03 -2.542604E-03 -3.326866E-04  4.800293E-05 2.64E-12
   2.44E-06 0.00E+00 5.12E-07  1.176169E-09  2.642925E-05  6.582622E-05     1.00
 4.4600000E+06  -1.590000E-02  1.258680E-02  0.000000E+00  8.575580E-15       88
   4.12E-07     -7.788195E-03 -2.542604E-03 -3.335681E-04  4.802242E-05 2.80E-12
   2.44E-06 0.00E+00 5.12E-07  1.177544E-09  2.647139E-05  6.588786E-05     1.00
 4.4650000E+06  -1.591250E-02  1.260156E-02  0.000000E+00  8.573718E-15       88
   4.12E-07     -7.789374E-03 -2.542604E-03 -3.344492E-04  4.804202E-05 6.11E-13
   2.44E-06 0.00E+00 5.12E-07  1.178918E-09  2.651345E-05  6.594952E-05     1.00
 4.4700000E+06  -1.592500E-02  1.261631E-02  0.000000E+00  8.571842E-15       88
   4.12E-07     -7.790552E-03 -2.542604E-03 -3.353301E-04  4.806172E-05 4.33E-12
   2.44E-06 0.00E+00 5.12E-07  1.180292E-09  2.655544E-05  6.601120E-05     1.00
 4.4750000E+06  -1.593750E-02  1.263136E-02  0.000000E+00  6.523588E-15       89
   3.90E-07     -7.791702E-03 -2.542604E-03 -3.361252E-04  4.808094E-05 2.97E-10
   2.34E-06 0.00E+00 4.87E-07  1.181562E-09  2.659720E-05  6.607218E-05     1.00
 4.4800000E+06  -1.595000E-02  1.264782E-02  0.000000E+00  7.194599E-15       89
   3.15E-07     -7.792725E-03 -2.542604E-03 -3.364632E-04  4.809730E-05 3.50E-12
   2.22E-06 0.00E+00 3.89E-07  1.182651E-09  2.663828E-05  6.612963E-05     1.00
 4.4850000E+06  -1.596250E-02  1.266603E-02  0.000000E+00  1.039528E-14       89
   3.42E-07     -7.792829E-03 -2.542604E-03 -3.366887E-04  4.810475E-05 8.57E-11
   2.51E-06 0.00E+00 4.20E-07  1.184047E-09  2.668390E-05  6.618270E-05     1.00
 4.4900000E+06  -1.597500E-02  1.268556E-02  0.000000E+00  1.039050E-14       89
   3.70E-07     -7.792152E-03 -2.542604E-03 -3.368839E-04  4.810482E-05 1.09E-12
   2.73E-06 0.00E+00 4.56E-07  1.185690E-09  2.673361E-05  6.623248E-05     1.00
 4.4950000E+06  -1.598750E-02  1.270509E-02  0.000000E+00  1.038575E-14       89
   3.70E-07     -7.791477E-03 -2.542604E-03 -3.370787E-04  4.810502E-05 2.86E-11
   2.73E-06 0.00E+00 4.56E-07  1.187333E-09  2.678319E-05  6.628226E-05     1.00
 4.5000000E+06  -1.600000E-02  1.272592E-02  0.000000E+00  9.928825E-15       90
   3.75E-07     -7.790127E-03 -2.542604E-03 -3.371248E-04  4.810033E-05 1.78E-12
   2.68E-06 0.00E+00 4.57E-07  1.188912E-09  2.683437E-05  6.632875E-05     1.00
 4.5050000E+06  -1.601250E-02  1.274678E-02  0.000000E+00  9.924013E-15       90
   3.74E-07     -7.788762E-03 -2.542604E-03 -3.371668E-04  4.809566E-05 6.53E-12
   2.68E-06 0.00E+00 4.58E-07  1.190484E-09  2.688546E-05  6.637517E-05     1.00
 4.5100000E+06  -1.602500E-02  1.276764E-02  0.000000E+00  9.918977E-15       90
   3.74E-07     -7.787399E-03 -2.542604E-03 -3.372084E-04  4.809109E-05 3.43E-12
   2.68E-06 0.00E+00 4.58E-07  1.192055E-09  2.693645E-05  6.642159E-05     1.00
 4.5150000E+06  -1.603750E-02  1.278848E-02  0.000000E+00  9.913972E-15       90
   3.73E-07     -7.786037E-03 -2.542604E-03 -3.372497E-04  4.808664E-05 1.23E-12
   2.68E-06 0.00E+00 4.58E-07  1.193625E-09  2.698733E-05  6.646802E-05     1.00
 4.5200000E+06  -1.605000E-02  1.280932E-02  0.000000E+00  9.908977E-15       90
   3.73E-07     -7.784676E-03 -2.542604E-03 -3.372907E-04  4.808229E-05 1.10E-12
   2.68E-06 0.00E+00 4.58E-07  1.195195E-09  2.703811E-05  6.651445E-05     1.00
 4.5250000E+06  -1.606250E-02  1.283015E-02  0.000000E+00  9.903979E-15       90
   3.73E-07     -7.783317E-03 -2.542604E-03 -3.373314E-04  4.807805E-05 2.98E-13
   2.68E-06 0.00E+00 4.57E-07  1.196764E-09  2.708878E-05  6.656089E-05     1.00
 4.5300000E+06  -1.607500E-02  1.285097E-02  0.000000E+00  9.898791E-15       90
   3.73E-07     -7.781959E-03 -2.542604E-03 -3.373717E-04  4.807392E-05 5.89E-11
   2.68E-06 0.00E+00 4.57E-07  1.198332E-09  2.713935E-05  6.660733E-05     1.00
 4.5350000E+06  -1.608750E-02  1.287178E-02  0.000000E+00  9.894003E-15       90
   3.73E-07     -7.780602E-03 -2.542604E-03 -3.374117E-04  4.806990E-05 5.54E-13
   2.68E-06 0.00E+00 4.57E-07  1.199899E-09  2.718981E-05  6.665378E-05     1.00
 4.5400000E+06  -1.610000E-02  1.289259E-02  0.000000E+00  9.889013E-15       90
   3.73E-07     -7.779247E-03 -2.542604E-03 -3.374513E-04  4.806599E-05 3.39E-12
   2.68E-06 0.00E+00 4.57E-07  1.201465E-09  2.724018E-05  6.670023E-05     1.00
 4.5450000E+06  -1.611250E-02  1.291339E-02  0.000000E+00  9.884051E-15       90
   3.73E-07     -7.777892E-03 -2.542604E-03 -3.374906E-04  4.806218E-05 2.85E-12
   2.68E-06 0.00E+00 4.57E-07  1.203031E-09  2.729043E-05  6.674668E-05     1.00
 4.5500000E+06  -1.612500E-02  1.293418E-02  0.000000E+00  9.879088E-15       90
   3.73E-07     -7.776539E-03 -2.542604E-03 -3.375296E-04  4.805849E-05 3.77E-12
   2.68E-06 0.00E+00 4.57E-07  1.204596E-09  2.734059E-05  6.679314E-05     1.00
 4.5550000E+06  -1.613750E-02  1.295496E-02  0.000000E+00  9.874126E-15       90
   3.73E-07     -7.775188E-03 -2.542604E-03 -3.375682E-04  4.805490E-05 4.81E-12
   2.68E-06 0.00E+00 4.57E-07  1.206160E-09  2.739064E-05  6.683960E-05     1.00
 4.5600000E+06  -1.615000E-02  1.297574E-02  0.000000E+00  9.869159E-15       90
   3.73E-07     -7.773837E-03 -2.542604E-03 -3.376066E-04  4.805142E-05 1.34E-11
   2.68E-06 0.00E+00 4.57E-07  1.207723E-09  2.744058E-05  6.688607E-05     1.00
 4.5650000E+06  -1.616250E-02  1.299651E-02  0.000000E+00  9.872229E-15       90
   3.73E-07     -7.772488E-03 -2.542604E-03 -3.376445E-04  4.804805E-05 1.18E-09
   2.68E-06 0.00E+00 4.57E-07  1.209286E-09  2.749043E-05  6.693255E-05     1.00
 4.5700000E+06  -1.617500E-02  1.301727E-02  0.000000E+00  9.859282E-15       90
   3.73E-07     -7.771140E-03 -2.542604E-03 -3.376822E-04  4.804478E-05 3.18E-12
   2.67E-06 0.00E+00 4.57E-07  1.210848E-09  2.754016E-05  6.697902E-05     1.00
 4.5750000E+06  -1.618750E-02  1.303802E-02  0.000000E+00  9.854321E-15       90
   3.73E-07     -7.769793E-03 -2.542604E-03 -3.377195E-04  4.804163E-05 6.37E-12
   2.67E-06 0.00E+00 4.57E-07  1.212408E-09  2.758980E-05  6.702550E-05     1.00
 4.5800000E+06  -1.620000E-02  1.305877E-02  0.000000E+00  9.849423E-15       90
   3.73E-07     -7.768448E-03 -2.542604E-03 -3.377565E-04  4.803858E-05 2.03E-12
   2.67E-06 0.00E+00 4.57E-07  1.213969E-09  2.763933E-05  6.707199E-05     1.00
 4.5850000E+06  -1.621250E-02  1.307951E-02  0.000000E+00  9.844495E-15       90
   3.72E-07     -7.767104E-03 -2.542604E-03 -3.377931E-04  4.803564E-05 2.20E-12
   2.67E-06 0.00E+00 4.57E-07  1.215528E-09  2.768876E-05  6.711848E-05     1.00
 4.5900000E+06  -1.622500E-02  1.310024E-02  0.000000E+00  9.839563E-15       90
   3.72E-07     -7.765761E-03 -2.542604E-03 -3.378295E-04  4.803281E-05 7.69E-12
   2.67E-06 0.00E+00 4.57E-07  1.217087E-09  2.773808E-05  6.716498E-05     1.00
 4.5950000E+06  -1.623750E-02  1.312096E-02  0.000000E+00  9.834675E-15       90
   3.72E-07     -7.764419E-03 -2.542604E-03 -3.378654E-04  4.803009E-05 3.77E-12
   2.67E-06 0.00E+00 4.56E-07  1.218644E-09  2.778730E-05  6.721147E-05     1.00
 4.6000000E+06  -1.625000E-02  1.314168E-02  0.000000E+00  9.829772E-15       90
   3.72E-07     -7.763079E-03 -2.542604E-03 -3.379011E-04  4.802747E-05 1.28E-12
   2.67E-06 0.00E+00 4.56E-07  1.220202E-09  2.783642E-05  6.725798E-05     1.00
 4.6050000E+06  -1.626250E-02  1.316975E-02  0.000000E+00  2.928057E-14       89
   5.01E-07     -7.758321E-03 -2.542604E-03 -3.369891E-04  4.799585E-05 3.42E-12
   3.52E-06 0.00E+00 5.93E-07  1.223066E-09  2.789614E-05  6.728607E-05     1.00
 4.6100000E+06  -1.627500E-02  1.320715E-02  0.000000E+00  3.171460E-14       89
   6.57E-07     -7.749161E-03 -2.542604E-03 -3.348227E-04  4.792784E-05 2.17E-11
   4.59E-06 0.00E+00 7.64E-07  1.227727E-09  2.796878E-05  6.729072E-05     1.00
 4.6150000E+06  -1.628750E-02  1.324599E-02  0.000000E+00  3.125412E-14       89
   6.63E-07     -7.739233E-03 -2.542604E-03 -3.322955E-04  4.785556E-05 4.21E-12
   4.77E-06 0.00E+00 7.66E-07  1.232724E-09  2.804201E-05  6.729166E-05     1.00
 4.6200000E+06  -1.630000E-02  1.328451E-02  0.000000E+00  3.064310E-14       89
   6.57E-07     -7.729445E-03 -2.542604E-03 -3.298062E-04  4.778515E-05 9.43E-12
   4.72E-06 0.00E+00 7.60E-07  1.237625E-09  2.811402E-05  6.729327E-05     1.00
 4.6250000E+06  -1.631250E-02  1.334082E-02  0.000000E+00  1.124436E-13       89
   9.84E-07     -7.711176E-03 -2.542604E-03 -3.250996E-04  4.764176E-05 4.14E-12
   7.10E-06 0.00E+00 1.12E-06  1.249261E-09  2.821437E-05  6.725023E-05     1.00
 4.6300000E+06  -1.632500E-02  1.341117E-02  0.000000E+00  1.041248E-13       89
   1.23E-06     -7.686121E-03 -2.542604E-03 -3.186721E-04  4.744237E-05 3.14E-11
   8.87E-06 0.00E+00 1.41E-06  1.266450E-09  2.833531E-05  6.717181E-05     1.00
 4.6350000E+06  -1.633750E-02  1.347892E-02  0.000000E+00  9.620633E-14       89
   1.19E-06     -7.662293E-03 -2.542604E-03 -3.125557E-04  4.725638E-05 5.52E-11
   8.53E-06 0.00E+00 1.36E-06  1.282293E-09  2.844907E-05  6.709959E-05     1.00
 4.6400000E+06  -1.635000E-02  1.354435E-02  0.000000E+00  8.951695E-14       89
   1.14E-06     -7.639559E-03 -2.542604E-03 -3.067165E-04  4.708227E-05 3.62E-11
   8.23E-06 0.00E+00 1.31E-06  1.296982E-09  2.855644E-05  6.703287E-05     1.00
 4.6450000E+06  -1.636250E-02  1.360773E-02  0.000000E+00  8.379032E-14       89
   1.11E-06     -7.617792E-03 -2.542604E-03 -3.011220E-04  4.691868E-05 1.25E-10
   7.97E-06 0.00E+00 1.27E-06  1.310692E-09  2.865814E-05  6.697100E-05     1.00
 4.6500000E+06  -1.637500E-02  1.366929E-02  0.000000E+00  7.882762E-14       89
   1.07E-06     -7.596888E-03 -2.542604E-03 -2.957457E-04  4.676448E-05 3.54E-13
   7.73E-06 0.00E+00 1.24E-06  1.323558E-09  2.875476E-05  6.691343E-05     1.00
 4.6550000E+06  -1.638750E-02  1.373020E-02  0.000000E+00  7.779977E-14       89
   1.06E-06     -7.576272E-03 -2.542604E-03 -2.904305E-04  4.661474E-05 2.99E-12
   7.63E-06 0.00E+00 1.22E-06  1.336036E-09  2.884828E-05  6.685723E-05     1.00
 4.6600000E+06  -1.640000E-02  1.379012E-02  0.000000E+00  7.394871E-14       89
   1.04E-06     -7.556112E-03 -2.542604E-03 -2.852274E-04  4.647074E-05 1.95E-11
   7.49E-06 0.00E+00 1.20E-06  1.348041E-09  2.893829E-05  6.680324E-05     1.00
 4.6650000E+06  -1.641250E-02  1.384907E-02  0.000000E+00  7.166467E-14       89
   1.03E-06     -7.536382E-03 -2.542604E-03 -2.801644E-04  4.633234E-05 1.20E-11
   7.37E-06 0.00E+00 1.18E-06  1.359614E-09  2.902490E-05  6.675146E-05     1.00
 4.6700000E+06  -1.642500E-02  1.390692E-02  0.000000E+00  6.868191E-14       89
   1.01E-06     -7.517158E-03 -2.542604E-03 -2.752335E-04  4.619987E-05 4.10E-11
   7.23E-06 0.00E+00 1.16E-06  1.370719E-09  2.910807E-05  6.670217E-05     1.00
 4.6750000E+06  -1.643750E-02  1.396370E-02  0.000000E+00  6.594810E-14       89
   9.88E-07     -7.498435E-03 -2.542604E-03 -2.704334E-04  4.607314E-05 1.85E-11
   7.09E-06 0.00E+00 1.14E-06  1.381371E-09  2.918795E-05  6.665534E-05     1.00
 4.6800000E+06  -1.645000E-02  1.401947E-02  0.000000E+00  6.343060E-14       89
   9.70E-07     -7.480180E-03 -2.542604E-03 -2.657549E-04  4.595176E-05 1.46E-12
   6.96E-06 0.00E+00 1.12E-06  1.391611E-09  2.926478E-05  6.661079E-05     1.00
 4.6850000E+06  -1.646250E-02  1.407430E-02  0.000000E+00  6.113456E-14       89
   9.53E-07     -7.462361E-03 -2.542604E-03 -2.611899E-04  4.583538E-05 9.63E-11
   6.84E-06 0.00E+00 1.10E-06  1.401474E-09  2.933872E-05  6.656837E-05     1.00
 4.6900000E+06  -1.647500E-02  1.412825E-02  0.000000E+00  5.904138E-14       89
   9.40E-07     -7.444951E-03 -2.542604E-03 -2.567312E-04  4.572369E-05 2.79E-11
   6.72E-06 0.00E+00 1.08E-06  1.410990E-09  2.940997E-05  6.652793E-05     1.00
 4.6950000E+06  -1.648750E-02  1.418138E-02  0.000000E+00  5.711646E-14       89
   9.23E-07     -7.427925E-03 -2.542604E-03 -2.523723E-04  4.561641E-05 1.24E-11
   6.62E-06 0.00E+00 1.07E-06  1.420186E-09  2.947866E-05  6.648935E-05     1.00
 4.7000000E+06  -1.650000E-02  1.423372E-02  0.000000E+00  5.532729E-14       89
   9.09E-07     -7.411262E-03 -2.542604E-03 -2.481075E-04  4.551327E-05 2.47E-12
   6.52E-06 0.00E+00 1.05E-06  1.429087E-09  2.954495E-05  6.645252E-05     1.00
 4.7050000E+06  -1.651250E-02  1.428533E-02  0.000000E+00  5.365264E-14       89
   8.96E-07     -7.394940E-03 -2.542604E-03 -2.439314E-04  4.541406E-05 4.95E-12
   6.42E-06 0.00E+00 1.04E-06  1.437713E-09  2.960896E-05  6.641732E-05     1.00
 4.7100000E+06  -1.652500E-02  1.433624E-02  0.000000E+00  5.209037E-14       89
   8.83E-07     -7.378942E-03 -2.542604E-03 -2.398391E-04  4.531856E-05 3.11E-13
   6.34E-06 0.00E+00 1.02E-06  1.446084E-09  2.967080E-05  6.638367E-05     1.00
 4.7150000E+06  -1.653750E-02  1.438649E-02  0.000000E+00  5.063320E-14       89
   8.72E-07     -7.363252E-03 -2.542604E-03 -2.358263E-04  4.522658E-05 7.79E-12
   6.25E-06 0.00E+00 1.01E-06  1.454218E-09  2.973058E-05  6.635148E-05     1.00
 4.7200000E+06  -1.655000E-02  1.443611E-02  0.000000E+00  4.927435E-14       89
   8.60E-07     -7.347852E-03 -2.542604E-03 -2.318889E-04  4.513794E-05 3.20E-11
   6.17E-06 0.00E+00 9.99E-07  1.462128E-09  2.978840E-05  6.632067E-05     1.00
 4.7250000E+06  -1.656250E-02  1.448514E-02  0.000000E+00  4.800224E-14       89
   8.50E-07     -7.332730E-03 -2.542604E-03 -2.280233E-04  4.505249E-05 1.36E-11
   6.10E-06 0.00E+00 9.88E-07  1.469830E-09  2.984434E-05  6.629117E-05     1.00
 4.7300000E+06  -1.657500E-02  1.453359E-02  0.000000E+00  4.680522E-14       89
   8.40E-07     -7.317873E-03 -2.542604E-03 -2.242260E-04  4.497007E-05 5.04E-10
   6.02E-06 0.00E+00 9.76E-07  1.477336E-09  2.989849E-05  6.626290E-05     1.00
 4.7350000E+06  -1.658750E-02  1.458150E-02  0.000000E+00  4.567480E-14       89
   8.30E-07     -7.303268E-03 -2.542604E-03 -2.204939E-04  4.489055E-05 1.19E-12
   5.95E-06 0.00E+00 9.66E-07  1.484658E-09  2.995093E-05  6.623583E-05     1.00
 4.7400000E+06  -1.660000E-02  1.462888E-02  0.000000E+00  4.460616E-14       89
   8.21E-07     -7.288904E-03 -2.542604E-03 -2.168240E-04  4.481380E-05 2.47E-11
   5.89E-06 0.00E+00 9.55E-07  1.491805E-09  3.000171E-05  6.620987E-05     1.00
 4.7450000E+06  -1.661250E-02  1.467577E-02  0.000000E+00  4.359591E-14       89
   8.12E-07     -7.274771E-03 -2.542604E-03 -2.132137E-04  4.473971E-05 1.39E-11
   5.83E-06 0.00E+00 9.46E-07  1.498789E-09  3.005092E-05  6.618499E-05     1.00
 4.7500000E+06  -1.662500E-02  1.472218E-02  0.000000E+00  4.264042E-14       89
   8.04E-07     -7.260859E-03 -2.542604E-03 -2.096604E-04  4.466815E-05 1.17E-11
   5.76E-06 0.00E+00 9.36E-07  1.505617E-09  3.009861E-05  6.616113E-05     1.00
 4.7550000E+06  -1.663750E-02  1.476813E-02  0.000000E+00  4.173530E-14       89
   7.96E-07     -7.247160E-03 -2.542604E-03 -2.061618E-04  4.459904E-05 7.62E-12
   5.71E-06 0.00E+00 9.27E-07  1.512298E-09  3.014483E-05  6.613825E-05     1.00
 4.7600000E+06  -1.665000E-02  1.481364E-02  0.000000E+00  4.087634E-14       89
   7.88E-07     -7.233665E-03 -2.542604E-03 -2.027157E-04  4.453228E-05 3.58E-11
   5.65E-06 0.00E+00 9.19E-07  1.518839E-09  3.018965E-05  6.611630E-05     1.00
 4.7650000E+06  -1.666250E-02  1.483935E-02  0.000000E+00  6.223565E-15       88
   4.44E-07     -7.230234E-03 -2.542604E-03 -2.017389E-04  4.452302E-05 1.60E-11
   3.05E-06 0.00E+00 5.30E-07  1.521219E-09  3.022634E-05  6.614375E-05     1.00
 4.7700000E+06  -1.667500E-02  1.485850E-02  0.000000E+00  6.226146E-15       88
   3.19E-07     -7.230106E-03 -2.542604E-03 -2.015767E-04  4.453296E-05 1.44E-12
   2.18E-06 0.00E+00 4.00E-07  1.522208E-09  3.026025E-05  6.618760E-05     1.00
 4.7750000E+06  -1.668750E-02  1.487764E-02  0.000000E+00  6.224813E-15       88
   3.19E-07     -7.229977E-03 -2.542604E-03 -2.014143E-04  4.454298E-05 2.02E-12
   2.18E-06 0.00E+00 4.00E-07  1.523197E-09  3.029410E-05  6.623146E-05     1.00
 4.7800000E+06  -1.670000E-02  1.489678E-02  0.000000E+00  6.223471E-15       88
   3.19E-07     -7.229849E-03 -2.542604E-03 -2.012519E-04  4.455306E-05 6.58E-13
   2.18E-06 0.00E+00 4.00E-07  1.524185E-09  3.032788E-05  6.627533E-05     1.00
 4.7850000E+06  -1.671250E-02  1.491591E-02  0.000000E+00  6.222705E-15       88
   3.19E-07     -7.229721E-03 -2.542604E-03 -2.010893E-04  4.456322E-05 3.07E-11
   2.18E-06 0.00E+00 3.99E-07  1.525173E-09  3.036161E-05  6.631922E-05     1.00
 4.7900000E+06  -1.672500E-02  1.493504E-02  0.000000E+00  6.220805E-15       88
   3.19E-07     -7.229594E-03 -2.542604E-03 -2.009266E-04  4.457345E-05 9.29E-13
   2.18E-06 0.00E+00 3.99E-07  1.526161E-09  3.039528E-05  6.636312E-05     1.00
 4.7950000E+06  -1.673750E-02  1.495405E-02  0.000000E+00  6.215387E-15       87
   3.12E-07     -7.229539E-03 -2.542604E-03 -2.008235E-04  4.458345E-05 4.07E-12
   2.17E-06 0.00E+00 3.90E-07  1.527147E-09  3.042947E-05  6.640732E-05     1.00
 4.8000000E+06  -1.675000E-02  1.497274E-02  0.000000E+00  4.624275E-15       86
   2.98E-07     -7.229928E-03 -2.542604E-03 -2.007533E-04  4.459594E-05 1.65E-11
   2.11E-06 0.00E+00 3.71E-07  1.528088E-09  3.046198E-05  6.645231E-05     1.00
 4.8050000E+06  -1.676250E-02  1.499116E-02  0.000000E+00  5.127013E-15       86
   2.71E-07     -7.231788E-03 -2.542604E-03 -2.004110E-04  4.461950E-05 2.68E-11
   1.91E-06 0.00E+00 3.38E-07  1.528865E-09  3.048411E-05  6.649800E-05     1.00
 4.8100000E+06  -1.677500E-02  1.501011E-02  0.000000E+00  5.125186E-15       86
   2.79E-07     -7.233499E-03 -2.542604E-03 -1.999830E-04  4.464192E-05 8.71E-13
   1.95E-06 0.00E+00 3.48E-07  1.529678E-09  3.050608E-05  6.654239E-05     1.00
 4.8150000E+06  -1.678750E-02  1.502905E-02  0.000000E+00  5.123185E-15       86
   2.79E-07     -7.235209E-03 -2.542604E-03 -1.995551E-04  4.466445E-05 4.34E-13
   1.95E-06 0.00E+00 3.48E-07  1.530490E-09  3.052798E-05  6.658682E-05     1.00
 4.8200000E+06  -1.680000E-02  1.504799E-02  0.000000E+00  5.121189E-15       86
   2.79E-07     -7.236920E-03 -2.542604E-03 -1.991270E-04  4.468709E-05 6.03E-15
   1.95E-06 0.00E+00 3.48E-07  1.531303E-09  3.054980E-05  6.663129E-05     1.00
 4.8250000E+06  -1.682500E-02  1.508567E-02  0.000000E+00  2.046785E-14       86
   5.59E-07     -7.240408E-03 -2.542604E-03 -1.982845E-04  4.473331E-05 4.91E-11
   3.90E-06 0.00E+00 6.91E-07  1.534521E-09  3.059308E-05  6.672078E-05     1.00
 4.8300000E+06  -1.685000E-02  1.512351E-02  0.000000E+00  2.045314E-14       86
   5.57E-07     -7.243833E-03 -2.542604E-03 -1.974283E-04  4.477935E-05 1.30E-12
   3.90E-06 0.00E+00 6.95E-07  1.537766E-09  3.063622E-05  6.680997E-05     1.00
 4.8350000E+06  -1.687500E-02  1.516134E-02  0.000000E+00  2.043735E-14       86
   5.57E-07     -7.247261E-03 -2.542604E-03 -1.965718E-04  4.482583E-05 2.12E-11
   3.89E-06 0.00E+00 6.94E-07  1.541008E-09  3.067907E-05  6.689930E-05     1.00
 4.8400000E+06  -1.690000E-02  1.519414E-02  0.000000E+00  2.506414E-14       85
   6.35E-07     -7.250767E-03 -2.542604E-03 -1.957132E-04  4.486596E-05 2.56E-12
   4.24E-06 0.00E+00 7.88E-07  1.544927E-09  3.074091E-05  6.700128E-05     1.00
 4.8450000E+06  -1.692500E-02  1.522636E-02  0.000000E+00  2.504060E-14       85
   6.41E-07     -7.254295E-03 -2.542604E-03 -1.948758E-04  4.490605E-05 7.21E-12
   4.27E-06 0.00E+00 7.98E-07  1.548911E-09  3.080435E-05  6.710481E-05     1.00
 4.8500000E+06  -1.695000E-02  1.525856E-02  0.000000E+00  2.501748E-14       85
   6.41E-07     -7.257826E-03 -2.542604E-03 -1.940375E-04  4.494666E-05 8.12E-13
   4.26E-06 0.00E+00 7.97E-07  1.552891E-09  3.086742E-05  6.720850E-05     1.00
 4.8550000E+06  -1.697500E-02  1.529074E-02  0.000000E+00  2.499453E-14       85
   6.40E-07     -7.261359E-03 -2.542604E-03 -1.931982E-04  4.498779E-05 4.30E-12
   4.26E-06 0.00E+00 7.97E-07  1.556868E-09  3.093013E-05  6.731234E-05     1.00
 4.8600000E+06  -1.700000E-02  1.532289E-02  0.000000E+00  2.497162E-14       85
   6.40E-07     -7.264893E-03 -2.542604E-03 -1.923578E-04  4.502943E-05 7.40E-12
   4.26E-06 0.00E+00 7.96E-07  1.560841E-09  3.099247E-05  6.741632E-05     1.00
 4.8650000E+06  -1.702500E-02  1.535503E-02  0.000000E+00  2.494861E-14       85
   6.39E-07     -7.268429E-03 -2.542604E-03 -1.915165E-04  4.507159E-05 2.79E-11
   4.25E-06 0.00E+00 7.96E-07  1.564811E-09  3.105444E-05  6.752046E-05     1.00
 4.8700000E+06  -1.705000E-02  1.538714E-02  0.000000E+00  2.492616E-14       85
   6.39E-07     -7.271967E-03 -2.542604E-03 -1.906742E-04  4.511427E-05 1.17E-11
   4.25E-06 0.00E+00 7.95E-07  1.568777E-09  3.111605E-05  6.762475E-05     1.00
 4.8750000E+06  -1.707500E-02  1.541923E-02  0.000000E+00  2.490291E-14       85
   6.38E-07     -7.275507E-03 -2.542604E-03 -1.898309E-04  4.515746E-05 5.38E-13
   4.24E-06 0.00E+00 7.94E-07  1.572739E-09  3.117730E-05  6.772919E-05     1.00
 4.8800000E+06  -1.710000E-02  1.545130E-02  0.000000E+00  2.488022E-14       85
   6.38E-07     -7.279048E-03 -2.542604E-03 -1.889867E-04  4.520117E-05 7.36E-13
   4.24E-06 0.00E+00 7.94E-07  1.576698E-09  3.123818E-05  6.783379E-05     1.00
 4.8850000E+06  -1.712500E-02  1.548335E-02  0.000000E+00  2.485748E-14       85
   6.37E-07     -7.282591E-03 -2.542604E-03 -1.881414E-04  4.524539E-05 4.95E-13
   4.24E-06 0.00E+00 7.93E-07  1.580653E-09  3.129869E-05  6.793853E-05     1.00
 4.8900000E+06  -1.715000E-02  1.551538E-02  0.000000E+00  2.483485E-14       85
   6.36E-07     -7.286136E-03 -2.542604E-03 -1.872952E-04  4.529013E-05 1.07E-11
   4.23E-06 0.00E+00 7.92E-07  1.584605E-09  3.135885E-05  6.804342E-05     1.00
 4.8950000E+06  -1.717500E-02  1.554738E-02  0.000000E+00  2.481228E-14       85
   6.36E-07     -7.289683E-03 -2.542604E-03 -1.864479E-04  4.533538E-05 4.13E-12
   4.23E-06 0.00E+00 7.92E-07  1.588553E-09  3.141864E-05  6.814847E-05     1.00
 4.9000000E+06  -1.720000E-02  1.557937E-02  0.000000E+00  2.478968E-14       85
   6.35E-07     -7.293232E-03 -2.542604E-03 -1.855997E-04  4.538114E-05 3.12E-12
   4.22E-06 0.00E+00 7.91E-07  1.592497E-09  3.147807E-05  6.825366E-05     1.00
 4.9050000E+06  -1.722500E-02  1.560997E-02  0.000000E+00  8.144977E-15       86
   6.21E-07     -7.297533E-03 -2.542604E-03 -1.848410E-04  4.543375E-05 4.05E-10
   4.01E-06 0.00E+00 7.51E-07  1.596125E-09  3.153420E-05  6.836241E-05     1.00
 4.9100000E+06  -1.725000E-02  1.562923E-02  0.000000E+00  4.219170E-15       88
   3.46E-07     -7.308960E-03 -2.542604E-03 -1.844727E-04  4.554265E-05 9.31E-11
   2.19E-06 0.00E+00 4.08E-07  1.597188E-09  3.156259E-05  6.849970E-05     1.00
 4.9150000E+06  -1.727500E-02  1.564586E-02  0.000000E+00  4.218743E-15       88
   2.70E-07     -7.323034E-03 -2.542604E-03 -1.838001E-04  4.566750E-05 3.39E-12
   1.77E-06 0.00E+00 3.27E-07  1.597860E-09  3.158196E-05  6.864391E-05     1.00
 4.9200000E+06  -1.730000E-02  1.566437E-02  0.000000E+00  6.098136E-15       88
   2.83E-07     -7.336623E-03 -2.542604E-03 -1.828037E-04  4.578814E-05 2.33E-12
   2.03E-06 0.00E+00 3.42E-07  1.598733E-09  3.160117E-05  6.878378E-05     1.00
 4.9250000E+06  -1.732500E-02  1.568373E-02  0.000000E+00  6.095480E-15       88
   2.87E-07     -7.349992E-03 -2.542604E-03 -1.816619E-04  4.590714E-05 1.83E-12
   2.13E-06 0.00E+00 3.49E-07  1.599697E-09  3.162026E-05  6.892186E-05     1.00
 4.9300000E+06  -1.735000E-02  1.570577E-02  0.000000E+00  9.603317E-15       87
   3.28E-07     -7.361928E-03 -2.542604E-03 -1.808807E-04  4.601176E-05 4.87E-11
   2.46E-06 0.00E+00 3.94E-07  1.600980E-09  3.164737E-05  6.905359E-05     1.00
 4.9350000E+06  -1.737500E-02  1.572958E-02  0.000000E+00  6.009119E-15       88
   3.68E-07     -7.372878E-03 -2.542604E-03 -1.803592E-04  4.610479E-05 5.50E-11
   2.53E-06 0.00E+00 4.21E-07  1.602361E-09  3.168191E-05  6.918117E-05     1.00
 4.9400000E+06  -1.740000E-02  1.575030E-02  0.000000E+00  6.004795E-15       88
   2.91E-07     -7.386277E-03 -2.542604E-03 -1.794769E-04  4.621583E-05 2.76E-12
   2.11E-06 0.00E+00 3.37E-07  1.603312E-09  3.170651E-05  6.931681E-05     1.00
 4.9450000E+06  -1.742500E-02  1.577100E-02  0.000000E+00  6.002541E-15       88
   2.90E-07     -7.399675E-03 -2.542604E-03 -1.785949E-04  4.632728E-05 4.64E-11
   2.10E-06 0.00E+00 3.37E-07  1.604262E-09  3.173107E-05  6.945282E-05     1.00
 4.9500000E+06  -1.745000E-02  1.579170E-02  0.000000E+00  5.999875E-15       88
   2.90E-07     -7.413073E-03 -2.542604E-03 -1.777131E-04  4.643913E-05 4.94E-10
   2.10E-06 0.00E+00 3.36E-07  1.605212E-09  3.175559E-05  6.958918E-05     1.00
 4.9550000E+06  -1.747500E-02  1.581240E-02  0.000000E+00  5.997809E-15       88
   2.89E-07     -7.426470E-03 -2.542604E-03 -1.768315E-04  4.655137E-05 6.86E-12
   2.10E-06 0.00E+00 3.36E-07  1.606161E-09  3.178006E-05  6.972591E-05     1.00
 4.9600000E+06  -1.750000E-02  1.583309E-02  0.000000E+00  5.995498E-15       88
   2.89E-07     -7.439867E-03 -2.542604E-03 -1.759502E-04  4.666403E-05 2.16E-12
   2.10E-06 0.00E+00 3.35E-07  1.607111E-09  3.180449E-05  6.986299E-05     1.00
 4.9650000E+06  -1.752500E-02  1.585378E-02  0.000000E+00  5.993185E-15       88
   2.89E-07     -7.453263E-03 -2.542604E-03 -1.750690E-04  4.677708E-05 1.71E-12
   2.09E-06 0.00E+00 3.35E-07  1.608059E-09  3.182888E-05  7.000043E-05     1.00
 4.9700000E+06  -1.755000E-02  1.587446E-02  0.000000E+00  5.990868E-15       88
   2.88E-07     -7.466659E-03 -2.542604E-03 -1.741881E-04  4.689053E-05 8.57E-12
   2.09E-06 0.00E+00 3.34E-07  1.609008E-09  3.185322E-05  7.013823E-05     1.00
 4.9750000E+06  -1.757500E-02  1.589513E-02  0.000000E+00  5.988545E-15       88
   2.88E-07     -7.480054E-03 -2.542604E-03 -1.733073E-04  4.700439E-05 1.56E-12
   2.09E-06 0.00E+00 3.34E-07  1.609956E-09  3.187753E-05  7.027639E-05     1.00
 4.9800000E+06  -1.760000E-02  1.591580E-02  0.000000E+00  5.986227E-15       88
   2.87E-07     -7.493449E-03 -2.542604E-03 -1.724268E-04  4.711864E-05 1.75E-12
   2.08E-06 0.00E+00 3.33E-07  1.610904E-09  3.190178E-05  7.041490E-05     1.00
 4.9850000E+06  -1.762500E-02  1.593642E-02  0.000000E+00  8.545902E-15       88
   3.56E-07     -7.506125E-03 -2.542604E-03 -1.725473E-04  4.722923E-05 1.46E-13
   2.35E-06 0.00E+00 4.07E-07  1.612132E-09  3.193017E-05  7.055388E-05     1.00
 4.9900000E+06  -1.765000E-02  1.595749E-02  0.000000E+00  6.243121E-15       87
   3.80E-07     -7.518418E-03 -2.542604E-03 -1.722571E-04  4.734007E-05 4.65E-13
   2.15E-06 0.00E+00 4.33E-07  1.613205E-09  3.195752E-05  7.069206E-05     1.00
 4.9950000E+06  -1.767500E-02  1.597863E-02  0.000000E+00  6.243238E-15       87
   3.74E-07     -7.530709E-03 -2.542604E-03 -1.717816E-04  4.745179E-05 2.75E-13
   2.07E-06 0.00E+00 4.29E-07  1.614211E-09  3.198411E-05  7.083037E-05     1.00
 5.0000000E+06  -1.770000E-02  1.599977E-02  0.000000E+00  6.243327E-15       87
   3.74E-07     -7.542998E-03 -2.542604E-03 -1.713064E-04  4.756392E-05 6.84E-13
   2.07E-06 0.00E+00 4.29E-07  1.615216E-09  3.201061E-05  7.096900E-05     1.00
 5.0050000E+06  -1.772500E-02  1.602091E-02  0.000000E+00  6.243408E-15       87
   3.73E-07     -7.555285E-03 -2.542604E-03 -1.708314E-04  4.767646E-05 7.48E-12
   2.07E-06 0.00E+00 4.28E-07  1.616222E-09  3.203703E-05  7.110797E-05     1.00
 5.0100000E+06  -1.775000E-02  1.604150E-02  0.000000E+00  5.854569E-15       87
   3.69E-07     -7.567709E-03 -2.542604E-03 -1.705421E-04  4.778994E-05 1.91E-11
   2.02E-06 0.00E+00 4.24E-07  1.617190E-09  3.206417E-05  7.124859E-05     1.00
 5.0150000E+06  -1.777500E-02  1.606178E-02  0.000000E+00  5.854419E-15       87
   3.65E-07     -7.580215E-03 -2.542604E-03 -1.703584E-04  4.790414E-05 6.83E-13
   1.99E-06 0.00E+00 4.22E-07  1.618135E-09  3.209172E-05  7.139035E-05     1.00
 5.0200000E+06  -1.780000E-02  1.608205E-02  0.000000E+00  5.854284E-15       87
   3.65E-07     -7.592720E-03 -2.542604E-03 -1.701748E-04  4.801874E-05 4.40E-13
   1.99E-06 0.00E+00 4.21E-07  1.619079E-09  3.211921E-05  7.153244E-05     1.00
 5.0250000E+06  -1.782500E-02  1.610231E-02  0.000000E+00  5.854153E-15       87
   3.64E-07     -7.605224E-03 -2.542604E-03 -1.699913E-04  4.813374E-05 3.65E-12
   1.99E-06 0.00E+00 4.21E-07  1.620023E-09  3.214664E-05  7.167486E-05     1.00
 5.0300000E+06  -1.785000E-02  1.612257E-02  0.000000E+00  5.854008E-15       87
   3.64E-07     -7.617726E-03 -2.542604E-03 -1.698080E-04  4.824913E-05 8.87E-13
   1.99E-06 0.00E+00 4.20E-07  1.620967E-09  3.217400E-05  7.181762E-05     1.00
 5.0350000E+06  -1.787500E-02  1.614283E-02  0.000000E+00  5.853880E-15       87
   3.63E-07     -7.630226E-03 -2.542604E-03 -1.696249E-04  4.836492E-05 1.37E-12
   1.98E-06 0.00E+00 4.20E-07  1.621912E-09  3.220130E-05  7.196071E-05     1.00
 5.0400000E+06  -1.790000E-02  1.616308E-02  0.000000E+00  5.853723E-15       87
   3.63E-07     -7.642725E-03 -2.542604E-03 -1.694419E-04  4.848110E-05 1.10E-12
   1.98E-06 0.00E+00 4.19E-07  1.622856E-09  3.222854E-05  7.210413E-05     1.00
 5.0450000E+06  -1.792500E-02  1.618333E-02  0.000000E+00  5.853600E-15       87
   3.63E-07     -7.655223E-03 -2.542604E-03 -1.692591E-04  4.859768E-05 1.92E-13
   1.98E-06 0.00E+00 4.19E-07  1.623800E-09  3.225572E-05  7.224789E-05     1.00
 5.0500000E+06  -1.795000E-02  1.620357E-02  0.000000E+00  5.853448E-15       87
   3.62E-07     -7.667719E-03 -2.542604E-03 -1.690764E-04  4.871466E-05 2.31E-12
   1.98E-06 0.00E+00 4.18E-07  1.624744E-09  3.228283E-05  7.239198E-05     1.00
 5.0550000E+06  -1.797500E-02  1.622381E-02  0.000000E+00  5.853335E-15       87
   3.62E-07     -7.680214E-03 -2.542604E-03 -1.688939E-04  4.883203E-05 1.93E-12
   1.97E-06 0.00E+00 4.18E-07  1.625688E-09  3.230989E-05  7.253640E-05     1.00
 5.0600000E+06  -1.800000E-02  1.624405E-02  0.000000E+00  5.853202E-15       87
   3.61E-07     -7.692707E-03 -2.542604E-03 -1.687115E-04  4.894979E-05 1.31E-12
   1.97E-06 0.00E+00 4.17E-07  1.626632E-09  3.233688E-05  7.268116E-05     1.00
 5.0650000E+06  -1.802500E-02  1.626428E-02  0.000000E+00  5.853046E-15       87
   3.61E-07     -7.705199E-03 -2.542604E-03 -1.685293E-04  4.906795E-05 3.32E-11
   1.97E-06 0.00E+00 4.17E-07  1.627577E-09  3.236380E-05  7.282625E-05     1.00
 5.0700000E+06  -1.805000E-02  1.628451E-02  0.000000E+00  5.852936E-15       87
   3.60E-07     -7.717689E-03 -2.542604E-03 -1.683472E-04  4.918651E-05 5.68E-13
   1.97E-06 0.00E+00 4.16E-07  1.628521E-09  3.239067E-05  7.297167E-05     1.00
 5.0750000E+06  -1.807500E-02  1.630473E-02  0.000000E+00  5.852776E-15       87
   3.60E-07     -7.730178E-03 -2.542604E-03 -1.681653E-04  4.930546E-05 5.50E-12
   1.96E-06 0.00E+00 4.16E-07  1.629465E-09  3.241747E-05  7.311742E-05     1.00
 5.0800000E+06  -1.810000E-02  1.632495E-02  0.000000E+00  5.852632E-15       87
   3.59E-07     -7.742665E-03 -2.542604E-03 -1.679835E-04  4.942481E-05 1.31E-10
   1.96E-06 0.00E+00 4.15E-07  1.630409E-09  3.244421E-05  7.326351E-05     1.00
 5.0850000E+06  -1.812500E-02  1.634516E-02  0.000000E+00  5.852564E-15       87
   3.59E-07     -7.755151E-03 -2.542604E-03 -1.678019E-04  4.954455E-05 4.63E-12
   1.96E-06 0.00E+00 4.15E-07  1.631353E-09  3.247089E-05  7.340993E-05     1.00
 5.0900000E+06  -1.815000E-02  1.636537E-02  0.000000E+00  5.852384E-15       87
   3.59E-07     -7.767636E-03 -2.542604E-03 -1.676204E-04  4.966469E-05 3.94E-13
   1.96E-06 0.00E+00 4.14E-07  1.632297E-09  3.249751E-05  7.355669E-05     1.00
 5.0950000E+06  -1.817500E-02  1.638542E-02  0.000000E+00  5.134992E-15       87
   3.39E-07     -7.780198E-03 -2.542604E-03 -1.670930E-04  4.978495E-05 1.22E-11
   1.88E-06 0.00E+00 3.95E-07  1.633168E-09  3.252472E-05  7.370417E-05     1.00
 5.1000000E+06  -1.820000E-02  1.640536E-02  0.000000E+00  5.134543E-15       87
   3.27E-07     -7.792812E-03 -2.542604E-03 -1.663543E-04  4.990546E-05 3.65E-13
   1.83E-06 0.00E+00 3.82E-07  1.633995E-09  3.255227E-05  7.385224E-05     1.00
 5.1050000E+06  -1.822500E-02  1.642530E-02  0.000000E+00  5.134080E-15       87
   3.27E-07     -7.805425E-03 -2.542604E-03 -1.656157E-04  5.002636E-05 1.10E-12
   1.83E-06 0.00E+00 3.82E-07  1.634821E-09  3.257978E-05  7.400064E-05     1.00
 5.1100000E+06  -1.825000E-02  1.644524E-02  0.000000E+00  5.133637E-15       87
   3.26E-07     -7.818037E-03 -2.542604E-03 -1.648772E-04  5.014765E-05 1.70E-12
   1.83E-06 0.00E+00 3.81E-07  1.635648E-09  3.260723E-05  7.414938E-05     1.00
 5.1150000E+06  -1.827500E-02  1.646517E-02  0.000000E+00  5.133205E-15       87
   3.26E-07     -7.830647E-03 -2.542604E-03 -1.641387E-04  5.026932E-05 1.21E-11
   1.83E-06 0.00E+00 3.81E-07  1.636474E-09  3.263463E-05  7.429845E-05     1.00
 5.1200000E+06  -1.830000E-02  1.648510E-02  0.000000E+00  5.132740E-15       87
   3.25E-07     -7.843257E-03 -2.542604E-03 -1.634002E-04  5.039137E-05 9.90E-12
   1.82E-06 0.00E+00 3.80E-07  1.637300E-09  3.266199E-05  7.444786E-05     1.00
 5.1250000E+06  -1.832500E-02  1.650502E-02  0.000000E+00  5.132402E-15       87
   3.25E-07     -7.855865E-03 -2.542604E-03 -1.626617E-04  5.051381E-05 6.52E-11
   1.82E-06 0.00E+00 3.80E-07  1.638126E-09  3.268929E-05  7.459761E-05     1.00
 5.1300000E+06  -1.835000E-02  1.652494E-02  0.000000E+00  5.131852E-15       87
   3.25E-07     -7.868472E-03 -2.542604E-03 -1.619233E-04  5.063664E-05 5.85E-12
   1.82E-06 0.00E+00 3.79E-07  1.638952E-09  3.271655E-05  7.474769E-05     1.00
 5.1350000E+06  -1.837500E-02  1.654486E-02  0.000000E+00  5.131435E-15       87
   3.24E-07     -7.881078E-03 -2.542604E-03 -1.611849E-04  5.075985E-05 5.60E-12
   1.82E-06 0.00E+00 3.79E-07  1.639778E-09  3.274375E-05  7.489810E-05     1.00
 5.1400000E+06  -1.840000E-02  1.656477E-02  0.000000E+00  5.130956E-15       87
   3.24E-07     -7.893683E-03 -2.542604E-03 -1.604465E-04  5.088344E-05 1.05E-12
   1.81E-06 0.00E+00 3.78E-07  1.640604E-09  3.277091E-05  7.504886E-05     1.00
 5.1450000E+06  -1.842500E-02  1.658468E-02  0.000000E+00  5.130519E-15       87
   3.23E-07     -7.906287E-03 -2.542604E-03 -1.597082E-04  5.100742E-05 1.01E-11
   1.81E-06 0.00E+00 3.78E-07  1.641430E-09  3.279801E-05  7.519994E-05     1.00
 5.1500000E+06  -1.845000E-02  1.660458E-02  0.000000E+00  5.130053E-15       87
   3.23E-07     -7.918889E-03 -2.542604E-03 -1.589698E-04  5.113179E-05 3.27E-12
   1.81E-06 0.00E+00 3.77E-07  1.642255E-09  3.282507E-05  7.535136E-05     1.00
 5.1550000E+06  -1.847500E-02  1.662428E-02  0.000000E+00  4.852078E-15       86
   3.12E-07     -7.931844E-03 -2.542604E-03 -1.581603E-04  5.125694E-05 1.24E-10
   1.78E-06 0.00E+00 3.65E-07  1.643055E-09  3.285218E-05  7.550363E-05     1.00
 5.1600000E+06  -1.850000E-02  1.664382E-02  0.000000E+00  4.851364E-15       86
   3.05E-07     -7.945074E-03 -2.542604E-03 -1.572932E-04  5.138278E-05 2.37E-12
   1.75E-06 0.00E+00 3.55E-07  1.643834E-09  3.287935E-05  7.565664E-05     1.00
 5.1650000E+06  -1.852500E-02  1.666335E-02  0.000000E+00  4.850681E-15       86
   3.03E-07     -7.958303E-03 -2.542604E-03 -1.564259E-04  5.150899E-05 8.70E-13
   1.75E-06 0.00E+00 3.55E-07  1.644613E-09  3.290649E-05  7.580999E-05     1.00
 5.1700000E+06  -1.855000E-02  1.668288E-02  0.000000E+00  4.849907E-15       86
   3.03E-07     -7.971531E-03 -2.542604E-03 -1.555586E-04  5.163558E-05 1.85E-11
   1.75E-06 0.00E+00 3.54E-07  1.645392E-09  3.293362E-05  7.596370E-05     1.00
 5.1750000E+06  -1.857500E-02  1.670240E-02  0.000000E+00  4.849205E-15       86
   3.02E-07     -7.984758E-03 -2.542604E-03 -1.546913E-04  5.176253E-05 7.63E-13
   1.74E-06 0.00E+00 3.54E-07  1.646171E-09  3.296073E-05  7.611776E-05     1.00
 5.1800000E+06  -1.860000E-02  1.672192E-02  0.000000E+00  4.848464E-15       86
   3.02E-07     -7.997984E-03 -2.542604E-03 -1.538239E-04  5.188985E-05 5.38E-13
   1.74E-06 0.00E+00 3.53E-07  1.646950E-09  3.298781E-05  7.627218E-05     1.00
 5.1850000E+06  -1.862500E-02  1.674144E-02  0.000000E+00  4.847738E-15       86
   3.02E-07     -8.011210E-03 -2.542604E-03 -1.529565E-04  5.201755E-05 2.14E-12
   1.74E-06 0.00E+00 3.53E-07  1.647728E-09  3.301488E-05  7.642694E-05     1.00
 5.1900000E+06  -1.865000E-02  1.676095E-02  0.000000E+00  4.847033E-15       86
   3.01E-07     -8.024434E-03 -2.542604E-03 -1.520890E-04  5.214561E-05 3.76E-13
   1.74E-06 0.00E+00 3.52E-07  1.648507E-09  3.304193E-05  7.658205E-05     1.00
 5.1950000E+06  -1.867500E-02  1.678046E-02  0.000000E+00  4.846345E-15       86
   3.01E-07     -8.037657E-03 -2.542604E-03 -1.512214E-04  5.227405E-05 3.99E-12
   1.73E-06 0.00E+00 3.52E-07  1.649285E-09  3.306896E-05  7.673751E-05     1.00
 5.2000000E+06  -1.870000E-02  1.679997E-02  0.000000E+00  4.845602E-15       86
   3.00E-07     -8.050879E-03 -2.542604E-03 -1.503538E-04  5.240285E-05 6.74E-13
   1.73E-06 0.00E+00 3.51E-07  1.650063E-09  3.309597E-05  7.689333E-05     1.00
 5.2050000E+06  -1.872500E-02  1.681947E-02  0.000000E+00  4.844877E-15       86
   3.00E-07     -8.064100E-03 -2.542604E-03 -1.494861E-04  5.253203E-05 2.93E-11
   1.73E-06 0.00E+00 3.51E-07  1.650841E-09  3.312295E-05  7.704949E-05     1.00
 5.2100000E+06  -1.875000E-02  1.683897E-02  0.000000E+00  4.844164E-15       86
   2.99E-07     -8.077320E-03 -2.542604E-03 -1.486184E-04  5.266157E-05 4.03E-13
   1.73E-06 0.00E+00 3.51E-07  1.651619E-09  3.314992E-05  7.720601E-05     1.00
 5.2150000E+06  -1.877500E-02  1.685846E-02  0.000000E+00  4.843449E-15       86
   2.99E-07     -8.090539E-03 -2.542604E-03 -1.477506E-04  5.279149E-05 5.19E-12
   1.73E-06 0.00E+00 3.50E-07  1.652397E-09  3.317688E-05  7.736288E-05     1.00
 5.2200000E+06  -1.880000E-02  1.687795E-02  0.000000E+00  4.842739E-15       86
   2.99E-07     -8.103757E-03 -2.542604E-03 -1.468828E-04  5.292177E-05 1.66E-12
   1.72E-06 0.00E+00 3.50E-07  1.653175E-09  3.320381E-05  7.752010E-05     1.00
 5.2250000E+06  -1.882500E-02  1.689744E-02  0.000000E+00  4.842020E-15       86
   2.98E-07     -8.116974E-03 -2.542604E-03 -1.460149E-04  5.305243E-05 6.02E-13
   1.72E-06 0.00E+00 3.49E-07  1.653952E-09  3.323072E-05  7.767767E-05     1.00
 5.2300000E+06  -1.885000E-02  1.691692E-02  0.000000E+00  4.841310E-15       86
   2.98E-07     -8.130190E-03 -2.542604E-03 -1.451469E-04  5.318346E-05 3.65E-13
   1.72E-06 0.00E+00 3.49E-07  1.654730E-09  3.325761E-05  7.783558E-05     1.00
 5.2350000E+06  -1.887500E-02  1.693640E-02  0.000000E+00  4.840565E-15       86
   2.97E-07     -8.143405E-03 -2.542604E-03 -1.442789E-04  5.331485E-05 6.90E-11
   1.72E-06 0.00E+00 3.48E-07  1.655507E-09  3.328448E-05  7.799385E-05     1.00
 5.2400000E+06  -1.890000E-02  1.695588E-02  0.000000E+00  4.839887E-15       86
   2.97E-07     -8.156619E-03 -2.542604E-03 -1.434109E-04  5.344662E-05 8.53E-13
   1.71E-06 0.00E+00 3.48E-07  1.656284E-09  3.331133E-05  7.815248E-05     1.00
 5.2450000E+06  -1.892500E-02  1.697535E-02  0.000000E+00  4.839186E-15       86
   2.97E-07     -8.169832E-03 -2.542604E-03 -1.425428E-04  5.357876E-05 1.76E-13
   1.71E-06 0.00E+00 3.47E-07  1.657062E-09  3.333817E-05  7.831145E-05     1.00
 5.2500000E+06  -1.895000E-02  1.699482E-02  0.000000E+00  4.838443E-15       86
   2.96E-07     -8.183044E-03 -2.542604E-03 -1.416746E-04  5.371127E-05 1.59E-10
   1.71E-06 0.00E+00 3.47E-07  1.657839E-09  3.336498E-05  7.847077E-05     1.00
 5.2550000E+06  -1.897500E-02  1.701473E-02  0.000000E+00  4.821736E-15       86
   3.12E-07     -8.196129E-03 -2.542604E-03 -1.409613E-04  5.384170E-05 1.73E-11
   1.70E-06 0.00E+00 3.65E-07  1.658617E-09  3.339310E-05  7.862933E-05     1.00
 5.2600000E+06  -1.900000E-02  1.703472E-02  0.000000E+00  4.821069E-15       86
   3.14E-07     -8.209188E-03 -2.542604E-03 -1.402805E-04  5.397198E-05 2.07E-12
   1.69E-06 0.00E+00 3.68E-07  1.659396E-09  3.342150E-05  7.878800E-05     1.00
 5.2650000E+06  -1.902500E-02  1.705472E-02  0.000000E+00  4.820610E-15       86
   3.14E-07     -8.222245E-03 -2.542604E-03 -1.395997E-04  5.410262E-05 1.13E-11
   1.69E-06 0.00E+00 3.67E-07  1.660174E-09  3.344988E-05  7.894703E-05     1.00
 5.2700000E+06  -1.905000E-02  1.707471E-02  0.000000E+00  4.819740E-15       86
   3.13E-07     -8.235301E-03 -2.542604E-03 -1.389188E-04  5.423361E-05 6.09E-12
   1.69E-06 0.00E+00 3.67E-07  1.660953E-09  3.347826E-05  7.910640E-05     1.00
 5.2750000E+06  -1.907500E-02  1.709470E-02  0.000000E+00  4.819119E-15       86
   3.13E-07     -8.248356E-03 -2.542604E-03 -1.382379E-04  5.436496E-05 2.09E-13
   1.69E-06 0.00E+00 3.67E-07  1.661731E-09  3.350663E-05  7.926611E-05     1.00
 5.2800000E+06  -1.910000E-02  1.711468E-02  0.000000E+00  4.818479E-15       86
   3.13E-07     -8.261409E-03 -2.542604E-03 -1.375570E-04  5.449665E-05 4.78E-13
   1.68E-06 0.00E+00 3.66E-07  1.662509E-09  3.353500E-05  7.942618E-05     1.00
 5.2850000E+06  -1.912500E-02  1.713466E-02  0.000000E+00  4.817833E-15       86
   3.12E-07     -8.274462E-03 -2.542604E-03 -1.368760E-04  5.462870E-05 9.85E-13
   1.68E-06 0.00E+00 3.66E-07  1.663287E-09  3.356336E-05  7.958659E-05     1.00
 5.2900000E+06  -1.915000E-02  1.715463E-02  0.000000E+00  4.817199E-15       86
   3.12E-07     -8.287513E-03 -2.542604E-03 -1.361950E-04  5.476111E-05 3.88E-11
   1.68E-06 0.00E+00 3.65E-07  1.664065E-09  3.359171E-05  7.974735E-05     1.00
 5.2950000E+06  -1.917500E-02  1.717460E-02  0.000000E+00  4.816550E-15       86
   3.12E-07     -8.300563E-03 -2.542604E-03 -1.355139E-04  5.489386E-05 1.18E-11
   1.68E-06 0.00E+00 3.65E-07  1.664843E-09  3.362006E-05  7.990845E-05     1.00
 5.3000000E+06  -1.920000E-02  1.719457E-02  0.000000E+00  4.815912E-15       86
   3.11E-07     -8.313612E-03 -2.542604E-03 -1.348328E-04  5.502698E-05 9.89E-12
   1.68E-06 0.00E+00 3.64E-07  1.665621E-09  3.364840E-05  8.006990E-05     1.00
 5.3050000E+06  -1.922500E-02  1.721437E-02  0.000000E+00  5.072787E-15       86
   3.10E-07     -8.326705E-03 -2.542604E-03 -1.341170E-04  5.516004E-05 4.33E-13
   1.70E-06 0.00E+00 3.63E-07  1.666418E-09  3.367754E-05  8.023210E-05     1.00
 5.3100000E+06  -1.925000E-02  1.723401E-02  0.000000E+00  5.072287E-15       86
   3.10E-07     -8.339839E-03 -2.542604E-03 -1.333686E-04  5.529306E-05 9.24E-13
   1.72E-06 0.00E+00 3.62E-07  1.667235E-09  3.370746E-05  8.039505E-05     1.00
 5.3150000E+06  -1.927500E-02  1.725365E-02  0.000000E+00  5.071783E-15       86
   3.09E-07     -8.352972E-03 -2.542604E-03 -1.326202E-04  5.542642E-05 1.38E-12
   1.72E-06 0.00E+00 3.62E-07  1.668052E-09  3.373738E-05  8.055834E-05     1.00
 5.3200000E+06  -1.930000E-02  1.727328E-02  0.000000E+00  5.071312E-15       86
   3.09E-07     -8.366104E-03 -2.542604E-03 -1.318716E-04  5.556014E-05 1.87E-10
   1.72E-06 0.00E+00 3.61E-07  1.668869E-09  3.376731E-05  8.072198E-05     1.00
 5.3250000E+06  -1.932500E-02  1.729291E-02  0.000000E+00  5.070792E-15       86
   3.09E-07     -8.379235E-03 -2.542604E-03 -1.311230E-04  5.569420E-05 3.83E-13
   1.71E-06 0.00E+00 3.61E-07  1.669686E-09  3.379724E-05  8.088597E-05     1.00
 5.3300000E+06  -1.935000E-02  1.731253E-02  0.000000E+00  5.070285E-15       86
   3.08E-07     -8.392364E-03 -2.542604E-03 -1.303743E-04  5.582861E-05 2.94E-10
   1.71E-06 0.00E+00 3.61E-07  1.670503E-09  3.382716E-05  8.105031E-05     1.00
 5.3350000E+06  -1.937500E-02  1.733227E-02  0.000000E+00  5.257869E-15       86
   3.05E-07     -8.405347E-03 -2.542604E-03 -1.297073E-04  5.596200E-05 4.70E-13
   1.73E-06 0.00E+00 3.57E-07  1.671333E-09  3.385818E-05  8.121471E-05     1.00
 5.3400000E+06  -1.940000E-02  1.735222E-02  0.000000E+00  5.155287E-15       86
   2.81E-07     -8.417955E-03 -2.542604E-03 -1.289109E-04  5.609330E-05 8.20E-13
   1.75E-06 0.00E+00 3.32E-07  1.672164E-09  3.389108E-05  8.137891E-05     1.00
 5.3450000E+06  -1.942500E-02  1.737225E-02  0.000000E+00  5.154719E-15       86
   2.66E-07     -8.430401E-03 -2.542604E-03 -1.279665E-04  5.622419E-05 6.42E-13
   1.74E-06 0.00E+00 3.16E-07  1.672985E-09  3.392451E-05  8.154324E-05     1.00
 5.3500000E+06  -1.945000E-02  1.739227E-02  0.000000E+00  5.154193E-15       86
   2.66E-07     -8.442846E-03 -2.542604E-03 -1.270218E-04  5.635542E-05 6.31E-13
   1.74E-06 0.00E+00 3.16E-07  1.673806E-09  3.395794E-05  8.170790E-05     1.00
 5.3550000E+06  -1.947500E-02  1.741229E-02  0.000000E+00  5.153663E-15       86
   2.65E-07     -8.455290E-03 -2.542604E-03 -1.260768E-04  5.648699E-05 1.85E-12
   1.74E-06 0.00E+00 3.15E-07  1.674626E-09  3.399136E-05  8.187289E-05     1.00
 5.3600000E+06  -1.950000E-02  1.743231E-02  0.000000E+00  5.153138E-15       86
   2.65E-07     -8.467733E-03 -2.542604E-03 -1.251317E-04  5.661890E-05 4.48E-11
   1.73E-06 0.00E+00 3.15E-07  1.675447E-09  3.402477E-05  8.203821E-05     1.00
 5.3650000E+06  -1.952500E-02  1.745232E-02  0.000000E+00  5.152544E-15       86
   2.65E-07     -8.480175E-03 -2.542604E-03 -1.241862E-04  5.675114E-05 1.10E-11
   1.73E-06 0.00E+00 3.14E-07  1.676267E-09  3.405818E-05  8.220386E-05     1.00
 5.3700000E+06  -1.955000E-02  1.747464E-02  0.000000E+00  2.554547E-14       84
   3.13E-07     -8.491236E-03 -2.542604E-03 -1.231599E-04  5.686829E-05 1.45E-11
   2.09E-06 0.00E+00 3.64E-07  1.677579E-09  3.410124E-05  8.236408E-05     1.00
 5.3750000E+06  -1.957500E-02  1.750915E-02  0.000000E+00  2.517628E-14       84
   5.53E-07     -8.494956E-03 -2.542604E-03 -1.215139E-04  5.690296E-05 4.51E-12
   3.78E-06 0.00E+00 6.43E-07  1.681578E-09  3.419659E-05  8.249409E-05     1.00
 5.3800000E+06  -1.960000E-02  1.754365E-02  0.000000E+00  2.515898E-14       84
   5.53E-07     -8.498672E-03 -2.542604E-03 -1.198677E-04  5.693783E-05 2.67E-10
   3.78E-06 0.00E+00 6.43E-07  1.685574E-09  3.429186E-05  8.262424E-05     1.00
 5.3850000E+06  -1.962500E-02  1.757814E-02  0.000000E+00  2.515675E-14       84
   5.53E-07     -8.502386E-03 -2.542604E-03 -1.182215E-04  5.697292E-05 7.11E-12
   3.78E-06 0.00E+00 6.43E-07  1.689569E-09  3.438704E-05  8.275451E-05     1.00
 5.3900000E+06  -1.965000E-02  1.761261E-02  0.000000E+00  2.514712E-14       84
   5.52E-07     -8.506098E-03 -2.542604E-03 -1.165754E-04  5.700824E-05 4.98E-12
   3.78E-06 0.00E+00 6.42E-07  1.693563E-09  3.448213E-05  8.288492E-05     1.00
 5.3950000E+06  -1.967500E-02  1.765153E-02  0.000000E+00  3.539328E-14       84
   6.61E-07     -8.508575E-03 -2.542604E-03 -1.143953E-04  5.702675E-05 1.38E-12
   4.32E-06 0.00E+00 7.50E-07  1.698834E-09  3.458305E-05  8.300436E-05     1.00
 5.4000000E+06  -1.970000E-02  1.769168E-02  0.000000E+00  3.536532E-14       84
   6.90E-07     -8.510705E-03 -2.542604E-03 -1.120674E-04  5.704065E-05 4.09E-11
   4.47E-06 0.00E+00 7.82E-07  1.704470E-09  3.468556E-05  8.312077E-05     1.00
 5.4050000E+06  -1.972500E-02  1.772999E-02  0.000000E+00  2.033801E-14       85
   6.27E-07     -8.514397E-03 -2.542604E-03 -1.106224E-04  5.707141E-05 2.18E-11
   4.10E-06 0.00E+00 6.82E-07  1.709221E-09  3.477587E-05  8.324186E-05     1.00
 5.4100000E+06  -1.975000E-02  1.776517E-02  0.000000E+00  2.034398E-14       85
   4.51E-07     -8.520719E-03 -2.542604E-03 -1.106472E-04  5.713081E-05 8.03E-12
   3.43E-06 0.00E+00 5.07E-07  1.712433E-09  3.484552E-05  8.337091E-05     1.00
 5.4150000E+06  -1.977500E-02  1.780034E-02  0.000000E+00  2.035013E-14       85
   4.51E-07     -8.527036E-03 -2.542604E-03 -1.106715E-04  5.719047E-05 3.42E-12
   3.43E-06 0.00E+00 5.07E-07  1.715645E-09  3.491509E-05  8.350014E-05     1.00
 5.4200000E+06  -1.980000E-02  1.783550E-02  0.000000E+00  2.035641E-14       85
   4.51E-07     -8.533347E-03 -2.542604E-03 -1.106952E-04  5.725040E-05 5.53E-12
   3.43E-06 0.00E+00 5.07E-07  1.718859E-09  3.498457E-05  8.362955E-05     1.00
 5.4250000E+06  -1.982500E-02  1.787067E-02  0.000000E+00  2.036241E-14       85
   4.51E-07     -8.539652E-03 -2.542604E-03 -1.107185E-04  5.731059E-05 1.87E-12
   3.43E-06 0.00E+00 5.07E-07  1.722074E-09  3.505396E-05  8.375913E-05     1.00
 5.4300000E+06  -1.985000E-02  1.790583E-02  0.000000E+00  2.036856E-14       85
   4.50E-07     -8.545951E-03 -2.542604E-03 -1.107413E-04  5.737105E-05 2.54E-12
   3.43E-06 0.00E+00 5.07E-07  1.725289E-09  3.512326E-05  8.388890E-05     1.00
 5.4350000E+06  -1.987500E-02  1.794099E-02  0.000000E+00  2.037467E-14       85
   4.50E-07     -8.552244E-03 -2.542604E-03 -1.107635E-04  5.743177E-05 4.94E-12
   3.43E-06 0.00E+00 5.07E-07  1.728506E-09  3.519248E-05  8.401884E-05     1.00
 5.4400000E+06  -1.990000E-02  1.797614E-02  0.000000E+00  2.038077E-14       85
   4.50E-07     -8.558531E-03 -2.542604E-03 -1.107853E-04  5.749275E-05 3.07E-12
   3.43E-06 0.00E+00 5.06E-07  1.731724E-09  3.526161E-05  8.414895E-05     1.00
 5.4450000E+06  -1.992500E-02  1.801129E-02  0.000000E+00  2.038693E-14       85
   4.50E-07     -8.564812E-03 -2.542604E-03 -1.108065E-04  5.755400E-05 6.60E-13
   3.43E-06 0.00E+00 5.06E-07  1.734942E-09  3.533065E-05  8.427925E-05     1.00
 5.4500000E+06  -1.995000E-02  1.804644E-02  0.000000E+00  2.039310E-14       85
   4.50E-07     -8.571088E-03 -2.542604E-03 -1.108272E-04  5.761552E-05 4.99E-14
   3.42E-06 0.00E+00 5.06E-07  1.738162E-09  3.539960E-05  8.440972E-05     1.00
 5.4550000E+06  -1.997500E-02  1.808159E-02  0.000000E+00  2.039919E-14       85
   4.50E-07     -8.577357E-03 -2.542604E-03 -1.108475E-04  5.767730E-05 2.85E-12
   3.42E-06 0.00E+00 5.06E-07  1.741382E-09  3.546846E-05  8.454037E-05     1.00
 5.4600000E+06  -2.000000E-02  1.811673E-02  0.000000E+00  2.040537E-14       85
   4.50E-07     -8.583621E-03 -2.542604E-03 -1.108672E-04  5.773935E-05 6.96E-12
   3.42E-06 0.00E+00 5.06E-07  1.744604E-09  3.553724E-05  8.467120E-05     1.00
 5.4650000E+06  -2.002500E-02  1.815187E-02  0.000000E+00  2.041148E-14       85
   4.49E-07     -8.589878E-03 -2.542604E-03 -1.108864E-04  5.780166E-05 1.01E-11
   3.42E-06 0.00E+00 5.06E-07  1.747826E-09  3.560593E-05  8.480220E-05     1.00
 5.4700000E+06  -2.005000E-02  1.818701E-02  0.000000E+00  2.041754E-14       85
   4.49E-07     -8.596130E-03 -2.542604E-03 -1.109051E-04  5.786424E-05 5.57E-12
   3.42E-06 0.00E+00 5.05E-07  1.751050E-09  3.567453E-05  8.493338E-05     1.00
 5.4750000E+06  -2.007500E-02  1.822214E-02  0.000000E+00  2.042367E-14       85
   4.49E-07     -8.602376E-03 -2.542604E-03 -1.109233E-04  5.792708E-05 5.32E-12
   3.42E-06 0.00E+00 5.05E-07  1.754274E-09  3.574304E-05  8.506474E-05     1.00
 5.4800000E+06  -2.010000E-02  1.825727E-02  0.000000E+00  2.042972E-14       85
   4.49E-07     -8.608616E-03 -2.542604E-03 -1.109409E-04  5.799018E-05 2.61E-11
   3.42E-06 0.00E+00 5.05E-07  1.757499E-09  3.581146E-05  8.519627E-05     1.00
 5.4850000E+06  -2.012500E-02  1.829240E-02  0.000000E+00  2.043584E-14       85
   4.49E-07     -8.614850E-03 -2.542604E-03 -1.109581E-04  5.805356E-05 1.94E-12
   3.41E-06 0.00E+00 5.05E-07  1.760726E-09  3.587980E-05  8.532798E-05     1.00
 5.4900000E+06  -2.015000E-02  1.832752E-02  0.000000E+00  2.050067E-14       86
   4.69E-07     -8.621080E-03 -2.542604E-03 -1.109747E-04  5.811721E-05 1.72E-11
   3.43E-06 0.00E+00 5.20E-07  1.763961E-09  3.594804E-05  8.545987E-05     1.00
 5.4950000E+06  -2.017500E-02  1.836400E-02  0.000000E+00  3.072756E-14       86
   4.71E-07     -8.626648E-03 -2.542604E-03 -1.111562E-04  5.817310E-05 1.47E-12
   3.78E-06 0.00E+00 5.42E-07  1.767872E-09  3.602082E-05  8.558855E-05     1.00
 5.5000000E+06  -2.020000E-02  1.841248E-02  0.000000E+00  6.728301E-14       86
   7.21E-07     -8.623722E-03 -2.542604E-03 -1.129877E-04  5.812733E-05 5.10E-13
   6.12E-06 0.00E+00 8.59E-07  1.778011E-09  3.616539E-05  8.568736E-05     1.00
 5.5050000E+06  -2.022500E-02  1.846170E-02  0.000000E+00  6.721926E-14       86
   7.38E-07     -8.620144E-03 -2.542604E-03 -1.149143E-04  5.807354E-05 7.73E-13
   6.25E-06 0.00E+00 8.85E-07  1.788581E-09  3.631608E-05  8.578427E-05     1.00
 5.5100000E+06  -2.025000E-02  1.851088E-02  0.000000E+00  6.714885E-14       87
   7.41E-07     -8.616567E-03 -2.542604E-03 -1.168375E-04  5.802004E-05 3.61E-12
   6.27E-06 0.00E+00 8.86E-07  1.799139E-09  3.646650E-05  8.588120E-05     1.00
 5.5150000E+06  -2.027500E-02  1.856002E-02  0.000000E+00  6.708511E-14       87
   7.42E-07     -8.612991E-03 -2.542604E-03 -1.187574E-04  5.796681E-05 3.49E-12
   6.29E-06 0.00E+00 8.88E-07  1.809688E-09  3.661666E-05  8.597815E-05     1.00
 5.5200000E+06  -2.030000E-02  1.860912E-02  0.000000E+00  6.702153E-14       87
   7.42E-07     -8.609416E-03 -2.542604E-03 -1.206739E-04  5.791387E-05 9.73E-12
   6.29E-06 0.00E+00 8.88E-07  1.820226E-09  3.676656E-05  8.607511E-05     1.00
 5.5250000E+06  -2.032500E-02  1.865819E-02  0.000000E+00  6.695801E-14       87
   7.42E-07     -8.605842E-03 -2.542604E-03 -1.225871E-04  5.786121E-05 6.31E-12
   6.29E-06 0.00E+00 8.88E-07  1.830754E-09  3.691619E-05  8.617210E-05     1.00
 5.5300000E+06  -2.035000E-02  1.870721E-02  0.000000E+00  6.689453E-14       87
   7.42E-07     -8.602269E-03 -2.542604E-03 -1.244970E-04  5.780883E-05 2.95E-12
   6.29E-06 0.00E+00 8.88E-07  1.841272E-09  3.706556E-05  8.626910E-05     1.00
 5.5350000E+06  -2.037500E-02  1.875620E-02  0.000000E+00  6.683096E-14       87
   7.42E-07     -8.598697E-03 -2.542604E-03 -1.264035E-04  5.775674E-05 2.28E-12
   6.29E-06 0.00E+00 8.88E-07  1.851780E-09  3.721466E-05  8.636612E-05     1.00
 5.5400000E+06  -2.040000E-02  1.880515E-02  0.000000E+00  6.676757E-14       87
   7.42E-07     -8.595126E-03 -2.542604E-03 -1.283067E-04  5.770492E-05 6.48E-13
   6.29E-06 0.00E+00 8.88E-07  1.862279E-09  3.736351E-05  8.646315E-05     1.00
 5.5450000E+06  -2.042500E-02  1.885575E-02  0.000000E+00  8.330494E-14       87
   8.30E-07     -8.589661E-03 -2.542604E-03 -1.304744E-04  5.762877E-05 8.96E-13
   6.96E-06 0.00E+00 9.96E-07  1.875100E-09  3.753247E-05  8.655598E-05     1.00
 5.5500000E+06  -2.045000E-02  1.890653E-02  0.000000E+00  8.316980E-14       87
   8.40E-07     -8.583970E-03 -2.542604E-03 -1.326713E-04  5.755012E-05 4.06E-14
   7.03E-06 0.00E+00 1.01E-06  1.888188E-09  3.770338E-05  8.664825E-05     1.00
 5.5550000E+06  -2.047500E-02  1.895724E-02  0.000000E+00  8.303489E-14       87
   8.39E-07     -8.578287E-03 -2.542604E-03 -1.348631E-04  5.747199E-05 1.13E-11
   7.03E-06 0.00E+00 1.01E-06  1.901255E-09  3.787377E-05  8.674053E-05     1.00
 5.5600000E+06  -2.050000E-02  1.900790E-02  0.000000E+00  8.290052E-14       87
   8.39E-07     -8.572611E-03 -2.542604E-03 -1.370499E-04  5.739438E-05 2.74E-12
   7.02E-06 0.00E+00 1.01E-06  1.914301E-09  3.804366E-05  8.683282E-05     1.00
 5.5650000E+06  -2.052500E-02  1.905850E-02  0.000000E+00  8.276648E-14       87
   8.40E-07     -8.566943E-03 -2.542604E-03 -1.392317E-04  5.731730E-05 1.44E-10
   7.02E-06 0.00E+00 1.01E-06  1.927326E-09  3.821303E-05  8.692512E-05     1.00
 5.5700000E+06  -2.055000E-02  1.910905E-02  0.000000E+00  8.263256E-14       87
   8.39E-07     -8.561282E-03 -2.542604E-03 -1.414084E-04  5.724072E-05 4.06E-12
   7.02E-06 0.00E+00 1.01E-06  1.940330E-09  3.838190E-05  8.701742E-05     1.00
 5.5750000E+06  -2.057500E-02  1.915954E-02  0.000000E+00  8.249903E-14       87
   8.39E-07     -8.555629E-03 -2.542604E-03 -1.435801E-04  5.716467E-05 1.50E-11
   7.02E-06 0.00E+00 1.01E-06  1.953313E-09  3.855025E-05  8.710974E-05     1.00
 5.5800000E+06  -2.060000E-02  1.920998E-02  0.000000E+00  8.236583E-14       87
   8.39E-07     -8.549982E-03 -2.542604E-03 -1.457468E-04  5.708913E-05 1.42E-12
   7.02E-06 0.00E+00 1.01E-06  1.966275E-09  3.871810E-05  8.720206E-05     1.00
 5.5850000E+06  -2.062500E-02  1.926036E-02  0.000000E+00  8.223307E-14       87
   8.39E-07     -8.544344E-03 -2.542604E-03 -1.479085E-04  5.701411E-05 1.84E-11
   7.02E-06 0.00E+00 1.01E-06  1.979216E-09  3.888545E-05  8.729440E-05     1.00
 5.5900000E+06  -2.065000E-02  1.931068E-02  0.000000E+00  8.210059E-14       87
   8.39E-07     -8.538713E-03 -2.542604E-03 -1.500652E-04  5.693959E-05 5.81E-11
   7.02E-06 0.00E+00 1.01E-06  1.992136E-09  3.905229E-05  8.738674E-05     1.00
 5.5950000E+06  -2.067500E-02  1.936095E-02  0.000000E+00  8.196645E-14       87
   8.39E-07     -8.533089E-03 -2.542604E-03 -1.522169E-04  5.686559E-05 1.02E-10
   7.02E-06 0.00E+00 1.01E-06  2.005035E-09  3.921862E-05  8.747909E-05     1.00
 5.6000000E+06  -2.070000E-02  1.941117E-02  0.000000E+00  8.183684E-14       87
   8.38E-07     -8.527472E-03 -2.542604E-03 -1.543637E-04  5.679210E-05 2.19E-11
   7.02E-06 0.00E+00 1.01E-06  2.017914E-09  3.938446E-05  8.757144E-05     1.00
 5.6050000E+06  -2.072500E-02  1.946132E-02  0.000000E+00  8.170486E-14       87
   8.38E-07     -8.521863E-03 -2.542604E-03 -1.565055E-04  5.671912E-05 8.57E-12
   7.01E-06 0.00E+00 1.01E-06  2.030772E-09  3.954980E-05  8.766381E-05     1.00
 5.6100000E+06  -2.075000E-02  1.951143E-02  0.000000E+00  8.157373E-14       87
   8.38E-07     -8.516262E-03 -2.542604E-03 -1.586423E-04  5.664664E-05 4.88E-12
   7.01E-06 0.00E+00 1.01E-06  2.043609E-09  3.971463E-05  8.775618E-05     1.00
 5.6150000E+06  -2.077500E-02  1.956148E-02  0.000000E+00  8.144293E-14       87
   8.38E-07     -8.510668E-03 -2.542604E-03 -1.607742E-04  5.657467E-05 2.56E-13
   7.01E-06 0.00E+00 1.01E-06  2.056426E-09  3.987897E-05  8.784856E-05     1.00
 5.6200000E+06  -2.080000E-02  1.961353E-02  0.000000E+00  1.187586E-13       87
   9.54E-07     -8.503163E-03 -2.542604E-03 -1.628760E-04  5.648552E-05 1.17E-12
   7.81E-06 0.00E+00 1.15E-06  2.072412E-09  4.005535E-05  8.793581E-05     1.00
 5.6250000E+06  -2.082500E-02  1.966735E-02  0.000000E+00  1.183642E-13       87
   1.05E-06     -8.494028E-03 -2.542604E-03 -1.649747E-04  5.638161E-05 1.23E-11
   8.46E-06 0.00E+00 1.26E-06  2.091083E-09  4.024189E-05  8.801845E-05     1.00
 5.6300000E+06  -2.085000E-02  1.972107E-02  0.000000E+00  1.179727E-13       87
   1.05E-06     -8.484918E-03 -2.542604E-03 -1.670650E-04  5.627859E-05 2.54E-11
   8.45E-06 0.00E+00 1.26E-06  2.109692E-09  4.042757E-05  8.810113E-05     1.00
 5.6350000E+06  -2.087500E-02  1.977469E-02  0.000000E+00  1.175836E-13       87
   1.05E-06     -8.475834E-03 -2.542604E-03 -1.691470E-04  5.617646E-05 4.96E-12
   8.45E-06 0.00E+00 1.26E-06  2.128239E-09  4.061240E-05  8.818385E-05     1.00
 5.6400000E+06  -2.090000E-02  1.982820E-02  0.000000E+00  1.171973E-13       87
   1.05E-06     -8.466776E-03 -2.542604E-03 -1.712207E-04  5.607522E-05 3.94E-12
   8.44E-06 0.00E+00 1.26E-06  2.146725E-09  4.079637E-05  8.826660E-05     1.00
 5.6450000E+06  -2.092500E-02  1.988162E-02  0.000000E+00  1.168131E-13       87
   1.04E-06     -8.457743E-03 -2.542604E-03 -1.732862E-04  5.597486E-05 1.79E-11
   8.43E-06 0.00E+00 1.26E-06  2.165150E-09  4.097950E-05  8.834938E-05     1.00
 5.6500000E+06  -2.095000E-02  1.993493E-02  0.000000E+00  1.164314E-13       87
   1.04E-06     -8.448736E-03 -2.542604E-03 -1.753435E-04  5.587537E-05 2.78E-12
   8.43E-06 0.00E+00 1.26E-06  2.183515E-09  4.116178E-05  8.843220E-05     1.00
 5.6550000E+06  -2.097500E-02  1.998815E-02  0.000000E+00  1.160524E-13       87
   1.04E-06     -8.439754E-03 -2.542604E-03 -1.773927E-04  5.577676E-05 5.21E-13
   8.42E-06 0.00E+00 1.26E-06  2.201820E-09  4.134323E-05  8.851505E-05     1.00
 5.6600000E+06  -2.100000E-02  2.004133E-02  0.000000E+00  1.190236E-13       85
   1.04E-06     -8.430788E-03 -2.542604E-03 -1.794368E-04  5.567879E-05 4.98E-09
   8.42E-06 0.00E+00 1.26E-06  2.220068E-09  4.152390E-05  8.859777E-05     1.00
 5.6650000E+06  -2.102500E-02  2.011241E-02  0.000000E+00  1.929606E-13       85
   1.34E-06     -8.413384E-03 -2.542604E-03 -1.825022E-04  5.548153E-05 1.98E-11
   1.07E-05 0.00E+00 1.61E-06  2.250307E-09  4.175896E-05  8.863561E-05     1.00
 5.6700000E+06  -2.105000E-02  2.018346E-02  0.000000E+00  1.913136E-13       85
   1.34E-06     -8.395936E-03 -2.542604E-03 -1.855609E-04  5.528498E-05 4.48E-11
   1.07E-05 0.00E+00 1.61E-06  2.280574E-09  4.199300E-05  8.867312E-05     1.00
 5.6750000E+06  -2.107500E-02  2.025419E-02  0.000000E+00  1.896940E-13       85
   1.34E-06     -8.378610E-03 -2.542604E-03 -1.885969E-04  5.509095E-05 6.83E-12
   1.07E-05 0.00E+00 1.61E-06  2.310584E-09  4.222487E-05  8.871099E-05     1.00
 5.6800000E+06  -2.110000E-02  2.032461E-02  0.000000E+00  1.881050E-13       85
   1.33E-06     -8.361403E-03 -2.542604E-03 -1.916103E-04  5.489940E-05 1.63E-12
   1.07E-05 0.00E+00 1.60E-06  2.340341E-09  4.245460E-05  8.874921E-05     1.00
 5.6850000E+06  -2.112500E-02  2.039473E-02  0.000000E+00  1.865452E-13       85
   1.33E-06     -8.344314E-03 -2.542604E-03 -1.946016E-04  5.471031E-05 2.68E-11
   1.07E-05 0.00E+00 1.60E-06  2.369850E-09  4.268223E-05  8.878777E-05     1.00
 5.6900000E+06  -2.115000E-02  2.046454E-02  0.000000E+00  1.850119E-13       85
   1.33E-06     -8.327342E-03 -2.542604E-03 -1.975710E-04  5.452363E-05 2.08E-11
   1.06E-05 0.00E+00 1.59E-06  2.399115E-09  4.290777E-05  8.882666E-05     1.00
 5.6950000E+06  -2.117500E-02  2.053406E-02  0.000000E+00  1.835062E-13       85
   1.32E-06     -8.310485E-03 -2.542604E-03 -2.005187E-04  5.433933E-05 3.78E-12
   1.06E-05 0.00E+00 1.59E-06  2.428141E-09  4.313127E-05  8.886589E-05     1.00
 5.7000000E+06  -2.120000E-02  2.059574E-02  0.000000E+00  1.216032E-13       86
   1.24E-06     -8.300639E-03 -2.542604E-03 -2.024144E-04  5.421178E-05 2.56E-12
   9.03E-06 0.00E+00 1.48E-06  2.449360E-09  4.331718E-05  8.892428E-05     1.00
 5.7050000E+06  -2.122500E-02  2.064716E-02  0.000000E+00  1.001125E-13       86
   1.09E-06     -8.293666E-03 -2.542604E-03 -2.035598E-04  5.411460E-05 1.17E-12
   8.08E-06 0.00E+00 1.32E-06  2.466160E-09  4.349806E-05  8.900799E-05     1.00
 5.7100000E+06  -2.125000E-02  2.069578E-02  0.000000E+00  9.950715E-14       86
   1.05E-06     -8.287236E-03 -2.542604E-03 -2.045404E-04  5.402514E-05 1.60E-12
   7.86E-06 0.00E+00 1.27E-06  2.481929E-09  4.367805E-05  8.909854E-05     1.00
 5.7150000E+06  -2.127500E-02  2.074425E-02  0.000000E+00  9.890957E-14       86
   1.04E-06     -8.280867E-03 -2.542604E-03 -2.055111E-04  5.393739E-05 8.25E-12
   7.84E-06 0.00E+00 1.27E-06  2.497604E-09  4.385657E-05  8.918932E-05     1.00
 5.7200000E+06  -2.130000E-02  2.079257E-02  0.000000E+00  9.831793E-14       86
   1.04E-06     -8.274558E-03 -2.542604E-03 -2.064721E-04  5.385134E-05 3.26E-11
   7.82E-06 0.00E+00 1.27E-06  2.513185E-09  4.403362E-05  8.928033E-05     1.00
 5.7250000E+06  -2.132500E-02  2.084073E-02  0.000000E+00  9.773684E-14       86
   1.04E-06     -8.268307E-03 -2.542604E-03 -2.074234E-04  5.376696E-05 2.86E-11
   7.81E-06 0.00E+00 1.26E-06  2.528673E-09  4.420922E-05  8.937157E-05     1.00
 5.7300000E+06  -2.135000E-02  2.088875E-02  0.000000E+00  9.716152E-14       86
   1.04E-06     -8.262116E-03 -2.542604E-03 -2.083651E-04  5.368424E-05 3.89E-12
   7.79E-06 0.00E+00 1.26E-06  2.544070E-09  4.438338E-05  8.946303E-05     1.00
 5.7350000E+06  -2.137500E-02  2.094241E-02  0.000000E+00  2.189040E-13       86
   1.28E-06     -8.251602E-03 -2.542604E-03 -2.086254E-04  5.354873E-05 4.96E-11
   9.32E-06 0.00E+00 1.56E-06  2.566829E-09  4.459611E-05  8.954027E-05     1.00
 5.7400000E+06  -2.140000E-02  2.100501E-02  0.000000E+00  2.149085E-13       86
   1.65E-06     -8.234285E-03 -2.542604E-03 -2.079799E-04  5.333152E-05 2.25E-11
   1.16E-05 0.00E+00 2.02E-06  2.601216E-09  4.486791E-05  8.959489E-05     1.00
 5.7450000E+06  -2.142500E-02  2.106709E-02  0.000000E+00  2.110632E-13       86
   1.64E-06     -8.217247E-03 -2.542604E-03 -2.073285E-04  5.311973E-05 4.23E-12
   1.15E-05 0.00E+00 2.00E-06  2.634980E-09  4.513517E-05  8.965040E-05     1.00
 5.7500000E+06  -2.145000E-02  2.112866E-02  0.000000E+00  2.073603E-13       86
   1.63E-06     -8.200481E-03 -2.542604E-03 -2.066716E-04  5.291323E-05 5.62E-12
   1.15E-05 0.00E+00 1.99E-06  2.668145E-09  4.539801E-05  8.970677E-05     1.00
 5.7550000E+06  -2.147500E-02  2.118973E-02  0.000000E+00  2.037913E-13       86
   1.62E-06     -8.183980E-03 -2.542604E-03 -2.060091E-04  5.271184E-05 6.09E-12
   1.14E-05 0.00E+00 1.98E-06  2.700733E-09  4.565656E-05  8.976396E-05     1.00
 5.7600000E+06  -2.150000E-02  2.125032E-02  0.000000E+00  2.003497E-13       86
   1.60E-06     -8.167735E-03 -2.542604E-03 -2.053412E-04  5.251544E-05 5.52E-11
   1.13E-05 0.00E+00 1.96E-06  2.732765E-09  4.591092E-05  8.982195E-05     1.00
 5.7650000E+06  -2.152500E-02  2.131044E-02  0.000000E+00  1.970281E-13       86
   1.59E-06     -8.151740E-03 -2.542604E-03 -2.046681E-04  5.232388E-05 1.47E-11
   1.12E-05 0.00E+00 1.95E-06  2.764260E-09  4.616121E-05  8.988072E-05     1.00
 5.7700000E+06  -2.155000E-02  2.136345E-02  0.000000E+00  9.818296E-14       87
   1.23E-06     -8.141785E-03 -2.542604E-03 -2.038814E-04  5.219965E-05 1.59E-11
   8.86E-06 0.00E+00 1.50E-06  2.784302E-09  4.636153E-05  8.995682E-05     1.00
 5.7750000E+06  -2.157500E-02  2.141342E-02  0.000000E+00  9.761191E-14       87
   1.08E-06     -8.134312E-03 -2.542604E-03 -2.030615E-04  5.210344E-05 1.93E-11
   7.96E-06 0.00E+00 1.32E-06  2.799782E-09  4.654120E-05  9.004030E-05     1.00
 5.7800000E+06  -2.160000E-02  2.146324E-02  0.000000E+00  9.704736E-14       87
   1.08E-06     -8.126901E-03 -2.542604E-03 -2.022396E-04  5.200889E-05 3.04E-12
   7.95E-06 0.00E+00 1.32E-06  2.815172E-09  4.671943E-05  9.012400E-05     1.00
 5.7850000E+06  -2.162500E-02  2.151290E-02  0.000000E+00  9.648986E-14       87
   1.07E-06     -8.119552E-03 -2.542604E-03 -2.014156E-04  5.191596E-05 1.17E-12
   7.93E-06 0.00E+00 1.32E-06  2.830473E-09  4.689624E-05  9.020790E-05     1.00
 5.7900000E+06  -2.165000E-02  2.156241E-02  0.000000E+00  9.593852E-14       87
   1.07E-06     -8.112264E-03 -2.542604E-03 -2.005897E-04  5.182465E-05 3.94E-11
   7.92E-06 0.00E+00 1.31E-06  2.845686E-09  4.707164E-05  9.029200E-05     1.00
 5.7950000E+06  -2.167500E-02  2.161177E-02  0.000000E+00  9.539355E-14       87
   1.07E-06     -8.105037E-03 -2.542604E-03 -1.997617E-04  5.173495E-05 6.29E-12
   7.90E-06 0.00E+00 1.31E-06  2.860813E-09  4.724565E-05  9.037632E-05     1.00
 5.8000000E+06  -2.170000E-02  2.166098E-02  0.000000E+00  9.485503E-14       87
   1.07E-06     -8.097871E-03 -2.542604E-03 -1.989318E-04  5.164682E-05 2.16E-11
   7.89E-06 0.00E+00 1.31E-06  2.875854E-09  4.741827E-05  9.046083E-05     1.00
 5.8050000E+06  -2.172500E-02  2.171004E-02  0.000000E+00  9.432241E-14       87
   1.06E-06     -8.090764E-03 -2.542604E-03 -1.980999E-04  5.156027E-05 1.35E-12
   7.87E-06 0.00E+00 1.31E-06  2.890811E-09  4.758952E-05  9.054555E-05     1.00
 5.8100000E+06  -2.175000E-02  2.175895E-02  0.000000E+00  9.379619E-14       87
   1.06E-06     -8.083717E-03 -2.542604E-03 -1.972661E-04  5.147528E-05 4.90E-12
   7.85E-06 0.00E+00 1.30E-06  2.905683E-09  4.775941E-05  9.063046E-05     1.00
 5.8150000E+06  -2.177500E-02  2.180771E-02  0.000000E+00  9.327556E-14       87
   1.06E-06     -8.076729E-03 -2.542604E-03 -1.964303E-04  5.139183E-05 3.70E-11
   7.84E-06 0.00E+00 1.30E-06  2.920473E-09  4.792796E-05  9.071558E-05     1.00
 5.8200000E+06  -2.180000E-02  2.185614E-02  0.000000E+00  8.817232E-14       87
   1.05E-06     -8.069896E-03 -2.542604E-03 -1.955915E-04  5.131102E-05 2.00E-10
   7.79E-06 0.00E+00 1.29E-06  2.935063E-09  4.809454E-05  9.080136E-05     1.00
 5.8250000E+06  -2.182500E-02  2.190349E-02  0.000000E+00  8.772109E-14       87
   1.03E-06     -8.063623E-03 -2.542604E-03 -1.947484E-04  5.123730E-05 4.55E-12
   7.61E-06 0.00E+00 1.26E-06  2.948968E-09  4.825656E-05  9.088968E-05     1.00
 5.8300000E+06  -2.185000E-02  2.195071E-02  0.000000E+00  8.725442E-14       87
   1.02E-06     -8.057405E-03 -2.542604E-03 -1.939036E-04  5.116499E-05 2.10E-13
   7.60E-06 0.00E+00 1.26E-06  2.962799E-09  4.841737E-05  9.097819E-05     1.00
 5.8350000E+06  -2.187500E-02  2.199778E-02  0.000000E+00  8.679307E-14       87
   1.02E-06     -8.051241E-03 -2.542604E-03 -1.930569E-04  5.109407E-05 4.50E-12
   7.59E-06 0.00E+00 1.26E-06  2.976557E-09  4.857698E-05  9.106688E-05     1.00
 5.8400000E+06  -2.190000E-02  2.204473E-02  0.000000E+00  8.633606E-14       87
   1.02E-06     -8.045131E-03 -2.542604E-03 -1.922085E-04  5.102452E-05 1.33E-11
   7.57E-06 0.00E+00 1.25E-06  2.990241E-09  4.873540E-05  9.115577E-05     1.00
 5.8450000E+06  -2.192500E-02  2.209154E-02  0.000000E+00  8.588440E-14       87
   1.02E-06     -8.039074E-03 -2.542604E-03 -1.913584E-04  5.095634E-05 7.02E-13
   7.56E-06 0.00E+00 1.25E-06  3.003854E-09  4.889264E-05  9.124484E-05     1.00
 5.8500000E+06  -2.195000E-02  2.213822E-02  0.000000E+00  8.543720E-14       87
   1.02E-06     -8.033070E-03 -2.542604E-03 -1.905065E-04  5.088951E-05 2.32E-12
   7.54E-06 0.00E+00 1.25E-06  3.017396E-09  4.904871E-05  9.133410E-05     1.00
 5.8550000E+06  -2.197500E-02  2.218477E-02  0.000000E+00  8.499548E-14       87
   1.01E-06     -8.027118E-03 -2.542604E-03 -1.896529E-04  5.082403E-05 1.37E-12
   7.53E-06 0.00E+00 1.25E-06  3.030868E-09  4.920362E-05  9.142354E-05     1.00
 5.8600000E+06  -2.200000E-02  2.223119E-02  0.000000E+00  8.455805E-14       87
   1.01E-06     -8.021219E-03 -2.542604E-03 -1.887976E-04  5.075988E-05 2.34E-11
   7.51E-06 0.00E+00 1.24E-06  3.044270E-09  4.935738E-05  9.151316E-05     1.00
 5.8650000E+06  -2.202500E-02  2.227405E-02  0.000000E+00  5.865401E-14       87
   9.42E-07     -8.016961E-03 -2.542604E-03 -1.881396E-04  5.071571E-05 9.08E-12
   7.02E-06 0.00E+00 1.16E-06  3.056067E-09  4.949990E-05  9.161153E-05     1.00
 5.8700000E+06  -2.205000E-02  2.231140E-02  0.000000E+00  5.843206E-14       87
   8.25E-07     -8.015304E-03 -2.542604E-03 -1.877814E-04  5.070229E-05 1.73E-12
   6.25E-06 0.00E+00 1.02E-06  3.065312E-09  4.962530E-05  9.172351E-05     1.00
 5.8750000E+06  -2.207500E-02  2.234868E-02  0.000000E+00  5.821406E-14       87
   8.24E-07     -8.013677E-03 -2.542604E-03 -1.874217E-04  5.068967E-05 1.22E-12
   6.24E-06 0.00E+00 1.02E-06  3.074523E-09  4.975005E-05  9.183566E-05     1.00
 5.8800000E+06  -2.210000E-02  2.238588E-02  0.000000E+00  5.799772E-14       87
   8.22E-07     -8.012081E-03 -2.542604E-03 -1.870606E-04  5.067784E-05 4.89E-13
   6.23E-06 0.00E+00 1.02E-06  3.083700E-09  4.987417E-05  9.194796E-05     1.00
 5.8850000E+06  -2.212500E-02  2.242280E-02  0.000000E+00  5.528865E-14       87
   8.17E-07     -8.010568E-03 -2.542604E-03 -1.867013E-04  5.066711E-05 8.40E-11
   6.21E-06 0.00E+00 1.01E-06  3.092803E-09  4.999786E-05  9.206093E-05     1.00
 5.8900000E+06  -2.215000E-02  2.245844E-02  0.000000E+00  5.541283E-14       87
   7.91E-07     -8.009478E-03 -2.542604E-03 -1.863625E-04  5.065988E-05 1.45E-13
   6.10E-06 0.00E+00 9.78E-07  3.101561E-09  5.012124E-05  9.217708E-05     1.00
 5.8950000E+06  -2.217500E-02  2.249400E-02  0.000000E+00  5.522834E-14       87
   7.90E-07     -8.008413E-03 -2.542604E-03 -1.860224E-04  5.065333E-05 2.87E-12
   6.09E-06 0.00E+00 9.77E-07  3.110290E-09  5.024407E-05  9.229338E-05     1.00
 5.9000000E+06  -2.220000E-02  2.252950E-02  0.000000E+00  5.504413E-14       87
   7.89E-07     -8.007374E-03 -2.542604E-03 -1.856809E-04  5.064747E-05 4.11E-11
   6.08E-06 0.00E+00 9.75E-07  3.118991E-09  5.036637E-05  9.240982E-05     1.00
 5.9050000E+06  -2.222500E-02  2.256494E-02  0.000000E+00  5.486345E-14       87
   7.87E-07     -8.006361E-03 -2.542604E-03 -1.853380E-04  5.064230E-05 1.29E-11
   6.07E-06 0.00E+00 9.74E-07  3.127663E-09  5.048812E-05  9.252641E-05     1.00
 5.9100000E+06  -2.225000E-02  2.260031E-02  0.000000E+00  5.468262E-14       87
   7.86E-07     -8.005373E-03 -2.542604E-03 -1.849937E-04  5.063781E-05 7.84E-13
   6.06E-06 0.00E+00 9.72E-07  3.136306E-09  5.060934E-05  9.264315E-05     1.00
 5.9150000E+06  -2.227500E-02  2.263561E-02  0.000000E+00  5.450286E-14       87
   7.84E-07     -8.004411E-03 -2.542604E-03 -1.846481E-04  5.063401E-05 8.91E-12
   6.05E-06 0.00E+00 9.70E-07  3.144921E-09  5.073002E-05  9.276004E-05     1.00
 5.9200000E+06  -2.230000E-02  2.267085E-02  0.000000E+00  5.432488E-14       87
   7.83E-07     -8.003474E-03 -2.542604E-03 -1.843012E-04  5.063088E-05 1.78E-12
   6.04E-06 0.00E+00 9.69E-07  3.153508E-09  5.085017E-05  9.287707E-05     1.00
 5.9250000E+06  -2.232500E-02  2.270602E-02  0.000000E+00  5.414796E-14       87
   7.82E-07     -8.002563E-03 -2.542604E-03 -1.839529E-04  5.062843E-05 1.15E-11
   6.03E-06 0.00E+00 9.67E-07  3.162066E-09  5.096979E-05  9.299425E-05     1.00
 5.9300000E+06  -2.235000E-02  2.274112E-02  0.000000E+00  5.397190E-14       87
   7.80E-07     -8.001677E-03 -2.542604E-03 -1.836032E-04  5.062666E-05 1.04E-10
   6.02E-06 0.00E+00 9.66E-07  3.170597E-09  5.108889E-05  9.311158E-05     1.00
 5.9350000E+06  -2.237500E-02  2.277597E-02  0.000000E+00  5.229632E-14       87
   7.76E-07     -8.000912E-03 -2.542604E-03 -1.832384E-04  5.062640E-05 1.15E-11
   5.97E-06 0.00E+00 9.54E-07  3.178995E-09  5.120711E-05  9.322956E-05     1.00
 5.9400000E+06  -2.240000E-02  2.281049E-02  0.000000E+00  5.214624E-14       87
   7.58E-07     -8.000305E-03 -2.542604E-03 -1.828588E-04  5.062797E-05 1.61E-13
   5.92E-06 0.00E+00 9.39E-07  3.187232E-09  5.132430E-05  9.334833E-05     1.00
 5.9450000E+06  -2.242500E-02  2.284495E-02  0.000000E+00  5.199002E-14       87
   7.57E-07     -7.999721E-03 -2.542604E-03 -1.824781E-04  5.063015E-05 3.83E-11
   5.91E-06 0.00E+00 9.38E-07  3.195444E-09  5.144103E-05  9.346724E-05     1.00
 5.9500000E+06  -2.245000E-02  2.287935E-02  0.000000E+00  5.183450E-14       87
   7.56E-07     -7.999159E-03 -2.542604E-03 -1.820962E-04  5.063293E-05 2.13E-12
   5.90E-06 0.00E+00 9.36E-07  3.203631E-09  5.155729E-05  9.358629E-05     1.00
 5.9550000E+06  -2.247500E-02  2.290887E-02  0.000000E+00  2.922730E-14       85
   7.39E-06     -8.002280E-03 -2.542607E-03 -1.817897E-04  5.066767E-05 4.02E-07
   6.58E-06 0.00E+00 8.97E-07  3.209371E-09  5.165375E-05  9.371749E-05     1.00
 5.9600000E+06  -2.250000E-02  2.293623E-02  0.000000E+00  2.247494E-14       85
   1.12E-05     -8.007880E-03 -2.542605E-03 -1.814580E-04  5.072441E-05 3.97E-07
   6.59E-06 0.00E+00 8.25E-07  3.213378E-09  5.173371E-05  9.385419E-05     1.00
 5.9650000E+06  -2.252500E-02  2.296381E-02  0.000000E+00  2.273024E-14       86
   7.73E-06     -8.013774E-03 -2.542604E-03 -1.810944E-04  5.078416E-05 1.63E-07
   5.11E-06 0.00E+00 6.99E-07  3.217030E-09  5.181028E-05  9.399052E-05     1.00
 5.9700000E+06  -2.255000E-02  2.299138E-02  0.000000E+00  2.274707E-14       87
   7.67E-06     -8.019670E-03 -2.542604E-03 -1.807291E-04  5.084414E-05 9.68E-08
   5.09E-06 0.00E+00 6.97E-07  3.220676E-09  5.188681E-05  9.412704E-05     1.00
 5.9750000E+06  -2.257500E-02  2.301893E-02  0.000000E+00  2.338231E-14       84
   7.97E-06     -8.025568E-03 -2.542601E-03 -1.803615E-04  5.090435E-05 1.79E-06
   5.16E-06 0.00E+00 7.03E-07  3.224327E-09  5.196331E-05  9.426375E-05     1.00
 5.9800000E+06  -2.260000E-02  2.304647E-02  0.000000E+00  2.314041E-14       84
   8.09E-06     -8.031471E-03 -2.542591E-03 -1.799929E-04  5.096479E-05 2.17E-07
   5.17E-06 0.00E+00 7.04E-07  3.227975E-09  5.203974E-05  9.440062E-05     1.00
 5.9850000E+06  -2.262500E-02  2.307397E-02  0.000000E+00  2.271632E-14       84
   7.47E-06     -8.037379E-03 -2.542603E-03 -1.796251E-04  5.102555E-05 2.55E-07
   5.04E-06 0.00E+00 6.92E-07  3.231608E-09  5.211614E-05  9.453778E-05     1.00
 5.9900000E+06  -2.265000E-02  2.310147E-02  0.000000E+00  2.318171E-14       86
   7.60E-06     -8.043287E-03 -2.542605E-03 -1.792593E-04  5.108650E-05 6.67E-08
   5.08E-06 0.00E+00 6.95E-07  3.235242E-09  5.219250E-05  9.467510E-05     1.00
 5.9950000E+06  -2.267500E-02  2.312896E-02  0.000000E+00  2.313419E-14       86
   7.65E-06     -8.049198E-03 -2.542603E-03 -1.788902E-04  5.114768E-05 1.15E-07
   5.07E-06 0.00E+00 6.94E-07  3.238872E-09  5.226881E-05  9.481259E-05     1.00
 6.0000000E+06  -2.270000E-02  2.315643E-02  0.000000E+00  2.343052E-14       84
   7.75E-06     -8.055112E-03 -2.542602E-03 -1.785194E-04  5.120910E-05 1.95E-07
   5.08E-06 0.00E+00 6.95E-07  3.242501E-09  5.234508E-05  9.495029E-05     1.00
 6.0050000E+06  -2.272500E-02  2.318388E-02  0.000000E+00  2.240276E-14       85
   7.72E-06     -8.061031E-03 -2.542603E-03 -1.781478E-04  5.127078E-05 1.63E-07
   5.08E-06 0.00E+00 6.95E-07  3.246127E-09  5.242131E-05  9.508819E-05     1.00
 6.0100000E+06  -2.275000E-02  2.321133E-02  0.000000E+00  2.262772E-14       86
   7.68E-06     -8.066952E-03 -2.542601E-03 -1.777794E-04  5.133269E-05 5.28E-08
   5.05E-06 0.00E+00 6.93E-07  3.249749E-09  5.249748E-05  9.522628E-05     1.00
 6.0150000E+06  -2.277500E-02  2.323875E-02  0.000000E+00  2.294870E-14       85
   8.07E-06     -8.072874E-03 -2.542605E-03 -1.774086E-04  5.139484E-05 3.26E-09
   5.18E-06 0.00E+00 7.02E-07  3.253380E-09  5.257362E-05  9.536458E-05     1.00
 6.0200000E+06  -2.280000E-02  2.326615E-02  0.000000E+00  2.318842E-14       85
   8.01E-06     -8.078800E-03 -2.542604E-03 -1.770367E-04  5.145722E-05 2.14E-07
   5.12E-06 0.00E+00 6.99E-07  3.257003E-09  5.264973E-05  9.550307E-05     1.00
 6.0250000E+06  -2.282500E-02  2.329354E-02  0.000000E+00  2.247899E-14       86
   7.26E-06     -8.084737E-03 -2.542604E-03 -1.766651E-04  5.151989E-05 2.19E-08
   4.80E-06 0.00E+00 6.82E-07  3.260602E-09  5.272578E-05  9.564179E-05     1.00
 6.0300000E+06  -2.285000E-02  2.332092E-02  0.000000E+00  2.266954E-14       88
   6.32E-06     -8.090668E-03 -2.542604E-03 -1.762927E-04  5.158274E-05 2.81E-08
   4.33E-06 0.00E+00 6.59E-07  3.264173E-09  5.280179E-05  9.578066E-05     1.00
 6.0350000E+06  -2.287500E-02  2.334829E-02  0.000000E+00  2.249410E-14       87
   6.37E-06     -8.096602E-03 -2.542603E-03 -1.759182E-04  5.164583E-05 2.45E-07
   4.33E-06 0.00E+00 6.59E-07  3.267741E-09  5.287777E-05  9.591973E-05     1.00
 6.0400000E+06  -2.290000E-02  2.337564E-02  0.000000E+00  2.254634E-14       87
   6.40E-06     -8.102539E-03 -2.542603E-03 -1.755445E-04  5.170917E-05 4.00E-08
   4.34E-06 0.00E+00 6.59E-07  3.271307E-09  5.295370E-05  9.605900E-05     1.00
 6.0450000E+06  -2.292500E-02  2.340297E-02  0.000000E+00  2.246838E-14       86
   6.38E-06     -8.108481E-03 -2.542603E-03 -1.751703E-04  5.177275E-05 3.67E-08
   4.33E-06 0.00E+00 6.58E-07  3.274869E-09  5.302958E-05  9.619847E-05     1.00
 6.0500000E+06  -2.295000E-02  2.343029E-02  0.000000E+00  2.231263E-14       86
   6.29E-06     -8.114423E-03 -2.542602E-03 -1.747953E-04  5.183656E-05 1.71E-07
   4.31E-06 0.00E+00 6.56E-07  3.278427E-09  5.310543E-05  9.633813E-05     1.00
 6.0550000E+06  -2.297500E-02  2.345759E-02  0.000000E+00  2.252240E-14       88
   6.37E-06     -8.120371E-03 -2.542604E-03 -1.744199E-04  5.190063E-05 1.17E-07
   4.32E-06 0.00E+00 6.57E-07  3.281984E-09  5.318123E-05  9.647800E-05     1.00
 6.0600000E+06  -2.300000E-02  2.348488E-02  0.000000E+00  2.241780E-14       87
   6.32E-06     -8.126319E-03 -2.542604E-03 -1.740439E-04  5.196492E-05 1.70E-07
   4.30E-06 0.00E+00 6.55E-07  3.285536E-09  5.325699E-05  9.661806E-05     1.00
 6.0650000E+06  -2.302500E-02  2.351216E-02  0.000000E+00  2.233859E-14       87
   6.33E-06     -8.132270E-03 -2.542605E-03 -1.736659E-04  5.202944E-05 3.14E-08
   4.31E-06 0.00E+00 6.55E-07  3.289086E-09  5.333272E-05  9.675832E-05     1.00
 6.0700000E+06  -2.305000E-02  2.353942E-02  0.000000E+00  2.249301E-14       87
   6.27E-06     -8.138225E-03 -2.542604E-03 -1.732897E-04  5.209421E-05 2.19E-07
   4.29E-06 0.00E+00 6.53E-07  3.292631E-09  5.340840E-05  9.689876E-05     1.00
 6.0750000E+06  -2.307500E-02  2.356667E-02  0.000000E+00  2.217364E-14       87
   6.32E-06     -8.144182E-03 -2.542603E-03 -1.729114E-04  5.215921E-05 2.69E-08
   4.30E-06 0.00E+00 6.54E-07  3.296175E-09  5.348404E-05  9.703941E-05     1.00
 6.0800000E+06  -2.310000E-02  2.359389E-02  0.000000E+00  2.237271E-14       87
   6.28E-06     -8.150144E-03 -2.542604E-03 -1.725340E-04  5.222446E-05 1.21E-07
   4.28E-06 0.00E+00 6.52E-07  3.299714E-09  5.355964E-05  9.718026E-05     1.00
 6.0850000E+06  -2.312500E-02  2.362111E-02  0.000000E+00  2.246628E-14       87
   6.31E-06     -8.156105E-03 -2.542607E-03 -1.721549E-04  5.228994E-05 2.61E-07
   4.29E-06 0.00E+00 6.52E-07  3.303252E-09  5.363520E-05  9.732131E-05     1.00
 6.0900000E+06  -2.315000E-02  2.364892E-02  0.000000E+00  2.500648E-14       87
   5.45E-06     -8.161772E-03 -2.542604E-03 -1.717470E-04  5.235302E-05 2.63E-09
   4.26E-06 0.00E+00 6.48E-07  3.306869E-09  5.371183E-05  9.746102E-05     1.00
 6.0950000E+06  -2.317500E-02  2.367927E-02  0.000000E+00  2.510624E-14       87
   5.23E-07     -8.166178E-03 -2.542604E-03 -1.712228E-04  5.240520E-05 7.18E-13
   4.04E-06 0.00E+00 6.21E-07  3.310827E-09  5.379320E-05  9.759458E-05     1.00
 6.1000000E+06  -2.320000E-02  2.370959E-02  0.000000E+00  2.507755E-14       87
   5.06E-07     -8.170589E-03 -2.542604E-03 -1.706983E-04  5.245761E-05 6.71E-12
   4.03E-06 0.00E+00 6.20E-07  3.314781E-09  5.387451E-05  9.772830E-05     1.00
 6.1050000E+06  -2.322500E-02  2.373990E-02  0.000000E+00  2.505009E-14       87
   5.06E-07     -8.175005E-03 -2.542604E-03 -1.701731E-04  5.251026E-05 5.54E-12
   4.03E-06 0.00E+00 6.20E-07  3.318730E-09  5.395576E-05  9.786220E-05     1.00
 6.1100000E+06  -2.325000E-02  2.377019E-02  0.000000E+00  2.502242E-14       87
   5.05E-07     -8.179426E-03 -2.542604E-03 -1.696473E-04  5.256313E-05 4.36E-12
   4.03E-06 0.00E+00 6.19E-07  3.322675E-09  5.403695E-05  9.799626E-05     1.00
 6.1150000E+06  -2.327500E-02  2.380046E-02  0.000000E+00  2.499491E-14       87
   5.05E-07     -8.183852E-03 -2.542604E-03 -1.691208E-04  5.261624E-05 7.00E-12
   4.02E-06 0.00E+00 6.18E-07  3.326616E-09  5.411807E-05  9.813050E-05     1.00
 6.1200000E+06  -2.330000E-02  2.383106E-02  0.000000E+00  3.040610E-14       86
   5.12E-07     -8.188171E-03 -2.542604E-03 -1.685087E-04  5.266691E-05 2.39E-10
   4.11E-06 0.00E+00 6.26E-07  3.330723E-09  5.420093E-05  9.826403E-05     1.00
 6.1250000E+06  -2.332500E-02  2.386191E-02  0.000000E+00  3.022152E-14       86
   5.24E-07     -8.192086E-03 -2.542604E-03 -1.677143E-04  5.270991E-05 9.12E-11
   4.40E-06 0.00E+00 6.40E-07  3.335477E-09  5.429094E-05  9.839705E-05     1.00
 6.1300000E+06  -2.335000E-02  2.389275E-02  0.000000E+00  3.018055E-14       86
   5.24E-07     -8.196006E-03 -2.542604E-03 -1.669193E-04  5.275316E-05 2.88E-14
   4.40E-06 0.00E+00 6.40E-07  3.340226E-09  5.438085E-05  9.853022E-05     1.00
 6.1350000E+06  -2.337500E-02  2.392356E-02  0.000000E+00  3.013984E-14       86
   5.23E-07     -8.199931E-03 -2.542604E-03 -1.661239E-04  5.279667E-05 1.48E-11
   4.39E-06 0.00E+00 6.39E-07  3.344967E-09  5.447067E-05  9.866355E-05     1.00
 6.1400000E+06  -2.340000E-02  2.395435E-02  0.000000E+00  3.009921E-14       86
   5.23E-07     -8.203863E-03 -2.542604E-03 -1.653283E-04  5.284044E-05 4.05E-14
   4.39E-06 0.00E+00 6.38E-07  3.349703E-09  5.456039E-05  9.879705E-05     1.00
 6.1450000E+06  -2.342500E-02  2.398512E-02  0.000000E+00  3.005869E-14       86
   5.22E-07     -8.207800E-03 -2.542604E-03 -1.645323E-04  5.288447E-05 8.07E-12
   4.38E-06 0.00E+00 6.38E-07  3.354432E-09  5.465002E-05  9.893070E-05     1.00
 6.1500000E+06  -2.345000E-02  2.401588E-02  0.000000E+00  3.001818E-14       86
   5.22E-07     -8.211742E-03 -2.542604E-03 -1.637361E-04  5.292875E-05 4.88E-12
   4.38E-06 0.00E+00 6.37E-07  3.359155E-09  5.473955E-05  9.906451E-05     1.00
 6.1550000E+06  -2.347500E-02  2.404661E-02  0.000000E+00  2.997791E-14       86
   5.21E-07     -8.215691E-03 -2.542604E-03 -1.629395E-04  5.297328E-05 2.59E-12
   4.37E-06 0.00E+00 6.36E-07  3.363871E-09  5.482898E-05  9.919849E-05     1.00
 6.1600000E+06  -2.350000E-02  2.407732E-02  0.000000E+00  2.993769E-14       86
   5.21E-07     -8.219645E-03 -2.542604E-03 -1.621425E-04  5.301807E-05 5.22E-12
   4.37E-06 0.00E+00 6.36E-07  3.368581E-09  5.491832E-05  9.933263E-05     1.00
 6.1650000E+06  -2.352500E-02  2.410800E-02  0.000000E+00  2.989756E-14       86
   5.20E-07     -8.223604E-03 -2.542604E-03 -1.613453E-04  5.306312E-05 1.11E-12
   4.36E-06 0.00E+00 6.35E-07  3.373285E-09  5.500757E-05  9.946693E-05     1.00
 6.1700000E+06  -2.355000E-02  2.413867E-02  0.000000E+00  2.985762E-14       86
   5.19E-07     -8.227569E-03 -2.542604E-03 -1.605477E-04  5.310842E-05 2.15E-12
   4.36E-06 0.00E+00 6.34E-07  3.377982E-09  5.509672E-05  9.960138E-05     1.00
 6.1750000E+06  -2.357500E-02  2.416932E-02  0.000000E+00  2.981766E-14       86
   5.19E-07     -8.231540E-03 -2.542604E-03 -1.597499E-04  5.315397E-05 1.34E-12
   4.35E-06 0.00E+00 6.34E-07  3.382674E-09  5.518578E-05  9.973601E-05     1.00
 6.1800000E+06  -2.360000E-02  2.419995E-02  0.000000E+00  2.977782E-14       86
   5.18E-07     -8.235517E-03 -2.542604E-03 -1.589517E-04  5.319978E-05 1.36E-12
   4.35E-06 0.00E+00 6.33E-07  3.387358E-09  5.527475E-05  9.987079E-05     1.00
 6.1850000E+06  -2.362500E-02  2.423055E-02  0.000000E+00  2.973810E-14       86
   5.18E-07     -8.239499E-03 -2.542604E-03 -1.581532E-04  5.324585E-05 3.52E-12
   4.35E-06 0.00E+00 6.32E-07  3.392037E-09  5.536363E-05  1.000057E-04     1.00
 6.1900000E+06  -2.365000E-02  2.426114E-02  0.000000E+00  2.969838E-14       86
   5.17E-07     -8.243486E-03 -2.542604E-03 -1.573544E-04  5.329217E-05 1.26E-10
   4.34E-06 0.00E+00 6.32E-07  3.396710E-09  5.545241E-05  1.001408E-04     1.00
 6.1950000E+06  -2.367500E-02  2.429170E-02  0.000000E+00  2.965899E-14       86
   5.18E-07     -8.247479E-03 -2.542604E-03 -1.565552E-04  5.333874E-05 5.15E-12
   4.34E-06 0.00E+00 6.31E-07  3.401376E-09  5.554110E-05  1.002761E-04     1.00
 6.2000000E+06  -2.370000E-02  2.432111E-02  0.000000E+00  2.240501E-14       87
   4.90E-07     -8.253638E-03 -2.542604E-03 -1.559370E-04  5.340017E-05 1.86E-10
   4.01E-06 0.00E+00 5.65E-07  3.405340E-09  5.561792E-05  1.004144E-04     1.00
 6.2050000E+06  -2.372500E-02  2.434979E-02  0.000000E+00  2.239060E-14       87
   4.37E-07     -8.261154E-03 -2.542604E-03 -1.554298E-04  5.347115E-05 4.43E-12
   3.79E-06 0.00E+00 5.23E-07  3.408857E-09  5.568720E-05  1.005546E-04     1.00
 6.2100000E+06  -2.375000E-02  2.437847E-02  0.000000E+00  2.237615E-14       87
   4.35E-07     -8.268670E-03 -2.542604E-03 -1.549223E-04  5.354242E-05 5.60E-12
   3.79E-06 0.00E+00 5.22E-07  3.412371E-09  5.575640E-05  1.006951E-04     1.00
 6.2150000E+06  -2.377500E-02  2.440713E-02  0.000000E+00  2.236145E-14       87
   4.35E-07     -8.276186E-03 -2.542604E-03 -1.544143E-04  5.361400E-05 1.01E-13
   3.78E-06 0.00E+00 5.22E-07  3.415883E-09  5.582554E-05  1.008358E-04     1.00
 6.2200000E+06  -2.380000E-02  2.443578E-02  0.000000E+00  2.234692E-14       87
   4.34E-07     -8.283703E-03 -2.542604E-03 -1.539060E-04  5.368587E-05 4.00E-12
   3.78E-06 0.00E+00 5.21E-07  3.419393E-09  5.589460E-05  1.009768E-04     1.00
 6.2250000E+06  -2.382500E-02  2.446442E-02  0.000000E+00  2.233239E-14       87
   4.34E-07     -8.291220E-03 -2.542604E-03 -1.533974E-04  5.375804E-05 3.02E-12
   3.77E-06 0.00E+00 5.21E-07  3.422901E-09  5.596360E-05  1.011179E-04     1.00
 6.2300000E+06  -2.385000E-02  2.449305E-02  0.000000E+00  2.231786E-14       87
   4.34E-07     -8.298738E-03 -2.542604E-03 -1.528883E-04  5.383050E-05 3.71E-12
   3.77E-06 0.00E+00 5.20E-07  3.426406E-09  5.603252E-05  1.012593E-04     1.00
 6.2350000E+06  -2.387500E-02  2.452166E-02  0.000000E+00  2.230423E-14       87
   4.33E-07     -8.306256E-03 -2.542604E-03 -1.523789E-04  5.390327E-05 1.15E-11
   3.77E-06 0.00E+00 5.20E-07  3.429909E-09  5.610138E-05  1.014009E-04     1.00
 6.2400000E+06  -2.390000E-02  2.455027E-02  0.000000E+00  2.228888E-14       87
   4.33E-07     -8.313775E-03 -2.542604E-03 -1.518691E-04  5.397633E-05 4.61E-13
   3.76E-06 0.00E+00 5.19E-07  3.433410E-09  5.617017E-05  1.015428E-04     1.00
 6.2450000E+06  -2.392500E-02  2.457886E-02  0.000000E+00  2.227440E-14       87
   4.32E-07     -8.321294E-03 -2.542604E-03 -1.513589E-04  5.404969E-05 2.67E-12
   3.76E-06 0.00E+00 5.19E-07  3.436908E-09  5.623889E-05  1.016849E-04     1.00
 6.2500000E+06  -2.395000E-02  2.460745E-02  0.000000E+00  2.225998E-14       87
   4.32E-07     -8.328814E-03 -2.542604E-03 -1.508484E-04  5.412335E-05 1.43E-12
   3.76E-06 0.00E+00 5.18E-07  3.440404E-09  5.630753E-05  1.018272E-04     1.00
 6.2550000E+06  -2.397500E-02  2.463602E-02  0.000000E+00  2.224552E-14       87
   4.31E-07     -8.336334E-03 -2.542604E-03 -1.503375E-04  5.419730E-05 4.46E-13
   3.75E-06 0.00E+00 5.18E-07  3.443898E-09  5.637611E-05  1.019697E-04     1.00
 6.2600000E+06  -2.400000E-02  2.466458E-02  0.000000E+00  2.223108E-14       87
   4.31E-07     -8.343855E-03 -2.542604E-03 -1.498263E-04  5.427156E-05 2.73E-12
   3.75E-06 0.00E+00 5.17E-07  3.447390E-09  5.644462E-05  1.021125E-04     1.00
 6.2650000E+06  -2.402500E-02  2.469313E-02  0.000000E+00  2.221667E-14       87
   4.31E-07     -8.351376E-03 -2.542604E-03 -1.493146E-04  5.434610E-05 5.68E-12
   3.74E-06 0.00E+00 5.17E-07  3.450879E-09  5.651307E-05  1.022555E-04     1.00
 6.2700000E+06  -2.405000E-02  2.472167E-02  0.000000E+00  2.220228E-14       87
   4.30E-07     -8.358897E-03 -2.542604E-03 -1.488026E-04  5.442095E-05 7.80E-12
   3.74E-06 0.00E+00 5.16E-07  3.454366E-09  5.658144E-05  1.023987E-04     1.00
 6.2750000E+06  -2.407500E-02  2.475019E-02  0.000000E+00  2.218793E-14       87
   4.30E-07     -8.366419E-03 -2.542604E-03 -1.482903E-04  5.449609E-05 6.52E-14
   3.74E-06 0.00E+00 5.16E-07  3.457851E-09  5.664974E-05  1.025422E-04     1.00
 6.2800000E+06  -2.410000E-02  2.477852E-02  0.000000E+00  2.270824E-14       87
   7.17E-06     -8.374194E-03 -2.542604E-03 -1.477679E-04  5.457141E-05 9.85E-08
   5.53E-06 0.00E+00 6.69E-07  3.461432E-09  5.671858E-05  1.026863E-04     1.00
 6.2850000E+06  -2.412500E-02  2.480674E-02  0.000000E+00  2.297962E-14       88
   1.30E-05     -8.382078E-03 -2.542604E-03 -1.472424E-04  5.464702E-05 2.76E-07
   7.19E-06 0.00E+00 8.14E-07  3.465124E-09  5.678757E-05  1.028309E-04     1.00
 6.2900000E+06  -2.415000E-02  2.483496E-02  0.000000E+00  2.288445E-14       87
   1.30E-05     -8.389961E-03 -2.542602E-03 -1.467159E-04  5.472292E-05 2.38E-07
   7.18E-06 0.00E+00 8.12E-07  3.468813E-09  5.685651E-05  1.029758E-04     1.00
 6.2950000E+06  -2.417500E-02  2.486316E-02  0.000000E+00  2.354368E-14       85
   1.30E-05     -8.397846E-03 -2.542605E-03 -1.461890E-04  5.479911E-05 3.72E-07
   7.18E-06 0.00E+00 8.13E-07  3.472502E-09  5.692541E-05  1.031208E-04     1.00
 6.3000000E+06  -2.420000E-02  2.489136E-02  0.000000E+00  2.288252E-14       85
   1.29E-05     -8.405731E-03 -2.542602E-03 -1.456603E-04  5.487557E-05 2.48E-07
   7.15E-06 0.00E+00 8.09E-07  3.476186E-09  5.699424E-05  1.032662E-04     1.00
 6.3050000E+06  -2.422500E-02  2.491954E-02  0.000000E+00  2.292167E-14       86
   1.28E-05     -8.413617E-03 -2.542603E-03 -1.451313E-04  5.495234E-05 2.80E-07
   7.11E-06 0.00E+00 8.05E-07  3.479863E-09  5.706303E-05  1.034117E-04     1.00
 6.3100000E+06  -2.425000E-02  2.494771E-02  0.000000E+00  2.256206E-14       86
   1.29E-05     -8.421506E-03 -2.542605E-03 -1.446028E-04  5.502942E-05 4.08E-08
   7.14E-06 0.00E+00 8.08E-07  3.483543E-09  5.713175E-05  1.035575E-04     1.00
 6.3150000E+06  -2.427500E-02  2.497586E-02  0.000000E+00  2.256731E-14       86
   1.29E-05     -8.429395E-03 -2.542609E-03 -1.440753E-04  5.510679E-05 1.37E-07
   7.13E-06 0.00E+00 8.07E-07  3.487220E-09  5.720043E-05  1.037036E-04     1.00
 6.3200000E+06  -2.430000E-02  2.500403E-02  0.000000E+00  2.289983E-14       86
   1.30E-05     -8.437277E-03 -2.542605E-03 -1.435458E-04  5.518437E-05 4.43E-08
   7.15E-06 0.00E+00 8.09E-07  3.490899E-09  5.726907E-05  1.038498E-04     1.00
 6.3250000E+06  -2.432500E-02  2.503217E-02  0.000000E+00  2.276772E-14       85
   1.30E-05     -8.445163E-03 -2.542603E-03 -1.430169E-04  5.526228E-05 5.09E-07
   7.16E-06 0.00E+00 8.10E-07  3.494577E-09  5.733765E-05  1.039963E-04     1.00
 6.3300000E+06  -2.435000E-02  2.506030E-02  0.000000E+00  2.261271E-14       86
   1.28E-05     -8.453052E-03 -2.542604E-03 -1.424875E-04  5.534049E-05 6.57E-08
   7.08E-06 0.00E+00 8.02E-07  3.498245E-09  5.740618E-05  1.041430E-04     1.00
 6.3350000E+06  -2.437500E-02  2.508843E-02  0.000000E+00  2.299408E-14       86
   1.27E-05     -8.460940E-03 -2.542600E-03 -1.419576E-04  5.541897E-05 1.70E-07
   7.04E-06 0.00E+00 7.98E-07  3.501907E-09  5.747465E-05  1.042900E-04     1.00
 6.3400000E+06  -2.440000E-02  2.511653E-02  0.000000E+00  2.259737E-14       86
   1.28E-05     -8.468830E-03 -2.542600E-03 -1.414285E-04  5.549775E-05 2.19E-07
   7.09E-06 0.00E+00 8.03E-07  3.505572E-09  5.754307E-05  1.044372E-04     1.00
 6.3450000E+06  -2.442500E-02  2.514463E-02  0.000000E+00  2.246296E-14       86
   1.28E-05     -8.476717E-03 -2.542600E-03 -1.408977E-04  5.557681E-05 2.43E-07
   7.07E-06 0.00E+00 8.01E-07  3.509235E-09  5.761145E-05  1.045846E-04     1.00
 6.3500000E+06  -2.445000E-02  2.517414E-02  0.000000E+00  1.811493E-14       86
   1.00E-05     -8.483797E-03 -2.542605E-03 -1.400868E-04  5.565688E-05 1.52E-06
   6.01E-06 0.00E+00 7.20E-07  3.512596E-09  5.767554E-05  1.047288E-04     1.00
 6.3550000E+06  -2.447500E-02  2.520572E-02  0.000000E+00  1.822034E-14       87
   5.03E-06     -8.489713E-03 -2.542604E-03 -1.388548E-04  5.573877E-05 9.11E-09
   4.13E-06 0.00E+00 5.73E-07  3.515455E-09  5.773283E-05  1.048680E-04     1.00
 6.3600000E+06  -2.450000E-02  2.523729E-02  0.000000E+00  1.816176E-14       86
   5.16E-06     -8.495629E-03 -2.542603E-03 -1.376212E-04  5.582095E-05 1.88E-08
   4.16E-06 0.00E+00 5.74E-07  3.518313E-09  5.779001E-05  1.050073E-04     1.00
 6.3650000E+06  -2.452500E-02  2.526884E-02  0.000000E+00  1.793178E-14       87
   4.77E-06     -8.501554E-03 -2.542602E-03 -1.363870E-04  5.590348E-05 4.43E-08
   4.06E-06 0.00E+00 5.66E-07  3.521162E-09  5.784707E-05  1.051469E-04     1.00
 6.3700000E+06  -2.455000E-02  2.530048E-02  0.000000E+00  1.870714E-14       87
   4.21E-06     -8.507627E-03 -2.542604E-03 -1.351191E-04  5.598481E-05 1.80E-10
   3.97E-06 0.00E+00 5.71E-07  3.524045E-09  5.790523E-05  1.052864E-04     1.00
 6.3750000E+06  -2.457500E-02  2.533244E-02  0.000000E+00  1.868508E-14       87
   4.61E-07     -8.514203E-03 -2.542604E-03 -1.337347E-04  5.606191E-05 3.73E-14
   3.36E-06 0.00E+00 5.60E-07  3.527001E-09  5.796703E-05  1.054253E-04     1.00
 6.3800000E+06  -2.460000E-02  2.536438E-02  0.000000E+00  1.867212E-14       87
   4.56E-07     -8.520779E-03 -2.542604E-03 -1.323503E-04  5.613931E-05 2.65E-12
   3.35E-06 0.00E+00 5.59E-07  3.529955E-09  5.802876E-05  1.055645E-04     1.00
 6.3850000E+06  -2.462500E-02  2.539630E-02  0.000000E+00  1.865908E-14       87
   4.55E-07     -8.527357E-03 -2.542604E-03 -1.309661E-04  5.621698E-05 1.67E-12
   3.35E-06 0.00E+00 5.59E-07  3.532907E-09  5.809042E-05  1.057038E-04     1.00
 6.3900000E+06  -2.465000E-02  2.542821E-02  0.000000E+00  1.864632E-14       87
   4.55E-07     -8.533937E-03 -2.542604E-03 -1.295818E-04  5.629494E-05 2.93E-13
   3.35E-06 0.00E+00 5.58E-07  3.535857E-09  5.815202E-05  1.058434E-04     1.00
 6.3950000E+06  -2.467500E-02  2.546010E-02  0.000000E+00  1.863345E-14       87
   4.54E-07     -8.540517E-03 -2.542604E-03 -1.281977E-04  5.637317E-05 1.04E-12
   3.34E-06 0.00E+00 5.58E-07  3.538805E-09  5.821355E-05  1.059831E-04     1.00
 6.4000000E+06  -2.470000E-02  2.549197E-02  0.000000E+00  1.863705E-14       87
   4.54E-07     -8.547098E-03 -2.542604E-03 -1.268121E-04  5.645170E-05 8.45E-10
   3.34E-06 0.00E+00 5.57E-07  3.541751E-09  5.827502E-05  1.061231E-04     1.00
 6.4050000E+06  -2.472500E-02  2.552389E-02  0.000000E+00  1.829870E-14       87
   4.65E-07     -8.553720E-03 -2.542604E-03 -1.251959E-04  5.653055E-05 6.58E-11
   3.30E-06 0.00E+00 5.72E-07  3.544652E-09  5.833622E-05  1.062632E-04     1.00
 6.4100000E+06  -2.475000E-02  2.555579E-02  0.000000E+00  1.828555E-14       87
   4.64E-07     -8.560344E-03 -2.542604E-03 -1.235803E-04  5.660972E-05 3.19E-11
   3.30E-06 0.00E+00 5.71E-07  3.547551E-09  5.839734E-05  1.064035E-04     1.00
 6.4150000E+06  -2.477500E-02  2.558768E-02  0.000000E+00  1.827287E-14       87
   4.63E-07     -8.566969E-03 -2.542604E-03 -1.219651E-04  5.668917E-05 1.74E-12
   3.30E-06 0.00E+00 5.70E-07  3.550447E-09  5.845838E-05  1.065440E-04     1.00
 6.4200000E+06  -2.480000E-02  2.561955E-02  0.000000E+00  1.826082E-14       87
   4.63E-07     -8.573596E-03 -2.542604E-03 -1.203501E-04  5.676892E-05 1.29E-09
   3.29E-06 0.00E+00 5.70E-07  3.553341E-09  5.851935E-05  1.066847E-04     1.00
 6.4250000E+06  -2.482500E-02  2.565140E-02  0.000000E+00  1.824713E-14       87
   4.63E-07     -8.580224E-03 -2.542604E-03 -1.187354E-04  5.684896E-05 7.50E-14
   3.29E-06 0.00E+00 5.69E-07  3.556233E-09  5.858025E-05  1.068256E-04     1.00
 6.4300000E+06  -2.485000E-02  2.568323E-02  0.000000E+00  1.823429E-14       87
   4.62E-07     -8.586853E-03 -2.542604E-03 -1.171209E-04  5.692930E-05 4.96E-14
   3.29E-06 0.00E+00 5.69E-07  3.559123E-09  5.864108E-05  1.069668E-04     1.00
 6.4350000E+06  -2.487500E-02  2.571505E-02  0.000000E+00  1.822143E-14       87
   4.62E-07     -8.593483E-03 -2.542604E-03 -1.155068E-04  5.700992E-05 9.80E-12
   3.28E-06 0.00E+00 5.68E-07  3.562011E-09  5.870184E-05  1.071082E-04     1.00
 6.4400000E+06  -2.490000E-02  2.574685E-02  0.000000E+00  1.820861E-14       87
   4.61E-07     -8.600114E-03 -2.542604E-03 -1.138929E-04  5.709084E-05 2.10E-12
   3.28E-06 0.00E+00 5.67E-07  3.564897E-09  5.876252E-05  1.072498E-04     1.00
 6.4450000E+06  -2.492500E-02  2.577864E-02  0.000000E+00  1.819723E-14       87
   4.61E-07     -8.606746E-03 -2.542604E-03 -1.122793E-04  5.717205E-05 8.82E-12
   3.27E-06 0.00E+00 5.67E-07  3.567781E-09  5.882313E-05  1.073916E-04     1.00
 6.4500000E+06  -2.495000E-02  2.581040E-02  0.000000E+00  1.818329E-14       87
   4.60E-07     -8.613380E-03 -2.542604E-03 -1.106659E-04  5.725355E-05 2.23E-10
   3.27E-06 0.00E+00 5.66E-07  3.570663E-09  5.888368E-05  1.075337E-04     1.00
 6.4550000E+06  -2.497500E-02  2.584215E-02  0.000000E+00  1.817026E-14       87
   4.60E-07     -8.620015E-03 -2.542604E-03 -1.090528E-04  5.733534E-05 1.46E-11
   3.27E-06 0.00E+00 5.66E-07  3.573543E-09  5.894415E-05  1.076759E-04     1.00
 6.4600000E+06  -2.500000E-02  2.587389E-02  0.000000E+00  1.815747E-14       87
   4.59E-07     -8.626651E-03 -2.542604E-03 -1.074401E-04  5.741743E-05 4.20E-12
   3.26E-06 0.00E+00 5.65E-07  3.576421E-09  5.900454E-05  1.078184E-04     1.00
 6.4650000E+06  -2.502500E-02  2.590561E-02  0.000000E+00  1.814474E-14       87
   4.59E-07     -8.633288E-03 -2.542604E-03 -1.058275E-04  5.749981E-05 2.74E-12
   3.26E-06 0.00E+00 5.64E-07  3.579297E-09  5.906487E-05  1.079611E-04     1.00
 6.4700000E+06  -2.505000E-02  2.593731E-02  0.000000E+00  1.813208E-14       87
   4.58E-07     -8.639926E-03 -2.542604E-03 -1.042153E-04  5.758247E-05 2.10E-10
   3.26E-06 0.00E+00 5.64E-07  3.582171E-09  5.912513E-05  1.081040E-04     1.00
 6.4750000E+06  -2.507500E-02  2.596899E-02  0.000000E+00  1.811934E-14       87
   4.58E-07     -8.646565E-03 -2.542604E-03 -1.026033E-04  5.766543E-05 2.15E-12
   3.25E-06 0.00E+00 5.63E-07  3.585042E-09  5.918531E-05  1.082472E-04     1.00
 6.4800000E+06  -2.510000E-02  2.600066E-02  0.000000E+00  1.810661E-14       87
   4.57E-07     -8.653206E-03 -2.542604E-03 -1.009916E-04  5.774868E-05 3.59E-12
   3.25E-06 0.00E+00 5.63E-07  3.587912E-09  5.924543E-05  1.083906E-04     1.00
 6.4850000E+06  -2.512500E-02  2.603231E-02  0.000000E+00  1.809402E-14       87
   4.57E-07     -8.659848E-03 -2.542604E-03 -9.938021E-05  5.783222E-05 3.45E-12
   3.25E-06 0.00E+00 5.62E-07  3.590780E-09  5.930548E-05  1.085341E-04     1.00
 6.4900000E+06  -2.515000E-02  2.606395E-02  0.000000E+00  1.808128E-14       87
   4.56E-07     -8.666491E-03 -2.542604E-03 -9.776907E-05  5.791605E-05 9.07E-13
   3.24E-06 0.00E+00 5.61E-07  3.593646E-09  5.936545E-05  1.086780E-04     1.00
 6.4950000E+06  -2.517500E-02  2.609556E-02  0.000000E+00  1.806862E-14       87
   4.56E-07     -8.673135E-03 -2.542604E-03 -9.615820E-05  5.800017E-05 6.33E-12
   3.24E-06 0.00E+00 5.61E-07  3.596510E-09  5.942535E-05  1.088220E-04     1.00
 6.5000000E+06  -2.520000E-02  2.612716E-02  0.000000E+00  1.805601E-14       87
   4.55E-07     -8.679780E-03 -2.542604E-03 -9.454761E-05  5.808458E-05 2.34E-12
   3.24E-06 0.00E+00 5.60E-07  3.599372E-09  5.948519E-05  1.089662E-04     1.00
 6.5050000E+06  -2.522500E-02  2.615875E-02  0.000000E+00  1.804341E-14       87
   4.55E-07     -8.686426E-03 -2.542604E-03 -9.293729E-05  5.816928E-05 7.98E-13
   3.23E-06 0.00E+00 5.60E-07  3.602231E-09  5.954495E-05  1.091107E-04     1.00
 6.5100000E+06  -2.525000E-02  2.619032E-02  0.000000E+00  1.803083E-14       87
   4.54E-07     -8.693074E-03 -2.542604E-03 -9.132724E-05  5.825428E-05 3.22E-12
   3.23E-06 0.00E+00 5.59E-07  3.605089E-09  5.960465E-05  1.092554E-04     1.00
 6.5150000E+06  -2.527500E-02  2.622187E-02  0.000000E+00  1.801899E-14       87
   4.54E-07     -8.699723E-03 -2.542604E-03 -8.971747E-05  5.833956E-05 1.39E-10
   3.23E-06 0.00E+00 5.58E-07  3.607945E-09  5.966427E-05  1.094003E-04     1.00
 6.5200000E+06  -2.530000E-02  2.625341E-02  0.000000E+00  1.800568E-14       87
   4.53E-07     -8.706372E-03 -2.542604E-03 -8.810798E-05  5.842513E-05 4.60E-12
   3.22E-06 0.00E+00 5.58E-07  3.610799E-09  5.972383E-05  1.095454E-04     1.00
 6.5250000E+06  -2.532500E-02  2.628493E-02  0.000000E+00  1.799316E-14       87
   4.53E-07     -8.713023E-03 -2.542604E-03 -8.649876E-05  5.851099E-05 5.83E-13
   3.22E-06 0.00E+00 5.57E-07  3.613651E-09  5.978331E-05  1.096908E-04     1.00
 6.5300000E+06  -2.535000E-02  2.632602E-02  0.000000E+00  2.792829E-14       87
   6.20E-07     -8.716298E-03 -2.542604E-03 -8.528441E-05  5.856240E-05 9.88E-13
   3.72E-06 0.00E+00 7.47E-07  3.617588E-09  5.985367E-05  1.098126E-04     1.00
 6.5350000E+06  -2.537500E-02  2.637193E-02  0.000000E+00  2.786906E-14       87
   6.99E-07     -8.717864E-03 -2.542604E-03 -8.426240E-05  5.859692E-05 2.14E-12
   3.94E-06 0.00E+00 8.43E-07  3.622076E-09  5.992905E-05  1.099225E-04     1.00
 6.5400000E+06  -2.540000E-02  2.641778E-02  0.000000E+00  2.781001E-14       87
   6.98E-07     -8.719442E-03 -2.542604E-03 -8.324011E-05  5.863224E-05 1.73E-11
   3.94E-06 0.00E+00 8.41E-07  3.626554E-09  6.000383E-05  1.100326E-04     1.00
 6.5450000E+06  -2.542500E-02  2.646358E-02  0.000000E+00  3.312359E-14       86
   6.98E-07     -8.721013E-03 -2.542604E-03 -8.221132E-05  5.866830E-05 4.89E-09
   3.94E-06 0.00E+00 8.41E-07  3.631026E-09  6.007804E-05  1.101428E-04     1.00
 6.5500000E+06  -2.545000E-02  2.652560E-02  0.000000E+00  5.529755E-14       87
   1.02E-06     -8.714661E-03 -2.542604E-03 -7.951860E-05  5.864610E-05 1.05E-12
   5.55E-06 0.00E+00 1.25E-06  3.639940E-09  6.017027E-05  1.102129E-04     1.00
 6.5550000E+06  -2.547500E-02  2.658752E-02  0.000000E+00  5.491360E-14       87
   1.01E-06     -8.708325E-03 -2.542604E-03 -7.682360E-05  5.862533E-05 3.56E-13
   5.52E-06 0.00E+00 1.25E-06  3.648829E-09  6.026117E-05  1.102830E-04     1.00
 6.5600000E+06  -2.550000E-02  2.664923E-02  0.000000E+00  5.453602E-14       87
   1.01E-06     -8.702064E-03 -2.542604E-03 -7.413386E-05  5.860648E-05 2.84E-11
   5.51E-06 0.00E+00 1.25E-06  3.657656E-09  6.035054E-05  1.103535E-04     1.00
 6.5650000E+06  -2.552500E-02  2.671071E-02  0.000000E+00  5.416436E-14       87
   1.01E-06     -8.695877E-03 -2.542604E-03 -7.144930E-05  5.858953E-05 3.44E-11
   5.49E-06 0.00E+00 1.24E-06  3.666423E-09  6.043842E-05  1.104245E-04     1.00
 6.5700000E+06  -2.555000E-02  2.677197E-02  0.000000E+00  5.379823E-14       87
   1.00E-06     -8.689762E-03 -2.542604E-03 -6.876987E-05  5.857447E-05 4.38E-12
   5.47E-06 0.00E+00 1.24E-06  3.675130E-09  6.052482E-05  1.104958E-04     1.00
 6.5750000E+06  -2.557500E-02  2.683302E-02  0.000000E+00  5.343806E-14       87
   9.99E-07     -8.683720E-03 -2.542604E-03 -6.609549E-05  5.856127E-05 5.78E-12
   5.45E-06 0.00E+00 1.24E-06  3.683779E-09  6.060975E-05  1.105676E-04     1.00
 6.5800000E+06  -2.560000E-02  2.689385E-02  0.000000E+00  5.308350E-14       87
   9.96E-07     -8.677749E-03 -2.542604E-03 -6.342610E-05  5.854991E-05 1.73E-11
   5.44E-06 0.00E+00 1.23E-06  3.692369E-09  6.069323E-05  1.106397E-04     1.00
 6.5850000E+06  -2.562500E-02  2.695448E-02  0.000000E+00  4.850730E-14       86
   9.92E-07     -8.671857E-03 -2.542604E-03 -6.076908E-05  5.854036E-05 1.94E-08
   5.42E-06 0.00E+00 1.23E-06  3.700902E-09  6.077527E-05  1.107122E-04     1.00
 6.5900000E+06  -2.565000E-02  2.700598E-02  0.000000E+00  3.186797E-14       86
   7.52E-07     -8.671749E-03 -2.542604E-03 -5.950291E-05  5.856974E-05 2.07E-12
   4.19E-06 0.00E+00 9.23E-07  3.706061E-09  6.084093E-05  1.108072E-04     1.00
 6.5950000E+06  -2.567500E-02  2.705732E-02  0.000000E+00  3.177303E-14       86
   7.50E-07     -8.671695E-03 -2.542604E-03 -5.824066E-05  5.860013E-05 1.69E-12
   4.18E-06 0.00E+00 9.20E-07  3.711185E-09  6.090601E-05  1.109027E-04     1.00
 6.6000000E+06  -2.570000E-02  2.710857E-02  0.000000E+00  3.167882E-14       86
   7.49E-07     -8.671663E-03 -2.542604E-03 -5.697884E-05  5.863122E-05 4.14E-13
   4.18E-06 0.00E+00 9.18E-07  3.716294E-09  6.097062E-05  1.109984E-04     1.00
 6.6050000E+06  -2.572500E-02  2.715974E-02  0.000000E+00  3.158533E-14       86
   7.48E-07     -8.671652E-03 -2.542604E-03 -5.571743E-05  5.866301E-05 3.76E-12
   4.17E-06 0.00E+00 9.16E-07  3.721387E-09  6.103475E-05  1.110943E-04     1.00
 6.6100000E+06  -2.575000E-02  2.721082E-02  0.000000E+00  3.149221E-14       86
   7.46E-07     -8.671662E-03 -2.542604E-03 -5.445645E-05  5.869549E-05 7.44E-12
   4.16E-06 0.00E+00 9.15E-07  3.726465E-09  6.109841E-05  1.111905E-04     1.00
 6.6150000E+06  -2.577500E-02  2.726153E-02  0.000000E+00  3.091947E-14       86
   7.40E-07     -8.671782E-03 -2.542604E-03 -5.323953E-05  5.872907E-05 1.07E-12
   4.13E-06 0.00E+00 9.07E-07  3.731475E-09  6.116190E-05  1.112876E-04     1.00
 6.6200000E+06  -2.580000E-02  2.731203E-02  0.000000E+00  3.083175E-14       86
   7.36E-07     -8.671965E-03 -2.542604E-03 -5.204262E-05  5.876353E-05 2.62E-12
   4.12E-06 0.00E+00 9.03E-07  3.736446E-09  6.122506E-05  1.113852E-04     1.00
 6.6250000E+06  -2.582500E-02  2.736245E-02  0.000000E+00  3.074455E-14       86
   7.36E-07     -8.672168E-03 -2.542604E-03 -5.084605E-05  5.879865E-05 4.42E-12
   4.11E-06 0.00E+00 9.01E-07  3.741402E-09  6.128777E-05  1.114830E-04     1.00
 6.6300000E+06  -2.585000E-02  2.741279E-02  0.000000E+00  3.065790E-14       86
   7.34E-07     -8.672391E-03 -2.542604E-03 -4.964980E-05  5.883443E-05 7.37E-13
   4.10E-06 0.00E+00 9.00E-07  3.746345E-09  6.135004E-05  1.115811E-04     1.00
 6.6350000E+06  -2.587500E-02  2.746519E-02  0.000000E+00  3.268927E-14       85
   7.46E-07     -8.672150E-03 -2.542604E-03 -4.845276E-05  5.886358E-05 2.15E-12
   4.19E-06 0.00E+00 9.15E-07  3.751532E-09  6.141386E-05  1.116741E-04     1.00
 6.6400000E+06  -2.590000E-02  2.751763E-02  0.000000E+00  2.661110E-14       85
   7.38E-07     -8.672075E-03 -2.542604E-03 -4.742184E-05  5.889329E-05 1.84E-09
   4.16E-06 0.00E+00 9.04E-07  3.756683E-09  6.147703E-05  1.117669E-04     1.00
 6.6450000E+06  -2.592500E-02  2.756467E-02  0.000000E+00  2.532368E-14       85
   6.32E-07     -8.674812E-03 -2.542604E-03 -4.777408E-05  5.894415E-05 1.57E-12
   3.71E-06 0.00E+00 7.60E-07  3.760746E-09  6.153247E-05  1.118732E-04     1.00
 6.6500000E+06  -2.595000E-02  2.761167E-02  0.000000E+00  2.528395E-14       85
   6.32E-07     -8.677554E-03 -2.542604E-03 -4.812509E-05  5.899535E-05 3.04E-11
   3.71E-06 0.00E+00 7.59E-07  3.764804E-09  6.158775E-05  1.119797E-04     1.00
 6.6550000E+06  -2.597500E-02  2.765863E-02  0.000000E+00  2.524496E-14       85
   6.31E-07     -8.680303E-03 -2.542604E-03 -4.847551E-05  5.904689E-05 1.74E-11
   3.71E-06 0.00E+00 7.58E-07  3.768855E-09  6.164286E-05  1.120864E-04     1.00
 6.6600000E+06  -2.600000E-02  2.770555E-02  0.000000E+00  2.520450E-14       85
   6.30E-07     -8.683060E-03 -2.542604E-03 -4.882533E-05  5.909879E-05 7.23E-12
   3.70E-06 0.00E+00 7.58E-07  3.772900E-09  6.169782E-05  1.121933E-04     1.00
 6.6650000E+06  -2.602500E-02  2.775296E-02  0.000000E+00  2.586033E-14       85
   6.53E-07     -8.685333E-03 -2.542604E-03 -4.843171E-05  5.914724E-05 6.36E-13
   3.74E-06 0.00E+00 7.82E-07  3.777056E-09  6.175509E-05  1.122990E-04     1.00
 6.6700000E+06  -2.605000E-02  2.780034E-02  0.000000E+00  2.581761E-14       85
   6.52E-07     -8.687603E-03 -2.542604E-03 -4.802749E-05  5.919598E-05 5.05E-12
   3.74E-06 0.00E+00 7.82E-07  3.781207E-09  6.181221E-05  1.124048E-04     1.00
 6.6750000E+06  -2.607500E-02  2.784767E-02  0.000000E+00  2.577509E-14       85
   6.51E-07     -8.689882E-03 -2.542604E-03 -4.762259E-05  5.924507E-05 2.08E-12
   3.73E-06 0.00E+00 7.81E-07  3.785352E-09  6.186916E-05  1.125109E-04     1.00
 6.6800000E+06  -2.610000E-02  2.789495E-02  0.000000E+00  2.573271E-14       85
   6.51E-07     -8.692168E-03 -2.542604E-03 -4.721702E-05  5.929452E-05 1.94E-13
   3.73E-06 0.00E+00 7.80E-07  3.789490E-09  6.192595E-05  1.126171E-04     1.00
 6.6850000E+06  -2.612500E-02  2.794219E-02  0.000000E+00  2.569052E-14       85
   6.50E-07     -8.694463E-03 -2.542604E-03 -4.681078E-05  5.934433E-05 6.50E-13
   3.72E-06 0.00E+00 7.79E-07  3.793621E-09  6.198257E-05  1.127235E-04     1.00
 6.6900000E+06  -2.615000E-02  2.798939E-02  0.000000E+00  2.564849E-14       85
   6.49E-07     -8.696766E-03 -2.542604E-03 -4.640386E-05  5.939449E-05 1.06E-11
   3.72E-06 0.00E+00 7.78E-07  3.797746E-09  6.203902E-05  1.128302E-04     1.00
 6.6950000E+06  -2.617500E-02  2.803653E-02  0.000000E+00  2.560660E-14       85
   6.48E-07     -8.699078E-03 -2.542604E-03 -4.599628E-05  5.944500E-05 1.95E-11
   3.71E-06 0.00E+00 7.77E-07  3.801863E-09  6.209530E-05  1.129370E-04     1.00
 6.7000000E+06  -2.620000E-02  2.808363E-02  0.000000E+00  2.556487E-14       85
   6.48E-07     -8.701397E-03 -2.542604E-03 -4.558803E-05  5.949587E-05 1.60E-12
   3.71E-06 0.00E+00 7.76E-07  3.805974E-09  6.215141E-05  1.130440E-04     1.00
 6.7050000E+06  -2.622500E-02  2.813069E-02  0.000000E+00  2.552335E-14       85
   6.47E-07     -8.703724E-03 -2.542604E-03 -4.517911E-05  5.954709E-05 6.69E-13
   3.70E-06 0.00E+00 7.75E-07  3.810078E-09  6.220736E-05  1.131511E-04     1.00
 6.7100000E+06  -2.625000E-02  2.817769E-02  0.000000E+00  2.548189E-14       85
   6.46E-07     -8.706060E-03 -2.542604E-03 -4.476954E-05  5.959866E-05 2.84E-12
   3.70E-06 0.00E+00 7.74E-07  3.814176E-09  6.226315E-05  1.132585E-04     1.00
 6.7150000E+06  -2.627500E-02  2.822466E-02  0.000000E+00  2.544121E-14       85
   6.45E-07     -8.708403E-03 -2.542604E-03 -4.435930E-05  5.965059E-05 9.40E-12
   3.70E-06 0.00E+00 7.73E-07  3.818267E-09  6.231877E-05  1.133660E-04     1.00
 6.7200000E+06  -2.630000E-02  2.827157E-02  0.000000E+00  2.539793E-14       85
   6.50E-07     -8.710755E-03 -2.542604E-03 -4.394841E-05  5.970286E-05 1.45E-12
   3.69E-06 0.00E+00 7.72E-07  3.822352E-09  6.237422E-05  1.134738E-04     1.00
 6.7250000E+06  -2.632500E-02  2.831844E-02  0.000000E+00  2.535883E-14       85
   6.44E-07     -8.713114E-03 -2.542604E-03 -4.353685E-05  5.975549E-05 8.93E-13
   3.69E-06 0.00E+00 7.72E-07  3.826429E-09  6.242952E-05  1.135817E-04     1.00
 6.7300000E+06  -2.635000E-02  2.836527E-02  0.000000E+00  2.531805E-14       85
   6.43E-07     -8.715481E-03 -2.542604E-03 -4.312465E-05  5.980847E-05 4.45E-12
   3.68E-06 0.00E+00 7.71E-07  3.830501E-09  6.248465E-05  1.136898E-04     1.00
 6.7350000E+06  -2.637500E-02  2.841205E-02  0.000000E+00  2.527731E-14       85
   6.42E-07     -8.717857E-03 -2.542604E-03 -4.271179E-05  5.986179E-05 9.17E-12
   3.68E-06 0.00E+00 7.70E-07  3.834565E-09  6.253961E-05  1.137981E-04     1.00
 6.7400000E+06  -2.640000E-02  2.845879E-02  0.000000E+00  2.523704E-14       85
   6.41E-07     -8.720240E-03 -2.542604E-03 -4.229828E-05  5.991546E-05 7.78E-13
   3.67E-06 0.00E+00 7.69E-07  3.838624E-09  6.259442E-05  1.139066E-04     1.00
 6.7450000E+06  -2.642500E-02  2.850548E-02  0.000000E+00  2.519680E-14       85
   6.40E-07     -8.722631E-03 -2.542604E-03 -4.188413E-05  5.996948E-05 3.69E-12
   3.67E-06 0.00E+00 7.68E-07  3.842675E-09  6.264906E-05  1.140153E-04     1.00
 6.7500000E+06  -2.645000E-02  2.855212E-02  0.000000E+00  2.515669E-14       85
   6.40E-07     -8.725029E-03 -2.542604E-03 -4.146932E-05  6.002385E-05 1.84E-12
   3.66E-06 0.00E+00 7.67E-07  3.846721E-09  6.270354E-05  1.141241E-04     1.00
 6.7550000E+06  -2.647500E-02  2.859872E-02  0.000000E+00  2.511675E-14       85
   6.39E-07     -8.727436E-03 -2.542604E-03 -4.105388E-05  6.007856E-05 1.07E-12
   3.66E-06 0.00E+00 7.66E-07  3.850760E-09  6.275786E-05  1.142331E-04     1.00
 6.7600000E+06  -2.650000E-02  2.864528E-02  0.000000E+00  2.507650E-14       85
   6.38E-07     -8.729850E-03 -2.542604E-03 -4.063779E-05  6.013362E-05 6.62E-10
   3.65E-06 0.00E+00 7.65E-07  3.854792E-09  6.281203E-05  1.143424E-04     1.00
 6.7650000E+06  -2.652500E-02  2.869179E-02  0.000000E+00  2.503714E-14       85
   6.37E-07     -8.732272E-03 -2.542604E-03 -4.022106E-05  6.018903E-05 3.09E-11
   3.65E-06 0.00E+00 7.64E-07  3.858818E-09  6.286603E-05  1.144518E-04     1.00
 6.7700000E+06  -2.655000E-02  2.873825E-02  0.000000E+00  2.499779E-14       85
   6.37E-07     -8.734702E-03 -2.542604E-03 -3.980369E-05  6.024477E-05 3.00E-13
   3.65E-06 0.00E+00 7.63E-07  3.862838E-09  6.291988E-05  1.145614E-04     1.00
 6.7750000E+06  -2.657500E-02  2.878468E-02  0.000000E+00  2.495839E-14       85
   6.36E-07     -8.737139E-03 -2.542604E-03 -3.938569E-05  6.030086E-05 1.34E-12
   3.64E-06 0.00E+00 7.62E-07  3.866852E-09  6.297356E-05  1.146712E-04     1.00
 6.7800000E+06  -2.660000E-02  2.883394E-02  0.000000E+00  2.401008E-14       85
   6.36E-07     -8.740111E-03 -2.542604E-03 -3.950946E-05  6.035280E-05 2.30E-11
   3.57E-06 0.00E+00 7.46E-07  3.870757E-09  6.302444E-05  1.147740E-04     1.00
 6.7850000E+06  -2.662500E-02  2.888376E-02  0.000000E+00  2.397678E-14       85
   6.36E-07     -8.743243E-03 -2.542604E-03 -3.975944E-05  6.040420E-05 2.92E-13
   3.56E-06 0.00E+00 7.44E-07  3.874620E-09  6.307458E-05  1.148755E-04     1.00
 6.7900000E+06  -2.665000E-02  2.893354E-02  0.000000E+00  2.394168E-14       85
   6.36E-07     -8.746379E-03 -2.542604E-03 -4.000818E-05  6.045589E-05 5.56E-11
   3.55E-06 0.00E+00 7.43E-07  3.878477E-09  6.312464E-05  1.149773E-04     1.00
 6.7950000E+06  -2.667500E-02  2.898328E-02  0.000000E+00  2.391019E-14       85
   6.35E-07     -8.749517E-03 -2.542604E-03 -4.025568E-05  6.050786E-05 2.91E-12
   3.55E-06 0.00E+00 7.42E-07  3.882329E-09  6.317460E-05  1.150792E-04     1.00
 6.8000000E+06  -2.670000E-02  2.903298E-02  0.000000E+00  2.387729E-14       85
   6.34E-07     -8.752660E-03 -2.542604E-03 -4.050194E-05  6.056011E-05 7.83E-12
   3.55E-06 0.00E+00 7.42E-07  3.886175E-09  6.322448E-05  1.151813E-04     1.00
 6.8050000E+06  -2.672500E-02  2.908264E-02  0.000000E+00  2.384401E-14       85
   6.33E-07     -8.755805E-03 -2.542604E-03 -4.074698E-05  6.061264E-05 2.17E-12
   3.54E-06 0.00E+00 7.41E-07  3.890016E-09  6.327427E-05  1.152837E-04     1.00
 6.8100000E+06  -2.675000E-02  2.913226E-02  0.000000E+00  2.381112E-14       85
   6.33E-07     -8.758954E-03 -2.542604E-03 -4.099080E-05  6.066545E-05 5.90E-11
   3.54E-06 0.00E+00 7.40E-07  3.893852E-09  6.332397E-05  1.153862E-04     1.00
 6.8150000E+06  -2.677500E-02  2.918184E-02  0.000000E+00  2.377842E-14       85
   6.32E-07     -8.762107E-03 -2.542604E-03 -4.123340E-05  6.071855E-05 2.05E-12
   3.53E-06 0.00E+00 7.39E-07  3.897682E-09  6.337359E-05  1.154889E-04     1.00
 6.8200000E+06  -2.680000E-02  2.923140E-02  0.000000E+00  2.442437E-14       86
   6.32E-07     -8.765257E-03 -2.542604E-03 -4.147367E-05  6.077183E-05 1.03E-10
   3.53E-06 0.00E+00 7.39E-07  3.901510E-09  6.342315E-05  1.155917E-04     1.00
 6.8250000E+06  -2.682500E-02  2.928168E-02  0.000000E+00  2.428749E-14       86
   6.39E-07     -8.768174E-03 -2.542604E-03 -4.168359E-05  6.082249E-05 1.72E-12
   3.59E-06 0.00E+00 7.49E-07  3.905421E-09  6.347365E-05  1.156929E-04     1.00
 6.8300000E+06  -2.685000E-02  2.933192E-02  0.000000E+00  2.425329E-14       86
   6.39E-07     -8.771095E-03 -2.542604E-03 -4.189225E-05  6.087344E-05 8.88E-12
   3.59E-06 0.00E+00 7.48E-07  3.909327E-09  6.352405E-05  1.157943E-04     1.00
 6.8350000E+06  -2.687500E-02  2.938212E-02  0.000000E+00  2.421891E-14       86
   6.38E-07     -8.774020E-03 -2.542604E-03 -4.209973E-05  6.092469E-05 1.95E-11
   3.58E-06 0.00E+00 7.47E-07  3.913227E-09  6.357435E-05  1.158958E-04     1.00
 6.8400000E+06  -2.690000E-02  2.943227E-02  0.000000E+00  2.418481E-14       86
   6.37E-07     -8.776950E-03 -2.542604E-03 -4.230606E-05  6.097622E-05 1.71E-10
   3.58E-06 0.00E+00 7.46E-07  3.917121E-09  6.362455E-05  1.159975E-04     1.00
 6.8450000E+06  -2.692500E-02  2.948239E-02  0.000000E+00  2.415079E-14       86
   6.36E-07     -8.779883E-03 -2.542604E-03 -4.251122E-05  6.102803E-05 2.00E-12
   3.58E-06 0.00E+00 7.45E-07  3.921010E-09  6.367466E-05  1.160995E-04     1.00
 6.8500000E+06  -2.695000E-02  2.953246E-02  0.000000E+00  2.411695E-14       86
   6.36E-07     -8.782820E-03 -2.542604E-03 -4.271522E-05  6.108014E-05 2.18E-12
   3.57E-06 0.00E+00 7.45E-07  3.924894E-09  6.372467E-05  1.162016E-04     1.00
 6.8550000E+06  -2.697500E-02  2.958250E-02  0.000000E+00  2.408336E-14       86
   6.35E-07     -8.785760E-03 -2.542604E-03 -4.291807E-05  6.113253E-05 4.69E-12
   3.57E-06 0.00E+00 7.44E-07  3.928772E-09  6.377458E-05  1.163039E-04     1.00
 6.8600000E+06  -2.700000E-02  2.963285E-02  0.000000E+00  2.691108E-14       85
   6.39E-07     -8.788607E-03 -2.542604E-03 -4.310781E-05  6.118403E-05 1.20E-10
   3.59E-06 0.00E+00 7.47E-07  3.932695E-09  6.382469E-05  1.164055E-04     1.00
 6.8650000E+06  -2.702500E-02  2.968638E-02  0.000000E+00  2.715957E-14       85
   6.77E-07     -8.790578E-03 -2.542604E-03 -4.320252E-05  6.122533E-05 1.11E-12
   3.76E-06 0.00E+00 7.87E-07  3.937073E-09  6.387724E-05  1.164994E-04     1.00
 6.8700000E+06  -2.705000E-02  2.973966E-02  0.000000E+00  2.709464E-14       85
   6.80E-07     -8.792489E-03 -2.542604E-03 -4.325057E-05  6.126761E-05 1.01E-11
   3.75E-06 0.00E+00 7.89E-07  3.941444E-09  6.392945E-05  1.165939E-04     1.00
 6.8750000E+06  -2.707500E-02  2.979269E-02  0.000000E+00  2.705383E-14       85
   6.83E-07     -8.794324E-03 -2.542604E-03 -4.324369E-05  6.131095E-05 2.86E-11
   3.75E-06 0.00E+00 7.92E-07  3.945809E-09  6.398130E-05  1.166891E-04     1.00
 6.8800000E+06  -2.710000E-02  2.984686E-02  0.000000E+00  2.865778E-14       86
   7.34E-07     -8.795809E-03 -2.542604E-03 -4.316652E-05  6.135094E-05 9.48E-13
   3.82E-06 0.00E+00 8.56E-07  3.950352E-09  6.403375E-05  1.167815E-04     1.00
 6.8850000E+06  -2.712500E-02  2.990164E-02  0.000000E+00  2.861015E-14       86
   7.47E-07     -8.797096E-03 -2.542604E-03 -4.305122E-05  6.138916E-05 1.83E-12
   3.85E-06 0.00E+00 8.91E-07  3.954993E-09  6.408648E-05  1.168725E-04     1.00
 6.8900000E+06  -2.715000E-02  2.995638E-02  0.000000E+00  2.856261E-14       86
   7.46E-07     -8.798389E-03 -2.542604E-03 -4.293407E-05  6.142771E-05 3.63E-12
   3.85E-06 0.00E+00 8.90E-07  3.959627E-09  6.413906E-05  1.169636E-04     1.00
 6.8950000E+06  -2.717500E-02  3.001106E-02  0.000000E+00  2.851545E-14       86
   7.45E-07     -8.799687E-03 -2.542604E-03 -4.281509E-05  6.146658E-05 2.74E-12
   3.84E-06 0.00E+00 8.89E-07  3.964254E-09  6.419150E-05  1.170549E-04     1.00
 6.9000000E+06  -2.720000E-02  3.006569E-02  0.000000E+00  2.846823E-14       86
   7.45E-07     -8.800990E-03 -2.542604E-03 -4.269428E-05  6.150578E-05 2.37E-13
   3.84E-06 0.00E+00 8.88E-07  3.968872E-09  6.424379E-05  1.171464E-04     1.00
 6.9050000E+06  -2.722500E-02  3.012026E-02  0.000000E+00  2.842137E-14       86
   7.44E-07     -8.802298E-03 -2.542604E-03 -4.257165E-05  6.154531E-05 3.38E-14
   3.83E-06 0.00E+00 8.87E-07  3.973483E-09  6.429594E-05  1.172381E-04     1.00
 6.9100000E+06  -2.725000E-02  3.017478E-02  0.000000E+00  2.837457E-14       86
   7.43E-07     -8.803611E-03 -2.542604E-03 -4.244720E-05  6.158516E-05 1.64E-14
   3.83E-06 0.00E+00 8.86E-07  3.978087E-09  6.434795E-05  1.173300E-04     1.00
 6.9150000E+06  -2.727500E-02  3.022924E-02  0.000000E+00  2.832766E-14       86
   7.42E-07     -8.804930E-03 -2.542604E-03 -4.232095E-05  6.162533E-05 3.26E-12
   3.82E-06 0.00E+00 8.85E-07  3.982683E-09  6.439982E-05  1.174220E-04     1.00
 6.9200000E+06  -2.730000E-02  3.028318E-02  0.000000E+00  1.931307E-14       86
   7.51E-07     -8.806503E-03 -2.542604E-03 -4.227101E-05  6.166738E-05 2.10E-09
   3.80E-06 0.00E+00 8.76E-07  3.987191E-09  6.445117E-05  1.175154E-04     1.00
 6.9250000E+06  -2.732500E-02  3.032999E-02  0.000000E+00  2.021415E-14       87
   6.21E-07     -8.811560E-03 -2.542604E-03 -4.320394E-05  6.173252E-05 1.14E-12
   3.25E-06 0.00E+00 7.52E-07  3.990465E-09  6.449716E-05  1.176265E-04     1.00
 6.9300000E+06  -2.735000E-02  3.039051E-02  0.000000E+00  3.719399E-14       87
   8.13E-07     -8.811208E-03 -2.542604E-03 -4.348028E-05  6.174262E-05 1.49E-11
   4.29E-06 0.00E+00 9.76E-07  3.996145E-09  6.456437E-05  1.177039E-04     1.00
 6.9350000E+06  -2.737500E-02  3.045680E-02  0.000000E+00  7.148644E-14       87
   1.13E-06     -8.805375E-03 -2.542604E-03 -4.592635E-05  6.169650E-05 2.96E-12
   5.43E-06 0.00E+00 1.38E-06  4.005668E-09  6.467348E-05  1.177668E-04     1.00
 6.9400000E+06  -2.740000E-02  3.052548E-02  0.000000E+00  7.101871E-14       87
   1.31E-06     -8.796647E-03 -2.542604E-03 -4.977817E-05  6.162060E-05 9.32E-11
   6.02E-06 0.00E+00 1.60E-06  4.017350E-09  6.480624E-05  1.178237E-04     1.00
 6.9450000E+06  -2.742500E-02  3.059397E-02  0.000000E+00  7.055830E-14       87
   1.31E-06     -8.787983E-03 -2.542604E-03 -5.361424E-05  6.154611E-05 4.12E-12
   6.01E-06 0.00E+00 1.60E-06  4.028956E-09  6.493787E-05  1.178809E-04     1.00
 6.9500000E+06  -2.745000E-02  3.066228E-02  0.000000E+00  7.010577E-14       87
   1.30E-06     -8.779385E-03 -2.542604E-03 -5.743474E-05  6.147302E-05 4.11E-11
   5.99E-06 0.00E+00 1.60E-06  4.040487E-09  6.506837E-05  1.179383E-04     1.00
 6.9550000E+06  -2.747500E-02  3.073039E-02  0.000000E+00  6.965832E-14       87
   1.30E-06     -8.770850E-03 -2.542604E-03 -6.123987E-05  6.140131E-05 1.26E-12
   5.97E-06 0.00E+00 1.59E-06  4.051944E-09  6.519775E-05  1.179960E-04     1.00
 6.9600000E+06  -2.750000E-02  3.079831E-02  0.000000E+00  6.921880E-14       87
   1.30E-06     -8.762377E-03 -2.542604E-03 -6.502982E-05  6.133097E-05 8.04E-11
   5.96E-06 0.00E+00 1.59E-06  4.063328E-09  6.532603E-05  1.180539E-04     1.00
 6.9650000E+06  -2.752500E-02  3.086605E-02  0.000000E+00  6.878531E-14       87
   1.29E-06     -8.753967E-03 -2.542604E-03 -6.880475E-05  6.126197E-05 6.12E-12
   5.94E-06 0.00E+00 1.58E-06  4.074640E-09  6.545322E-05  1.181121E-04     1.00
 6.9700000E+06  -2.755000E-02  3.093361E-02  0.000000E+00  6.835854E-14       87
   1.29E-06     -8.745618E-03 -2.542604E-03 -7.256486E-05  6.119432E-05 1.09E-12
   5.93E-06 0.00E+00 1.58E-06  4.085883E-09  6.557933E-05  1.181706E-04     1.00
 6.9750000E+06  -2.757500E-02  3.100098E-02  0.000000E+00  6.793816E-14       87
   1.29E-06     -8.737329E-03 -2.542604E-03 -7.631031E-05  6.112798E-05 2.07E-12
   5.91E-06 0.00E+00 1.57E-06  4.097055E-09  6.570438E-05  1.182293E-04     1.00
 6.9800000E+06  -2.760000E-02  3.106818E-02  0.000000E+00  6.752354E-14       87
   1.28E-06     -8.729101E-03 -2.542604E-03 -8.004128E-05  6.106294E-05 1.05E-11
   5.90E-06 0.00E+00 1.57E-06  4.108159E-09  6.582837E-05  1.182883E-04     1.00
 6.9850000E+06  -2.762500E-02  3.113445E-02  0.000000E+00  6.323291E-14       87
   1.25E-06     -8.721504E-03 -2.542604E-03 -8.374285E-05  6.100076E-05 2.45E-12
   5.75E-06 0.00E+00 1.53E-06  4.118712E-09  6.595161E-05  1.183494E-04     1.00
 6.9900000E+06  -2.765000E-02  3.120031E-02  0.000000E+00  6.285435E-14       87
   1.24E-06     -8.714141E-03 -2.542604E-03 -8.742283E-05  6.094033E-05 1.17E-12
   5.69E-06 0.00E+00 1.52E-06  4.129053E-09  6.607394E-05  1.184113E-04     1.00
 6.9950000E+06  -2.767500E-02  3.126601E-02  0.000000E+00  6.248144E-14       87
   1.24E-06     -8.706834E-03 -2.542604E-03 -9.108993E-05  6.088102E-05 4.16E-12
   5.68E-06 0.00E+00 1.52E-06  4.139332E-09  6.619537E-05  1.184734E-04     1.00
 7.0000000E+06  -2.770000E-02  3.133155E-02  0.000000E+00  6.211392E-14       87
   1.24E-06     -8.699583E-03 -2.542604E-03 -9.474430E-05  6.082282E-05 4.15E-12
   5.67E-06 0.00E+00 1.51E-06  4.149551E-09  6.631594E-05  1.185358E-04     1.00
 7.0050000E+06  -2.772500E-02  3.139692E-02  0.000000E+00  6.175189E-14       87
   1.23E-06     -8.692387E-03 -2.542604E-03 -9.838609E-05  6.076571E-05 4.81E-12
   5.65E-06 0.00E+00 1.51E-06  4.159710E-09  6.643563E-05  1.185984E-04     1.00
 7.0100000E+06  -2.775000E-02  3.146214E-02  0.000000E+00  6.139463E-14       87
   1.23E-06     -8.685246E-03 -2.542604E-03 -1.020154E-04  6.070970E-05 1.28E-10
   5.64E-06 0.00E+00 1.50E-06  4.169809E-09  6.655447E-05  1.186612E-04     1.00
 7.0150000E+06  -2.777500E-02  3.152719E-02  0.000000E+00  6.104303E-14       87
   1.23E-06     -8.678158E-03 -2.542604E-03 -1.056325E-04  6.065475E-05 2.52E-12
   5.62E-06 0.00E+00 1.50E-06  4.179851E-09  6.667247E-05  1.187243E-04     1.00
 7.0200000E+06  -2.780000E-02  3.159209E-02  0.000000E+00  6.069618E-14       87
   1.23E-06     -8.671123E-03 -2.542604E-03 -1.092374E-04  6.060087E-05 9.45E-13
   5.61E-06 0.00E+00 1.50E-06  4.189836E-09  6.678962E-05  1.187875E-04     1.00
 7.0250000E+06  -2.782500E-02  3.165684E-02  0.000000E+00  6.035424E-14       87
   1.22E-06     -8.664141E-03 -2.542604E-03 -1.128303E-04  6.054803E-05 2.86E-11
   5.60E-06 0.00E+00 1.49E-06  4.199764E-09  6.690595E-05  1.188510E-04     1.00
 7.0300000E+06  -2.785000E-02  3.172143E-02  0.000000E+00  6.001699E-14       87
   1.22E-06     -8.657211E-03 -2.542604E-03 -1.164113E-04  6.049623E-05 7.39E-12
   5.58E-06 0.00E+00 1.49E-06  4.209636E-09  6.702146E-05  1.189148E-04     1.00
 7.0350000E+06  -2.787500E-02  3.178587E-02  0.000000E+00  5.968467E-14       87
   1.22E-06     -8.650331E-03 -2.542604E-03 -1.199805E-04  6.044546E-05 2.44E-11
   5.57E-06 0.00E+00 1.49E-06  4.219453E-09  6.713616E-05  1.189787E-04     1.00
 7.0400000E+06  -2.790000E-02  3.185016E-02  0.000000E+00  5.935660E-14       87
   1.21E-06     -8.643503E-03 -2.542604E-03 -1.235382E-04  6.039570E-05 4.80E-12
   5.56E-06 0.00E+00 1.48E-06  4.229217E-09  6.725005E-05  1.190428E-04     1.00
 7.0450000E+06  -2.792500E-02  3.191430E-02  0.000000E+00  5.903309E-14       87
   1.21E-06     -8.636724E-03 -2.542604E-03 -1.270843E-04  6.034694E-05 3.23E-12
   5.54E-06 0.00E+00 1.48E-06  4.238927E-09  6.736316E-05  1.191072E-04     1.00
 7.0500000E+06  -2.795000E-02  3.197621E-02  0.000000E+00  5.244308E-14       86
   1.18E-06     -8.630756E-03 -2.542604E-03 -1.304629E-04  6.030751E-05 4.39E-11
   5.32E-06 0.00E+00 1.44E-06  4.247994E-09  6.747229E-05  1.191769E-04     1.00
 7.0550000E+06  -2.797500E-02  3.203652E-02  0.000000E+00  5.217474E-14       86
   1.16E-06     -8.625371E-03 -2.542604E-03 -1.337200E-04  6.027487E-05 1.91E-11
   5.17E-06 0.00E+00 1.41E-06  4.256596E-09  6.757848E-05  1.192505E-04     1.00
 7.0600000E+06  -2.800000E-02  3.209670E-02  0.000000E+00  5.190986E-14       86
   1.15E-06     -8.620029E-03 -2.542604E-03 -1.369673E-04  6.024309E-05 5.86E-13
   5.16E-06 0.00E+00 1.41E-06  4.265155E-09  6.768399E-05  1.193242E-04     1.00
 7.0650000E+06  -2.802500E-02  3.215675E-02  0.000000E+00  5.164830E-14       86
   1.15E-06     -8.614729E-03 -2.542604E-03 -1.402048E-04  6.021218E-05 7.67E-12
   5.15E-06 0.00E+00 1.40E-06  4.273671E-09  6.778884E-05  1.193982E-04     1.00
 7.0700000E+06  -2.805000E-02  3.221668E-02  0.000000E+00  5.139008E-14       86
   1.15E-06     -8.609470E-03 -2.542604E-03 -1.434327E-04  6.018212E-05 5.12E-13
   5.14E-06 0.00E+00 1.40E-06  4.282144E-09  6.789303E-05  1.194723E-04     1.00
 7.0750000E+06  -2.807500E-02  3.227648E-02  0.000000E+00  5.113503E-14       86
   1.15E-06     -8.604253E-03 -2.542604E-03 -1.466510E-04  6.015290E-05 5.10E-11
   5.12E-06 0.00E+00 1.40E-06  4.290575E-09  6.799657E-05  1.195466E-04     1.00
 7.0800000E+06  -2.810000E-02  3.233615E-02  0.000000E+00  5.088329E-14       86
   1.14E-06     -8.599076E-03 -2.542604E-03 -1.498597E-04  6.012453E-05 7.43E-12
   5.11E-06 0.00E+00 1.39E-06  4.298965E-09  6.809947E-05  1.196212E-04     1.00
 7.0850000E+06  -2.812500E-02  3.239570E-02  0.000000E+00  5.063442E-14       86
   1.14E-06     -8.593940E-03 -2.542604E-03 -1.530592E-04  6.009698E-05 7.46E-12
   5.10E-06 0.00E+00 1.39E-06  4.307313E-09  6.820172E-05  1.196959E-04     1.00
 7.0900000E+06  -2.815000E-02  3.245512E-02  0.000000E+00  5.038887E-14       86
   1.14E-06     -8.588844E-03 -2.542604E-03 -1.562493E-04  6.007025E-05 1.15E-11
   5.09E-06 0.00E+00 1.39E-06  4.315621E-09  6.830335E-05  1.197708E-04     1.00
 7.0950000E+06  -2.817500E-02  3.251443E-02  0.000000E+00  5.014597E-14       86
   1.14E-06     -8.583787E-03 -2.542604E-03 -1.594302E-04  6.004434E-05 3.79E-12
   5.08E-06 0.00E+00 1.39E-06  4.323889E-09  6.840434E-05  1.198459E-04     1.00
 7.1000000E+06  -2.820000E-02  3.257360E-02  0.000000E+00  5.028178E-14       87
   1.18E-06     -8.578773E-03 -2.542604E-03 -1.626014E-04  6.001927E-05 1.04E-09
   5.09E-06 0.00E+00 1.43E-06  4.332175E-09  6.850470E-05  1.199212E-04     1.00
 7.1050000E+06  -2.822500E-02  3.275487E-02  0.000000E+00  7.366114E-11       87
   5.62E-06     -8.501373E-03 -2.542604E-03 -1.706802E-04  5.948568E-05 1.01E-07
   2.86E-05 0.00E+00 6.71E-06  4.971163E-09  6.881087E-05  1.196945E-04     1.00
 7.1100000E+06  -2.825000E-02  3.312535E-02  0.000000E+00  8.446995E-15       84
   1.26E-05     -8.300984E-03 -2.542604E-03 -1.840570E-04  5.804411E-05 2.38E-11
   6.55E-05 0.00E+00 1.51E-05  1.214893E-08  6.954467E-05  1.189938E-04     1.00
 7.1150000E+06  -2.827500E-02  3.315774E-02  0.000000E+00  2.909482E-14       84
   5.09E-07     -8.307222E-03 -2.542604E-03 -1.836158E-04  5.811010E-05 1.45E-12
   2.83E-06 0.00E+00 6.06E-07  1.215146E-08  6.961316E-05  1.191283E-04     1.00
 7.1200000E+06  -2.830000E-02  3.319920E-02  0.000000E+00  3.514161E-14       86
   8.03E-07     -8.306131E-03 -2.542604E-03 -1.828330E-04  5.811556E-05 2.79E-12
   4.19E-06 0.00E+00 9.74E-07  1.215669E-08  6.971983E-05  1.192404E-04     1.00
 7.1250000E+06  -2.832500E-02  3.324281E-02  0.000000E+00  3.502657E-14       86
   8.51E-07     -8.303835E-03 -2.542604E-03 -1.819138E-04  5.810963E-05 5.16E-12
   4.38E-06 0.00E+00 1.03E-06  1.216238E-08  6.983254E-05  1.193472E-04     1.00
 7.1300000E+06  -2.835000E-02  3.328636E-02  0.000000E+00  3.491255E-14       86
   8.49E-07     -8.301563E-03 -2.542604E-03 -1.809966E-04  5.810458E-05 4.68E-12
   4.37E-06 0.00E+00 1.03E-06  1.216805E-08  6.994446E-05  1.194541E-04     1.00
 7.1350000E+06  -2.837500E-02  3.333061E-02  0.000000E+00  3.957817E-14       86
   8.81E-07     -8.298388E-03 -2.542604E-03 -1.795202E-04  5.809590E-05 8.32E-12
   4.57E-06 0.00E+00 1.07E-06  1.217422E-08  7.005823E-05  1.195592E-04     1.00
 7.1400000E+06  -2.840000E-02  3.337515E-02  0.000000E+00  3.942786E-14       86
   8.95E-07     -8.294800E-03 -2.542604E-03 -1.777953E-04  5.808589E-05 4.81E-12
   4.65E-06 0.00E+00 1.08E-06  1.218062E-08  7.017252E-05  1.196635E-04     1.00
 7.1450000E+06  -2.842500E-02  3.341962E-02  0.000000E+00  3.927906E-14       86
   8.94E-07     -8.291240E-03 -2.542604E-03 -1.760746E-04  5.807681E-05 5.00E-12
   4.64E-06 0.00E+00 1.08E-06  1.218699E-08  7.028598E-05  1.197678E-04     1.00
 7.1500000E+06  -2.845000E-02  3.346403E-02  0.000000E+00  3.913172E-14       86
   8.92E-07     -8.287710E-03 -2.542604E-03 -1.743580E-04  5.806865E-05 8.92E-12
   4.64E-06 0.00E+00 1.08E-06  1.219335E-08  7.039861E-05  1.198723E-04     1.00
 7.1550000E+06  -2.847500E-02  3.350501E-02  0.000000E+00  2.152236E-14       85
   7.24E-07     -8.290286E-03 -2.542604E-03 -1.730011E-04  5.810244E-05 2.16E-12
   3.50E-06 0.00E+00 8.82E-07  1.219714E-08  7.047772E-05  1.199852E-04     1.00
 7.1600000E+06  -2.850000E-02  3.354557E-02  0.000000E+00  2.150112E-14       85
   7.06E-07     -8.293540E-03 -2.542604E-03 -1.717020E-04  5.814141E-05 8.70E-13
   3.38E-06 0.00E+00 8.60E-07  1.220065E-08  7.055282E-05  1.200993E-04     1.00
 7.1650000E+06  -2.852500E-02  3.358949E-02  0.000000E+00  1.803905E-13       85
   8.10E-07     -8.295957E-03 -2.542604E-03 -1.701813E-04  5.817281E-05 1.03E-09
   3.89E-06 0.00E+00 9.72E-07  1.220577E-08  7.062727E-05  1.202052E-04     1.00
 7.1700000E+06  -2.855000E-02  3.367157E-02  0.000000E+00  1.626052E-13       86
   2.00E-06     -8.289135E-03 -2.542604E-03 -1.655757E-04  5.811013E-05 7.95E-12
   9.31E-06 0.00E+00 2.45E-06  1.223252E-08  7.070145E-05  1.202167E-04     1.00
 7.1750000E+06  -2.857500E-02  3.375331E-02  0.000000E+00  1.609514E-13       86
   2.00E-06     -8.282353E-03 -2.542604E-03 -1.610061E-04  5.804881E-05 4.18E-12
   9.31E-06 0.00E+00 2.45E-06  1.225901E-08  7.077498E-05  1.202289E-04     1.00
 7.1800000E+06  -2.860000E-02  3.383468E-02  0.000000E+00  1.593293E-13       86
   1.99E-06     -8.275626E-03 -2.542604E-03 -1.564728E-04  5.798893E-05 2.69E-11
   9.27E-06 0.00E+00 2.44E-06  1.228523E-08  7.084783E-05  1.202419E-04     1.00
 7.1850000E+06  -2.862500E-02  3.391568E-02  0.000000E+00  1.577379E-13       86
   1.98E-06     -8.268953E-03 -2.542604E-03 -1.519752E-04  5.793048E-05 3.63E-12
   9.22E-06 0.00E+00 2.43E-06  1.231119E-08  7.092002E-05  1.202557E-04     1.00
 7.1900000E+06  -2.865000E-02  3.399631E-02  0.000000E+00  1.561766E-13       86
   1.97E-06     -8.262333E-03 -2.542604E-03 -1.475128E-04  5.787344E-05 2.62E-12
   9.18E-06 0.00E+00 2.42E-06  1.233689E-08  7.099155E-05  1.202702E-04     1.00
 7.1950000E+06  -2.867500E-02  3.407659E-02  0.000000E+00  1.546445E-13       86
   1.96E-06     -8.255765E-03 -2.542604E-03 -1.430851E-04  5.781778E-05 4.86E-12
   9.14E-06 0.00E+00 2.41E-06  1.236234E-08  7.106242E-05  1.202854E-04     1.00
 7.2000000E+06  -2.870000E-02  3.415651E-02  0.000000E+00  1.531406E-13       86
   1.96E-06     -8.249248E-03 -2.542604E-03 -1.386917E-04  5.776348E-05 1.78E-12
   9.10E-06 0.00E+00 2.40E-06  1.238753E-08  7.113266E-05  1.203014E-04     1.00
 7.2050000E+06  -2.872500E-02  3.423609E-02  0.000000E+00  1.516645E-13       86
   1.95E-06     -8.242781E-03 -2.542604E-03 -1.343321E-04  5.771053E-05 3.22E-12
   9.06E-06 0.00E+00 2.39E-06  1.241249E-08  7.120226E-05  1.203181E-04     1.00
 7.2100000E+06  -2.875000E-02  3.431533E-02  0.000000E+00  1.502151E-13       86
   1.94E-06     -8.236364E-03 -2.542604E-03 -1.300059E-04  5.765890E-05 6.15E-12
   9.02E-06 0.00E+00 2.38E-06  1.243720E-08  7.127124E-05  1.203354E-04     1.00
 7.2150000E+06  -2.877500E-02  3.439423E-02  0.000000E+00  1.487920E-13       86
   1.93E-06     -8.229995E-03 -2.542604E-03 -1.257126E-04  5.760858E-05 4.02E-12
   8.98E-06 0.00E+00 2.37E-06  1.246168E-08  7.133960E-05  1.203535E-04     1.00
 7.2200000E+06  -2.880000E-02  3.447331E-02  0.000000E+00  1.132388E-13       87
   1.83E-06     -8.223241E-03 -2.542604E-03 -1.218025E-04  5.755615E-05 2.99E-12
   8.62E-06 0.00E+00 2.24E-06  1.248416E-08  7.140946E-05  1.203710E-04     1.00
 7.2250000E+06  -2.882500E-02  3.455348E-02  0.000000E+00  1.123774E-13       87
   1.62E-06     -8.215467E-03 -2.542604E-03 -1.186944E-04  5.749677E-05 1.60E-12
   7.89E-06 0.00E+00 1.96E-06  1.250254E-08  7.148342E-05  1.203856E-04     1.00
 7.2300000E+06  -2.885000E-02  3.463341E-02  0.000000E+00  1.115405E-13       87
   1.62E-06     -8.207730E-03 -2.542604E-03 -1.156088E-04  5.743853E-05 3.25E-12
   7.87E-06 0.00E+00 1.96E-06  1.252078E-08  7.155668E-05  1.204006E-04     1.00
 7.2350000E+06  -2.887500E-02  3.471308E-02  0.000000E+00  1.107175E-13       87
   1.61E-06     -8.200030E-03 -2.542604E-03 -1.125454E-04  5.738144E-05 1.48E-12
   7.84E-06 0.00E+00 1.95E-06  1.253889E-08  7.162922E-05  1.204161E-04     1.00
 7.2400000E+06  -2.890000E-02  3.479251E-02  0.000000E+00  1.099081E-13       87
   1.60E-06     -8.192367E-03 -2.542604E-03 -1.095039E-04  5.732549E-05 2.03E-12
   7.82E-06 0.00E+00 1.94E-06  1.255687E-08  7.170106E-05  1.204320E-04     1.00
 7.2450000E+06  -2.892500E-02  3.487170E-02  0.000000E+00  1.091118E-13       87
   1.60E-06     -8.184740E-03 -2.542604E-03 -1.064839E-04  5.727065E-05 3.57E-12
   7.80E-06 0.00E+00 1.94E-06  1.257472E-08  7.177221E-05  1.204483E-04     1.00
 7.2500000E+06  -2.895000E-02  3.495064E-02  0.000000E+00  1.083286E-13       87
   1.59E-06     -8.177149E-03 -2.542604E-03 -1.034854E-04  5.721693E-05 2.35E-12
   7.77E-06 0.00E+00 1.93E-06  1.259243E-08  7.184266E-05  1.204650E-04     1.00
 7.2550000E+06  -2.897500E-02  3.502367E-02  0.000000E+00  7.100736E-14       88
   1.46E-06     -8.171316E-03 -2.542604E-03 -1.002866E-04  5.718353E-05 1.54E-12
   7.21E-06 0.00E+00 1.77E-06  1.260768E-08  7.190724E-05  1.204962E-04     1.00
 7.2600000E+06  -2.900000E-02  3.508769E-02  0.000000E+00  7.074215E-14       88
   1.23E-06     -8.168201E-03 -2.542604E-03 -9.679658E-05  5.718096E-05 5.85E-12
   6.35E-06 0.00E+00 1.52E-06  1.261917E-08  7.196313E-05  1.205496E-04     1.00
 7.2650000E+06  -2.902500E-02  3.515164E-02  0.000000E+00  7.047919E-14       88
   1.23E-06     -8.165086E-03 -2.542604E-03 -9.332287E-05  5.717899E-05 3.81E-12
   6.34E-06 0.00E+00 1.52E-06  1.263062E-08  7.201855E-05  1.206030E-04     1.00
 7.2700000E+06  -2.905000E-02  3.521552E-02  0.000000E+00  7.021925E-14       88
   1.23E-06     -8.161972E-03 -2.542604E-03 -8.986530E-05  5.717761E-05 3.71E-13
   6.33E-06 0.00E+00 1.52E-06  1.264202E-08  7.207349E-05  1.206566E-04     1.00
 7.2750000E+06  -2.907500E-02  3.527932E-02  0.000000E+00  6.996225E-14       88
   1.22E-06     -8.158858E-03 -2.542604E-03 -8.642373E-05  5.717684E-05 3.88E-12
   6.31E-06 0.00E+00 1.51E-06  1.265338E-08  7.212795E-05  1.207103E-04     1.00
 7.2800000E+06  -2.910000E-02  3.534305E-02  0.000000E+00  6.970816E-14       88
   1.22E-06     -8.155745E-03 -2.542604E-03 -8.299804E-05  5.717666E-05 1.08E-12
   6.30E-06 0.00E+00 1.51E-06  1.266470E-08  7.218193E-05  1.207641E-04     1.00
 7.2850000E+06  -2.912500E-02  3.540670E-02  0.000000E+00  6.945693E-14       88
   1.22E-06     -8.152631E-03 -2.542604E-03 -7.958809E-05  5.717707E-05 1.66E-12
   6.29E-06 0.00E+00 1.50E-06  1.267598E-08  7.223543E-05  1.208180E-04     1.00
 7.2900000E+06  -2.915000E-02  3.547028E-02  0.000000E+00  6.920850E-14       88
   1.22E-06     -8.149519E-03 -2.542604E-03 -7.619376E-05  5.717807E-05 1.45E-12
   6.28E-06 0.00E+00 1.50E-06  1.268722E-08  7.228846E-05  1.208721E-04     1.00
 7.2950000E+06  -2.917500E-02  3.553380E-02  0.000000E+00  6.896284E-14       88
   1.21E-06     -8.146406E-03 -2.542604E-03 -7.281494E-05  5.717966E-05 1.54E-12
   6.27E-06 0.00E+00 1.50E-06  1.269841E-08  7.234101E-05  1.209262E-04     1.00
 7.3000000E+06  -2.920000E-02  3.559724E-02  0.000000E+00  6.871990E-14       88
   1.21E-06     -8.143294E-03 -2.542604E-03 -6.945148E-05  5.718185E-05 1.98E-12
   6.26E-06 0.00E+00 1.49E-06  1.270957E-08  7.239309E-05  1.209805E-04     1.00
 7.3050000E+06  -2.922500E-02  3.566060E-02  0.000000E+00  6.847963E-14       88
   1.21E-06     -8.140183E-03 -2.542604E-03 -6.610328E-05  5.718462E-05 1.42E-11
   6.25E-06 0.00E+00 1.49E-06  1.272069E-08  7.244469E-05  1.210349E-04     1.00
 7.3100000E+06  -2.925000E-02  3.572390E-02  0.000000E+00  6.824198E-14       88
   1.20E-06     -8.137072E-03 -2.542604E-03 -6.277021E-05  5.718797E-05 2.86E-12
   6.24E-06 0.00E+00 1.49E-06  1.273176E-08  7.249581E-05  1.210894E-04     1.00
 7.3150000E+06  -2.927500E-02  3.578713E-02  0.000000E+00  6.800693E-14       88
   1.20E-06     -8.133961E-03 -2.542604E-03 -5.945216E-05  5.719191E-05 5.45E-12
   6.23E-06 0.00E+00 1.48E-06  1.274280E-08  7.254646E-05  1.211440E-04     1.00
 7.3200000E+06  -2.930000E-02  3.585010E-02  0.000000E+00  6.726115E-14       88
   1.20E-06     -8.130932E-03 -2.542604E-03 -5.615348E-05  5.719572E-05 8.41E-13
   6.21E-06 0.00E+00 1.48E-06  1.275377E-08  7.259781E-05  1.211991E-04     1.00
 7.3250000E+06  -2.932500E-02  3.591276E-02  0.000000E+00  6.703303E-14       88
   1.20E-06     -8.128015E-03 -2.542604E-03 -5.287343E-05  5.719938E-05 3.67E-11
   6.18E-06 0.00E+00 1.48E-06  1.276465E-08  7.265004E-05  1.212550E-04     1.00
 7.3300000E+06  -2.935000E-02  3.597534E-02  0.000000E+00  6.680728E-14       88
   1.19E-06     -8.125098E-03 -2.542604E-03 -4.960801E-05  5.720358E-05 3.79E-12
   6.17E-06 0.00E+00 1.48E-06  1.277550E-08  7.270182E-05  1.213110E-04     1.00
 7.3350000E+06  -2.937500E-02  3.603857E-02  0.000000E+00  1.086716E-13       88
   1.27E-06     -8.120770E-03 -2.542604E-03 -4.482456E-05  5.719780E-05 4.41E-13
   6.89E-06 0.00E+00 1.57E-06  1.278892E-08  7.276194E-05  1.213654E-04     1.00
 7.3400000E+06  -2.940000E-02  3.610376E-02  0.000000E+00  1.085715E-13       88
   1.38E-06     -8.114063E-03 -2.542604E-03 -3.789459E-05  5.717441E-05 1.07E-12
   7.93E-06 0.00E+00 1.71E-06  1.280637E-08  7.283471E-05  1.214148E-04     1.00
 7.3450000E+06  -2.942500E-02  3.616885E-02  0.000000E+00  1.084731E-13       88
   1.38E-06     -8.107345E-03 -2.542604E-03 -3.097288E-05  5.715218E-05 6.17E-13
   7.93E-06 0.00E+00 1.71E-06  1.282380E-08  7.290638E-05  1.214642E-04     1.00
 7.3500000E+06  -2.945000E-02  3.623386E-02  0.000000E+00  1.083763E-13       88
   1.38E-06     -8.100616E-03 -2.542604E-03 -2.405939E-05  5.713110E-05 3.26E-12
   7.93E-06 0.00E+00 1.71E-06  1.284121E-08  7.297695E-05  1.215137E-04     1.00
 7.3550000E+06  -2.947500E-02  3.629878E-02  0.000000E+00  1.082811E-13       88
   1.37E-06     -8.093875E-03 -2.542604E-03 -1.715407E-05  5.711117E-05 4.84E-11
   7.93E-06 0.00E+00 1.70E-06  1.285860E-08  7.304642E-05  1.215633E-04     1.00
 7.3600000E+06  -2.950000E-02  3.636234E-02  0.000000E+00  9.564058E-14       87
   1.33E-06     -8.088172E-03 -2.542604E-03 -1.072864E-05  5.709391E-05 2.24E-12
   7.58E-06 0.00E+00 1.66E-06  1.287469E-08  7.311644E-05  1.216161E-04     1.00
 7.3650000E+06  -2.952500E-02  3.642508E-02  0.000000E+00  9.556702E-14       87
   1.30E-06     -8.083011E-03 -2.542604E-03 -4.540880E-06  5.707904E-05 4.13E-13
   7.40E-06 0.00E+00 1.63E-06  1.289007E-08  7.318598E-05  1.216708E-04     1.00
 7.3700000E+06  -2.955000E-02  3.648775E-02  0.000000E+00  9.549527E-14       87
   1.30E-06     -8.077833E-03 -2.542604E-03  1.641740E-06  5.706491E-05 1.20E-12
   7.40E-06 0.00E+00 1.63E-06  1.290543E-08  7.325482E-05  1.217255E-04     1.00
 7.3750000E+06  -2.957500E-02  3.655037E-02  0.000000E+00  9.542524E-14       87
   1.30E-06     -8.072637E-03 -2.542604E-03  7.819236E-06  5.705153E-05 3.30E-11
   7.40E-06 0.00E+00 1.63E-06  1.292077E-08  7.332295E-05  1.217803E-04     1.00
 7.3800000E+06  -2.960000E-02  3.661292E-02  0.000000E+00  9.535692E-14       87
   1.30E-06     -8.067423E-03 -2.542604E-03  1.399163E-05  5.703890E-05 2.00E-12
   7.40E-06 0.00E+00 1.62E-06  1.293611E-08  7.339036E-05  1.218351E-04     1.00
 7.3850000E+06  -2.962500E-02  3.667540E-02  0.000000E+00  9.529027E-14       87
   1.30E-06     -8.062191E-03 -2.542604E-03  2.015893E-05  5.702703E-05 6.97E-13
   7.39E-06 0.00E+00 1.62E-06  1.295143E-08  7.345705E-05  1.218899E-04     1.00
 7.3900000E+06  -2.965000E-02  3.673783E-02  0.000000E+00  9.522523E-14       87
   1.30E-06     -8.056943E-03 -2.542604E-03  2.632115E-05  5.701591E-05 4.52E-12
   7.39E-06 0.00E+00 1.62E-06  1.296674E-08  7.352302E-05  1.219448E-04     1.00
 7.3950000E+06  -2.967500E-02  3.679379E-02  0.000000E+00  1.098862E-13       87
   1.39E-06     -8.052676E-03 -2.542604E-03  2.997425E-05  5.700550E-05 7.81E-13
   7.86E-06 0.00E+00 1.76E-06  1.298405E-08  7.360410E-05  1.220155E-04     1.00
 7.4000000E+06  -2.970000E-02  3.684840E-02  0.000000E+00  1.092497E-13       87
   1.41E-06     -8.048612E-03 -2.542604E-03  3.314411E-05  5.699635E-05 4.29E-12
   7.92E-06 0.00E+00 1.78E-06  1.300168E-08  7.368718E-05  1.220894E-04     1.00
 7.4050000E+06  -2.972500E-02  3.690138E-02  0.000000E+00  5.508806E-14       87
   1.34E-06     -8.045124E-03 -2.542604E-03  3.599839E-05  5.699029E-05 5.99E-10
   7.54E-06 0.00E+00 1.68E-06  1.301787E-08  7.377112E-05  1.221673E-04     1.00
 7.4100000E+06  -2.975000E-02  3.694658E-02  0.000000E+00  5.533029E-14       87
   9.82E-07     -8.044659E-03 -2.542604E-03  3.742409E-05  5.699917E-05 7.81E-13
   5.64E-06 0.00E+00 1.21E-06  1.302678E-08  7.385928E-05  1.222643E-04     1.00
 7.4150000E+06  -2.977500E-02  3.699170E-02  0.000000E+00  5.517356E-14       87
   9.80E-07     -8.044205E-03 -2.542604E-03  3.885140E-05  5.700899E-05 2.52E-13
   5.63E-06 0.00E+00 1.21E-06  1.303565E-08  7.394668E-05  1.223616E-04     1.00
 7.4200000E+06  -2.980000E-02  3.703677E-02  0.000000E+00  5.501787E-14       87
   9.78E-07     -8.043760E-03 -2.542604E-03  4.028033E-05  5.701970E-05 1.07E-12
   5.63E-06 0.00E+00 1.20E-06  1.304450E-08  7.403334E-05  1.224589E-04     1.00
 7.4250000E+06  -2.982500E-02  3.708215E-02  0.000000E+00  4.422113E-14       86
   9.62E-07     -8.043588E-03 -2.542604E-03  4.151417E-05  5.703216E-05 6.30E-12
   5.54E-06 0.00E+00 1.18E-06  1.305311E-08  7.411744E-05  1.225555E-04     1.00
 7.4300000E+06  -2.985000E-02  3.713004E-02  0.000000E+00  4.428699E-14       86
   8.68E-07     -8.045103E-03 -2.542604E-03  4.151465E-05  5.705191E-05 1.03E-11
   5.02E-06 0.00E+00 1.05E-06  1.306023E-08  7.418813E-05  1.226460E-04     1.00
 7.4350000E+06  -2.987500E-02  3.717788E-02  0.000000E+00  4.418928E-14       86
   8.66E-07     -8.046622E-03 -2.542604E-03  4.151732E-05  5.707226E-05 1.57E-13
   5.01E-06 0.00E+00 1.05E-06  1.306733E-08  7.425839E-05  1.227366E-04     1.00
 7.4400000E+06  -2.990000E-02  3.722567E-02  0.000000E+00  4.409208E-14       86
   8.65E-07     -8.048143E-03 -2.542604E-03  4.152222E-05  5.709321E-05 4.36E-12
   5.01E-06 0.00E+00 1.05E-06  1.307442E-08  7.432822E-05  1.228274E-04     1.00
 7.4450000E+06  -2.992500E-02  3.727342E-02  0.000000E+00  4.399538E-14       86
   8.64E-07     -8.049669E-03 -2.542604E-03  4.152934E-05  5.711476E-05 9.01E-13
   5.00E-06 0.00E+00 1.05E-06  1.308149E-08  7.439761E-05  1.229183E-04     1.00
 7.4500000E+06  -2.995000E-02  3.732052E-02  0.000000E+00  6.179255E-14       85
   8.90E-07     -8.051304E-03 -2.542604E-03  4.147903E-05  5.713420E-05 5.45E-12
   5.19E-06 0.00E+00 1.08E-06  1.308911E-08  7.447075E-05  1.230109E-04     1.00
 7.4550000E+06  -2.997500E-02  3.736570E-02  0.000000E+00  6.165179E-14       86
   9.93E-07     -8.053150E-03 -2.542604E-03  4.121656E-05  5.714258E-05 1.68E-12
   5.92E-06 0.00E+00 1.21E-06  1.309900E-08  7.455977E-05  1.231083E-04     1.00
 7.4600000E+06  -3.000000E-02  3.740830E-02  0.000000E+00  5.707487E-14       85
   9.67E-07     -8.055619E-03 -2.542604E-03  4.093342E-05  5.715332E-05 5.71E-12
   5.79E-06 0.00E+00 1.18E-06  1.310848E-08  7.465281E-05  1.232121E-04     1.00
 7.4650000E+06  -3.002500E-02  3.744884E-02  0.000000E+00  5.697833E-14       85
   9.45E-07     -8.058596E-03 -2.542604E-03  4.064424E-05  5.716646E-05 8.43E-15
   5.67E-06 0.00E+00 1.15E-06  1.311761E-08  7.474866E-05  1.233211E-04     1.00
 7.4700000E+06  -3.005000E-02  3.747713E-02  0.000000E+00  1.040825E-13       85
   1.17E-06     -8.061001E-03 -2.542604E-03  4.155680E-05  5.720139E-05 1.04E-12
   6.73E-06 0.00E+00 1.44E-06  1.313075E-08  7.485300E-05  1.234604E-04     1.00
 7.4750000E+06  -3.007500E-02  3.750374E-02  0.000000E+00  1.294170E-13       84
   1.43E-06     -8.061945E-03 -2.542604E-03  4.333451E-05  5.721808E-05 1.57E-13
   8.06E-06 0.00E+00 1.77E-06  1.314963E-08  7.497975E-05  1.236038E-04     1.00
 7.4800000E+06  -3.010000E-02  3.753732E-02  0.000000E+00  7.431951E-14       84
   1.42E-06     -8.062600E-03 -2.542604E-03  4.494252E-05  5.721485E-05 9.97E-13
   7.98E-06 0.00E+00 1.75E-06  1.316850E-08  7.510926E-05  1.237301E-04     1.00
 7.4850000E+06  -3.012500E-02  3.756844E-02  0.000000E+00  7.414589E-14       84
   1.14E-06     -8.065927E-03 -2.542604E-03  4.651507E-05  5.724540E-05 1.65E-12
   6.39E-06 0.00E+00 1.42E-06  1.318045E-08  7.521114E-05  1.238626E-04     1.00
 7.4900000E+06  -3.015000E-02  3.759952E-02  0.000000E+00  7.410109E-14       84
   1.14E-06     -8.069247E-03 -2.542604E-03  4.808625E-05  5.727697E-05 8.34E-13
   6.38E-06 0.00E+00 1.41E-06  1.319238E-08  7.531220E-05  1.239952E-04     1.00
 7.4950000E+06  -3.017500E-02  3.763056E-02  0.000000E+00  7.405683E-14       84
   1.14E-06     -8.072560E-03 -2.542604E-03  4.965611E-05  5.730954E-05 2.01E-12
   6.38E-06 0.00E+00 1.41E-06  1.320430E-08  7.541242E-05  1.241280E-04     1.00
 7.5000000E+06  -3.020000E-02  3.766167E-02  0.000000E+00  1.149187E-13       81
   1.20E-06     -8.075824E-03 -2.542604E-03  5.094507E-05  5.733811E-05 6.21E-12
   6.65E-06 0.00E+00 1.47E-06  1.321743E-08  7.551659E-05  1.242608E-04     1.00
 7.5050000E+06  -3.022500E-02  3.769312E-02  0.000000E+00  1.145647E-13       81
   1.43E-06     -8.078674E-03 -2.542604E-03  5.130915E-05  5.734688E-05 5.23E-13
   7.78E-06 0.00E+00 1.72E-06  1.323594E-08  7.563978E-05  1.243928E-04     1.00
 7.5100000E+06  -3.025000E-02  3.772451E-02  0.000000E+00  1.142109E-13       81
   1.43E-06     -8.081522E-03 -2.542604E-03  5.167253E-05  5.735718E-05 7.94E-12
   7.76E-06 0.00E+00 1.72E-06  1.325440E-08  7.576170E-05  1.245250E-04     1.00
 7.5150000E+06  -3.027500E-02  3.775582E-02  0.000000E+00  1.138590E-13       81
   1.43E-06     -8.084368E-03 -2.542604E-03  5.203521E-05  5.736901E-05 8.22E-13
   7.75E-06 0.00E+00 1.72E-06  1.327280E-08  7.588235E-05  1.246575E-04     1.00
 7.5200000E+06  -3.030000E-02  3.778706E-02  0.000000E+00  1.135090E-13       81
   1.42E-06     -8.087213E-03 -2.542604E-03  5.239718E-05  5.738236E-05 9.94E-13
   7.74E-06 0.00E+00 1.71E-06  1.329114E-08  7.600173E-05  1.247902E-04     1.00
 7.5250000E+06  -3.032500E-02  3.782448E-02  0.000000E+00  2.824522E-13       81
   1.56E-06     -8.087275E-03 -2.542604E-03  5.317609E-05  5.737443E-05 4.50E-11
   8.92E-06 0.00E+00 1.88E-06  1.331586E-08  7.612723E-05  1.249078E-04     1.00
 7.5300000E+06  -3.035000E-02  3.787721E-02  0.000000E+00  2.806382E-13       81
   2.01E-06     -8.079626E-03 -2.542604E-03  5.522069E-05  5.730379E-05 1.29E-11
   1.23E-05 0.00E+00 2.45E-06  1.336092E-08  7.627754E-05  1.249876E-04     1.00
 7.5350000E+06  -3.037500E-02  3.792594E-02  0.000000E+00  1.132470E-13       82
   1.80E-06     -8.075944E-03 -2.542604E-03  5.718782E-05  5.727103E-05 2.24E-12
   1.11E-05 0.00E+00 2.15E-06  1.339812E-08  7.639969E-05  1.250770E-04     1.00
 7.5400000E+06  -3.040000E-02  3.796557E-02  0.000000E+00  1.134856E-13       82
   1.15E-06     -8.081534E-03 -2.542604E-03  5.877264E-05  5.732401E-05 1.10E-12
   7.91E-06 0.00E+00 1.39E-06  1.341612E-08  7.645863E-05  1.251889E-04     1.00
 7.5450000E+06  -3.042500E-02  3.799667E-02  0.000000E+00  4.212495E-14       82
   7.83E-07     -8.090473E-03 -2.542604E-03  6.012833E-05  5.741663E-05 1.82E-13
   5.04E-06 0.00E+00 9.55E-07  1.342381E-08  7.649914E-05  1.253221E-04     1.00
 7.5500000E+06  -3.045000E-02  3.802710E-02  0.000000E+00  4.229308E-14       82
   7.47E-07     -8.099729E-03 -2.542604E-03  6.142250E-05  5.751302E-05 3.96E-13
   4.80E-06 0.00E+00 9.08E-07  1.343053E-08  7.653782E-05  1.254571E-04     1.00
 7.5550000E+06  -3.047500E-02  3.805752E-02  0.000000E+00  4.246165E-14       82
   7.48E-07     -8.108964E-03 -2.542604E-03  6.272145E-05  5.760982E-05 1.30E-12
   4.81E-06 0.00E+00 9.09E-07  1.343729E-08  7.657632E-05  1.255924E-04     1.00
 7.5600000E+06  -3.050000E-02  3.808795E-02  0.000000E+00  4.263066E-14       82
   7.49E-07     -8.118178E-03 -2.542604E-03  6.402518E-05  5.770705E-05 6.81E-13
   4.81E-06 0.00E+00 9.10E-07  1.344407E-08  7.661464E-05  1.257280E-04     1.00
 7.5650000E+06  -3.052500E-02  3.811838E-02  0.000000E+00  4.280011E-14       82
   7.49E-07     -8.127371E-03 -2.542604E-03  6.533369E-05  5.780470E-05 2.39E-12
   4.82E-06 0.00E+00 9.11E-07  1.345088E-08  7.665278E-05  1.258638E-04     1.00
 7.5700000E+06  -3.055000E-02  3.814881E-02  0.000000E+00  4.297000E-14       82
   7.50E-07     -8.136543E-03 -2.542604E-03  6.664699E-05  5.790277E-05 3.09E-12
   4.82E-06 0.00E+00 9.12E-07  1.345771E-08  7.669074E-05  1.259998E-04     1.00
 7.5750000E+06  -3.057500E-02  3.818352E-02  0.000000E+00  5.363681E-14       82
   7.91E-07     -8.145378E-03 -2.542604E-03  6.779940E-05  5.799020E-05 6.10E-11
   5.09E-06 0.00E+00 9.60E-07  1.346532E-08  7.672905E-05  1.261256E-04     1.00
 7.5800000E+06  -3.060000E-02  3.822350E-02  0.000000E+00  5.480143E-14       82
   8.44E-07     -8.153729E-03 -2.542604E-03  6.878377E-05  5.806400E-05 4.36E-12
   5.44E-06 0.00E+00 1.03E-06  1.347403E-08  7.676822E-05  1.262386E-04     1.00
 7.5850000E+06  -3.062500E-02  3.826347E-02  0.000000E+00  5.496301E-14       82
   8.45E-07     -8.162057E-03 -2.542604E-03  6.977432E-05  5.813838E-05 5.88E-13
   5.44E-06 0.00E+00 1.03E-06  1.348278E-08  7.680705E-05  1.263518E-04     1.00
 7.5900000E+06  -3.065000E-02  3.830344E-02  0.000000E+00  5.516199E-14       82
   8.46E-07     -8.170362E-03 -2.542604E-03  7.077113E-05  5.821335E-05 2.37E-13
   5.45E-06 0.00E+00 1.03E-06  1.349155E-08  7.684554E-05  1.264653E-04     1.00
 7.5950000E+06  -3.067500E-02  3.834339E-02  0.000000E+00  5.536013E-14       82
   8.47E-07     -8.178644E-03 -2.542604E-03  7.177420E-05  5.828891E-05 6.40E-13
   5.46E-06 0.00E+00 1.03E-06  1.350036E-08  7.688370E-05  1.265790E-04     1.00
 7.6000000E+06  -3.070000E-02  3.838333E-02  0.000000E+00  5.555864E-14       82
   8.47E-07     -8.186902E-03 -2.542604E-03  7.278356E-05  5.836505E-05 5.91E-13
   5.46E-06 0.00E+00 1.03E-06  1.350919E-08  7.692153E-05  1.266930E-04     1.00
 7.6050000E+06  -3.072500E-02  3.842326E-02  0.000000E+00  5.575748E-14       82
   8.48E-07     -8.195136E-03 -2.542604E-03  7.379919E-05  5.844178E-05 1.17E-14
   5.47E-06 0.00E+00 1.03E-06  1.351806E-08  7.695902E-05  1.268072E-04     1.00
 7.6100000E+06  -3.075000E-02  3.846318E-02  0.000000E+00  5.595664E-14       82
   8.49E-07     -8.203347E-03 -2.542604E-03  7.482110E-05  5.851909E-05 1.04E-13
   5.47E-06 0.00E+00 1.03E-06  1.352696E-08  7.699618E-05  1.269217E-04     1.00
 7.6150000E+06  -3.077500E-02  3.850309E-02  0.000000E+00  5.615611E-14       82
   8.50E-07     -8.211534E-03 -2.542604E-03  7.584930E-05  5.859698E-05 2.63E-13
   5.48E-06 0.00E+00 1.03E-06  1.353590E-08  7.703301E-05  1.270364E-04     1.00
 7.6200000E+06  -3.080000E-02  3.897194E-02  0.000000E+00  4.710390E-11       82
   1.64E-05     -8.045214E-03 -2.542605E-03  1.078619E-04  5.685221E-05 1.77E-07
   1.06E-04 0.00E+00 1.98E-05  1.903538E-08  7.782905E-05  1.260932E-04     1.00
 7.6250000E+06  -3.082500E-02  3.938975E-02  0.000000E+00  7.372036E-12       83
   1.36E-05     -7.900766E-03 -2.542604E-03  1.434722E-04  5.534479E-05 2.36E-07
   8.45E-05 0.00E+00 1.64E-05  2.116324E-08  7.851170E-05  1.252705E-04     1.00
 7.6300000E+06  -3.085000E-02  3.964533E-02  0.000000E+00  2.022566E-11       82
   1.46E-05     -7.762808E-03 -2.542605E-03  1.787456E-04  5.398434E-05 4.37E-08
   8.28E-05 0.00E+00 1.73E-05  2.353464E-08  7.944388E-05  1.248446E-04     1.00
 7.6350000E+06  -3.087500E-02  3.968251E-02  0.000000E+00  8.986961E-15       82
   1.92E-05     -7.668512E-03 -2.542604E-03  2.023132E-04  5.285281E-05 1.22E-10
   8.44E-05 0.00E+00 1.65E-05  2.703882E-08  8.068079E-05  1.249535E-04     1.00
 7.6400000E+06  -3.090000E-02  3.970283E-02  0.000000E+00  2.428590E-14       84
   4.97E-07     -7.680934E-03 -2.542604E-03  2.041328E-04  5.296434E-05 2.17E-11
   2.90E-06 0.00E+00 5.65E-07  2.704120E-08  8.071867E-05  1.251029E-04     1.00
 7.6450000E+06  -3.092500E-02  3.972168E-02  0.000000E+00  2.437979E-14       84
   6.44E-07     -7.691857E-03 -2.542604E-03  2.072701E-04  5.305695E-05 7.00E-13
   3.82E-06 0.00E+00 7.54E-07  2.704510E-08  8.077942E-05  1.252563E-04     1.00
 7.6500000E+06  -3.095000E-02  3.974225E-02  0.000000E+00  1.279949E-14       83
   5.31E-07     -7.703499E-03 -2.542604E-03  2.098392E-04  5.315773E-05 8.57E-13
   3.22E-06 0.00E+00 6.19E-07  2.704796E-08  8.082802E-05  1.254057E-04     1.00
 7.6550000E+06  -3.097500E-02  3.976409E-02  0.000000E+00  1.282163E-14       83
   4.46E-07     -7.715741E-03 -2.542604E-03  2.119575E-04  5.326543E-05 5.08E-13
   2.76E-06 0.00E+00 5.13E-07  2.705001E-08  8.086693E-05  1.255523E-04     1.00
 7.6600000E+06  -3.100000E-02  3.978591E-02  0.000000E+00  1.284386E-14       83
   4.46E-07     -7.727974E-03 -2.542604E-03  2.140796E-04  5.337355E-05 3.41E-12
   2.76E-06 0.00E+00 5.13E-07  2.705206E-08  8.090576E-05  1.256992E-04     1.00
 7.6650000E+06  -3.102500E-02  3.980773E-02  0.000000E+00  1.286618E-14       83
   4.46E-07     -7.740196E-03 -2.542604E-03  2.162057E-04  5.348210E-05 7.49E-13
   2.76E-06 0.00E+00 5.13E-07  2.705411E-08  8.094449E-05  1.258465E-04     1.00
 7.6700000E+06  -3.105000E-02  3.982955E-02  0.000000E+00  1.288859E-14       83
   4.46E-07     -7.752408E-03 -2.542604E-03  2.183357E-04  5.359106E-05 1.50E-12
   2.76E-06 0.00E+00 5.13E-07  2.705617E-08  8.098315E-05  1.259941E-04     1.00
 7.6750000E+06  -3.107500E-02  3.985136E-02  0.000000E+00  1.291109E-14       83
   4.46E-07     -7.764610E-03 -2.542604E-03  2.204697E-04  5.370045E-05 3.23E-12
   2.76E-06 0.00E+00 5.13E-07  2.705823E-08  8.102172E-05  1.261421E-04     1.00
 7.6800000E+06  -3.110000E-02  3.987316E-02  0.000000E+00  1.293368E-14       83
   4.46E-07     -7.776801E-03 -2.542604E-03  2.226076E-04  5.381025E-05 2.38E-12
   2.76E-06 0.00E+00 5.13E-07  2.706030E-08  8.106021E-05  1.262904E-04     1.00
 7.6850000E+06  -3.112500E-02  3.989497E-02  0.000000E+00  1.295636E-14       83
   4.46E-07     -7.788982E-03 -2.542604E-03  2.247494E-04  5.392047E-05 3.75E-12
   2.76E-06 0.00E+00 5.13E-07  2.706237E-08  8.109861E-05  1.264390E-04     1.00
 7.6900000E+06  -3.115000E-02  3.991754E-02  0.000000E+00  1.498062E-14       83
   4.69E-07     -7.800610E-03 -2.542604E-03  2.270911E-04  5.402376E-05 1.30E-11
   2.91E-06 0.00E+00 5.39E-07  2.706468E-08  8.114236E-05  1.265860E-04     1.00
 7.6950000E+06  -3.117500E-02  3.994038E-02  0.000000E+00  1.499605E-14       83
   4.77E-07     -7.812041E-03 -2.542604E-03  2.295046E-04  5.412496E-05 2.19E-12
   2.96E-06 0.00E+00 5.48E-07  2.706707E-08  8.118785E-05  1.267327E-04     1.00
 7.7000000E+06  -3.120000E-02  3.996299E-02  0.000000E+00  1.620723E-14       83
   4.81E-07     -7.823478E-03 -2.542604E-03  2.319454E-04  5.422697E-05 1.23E-12
   2.98E-06 0.00E+00 5.53E-07  2.706950E-08  8.123338E-05  1.268803E-04     1.00
 7.7050000E+06  -3.122500E-02  3.998462E-02  0.000000E+00  1.548548E-14       82
   5.00E-07     -7.834964E-03 -2.542604E-03  2.344934E-04  5.433087E-05 1.30E-09
   3.07E-06 0.00E+00 5.78E-07  2.707210E-08  8.127975E-05  1.270306E-04     1.00
 7.7100000E+06  -3.125000E-02  4.000595E-02  0.000000E+00  6.296247E-15       82
   3.54E-07     -7.847759E-03 -2.542604E-03  2.350207E-04  5.445122E-05 9.73E-13
   1.89E-06 0.00E+00 4.02E-07  2.707314E-08  8.131074E-05  1.271819E-04     1.00
 7.7150000E+06  -3.127500E-02  4.002733E-02  0.000000E+00  6.298979E-15       82
   3.51E-07     -7.860593E-03 -2.542604E-03  2.355065E-04  5.457238E-05 5.92E-12
   1.88E-06 0.00E+00 3.97E-07  2.707416E-08  8.134114E-05  1.273335E-04     1.00
 7.7200000E+06  -3.130000E-02  4.005009E-02  0.000000E+00  2.388702E-14       80
   3.75E-07     -7.872967E-03 -2.542604E-03  2.360699E-04  5.468877E-05 1.06E-09
   2.02E-06 0.00E+00 4.16E-07  2.707536E-08  8.137322E-05  1.274819E-04     1.00
 7.7250000E+06  -3.132500E-02  4.009120E-02  0.000000E+00  2.370749E-14       80
   6.32E-07     -7.879163E-03 -2.542604E-03  2.377834E-04  5.473522E-05 2.13E-12
   3.60E-06 0.00E+00 6.84E-07  2.707916E-08  8.143032E-05  1.275855E-04     1.00
 7.7300000E+06  -3.135000E-02  4.013010E-02  0.000000E+00  2.095192E-13       82
   1.29E-06     -7.880002E-03 -2.542604E-03  2.437793E-04  5.472052E-05 1.19E-12
   7.54E-06 0.00E+00 1.44E-06  2.709802E-08  8.155410E-05  1.276946E-04     1.00
 7.7350000E+06  -3.137500E-02  4.016808E-02  0.000000E+00  2.062584E-13       82
   1.85E-06     -7.876027E-03 -2.542604E-03  2.533506E-04  5.465254E-05 3.63E-12
   1.09E-05 0.00E+00 2.12E-06  2.713141E-08  8.173337E-05  1.278059E-04     1.00
 7.7400000E+06  -3.140000E-02  4.021760E-02  0.000000E+00  3.405157E-14       81
   1.75E-06     -7.869563E-03 -2.542604E-03  2.614744E-04  5.455304E-05 2.30E-10
   1.04E-05 0.00E+00 1.99E-06  2.716408E-08  8.191560E-05  1.278887E-04     1.00
 7.7450000E+06  -3.142500E-02  4.026511E-02  0.000000E+00  2.779405E-14       81
   7.59E-07     -7.872579E-03 -2.542604E-03  2.636199E-04  5.455985E-05 3.72E-11
   4.31E-06 0.00E+00 8.31E-07  2.716945E-08  8.199647E-05  1.279763E-04     1.00
 7.7500000E+06  -3.145000E-02  4.031449E-02  0.000000E+00  2.770200E-14       81
   7.00E-07     -7.875912E-03 -2.542604E-03  2.655001E-04  5.456935E-05 5.43E-12
   3.93E-06 0.00E+00 7.55E-07  2.717391E-08  8.207015E-05  1.280595E-04     1.00
 7.7550000E+06  -3.147500E-02  4.036384E-02  0.000000E+00  2.768041E-14       81
   6.99E-07     -7.879243E-03 -2.542604E-03  2.673803E-04  5.457920E-05 2.00E-11
   3.93E-06 0.00E+00 7.54E-07  2.717836E-08  8.214365E-05  1.281429E-04     1.00
 7.7600000E+06  -3.150000E-02  4.041316E-02  0.000000E+00  2.765884E-14       81
   6.99E-07     -7.882573E-03 -2.542604E-03  2.692606E-04  5.458939E-05 1.52E-12
   3.92E-06 0.00E+00 7.54E-07  2.718282E-08  8.221698E-05  1.282264E-04     1.00
 7.7650000E+06  -3.152500E-02  4.046245E-02  0.000000E+00  2.763730E-14       81
   6.99E-07     -7.885901E-03 -2.542604E-03  2.711409E-04  5.459993E-05 2.99E-13
   3.92E-06 0.00E+00 7.54E-07  2.718726E-08  8.229013E-05  1.283101E-04     1.00
 7.7700000E+06  -3.155000E-02  4.051171E-02  0.000000E+00  2.761579E-14       81
   6.98E-07     -7.889226E-03 -2.542604E-03  2.730213E-04  5.461081E-05 1.09E-13
   3.92E-06 0.00E+00 7.53E-07  2.719171E-08  8.236312E-05  1.283940E-04     1.00
 7.7750000E+06  -3.157500E-02  4.056062E-02  0.000000E+00  2.777428E-14       82
   6.96E-07     -7.892622E-03 -2.542604E-03  2.748242E-04  5.462292E-05 4.70E-10
   3.92E-06 0.00E+00 7.50E-07  2.719614E-08  8.243585E-05  1.284788E-04     1.00
 7.7800000E+06  -3.160000E-02  4.060718E-02  0.000000E+00  2.774373E-14       82
   6.80E-07     -7.896436E-03 -2.542604E-03  2.761302E-04  5.464069E-05 1.63E-11
   3.96E-06 0.00E+00 7.34E-07  2.720059E-08  8.250881E-05  1.285696E-04     1.00
 7.7850000E+06  -3.162500E-02  4.065371E-02  0.000000E+00  2.772111E-14       82
   6.79E-07     -7.900247E-03 -2.542604E-03  2.774362E-04  5.465883E-05 6.12E-12
   3.96E-06 0.00E+00 7.34E-07  2.720504E-08  8.258158E-05  1.286605E-04     1.00
 7.7900000E+06  -3.165000E-02  4.070022E-02  0.000000E+00  2.769855E-14       82
   6.79E-07     -7.904056E-03 -2.542604E-03  2.787422E-04  5.467732E-05 6.52E-13
   3.96E-06 0.00E+00 7.33E-07  2.720949E-08  8.265415E-05  1.287515E-04     1.00
 7.7950000E+06  -3.167500E-02  4.074671E-02  0.000000E+00  2.767601E-14       82
   6.78E-07     -7.907863E-03 -2.542604E-03  2.800483E-04  5.469618E-05 9.01E-13
   3.96E-06 0.00E+00 7.33E-07  2.721393E-08  8.272653E-05  1.288428E-04     1.00
 7.8000000E+06  -3.170000E-02  4.079317E-02  0.000000E+00  2.765352E-14       82
   6.78E-07     -7.911667E-03 -2.542604E-03  2.813545E-04  5.471539E-05 2.10E-13
   3.96E-06 0.00E+00 7.32E-07  2.721837E-08  8.279872E-05  1.289342E-04     1.00
 7.8050000E+06  -3.172500E-02  4.083962E-02  0.000000E+00  2.763106E-14       82
   6.77E-07     -7.915469E-03 -2.542604E-03  2.826608E-04  5.473496E-05 2.33E-12
   3.95E-06 0.00E+00 7.32E-07  2.722281E-08  8.287072E-05  1.290258E-04     1.00
 7.8100000E+06  -3.175000E-02  4.088603E-02  0.000000E+00  2.760865E-14       82
   6.77E-07     -7.919269E-03 -2.542604E-03  2.839671E-04  5.475490E-05 1.57E-12
   3.95E-06 0.00E+00 7.31E-07  2.722724E-08  8.294253E-05  1.291175E-04     1.00
 7.8150000E+06  -3.177500E-02  4.093243E-02  0.000000E+00  2.758628E-14       82
   6.76E-07     -7.923066E-03 -2.542604E-03  2.852734E-04  5.477519E-05 5.35E-14
   3.95E-06 0.00E+00 7.31E-07  2.723167E-08  8.301414E-05  1.292094E-04     1.00
 7.8200000E+06  -3.180000E-02  4.097880E-02  0.000000E+00  2.756394E-14       82
   6.76E-07     -7.926861E-03 -2.542604E-03  2.865799E-04  5.479584E-05 6.03E-12
   3.95E-06 0.00E+00 7.30E-07  2.723609E-08  8.308557E-05  1.293015E-04     1.00
 7.8250000E+06  -3.182500E-02  4.102515E-02  0.000000E+00  2.754164E-14       82
   6.75E-07     -7.930654E-03 -2.542604E-03  2.878864E-04  5.481685E-05 2.55E-12
   3.94E-06 0.00E+00 7.30E-07  2.724051E-08  8.315680E-05  1.293938E-04     1.00
 7.8300000E+06  -3.185000E-02  4.107147E-02  0.000000E+00  2.751938E-14       82
   6.75E-07     -7.934444E-03 -2.542604E-03  2.891930E-04  5.483822E-05 2.70E-13
   3.94E-06 0.00E+00 7.29E-07  2.724493E-08  8.322785E-05  1.294862E-04     1.00
 7.8350000E+06  -3.187500E-02  4.111778E-02  0.000000E+00  2.749716E-14       82
   6.74E-07     -7.938233E-03 -2.542604E-03  2.904996E-04  5.485995E-05 1.09E-12
   3.94E-06 0.00E+00 7.29E-07  2.724934E-08  8.329870E-05  1.295788E-04     1.00
 7.8400000E+06  -3.190000E-02  4.116406E-02  0.000000E+00  2.747498E-14       82
   6.74E-07     -7.942018E-03 -2.542604E-03  2.918063E-04  5.488204E-05 1.36E-12
   3.94E-06 0.00E+00 7.28E-07  2.725375E-08  8.336936E-05  1.296715E-04     1.00
 7.8450000E+06  -3.192500E-02  4.121031E-02  0.000000E+00  2.745283E-14       82
   6.74E-07     -7.945802E-03 -2.542604E-03  2.931131E-04  5.490448E-05 3.80E-15
   3.94E-06 0.00E+00 7.28E-07  2.725816E-08  8.343983E-05  1.297644E-04     1.00
 7.8500000E+06  -3.195000E-02  4.125654E-02  0.000000E+00  2.743073E-14       82
   6.73E-07     -7.949583E-03 -2.542604E-03  2.944199E-04  5.492728E-05 8.54E-13
   3.93E-06 0.00E+00 7.27E-07  2.726256E-08  8.351011E-05  1.298575E-04     1.00
 7.8550000E+06  -3.197500E-02  4.130275E-02  0.000000E+00  2.740866E-14       82
   6.73E-07     -7.953362E-03 -2.542604E-03  2.957268E-04  5.495044E-05 1.22E-12
   3.93E-06 0.00E+00 7.27E-07  2.726696E-08  8.358021E-05  1.299508E-04     1.00
 7.8600000E+06  -3.200000E-02  4.134894E-02  0.000000E+00  2.738664E-14       82
   6.72E-07     -7.957139E-03 -2.542604E-03  2.970337E-04  5.497395E-05 6.49E-12
   3.93E-06 0.00E+00 7.26E-07  2.727135E-08  8.365011E-05  1.300442E-04     1.00
 7.8650000E+06  -3.202500E-02  4.139511E-02  0.000000E+00  2.736464E-14       82
   6.72E-07     -7.960914E-03 -2.542604E-03  2.983407E-04  5.499783E-05 9.63E-13
   3.93E-06 0.00E+00 7.26E-07  2.727575E-08  8.371982E-05  1.301378E-04     1.00
 7.8700000E+06  -3.205000E-02  4.144125E-02  0.000000E+00  2.734269E-14       82
   6.71E-07     -7.964686E-03 -2.542604E-03  2.996478E-04  5.502206E-05 2.08E-12
   3.92E-06 0.00E+00 7.25E-07  2.728013E-08  8.378934E-05  1.302315E-04     1.00
 7.8750000E+06  -3.207500E-02  4.148736E-02  0.000000E+00  2.732078E-14       82
   6.71E-07     -7.968456E-03 -2.542604E-03  3.009549E-04  5.504664E-05 1.75E-11
   3.92E-06 0.00E+00 7.25E-07  2.728452E-08  8.385868E-05  1.303255E-04     1.00
 7.8800000E+06  -3.210000E-02  4.153346E-02  0.000000E+00  2.729890E-14       82
   6.70E-07     -7.972224E-03 -2.542604E-03  3.022621E-04  5.507158E-05 2.06E-13
   3.92E-06 0.00E+00 7.24E-07  2.728890E-08  8.392782E-05  1.304196E-04     1.00
 7.8850000E+06  -3.212500E-02  4.157953E-02  0.000000E+00  2.727707E-14       82
   6.70E-07     -7.975989E-03 -2.542604E-03  3.035693E-04  5.509688E-05 1.38E-12
   3.92E-06 0.00E+00 7.24E-07  2.729328E-08  8.399678E-05  1.305138E-04     1.00
 7.8900000E+06  -3.215000E-02  4.162558E-02  0.000000E+00  2.725527E-14       82
   6.69E-07     -7.979753E-03 -2.542604E-03  3.048766E-04  5.512253E-05 8.83E-13
   3.91E-06 0.00E+00 7.23E-07  2.729765E-08  8.406554E-05  1.306082E-04     1.00
 7.8950000E+06  -3.217500E-02  4.167160E-02  0.000000E+00  2.723351E-14       82
   6.69E-07     -7.983514E-03 -2.542604E-03  3.061840E-04  5.514854E-05 5.07E-13
   3.91E-06 0.00E+00 7.23E-07  2.730202E-08  8.413412E-05  1.307028E-04     1.00
 7.9000000E+06  -3.220000E-02  4.171761E-02  0.000000E+00  2.721178E-14       82
   6.68E-07     -7.987273E-03 -2.542604E-03  3.074914E-04  5.517490E-05 1.20E-12
   3.91E-06 0.00E+00 7.22E-07  2.730639E-08  8.420251E-05  1.307976E-04     1.00
 7.9050000E+06  -3.222500E-02  4.176359E-02  0.000000E+00  2.719010E-14       82
   6.68E-07     -7.991029E-03 -2.542604E-03  3.087989E-04  5.520162E-05 9.76E-12
   3.91E-06 0.00E+00 7.22E-07  2.731075E-08  8.427071E-05  1.308925E-04     1.00
 7.9100000E+06  -3.225000E-02  4.180955E-02  0.000000E+00  2.716844E-14       82
   6.67E-07     -7.994784E-03 -2.542604E-03  3.101064E-04  5.522869E-05 3.54E-14
   3.90E-06 0.00E+00 7.21E-07  2.731511E-08  8.433872E-05  1.309876E-04     1.00
 7.9150000E+06  -3.227500E-02  4.185548E-02  0.000000E+00  2.714684E-14       82
   6.66E-07     -7.998536E-03 -2.542604E-03  3.114140E-04  5.525612E-05 5.01E-12
   3.90E-06 0.00E+00 7.21E-07  2.731947E-08  8.440655E-05  1.310828E-04     1.00
 7.9200000E+06  -3.230000E-02  4.190139E-02  0.000000E+00  2.712527E-14       82
   6.66E-07     -8.002286E-03 -2.542604E-03  3.127216E-04  5.528390E-05 6.83E-13
   3.90E-06 0.00E+00 7.20E-07  2.732382E-08  8.447419E-05  1.311783E-04     1.00
 7.9250000E+06  -3.232500E-02  4.194728E-02  0.000000E+00  2.710373E-14       82
   6.65E-07     -8.006034E-03 -2.542604E-03  3.140293E-04  5.531203E-05 6.42E-13
   3.90E-06 0.00E+00 7.20E-07  2.732817E-08  8.454163E-05  1.312739E-04     1.00
 7.9300000E+06  -3.235000E-02  4.199314E-02  0.000000E+00  2.708225E-14       82
   6.65E-07     -8.009780E-03 -2.542604E-03  3.153370E-04  5.534052E-05 1.07E-12
   3.89E-06 0.00E+00 7.19E-07  2.733252E-08  8.460890E-05  1.313696E-04     1.00
 7.9350000E+06  -3.237500E-02  4.203899E-02  0.000000E+00  2.706079E-14       82
   6.64E-07     -8.013524E-03 -2.542604E-03  3.166448E-04  5.536936E-05 5.87E-13
   3.89E-06 0.00E+00 7.19E-07  2.733686E-08  8.467597E-05  1.314655E-04     1.00
 7.9400000E+06  -3.240000E-02  4.208728E-02  0.000000E+00  2.528055E-14       81
   6.78E-07     -8.017225E-03 -2.542604E-03  3.176926E-04  5.539732E-05 6.68E-13
   3.81E-06 0.00E+00 7.33E-07  2.734110E-08  8.473801E-05  1.315555E-04     1.00
 7.9450000E+06  -3.242500E-02  4.213930E-02  0.000000E+00  2.396444E-14       81
   6.88E-07     -8.020756E-03 -2.542604E-03  3.185402E-04  5.542335E-05 8.63E-10
   3.67E-06 0.00E+00 7.42E-07  2.734510E-08  8.479291E-05  1.316365E-04     1.00
 7.9500000E+06  -3.245000E-02  4.219203E-02  0.000000E+00  2.400538E-14       81
   6.79E-07     -8.024135E-03 -2.542604E-03  3.195580E-04  5.544867E-05 1.02E-10
   3.61E-06 0.00E+00 7.30E-07  2.734898E-08  8.484689E-05  1.317158E-04     1.00
 7.9550000E+06  -3.247500E-02  4.224472E-02  0.000000E+00  2.384116E-14       81
   6.77E-07     -8.027513E-03 -2.542604E-03  3.205740E-04  5.547430E-05 2.25E-10
   3.61E-06 0.00E+00 7.29E-07  2.735285E-08  8.490073E-05  1.317953E-04     1.00
 7.9600000E+06  -3.250000E-02  4.229739E-02  0.000000E+00  2.402836E-14       81
   6.76E-07     -8.030886E-03 -2.542604E-03  3.215943E-04  5.550013E-05 1.28E-10
   3.61E-06 0.00E+00 7.29E-07  2.735672E-08  8.495454E-05  1.318749E-04     1.00
 7.9650000E+06  -3.252500E-02  4.235003E-02  0.000000E+00  2.373315E-14       81
   6.75E-07     -8.034257E-03 -2.542604E-03  3.226122E-04  5.552627E-05 3.31E-11
   3.61E-06 0.00E+00 7.28E-07  2.736059E-08  8.500822E-05  1.319547E-04     1.00
 7.9700000E+06  -3.255000E-02  4.240265E-02  0.000000E+00  2.404879E-14       81
   6.76E-07     -8.037622E-03 -2.542604E-03  3.236347E-04  5.555262E-05 4.71E-11
   3.60E-06 0.00E+00 7.27E-07  2.736445E-08  8.506186E-05  1.320347E-04     1.00
 7.9750000E+06  -3.257500E-02  4.245524E-02  0.000000E+00  2.364187E-14       81
   6.74E-07     -8.040987E-03 -2.542604E-03  3.246547E-04  5.557925E-05 1.34E-10
   3.60E-06 0.00E+00 7.27E-07  2.736830E-08  8.511537E-05  1.321149E-04     1.00
 7.9800000E+06  -3.260000E-02  4.250780E-02  0.000000E+00  2.405885E-14       81
   6.74E-07     -8.044345E-03 -2.542604E-03  3.256793E-04  5.560611E-05 9.91E-11
   3.60E-06 0.00E+00 7.26E-07  2.737216E-08  8.516883E-05  1.321952E-04     1.00
 7.9850000E+06  -3.262500E-02  4.256033E-02  0.000000E+00  2.356447E-14       81
   6.73E-07     -8.047703E-03 -2.542604E-03  3.267015E-04  5.563325E-05 2.06E-10
   3.60E-06 0.00E+00 7.26E-07  2.737601E-08  8.522218E-05  1.322757E-04     1.00
 7.9900000E+06  -3.265000E-02  4.261284E-02  0.000000E+00  2.404861E-14       81
   6.84E-07     -8.051054E-03 -2.542604E-03  3.277282E-04  5.566061E-05 1.18E-09
   3.60E-06 0.00E+00 7.25E-07  2.737986E-08  8.527547E-05  1.323563E-04     1.00
 7.9950000E+06  -3.267500E-02  4.266532E-02  0.000000E+00  2.351515E-14       81
   6.75E-07     -8.054404E-03 -2.542604E-03  3.287525E-04  5.568825E-05 6.53E-10
   3.59E-06 0.00E+00 7.24E-07  2.738370E-08  8.532866E-05  1.324372E-04     1.00
 8.0000000E+06  -3.270000E-02  4.271777E-02  0.000000E+00  2.404749E-14       81
   6.73E-07     -8.057749E-03 -2.542604E-03  3.297812E-04  5.571613E-05 5.96E-10
   3.59E-06 0.00E+00 7.24E-07  2.738754E-08  8.538178E-05  1.325182E-04     1.00
 8.0050000E+06  -3.272500E-02  4.277019E-02  0.000000E+00  2.344422E-14       81
   6.71E-07     -8.061092E-03 -2.542604E-03  3.308078E-04  5.574426E-05 4.66E-10
   3.59E-06 0.00E+00 7.23E-07  2.739137E-08  8.543480E-05  1.325993E-04     1.00
 8.0100000E+06  -3.275000E-02  4.282259E-02  0.000000E+00  2.401804E-14       81
   6.70E-07     -8.064430E-03 -2.542604E-03  3.318384E-04  5.577265E-05 3.43E-10
   3.58E-06 0.00E+00 7.22E-07  2.739521E-08  8.548774E-05  1.326806E-04     1.00
 8.0150000E+06  -3.277500E-02  4.287496E-02  0.000000E+00  2.340058E-14       81
   6.69E-07     -8.067767E-03 -2.542604E-03  3.328673E-04  5.580128E-05 3.39E-10
   3.58E-06 0.00E+00 7.22E-07  2.739904E-08  8.554060E-05  1.327621E-04     1.00
 8.0200000E+06  -3.280000E-02  4.292730E-02  0.000000E+00  2.398347E-14       81
   6.69E-07     -8.071098E-03 -2.542604E-03  3.338998E-04  5.583018E-05 9.14E-11
   3.58E-06 0.00E+00 7.21E-07  2.740286E-08  8.559337E-05  1.328438E-04     1.00
 8.0250000E+06  -3.282500E-02  4.297962E-02  0.000000E+00  2.336761E-14       81
   6.70E-07     -8.074427E-03 -2.542604E-03  3.349311E-04  5.585931E-05 5.07E-10
   3.58E-06 0.00E+00 7.21E-07  2.740668E-08  8.564606E-05  1.329256E-04     1.00
 8.0300000E+06  -3.285000E-02  4.303191E-02  0.000000E+00  2.392602E-14       81
   6.67E-07     -8.077752E-03 -2.542604E-03  3.359654E-04  5.588872E-05 7.26E-11
   3.57E-06 0.00E+00 7.20E-07  2.741050E-08  8.569866E-05  1.330077E-04     1.00
 8.0350000E+06  -3.287500E-02  4.308417E-02  0.000000E+00  2.333673E-14       81
   6.69E-07     -8.081075E-03 -2.542604E-03  3.369990E-04  5.591834E-05 4.02E-10
   3.57E-06 0.00E+00 7.19E-07  2.741431E-08  8.575119E-05  1.330898E-04     1.00
 8.0400000E+06  -3.290000E-02  4.313640E-02  0.000000E+00  2.386854E-14       81
   6.66E-07     -8.084392E-03 -2.542604E-03  3.380352E-04  5.594826E-05 6.05E-10
   3.57E-06 0.00E+00 7.19E-07  2.741812E-08  8.580362E-05  1.331722E-04     1.00
 8.0450000E+06  -3.292500E-02  4.318862E-02  0.000000E+00  2.331200E-14       81
   6.66E-07     -8.087708E-03 -2.542604E-03  3.390711E-04  5.597838E-05 1.25E-10
   3.57E-06 0.00E+00 7.18E-07  2.742193E-08  8.585598E-05  1.332546E-04     1.00
 8.0500000E+06  -3.295000E-02  4.324372E-02  0.000000E+00  3.056717E-14       81
   7.15E-07     -8.089762E-03 -2.542604E-03  3.404257E-04  5.599748E-05 1.32E-09
   3.87E-06 0.00E+00 7.55E-07  2.742625E-08  8.591234E-05  1.333301E-04     1.00
 8.0550000E+06  -3.297500E-02  4.329888E-02  0.000000E+00  2.256341E-14       81
   7.14E-07     -8.091806E-03 -2.542604E-03  3.417853E-04  5.601642E-05 4.71E-10
   3.86E-06 0.00E+00 7.56E-07  2.743057E-08  8.596879E-05  1.334055E-04     1.00
 8.0600000E+06  -3.300000E-02  4.335395E-02  0.000000E+00  3.042080E-14       81
   7.09E-07     -8.093833E-03 -2.542604E-03  3.431465E-04  5.603582E-05 3.82E-10
   3.87E-06 0.00E+00 7.55E-07  2.743489E-08  8.602506E-05  1.334812E-04     1.00
 8.0650000E+06  -3.302500E-02  4.340895E-02  0.000000E+00  2.353935E-14       81
   7.12E-07     -8.095911E-03 -2.542604E-03  3.444946E-04  5.605556E-05 8.41E-10
   3.85E-06 0.00E+00 7.54E-07  2.743919E-08  8.608124E-05  1.335571E-04     1.00
 8.0700000E+06  -3.305000E-02  4.346400E-02  0.000000E+00  2.754323E-14       81
   7.08E-07     -8.097923E-03 -2.542604E-03  3.458679E-04  5.607522E-05 3.19E-09
   3.86E-06 0.00E+00 7.54E-07  2.744351E-08  8.613745E-05  1.336330E-04     1.00
 8.0750000E+06  -3.307500E-02  4.351888E-02  0.000000E+00  2.768550E-14       81
   7.06E-07     -8.100003E-03 -2.542604E-03  3.472134E-04  5.609562E-05 2.29E-09
   3.84E-06 0.00E+00 7.52E-07  2.744779E-08  8.619340E-05  1.337093E-04     1.00
 8.0800000E+06  -3.310000E-02  4.357386E-02  0.000000E+00  2.440098E-14       81
   7.16E-07     -8.102029E-03 -2.542604E-03  3.485831E-04  5.611571E-05 3.09E-09
   3.85E-06 0.00E+00 7.52E-07  2.745210E-08  8.624948E-05  1.337855E-04     1.00
 8.0850000E+06  -3.312500E-02  4.362867E-02  0.000000E+00  3.049800E-14       81
   7.04E-07     -8.104091E-03 -2.542604E-03  3.499375E-04  5.613657E-05 1.90E-09
   3.84E-06 0.00E+00 7.50E-07  2.745637E-08  8.630528E-05  1.338622E-04     1.00
 8.0900000E+06  -3.315000E-02  4.368597E-02  0.000000E+00  3.874984E-14       81
   7.65E-07     -8.104229E-03 -2.542604E-03  3.513684E-04  5.613154E-05 1.78E-12
   4.15E-06 0.00E+00 8.09E-07  2.746144E-08  8.638093E-05  1.339328E-04     1.00
 8.0950000E+06  -3.317500E-02  4.383647E-02  0.000000E+00  1.172169E-10       80
   5.21E-06     -8.081404E-03 -2.542604E-03  3.414798E-04  5.575383E-05 1.49E-07
   2.90E-05 0.00E+00 5.32E-06  2.838222E-08  8.659901E-05  1.337742E-04     1.00
 8.1000000E+06  -3.320000E-02  4.521894E-02  0.000000E+00  4.253947E-15       78
   1.04E-04     -7.650937E-03 -2.542604E-03  2.723720E-04  5.042414E-05 1.48E-10
   3.99E-04 0.00E+00 8.93E-05  1.558197E-07  8.860554E-05  1.305783E-04     1.00
 8.1050000E+06  -3.322500E-02  4.525657E-02  0.000000E+00  1.326256E-14       79
   4.84E-07     -7.660222E-03 -2.542604E-03  2.722065E-04  5.052172E-05 5.40E-11
   2.19E-06 0.00E+00 5.40E-07  1.558211E-07  8.861553E-05  1.306859E-04     1.00
 8.1100000E+06  -3.325000E-02  4.530914E-02  0.000000E+00  1.345672E-14       81
   6.67E-07     -7.664231E-03 -2.542604E-03  2.726906E-04  5.056999E-05 3.68E-11
   2.74E-06 0.00E+00 7.35E-07  1.558234E-07  8.863826E-05  1.307569E-04     1.00
 8.1150000E+06  -3.327500E-02  4.536170E-02  0.000000E+00  1.345867E-14       82
   6.69E-07     -7.668234E-03 -2.542604E-03  2.731746E-04  5.061841E-05 2.33E-11
   2.75E-06 0.00E+00 7.50E-07  1.558256E-07  8.866098E-05  1.308280E-04     1.00
 8.1200000E+06  -3.330000E-02  4.541426E-02  0.000000E+00  1.345585E-14       82
   6.70E-07     -7.672233E-03 -2.542604E-03  2.736585E-04  5.066699E-05 3.07E-11
   2.77E-06 0.00E+00 7.53E-07  1.558278E-07  8.868368E-05  1.308993E-04     1.00
 8.1250000E+06  -3.332500E-02  4.546680E-02  0.000000E+00  1.345443E-14       82
   6.69E-07     -7.676228E-03 -2.542604E-03  2.741423E-04  5.071574E-05 8.07E-12
   2.76E-06 0.00E+00 7.53E-07  1.558301E-07  8.870637E-05  1.309708E-04     1.00
 8.1300000E+06  -3.335000E-02  4.551932E-02  0.000000E+00  1.345009E-14       82
   6.69E-07     -7.680218E-03 -2.542604E-03  2.746258E-04  5.076465E-05 6.61E-13
   2.76E-06 0.00E+00 7.52E-07  1.558323E-07  8.872904E-05  1.310424E-04     1.00
 8.1350000E+06  -3.337500E-02  4.557277E-02  0.000000E+00  2.118180E-14       82
   7.05E-07     -7.683949E-03 -2.542604E-03  2.750211E-04  5.080989E-05 1.02E-10
   2.90E-06 0.00E+00 7.94E-07  1.558348E-07  8.875324E-05  1.311118E-04     1.00
 8.1400000E+06  -3.340000E-02  4.563018E-02  0.000000E+00  2.075847E-14       82
   8.49E-07     -7.686585E-03 -2.542604E-03  2.750738E-04  5.083909E-05 1.54E-12
   3.42E-06 0.00E+00 9.73E-07  1.558382E-07  8.878384E-05  1.311716E-04     1.00
 8.1450000E+06  -3.342500E-02  4.568754E-02  0.000000E+00  2.073946E-14       82
   8.48E-07     -7.689221E-03 -2.542604E-03  2.751255E-04  5.086849E-05 4.17E-11
   3.41E-06 0.00E+00 9.72E-07  1.558417E-07  8.881443E-05  1.312316E-04     1.00
 8.1500000E+06  -3.345000E-02  4.574475E-02  0.000000E+00  1.446904E-14       83
   8.44E-07     -7.691955E-03 -2.542604E-03  2.751477E-04  5.089850E-05 2.33E-09
   3.39E-06 0.00E+00 9.67E-07  1.558451E-07  8.884487E-05  1.312921E-04     1.00
 8.1550000E+06  -3.347500E-02  4.579824E-02  0.000000E+00  1.525856E-14       83
   7.30E-07     -7.697250E-03 -2.542604E-03  2.743448E-04  5.094179E-05 4.08E-11
   2.95E-06 0.00E+00 8.36E-07  1.558476E-07  8.887130E-05  1.313618E-04     1.00
 8.1600000E+06  -3.350000E-02  4.585171E-02  0.000000E+00  1.525430E-14       83
   7.29E-07     -7.702540E-03 -2.542604E-03  2.735416E-04  5.098526E-05 3.73E-13
   2.94E-06 0.00E+00 8.35E-07  1.558502E-07  8.889774E-05  1.314317E-04     1.00
 8.1650000E+06  -3.352500E-02  4.590515E-02  0.000000E+00  1.525053E-14       83
   7.29E-07     -7.707827E-03 -2.542604E-03  2.727384E-04  5.102892E-05 1.08E-11
   2.94E-06 0.00E+00 8.35E-07  1.558527E-07  8.892421E-05  1.315018E-04     1.00
 8.1700000E+06  -3.355000E-02  4.595858E-02  0.000000E+00  1.524658E-14       83
   7.28E-07     -7.713110E-03 -2.542604E-03  2.719353E-04  5.107277E-05 2.72E-11
   2.94E-06 0.00E+00 8.35E-07  1.558553E-07  8.895069E-05  1.315722E-04     1.00
 8.1750000E+06  -3.357500E-02  4.601198E-02  0.000000E+00  1.524248E-14       83
   7.28E-07     -7.718389E-03 -2.542604E-03  2.711322E-04  5.111682E-05 7.71E-12
   2.94E-06 0.00E+00 8.34E-07  1.558578E-07  8.897720E-05  1.316427E-04     1.00
 8.1800000E+06  -3.360000E-02  4.606535E-02  0.000000E+00  1.523861E-14       83
   7.27E-07     -7.723665E-03 -2.542604E-03  2.703291E-04  5.116105E-05 4.58E-11
   2.94E-06 0.00E+00 8.34E-07  1.558603E-07  8.900372E-05  1.317135E-04     1.00
 8.1850000E+06  -3.362500E-02  4.611870E-02  0.000000E+00  1.526815E-14       84
   7.32E-07     -7.728938E-03 -2.542604E-03  2.695262E-04  5.120548E-05 1.85E-11
   2.95E-06 0.00E+00 8.40E-07  1.558629E-07  8.903027E-05  1.317844E-04     1.00
 8.1900000E+06  -3.365000E-02  4.617202E-02  0.000000E+00  1.526440E-14       84
   7.32E-07     -7.734206E-03 -2.542604E-03  2.687231E-04  5.125009E-05 4.80E-09
   2.95E-06 0.00E+00 8.41E-07  1.558654E-07  8.905684E-05  1.318556E-04     1.00
 8.1950000E+06  -3.367500E-02  4.622532E-02  0.000000E+00  1.526077E-14       84
   7.31E-07     -7.739470E-03 -2.542604E-03  2.679201E-04  5.129489E-05 1.06E-11
   2.95E-06 0.00E+00 8.40E-07  1.558680E-07  8.908343E-05  1.319270E-04     1.00
 8.2000000E+06  -3.370000E-02  4.627860E-02  0.000000E+00  1.525686E-14       84
   7.31E-07     -7.744730E-03 -2.542604E-03  2.671172E-04  5.133988E-05 3.61E-11
   2.95E-06 0.00E+00 8.40E-07  1.558705E-07  8.911005E-05  1.319986E-04     1.00
 8.2050000E+06  -3.372500E-02  4.633185E-02  0.000000E+00  1.525297E-14       84
   7.31E-07     -7.749986E-03 -2.542604E-03  2.663142E-04  5.138506E-05 3.98E-13
   2.95E-06 0.00E+00 8.39E-07  1.558730E-07  8.913668E-05  1.320704E-04     1.00
 8.2100000E+06  -3.375000E-02  4.638500E-02  0.000000E+00  1.556649E-14       84
   7.27E-07     -7.755348E-03 -2.542604E-03  2.656541E-04  5.143034E-05 4.15E-10
   2.95E-06 0.00E+00 8.35E-07  1.558756E-07  8.916362E-05  1.321427E-04     1.00
 8.2150000E+06  -3.377500E-02  4.643756E-02  0.000000E+00  1.545795E-14       84
   7.12E-07     -7.761415E-03 -2.542604E-03  2.658515E-04  5.147533E-05 1.70E-11
   2.98E-06 0.00E+00 8.13E-07  1.558781E-07  8.919246E-05  1.322165E-04     1.00
 8.2200000E+06  -3.380000E-02  4.649010E-02  0.000000E+00  1.544780E-14       84
   7.12E-07     -7.767478E-03 -2.542604E-03  2.660485E-04  5.152055E-05 2.34E-12
   2.98E-06 0.00E+00 8.13E-07  1.558807E-07  8.922130E-05  1.322906E-04     1.00
 8.2250000E+06  -3.382500E-02  4.654260E-02  0.000000E+00  1.543697E-14       84
   7.11E-07     -7.773538E-03 -2.542604E-03  2.662450E-04  5.156600E-05 2.46E-11
   2.98E-06 0.00E+00 8.12E-07  1.558833E-07  8.925016E-05  1.323649E-04     1.00
 8.2300000E+06  -3.385000E-02  4.659508E-02  0.000000E+00  1.542642E-14       84
   7.11E-07     -7.779594E-03 -2.542604E-03  2.664409E-04  5.161169E-05 1.36E-11
   2.98E-06 0.00E+00 8.11E-07  1.558858E-07  8.927903E-05  1.324394E-04     1.00
 8.2350000E+06  -3.387500E-02  4.664753E-02  0.000000E+00  1.541605E-14       84
   7.10E-07     -7.785645E-03 -2.542604E-03  2.666362E-04  5.165761E-05 8.66E-11
   2.97E-06 0.00E+00 8.11E-07  1.558884E-07  8.930791E-05  1.325142E-04     1.00
 8.2400000E+06  -3.390000E-02  4.669994E-02  0.000000E+00  1.540558E-14       84
   7.10E-07     -7.791693E-03 -2.542604E-03  2.668310E-04  5.170376E-05 3.61E-11
   2.97E-06 0.00E+00 8.10E-07  1.558909E-07  8.933680E-05  1.325893E-04     1.00
 8.2450000E+06  -3.392500E-02  4.675233E-02  0.000000E+00  1.539497E-14       84
   7.09E-07     -7.797738E-03 -2.542604E-03  2.670253E-04  5.175014E-05 1.33E-12
   2.97E-06 0.00E+00 8.10E-07  1.558935E-07  8.936570E-05  1.326646E-04     1.00
 8.2500000E+06  -3.395000E-02  4.680470E-02  0.000000E+00  1.538463E-14       84
   7.08E-07     -7.803778E-03 -2.542604E-03  2.672190E-04  5.179675E-05 1.15E-11
   2.97E-06 0.00E+00 8.09E-07  1.558960E-07  8.939461E-05  1.327401E-04     1.00
 8.2550000E+06  -3.397500E-02  4.685703E-02  0.000000E+00  1.537443E-14       84
   7.08E-07     -7.809815E-03 -2.542604E-03  2.674121E-04  5.184360E-05 3.48E-10
   2.96E-06 0.00E+00 8.08E-07  1.558986E-07  8.942353E-05  1.328159E-04     1.00
 8.2600000E+06  -3.400000E-02  4.690933E-02  0.000000E+00  1.536404E-14       84
   7.07E-07     -7.815848E-03 -2.542604E-03  2.676047E-04  5.189067E-05 3.46E-11
   2.96E-06 0.00E+00 8.08E-07  1.559011E-07  8.945246E-05  1.328919E-04     1.00
 8.2650000E+06  -3.402500E-02  4.696161E-02  0.000000E+00  1.535371E-14       84
   7.07E-07     -7.821877E-03 -2.542604E-03  2.677967E-04  5.193798E-05 3.42E-11
   2.96E-06 0.00E+00 8.07E-07  1.559037E-07  8.948140E-05  1.329681E-04     1.00
 8.2700000E+06  -3.405000E-02  4.701385E-02  0.000000E+00  1.534336E-14       84
   7.06E-07     -7.827902E-03 -2.542604E-03  2.679882E-04  5.198551E-05 7.16E-12
   2.96E-06 0.00E+00 8.07E-07  1.559062E-07  8.951036E-05  1.330446E-04     1.00
 8.2750000E+06  -3.407500E-02  4.706607E-02  0.000000E+00  1.533314E-14       84
   7.05E-07     -7.833924E-03 -2.542604E-03  2.681791E-04  5.203328E-05 2.45E-12
   2.95E-06 0.00E+00 8.06E-07  1.559088E-07  8.953932E-05  1.331213E-04     1.00
 8.2800000E+06  -3.410000E-02  4.711826E-02  0.000000E+00  1.532332E-14       84
   7.05E-07     -7.839941E-03 -2.542604E-03  2.683695E-04  5.208127E-05 5.59E-11
   2.95E-06 0.00E+00 8.05E-07  1.559113E-07  8.956830E-05  1.331983E-04     1.00
 8.2850000E+06  -3.412500E-02  4.717043E-02  0.000000E+00  1.531037E-14       84
   7.04E-07     -7.845955E-03 -2.542604E-03  2.685593E-04  5.212950E-05 7.06E-10
   2.95E-06 0.00E+00 8.05E-07  1.559138E-07  8.959729E-05  1.332755E-04     1.00
 8.2900000E+06  -3.415000E-02  4.722256E-02  0.000000E+00  1.530259E-14       84
   7.04E-07     -7.851965E-03 -2.542604E-03  2.687486E-04  5.217795E-05 9.27E-11
   2.95E-06 0.00E+00 8.04E-07  1.559164E-07  8.962628E-05  1.333530E-04     1.00
 8.2950000E+06  -3.417500E-02  4.727357E-02  0.000000E+00  1.197110E-14       83
   6.65E-07     -7.858868E-03 -2.542604E-03  2.689710E-04  5.223075E-05 6.79E-11
   2.83E-06 0.00E+00 7.49E-07  1.559187E-07  8.965388E-05  1.334334E-04     1.00
 8.3000000E+06  -3.420000E-02  4.732299E-02  0.000000E+00  1.196519E-14       83
   5.88E-07     -7.867078E-03 -2.542604E-03  2.692661E-04  5.228977E-05 2.31E-11
   2.61E-06 0.00E+00 6.61E-07  1.559207E-07  8.967937E-05  1.335179E-04     1.00
 8.3050000E+06  -3.422500E-02  4.737239E-02  0.000000E+00  1.195919E-14       83
   5.87E-07     -7.875283E-03 -2.542604E-03  2.695607E-04  5.234904E-05 8.14E-12
   2.61E-06 0.00E+00 6.61E-07  1.559226E-07  8.970488E-05  1.336027E-04     1.00
 8.3100000E+06  -3.425000E-02  4.742178E-02  0.000000E+00  1.195309E-14       83
   5.87E-07     -7.883484E-03 -2.542604E-03  2.698550E-04  5.240855E-05 2.60E-12
   2.60E-06 0.00E+00 6.60E-07  1.559246E-07  8.973040E-05  1.336877E-04     1.00
 8.3150000E+06  -3.427500E-02  4.747116E-02  0.000000E+00  1.194725E-14       83
   5.86E-07     -7.891681E-03 -2.542604E-03  2.701489E-04  5.246831E-05 2.53E-11
   2.60E-06 0.00E+00 6.60E-07  1.559266E-07  8.975595E-05  1.337730E-04     1.00
 8.3200000E+06  -3.430000E-02  4.752052E-02  0.000000E+00  1.194162E-14       83
   5.87E-07     -7.899874E-03 -2.542604E-03  2.704424E-04  5.252830E-05 6.23E-12
   2.60E-06 0.00E+00 6.59E-07  1.559285E-07  8.978152E-05  1.338586E-04     1.00
 8.3250000E+06  -3.432500E-02  4.756987E-02  0.000000E+00  1.193534E-14       83
   5.85E-07     -7.908062E-03 -2.542604E-03  2.707356E-04  5.258855E-05 2.57E-12
   2.60E-06 0.00E+00 6.58E-07  1.559305E-07  8.980710E-05  1.339444E-04     1.00
 8.3300000E+06  -3.435000E-02  4.761920E-02  0.000000E+00  1.192966E-14       83
   5.85E-07     -7.916246E-03 -2.542604E-03  2.710283E-04  5.264903E-05 2.99E-10
   2.59E-06 0.00E+00 6.58E-07  1.559325E-07  8.983271E-05  1.340305E-04     1.00
 8.3350000E+06  -3.437500E-02  4.766852E-02  0.000000E+00  1.192359E-14       83
   5.84E-07     -7.924425E-03 -2.542604E-03  2.713206E-04  5.270976E-05 9.38E-11
   2.59E-06 0.00E+00 6.57E-07  1.559344E-07  8.985833E-05  1.341169E-04     1.00
 8.3400000E+06  -3.440000E-02  4.771782E-02  0.000000E+00  1.191773E-14       83
   5.84E-07     -7.932601E-03 -2.542604E-03  2.716126E-04  5.277073E-05 3.74E-12
   2.59E-06 0.00E+00 6.57E-07  1.559364E-07  8.988398E-05  1.342035E-04     1.00
 8.3450000E+06  -3.442500E-02  4.776783E-02  0.000000E+00  1.683107E-14       82
   5.93E-07     -7.940615E-03 -2.542604E-03  2.719936E-04  5.283026E-05 2.12E-11
   2.64E-06 0.00E+00 6.63E-07  1.559384E-07  8.990956E-05  1.342886E-04     1.00
 8.3500000E+06  -3.445000E-02  4.782518E-02  0.000000E+00  1.711831E-14       82
   6.85E-07     -7.946923E-03 -2.542604E-03  2.731958E-04  5.287293E-05 7.29E-11
   3.09E-06 0.00E+00 7.42E-07  1.559412E-07  8.993416E-05  1.343559E-04     1.00
 8.3550000E+06  -3.447500E-02  4.788252E-02  0.000000E+00  1.711182E-14       82
   6.85E-07     -7.953226E-03 -2.542604E-03  2.743972E-04  5.291585E-05 1.84E-11
   3.09E-06 0.00E+00 7.41E-07  1.559440E-07  8.995874E-05  1.344234E-04     1.00
 8.3600000E+06  -3.450000E-02  4.793984E-02  0.000000E+00  1.710555E-14       82
   6.84E-07     -7.959523E-03 -2.542604E-03  2.755976E-04  5.295902E-05 6.70E-13
   3.08E-06 0.00E+00 7.41E-07  1.559469E-07  8.998330E-05  1.344911E-04     1.00
 8.3650000E+06  -3.452500E-02  4.799714E-02  0.000000E+00  1.709909E-14       82
   6.84E-07     -7.965815E-03 -2.542604E-03  2.767972E-04  5.300244E-05 8.36E-12
   3.08E-06 0.00E+00 7.40E-07  1.559497E-07  9.000782E-05  1.345590E-04     1.00
 8.3700000E+06  -3.455000E-02  4.805443E-02  0.000000E+00  1.709250E-14       82
   6.83E-07     -7.972100E-03 -2.542604E-03  2.779958E-04  5.304611E-05 1.03E-11
   3.08E-06 0.00E+00 7.40E-07  1.559525E-07  9.003232E-05  1.346272E-04     1.00
 8.3750000E+06  -3.457500E-02  4.811169E-02  0.000000E+00  1.708629E-14       82
   6.83E-07     -7.978380E-03 -2.542604E-03  2.791936E-04  5.309003E-05 1.67E-11
   3.08E-06 0.00E+00 7.39E-07  1.559553E-07  9.005680E-05  1.346956E-04     1.00
 8.3800000E+06  -3.460000E-02  4.816894E-02  0.000000E+00  1.707964E-14       82
   6.82E-07     -7.984655E-03 -2.542604E-03  2.803905E-04  5.313420E-05 9.86E-12
   3.08E-06 0.00E+00 7.39E-07  1.559581E-07  9.008124E-05  1.347642E-04     1.00
 8.3850000E+06  -3.462500E-02  4.822617E-02  0.000000E+00  1.707321E-14       82
   6.82E-07     -7.990923E-03 -2.542604E-03  2.815866E-04  5.317862E-05 1.32E-12
   3.08E-06 0.00E+00 7.38E-07  1.559609E-07  9.010566E-05  1.348331E-04     1.00
 8.3900000E+06  -3.465000E-02  4.828638E-02  0.000000E+00  2.046402E-14       82
   7.35E-07     -7.994964E-03 -2.542604E-03  2.821608E-04  5.319301E-05 9.10E-12
   3.37E-06 0.00E+00 7.97E-07  1.559642E-07  9.015295E-05  1.348948E-04     1.00
 8.3950000E+06  -3.467500E-02  4.834651E-02  0.000000E+00  2.044403E-14       82
   7.35E-07     -7.998939E-03 -2.542604E-03  2.827666E-04  5.320646E-05 1.33E-11
   3.37E-06 0.00E+00 7.98E-07  1.559676E-07  9.020149E-05  1.349568E-04     1.00
 8.4000000E+06  -3.470000E-02  4.840660E-02  0.000000E+00  2.042432E-14       82
   7.34E-07     -8.002912E-03 -2.542604E-03  2.833706E-04  5.322021E-05 1.41E-11
   3.37E-06 0.00E+00 7.97E-07  1.559709E-07  9.024995E-05  1.350190E-04     1.00
 8.4050000E+06  -3.472500E-02  4.846666E-02  0.000000E+00  2.040411E-14       82
   7.34E-07     -8.006884E-03 -2.542604E-03  2.839727E-04  5.323424E-05 6.98E-11
   3.37E-06 0.00E+00 7.97E-07  1.559743E-07  9.029833E-05  1.350814E-04     1.00
 8.4100000E+06  -3.475000E-02  4.852668E-02  0.000000E+00  2.038483E-14       82
   7.33E-07     -8.010854E-03 -2.542604E-03  2.845730E-04  5.324856E-05 5.27E-11
   3.37E-06 0.00E+00 7.96E-07  1.559776E-07  9.034664E-05  1.351440E-04     1.00
 8.4150000E+06  -3.477500E-02  4.858666E-02  0.000000E+00  2.036445E-14       82
   7.33E-07     -8.014822E-03 -2.542604E-03  2.851715E-04  5.326317E-05 1.84E-10
   3.36E-06 0.00E+00 7.96E-07  1.559810E-07  9.039486E-05  1.352068E-04     1.00
 8.4200000E+06  -3.480000E-02  4.864660E-02  0.000000E+00  2.034450E-14       82
   7.32E-07     -8.018789E-03 -2.542604E-03  2.857682E-04  5.327807E-05 1.12E-11
   3.36E-06 0.00E+00 7.95E-07  1.559843E-07  9.044300E-05  1.352699E-04     1.00
 8.4250000E+06  -3.482500E-02  4.870652E-02  0.000000E+00  2.032493E-14       82
   7.32E-07     -8.022754E-03 -2.542604E-03  2.863630E-04  5.329326E-05 4.72E-12
   3.36E-06 0.00E+00 7.95E-07  1.559876E-07  9.049107E-05  1.353331E-04     1.00
 8.4300000E+06  -3.485000E-02  4.876639E-02  0.000000E+00  2.030543E-14       82
   7.31E-07     -8.026718E-03 -2.542604E-03  2.869560E-04  5.330873E-05 7.74E-12
   3.36E-06 0.00E+00 7.94E-07  1.559910E-07  9.053906E-05  1.353966E-04     1.00
 8.4350000E+06  -3.487500E-02  4.882623E-02  0.000000E+00  2.028582E-14       82
   7.31E-07     -8.030680E-03 -2.542604E-03  2.875472E-04  5.332449E-05 1.01E-10
   3.36E-06 0.00E+00 7.93E-07  1.559943E-07  9.058696E-05  1.354603E-04     1.00
 8.4400000E+06  -3.490000E-02  4.888603E-02  0.000000E+00  2.026671E-14       82
   7.30E-07     -8.034641E-03 -2.542604E-03  2.881366E-04  5.334054E-05 1.86E-11
   3.35E-06 0.00E+00 7.93E-07  1.559976E-07  9.063479E-05  1.355242E-04     1.00
 8.4450000E+06  -3.492500E-02  4.894580E-02  0.000000E+00  2.024683E-14       82
   7.30E-07     -8.038600E-03 -2.542604E-03  2.887241E-04  5.335687E-05 4.70E-10
   3.35E-06 0.00E+00 7.92E-07  1.560009E-07  9.068254E-05  1.355882E-04     1.00
 8.4500000E+06  -3.495000E-02  4.900553E-02  0.000000E+00  2.022762E-14       82
   7.29E-07     -8.042557E-03 -2.542604E-03  2.893098E-04  5.337349E-05 2.15E-11
   3.35E-06 0.00E+00 7.92E-07  1.560043E-07  9.073021E-05  1.356525E-04     1.00
 8.4550000E+06  -3.497500E-02  4.906522E-02  0.000000E+00  2.020798E-14       82
   7.28E-07     -8.046513E-03 -2.542604E-03  2.898937E-04  5.339039E-05 7.43E-11
   3.35E-06 0.00E+00 7.91E-07  1.560076E-07  9.077781E-05  1.357170E-04     1.00
 8.4600000E+06  -3.500000E-02  4.912488E-02  0.000000E+00  2.018775E-14       82
   7.28E-07     -8.050467E-03 -2.542604E-03  2.904758E-04  5.340758E-05 6.06E-12
   3.34E-06 0.00E+00 7.91E-07  1.560109E-07  9.082532E-05  1.357817E-04     1.00
 8.4650000E+06  -3.502500E-02  4.918450E-02  0.000000E+00  2.016919E-14       82
   7.27E-07     -8.054419E-03 -2.542604E-03  2.910561E-04  5.342505E-05 4.28E-10
   3.34E-06 0.00E+00 7.90E-07  1.560142E-07  9.087276E-05  1.358467E-04     1.00
 8.4700000E+06  -3.505000E-02  4.924409E-02  0.000000E+00  2.014994E-14       82
   7.27E-07     -8.058370E-03 -2.542604E-03  2.916346E-04  5.344281E-05 3.82E-12
   3.34E-06 0.00E+00 7.90E-07  1.560175E-07  9.092012E-05  1.359118E-04     1.00
 8.4750000E+06  -3.507500E-02  4.930365E-02  0.000000E+00  2.013109E-14       82
   7.26E-07     -8.062319E-03 -2.542604E-03  2.922113E-04  5.346085E-05 3.73E-11
   3.34E-06 0.00E+00 7.89E-07  1.560208E-07  9.096741E-05  1.359771E-04     1.00
 8.4800000E+06  -3.510000E-02  4.936316E-02  0.000000E+00  2.011184E-14       82
   7.26E-07     -8.066267E-03 -2.542604E-03  2.927861E-04  5.347918E-05 9.94E-11
   3.34E-06 0.00E+00 7.89E-07  1.560241E-07  9.101461E-05  1.360426E-04     1.00
 8.4850000E+06  -3.512500E-02  4.942264E-02  0.000000E+00  2.009287E-14       82
   7.25E-07     -8.070213E-03 -2.542604E-03  2.933592E-04  5.349779E-05 2.30E-11
   3.33E-06 0.00E+00 7.88E-07  1.560274E-07  9.106174E-05  1.361084E-04     1.00
 8.4900000E+06  -3.515000E-02  4.948209E-02  0.000000E+00  2.007387E-14       82
   7.25E-07     -8.074157E-03 -2.542604E-03  2.939304E-04  5.351668E-05 3.19E-11
   3.33E-06 0.00E+00 7.87E-07  1.560307E-07  9.110879E-05  1.361743E-04     1.00
 8.4950000E+06  -3.517500E-02  4.954150E-02  0.000000E+00  2.005462E-14       82
   7.24E-07     -8.078100E-03 -2.542604E-03  2.944998E-04  5.353585E-05 5.49E-11
   3.33E-06 0.00E+00 7.87E-07  1.560340E-07  9.115577E-05  1.362405E-04     1.00
 8.5000000E+06  -3.520000E-02  4.960088E-02  0.000000E+00  2.003603E-14       82
   7.23E-07     -8.082041E-03 -2.542604E-03  2.950675E-04  5.355531E-05 1.94E-10
   3.33E-06 0.00E+00 7.86E-07  1.560373E-07  9.120266E-05  1.363068E-04     1.00
 8.5050000E+06  -3.522500E-02  4.966022E-02  0.000000E+00  2.001722E-14       82
   7.23E-07     -8.085981E-03 -2.542604E-03  2.956333E-04  5.357505E-05 6.35E-11
   3.33E-06 0.00E+00 7.86E-07  1.560406E-07  9.124948E-05  1.363734E-04     1.00
 8.5100000E+06  -3.525000E-02  4.971953E-02  0.000000E+00  1.999838E-14       82
   7.22E-07     -8.089919E-03 -2.542604E-03  2.961974E-04  5.359507E-05 1.50E-12
   3.32E-06 0.00E+00 7.85E-07  1.560438E-07  9.129623E-05  1.364402E-04     1.00
 8.5150000E+06  -3.527500E-02  4.977880E-02  0.000000E+00  1.997955E-14       82
   7.22E-07     -8.093855E-03 -2.542604E-03  2.967596E-04  5.361537E-05 1.12E-10
   3.32E-06 0.00E+00 7.85E-07  1.560471E-07  9.134289E-05  1.365071E-04     1.00
 8.5200000E+06  -3.530000E-02  4.983803E-02  0.000000E+00  1.995521E-14       82
   7.21E-07     -8.097789E-03 -2.542604E-03  2.973201E-04  5.363595E-05 1.36E-09
   3.32E-06 0.00E+00 7.84E-07  1.560504E-07  9.138949E-05  1.365743E-04     1.00
 8.5250000E+06  -3.532500E-02  4.989724E-02  0.000000E+00  1.994221E-14       82
   7.21E-07     -8.101722E-03 -2.542604E-03  2.978787E-04  5.365682E-05 4.58E-11
   3.32E-06 0.00E+00 7.84E-07  1.560537E-07  9.143600E-05  1.366417E-04     1.00
 8.5300000E+06  -3.535000E-02  4.995640E-02  0.000000E+00  1.992357E-14       82
   7.20E-07     -8.105654E-03 -2.542604E-03  2.984356E-04  5.367796E-05 1.28E-11
   3.32E-06 0.00E+00 7.83E-07  1.560569E-07  9.148244E-05  1.367093E-04     1.00
 8.5350000E+06  -3.537500E-02  5.001553E-02  0.000000E+00  1.990488E-14       82
   7.20E-07     -8.109584E-03 -2.542604E-03  2.989907E-04  5.369938E-05 8.69E-12
   3.31E-06 0.00E+00 7.82E-07  1.560602E-07  9.152880E-05  1.367771E-04     1.00
 8.5400000E+06  -3.540000E-02  5.007463E-02  0.000000E+00  1.988668E-14       82
   7.19E-07     -8.113512E-03 -2.542604E-03  2.995440E-04  5.372108E-05 5.31E-11
   3.31E-06 0.00E+00 7.82E-07  1.560634E-07  9.157509E-05  1.368451E-04     1.00
 8.5450000E+06  -3.542500E-02  5.013370E-02  0.000000E+00  1.986800E-14       82
   7.19E-07     -8.117438E-03 -2.542604E-03  3.000955E-04  5.374307E-05 3.59E-12
   3.31E-06 0.00E+00 7.81E-07  1.560667E-07  9.162130E-05  1.369133E-04     1.00
 8.5500000E+06  -3.545000E-02  5.019272E-02  0.000000E+00  1.984964E-14       82
   7.18E-07     -8.121363E-03 -2.542604E-03  3.006452E-04  5.376533E-05 9.93E-12
   3.31E-06 0.00E+00 7.81E-07  1.560700E-07  9.166744E-05  1.369817E-04     1.00
 8.5550000E+06  -3.547500E-02  5.025116E-02  0.000000E+00  2.043045E-14       82
   7.09E-07     -8.125385E-03 -2.542604E-03  3.010841E-04  5.378821E-05 3.45E-11
   3.34E-06 0.00E+00 7.71E-07  1.560733E-07  9.171452E-05  1.370516E-04     1.00
 8.5600000E+06  -3.550000E-02  5.030899E-02  0.000000E+00  2.040695E-14       82
   7.01E-07     -8.129512E-03 -2.542604E-03  3.014272E-04  5.381181E-05 3.04E-11
   3.37E-06 0.00E+00 7.62E-07  1.560766E-07  9.176249E-05  1.371232E-04     1.00
 8.5650000E+06  -3.552500E-02  5.036679E-02  0.000000E+00  2.038508E-14       82
   7.00E-07     -8.133637E-03 -2.542604E-03  3.017691E-04  5.383568E-05 5.46E-12
   3.36E-06 0.00E+00 7.62E-07  1.560799E-07  9.181041E-05  1.371950E-04     1.00
 8.5700000E+06  -3.555000E-02  5.042456E-02  0.000000E+00  2.036429E-14       82
   7.00E-07     -8.137761E-03 -2.542604E-03  3.021097E-04  5.385980E-05 1.87E-10
   3.36E-06 0.00E+00 7.61E-07  1.560832E-07  9.185827E-05  1.372670E-04     1.00
 8.5750000E+06  -3.557500E-02  5.048229E-02  0.000000E+00  2.034069E-14       82
   6.99E-07     -8.141883E-03 -2.542604E-03  3.024492E-04  5.388418E-05 6.98E-11
   3.36E-06 0.00E+00 7.61E-07  1.560866E-07  9.190607E-05  1.373392E-04     1.00
 8.5800000E+06  -3.560000E-02  5.053999E-02  0.000000E+00  2.032067E-14       82
   6.99E-07     -8.146004E-03 -2.542604E-03  3.027874E-04  5.390882E-05 2.66E-10
   3.36E-06 0.00E+00 7.60E-07  1.560899E-07  9.195382E-05  1.374116E-04     1.00
 8.5850000E+06  -3.562500E-02  5.059766E-02  0.000000E+00  2.030072E-14       82
   6.98E-07     -8.150124E-03 -2.542604E-03  3.031244E-04  5.393373E-05 8.17E-12
   3.35E-06 0.00E+00 7.59E-07  1.560932E-07  9.200152E-05  1.374842E-04     1.00
 8.5900000E+06  -3.565000E-02  5.065529E-02  0.000000E+00  2.027978E-14       82
   6.97E-07     -8.154242E-03 -2.542604E-03  3.034603E-04  5.395889E-05 3.32E-09
   3.35E-06 0.00E+00 7.59E-07  1.560965E-07  9.204915E-05  1.375570E-04     1.00
 8.5950000E+06  -3.567500E-02  5.071290E-02  0.000000E+00  2.025856E-14       82
   6.97E-07     -8.158358E-03 -2.542604E-03  3.037949E-04  5.398431E-05 8.34E-11
   3.35E-06 0.00E+00 7.58E-07  1.560998E-07  9.209673E-05  1.376300E-04     1.00
 8.6000000E+06  -3.570000E-02  5.077047E-02  0.000000E+00  2.023746E-14       82
   6.96E-07     -8.162473E-03 -2.542604E-03  3.041283E-04  5.400998E-05 7.48E-12
   3.35E-06 0.00E+00 7.58E-07  1.561031E-07  9.214426E-05  1.377032E-04     1.00
 8.6050000E+06  -3.572500E-02  5.082801E-02  0.000000E+00  2.021633E-14       82
   6.96E-07     -8.166587E-03 -2.542604E-03  3.044606E-04  5.403592E-05 4.00E-12
   3.34E-06 0.00E+00 7.57E-07  1.561064E-07  9.219173E-05  1.377766E-04     1.00
 8.6100000E+06  -3.575000E-02  5.088551E-02  0.000000E+00  2.019556E-14       82
   6.95E-07     -8.170699E-03 -2.542604E-03  3.047916E-04  5.406211E-05 7.96E-12
   3.34E-06 0.00E+00 7.57E-07  1.561097E-07  9.223914E-05  1.378502E-04     1.00
 8.6150000E+06  -3.577500E-02  5.094299E-02  0.000000E+00  2.017469E-14       82
   6.95E-07     -8.174810E-03 -2.542604E-03  3.051214E-04  5.408857E-05 1.23E-10
   3.34E-06 0.00E+00 7.56E-07  1.561130E-07  9.228650E-05  1.379240E-04     1.00
 8.6200000E+06  -3.580000E-02  5.100117E-02  0.000000E+00  2.380138E-14       82
   7.02E-07     -8.178404E-03 -2.542604E-03  3.055152E-04  5.411291E-05 5.13E-11
   3.38E-06 0.00E+00 7.64E-07  1.561164E-07  9.233434E-05  1.379962E-04     1.00
 8.6250000E+06  -3.582500E-02  5.106433E-02  0.000000E+00  2.374341E-14       82
   7.46E-07     -8.178623E-03 -2.542604E-03  3.062435E-04  5.412184E-05 4.54E-11
   3.63E-06 0.00E+00 8.24E-07  1.561203E-07  9.238547E-05  1.380563E-04     1.00
 8.6300000E+06  -3.585000E-02  5.112746E-02  0.000000E+00  2.372862E-14       82
   7.45E-07     -8.178842E-03 -2.542604E-03  3.069697E-04  5.413101E-05 1.67E-11
   3.62E-06 0.00E+00 8.24E-07  1.561241E-07  9.243647E-05  1.381164E-04     1.00
 8.6350000E+06  -3.587500E-02  5.119055E-02  0.000000E+00  2.371295E-14       82
   7.45E-07     -8.179059E-03 -2.542604E-03  3.076940E-04  5.414040E-05 5.93E-12
   3.62E-06 0.00E+00 8.23E-07  1.561280E-07  9.248733E-05  1.381767E-04     1.00
 8.6400000E+06  -3.590000E-02  5.125362E-02  0.000000E+00  2.369721E-14       82
   7.44E-07     -8.179275E-03 -2.542604E-03  3.084161E-04  5.415003E-05 2.49E-11
   3.62E-06 0.00E+00 8.23E-07  1.561319E-07  9.253805E-05  1.382370E-04     1.00
 8.6450000E+06  -3.592500E-02  5.131665E-02  0.000000E+00  2.368147E-14       82
   7.45E-07     -8.179488E-03 -2.542604E-03  3.091363E-04  5.415989E-05 4.60E-11
   3.62E-06 0.00E+00 8.23E-07  1.561357E-07  9.258864E-05  1.382975E-04     1.00
 8.6500000E+06  -3.595000E-02  5.137966E-02  0.000000E+00  2.366599E-14       82
   7.44E-07     -8.179701E-03 -2.542604E-03  3.098544E-04  5.416999E-05 1.44E-11
   3.62E-06 0.00E+00 8.22E-07  1.561396E-07  9.263909E-05  1.383581E-04     1.00
 8.6550000E+06  -3.597500E-02  5.144263E-02  0.000000E+00  2.365051E-14       82
   7.43E-07     -8.179911E-03 -2.542604E-03  3.105704E-04  5.418031E-05 9.94E-12
   3.62E-06 0.00E+00 8.22E-07  1.561434E-07  9.268941E-05  1.384187E-04     1.00
 8.6600000E+06  -3.600000E-02  5.150558E-02  0.000000E+00  2.363511E-14       82
   7.43E-07     -8.180120E-03 -2.542604E-03  3.112845E-04  5.419087E-05 3.45E-11
   3.62E-06 0.00E+00 8.22E-07  1.561473E-07  9.273959E-05  1.384794E-04     1.00
 8.6650000E+06  -3.602500E-02  5.156941E-02  0.000000E+00  2.473082E-14       82
   7.49E-07     -8.179854E-03 -2.542604E-03  3.120445E-04  5.419684E-05 1.17E-10
   3.68E-06 0.00E+00 8.28E-07  1.561513E-07  9.279219E-05  1.385380E-04     1.00
 8.6700000E+06  -3.605000E-02  5.163349E-02  0.000000E+00  2.471627E-14       82
   7.51E-07     -8.179448E-03 -2.542604E-03  3.128139E-04  5.420167E-05 7.35E-11
   3.70E-06 0.00E+00 8.30E-07  1.561553E-07  9.284534E-05  1.385960E-04     1.00
 8.6750000E+06  -3.607500E-02  5.169754E-02  0.000000E+00  2.470074E-14       82
   7.50E-07     -8.179040E-03 -2.542604E-03  3.135813E-04  5.420674E-05 2.57E-11
   3.70E-06 0.00E+00 8.30E-07  1.561593E-07  9.289833E-05  1.386541E-04     1.00
 8.6800000E+06  -3.610000E-02  5.176157E-02  0.000000E+00  2.468575E-14       82
   7.50E-07     -8.178631E-03 -2.542604E-03  3.143468E-04  5.421205E-05 2.22E-10
   3.70E-06 0.00E+00 8.30E-07  1.561633E-07  9.295116E-05  1.387122E-04     1.00
 8.6850000E+06  -3.612500E-02  5.182556E-02  0.000000E+00  2.467087E-14       82
   7.50E-07     -8.178219E-03 -2.542604E-03  3.151104E-04  5.421759E-05 2.62E-12
   3.70E-06 0.00E+00 8.29E-07  1.561674E-07  9.300383E-05  1.387704E-04     1.00
 8.6900000E+06  -3.615000E-02  5.188952E-02  0.000000E+00  2.465595E-14       82
   7.49E-07     -8.177804E-03 -2.542604E-03  3.158720E-04  5.422338E-05 8.25E-12
   3.70E-06 0.00E+00 8.29E-07  1.561714E-07  9.305634E-05  1.388287E-04     1.00
 8.6950000E+06  -3.617500E-02  5.195715E-02  0.000000E+00  2.452615E-14       82
   8.04E-07     -8.177114E-03 -2.542604E-03  3.176530E-04  5.421842E-05 1.62E-11
   3.66E-06 0.00E+00 8.79E-07  1.561754E-07  9.311061E-05  1.388780E-04     1.00
 8.7000000E+06  -3.620000E-02  5.202498E-02  0.000000E+00  2.449957E-14       82
   8.07E-07     -8.176418E-03 -2.542604E-03  3.195047E-04  5.421301E-05 9.27E-12
   3.65E-06 0.00E+00 8.82E-07  1.561794E-07  9.316484E-05  1.389269E-04     1.00
 8.7050000E+06  -3.622500E-02  5.209746E-02  0.000000E+00  3.577232E-14       82
   9.09E-07     -8.172553E-03 -2.542604E-03  3.202681E-04  5.417832E-05 2.38E-11
   4.27E-06 0.00E+00 1.01E-06  1.561849E-07  9.323691E-05  1.389643E-04     1.00
 8.7100000E+06  -3.625000E-02  5.217121E-02  0.000000E+00  3.571220E-14       82
   9.36E-07     -8.167786E-03 -2.542604E-03  3.207267E-04  5.413559E-05 3.57E-12
   4.43E-06 0.00E+00 1.04E-06  1.561907E-07  9.331383E-05  1.389984E-04     1.00
 8.7150000E+06  -3.627500E-02  5.224488E-02  0.000000E+00  3.565264E-14       82
   9.35E-07     -8.163029E-03 -2.542604E-03  3.211825E-04  5.409320E-05 4.34E-11
   4.43E-06 0.00E+00 1.04E-06  1.561965E-07  9.339049E-05  1.390327E-04     1.00
 8.7200000E+06  -3.630000E-02  5.231846E-02  0.000000E+00  3.559294E-14       82
   9.35E-07     -8.158282E-03 -2.542604E-03  3.216355E-04  5.405116E-05 3.56E-12
   4.43E-06 0.00E+00 1.04E-06  1.562024E-07  9.346690E-05  1.390671E-04     1.00
 8.7250000E+06  -3.632500E-02  5.239196E-02  0.000000E+00  3.553393E-14       82
   9.34E-07     -8.153545E-03 -2.542604E-03  3.220858E-04  5.400946E-05 2.02E-11
   4.43E-06 0.00E+00 1.04E-06  1.562082E-07  9.354307E-05  1.391016E-04     1.00
 8.7300000E+06  -3.635000E-02  5.246539E-02  0.000000E+00  3.547467E-14       82
   9.34E-07     -8.148817E-03 -2.542604E-03  3.225333E-04  5.396810E-05 1.25E-10
   4.43E-06 0.00E+00 1.04E-06  1.562140E-07  9.361898E-05  1.391361E-04     1.00
 8.7350000E+06  -3.637500E-02  5.253873E-02  0.000000E+00  3.541631E-14       82
   9.33E-07     -8.144099E-03 -2.542604E-03  3.229782E-04  5.392708E-05 2.05E-10
   4.42E-06 0.00E+00 1.04E-06  1.562198E-07  9.369464E-05  1.391708E-04     1.00
 8.7400000E+06  -3.640000E-02  5.261199E-02  0.000000E+00  3.535560E-14       82
   9.32E-07     -8.139391E-03 -2.542604E-03  3.234202E-04  5.388641E-05 7.95E-11
   4.42E-06 0.00E+00 1.04E-06  1.562256E-07  9.377006E-05  1.392055E-04     1.00
 8.7450000E+06  -3.642500E-02  5.268517E-02  0.000000E+00  3.529909E-14       82
   9.32E-07     -8.134693E-03 -2.542604E-03  3.238596E-04  5.384607E-05 6.03E-11
   4.42E-06 0.00E+00 1.04E-06  1.562313E-07  9.384523E-05  1.392404E-04     1.00
 8.7500000E+06  -3.645000E-02  5.275828E-02  0.000000E+00  3.524127E-14       82
   9.31E-07     -8.130004E-03 -2.542604E-03  3.242963E-04  5.380607E-05 1.58E-11
   4.42E-06 0.00E+00 1.04E-06  1.562371E-07  9.392015E-05  1.392753E-04     1.00
 8.7550000E+06  -3.647500E-02  5.283130E-02  0.000000E+00  3.518331E-14       82
   9.31E-07     -8.125325E-03 -2.542604E-03  3.247302E-04  5.376641E-05 6.92E-11
   4.42E-06 0.00E+00 1.04E-06  1.562428E-07  9.399483E-05  1.393103E-04     1.00
 8.7600000E+06  -3.650000E-02  5.290424E-02  0.000000E+00  3.512560E-14       82
   9.30E-07     -8.120655E-03 -2.542604E-03  3.251615E-04  5.372708E-05 6.86E-12
   4.41E-06 0.00E+00 1.04E-06  1.562486E-07  9.406926E-05  1.393454E-04     1.00
 8.7650000E+06  -3.652500E-02  5.297711E-02  0.000000E+00  3.506826E-14       82
   9.30E-07     -8.115995E-03 -2.542604E-03  3.255901E-04  5.368809E-05 3.67E-11
   4.41E-06 0.00E+00 1.03E-06  1.562543E-07  9.414344E-05  1.393806E-04     1.00
 8.7700000E+06  -3.655000E-02  5.304990E-02  0.000000E+00  3.501105E-14       82
   9.31E-07     -8.111345E-03 -2.542604E-03  3.260160E-04  5.364943E-05 1.86E-11
   4.41E-06 0.00E+00 1.03E-06  1.562600E-07  9.421739E-05  1.394159E-04     1.00
 8.7750000E+06  -3.657500E-02  5.312260E-02  0.000000E+00  3.495429E-14       82
   9.29E-07     -8.106704E-03 -2.542604E-03  3.264392E-04  5.361111E-05 9.73E-12
   4.41E-06 0.00E+00 1.03E-06  1.562658E-07  9.429108E-05  1.394513E-04     1.00
 8.7800000E+06  -3.660000E-02  5.319523E-02  0.000000E+00  3.489784E-14       82
   9.28E-07     -8.102072E-03 -2.542604E-03  3.268597E-04  5.357312E-05 4.97E-11
   4.41E-06 0.00E+00 1.03E-06  1.562715E-07  9.436454E-05  1.394868E-04     1.00
 8.7850000E+06  -3.662500E-02  5.326779E-02  0.000000E+00  3.484142E-14       82
   9.27E-07     -8.097449E-03 -2.542604E-03  3.272776E-04  5.353546E-05 6.29E-12
   4.40E-06 0.00E+00 1.03E-06  1.562772E-07  9.443775E-05  1.395223E-04     1.00
 8.7900000E+06  -3.665000E-02  5.334026E-02  0.000000E+00  3.478505E-14       82
   9.27E-07     -8.092836E-03 -2.542604E-03  3.276929E-04  5.349813E-05 2.02E-11
   4.40E-06 0.00E+00 1.03E-06  1.562829E-07  9.451071E-05  1.395580E-04     1.00
 8.7950000E+06  -3.667500E-02  5.341266E-02  0.000000E+00  3.472923E-14       82
   9.26E-07     -8.088233E-03 -2.542604E-03  3.281055E-04  5.346112E-05 2.56E-11
   4.40E-06 0.00E+00 1.03E-06  1.562885E-07  9.458344E-05  1.395937E-04     1.00
 8.8000000E+06  -3.670000E-02  5.348450E-02  0.000000E+00  3.131671E-14       82
   9.22E-07     -8.083764E-03 -2.542604E-03  3.285386E-04  5.342424E-05 7.18E-12
   4.34E-06 0.00E+00 1.03E-06  1.562941E-07  9.465732E-05  1.396307E-04     1.00
 8.8050000E+06  -3.672500E-02  5.355466E-02  0.000000E+00  3.128547E-14       82
   9.10E-07     -8.079751E-03 -2.542604E-03  3.290547E-04  5.338717E-05 2.38E-11
   4.16E-06 0.00E+00 1.01E-06  1.562992E-07  9.473538E-05  1.396717E-04     1.00
 8.8100000E+06  -3.675000E-02  5.362477E-02  0.000000E+00  3.125413E-14       82
   9.09E-07     -8.075743E-03 -2.542604E-03  3.295677E-04  5.335041E-05 2.43E-12
   4.16E-06 0.00E+00 1.01E-06  1.563043E-07  9.481321E-05  1.397128E-04     1.00
 8.8150000E+06  -3.677500E-02  5.369481E-02  0.000000E+00  3.122277E-14       82
   9.09E-07     -8.071740E-03 -2.542604E-03  3.300776E-04  5.331394E-05 1.91E-11
   4.16E-06 0.00E+00 1.01E-06  1.563095E-07  9.489079E-05  1.397539E-04     1.00
 8.8200000E+06  -3.680000E-02  5.376480E-02  0.000000E+00  3.119167E-14       82
   9.08E-07     -8.067742E-03 -2.542604E-03  3.305844E-04  5.327777E-05 7.76E-12
   4.16E-06 0.00E+00 1.01E-06  1.563146E-07  9.496814E-05  1.397951E-04     1.00
 8.8250000E+06  -3.682500E-02  5.383472E-02  0.000000E+00  3.116098E-14       82
   9.08E-07     -8.063748E-03 -2.542604E-03  3.310881E-04  5.324190E-05 1.23E-13
   4.16E-06 0.00E+00 1.01E-06  1.563197E-07  9.504526E-05  1.398363E-04     1.00
 8.8300000E+06  -3.685000E-02  5.390458E-02  0.000000E+00  3.112949E-14       82
   9.07E-07     -8.059759E-03 -2.542604E-03  3.315886E-04  5.320633E-05 3.40E-11
   4.16E-06 0.00E+00 1.01E-06  1.563248E-07  9.512213E-05  1.398776E-04     1.00
 8.8350000E+06  -3.687500E-02  5.397439E-02  0.000000E+00  3.109752E-14       82
   9.07E-07     -8.055774E-03 -2.542604E-03  3.320861E-04  5.317106E-05 1.51E-10
   4.16E-06 0.00E+00 1.01E-06  1.563299E-07  9.519877E-05  1.399190E-04     1.00
 8.8400000E+06  -3.690000E-02  5.404413E-02  0.000000E+00  3.106773E-14       82
   9.07E-07     -8.051794E-03 -2.542604E-03  3.325805E-04  5.313608E-05 2.08E-13
   4.16E-06 0.00E+00 1.01E-06  1.563350E-07  9.527518E-05  1.399604E-04     1.00
 8.8450000E+06  -3.692500E-02  5.411381E-02  0.000000E+00  3.103711E-14       82
   9.06E-07     -8.047819E-03 -2.542604E-03  3.330718E-04  5.310140E-05 1.05E-11
   4.16E-06 0.00E+00 1.01E-06  1.563401E-07  9.535135E-05  1.400019E-04     1.00
 8.8500000E+06  -3.695000E-02  5.418344E-02  0.000000E+00  3.100648E-14       82
   9.06E-07     -8.043849E-03 -2.542604E-03  3.335601E-04  5.306701E-05 1.31E-11
   4.16E-06 0.00E+00 1.01E-06  1.563452E-07  9.542728E-05  1.400435E-04     1.00
 8.8550000E+06  -3.697500E-02  5.425300E-02  0.000000E+00  3.097579E-14       82
   9.05E-07     -8.039883E-03 -2.542604E-03  3.340453E-04  5.303292E-05 2.63E-11
   4.16E-06 0.00E+00 1.01E-06  1.563503E-07  9.550298E-05  1.400851E-04     1.00
 8.8600000E+06  -3.700000E-02  5.432251E-02  0.000000E+00  3.094528E-14       82
   9.05E-07     -8.035922E-03 -2.542604E-03  3.345275E-04  5.299912E-05 3.80E-13
   4.16E-06 0.00E+00 1.01E-06  1.563553E-07  9.557844E-05  1.401267E-04     1.00
 8.8650000E+06  -3.702500E-02  5.439195E-02  0.000000E+00  3.091472E-14       82
   9.04E-07     -8.031966E-03 -2.542604E-03  3.350066E-04  5.296561E-05 1.31E-12
   4.16E-06 0.00E+00 1.00E-06  1.563604E-07  9.565367E-05  1.401685E-04     1.00
 8.8700000E+06  -3.705000E-02  5.446134E-02  0.000000E+00  3.088464E-14       82
   9.04E-07     -8.028014E-03 -2.542604E-03  3.354827E-04  5.293240E-05 5.70E-11
   4.15E-06 0.00E+00 1.00E-06  1.563655E-07  9.572867E-05  1.402103E-04     1.00
 8.8750000E+06  -3.707500E-02  5.453066E-02  0.000000E+00  3.085458E-14       82
   9.09E-07     -8.024067E-03 -2.542604E-03  3.359557E-04  5.289947E-05 7.38E-11
   4.16E-06 0.00E+00 1.00E-06  1.563705E-07  9.580344E-05  1.402521E-04     1.00
 8.8800000E+06  -3.710000E-02  5.459993E-02  0.000000E+00  3.082437E-14       82
   9.03E-07     -8.020124E-03 -2.542604E-03  3.364258E-04  5.286684E-05 1.56E-11
   4.15E-06 0.00E+00 1.00E-06  1.563756E-07  9.587797E-05  1.402940E-04     1.00
 8.8850000E+06  -3.712500E-02  5.466914E-02  0.000000E+00  3.079447E-14       82
   9.02E-07     -8.016186E-03 -2.542604E-03  3.368928E-04  5.283450E-05 1.38E-13
   4.15E-06 0.00E+00 1.00E-06  1.563807E-07  9.595227E-05  1.403360E-04     1.00
 8.8900000E+06  -3.715000E-02  5.473829E-02  0.000000E+00  3.076330E-14       82
   9.02E-07     -8.012253E-03 -2.542604E-03  3.373568E-04  5.280245E-05 1.15E-10
   4.15E-06 0.00E+00 1.00E-06  1.563857E-07  9.602634E-05  1.403780E-04     1.00
 8.8950000E+06  -3.717500E-02  5.480739E-02  0.000000E+00  3.073439E-14       82
   9.01E-07     -8.008325E-03 -2.542604E-03  3.378179E-04  5.277069E-05 6.99E-12
   4.15E-06 0.00E+00 1.00E-06  1.563907E-07  9.610017E-05  1.404201E-04     1.00
 8.9000000E+06  -3.720000E-02  5.487642E-02  0.000000E+00  3.070507E-14       82
   9.01E-07     -8.004401E-03 -2.542604E-03  3.382759E-04  5.273921E-05 4.25E-11
   4.15E-06 0.00E+00 1.00E-06  1.563958E-07  9.617378E-05  1.404622E-04     1.00
 8.9050000E+06  -3.722500E-02  5.494540E-02  0.000000E+00  3.067479E-14       82
   9.00E-07     -8.000481E-03 -2.542604E-03  3.387310E-04  5.270803E-05 2.87E-12
   4.15E-06 0.00E+00 1.00E-06  1.564008E-07  9.624715E-05  1.405044E-04     1.00
 8.9100000E+06  -3.725000E-02  5.501431E-02  0.000000E+00  3.064537E-14       82
   9.00E-07     -7.996566E-03 -2.542604E-03  3.391830E-04  5.267713E-05 9.19E-12
   4.15E-06 0.00E+00 1.00E-06  1.564058E-07  9.632030E-05  1.405467E-04     1.00
 8.9150000E+06  -3.727500E-02  5.508318E-02  0.000000E+00  3.061639E-14       82
   9.00E-07     -7.992656E-03 -2.542604E-03  3.396322E-04  5.264652E-05 2.32E-11
   4.15E-06 0.00E+00 1.00E-06  1.564108E-07  9.639321E-05  1.405890E-04     1.00
 8.9200000E+06  -3.730000E-02  5.515198E-02  0.000000E+00  3.058663E-14       82
   8.99E-07     -7.988750E-03 -2.542604E-03  3.400783E-04  5.261619E-05 3.00E-11
   4.15E-06 0.00E+00 1.00E-06  1.564159E-07  9.646590E-05  1.406313E-04     1.00
 8.9250000E+06  -3.732500E-02  5.522072E-02  0.000000E+00  3.055670E-14       82
   8.98E-07     -7.984849E-03 -2.542604E-03  3.405215E-04  5.258615E-05 6.45E-11
   4.15E-06 0.00E+00 9.99E-07  1.564209E-07  9.653835E-05  1.406738E-04     1.00
 8.9300000E+06  -3.735000E-02  5.528941E-02  0.000000E+00  3.052759E-14       82
   8.98E-07     -7.980952E-03 -2.542604E-03  3.409618E-04  5.255640E-05 6.07E-13
   4.15E-06 0.00E+00 9.99E-07  1.564259E-07  9.661058E-05  1.407162E-04     1.00
 8.9350000E+06  -3.737500E-02  5.535769E-02  0.000000E+00  3.040269E-14       82
   8.92E-07     -7.977539E-03 -2.542604E-03  3.416136E-04  5.253124E-05 3.59E-12
   4.14E-06 0.00E+00 9.89E-07  1.564309E-07  9.667913E-05  1.407596E-04     1.00
 8.9400000E+06  -3.740000E-02  5.542582E-02  0.000000E+00  3.037706E-14       82
   8.90E-07     -7.974244E-03 -2.542604E-03  3.423145E-04  5.250739E-05 1.15E-11
   4.14E-06 0.00E+00 9.86E-07  1.564358E-07  9.674664E-05  1.408033E-04     1.00
 8.9450000E+06  -3.742500E-02  5.549390E-02  0.000000E+00  3.035153E-14       82
   8.89E-07     -7.970958E-03 -2.542604E-03  3.430144E-04  5.248385E-05 5.41E-12
   4.14E-06 0.00E+00 9.85E-07  1.564408E-07  9.681393E-05  1.408471E-04     1.00
 8.9500000E+06  -3.745000E-02  5.556192E-02  0.000000E+00  3.032608E-14       82
   8.89E-07     -7.967679E-03 -2.542604E-03  3.437133E-04  5.246061E-05 2.44E-12
   4.14E-06 0.00E+00 9.85E-07  1.564458E-07  9.688099E-05  1.408909E-04     1.00
 8.9550000E+06  -3.747500E-02  5.562618E-02  0.000000E+00  2.447664E-14       81
   8.59E-07     -7.964520E-03 -2.542604E-03  3.449795E-04  5.243135E-05 8.19E-10
   3.72E-06 0.00E+00 9.57E-07  1.564499E-07  9.696321E-05  1.409438E-04     1.00
 8.9600000E+06  -3.750000E-02  5.569013E-02  0.000000E+00  2.200018E-14       81
   9.25E-07     -7.961879E-03 -2.542604E-03  3.464742E-04  5.239433E-05 4.03E-11
   3.58E-06 0.00E+00 1.04E-06  1.564539E-07  9.705388E-05  1.409975E-04     1.00
 8.9650000E+06  -3.752500E-02  5.575297E-02  0.000000E+00  2.193304E-14       81
   8.91E-07     -7.961572E-03 -2.542604E-03  3.482988E-04  5.237177E-05 5.15E-10
   3.42E-06 0.00E+00 9.89E-07  1.564576E-07  9.713278E-05  1.410538E-04     1.00
 8.9700000E+06  -3.755000E-02  5.581575E-02  0.000000E+00  2.189617E-14       81
   8.88E-07     -7.961266E-03 -2.542604E-03  3.501204E-04  5.234952E-05 1.65E-11
   3.41E-06 0.00E+00 9.88E-07  1.564613E-07  9.721152E-05  1.411103E-04     1.00
 8.9750000E+06  -3.757500E-02  5.587848E-02  0.000000E+00  2.185512E-14       81
   8.87E-07     -7.960961E-03 -2.542604E-03  3.519391E-04  5.232758E-05 2.22E-11
   3.41E-06 0.00E+00 9.87E-07  1.564650E-07  9.729012E-05  1.411670E-04     1.00
 8.9800000E+06  -3.760000E-02  5.594114E-02  0.000000E+00  2.181398E-14       81
   8.86E-07     -7.960656E-03 -2.542604E-03  3.537549E-04  5.230594E-05 2.28E-11
   3.41E-06 0.00E+00 9.86E-07  1.564686E-07  9.736857E-05  1.412238E-04     1.00
 8.9850000E+06  -3.762500E-02  5.600373E-02  0.000000E+00  2.177335E-14       81
   8.85E-07     -7.960352E-03 -2.542604E-03  3.555678E-04  5.228461E-05 3.02E-11
   3.41E-06 0.00E+00 9.85E-07  1.564723E-07  9.744687E-05  1.412808E-04     1.00
 8.9900000E+06  -3.765000E-02  5.606627E-02  0.000000E+00  2.173353E-14       81
   8.84E-07     -7.960049E-03 -2.542604E-03  3.573778E-04  5.226358E-05 7.07E-11
   3.40E-06 0.00E+00 9.84E-07  1.564759E-07  9.752503E-05  1.413379E-04     1.00
 8.9950000E+06  -3.767500E-02  5.612875E-02  0.000000E+00  2.169326E-14       81
   8.83E-07     -7.959747E-03 -2.542604E-03  3.591849E-04  5.224285E-05 2.53E-12
   3.40E-06 0.00E+00 9.83E-07  1.564796E-07  9.760305E-05  1.413952E-04     1.00
 9.0000000E+06  -3.770000E-02  5.619117E-02  0.000000E+00  2.165309E-14       81
   8.83E-07     -7.959445E-03 -2.542604E-03  3.609892E-04  5.222242E-05 1.28E-11
   3.40E-06 0.00E+00 9.83E-07  1.564832E-07  9.768091E-05  1.414526E-04     1.00
 9.0050000E+06  -3.772500E-02  5.625353E-02  0.000000E+00  2.161322E-14       81
   8.82E-07     -7.959145E-03 -2.542604E-03  3.627906E-04  5.220229E-05 3.98E-11
   3.40E-06 0.00E+00 9.82E-07  1.564868E-07  9.775864E-05  1.415102E-04     1.00
 9.0100000E+06  -3.775000E-02  5.631582E-02  0.000000E+00  2.157362E-14       81
   8.81E-07     -7.958844E-03 -2.542604E-03  3.645892E-04  5.218245E-05 3.29E-11
   3.39E-06 0.00E+00 9.81E-07  1.564904E-07  9.783622E-05  1.415680E-04     1.00
 9.0150000E+06  -3.777500E-02  5.637806E-02  0.000000E+00  2.153455E-14       81
   8.80E-07     -7.958545E-03 -2.542604E-03  3.663849E-04  5.216292E-05 2.78E-12
   3.39E-06 0.00E+00 9.80E-07  1.564940E-07  9.791366E-05  1.416259E-04     1.00
 9.0200000E+06  -3.780000E-02  5.644024E-02  0.000000E+00  2.149556E-14       81
   8.79E-07     -7.958246E-03 -2.542604E-03  3.681778E-04  5.214367E-05 1.01E-11
   3.39E-06 0.00E+00 9.79E-07  1.564976E-07  9.799096E-05  1.416840E-04     1.00
 9.0250000E+06  -3.782500E-02  5.650236E-02  0.000000E+00  2.145687E-14       81
   8.78E-07     -7.957948E-03 -2.542604E-03  3.699679E-04  5.212472E-05 3.34E-12
   3.39E-06 0.00E+00 9.78E-07  1.565012E-07  9.806812E-05  1.417422E-04     1.00
 9.0300000E+06  -3.785000E-02  5.656442E-02  0.000000E+00  2.141784E-14       81
   8.78E-07     -7.957651E-03 -2.542604E-03  3.717551E-04  5.210607E-05 2.35E-10
   3.39E-06 0.00E+00 9.77E-07  1.565048E-07  9.814514E-05  1.418005E-04     1.00
 9.0350000E+06  -3.787500E-02  5.662642E-02  0.000000E+00  2.137984E-14       81
   8.77E-07     -7.957354E-03 -2.542604E-03  3.735395E-04  5.208770E-05 1.84E-11
   3.38E-06 0.00E+00 9.77E-07  1.565084E-07  9.822202E-05  1.418591E-04     1.00
 9.0400000E+06  -3.790000E-02  5.668837E-02  0.000000E+00  2.134150E-14       81
   8.76E-07     -7.957058E-03 -2.542604E-03  3.753212E-04  5.206963E-05 3.99E-13
   3.38E-06 0.00E+00 9.76E-07  1.565120E-07  9.829876E-05  1.419177E-04     1.00
 9.0450000E+06  -3.792500E-02  5.675025E-02  0.000000E+00  2.130408E-14       81
   8.75E-07     -7.956762E-03 -2.542604E-03  3.771000E-04  5.205185E-05 5.21E-11
   3.38E-06 0.00E+00 9.75E-07  1.565156E-07  9.837536E-05  1.419766E-04     1.00
 9.0500000E+06  -3.795000E-02  5.681208E-02  0.000000E+00  2.126550E-14       81
   8.74E-07     -7.956467E-03 -2.542604E-03  3.788760E-04  5.203435E-05 6.78E-11
   3.38E-06 0.00E+00 9.74E-07  1.565191E-07  9.845182E-05  1.420355E-04     1.00
 9.0550000E+06  -3.797500E-02  5.687385E-02  0.000000E+00  2.122895E-14       81
   8.73E-07     -7.956173E-03 -2.542604E-03  3.806493E-04  5.201714E-05 5.26E-09
   3.37E-06 0.00E+00 9.73E-07  1.565227E-07  9.852815E-05  1.420946E-04     1.00
 9.0600000E+06  -3.800000E-02  5.693557E-02  0.000000E+00  2.119135E-14       81
   8.73E-07     -7.955880E-03 -2.542604E-03  3.824198E-04  5.200021E-05 8.79E-12
   3.37E-06 0.00E+00 9.72E-07  1.565262E-07  9.860434E-05  1.421539E-04     1.00
 9.0650000E+06  -3.802500E-02  5.699722E-02  0.000000E+00  2.115415E-14       81
   8.73E-07     -7.955587E-03 -2.542604E-03  3.841875E-04  5.198357E-05 1.16E-11
   3.37E-06 0.00E+00 9.72E-07  1.565298E-07  9.868040E-05  1.422133E-04     1.00
 9.0700000E+06  -3.805000E-02  5.705882E-02  0.000000E+00  2.111721E-14       81
   8.71E-07     -7.955295E-03 -2.542604E-03  3.859525E-04  5.196721E-05 1.41E-11
   3.37E-06 0.00E+00 9.71E-07  1.565333E-07  9.875632E-05  1.422729E-04     1.00
 9.0750000E+06  -3.807500E-02  5.712036E-02  0.000000E+00  2.108063E-14       81
   8.70E-07     -7.955003E-03 -2.542604E-03  3.877147E-04  5.195113E-05 6.04E-12
   3.36E-06 0.00E+00 9.70E-07  1.565369E-07  9.883210E-05  1.423326E-04     1.00
 9.0800000E+06  -3.810000E-02  5.718184E-02  0.000000E+00  2.104412E-14       81
   8.69E-07     -7.954712E-03 -2.542604E-03  3.894742E-04  5.193534E-05 5.87E-11
   3.36E-06 0.00E+00 9.69E-07  1.565404E-07  9.890776E-05  1.423925E-04     1.00
 9.0850000E+06  -3.812500E-02  5.724327E-02  0.000000E+00  2.100786E-14       81
   8.69E-07     -7.954422E-03 -2.542604E-03  3.912309E-04  5.191982E-05 6.09E-12
   3.36E-06 0.00E+00 9.68E-07  1.565439E-07  9.898328E-05  1.424525E-04     1.00
 9.0900000E+06  -3.815000E-02  5.730464E-02  0.000000E+00  2.097162E-14       81
   8.68E-07     -7.954132E-03 -2.542604E-03  3.929849E-04  5.190458E-05 1.75E-11
   3.36E-06 0.00E+00 9.67E-07  1.565474E-07  9.905866E-05  1.425126E-04     1.00
 9.0950000E+06  -3.817500E-02  5.736596E-02  0.000000E+00  2.093583E-14       81
   8.67E-07     -7.953843E-03 -2.542604E-03  3.947362E-04  5.188962E-05 2.79E-11
   3.36E-06 0.00E+00 9.67E-07  1.565509E-07  9.913392E-05  1.425729E-04     1.00
 9.1000000E+06  -3.820000E-02  5.742674E-02  0.000000E+00  2.042588E-14       81
   8.50E-07     -7.953226E-03 -2.542604E-03  3.967208E-04  5.187647E-05 1.22E-11
   3.35E-06 0.00E+00 9.42E-07  1.565544E-07  9.920867E-05  1.426345E-04     1.00
 9.1050000E+06  -3.822500E-02  5.748691E-02  0.000000E+00  2.040098E-14       81
   8.28E-07     -7.952160E-03 -2.542604E-03  3.989895E-04  5.186559E-05 8.64E-12
   3.33E-06 0.00E+00 9.10E-07  1.565578E-07  9.928266E-05  1.426976E-04     1.00
 9.1100000E+06  -3.825000E-02  5.754703E-02  0.000000E+00  2.037607E-14       81
   8.27E-07     -7.951096E-03 -2.542604E-03  4.012547E-04  5.185493E-05 2.74E-11
   3.33E-06 0.00E+00 9.09E-07  1.565612E-07  9.935654E-05  1.427609E-04     1.00
 9.1150000E+06  -3.827500E-02  5.760710E-02  0.000000E+00  2.035147E-14       81
   8.27E-07     -7.950033E-03 -2.542604E-03  4.035163E-04  5.184447E-05 3.33E-12
   3.33E-06 0.00E+00 9.08E-07  1.565646E-07  9.943030E-05  1.428242E-04     1.00
 9.1200000E+06  -3.830000E-02  5.766714E-02  0.000000E+00  2.032664E-14       81
   8.26E-07     -7.948972E-03 -2.542604E-03  4.057744E-04  5.183421E-05 2.33E-10
   3.33E-06 0.00E+00 9.08E-07  1.565680E-07  9.950394E-05  1.428876E-04     1.00
 9.1250000E+06  -3.832500E-02  5.772713E-02  0.000000E+00  2.030143E-14       81
   8.25E-07     -7.947913E-03 -2.542604E-03  4.080290E-04  5.182417E-05 1.95E-11
   3.33E-06 0.00E+00 9.07E-07  1.565713E-07  9.957747E-05  1.429510E-04     1.00
 9.1300000E+06  -3.835000E-02  5.778708E-02  0.000000E+00  2.027780E-14       81
   8.25E-07     -7.946854E-03 -2.542604E-03  4.102801E-04  5.181433E-05 6.81E-11
   3.33E-06 0.00E+00 9.07E-07  1.565747E-07  9.965088E-05  1.430146E-04     1.00
 9.1350000E+06  -3.837500E-02  5.784698E-02  0.000000E+00  2.025350E-14       81
   8.24E-07     -7.945798E-03 -2.542604E-03  4.125276E-04  5.180470E-05 6.24E-11
   3.32E-06 0.00E+00 9.06E-07  1.565781E-07  9.972417E-05  1.430783E-04     1.00
 9.1400000E+06  -3.840000E-02  5.790685E-02  0.000000E+00  2.022853E-14       81
   8.23E-07     -7.944742E-03 -2.542604E-03  4.147717E-04  5.179528E-05 1.71E-11
   3.32E-06 0.00E+00 9.05E-07  1.565815E-07  9.979735E-05  1.431420E-04     1.00
 9.1450000E+06  -3.842500E-02  5.796667E-02  0.000000E+00  2.020444E-14       81
   8.23E-07     -7.943688E-03 -2.542604E-03  4.170122E-04  5.178606E-05 4.63E-12
   3.32E-06 0.00E+00 9.05E-07  1.565848E-07  9.987042E-05  1.432059E-04     1.00
 9.1500000E+06  -3.845000E-02  5.802645E-02  0.000000E+00  2.018040E-14       81
   8.22E-07     -7.942636E-03 -2.542604E-03  4.192493E-04  5.177704E-05 1.01E-11
   3.32E-06 0.00E+00 9.04E-07  1.565882E-07  9.994337E-05  1.432698E-04     1.00
 9.1550000E+06  -3.847500E-02  5.808619E-02  0.000000E+00  2.015662E-14       81
   8.21E-07     -7.941585E-03 -2.542604E-03  4.214829E-04  5.176823E-05 9.58E-12
   3.32E-06 0.00E+00 9.03E-07  1.565916E-07  1.000162E-04  1.433339E-04     1.00
 9.1600000E+06  -3.850000E-02  5.814826E-02  0.000000E+00  2.229141E-14       81
   8.52E-07     -7.939958E-03 -2.542604E-03  4.233696E-04  5.174933E-05 3.85E-11
   3.40E-06 0.00E+00 9.43E-07  1.565951E-07  1.000934E-04  1.433922E-04     1.00
 9.1650000E+06  -3.852500E-02  5.821248E-02  0.000000E+00  2.226021E-14       81
   8.82E-07     -7.937814E-03 -2.542604E-03  4.249367E-04  5.172095E-05 2.72E-11
   3.48E-06 0.00E+00 9.81E-07  1.565988E-07  1.001748E-04  1.434452E-04     1.00
 9.1700000E+06  -3.855000E-02  5.827665E-02  0.000000E+00  2.222864E-14       81
   8.79E-07     -7.935672E-03 -2.542604E-03  4.264998E-04  5.169282E-05 2.71E-12
   3.48E-06 0.00E+00 9.81E-07  1.566025E-07  1.002560E-04  1.434983E-04     1.00
 9.1750000E+06  -3.857500E-02  5.834285E-02  0.000000E+00  2.560593E-14       81
   9.15E-07     -7.932850E-03 -2.542604E-03  4.280533E-04  5.165702E-05 5.88E-12
   3.59E-06 0.00E+00 1.02E-06  1.566065E-07  1.003399E-04  1.435464E-04     1.00
 9.1800000E+06  -3.860000E-02  5.841162E-02  0.000000E+00  2.555503E-14       81
   9.57E-07     -7.929165E-03 -2.542604E-03  4.295888E-04  5.161163E-05 2.33E-12
   3.72E-06 0.00E+00 1.07E-06  1.566108E-07  1.004271E-04  1.435881E-04     1.00
 9.1850000E+06  -3.862500E-02  5.848032E-02  0.000000E+00  2.550646E-14       81
   9.59E-07     -7.925484E-03 -2.542604E-03  4.311198E-04  5.156654E-05 6.90E-12
   3.72E-06 0.00E+00 1.07E-06  1.566151E-07  1.005140E-04  1.436300E-04     1.00
 9.1900000E+06  -3.865000E-02  5.854896E-02  0.000000E+00  2.545745E-14       81
   9.56E-07     -7.921809E-03 -2.542604E-03  4.326462E-04  5.152174E-05 3.05E-11
   3.72E-06 0.00E+00 1.07E-06  1.566193E-07  1.006007E-04  1.436719E-04     1.00
 9.1950000E+06  -3.867500E-02  5.861753E-02  0.000000E+00  2.540827E-14       81
   9.55E-07     -7.918140E-03 -2.542604E-03  4.341682E-04  5.147723E-05 6.70E-12
   3.71E-06 0.00E+00 1.07E-06  1.566236E-07  1.006872E-04  1.437139E-04     1.00
 9.2000000E+06  -3.870000E-02  5.868603E-02  0.000000E+00  2.536060E-14       81
   9.54E-07     -7.914475E-03 -2.542604E-03  4.356856E-04  5.143301E-05 1.68E-11
   3.71E-06 0.00E+00 1.06E-06  1.566278E-07  1.007735E-04  1.437560E-04     1.00
 9.2050000E+06  -3.872500E-02  5.875446E-02  0.000000E+00  2.531339E-14       81
   9.53E-07     -7.910816E-03 -2.542604E-03  4.371986E-04  5.138907E-05 2.61E-11
   3.71E-06 0.00E+00 1.06E-06  1.566321E-07  1.008596E-04  1.437981E-04     1.00
 9.2100000E+06  -3.875000E-02  5.882283E-02  0.000000E+00  2.526495E-14       81
   9.53E-07     -7.907163E-03 -2.542604E-03  4.387071E-04  5.134542E-05 2.41E-11
   3.71E-06 0.00E+00 1.06E-06  1.566363E-07  1.009455E-04  1.438404E-04     1.00
 9.2150000E+06  -3.877500E-02  5.889113E-02  0.000000E+00  2.521731E-14       81
   9.52E-07     -7.903514E-03 -2.542604E-03  4.402113E-04  5.130206E-05 9.94E-12
   3.71E-06 0.00E+00 1.06E-06  1.566405E-07  1.010312E-04  1.438827E-04     1.00
 9.2200000E+06  -3.880000E-02  5.895936E-02  0.000000E+00  2.517002E-14       81
   9.51E-07     -7.899871E-03 -2.542604E-03  4.417110E-04  5.125898E-05 7.26E-12
   3.71E-06 0.00E+00 1.06E-06  1.566447E-07  1.011167E-04  1.439251E-04     1.00
 9.2250000E+06  -3.882500E-02  5.902753E-02  0.000000E+00  2.512304E-14       81
   9.50E-07     -7.896233E-03 -2.542604E-03  4.432063E-04  5.121618E-05 1.39E-13
   3.70E-06 0.00E+00 1.06E-06  1.566489E-07  1.012020E-04  1.439676E-04     1.00
 9.2300000E+06  -3.885000E-02  5.909564E-02  0.000000E+00  2.507618E-14       81
   9.50E-07     -7.892601E-03 -2.542604E-03  4.446972E-04  5.117366E-05 1.62E-11
   3.70E-06 0.00E+00 1.06E-06  1.566531E-07  1.012871E-04  1.440102E-04     1.00
 9.2350000E+06  -3.887500E-02  5.916367E-02  0.000000E+00  2.502976E-14       81
   9.49E-07     -7.888973E-03 -2.542604E-03  4.461837E-04  5.113142E-05 1.67E-11
   3.70E-06 0.00E+00 1.06E-06  1.566573E-07  1.013720E-04  1.440529E-04     1.00
 9.2400000E+06  -3.890000E-02  5.923165E-02  0.000000E+00  2.498374E-14       81
   9.48E-07     -7.885351E-03 -2.542604E-03  4.476659E-04  5.108947E-05 1.50E-11
   3.70E-06 0.00E+00 1.06E-06  1.566615E-07  1.014567E-04  1.440956E-04     1.00
 9.2450000E+06  -3.892500E-02  5.929955E-02  0.000000E+00  2.493741E-14       81
   9.47E-07     -7.881734E-03 -2.542604E-03  4.491438E-04  5.104779E-05 9.24E-13
   3.70E-06 0.00E+00 1.06E-06  1.566657E-07  1.015412E-04  1.441385E-04     1.00
 9.2500000E+06  -3.895000E-02  5.936740E-02  0.000000E+00  2.489175E-14       81
   9.47E-07     -7.878122E-03 -2.542604E-03  4.506174E-04  5.100638E-05 3.01E-12
   3.70E-06 0.00E+00 1.06E-06  1.566698E-07  1.016255E-04  1.441814E-04     1.00
 9.2550000E+06  -3.897500E-02  5.943517E-02  0.000000E+00  2.484526E-14       81
   9.46E-07     -7.874515E-03 -2.542604E-03  4.520866E-04  5.096526E-05 1.25E-10
   3.69E-06 0.00E+00 1.06E-06  1.566740E-07  1.017096E-04  1.442244E-04     1.00
 9.2600000E+06  -3.900000E-02  5.950289E-02  0.000000E+00  2.480103E-14       81
   9.45E-07     -7.870914E-03 -2.542604E-03  4.535516E-04  5.092441E-05 2.57E-11
   3.69E-06 0.00E+00 1.06E-06  1.566781E-07  1.017935E-04  1.442674E-04     1.00
 9.2650000E+06  -3.902500E-02  5.957054E-02  0.000000E+00  2.475591E-14       81
   9.44E-07     -7.867317E-03 -2.542604E-03  4.550123E-04  5.088383E-05 1.81E-11
   3.69E-06 0.00E+00 1.06E-06  1.566823E-07  1.018772E-04  1.443106E-04     1.00
 9.2700000E+06  -3.905000E-02  5.963812E-02  0.000000E+00  2.471080E-14       81
   9.44E-07     -7.863726E-03 -2.542604E-03  4.564688E-04  5.084353E-05 5.51E-11
   3.69E-06 0.00E+00 1.05E-06  1.566864E-07  1.019607E-04  1.443538E-04     1.00
 9.2750000E+06  -3.907500E-02  5.970565E-02  0.000000E+00  2.466088E-14       81
   9.43E-07     -7.860140E-03 -2.542604E-03  4.579210E-04  5.080350E-05 5.10E-10
   3.69E-06 0.00E+00 1.05E-06  1.566906E-07  1.020441E-04  1.443971E-04     1.00
 9.2800000E+06  -3.910000E-02  5.977310E-02  0.000000E+00  2.462214E-14       81
   9.42E-07     -7.856559E-03 -2.542604E-03  4.593690E-04  5.076374E-05 1.31E-09
   3.68E-06 0.00E+00 1.05E-06  1.566947E-07  1.021272E-04  1.444405E-04     1.00
 9.2850000E+06  -3.912500E-02  5.984050E-02  0.000000E+00  2.457763E-14       81
   9.41E-07     -7.852982E-03 -2.542604E-03  4.608129E-04  5.072425E-05 2.22E-11
   3.68E-06 0.00E+00 1.05E-06  1.566988E-07  1.022101E-04  1.444839E-04     1.00
 9.2900000E+06  -3.915000E-02  5.990783E-02  0.000000E+00  2.453370E-14       81
   9.41E-07     -7.849411E-03 -2.542604E-03  4.622525E-04  5.068503E-05 3.69E-11
   3.68E-06 0.00E+00 1.05E-06  1.567029E-07  1.022929E-04  1.445275E-04     1.00
 9.2950000E+06  -3.917500E-02  5.997510E-02  0.000000E+00  2.448991E-14       81
   9.40E-07     -7.845845E-03 -2.542604E-03  4.636879E-04  5.064607E-05 5.39E-12
   3.68E-06 0.00E+00 1.05E-06  1.567070E-07  1.023755E-04  1.445711E-04     1.00
 9.3000000E+06  -3.920000E-02  6.004231E-02  0.000000E+00  2.444664E-14       81
   9.39E-07     -7.842284E-03 -2.542604E-03  4.651192E-04  5.060739E-05 9.32E-11
   3.68E-06 0.00E+00 1.05E-06  1.567111E-07  1.024578E-04  1.446147E-04     1.00
 9.3050000E+06  -3.922500E-02  6.010945E-02  0.000000E+00  2.440303E-14       81
   9.39E-07     -7.838728E-03 -2.542604E-03  4.665464E-04  5.056897E-05 5.07E-12
   3.68E-06 0.00E+00 1.05E-06  1.567152E-07  1.025400E-04  1.446585E-04     1.00
 9.3100000E+06  -3.925000E-02  6.017654E-02  0.000000E+00  2.435998E-14       81
   9.38E-07     -7.835177E-03 -2.542604E-03  4.679694E-04  5.053081E-05 7.58E-11
   3.67E-06 0.00E+00 1.05E-06  1.567192E-07  1.026220E-04  1.447023E-04     1.00
 9.3150000E+06  -3.927500E-02  6.024306E-02  0.000000E+00  2.491037E-14       81
   9.43E-07     -7.831647E-03 -2.542604E-03  4.694276E-04  5.049265E-05 4.50E-10
   3.69E-06 0.00E+00 1.06E-06  1.567233E-07  1.027053E-04  1.447475E-04     1.00
 9.3200000E+06  -3.930000E-02  6.030861E-02  0.000000E+00  2.486196E-14       81
   9.54E-07     -7.828161E-03 -2.542604E-03  4.709588E-04  5.045423E-05 1.05E-11
   3.71E-06 0.00E+00 1.07E-06  1.567275E-07  1.027911E-04  1.447949E-04     1.00
 9.3250000E+06  -3.932500E-02  6.037411E-02  0.000000E+00  2.481438E-14       81
   9.53E-07     -7.824679E-03 -2.542604E-03  4.724855E-04  5.041607E-05 7.54E-12
   3.71E-06 0.00E+00 1.07E-06  1.567317E-07  1.028767E-04  1.448424E-04     1.00
 9.3300000E+06  -3.935000E-02  6.043955E-02  0.000000E+00  2.476655E-14       81
   9.52E-07     -7.821201E-03 -2.542604E-03  4.740076E-04  5.037817E-05 2.33E-11
   3.71E-06 0.00E+00 1.07E-06  1.567358E-07  1.029622E-04  1.448899E-04     1.00
 9.3350000E+06  -3.937500E-02  6.050492E-02  0.000000E+00  2.471942E-14       81
   9.51E-07     -7.817727E-03 -2.542604E-03  4.755251E-04  5.034053E-05 5.47E-11
   3.71E-06 0.00E+00 1.07E-06  1.567399E-07  1.030474E-04  1.449375E-04     1.00
 9.3400000E+06  -3.940000E-02  6.057024E-02  0.000000E+00  2.467263E-14       81
   9.51E-07     -7.814258E-03 -2.542604E-03  4.770382E-04  5.030315E-05 4.28E-10
   3.70E-06 0.00E+00 1.07E-06  1.567441E-07  1.031325E-04  1.449852E-04     1.00
 9.3450000E+06  -3.942500E-02  6.063550E-02  0.000000E+00  2.462611E-14       81
   9.50E-07     -7.810793E-03 -2.542604E-03  4.785467E-04  5.026603E-05 1.99E-13
   3.70E-06 0.00E+00 1.07E-06  1.567482E-07  1.032174E-04  1.450330E-04     1.00
 9.3500000E+06  -3.945000E-02  6.070070E-02  0.000000E+00  2.457978E-14       81
   9.49E-07     -7.807333E-03 -2.542604E-03  4.800507E-04  5.022916E-05 2.57E-12
   3.70E-06 0.00E+00 1.06E-06  1.567523E-07  1.033021E-04  1.450808E-04     1.00
 9.3550000E+06  -3.947500E-02  6.076584E-02  0.000000E+00  2.453338E-14       81
   9.48E-07     -7.803877E-03 -2.542604E-03  4.815503E-04  5.019254E-05 1.99E-09
   3.70E-06 0.00E+00 1.06E-06  1.567564E-07  1.033866E-04  1.451287E-04     1.00
 9.3600000E+06  -3.950000E-02  6.083093E-02  0.000000E+00  2.448761E-14       81
   9.48E-07     -7.800425E-03 -2.542604E-03  4.830454E-04  5.015618E-05 1.86E-12
   3.70E-06 0.00E+00 1.06E-06  1.567605E-07  1.034709E-04  1.451767E-04     1.00
 9.3650000E+06  -3.952500E-02  6.089595E-02  0.000000E+00  2.444178E-14       81
   9.47E-07     -7.796977E-03 -2.542604E-03  4.845361E-04  5.012008E-05 2.31E-11
   3.69E-06 0.00E+00 1.06E-06  1.567646E-07  1.035550E-04  1.452247E-04     1.00
 9.3700000E+06  -3.955000E-02  6.095982E-02  0.000000E+00  2.352630E-14       81
   9.34E-07     -7.793842E-03 -2.542604E-03  4.859679E-04  5.008755E-05 2.28E-11
   3.67E-06 0.00E+00 1.05E-06  1.567686E-07  1.036384E-04  1.452755E-04     1.00
 9.3750000E+06  -3.957500E-02  6.102210E-02  0.000000E+00  2.348867E-14       81
   9.17E-07     -7.791139E-03 -2.542604E-03  4.873272E-04  5.005978E-05 1.60E-11
   3.63E-06 0.00E+00 1.03E-06  1.567726E-07  1.037207E-04  1.453301E-04     1.00
 9.3800000E+06  -3.960000E-02  6.108433E-02  0.000000E+00  2.345010E-14       81
   9.16E-07     -7.788441E-03 -2.542604E-03  4.886824E-04  5.003227E-05 6.61E-12
   3.63E-06 0.00E+00 1.03E-06  1.567765E-07  1.038029E-04  1.453848E-04     1.00
 9.3850000E+06  -3.962500E-02  6.114650E-02  0.000000E+00  2.341176E-14       81
   9.16E-07     -7.785747E-03 -2.542604E-03  4.900335E-04  5.000500E-05 8.00E-12
   3.63E-06 0.00E+00 1.03E-06  1.567804E-07  1.038849E-04  1.454396E-04     1.00
 9.3900000E+06  -3.965000E-02  6.120861E-02  0.000000E+00  2.337360E-14       81
   9.15E-07     -7.783058E-03 -2.542604E-03  4.913807E-04  4.997798E-05 4.54E-12
   3.63E-06 0.00E+00 1.03E-06  1.567843E-07  1.039668E-04  1.454944E-04     1.00
 9.3950000E+06  -3.967500E-02  6.127067E-02  0.000000E+00  2.333557E-14       81
   9.14E-07     -7.780374E-03 -2.542604E-03  4.927237E-04  4.995121E-05 8.12E-11
   3.62E-06 0.00E+00 1.03E-06  1.567882E-07  1.040485E-04  1.455493E-04     1.00
 9.4000000E+06  -3.970000E-02  6.133267E-02  0.000000E+00  2.329796E-14       81
   9.13E-07     -7.777694E-03 -2.542604E-03  4.940628E-04  4.992468E-05 3.28E-12
   3.62E-06 0.00E+00 1.03E-06  1.567921E-07  1.041300E-04  1.456043E-04     1.00
 9.4050000E+06  -3.972500E-02  6.139462E-02  0.000000E+00  2.326024E-14       81
   9.13E-07     -7.775020E-03 -2.542604E-03  4.953978E-04  4.989840E-05 1.50E-13
   3.62E-06 0.00E+00 1.03E-06  1.567960E-07  1.042114E-04  1.456594E-04     1.00
 9.4100000E+06  -3.975000E-02  6.145651E-02  0.000000E+00  2.322310E-14       81
   9.12E-07     -7.772350E-03 -2.542604E-03  4.967289E-04  4.987236E-05 1.26E-11
   3.62E-06 0.00E+00 1.03E-06  1.567998E-07  1.042926E-04  1.457146E-04     1.00
 9.4150000E+06  -3.977500E-02  6.151834E-02  0.000000E+00  2.318469E-14       81
   9.11E-07     -7.769685E-03 -2.542604E-03  4.980559E-04  4.984657E-05 3.97E-12
   3.62E-06 0.00E+00 1.03E-06  1.568037E-07  1.043736E-04  1.457699E-04     1.00
 9.4200000E+06  -3.980000E-02  6.158012E-02  0.000000E+00  2.314852E-14       81
   9.10E-07     -7.767025E-03 -2.542604E-03  4.993790E-04  4.982101E-05 1.73E-12
   3.61E-06 0.00E+00 1.03E-06  1.568076E-07  1.044545E-04  1.458252E-04     1.00
 9.4250000E+06  -3.982500E-02  6.164184E-02  0.000000E+00  2.311165E-14       81
   9.10E-07     -7.764369E-03 -2.542604E-03  5.006982E-04  4.979570E-05 1.50E-11
   3.61E-06 0.00E+00 1.03E-06  1.568114E-07  1.045353E-04  1.458806E-04     1.00
 9.4300000E+06  -3.985000E-02  6.170351E-02  0.000000E+00  2.307490E-14       81
   9.09E-07     -7.761718E-03 -2.542604E-03  5.020134E-04  4.977063E-05 3.77E-13
   3.61E-06 0.00E+00 1.03E-06  1.568153E-07  1.046158E-04  1.459361E-04     1.00
 9.4350000E+06  -3.987500E-02  6.176512E-02  0.000000E+00  2.303842E-14       81
   9.08E-07     -7.759072E-03 -2.542604E-03  5.033247E-04  4.974581E-05 4.82E-11
   3.61E-06 0.00E+00 1.03E-06  1.568191E-07  1.046962E-04  1.459917E-04     1.00
 9.4400000E+06  -3.990000E-02  6.182668E-02  0.000000E+00  2.300202E-14       81
   9.07E-07     -7.756430E-03 -2.542604E-03  5.046321E-04  4.972122E-05 1.30E-11
   3.61E-06 0.00E+00 1.03E-06  1.568230E-07  1.047764E-04  1.460473E-04     1.00
 9.4450000E+06  -3.992500E-02  6.188819E-02  0.000000E+00  2.296598E-14       81
   9.07E-07     -7.753793E-03 -2.542604E-03  5.059356E-04  4.969687E-05 6.27E-12
   3.61E-06 0.00E+00 1.02E-06  1.568268E-07  1.048565E-04  1.461030E-04     1.00
 9.4500000E+06  -3.995000E-02  6.194964E-02  0.000000E+00  2.293026E-14       81
   9.06E-07     -7.751161E-03 -2.542604E-03  5.072353E-04  4.967276E-05 4.84E-12
   3.60E-06 0.00E+00 1.02E-06  1.568306E-07  1.049364E-04  1.461589E-04     1.00
 9.4550000E+06  -3.997500E-02  6.201103E-02  0.000000E+00  2.289403E-14       81
   9.05E-07     -7.748534E-03 -2.542604E-03  5.085311E-04  4.964888E-05 1.23E-10
   3.60E-06 0.00E+00 1.02E-06  1.568345E-07  1.050162E-04  1.462147E-04     1.00
 9.4600000E+06  -4.000000E-02  6.207237E-02  0.000000E+00  2.285848E-14       81
   9.04E-07     -7.745911E-03 -2.542604E-03  5.098230E-04  4.962525E-05 7.43E-11
   3.60E-06 0.00E+00 1.02E-06  1.568383E-07  1.050958E-04  1.462707E-04     1.00
 9.4650000E+06  -4.002500E-02  6.213366E-02  0.000000E+00  2.282219E-14       81
   9.04E-07     -7.743292E-03 -2.542604E-03  5.111111E-04  4.960185E-05 1.68E-10
   3.60E-06 0.00E+00 1.02E-06  1.568421E-07  1.051752E-04  1.463268E-04     1.00
 9.4700000E+06  -4.005000E-02  6.219489E-02  0.000000E+00  2.278766E-14       81
   9.03E-07     -7.740679E-03 -2.542604E-03  5.123954E-04  4.957868E-05 5.12E-12
   3.60E-06 0.00E+00 1.02E-06  1.568459E-07  1.052545E-04  1.463829E-04     1.00
 9.4750000E+06  -4.007500E-02  6.225608E-02  0.000000E+00  2.275243E-14       81
   9.02E-07     -7.738069E-03 -2.542604E-03  5.136759E-04  4.955575E-05 1.60E-11
   3.60E-06 0.00E+00 1.02E-06  1.568497E-07  1.053336E-04  1.464391E-04     1.00
 9.4800000E+06  -4.010000E-02  6.231720E-02  0.000000E+00  2.271755E-14       81
   9.02E-07     -7.735465E-03 -2.542604E-03  5.149525E-04  4.953305E-05 4.14E-12
   3.59E-06 0.00E+00 1.02E-06  1.568535E-07  1.054126E-04  1.464954E-04     1.00
 9.4850000E+06  -4.012500E-02  6.237828E-02  0.000000E+00  2.268289E-14       81
   9.01E-07     -7.732865E-03 -2.542604E-03  5.162255E-04  4.951059E-05 8.25E-12
   3.59E-06 0.00E+00 1.02E-06  1.568573E-07  1.054914E-04  1.465517E-04     1.00
 9.4900000E+06  -4.015000E-02  6.243930E-02  0.000000E+00  2.264821E-14       81
   9.00E-07     -7.730269E-03 -2.542604E-03  5.174946E-04  4.948836E-05 5.22E-12
   3.59E-06 0.00E+00 1.02E-06  1.568610E-07  1.055701E-04  1.466081E-04     1.00
 9.4950000E+06  -4.017500E-02  6.250026E-02  0.000000E+00  2.261406E-14       81
   8.99E-07     -7.727678E-03 -2.542604E-03  5.187600E-04  4.946636E-05 3.09E-11
   3.59E-06 0.00E+00 1.02E-06  1.568648E-07  1.056486E-04  1.466646E-04     1.00
 9.5000000E+06  -4.020000E-02  6.256118E-02  0.000000E+00  2.257933E-14       81
   8.99E-07     -7.725092E-03 -2.542604E-03  5.200216E-04  4.944460E-05 2.31E-11
   3.59E-06 0.00E+00 1.02E-06  1.568686E-07  1.057269E-04  1.467212E-04     1.00
 9.5050000E+06  -4.022500E-02  6.262204E-02  0.000000E+00  2.254544E-14       81
   8.98E-07     -7.722510E-03 -2.542604E-03  5.212796E-04  4.942306E-05 9.11E-11
   3.58E-06 0.00E+00 1.02E-06  1.568723E-07  1.058051E-04  1.467779E-04     1.00
 9.5100000E+06  -4.025000E-02  6.268285E-02  0.000000E+00  2.251095E-14       81
   8.97E-07     -7.719933E-03 -2.542604E-03  5.225338E-04  4.940175E-05 7.96E-12
   3.58E-06 0.00E+00 1.01E-06  1.568761E-07  1.058831E-04  1.468346E-04     1.00
 9.5150000E+06  -4.027500E-02  6.274361E-02  0.000000E+00  2.247734E-14       81
   8.97E-07     -7.717360E-03 -2.542604E-03  5.237843E-04  4.938068E-05 4.46E-10
   3.58E-06 0.00E+00 1.01E-06  1.568799E-07  1.059610E-04  1.468914E-04     1.00
 9.5200000E+06  -4.030000E-02  6.280432E-02  0.000000E+00  2.244346E-14       81
   8.96E-07     -7.714791E-03 -2.542604E-03  5.250312E-04  4.935983E-05 6.77E-12
   3.58E-06 0.00E+00 1.01E-06  1.568836E-07  1.060387E-04  1.469483E-04     1.00
 9.5250000E+06  -4.032500E-02  6.286497E-02  0.000000E+00  2.241008E-14       81
   8.96E-07     -7.712228E-03 -2.542604E-03  5.262743E-04  4.933921E-05 1.58E-11
   3.58E-06 0.00E+00 1.01E-06  1.568873E-07  1.061163E-04  1.470052E-04     1.00
 9.5300000E+06  -4.035000E-02  6.292557E-02  0.000000E+00  2.237702E-14       81
   8.94E-07     -7.709668E-03 -2.542604E-03  5.275139E-04  4.931882E-05 5.41E-11
   3.58E-06 0.00E+00 1.01E-06  1.568911E-07  1.061937E-04  1.470623E-04     1.00
 9.5350000E+06  -4.037500E-02  6.298612E-02  0.000000E+00  2.234340E-14       81
   8.94E-07     -7.707113E-03 -2.542604E-03  5.287497E-04  4.929865E-05 7.05E-11
   3.57E-06 0.00E+00 1.01E-06  1.568948E-07  1.062710E-04  1.471194E-04     1.00
 9.5400000E+06  -4.040000E-02  6.304662E-02  0.000000E+00  2.231033E-14       81
   8.96E-07     -7.704562E-03 -2.542604E-03  5.299820E-04  4.927871E-05 1.65E-11
   3.57E-06 0.00E+00 1.01E-06  1.568985E-07  1.063481E-04  1.471765E-04     1.00
 9.5450000E+06  -4.042500E-02  6.310707E-02  0.000000E+00  2.227686E-14       81
   8.92E-07     -7.702016E-03 -2.542604E-03  5.312106E-04  4.925900E-05 6.13E-11
   3.57E-06 0.00E+00 1.01E-06  1.569022E-07  1.064251E-04  1.472338E-04     1.00
 9.5500000E+06  -4.045000E-02  6.317433E-02  0.000000E+00  6.293215E-14       81
   1.16E-06     -7.693731E-03 -2.542604E-03  5.302251E-04  4.920924E-05 2.10E-11
   4.83E-06 0.00E+00 1.35E-06  1.569092E-07  1.065153E-04  1.472743E-04     1.00
 9.5550000E+06  -4.047500E-02  6.324854E-02  0.000000E+00  6.252194E-14       81
   1.42E-06     -7.679540E-03 -2.542604E-03  5.269780E-04  4.912950E-05 1.77E-10
   6.05E-06 0.00E+00 1.70E-06  1.569196E-07  1.066183E-04  1.472976E-04     1.00
 9.5600000E+06  -4.050000E-02  6.332257E-02  0.000000E+00  6.211980E-14       81
   1.41E-06     -7.665427E-03 -2.542604E-03  5.237487E-04  4.905129E-05 2.36E-11
   6.03E-06 0.00E+00 1.69E-06  1.569299E-07  1.067199E-04  1.473209E-04     1.00
 9.5650000E+06  -4.052500E-02  6.339215E-02  0.000000E+00  4.820120E-14       82
   1.29E-06     -7.658836E-03 -2.542604E-03  5.211632E-04  4.901057E-05 1.34E-11
   5.42E-06 0.00E+00 1.53E-06  1.569381E-07  1.067945E-04  1.473549E-04     1.00
 9.5700000E+06  -4.055000E-02  6.346121E-02  0.000000E+00  4.802239E-14       82
   1.26E-06     -7.653010E-03 -2.542604E-03  5.186573E-04  4.897426E-05 3.53E-11
   5.34E-06 0.00E+00 1.51E-06  1.569461E-07  1.068659E-04  1.473899E-04     1.00
 9.5750000E+06  -4.057500E-02  6.352826E-02  0.000000E+00  5.599062E-14       81
   1.31E-06     -7.648835E-03 -2.542604E-03  5.163203E-04  4.894334E-05 4.11E-11
   5.42E-06 0.00E+00 1.57E-06  1.569544E-07  1.069366E-04  1.474298E-04     1.00
 9.5800000E+06  -4.060000E-02  6.359095E-02  0.000000E+00  5.582837E-14       81
   1.44E-06     -7.648292E-03 -2.542604E-03  5.143459E-04  4.892256E-05 1.60E-11
   5.65E-06 0.00E+00 1.74E-06  1.569637E-07  1.070078E-04  1.474802E-04     1.00
 9.5850000E+06  -4.062500E-02  6.365353E-02  0.000000E+00  5.566635E-14       81
   1.44E-06     -7.647752E-03 -2.542604E-03  5.123737E-04  4.890226E-05 5.07E-12
   5.65E-06 0.00E+00 1.73E-06  1.569730E-07  1.070788E-04  1.475309E-04     1.00
 9.5900000E+06  -4.065000E-02  6.371690E-02  0.000000E+00  5.777676E-14       81
   1.47E-06     -7.647254E-03 -2.542604E-03  5.103745E-04  4.887857E-05 2.25E-11
   5.71E-06 0.00E+00 1.77E-06  1.569826E-07  1.071513E-04  1.475797E-04     1.00
 9.5950000E+06  -4.067500E-02  6.378063E-02  0.000000E+00  5.760269E-14       81
   1.48E-06     -7.646781E-03 -2.542604E-03  5.083639E-04  4.885334E-05 2.64E-12
   5.74E-06 0.00E+00 1.78E-06  1.569922E-07  1.072244E-04  1.476276E-04     1.00
 9.6000000E+06  -4.070000E-02  6.384425E-02  0.000000E+00  5.742909E-14       81
   1.47E-06     -7.646311E-03 -2.542604E-03  5.063551E-04  4.882864E-05 2.39E-12
   5.74E-06 0.00E+00 1.78E-06  1.570018E-07  1.072973E-04  1.476758E-04     1.00
 9.6050000E+06  -4.072500E-02  6.390775E-02  0.000000E+00  5.725748E-14       81
   1.47E-06     -7.645844E-03 -2.542604E-03  5.043481E-04  4.880447E-05 6.74E-11
   5.73E-06 0.00E+00 1.78E-06  1.570114E-07  1.073700E-04  1.477243E-04     1.00
 9.6100000E+06  -4.075000E-02  6.397112E-02  0.000000E+00  5.708680E-14       81
   1.47E-06     -7.645380E-03 -2.542604E-03  5.023431E-04  4.878082E-05 1.09E-10
   5.72E-06 0.00E+00 1.77E-06  1.570210E-07  1.074424E-04  1.477731E-04     1.00
 9.6150000E+06  -4.077500E-02  6.403431E-02  0.000000E+00  5.643214E-14       81
   1.46E-06     -7.644923E-03 -2.542604E-03  5.003527E-04  4.875786E-05 3.68E-11
   5.69E-06 0.00E+00 1.77E-06  1.570305E-07  1.075146E-04  1.478223E-04     1.00
 9.6200000E+06  -4.080000E-02  6.409739E-02  0.000000E+00  5.626966E-14       81
   1.46E-06     -7.644470E-03 -2.542604E-03  4.983655E-04  4.873543E-05 2.46E-12
   5.68E-06 0.00E+00 1.76E-06  1.570399E-07  1.075865E-04  1.478718E-04     1.00
 9.6250000E+06  -4.082500E-02  6.416033E-02  0.000000E+00  5.630589E-14       81
   1.46E-06     -7.644020E-03 -2.542604E-03  4.963793E-04  4.871355E-05 9.58E-11
   5.68E-06 0.00E+00 1.76E-06  1.570493E-07  1.076583E-04  1.479217E-04     1.00
 9.6300000E+06  -4.085000E-02  6.422300E-02  0.000000E+00  5.613943E-14       81
   1.46E-06     -7.643559E-03 -2.542604E-03  4.943847E-04  4.869257E-05 8.28E-11
   5.68E-06 0.00E+00 1.76E-06  1.570587E-07  1.077297E-04  1.479722E-04     1.00
 9.6350000E+06  -4.087500E-02  6.428556E-02  0.000000E+00  5.598313E-14       81
   1.46E-06     -7.643101E-03 -2.542604E-03  4.923917E-04  4.867210E-05 1.44E-11
   5.67E-06 0.00E+00 1.76E-06  1.570681E-07  1.078010E-04  1.480230E-04     1.00
 9.6400000E+06  -4.090000E-02  6.434801E-02  0.000000E+00  5.582760E-14       81
   1.46E-06     -7.642646E-03 -2.542604E-03  4.904003E-04  4.865214E-05 8.17E-12
   5.67E-06 0.00E+00 1.76E-06  1.570774E-07  1.078720E-04  1.480741E-04     1.00
 9.6450000E+06  -4.092500E-02  6.441034E-02  0.000000E+00  5.567314E-14       81
   1.45E-06     -7.642193E-03 -2.542604E-03  4.884105E-04  4.863269E-05 8.82E-12
   5.66E-06 0.00E+00 1.75E-06  1.570868E-07  1.079428E-04  1.481254E-04     1.00
 9.6500000E+06  -4.095000E-02  6.447256E-02  0.000000E+00  5.551980E-14       81
   1.45E-06     -7.641743E-03 -2.542604E-03  4.864222E-04  4.861374E-05 4.28E-14
   5.65E-06 0.00E+00 1.75E-06  1.570961E-07  1.080134E-04  1.481771E-04     1.00
 9.6550000E+06  -4.097500E-02  6.453466E-02  0.000000E+00  5.536740E-14       81
   1.45E-06     -7.641296E-03 -2.542604E-03  4.844355E-04  4.859529E-05 9.30E-12
   5.65E-06 0.00E+00 1.75E-06  1.571053E-07  1.080838E-04  1.482290E-04     1.00
 9.6600000E+06  -4.100000E-02  6.459666E-02  0.000000E+00  5.521614E-14       81
   1.45E-06     -7.640851E-03 -2.542604E-03  4.824504E-04  4.857734E-05 6.95E-13
   5.64E-06 0.00E+00 1.75E-06  1.571146E-07  1.081539E-04  1.482812E-04     1.00
 9.6650000E+06  -4.102500E-02  6.465854E-02  0.000000E+00  5.506595E-14       81
   1.45E-06     -7.640409E-03 -2.542604E-03  4.804669E-04  4.855989E-05 4.67E-11
   5.63E-06 0.00E+00 1.75E-06  1.571238E-07  1.082238E-04  1.483337E-04     1.00
 9.6700000E+06  -4.105000E-02  6.472031E-02  0.000000E+00  5.491623E-14       81
   1.44E-06     -7.639969E-03 -2.542604E-03  4.784849E-04  4.854293E-05 1.91E-12
   5.63E-06 0.00E+00 1.74E-06  1.571330E-07  1.082935E-04  1.483864E-04     1.00
 9.6750000E+06  -4.107500E-02  6.478197E-02  0.000000E+00  5.476865E-14       81
   1.44E-06     -7.639532E-03 -2.542604E-03  4.765045E-04  4.852646E-05 2.77E-11
   5.62E-06 0.00E+00 1.74E-06  1.571422E-07  1.083630E-04  1.484394E-04     1.00
 9.6800000E+06  -4.110000E-02  6.484352E-02  0.000000E+00  5.462119E-14       81
   1.44E-06     -7.639098E-03 -2.542604E-03  4.745256E-04  4.851048E-05 1.83E-11
   5.61E-06 0.00E+00 1.74E-06  1.571513E-07  1.084323E-04  1.484927E-04     1.00
 9.6850000E+06  -4.112500E-02  6.490496E-02  0.000000E+00  5.447490E-14       81
   1.44E-06     -7.638665E-03 -2.542604E-03  4.725483E-04  4.849499E-05 1.21E-11
   5.61E-06 0.00E+00 1.74E-06  1.571605E-07  1.085013E-04  1.485463E-04     1.00
 9.6900000E+06  -4.115000E-02  6.496629E-02  0.000000E+00  5.432959E-14       81
   1.44E-06     -7.638236E-03 -2.542604E-03  4.705725E-04  4.847999E-05 2.49E-11
   5.60E-06 0.00E+00 1.74E-06  1.571696E-07  1.085702E-04  1.486001E-04     1.00
 9.6950000E+06  -4.117500E-02  6.502751E-02  0.000000E+00  5.418656E-14       81
   1.44E-06     -7.637809E-03 -2.542604E-03  4.685982E-04  4.846546E-05 7.28E-10
   5.59E-06 0.00E+00 1.73E-06  1.571786E-07  1.086388E-04  1.486542E-04     1.00
 9.7000000E+06  -4.120000E-02  6.508863E-02  0.000000E+00  5.404170E-14       81
   1.43E-06     -7.637384E-03 -2.542604E-03  4.666255E-04  4.845142E-05 1.30E-10
   5.59E-06 0.00E+00 1.73E-06  1.571877E-07  1.087072E-04  1.487086E-04     1.00
 9.7050000E+06  -4.122500E-02  6.514963E-02  0.000000E+00  5.390020E-14       81
   1.43E-06     -7.636962E-03 -2.542604E-03  4.646544E-04  4.843786E-05 1.62E-10
   5.58E-06 0.00E+00 1.73E-06  1.571967E-07  1.087754E-04  1.487633E-04     1.00
 9.7100000E+06  -4.125000E-02  6.521053E-02  0.000000E+00  5.375806E-14       81
   1.44E-06     -7.636542E-03 -2.542604E-03  4.626847E-04  4.842477E-05 3.25E-12
   5.58E-06 0.00E+00 1.73E-06  1.572057E-07  1.088433E-04  1.488182E-04     1.00
 9.7150000E+06  -4.127500E-02  6.527133E-02  0.000000E+00  5.361740E-14       81
   1.43E-06     -7.636124E-03 -2.542604E-03  4.607166E-04  4.841215E-05 1.37E-11
   5.57E-06 0.00E+00 1.73E-06  1.572147E-07  1.089111E-04  1.488733E-04     1.00
 9.7200000E+06  -4.130000E-02  6.533202E-02  0.000000E+00  5.347709E-14       81
   1.43E-06     -7.635709E-03 -2.542604E-03  4.587500E-04  4.840001E-05 8.18E-10
   5.56E-06 0.00E+00 1.72E-06  1.572237E-07  1.089787E-04  1.489287E-04     1.00
 9.7250000E+06  -4.132500E-02  6.539260E-02  0.000000E+00  5.333883E-14       81
   1.42E-06     -7.635296E-03 -2.542604E-03  4.567850E-04  4.838834E-05 6.45E-11
   5.55E-06 0.00E+00 1.72E-06  1.572326E-07  1.090460E-04  1.489844E-04     1.00
 9.7300000E+06  -4.135000E-02  6.545308E-02  0.000000E+00  5.320103E-14       81
   1.42E-06     -7.634886E-03 -2.542604E-03  4.548214E-04  4.837713E-05 2.55E-11
   5.55E-06 0.00E+00 1.72E-06  1.572415E-07  1.091132E-04  1.490404E-04     1.00
 9.7350000E+06  -4.137500E-02  6.551348E-02  0.000000E+00  4.889816E-14       81
   1.40E-06     -7.634589E-03 -2.542604E-03  4.528401E-04  4.836693E-05 8.34E-12
   5.46E-06 0.00E+00 1.69E-06  1.572501E-07  1.091795E-04  1.490965E-04     1.00
 9.7400000E+06  -4.140000E-02  6.557381E-02  0.000000E+00  4.877556E-14       81
   1.36E-06     -7.634500E-03 -2.542604E-03  4.508323E-04  4.835823E-05 7.64E-11
   5.31E-06 0.00E+00 1.64E-06  1.572583E-07  1.092445E-04  1.491528E-04     1.00
 9.7450000E+06  -4.142500E-02  6.563405E-02  0.000000E+00  4.865406E-14       81
   1.36E-06     -7.634413E-03 -2.542604E-03  4.488257E-04  4.834996E-05 2.47E-11
   5.31E-06 0.00E+00 1.64E-06  1.572665E-07  1.093093E-04  1.492094E-04     1.00
 9.7500000E+06  -4.145000E-02  6.569420E-02  0.000000E+00  4.853293E-14       81
   1.36E-06     -7.634328E-03 -2.542604E-03  4.468204E-04  4.834213E-05 7.60E-12
   5.30E-06 0.00E+00 1.64E-06  1.572746E-07  1.093740E-04  1.492662E-04     1.00
 9.7550000E+06  -4.147500E-02  6.575424E-02  0.000000E+00  4.841275E-14       81
   1.36E-06     -7.634244E-03 -2.542604E-03  4.448164E-04  4.833473E-05 6.26E-11
   5.30E-06 0.00E+00 1.64E-06  1.572827E-07  1.094384E-04  1.493233E-04     1.00
 9.7600000E+06  -4.150000E-02  6.581419E-02  0.000000E+00  4.829328E-14       81
   1.35E-06     -7.634162E-03 -2.542604E-03  4.428138E-04  4.832776E-05 6.35E-11
   5.29E-06 0.00E+00 1.64E-06  1.572908E-07  1.095027E-04  1.493806E-04     1.00
 9.7650000E+06  -4.152500E-02  6.587397E-02  0.000000E+00  3.677860E-14       81
   1.33E-06     -7.634076E-03 -2.542604E-03  4.409350E-04  4.832131E-05 2.65E-10
   5.24E-06 0.00E+00 1.61E-06  1.572987E-07  1.095669E-04  1.494383E-04     1.00
 9.7700000E+06  -4.155000E-02  6.593287E-02  0.000000E+00  3.685524E-14       81
   1.12E-06     -7.634123E-03 -2.542604E-03  4.403661E-04  4.831784E-05 2.37E-12
   4.66E-06 0.00E+00 1.33E-06  1.573048E-07  1.096302E-04  1.494982E-04     1.00
 9.7750000E+06  -4.157500E-02  6.599170E-02  0.000000E+00  3.675125E-14       81
   1.12E-06     -7.634170E-03 -2.542604E-03  4.398010E-04  4.831464E-05 1.11E-10
   4.66E-06 0.00E+00 1.32E-06  1.573109E-07  1.096935E-04  1.495583E-04     1.00
 9.7800000E+06  -4.160000E-02  6.605045E-02  0.000000E+00  3.664473E-14       81
   1.12E-06     -7.634219E-03 -2.542604E-03  4.392399E-04  4.831174E-05 1.60E-11
   4.65E-06 0.00E+00 1.32E-06  1.573170E-07  1.097567E-04  1.496186E-04     1.00
 9.7850000E+06  -4.162500E-02  6.610913E-02  0.000000E+00  3.654033E-14       81
   1.12E-06     -7.634268E-03 -2.542604E-03  4.386826E-04  4.830913E-05 5.93E-12
   4.64E-06 0.00E+00 1.32E-06  1.573231E-07  1.098198E-04  1.496790E-04     1.00
 9.7900000E+06  -4.165000E-02  6.616774E-02  0.000000E+00  3.643685E-14       81
   1.12E-06     -7.634318E-03 -2.542604E-03  4.381292E-04  4.830681E-05 2.42E-11
   4.64E-06 0.00E+00 1.32E-06  1.573292E-07  1.098827E-04  1.497397E-04     1.00
 9.7950000E+06  -4.167500E-02  6.622627E-02  0.000000E+00  3.633343E-14       81
   1.11E-06     -7.634370E-03 -2.542604E-03  4.375796E-04  4.830478E-05 7.78E-11
   4.63E-06 0.00E+00 1.32E-06  1.573352E-07  1.099456E-04  1.498006E-04     1.00
 9.8000000E+06  -4.170000E-02  6.628474E-02  0.000000E+00  3.623165E-14       81
   1.11E-06     -7.634422E-03 -2.542604E-03  4.370339E-04  4.830303E-05 6.95E-12
   4.63E-06 0.00E+00 1.31E-06  1.573412E-07  1.100084E-04  1.498616E-04     1.00
 9.8050000E+06  -4.172500E-02  6.634313E-02  0.000000E+00  3.612981E-14       81
   1.11E-06     -7.634476E-03 -2.542604E-03  4.364920E-04  4.830156E-05 1.09E-10
   4.62E-06 0.00E+00 1.31E-06  1.573472E-07  1.100711E-04  1.499229E-04     1.00
 9.8100000E+06  -4.175000E-02  6.640145E-02  0.000000E+00  3.602890E-14       81
   1.11E-06     -7.634531E-03 -2.542604E-03  4.359539E-04  4.830038E-05 1.69E-11
   4.61E-06 0.00E+00 1.31E-06  1.573532E-07  1.101338E-04  1.499843E-04     1.00
 9.8150000E+06  -4.177500E-02  6.645969E-02  0.000000E+00  3.592864E-14       81
   1.11E-06     -7.634586E-03 -2.542604E-03  4.354195E-04  4.829947E-05 5.27E-10
   4.61E-06 0.00E+00 1.31E-06  1.573592E-07  1.101963E-04  1.500459E-04     1.00
 9.8200000E+06  -4.180000E-02  6.651787E-02  0.000000E+00  3.582887E-14       81
   1.10E-06     -7.634643E-03 -2.542604E-03  4.348889E-04  4.829885E-05 9.58E-12
   4.60E-06 0.00E+00 1.30E-06  1.573651E-07  1.102587E-04  1.501078E-04     1.00
 9.8250000E+06  -4.182500E-02  6.657598E-02  0.000000E+00  3.572992E-14       81
   1.10E-06     -7.634701E-03 -2.542604E-03  4.343621E-04  4.829850E-05 1.01E-10
   4.59E-06 0.00E+00 1.30E-06  1.573710E-07  1.103211E-04  1.501698E-04     1.00
 9.8300000E+06  -4.185000E-02  6.663401E-02  0.000000E+00  3.563149E-14       81
   1.10E-06     -7.634760E-03 -2.542604E-03  4.338390E-04  4.829843E-05 4.00E-12
   4.59E-06 0.00E+00 1.30E-06  1.573770E-07  1.103833E-04  1.502320E-04     1.00
 9.8350000E+06  -4.187500E-02  6.669198E-02  0.000000E+00  3.553373E-14       81
   1.10E-06     -7.634819E-03 -2.542604E-03  4.333196E-04  4.829864E-05 5.16E-12
   4.58E-06 0.00E+00 1.30E-06  1.573829E-07  1.104455E-04  1.502943E-04     1.00
 9.8400000E+06  -4.190000E-02  6.674987E-02  0.000000E+00  3.543676E-14       81
   1.10E-06     -7.634880E-03 -2.542604E-03  4.328039E-04  4.829912E-05 3.60E-11
   4.58E-06 0.00E+00 1.29E-06  1.573887E-07  1.105076E-04  1.503569E-04     1.00
 9.8450000E+06  -4.192500E-02  6.680770E-02  0.000000E+00  3.533880E-14       81
   1.10E-06     -7.634942E-03 -2.542604E-03  4.322918E-04  4.829987E-05 1.11E-11
   4.57E-06 0.00E+00 1.29E-06  1.573946E-07  1.105696E-04  1.504197E-04     1.00
 9.8500000E+06  -4.195000E-02  6.686546E-02  0.000000E+00  3.524404E-14       81
   1.09E-06     -7.635005E-03 -2.542604E-03  4.317834E-04  4.830089E-05 4.27E-12
   4.56E-06 0.00E+00 1.29E-06  1.574005E-07  1.106315E-04  1.504826E-04     1.00
 9.8550000E+06  -4.197500E-02  6.692315E-02  0.000000E+00  3.514861E-14       81
   1.09E-06     -7.635069E-03 -2.542604E-03  4.312787E-04  4.830218E-05 4.59E-11
   4.56E-06 0.00E+00 1.29E-06  1.574063E-07  1.106933E-04  1.505457E-04     1.00
 9.8600000E+06  -4.200000E-02  6.698077E-02  0.000000E+00  3.505414E-14       81
   1.09E-06     -7.635133E-03 -2.542604E-03  4.307776E-04  4.830374E-05 9.59E-12
   4.55E-06 0.00E+00 1.29E-06  1.574121E-07  1.107550E-04  1.506090E-04     1.00
 9.8650000E+06  -4.202500E-02  6.703833E-02  0.000000E+00  3.495987E-14       81
   1.09E-06     -7.635199E-03 -2.542604E-03  4.302801E-04  4.830556E-05 2.57E-12
   4.55E-06 0.00E+00 1.28E-06  1.574179E-07  1.108167E-04  1.506725E-04     1.00
 9.8700000E+06  -4.205000E-02  6.709581E-02  0.000000E+00  3.486633E-14       81
   1.09E-06     -7.635266E-03 -2.542604E-03  4.297862E-04  4.830766E-05 7.54E-13
   4.54E-06 0.00E+00 1.28E-06  1.574237E-07  1.108782E-04  1.507361E-04     1.00
 9.8750000E+06  -4.207500E-02  6.715306E-02  0.000000E+00  3.744448E-14       81
   1.09E-06     -7.634844E-03 -2.542604E-03  4.295105E-04  4.830702E-05 2.43E-11
   4.63E-06 0.00E+00 1.28E-06  1.574297E-07  1.109431E-04  1.508004E-04     1.00
 9.8800000E+06  -4.210000E-02  6.721001E-02  0.000000E+00  3.735885E-14       81
   1.10E-06     -7.633931E-03 -2.542604E-03  4.294570E-04  4.830367E-05 2.85E-10
   4.71E-06 0.00E+00 1.29E-06  1.574359E-07  1.110114E-04  1.508654E-04     1.00
 9.8850000E+06  -4.212500E-02  6.726690E-02  0.000000E+00  3.727350E-14       81
   1.10E-06     -7.633021E-03 -2.542604E-03  4.294064E-04  4.830056E-05 1.03E-10
   4.71E-06 0.00E+00 1.29E-06  1.574420E-07  1.110797E-04  1.509305E-04     1.00
 9.8900000E+06  -4.215000E-02  6.732373E-02  0.000000E+00  3.718794E-14       81
   1.10E-06     -7.632112E-03 -2.542604E-03  4.293587E-04  4.829771E-05 1.07E-11
   4.70E-06 0.00E+00 1.28E-06  1.574482E-07  1.111478E-04  1.509957E-04     1.00
 9.8950000E+06  -4.217500E-02  6.738049E-02  0.000000E+00  3.710318E-14       81
   1.10E-06     -7.631205E-03 -2.542604E-03  4.293140E-04  4.829509E-05 1.03E-11
   4.70E-06 0.00E+00 1.28E-06  1.574543E-07  1.112158E-04  1.510611E-04     1.00
 9.9000000E+06  -4.220000E-02  6.743719E-02  0.000000E+00  3.701911E-14       81
   1.10E-06     -7.630299E-03 -2.542604E-03  4.292721E-04  4.829273E-05 5.36E-11
   4.69E-06 0.00E+00 1.28E-06  1.574604E-07  1.112837E-04  1.511267E-04     1.00
 9.9050000E+06  -4.222500E-02  6.749476E-02  0.000000E+00  3.824170E-14       81
   1.12E-06     -7.629502E-03 -2.542604E-03  4.288303E-04  4.829116E-05 4.14E-10
   4.70E-06 0.00E+00 1.31E-06  1.574666E-07  1.113487E-04  1.511901E-04     1.00
 9.9100000E+06  -4.225000E-02  6.755437E-02  0.000000E+00  3.821689E-14       81
   1.19E-06     -7.628926E-03 -2.542604E-03  4.274859E-04  4.829082E-05 7.59E-11
   4.72E-06 0.00E+00 1.39E-06  1.574730E-07  1.114074E-04  1.512486E-04     1.00
 9.9150000E+06  -4.227500E-02  6.761390E-02  0.000000E+00  3.810899E-14       81
   1.18E-06     -7.628352E-03 -2.542604E-03  4.261458E-04  4.829079E-05 3.80E-09
   4.71E-06 0.00E+00 1.39E-06  1.574794E-07  1.114661E-04  1.513072E-04     1.00
 9.9200000E+06  -4.230000E-02  6.767336E-02  0.000000E+00  3.800258E-14       81
   1.18E-06     -7.627780E-03 -2.542604E-03  4.248101E-04  4.829106E-05 4.38E-11
   4.71E-06 0.00E+00 1.39E-06  1.574857E-07  1.115246E-04  1.513660E-04     1.00
 9.9250000E+06  -4.232500E-02  6.773273E-02  0.000000E+00  3.789577E-14       81
   1.18E-06     -7.627210E-03 -2.542604E-03  4.234787E-04  4.829164E-05 3.31E-11
   4.70E-06 0.00E+00 1.39E-06  1.574921E-07  1.115831E-04  1.514250E-04     1.00
 9.9300000E+06  -4.235000E-02  6.779203E-02  0.000000E+00  3.779134E-14       81
   1.18E-06     -7.626642E-03 -2.542604E-03  4.221516E-04  4.829251E-05 2.27E-11
   4.70E-06 0.00E+00 1.38E-06  1.574984E-07  1.116414E-04  1.514843E-04     1.00
 9.9350000E+06  -4.237500E-02  6.785124E-02  0.000000E+00  3.768517E-14       81
   1.18E-06     -7.626076E-03 -2.542604E-03  4.208287E-04  4.829367E-05 9.19E-13
   4.69E-06 0.00E+00 1.38E-06  1.575047E-07  1.116996E-04  1.515437E-04     1.00
 9.9400000E+06  -4.240000E-02  6.791038E-02  0.000000E+00  3.758240E-14       81
   1.17E-06     -7.625512E-03 -2.542604E-03  4.195101E-04  4.829513E-05 1.83E-11
   4.68E-06 0.00E+00 1.38E-06  1.575109E-07  1.117578E-04  1.516032E-04     1.00
 9.9450000E+06  -4.242500E-02  6.796944E-02  0.000000E+00  3.747873E-14       81
   1.17E-06     -7.624950E-03 -2.542604E-03  4.181957E-04  4.829689E-05 2.49E-12
   4.68E-06 0.00E+00 1.38E-06  1.575172E-07  1.118158E-04  1.516630E-04     1.00
 9.9500000E+06  -4.245000E-02  6.802843E-02  0.000000E+00  3.737555E-14       81
   1.17E-06     -7.624390E-03 -2.542604E-03  4.168855E-04  4.829894E-05 1.44E-10
   4.67E-06 0.00E+00 1.37E-06  1.575234E-07  1.118737E-04  1.517230E-04     1.00
 9.9550000E+06  -4.247500E-02  6.808734E-02  0.000000E+00  3.727327E-14       81
   1.17E-06     -7.623832E-03 -2.542604E-03  4.155794E-04  4.830127E-05 9.86E-11
   4.66E-06 0.00E+00 1.37E-06  1.575297E-07  1.119315E-04  1.517832E-04     1.00
 9.9600000E+06  -4.250000E-02  6.814617E-02  0.000000E+00  3.717214E-14       81
   1.17E-06     -7.623275E-03 -2.542604E-03  4.142775E-04  4.830390E-05 3.32E-12
   4.66E-06 0.00E+00 1.37E-06  1.575359E-07  1.119892E-04  1.518435E-04     1.00
 9.9650000E+06  -4.252500E-02  6.820492E-02  0.000000E+00  3.707139E-14       81
   1.17E-06     -7.622721E-03 -2.542604E-03  4.129798E-04  4.830681E-05 6.02E-11
   4.65E-06 0.00E+00 1.37E-06  1.575421E-07  1.120468E-04  1.519040E-04     1.00
 9.9700000E+06  -4.255000E-02  6.826374E-02  0.000000E+00  3.922098E-14       81
   1.17E-06     -7.622123E-03 -2.542604E-03  4.117593E-04  4.831065E-05 5.78E-11
   4.69E-06 0.00E+00 1.38E-06  1.575483E-07  1.121034E-04  1.519644E-04     1.00
 9.9750000E+06  -4.257500E-02  6.832295E-02  0.000000E+00  3.913620E-14       81
   1.19E-06     -7.621421E-03 -2.542604E-03  4.107533E-04  4.831681E-05 2.10E-11
   4.78E-06 0.00E+00 1.40E-06  1.575549E-07  1.121566E-04  1.520238E-04     1.00
 9.9800000E+06  -4.260000E-02  6.838209E-02  0.000000E+00  3.905150E-14       81
   1.19E-06     -7.620721E-03 -2.542604E-03  4.097465E-04  4.832328E-05 8.96E-12
   4.78E-06 0.00E+00 1.40E-06  1.575614E-07  1.122097E-04  1.520834E-04     1.00
 9.9850000E+06  -4.262500E-02  6.844115E-02  0.000000E+00  3.896735E-14       81
   1.19E-06     -7.620023E-03 -2.542604E-03  4.087389E-04  4.833008E-05 1.25E-11
   4.77E-06 0.00E+00 1.40E-06  1.575679E-07  1.122627E-04  1.521432E-04     1.00
 9.9900000E+06  -4.265000E-02  6.850012E-02  0.000000E+00  3.888384E-14       81
   1.19E-06     -7.619327E-03 -2.542604E-03  4.077305E-04  4.833718E-05 3.66E-11
   4.77E-06 0.00E+00 1.40E-06  1.575744E-07  1.123156E-04  1.522032E-04     1.00
 9.9950000E+06  -4.267500E-02  6.855902E-02  0.000000E+00  3.880064E-14       81
   1.18E-06     -7.618633E-03 -2.542604E-03  4.067213E-04  4.834460E-05 1.34E-12
   4.76E-06 0.00E+00 1.39E-06  1.575808E-07  1.123683E-04  1.522633E-04     1.00
 1.0000000E+07  -4.270000E-02  6.861784E-02  0.000000E+00  3.871811E-14       81
   1.18E-06     -7.617941E-03 -2.542604E-03  4.057114E-04  4.835233E-05 1.16E-11
   4.76E-06 0.00E+00 1.39E-06  1.575873E-07  1.124209E-04  1.523237E-04     1.00
 1.0005000E+07  -4.272500E-02  6.867658E-02  0.000000E+00  3.863608E-14       81
   1.18E-06     -7.617250E-03 -2.542604E-03  4.047006E-04  4.836037E-05 8.32E-12
   4.75E-06 0.00E+00 1.39E-06  1.575937E-07  1.124734E-04  1.523842E-04     1.00
 1.0010000E+07  -4.275000E-02  6.873525E-02  0.000000E+00  3.855443E-14       81
   1.18E-06     -7.616561E-03 -2.542604E-03  4.036890E-04  4.836871E-05 6.91E-11
   4.74E-06 0.00E+00 1.39E-06  1.576002E-07  1.125258E-04  1.524449E-04     1.00
 1.0015000E+07  -4.277500E-02  6.879384E-02  0.000000E+00  3.847326E-14       81
   1.18E-06     -7.615874E-03 -2.542604E-03  4.026767E-04  4.837737E-05 4.09E-12
   4.74E-06 0.00E+00 1.39E-06  1.576066E-07  1.125780E-04  1.525058E-04     1.00
 1.0020000E+07  -4.280000E-02  6.885235E-02  0.000000E+00  3.839211E-14       81
   1.18E-06     -7.615189E-03 -2.542604E-03  4.016636E-04  4.838633E-05 1.29E-11
   4.73E-06 0.00E+00 1.39E-06  1.576130E-07  1.126301E-04  1.525669E-04     1.00
 1.0025000E+07  -4.282500E-02  6.891078E-02  0.000000E+00  3.831204E-14       81
   1.18E-06     -7.614506E-03 -2.542604E-03  4.006497E-04  4.839560E-05 2.18E-11
   4.73E-06 0.00E+00 1.39E-06  1.576194E-07  1.126821E-04  1.526282E-04     1.00
 1.0030000E+07  -4.285000E-02  6.896914E-02  0.000000E+00  3.823201E-14       81
   1.17E-06     -7.613824E-03 -2.542604E-03  3.996351E-04  4.840517E-05 2.24E-12
   4.72E-06 0.00E+00 1.38E-06  1.576257E-07  1.127340E-04  1.526896E-04     1.00
 1.0035000E+07  -4.287500E-02  6.902742E-02  0.000000E+00  3.815272E-14       81
   1.17E-06     -7.613145E-03 -2.542604E-03  3.986197E-04  4.841504E-05 7.34E-12
   4.72E-06 0.00E+00 1.38E-06  1.576321E-07  1.127858E-04  1.527513E-04     1.00
 1.0040000E+07  -4.290000E-02  6.908562E-02  0.000000E+00  3.807356E-14       81
   1.17E-06     -7.612467E-03 -2.542604E-03  3.976035E-04  4.842521E-05 1.07E-12
   4.71E-06 0.00E+00 1.38E-06  1.576384E-07  1.128374E-04  1.528131E-04     1.00
 1.0045000E+07  -4.292500E-02  6.914375E-02  0.000000E+00  3.799538E-14       81
   1.17E-06     -7.611790E-03 -2.542604E-03  3.965866E-04  4.843568E-05 1.11E-11
   4.71E-06 0.00E+00 1.38E-06  1.576448E-07  1.128889E-04  1.528751E-04     1.00
 1.0050000E+07  -4.295000E-02  6.920180E-02  0.000000E+00  3.791693E-14       81
   1.17E-06     -7.611116E-03 -2.542604E-03  3.955689E-04  4.844645E-05 7.88E-11
   4.70E-06 0.00E+00 1.38E-06  1.576511E-07  1.129403E-04  1.529373E-04     1.00
 1.0055000E+07  -4.297500E-02  6.925978E-02  0.000000E+00  3.783805E-14       81
   1.17E-06     -7.610443E-03 -2.542604E-03  3.945505E-04  4.845752E-05 1.18E-08
   4.70E-06 0.00E+00 1.38E-06  1.576574E-07  1.129916E-04  1.529996E-04     1.00
 1.0060000E+07  -4.300000E-02  6.931768E-02  0.000000E+00  3.776176E-14       81
   1.17E-06     -7.609772E-03 -2.542604E-03  3.935314E-04  4.846888E-05 4.35E-12
   4.69E-06 0.00E+00 1.38E-06  1.576637E-07  1.130428E-04  1.530622E-04     1.00
 1.0065000E+07  -4.302500E-02  6.937551E-02  0.000000E+00  3.768470E-14       81
   1.17E-06     -7.609103E-03 -2.542604E-03  3.925115E-04  4.848054E-05 2.95E-11
   4.69E-06 0.00E+00 1.37E-06  1.576700E-07  1.130939E-04  1.531249E-04     1.00
 1.0070000E+07  -4.305000E-02  6.943327E-02  0.000000E+00  3.760807E-14       81
   1.16E-06     -7.608436E-03 -2.542604E-03  3.914908E-04  4.849249E-05 1.40E-10
   4.68E-06 0.00E+00 1.37E-06  1.576763E-07  1.131448E-04  1.531878E-04     1.00
 1.0075000E+07  -4.307500E-02  6.949095E-02  0.000000E+00  3.753182E-14       81
   1.16E-06     -7.607770E-03 -2.542604E-03  3.904694E-04  4.850473E-05 8.11E-11
   4.68E-06 0.00E+00 1.37E-06  1.576825E-07  1.131956E-04  1.532509E-04     1.00
 1.0080000E+07  -4.310000E-02  6.954845E-02  0.000000E+00  3.870010E-14       81
   1.15E-06     -7.607058E-03 -2.542604E-03  3.897184E-04  4.851840E-05 4.80E-11
   4.73E-06 0.00E+00 1.35E-06  1.576889E-07  1.132454E-04  1.533144E-04     1.00
 1.0085000E+07  -4.312500E-02  6.960582E-02  0.000000E+00  3.860761E-14       81
   1.13E-06     -7.606329E-03 -2.542604E-03  3.892785E-04  4.853386E-05 5.99E-13
   4.77E-06 0.00E+00 1.33E-06  1.576953E-07  1.132938E-04  1.533782E-04     1.00
 1.0090000E+07  -4.315000E-02  6.966312E-02  0.000000E+00  3.851380E-14       81
   1.13E-06     -7.605603E-03 -2.542604E-03  3.888358E-04  4.854960E-05 7.89E-12
   4.77E-06 0.00E+00 1.33E-06  1.577017E-07  1.133420E-04  1.534422E-04     1.00
 1.0095000E+07  -4.317500E-02  6.972035E-02  0.000000E+00  3.842040E-14       81
   1.13E-06     -7.604878E-03 -2.542604E-03  3.883904E-04  4.856564E-05 1.94E-11
   4.76E-06 0.00E+00 1.32E-06  1.577080E-07  1.133901E-04  1.535063E-04     1.00
 1.0100000E+07  -4.320000E-02  6.977751E-02  0.000000E+00  3.832784E-14       81
   1.13E-06     -7.604155E-03 -2.542604E-03  3.879421E-04  4.858197E-05 1.05E-10
   4.75E-06 0.00E+00 1.32E-06  1.577144E-07  1.134381E-04  1.535706E-04     1.00
 1.0105000E+07  -4.322500E-02  6.983459E-02  0.000000E+00  3.823584E-14       81
   1.13E-06     -7.603435E-03 -2.542604E-03  3.874911E-04  4.859860E-05 1.22E-11
   4.75E-06 0.00E+00 1.32E-06  1.577207E-07  1.134860E-04  1.536351E-04     1.00
 1.0110000E+07  -4.325000E-02  6.989160E-02  0.000000E+00  3.814443E-14       81
   1.13E-06     -7.602717E-03 -2.542604E-03  3.870373E-04  4.861551E-05 4.90E-12
   4.74E-06 0.00E+00 1.32E-06  1.577270E-07  1.135337E-04  1.536998E-04     1.00
 1.0115000E+07  -4.327500E-02  6.994854E-02  0.000000E+00  3.805333E-14       81
   1.12E-06     -7.602001E-03 -2.542604E-03  3.865808E-04  4.863271E-05 1.71E-11
   4.73E-06 0.00E+00 1.32E-06  1.577334E-07  1.135814E-04  1.537646E-04     1.00
 1.0120000E+07  -4.330000E-02  7.000540E-02  0.000000E+00  3.796325E-14       81
   1.12E-06     -7.601286E-03 -2.542604E-03  3.861216E-04  4.865020E-05 1.25E-11
   4.73E-06 0.00E+00 1.32E-06  1.577396E-07  1.136289E-04  1.538297E-04     1.00
 1.0125000E+07  -4.332500E-02  7.006219E-02  0.000000E+00  3.787310E-14       81
   1.12E-06     -7.600575E-03 -2.542604E-03  3.856597E-04  4.866797E-05 1.15E-10
   4.72E-06 0.00E+00 1.31E-06  1.577459E-07  1.136763E-04  1.538948E-04     1.00
 1.0130000E+07  -4.335000E-02  7.011892E-02  0.000000E+00  3.780386E-14       82
   1.12E-06     -7.599865E-03 -2.542604E-03  3.851949E-04  4.868603E-05 7.66E-12
   4.73E-06 0.00E+00 1.32E-06  1.577522E-07  1.137236E-04  1.539602E-04     1.00
 1.0135000E+07  -4.337500E-02  7.017557E-02  0.000000E+00  3.770003E-14       82
   1.13E-06     -7.599157E-03 -2.542604E-03  3.847276E-04  4.870437E-05 1.42E-09
   4.74E-06 0.00E+00 1.32E-06  1.577585E-07  1.137708E-04  1.540257E-04     1.00
 1.0140000E+07  -4.340000E-02  7.023215E-02  0.000000E+00  3.762697E-14       82
   1.13E-06     -7.598451E-03 -2.542604E-03  3.842576E-04  4.872299E-05 1.68E-12
   4.73E-06 0.00E+00 1.32E-06  1.577647E-07  1.138178E-04  1.540914E-04     1.00
 1.0145000E+07  -4.342500E-02  7.028866E-02  0.000000E+00  3.753927E-14       82
   1.12E-06     -7.597748E-03 -2.542604E-03  3.837850E-04  4.874189E-05 2.33E-11
   4.72E-06 0.00E+00 1.32E-06  1.577709E-07  1.138648E-04  1.541573E-04     1.00
 1.0150000E+07  -4.345000E-02  7.034604E-02  0.000000E+00  4.955898E-14       82
   1.21E-06     -7.594751E-03 -2.542604E-03  3.830148E-04  4.873812E-05 1.05E-11
   5.23E-06 0.00E+00 1.42E-06  1.577785E-07  1.139322E-04  1.542210E-04     1.00
 1.0155000E+07  -4.346000E-02  7.036938E-02  0.000000E+00  7.919924E-15       82
   5.08E-07     -7.593018E-03 -2.542604E-03  3.826633E-04  4.873160E-05 2.63E-11
   2.21E-06 0.00E+00 6.02E-07  1.577799E-07  1.139633E-04  1.542455E-04     1.00
 1.0160000E+07  -4.347000E-02  7.039246E-02  0.000000E+00  7.910721E-15       82
   5.00E-07     -7.591427E-03 -2.542604E-03  3.823072E-04  4.872631E-05 1.61E-10
   2.18E-06 0.00E+00 5.88E-07  1.577812E-07  1.139937E-04  1.542706E-04     1.00
 1.0165000E+07  -4.348000E-02  7.041552E-02  0.000000E+00  7.901589E-15       82
   5.00E-07     -7.589838E-03 -2.542604E-03  3.819510E-04  4.872108E-05 1.91E-12
   2.18E-06 0.00E+00 5.87E-07  1.577825E-07  1.140241E-04  1.542958E-04     1.00
 1.0170000E+07  -4.349000E-02  7.043857E-02  0.000000E+00  7.892522E-15       82
   5.00E-07     -7.588251E-03 -2.542604E-03  3.815948E-04  4.871592E-05 7.66E-12
   2.18E-06 0.00E+00 5.87E-07  1.577838E-07  1.140544E-04  1.543209E-04     1.00
 1.0175000E+07  -4.350000E-02  7.046160E-02  0.000000E+00  7.883548E-15       82
   5.00E-07     -7.586665E-03 -2.542604E-03  3.812384E-04  4.871082E-05 3.17E-12
   2.17E-06 0.00E+00 5.87E-07  1.577851E-07  1.140847E-04  1.543461E-04     1.00
 1.0180000E+07  -4.351000E-02  7.048462E-02  0.000000E+00  7.874446E-15       82
   4.99E-07     -7.585081E-03 -2.542604E-03  3.808821E-04  4.870578E-05 1.42E-11
   2.17E-06 0.00E+00 5.86E-07  1.577864E-07  1.141150E-04  1.543714E-04     1.00
 1.0185000E+07  -4.352000E-02  7.050763E-02  0.000000E+00  7.865461E-15       82
   4.99E-07     -7.583498E-03 -2.542604E-03  3.805256E-04  4.870081E-05 5.31E-12
   2.17E-06 0.00E+00 5.86E-07  1.577877E-07  1.141452E-04  1.543966E-04     1.00
 1.0190000E+07  -4.353000E-02  7.053062E-02  0.000000E+00  7.856522E-15       82
   4.99E-07     -7.581917E-03 -2.542604E-03  3.801691E-04  4.869590E-05 8.98E-12
   2.17E-06 0.00E+00 5.86E-07  1.577890E-07  1.141754E-04  1.544219E-04     1.00
 1.0195000E+07  -4.354000E-02  7.055359E-02  0.000000E+00  7.847574E-15       82
   4.99E-07     -7.580337E-03 -2.542604E-03  3.798125E-04  4.869105E-05 4.29E-11
   2.17E-06 0.00E+00 5.86E-07  1.577903E-07  1.142055E-04  1.544472E-04     1.00
 1.0200000E+07  -4.355000E-02  7.057656E-02  0.000000E+00  7.838593E-15       82
   4.98E-07     -7.578760E-03 -2.542604E-03  3.794559E-04  4.868626E-05 1.60E-10
   2.17E-06 0.00E+00 5.85E-07  1.577916E-07  1.142356E-04  1.544725E-04     1.00
 1.0205000E+07  -4.356000E-02  7.059950E-02  0.000000E+00  7.829744E-15       82
   4.98E-07     -7.577183E-03 -2.542604E-03  3.790991E-04  4.868154E-05 2.96E-11
   2.17E-06 0.00E+00 5.85E-07  1.577929E-07  1.142656E-04  1.544978E-04     1.00
 1.0210000E+07  -4.357000E-02  7.062243E-02  0.000000E+00  7.820847E-15       82
   4.98E-07     -7.575609E-03 -2.542604E-03  3.787423E-04  4.867688E-05 3.57E-12
   2.17E-06 0.00E+00 5.85E-07  1.577942E-07  1.142956E-04  1.545231E-04     1.00
 1.0215000E+07  -4.358000E-02  7.064535E-02  0.000000E+00  7.811997E-15       82
   4.98E-07     -7.574036E-03 -2.542604E-03  3.783855E-04  4.867228E-05 2.37E-10
   2.16E-06 0.00E+00 5.84E-07  1.577955E-07  1.143256E-04  1.545485E-04     1.00
 1.0220000E+07  -4.359000E-02  7.066825E-02  0.000000E+00  7.803088E-15       82
   4.97E-07     -7.572464E-03 -2.542604E-03  3.780286E-04  4.866774E-05 9.45E-11
   2.16E-06 0.00E+00 5.84E-07  1.577968E-07  1.143555E-04  1.545739E-04     1.00
 1.0225000E+07  -4.360000E-02  7.069114E-02  0.000000E+00  7.794343E-15       82
   4.97E-07     -7.570894E-03 -2.542604E-03  3.776716E-04  4.866326E-05 9.63E-12
   2.16E-06 0.00E+00 5.84E-07  1.577980E-07  1.143854E-04  1.545993E-04     1.00
 1.0230000E+07  -4.361000E-02  7.071401E-02  0.000000E+00  7.356938E-15       82
   4.96E-07     -7.569324E-03 -2.542604E-03  3.773144E-04  4.865878E-05 8.67E-11
   2.16E-06 0.00E+00 5.83E-07  1.577993E-07  1.144153E-04  1.546248E-04     1.00
 1.0235000E+07  -4.362000E-02  7.073684E-02  0.000000E+00  7.419902E-15       82
   4.79E-07     -7.567696E-03 -2.542604E-03  3.769480E-04  4.865296E-05 2.06E-11
   2.11E-06 0.00E+00 5.62E-07  1.578006E-07  1.144467E-04  1.546503E-04     1.00
 1.0240000E+07  -4.363000E-02  7.075966E-02  0.000000E+00  7.411959E-15       82
   4.79E-07     -7.566070E-03 -2.542604E-03  3.765819E-04  4.864721E-05 7.02E-11
   2.11E-06 0.00E+00 5.62E-07  1.578018E-07  1.144780E-04  1.546758E-04     1.00
 1.0245000E+07  -4.364000E-02  7.078247E-02  0.000000E+00  7.404105E-15       82
   4.79E-07     -7.564446E-03 -2.542604E-03  3.762157E-04  4.864153E-05 4.84E-11
   2.11E-06 0.00E+00 5.62E-07  1.578030E-07  1.145092E-04  1.547014E-04     1.00
 1.0250000E+07  -4.365000E-02  7.080526E-02  0.000000E+00  7.396313E-15       82
   4.79E-07     -7.562823E-03 -2.542604E-03  3.758495E-04  4.863590E-05 1.16E-11
   2.11E-06 0.00E+00 5.61E-07  1.578042E-07  1.145404E-04  1.547269E-04     1.00
 1.0255000E+07  -4.366000E-02  7.082804E-02  0.000000E+00  7.388469E-15       82
   4.78E-07     -7.561202E-03 -2.542604E-03  3.754832E-04  4.863034E-05 2.43E-11
   2.11E-06 0.00E+00 5.61E-07  1.578054E-07  1.145715E-04  1.547525E-04     1.00
 1.0260000E+07  -4.367000E-02  7.085080E-02  0.000000E+00  7.380663E-15       82
   4.79E-07     -7.559582E-03 -2.542604E-03  3.751169E-04  4.862485E-05 1.31E-11
   2.11E-06 0.00E+00 5.61E-07  1.578066E-07  1.146026E-04  1.547781E-04     1.00
 1.0265000E+07  -4.368000E-02  7.087355E-02  0.000000E+00  7.373246E-15       82
   4.78E-07     -7.557963E-03 -2.542604E-03  3.747506E-04  4.861942E-05 1.49E-12
   2.11E-06 0.00E+00 5.61E-07  1.578079E-07  1.146337E-04  1.548037E-04     1.00
 1.0270000E+07  -4.369000E-02  7.089629E-02  0.000000E+00  7.365030E-15       82
   4.78E-07     -7.556346E-03 -2.542604E-03  3.743841E-04  4.861405E-05 1.36E-11
   2.11E-06 0.00E+00 5.60E-07  1.578091E-07  1.146647E-04  1.548294E-04     1.00
 1.0275000E+07  -4.370000E-02  7.091902E-02  0.000000E+00  7.357353E-15       82
   4.78E-07     -7.554731E-03 -2.542604E-03  3.740177E-04  4.860875E-05 2.02E-10
   2.11E-06 0.00E+00 5.60E-07  1.578103E-07  1.146956E-04  1.548550E-04     1.00
 1.0280000E+07  -4.371000E-02  7.094173E-02  0.000000E+00  7.349632E-15       82
   4.77E-07     -7.553117E-03 -2.542604E-03  3.736512E-04  4.860350E-05 1.49E-11
   2.10E-06 0.00E+00 5.60E-07  1.578115E-07  1.147266E-04  1.548807E-04     1.00
 1.0285000E+07  -4.372000E-02  7.096442E-02  0.000000E+00  7.342118E-15       82
   4.77E-07     -7.551504E-03 -2.542604E-03  3.732846E-04  4.859833E-05 4.61E-11
   2.10E-06 0.00E+00 5.60E-07  1.578127E-07  1.147574E-04  1.549064E-04     1.00
 1.0290000E+07  -4.373000E-02  7.098711E-02  0.000000E+00  7.334330E-15       82
   4.77E-07     -7.549893E-03 -2.542604E-03  3.729180E-04  4.859321E-05 2.86E-12
   2.10E-06 0.00E+00 5.59E-07  1.578139E-07  1.147883E-04  1.549321E-04     1.00
 1.0295000E+07  -4.374000E-02  7.100978E-02  0.000000E+00  7.326623E-15       82
   4.77E-07     -7.548283E-03 -2.542604E-03  3.725513E-04  4.858816E-05 1.06E-10
   2.10E-06 0.00E+00 5.59E-07  1.578151E-07  1.148190E-04  1.549578E-04     1.00
 1.0300000E+07  -4.375000E-02  7.103243E-02  0.000000E+00  7.407446E-15       83
   4.85E-07     -7.546676E-03 -2.542604E-03  3.721844E-04  4.858318E-05 7.80E-10
   2.10E-06 0.00E+00 5.60E-07  1.578163E-07  1.148498E-04  1.549836E-04     1.00
 1.0305000E+07  -4.376000E-02  7.105508E-02  0.000000E+00  7.374172E-15       83
   4.95E-07     -7.545070E-03 -2.542604E-03  3.718177E-04  4.857825E-05 1.42E-11
   2.11E-06 0.00E+00 5.84E-07  1.578176E-07  1.148805E-04  1.550094E-04     1.00
 1.0310000E+07  -4.377000E-02  7.107771E-02  0.000000E+00  7.366519E-15       83
   4.94E-07     -7.543464E-03 -2.542604E-03  3.714508E-04  4.857338E-05 1.38E-11
   2.11E-06 0.00E+00 5.83E-07  1.578188E-07  1.149111E-04  1.550351E-04     1.00
 1.0315000E+07  -4.378000E-02  7.110032E-02  0.000000E+00  7.358930E-15       83
   4.94E-07     -7.541861E-03 -2.542604E-03  3.710840E-04  4.856858E-05 4.44E-11
   2.11E-06 0.00E+00 5.83E-07  1.578200E-07  1.149417E-04  1.550609E-04     1.00
 1.0320000E+07  -4.379000E-02  7.112293E-02  0.000000E+00  7.351011E-15       83
   4.94E-07     -7.540258E-03 -2.542604E-03  3.707171E-04  4.856384E-05 3.24E-11
   2.11E-06 0.00E+00 5.83E-07  1.578212E-07  1.149723E-04  1.550868E-04     1.00
 1.0325000E+07  -4.380000E-02  7.114552E-02  0.000000E+00  7.343666E-15       83
   4.94E-07     -7.538657E-03 -2.542604E-03  3.703501E-04  4.855916E-05 5.24E-11
   2.11E-06 0.00E+00 5.83E-07  1.578224E-07  1.150028E-04  1.551126E-04     1.00
 1.0330000E+07  -4.381000E-02  7.116810E-02  0.000000E+00  7.336082E-15       83
   4.93E-07     -7.537058E-03 -2.542604E-03  3.699831E-04  4.855455E-05 1.67E-11
   2.11E-06 0.00E+00 5.82E-07  1.578236E-07  1.150333E-04  1.551385E-04     1.00
 1.0335000E+07  -4.382000E-02  7.119066E-02  0.000000E+00  7.328489E-15       83
   4.93E-07     -7.535460E-03 -2.542604E-03  3.696160E-04  4.854999E-05 1.14E-11
   2.11E-06 0.00E+00 5.82E-07  1.578248E-07  1.150637E-04  1.551643E-04     1.00
 1.0340000E+07  -4.383000E-02  7.121321E-02  0.000000E+00  7.320957E-15       83
   4.93E-07     -7.533863E-03 -2.542604E-03  3.692489E-04  4.854550E-05 1.65E-10
   2.11E-06 0.00E+00 5.82E-07  1.578261E-07  1.150941E-04  1.551902E-04     1.00
 1.0345000E+07  -4.384000E-02  7.123575E-02  0.000000E+00  7.313403E-15       83
   4.93E-07     -7.532268E-03 -2.542604E-03  3.688817E-04  4.854107E-05 4.18E-11
   2.11E-06 0.00E+00 5.82E-07  1.578273E-07  1.151244E-04  1.552161E-04     1.00
 1.0350000E+07  -4.385000E-02  7.126004E-02  0.000000E+00  1.766277E-14       82
   6.21E-07     -7.529258E-03 -2.542604E-03  3.681305E-04  4.851980E-05 2.12E-11
   2.86E-06 0.00E+00 7.28E-07  1.578295E-07  1.151673E-04  1.552377E-04     1.00
 1.0355000E+07  -4.386000E-02  7.139323E-02  0.000000E+00  2.855703E-14       78
   2.49E-05     -7.357898E-03 -2.542604E-03  3.467618E-04  4.696935E-05 4.68E-09
   1.24E-04 0.00E+00 3.07E-05  1.751348E-07  1.164567E-04  1.549940E-04     1.00
 1.0360000E+07  -4.387000E-02  7.141704E-02  0.000000E+00  1.242330E-14       78
   6.36E-07     -7.355337E-03 -2.542604E-03  3.459817E-04  4.695102E-05 2.01E-11
   2.75E-06 0.00E+00 7.60E-07  1.751369E-07  1.164960E-04  1.550150E-04     1.00
 1.0365000E+07  -4.388000E-02  7.144074E-02  0.000000E+00  1.240145E-14       78
   6.25E-07     -7.352880E-03 -2.542604E-03  3.452116E-04  4.693365E-05 8.69E-12
   2.71E-06 0.00E+00 7.44E-07  1.751390E-07  1.165345E-04  1.550361E-04     1.00
 1.0370000E+07  -4.389000E-02  7.146332E-02  0.000000E+00  3.559768E-15       78
   5.47E-07     -7.351626E-03 -2.542604E-03  3.445746E-04  4.692656E-05 3.13E-12
   2.30E-06 0.00E+00 6.30E-07  1.751406E-07  1.165655E-04  1.550600E-04     1.00
 1.0375000E+07  -4.390000E-02  7.148370E-02  0.000000E+00  3.557638E-15       78
   3.48E-07     -7.352740E-03 -2.542604E-03  3.441876E-04  4.693987E-05 3.85E-11
   1.44E-06 0.00E+00 3.99E-07  1.751411E-07  1.165814E-04  1.550893E-04     1.00
 1.0380000E+07  -4.391000E-02  7.150407E-02  0.000000E+00  3.556087E-15       78
   3.48E-07     -7.353854E-03 -2.542604E-03  3.438006E-04  4.695320E-05 5.72E-11
   1.44E-06 0.00E+00 3.99E-07  1.751417E-07  1.165974E-04  1.551185E-04     1.00
 1.0385000E+07  -4.392000E-02  7.152443E-02  0.000000E+00  3.554413E-15       78
   3.48E-07     -7.354969E-03 -2.542604E-03  3.434135E-04  4.696657E-05 2.31E-11
   1.44E-06 0.00E+00 3.99E-07  1.751423E-07  1.166133E-04  1.551478E-04     1.00
 1.0390000E+07  -4.393000E-02  7.154478E-02  0.000000E+00  3.552740E-15       78
   3.48E-07     -7.356083E-03 -2.542604E-03  3.430264E-04  4.697996E-05 3.25E-11
   1.44E-06 0.00E+00 3.99E-07  1.751429E-07  1.166292E-04  1.551772E-04     1.00
 1.0395000E+07  -4.394000E-02  7.156513E-02  0.000000E+00  3.551062E-15       78
   3.47E-07     -7.357197E-03 -2.542604E-03  3.426392E-04  4.699339E-05 9.71E-12
   1.44E-06 0.00E+00 3.99E-07  1.751435E-07  1.166452E-04  1.552065E-04     1.00
 1.0400000E+07  -4.395000E-02  7.158547E-02  0.000000E+00  3.549343E-15       78
   3.47E-07     -7.358311E-03 -2.542604E-03  3.422520E-04  4.700684E-05 8.55E-12
   1.44E-06 0.00E+00 3.98E-07  1.751441E-07  1.166611E-04  1.552359E-04     1.00
 1.0405000E+07  -4.396000E-02  7.160581E-02  0.000000E+00  3.547713E-15       78
   3.47E-07     -7.359425E-03 -2.542604E-03  3.418647E-04  4.702032E-05 2.23E-12
   1.44E-06 0.00E+00 3.98E-07  1.751447E-07  1.166771E-04  1.552654E-04     1.00
 1.0410000E+07  -4.397000E-02  7.162614E-02  0.000000E+00  3.546043E-15       78
   3.47E-07     -7.360540E-03 -2.542604E-03  3.414775E-04  4.703383E-05 7.76E-12
   1.44E-06 0.00E+00 3.98E-07  1.751453E-07  1.166930E-04  1.552948E-04     1.00
 1.0415000E+07  -4.398000E-02  7.164647E-02  0.000000E+00  3.544352E-15       78
   3.47E-07     -7.361654E-03 -2.542604E-03  3.410901E-04  4.704737E-05 2.02E-10
   1.44E-06 0.00E+00 3.98E-07  1.751459E-07  1.167089E-04  1.553243E-04     1.00
 1.0420000E+07  -4.399000E-02  7.166681E-02  0.000000E+00  3.397400E-15       78
   3.47E-07     -7.362751E-03 -2.542604E-03  3.406803E-04  4.706064E-05 9.75E-12
   1.43E-06 0.00E+00 3.99E-07  1.751464E-07  1.167251E-04  1.553537E-04     1.00
 1.0425000E+07  -4.400000E-02  7.168724E-02  0.000000E+00  3.396885E-15       78
   3.46E-07     -7.363784E-03 -2.542604E-03  3.401760E-04  4.707269E-05 1.98E-10
   1.40E-06 0.00E+00 4.02E-07  1.751470E-07  1.167423E-04  1.553830E-04     1.00
 1.0430000E+07  -4.401000E-02  7.170767E-02  0.000000E+00  3.395359E-15       78
   3.46E-07     -7.364817E-03 -2.542604E-03  3.396715E-04  4.708477E-05 1.16E-13
   1.40E-06 0.00E+00 4.02E-07  1.751476E-07  1.167595E-04  1.554122E-04     1.00
 1.0435000E+07  -4.402000E-02  7.172809E-02  0.000000E+00  3.393855E-15       78
   3.46E-07     -7.365849E-03 -2.542604E-03  3.391671E-04  4.709689E-05 1.26E-10
   1.40E-06 0.00E+00 4.02E-07  1.751481E-07  1.167767E-04  1.554415E-04     1.00
 1.0440000E+07  -4.403000E-02  7.174850E-02  0.000000E+00  3.392321E-15       78
   3.46E-07     -7.366882E-03 -2.542604E-03  3.386626E-04  4.710904E-05 4.57E-12
   1.40E-06 0.00E+00 4.02E-07  1.751487E-07  1.167939E-04  1.554709E-04     1.00
 1.0445000E+07  -4.404000E-02  7.176891E-02  0.000000E+00  3.390814E-15       78
   3.46E-07     -7.367915E-03 -2.542604E-03  3.381580E-04  4.712122E-05 2.92E-12
   1.40E-06 0.00E+00 4.01E-07  1.751493E-07  1.168110E-04  1.555002E-04     1.00
 1.0450000E+07  -4.405000E-02  7.178932E-02  0.000000E+00  3.389348E-15       78
   3.45E-07     -7.368947E-03 -2.542604E-03  3.376535E-04  4.713343E-05 6.69E-11
   1.40E-06 0.00E+00 4.01E-07  1.751498E-07  1.168282E-04  1.555296E-04     1.00
 1.0455000E+07  -4.407500E-02  7.184014E-02  0.000000E+00  2.115984E-14       78
   8.65E-07     -7.371592E-03 -2.542604E-03  3.363947E-04  4.716463E-05 3.72E-11
   3.52E-06 0.00E+00 9.97E-07  1.751533E-07  1.168710E-04  1.556036E-04     1.00
 1.0460000E+07  -4.410000E-02  7.189108E-02  0.000000E+00  2.113631E-14       78
   8.62E-07     -7.374172E-03 -2.542604E-03  3.351329E-04  4.719550E-05 5.43E-12
   3.49E-06 0.00E+00 1.00E-06  1.751569E-07  1.169138E-04  1.556773E-04     1.00
 1.0465000E+07  -4.412500E-02  7.194200E-02  0.000000E+00  2.111275E-14       78
   8.61E-07     -7.376752E-03 -2.542604E-03  3.338708E-04  4.722656E-05 1.89E-12
   3.49E-06 0.00E+00 1.00E-06  1.751604E-07  1.169567E-04  1.557512E-04     1.00
 1.0470000E+07  -4.415000E-02  7.199287E-02  0.000000E+00  2.108920E-14       78
   8.61E-07     -7.379332E-03 -2.542604E-03  3.326085E-04  4.725783E-05 1.11E-11
   3.49E-06 0.00E+00 1.00E-06  1.751639E-07  1.169995E-04  1.558253E-04     1.00
 1.0475000E+07  -4.417500E-02  7.204512E-02  0.000000E+00  1.900431E-14       78
   8.43E-07     -7.381968E-03 -2.542604E-03  3.313909E-04  4.728779E-05 3.95E-11
   3.38E-06 0.00E+00 9.76E-07  1.751672E-07  1.170403E-04  1.558961E-04     1.00
 1.0480000E+07  -4.420000E-02  7.209817E-02  0.000000E+00  2.663263E-14       78
   8.45E-07     -7.384163E-03 -2.542604E-03  3.301913E-04  4.731479E-05 1.38E-10
   3.42E-06 0.00E+00 9.76E-07  1.751706E-07  1.170823E-04  1.559651E-04     1.00
 1.0485000E+07  -4.422500E-02  7.215022E-02  0.000000E+00  2.657847E-14       78
   9.17E-07     -7.383951E-03 -2.542604E-03  3.289701E-04  4.733161E-05 6.87E-12
   3.94E-06 0.00E+00 1.07E-06  1.751750E-07  1.171369E-04  1.560365E-04     1.00
 1.0490000E+07  -4.425000E-02  7.220223E-02  0.000000E+00  2.653531E-14       78
   9.16E-07     -7.383743E-03 -2.542604E-03  3.277484E-04  4.734861E-05 1.35E-11
   3.94E-06 0.00E+00 1.07E-06  1.751793E-07  1.171914E-04  1.561080E-04     1.00
 1.0495000E+07  -4.427500E-02  7.225419E-02  0.000000E+00  2.649246E-14       78
   9.15E-07     -7.383537E-03 -2.542604E-03  3.265261E-04  4.736579E-05 1.04E-12
   3.94E-06 0.00E+00 1.07E-06  1.751837E-07  1.172459E-04  1.561797E-04     1.00
 1.0500000E+07  -4.430000E-02  7.230612E-02  0.000000E+00  2.645005E-14       78
   9.14E-07     -7.383335E-03 -2.542604E-03  3.253033E-04  4.738315E-05 6.24E-11
   3.93E-06 0.00E+00 1.07E-06  1.751881E-07  1.173003E-04  1.562514E-04     1.00
 1.0505000E+07  -4.432500E-02  7.235800E-02  0.000000E+00  2.640750E-14       78
   9.13E-07     -7.383136E-03 -2.542604E-03  3.240800E-04  4.740070E-05 3.21E-11
   3.93E-06 0.00E+00 1.06E-06  1.751925E-07  1.173546E-04  1.563233E-04     1.00
 1.0510000E+07  -4.435000E-02  7.240984E-02  0.000000E+00  2.636498E-14       78
   9.12E-07     -7.382940E-03 -2.542604E-03  3.228561E-04  4.741843E-05 1.60E-12
   3.93E-06 0.00E+00 1.06E-06  1.751968E-07  1.174088E-04  1.563953E-04     1.00
 1.0515000E+07  -4.437500E-02  7.246164E-02  0.000000E+00  2.632272E-14       78
   9.11E-07     -7.382748E-03 -2.542604E-03  3.216317E-04  4.743633E-05 2.34E-11
   3.92E-06 0.00E+00 1.06E-06  1.752012E-07  1.174630E-04  1.564674E-04     1.00
 1.0520000E+07  -4.440000E-02  7.251339E-02  0.000000E+00  2.629668E-14       79
   9.17E-07     -7.382559E-03 -2.542604E-03  3.204066E-04  4.745442E-05 1.55E-11
   3.93E-06 0.00E+00 1.07E-06  1.752055E-07  1.175171E-04  1.565396E-04     1.00
 1.0525000E+07  -4.442500E-02  7.256520E-02  0.000000E+00  2.802697E-14       79
   9.21E-07     -7.382363E-03 -2.542604E-03  3.191817E-04  4.747255E-05 7.29E-11
   3.94E-06 0.00E+00 1.07E-06  1.752099E-07  1.175710E-04  1.566116E-04     1.00
 1.0530000E+07  -4.445000E-02  7.306037E-02  0.000000E+00  5.712056E-15       79
   1.69E-04     -6.496322E-03 -2.542604E-03  2.718889E-04  3.951649E-05 1.70E-10
   6.35E-04 0.00E+00 1.31E-04  5.580353E-07  1.241223E-04  1.555896E-04     1.00
 1.0535000E+07  -4.447500E-02  7.307902E-02  0.000000E+00  4.756230E-15       80
   4.50E-07     -6.507781E-03 -2.542604E-03  2.720342E-04  3.962456E-05 1.26E-10
   1.89E-06 0.00E+00 5.13E-07  5.580361E-07  1.241434E-04  1.557187E-04     1.00
 1.0540000E+07  -4.450000E-02  7.309795E-02  0.000000E+00  4.651456E-15       80
   4.44E-07     -6.518964E-03 -2.542604E-03  2.724440E-04  3.973118E-05 2.60E-09
   1.83E-06 0.00E+00 5.20E-07  5.580369E-07  1.241655E-04  1.558475E-04     1.00
 1.0545000E+07  -4.452500E-02  7.311878E-02  0.000000E+00  1.812369E-14       80
   4.93E-07     -6.528980E-03 -2.542604E-03  2.728725E-04  3.982903E-05 2.45E-09
   2.02E-06 0.00E+00 5.76E-07  5.580379E-07  1.241921E-04  1.559719E-04     1.00
 1.0550000E+07  -4.455000E-02  7.315454E-02  0.000000E+00  2.520407E-14       80
   9.13E-07     -6.532460E-03 -2.542604E-03  2.736789E-04  3.986662E-05 2.83E-10
   4.29E-06 0.00E+00 1.06E-06  5.580420E-07  1.242428E-04  1.560602E-04     1.00
