
Program OVAL:  version           oval-0.7.296.f

c Matthew R. Kuhn 2001, Licensed under the GPL, version 2

The program was compiled with the following parameters (among others):
   1) 2D or 3D problems. (mdim1=3)
   2) Circular, spherical, elliptical, oval, nobby, bumpy, 
      and ovoid particles. (mpiece=4*mp)
   3) A maximum of   10648 particles. (mp)
Errors will occur if your input data is otherwise (but you can always make
changes to the common-0.7.296 file and recompile).
  
  Name of the RunFile:
  Name of the StartFile:
  
  Warning: Input value of rho was 0. A mass will be automatically assigned.
  Warning: Input value of dt .le. 0. A time step will be automatically assigned.

  Your time step is:                1.00000E+00
  The maximum advised time step is: 1.25000E+00
  The reference particle mass is:   1.25000E+01

  Particle shape =   Circular, 2D particles

  Number of particles     =      49
  Initial void ratio      =  0.175837
  Initial solids fraction =  0.850458
  Initial porosity        =  0.149542
  Volume of the cell      =  3.270054E+01

  Linear contact model:
  Normal (indentation) stiffness    =  2.0000E+00
  Normal contact stiffness          =  1.0000E+00
  Ratio tangential/normal stiffness =  1.0000E+00
  Contact friction coefficient      =  5.0000E-01

  Initial number of contacts       =      92
  Average ratio of ovrlap/diameter =  2.469E-03

Some diagnostic information during this simulation:
 iout     timer  istep nupd   ipt2  xloops   chi1      chi2       psi    sweep
    0 0.0000E+00    1     1     182   1.0  0.00E+00  0.00E+00  0.00E+00  0.00
    1 5.0000E+03    1     3     182   1.0  1.57E-04  1.15E-04  0.00E+00  0.00
    2 1.0000E+04    1     6     182   1.0  7.04E-13  5.40E-13  0.00E+00  0.00
    3 1.5000E+04    1     8     182   1.0  6.93E-13  5.41E-13  0.00E+00  0.00
    4 2.0000E+04    1    11     182   1.0  7.16E-13  5.39E-13  0.00E+00  0.00
    5 2.5000E+04    1    13     182   1.0  7.19E-13  5.47E-13  0.00E+00  0.00
    6 3.0000E+04    1    16     182   1.0  6.95E-13  5.41E-13  0.00E+00  0.00
    7 3.5000E+04    1    18     182   1.0  7.38E-13  5.52E-13  0.00E+00  0.00
    8 4.0000E+04    1    21     182   1.0  6.90E-13  5.39E-13  0.00E+00  0.00
    9 4.5000E+04    1    23     182   1.0  7.13E-13  5.36E-13  0.00E+00  0.00
   10 5.0000E+04    1    26     182   1.0  7.28E-13  5.48E-13  0.00E+00  0.00
   11 5.5000E+04    1    28     182   1.0  7.29E-13  5.44E-13  0.00E+00  0.00
   12 6.0000E+04    1    31     182   1.0  7.03E-13  5.35E-13  0.00E+00  0.00
   13 6.5000E+04    1    33     182   1.0  6.97E-13  5.40E-13  0.00E+00  0.00
   14 7.0000E+04    1    36     182   1.0  7.11E-13  5.42E-13  0.00E+00  0.00
   15 7.5000E+04    1    38     182   1.0  7.14E-13  5.56E-13  0.00E+00  0.00
   16 8.0000E+04    1    41     182   1.0  7.00E-13  5.36E-13  0.00E+00  0.00
   17 8.5000E+04    1    43     182   1.0  7.11E-13  5.38E-13  0.00E+00  0.00
   18 9.0000E+04    1    46     182   1.0  7.29E-13  5.44E-13  0.00E+00  0.00
   19 9.5000E+04    1    48     182   1.0  7.15E-13  5.41E-13  0.00E+00  0.00
   20 1.0000E+05    2    51     182   1.0  7.04E-13  5.43E-13  0.00E+00  0.00
   21 1.0500E+05    2    53     182   1.0  3.61E-08  1.47E-07  1.10E-12  0.00
   22 1.1000E+05    2    56     182   1.0  3.29E-08  1.36E-07  1.41E-13  0.00
   23 1.1500E+05    2    58     182   1.0  3.29E-08  1.36E-07  1.29E-12  0.00
   24 1.2000E+05    2    61     182   1.0  3.28E-08  1.36E-07  1.21E-12  0.00
   25 1.2500E+05    2    63     182   1.0  3.28E-08  1.36E-07  1.17E-11  0.00
   26 1.3000E+05    2    66     182   1.0  3.28E-08  1.36E-07  5.43E-14  0.00
   27 1.3500E+05    2    68     182   1.0  3.28E-08  1.36E-07  1.11E-12  0.00
   28 1.4000E+05    2    71     182   1.0  3.28E-08  1.36E-07  3.23E-14  0.00
   29 1.4500E+05    2    73     182   1.0  3.27E-08  1.35E-07  4.73E-14  0.00
   30 1.5000E+05    2    76     182   1.0  3.27E-08  1.35E-07  5.31E-14  0.00
   31 1.5500E+05    2    78     182   1.0  3.27E-08  1.35E-07  7.26E-13  0.00
   32 1.6000E+05    2    81     182   1.0  3.27E-08  1.35E-07  7.84E-13  0.00
   33 1.6500E+05    2    83     182   1.0  3.27E-08  1.35E-07  1.36E-15  0.00
   34 1.7000E+05    2    86     182   1.0  3.26E-08  1.35E-07  1.11E-14  0.00
   35 1.7500E+05    2    88     182   1.0  3.26E-08  1.35E-07  1.70E-13  0.00
   36 1.8000E+05    2    91     182   1.0  3.26E-08  1.35E-07  1.94E-13  0.00
   37 1.8500E+05    2    93     182   1.0  3.26E-08  1.35E-07  2.32E-13  0.00
   38 1.9000E+05    2    96     182   1.0  3.25E-08  1.35E-07  5.83E-13  0.00
   39 1.9500E+05    2    98     182   1.0  3.25E-08  1.35E-07  6.54E-14  0.00
   40 2.0000E+05    2   101     182   1.0  3.25E-08  1.34E-07  5.47E-13  0.00
   41 2.0500E+05    2   103     182   1.0  3.25E-08  1.34E-07  1.03E-13  0.00
   42 2.1000E+05    2   106     182   1.0  3.25E-08  1.34E-07  2.78E-13  0.00
   43 2.1500E+05    2   108     182   1.0  3.24E-08  1.34E-07  1.34E-13  0.00
   44 2.2000E+05    2   111     182   1.0  3.24E-08  1.34E-07  2.86E-12  0.00
   45 2.2500E+05    2   113     182   1.0  3.24E-08  1.34E-07  2.00E-13  0.00
   46 2.3000E+05    2   116     182   1.0  3.24E-08  1.34E-07  3.34E-14  0.00
   47 2.3500E+05    2   118     182   1.0  3.24E-08  1.34E-07  9.44E-14  0.00
   48 2.4000E+05    2   121     182   1.0  3.23E-08  1.34E-07  2.72E-13  0.00
   49 2.4500E+05    2   123     182   1.0  3.23E-08  1.34E-07  6.69E-14  0.00
   50 2.5000E+05    2   126     182   1.0  3.23E-08  1.34E-07  1.23E-13  0.00
   51 2.5500E+05    2   128     182   1.0  3.23E-08  1.33E-07  2.06E-13  0.00
   52 2.6000E+05    2   131     182   1.0  3.24E-08  1.35E-07  1.70E-11  0.00
   53 2.6500E+05    2   133     182   1.0  3.33E-08  1.40E-07  3.49E-13  0.00
   54 2.7000E+05    2   136     182   1.0  3.32E-08  1.40E-07  9.92E-13  0.00
   55 2.7500E+05    2   138     182   1.0  3.32E-08  1.39E-07  5.42E-13  0.00
   56 2.8000E+05    2   141     182   1.0  3.32E-08  1.39E-07  2.91E-14  0.00
   57 2.8500E+05    2   143     182   1.0  3.32E-08  1.39E-07  1.58E-12  0.00
   58 2.9000E+05    2   146     182   1.0  3.31E-08  1.39E-07  4.85E-12  0.00
   59 2.9500E+05    2   148     182   1.0  3.31E-08  1.39E-07  2.95E-13  0.00
   60 3.0000E+05    2   151     182   1.0  3.31E-08  1.39E-07  2.45E-14  0.00
   61 3.0500E+05    2   153     182   1.0  3.31E-08  1.39E-07  2.80E-13  0.00
   62 3.1000E+05    2   156     182   1.0  3.53E-08  1.49E-07  1.90E-11  0.00
   63 3.1500E+05    2   158     182   1.0  3.62E-08  1.52E-07  4.08E-13  0.00
   64 3.2000E+05    2   161     182   1.0  3.62E-08  1.52E-07  1.61E-11  0.00
   65 3.2500E+05    2   163     182   1.0  3.61E-08  1.52E-07  1.91E-12  0.00
   66 3.3000E+05    2   166     182   1.0  3.61E-08  1.52E-07  2.17E-13  0.00
   67 3.3500E+05    2   168     182   1.0  3.61E-08  1.52E-07  1.54E-13  0.00
   68 3.4000E+05    2   171     182   1.0  3.61E-08  1.52E-07  4.84E-13  0.00
   69 3.4500E+05    2   173     182   1.0  3.60E-08  1.52E-07  2.32E-13  0.00
   70 3.5000E+05    2   176     182   1.0  3.60E-08  1.51E-07  3.30E-12  0.00
   71 3.5500E+05    2   178     182   1.0  3.60E-08  1.51E-07  3.98E-14  0.00
   72 3.6000E+05    2   181     182   1.0  3.60E-08  1.51E-07  7.02E-13  0.00
   73 3.6500E+05    2   183     182   1.0  3.60E-08  1.51E-07  1.37E-13  0.00
   74 3.7000E+05    2   186     182   1.0  3.59E-08  1.51E-07  9.72E-14  0.00
   75 3.7500E+05    2   188     182   1.0  3.59E-08  1.51E-07  1.64E-13  0.00
   76 3.8000E+05    2   191     182   1.0  3.59E-08  1.51E-07  1.60E-13  0.00
   77 3.8500E+05    2   193     182   1.0  3.59E-08  1.51E-07  9.11E-14  0.00
   78 3.9000E+05    2   196     182   1.0  3.58E-08  1.51E-07  3.30E-14  0.00
   79 3.9500E+05    2   198     182   1.0  3.58E-08  1.51E-07  1.03E-14  0.00
   80 4.0000E+05    2   201     182   1.0  3.58E-08  1.50E-07  3.61E-15  0.00
   81 4.0500E+05    2   203     182   1.0  3.58E-08  1.50E-07  2.20E-13  0.00
   82 4.1000E+05    2   206     182   1.0  3.57E-08  1.50E-07  1.40E-12  0.00
   83 4.1500E+05    2   208     182   1.0  3.57E-08  1.50E-07  9.22E-14  0.00
   84 4.2000E+05    2   211     182   1.0  3.57E-08  1.50E-07  4.79E-14  0.00
   85 4.2500E+05    2   213     182   1.0  3.57E-08  1.50E-07  3.86E-13  0.00
   86 4.3000E+05    2   216     182   1.0  3.57E-08  1.50E-07  2.17E-13  0.00
   87 4.3500E+05    2   218     182   1.0  3.56E-08  1.50E-07  3.38E-13  0.00
   88 4.4000E+05    2   221     182   1.0  3.56E-08  1.50E-07  2.51E-13  0.00
   89 4.4500E+05    2   223     182   1.0  3.56E-08  1.50E-07  8.96E-15  0.00
   90 4.5000E+05    2   226     182   1.0  3.56E-08  1.50E-07  1.02E-10  0.00
   91 4.5500E+05    2   228     182   1.0  3.55E-08  1.49E-07  2.05E-13  0.00
   92 4.6000E+05    2   231     182   1.0  3.55E-08  1.49E-07  1.76E-13  0.00
   93 4.6500E+05    2   233     182   1.0  3.55E-08  1.49E-07  3.20E-13  0.00
   94 4.7000E+05    2   236     182   1.0  3.55E-08  1.49E-07  2.26E-12  0.00
   95 4.7500E+05    2   238     182   1.0  3.54E-08  1.49E-07  6.41E-14  0.00
   96 4.8000E+05    2   241     182   1.0  3.54E-08  1.49E-07  9.36E-11  0.00
   97 4.8500E+05    2   243     182   1.0  3.54E-08  1.49E-07  2.75E-13  0.00
   98 4.9000E+05    2   246     182   1.0  3.54E-08  1.49E-07  1.84E-13  0.00
   99 4.9500E+05    2   248     182   1.0  3.54E-08  1.49E-07  6.58E-14  0.00
  100 5.0000E+05    2   251     182   1.0  3.53E-08  1.49E-07  2.70E-13  0.00
  101 5.0500E+05    2   253     182   1.0  3.53E-08  1.48E-07  3.14E-13  0.00
  102 5.1000E+05    2   256     182   1.0  3.53E-08  1.48E-07  1.63E-12  0.00
  103 5.1500E+05    2   258     182   1.0  3.53E-08  1.48E-07  2.60E-13  0.00
  104 5.2000E+05    2   261     182   1.0  3.52E-08  1.48E-07  3.70E-13  0.00
  105 5.2500E+05    2   263     182   1.0  3.52E-08  1.48E-07  5.44E-14  0.00
  106 5.3000E+05    2   266     182   1.0  3.52E-08  1.48E-07  8.22E-13  0.00
  107 5.3500E+05    2   268     182   1.0  3.52E-08  1.48E-07  3.57E-13  0.00
  108 5.4000E+05    2   271     182   1.0  3.52E-08  1.48E-07  2.07E-11  0.00
  109 5.4500E+05    2   273     182   1.0  3.51E-08  1.48E-07  1.41E-13  0.00
  110 5.5000E+05    2   276     182   1.0  3.51E-08  1.48E-07  7.70E-15  0.00
  111 5.5500E+05    2   278     182   1.0  3.51E-08  1.47E-07  5.96E-13  0.00
  112 5.6000E+05    2   281     182   1.0  3.51E-08  1.47E-07  1.78E-13  0.00
  113 5.6500E+05    2   283     182   1.0  3.50E-08  1.47E-07  7.49E-14  0.00
  114 5.7000E+05    2   286     182   1.0  3.50E-08  1.47E-07  8.56E-13  0.00
  115 5.7500E+05    2   288     182   1.0  3.50E-08  1.47E-07  1.76E-13  0.00
  116 5.8000E+05    2   291     182   1.0  3.50E-08  1.47E-07  3.23E-14  0.00
  117 5.8500E+05    2   293     182   1.0  3.50E-08  1.47E-07  7.76E-13  0.00
  118 5.9000E+05    2   296     182   1.0  3.49E-08  1.47E-07  2.09E-13  0.00
  119 5.9500E+05    2   298     182   1.0  3.49E-08  1.47E-07  2.64E-13  0.00
  120 6.0000E+05    2   301     182   1.0  3.49E-08  1.47E-07  1.94E-14  0.00
  121 6.0500E+05    2   303     182   1.0  3.49E-08  1.47E-07  2.39E-13  0.00
  122 6.1000E+05    2   306     182   1.0  3.48E-08  1.46E-07  1.88E-13  0.00
  123 6.1500E+05    2   308     182   1.0  3.48E-08  1.46E-07  1.55E-12  0.00
  124 6.2000E+05    2   311     182   1.0  3.48E-08  1.46E-07  5.76E-13  0.00
  125 6.2500E+05    2   313     182   1.0  3.48E-08  1.46E-07  1.05E-13  0.00
  126 6.3000E+05    2   316     182   1.0  3.47E-08  1.46E-07  8.70E-14  0.00
  127 6.3500E+05    2   318     182   1.0  3.47E-08  1.46E-07  8.83E-13  0.00
  128 6.4000E+05    2   321     182   1.0  3.47E-08  1.46E-07  4.66E-13  0.00
  129 6.4500E+05    2   323     182   1.0  3.47E-08  1.46E-07  7.97E-14  0.00
  130 6.5000E+05    2   326     182   1.0  3.47E-08  1.46E-07  6.94E-13  0.00
  131 6.5500E+05    2   328     182   1.0  3.46E-08  1.46E-07  2.56E-14  0.00
  132 6.6000E+05    2   331     182   1.0  3.46E-08  1.45E-07  1.10E-12  0.00
  133 6.6500E+05    2   333     182   1.0  3.46E-08  1.45E-07  2.13E-13  0.00
  134 6.7000E+05    2   336     182   1.0  3.46E-08  1.45E-07  4.52E-14  0.00
  135 6.7500E+05    2   338     182   1.0  3.45E-08  1.45E-07  3.84E-13  0.00
  136 6.8000E+05    2   341     182   1.0  3.45E-08  1.45E-07  1.96E-13  0.00
  137 6.8500E+05    2   343     182   1.0  3.45E-08  1.45E-07  6.15E-12  0.00
  138 6.9000E+05    2   346     182   1.0  3.45E-08  1.45E-07  1.43E-13  0.00
  139 6.9500E+05    2   348     182   1.0  3.45E-08  1.45E-07  1.44E-14  0.00
  140 7.0000E+05    2   351     182   1.0  3.44E-08  1.45E-07  1.42E-13  0.00
  141 7.0500E+05    2   353     182   1.0  3.44E-08  1.45E-07  5.69E-14  0.00
  142 7.1000E+05    2   356     182   1.0  3.44E-08  1.45E-07  8.88E-13  0.00
  143 7.1500E+05    2   358     182   1.0  3.44E-08  1.44E-07  1.31E-13  0.00
  144 7.2000E+05    2   361     182   1.0  3.43E-08  1.44E-07  1.10E-15  0.00
  145 7.2500E+05    2   363     182   1.0  3.43E-08  1.44E-07  1.19E-12  0.00
  146 7.3000E+05    2   366     182   1.0  3.43E-08  1.44E-07  2.21E-13  0.00
  147 7.3500E+05    2   368     182   1.0  3.43E-08  1.44E-07  1.61E-12  0.00
  148 7.4000E+05    2   371     182   1.0  3.43E-08  1.44E-07  4.31E-13  0.00
  149 7.4500E+05    2   373     182   1.0  3.42E-08  1.44E-07  8.09E-14  0.00
  150 7.5000E+05    2   376     182   1.0  3.42E-08  1.44E-07  6.44E-13  0.00
  151 7.5500E+05    2   378     182   1.0  3.42E-08  1.44E-07  2.53E-13  0.00
  152 7.6000E+05    2   381     182   1.0  3.42E-08  1.44E-07  1.21E-12  0.00
  153 7.6500E+05    2   383     182   1.0  3.41E-08  1.44E-07  4.20E-14  0.00
  154 7.7000E+05    2   386     182   1.0  3.41E-08  1.43E-07  2.77E-13  0.00
  155 7.7500E+05    2   388     182   1.0  3.41E-08  1.43E-07  4.10E-13  0.00
  156 7.8000E+05    2   391     182   1.0  3.41E-08  1.43E-07  2.28E-13  0.00
  157 7.8500E+05    2   393     182   1.0  3.41E-08  1.43E-07  5.76E-13  0.00
  158 7.9000E+05    2   396     182   1.0  3.40E-08  1.43E-07  2.18E-12  0.00
  159 7.9500E+05    2   398     182   1.0  3.40E-08  1.43E-07  2.56E-13  0.00
  160 8.0000E+05    2   401     182   1.0  3.40E-08  1.43E-07  2.41E-13  0.00
  161 8.0500E+05    2   403     182   1.0  3.40E-08  1.43E-07  5.16E-14  0.00
  162 8.1000E+05    2   406     182   1.0  3.39E-08  1.43E-07  3.91E-14  0.00
  163 8.1500E+05    2   408     182   1.0  3.39E-08  1.43E-07  1.01E-13  0.00
  164 8.2000E+05    2   411     182   1.0  3.39E-08  1.42E-07  2.27E-12  0.00
  165 8.2500E+05    2   413     182   1.0  3.39E-08  1.42E-07  2.10E-13  0.00
  166 8.3000E+05    2   416     182   1.0  3.39E-08  1.42E-07  2.15E-12  0.00
  167 8.3500E+05    2   418     182   1.0  3.38E-08  1.42E-07  4.21E-13  0.00
  168 8.4000E+05    2   421     182   1.0  3.38E-08  1.42E-07  2.31E-13  0.00
  169 8.4500E+05    2   423     182   1.0  3.38E-08  1.42E-07  2.00E-13  0.00
  170 8.5000E+05    2   426     182   1.0  3.38E-08  1.42E-07  5.15E-13  0.00
  171 8.5500E+05    2   428     182   1.0  3.35E-08  1.41E-07  2.04E-13  0.00
  172 8.6000E+05    2   431     182   1.0  3.31E-08  1.40E-07  6.23E-12  0.00
  173 8.6500E+05    2   433     182   1.0  3.31E-08  1.40E-07  1.02E-13  0.00
  174 8.7000E+05    2   436     182   1.0  3.31E-08  1.40E-07  1.59E-13  0.00
  175 8.7500E+05    2   438     182   1.0  3.30E-08  1.40E-07  1.76E-13  0.00
  176 8.8000E+05    2   441     182   1.0  3.30E-08  1.40E-07  4.50E-13  0.00
  177 8.8500E+05    2   443     182   1.0  3.30E-08  1.40E-07  2.92E-13  0.00
  178 8.9000E+05    2   446     182   1.0  3.30E-08  1.39E-07  1.79E-13  0.00
  179 8.9500E+05    2   448     182   1.0  3.29E-08  1.39E-07  4.95E-14  0.00
  180 9.0000E+05    2   451     182   1.0  3.29E-08  1.39E-07  4.28E-13  0.00
  181 9.0500E+05    2   453     182   1.0  3.29E-08  1.39E-07  9.75E-15  0.00
  182 9.1000E+05    2   456     182   1.0  3.29E-08  1.39E-07  1.25E-14  0.00
  183 9.1500E+05    2   458     182   1.0  3.29E-08  1.39E-07  1.58E-13  0.00
  184 9.2000E+05    2   461     182   1.0  3.28E-08  1.39E-07  4.82E-13  0.00
  185 9.2500E+05    2   463     182   1.0  3.28E-08  1.39E-07  1.43E-13  0.00
  186 9.3000E+05    2   466     182   1.0  3.28E-08  1.39E-07  2.23E-13  0.00
  187 9.3500E+05    2   468     182   1.0  3.28E-08  1.39E-07  2.31E-13  0.00
  188 9.4000E+05    2   471     182   1.0  3.28E-08  1.39E-07  8.19E-13  0.00
  189 9.4500E+05    2   473     182   1.0  3.56E-08  1.40E-07  1.05E-13  0.00
  190 9.5000E+05    2   476     182   1.0  3.57E-08  1.39E-07  3.48E-13  0.00
  191 9.5500E+05    2   478     182   1.0  3.59E-08  1.41E-07  3.76E-13  0.00
  192 9.6000E+05    2   481     182   1.0  3.53E-08  1.41E-07  5.75E-14  0.00
  193 9.6500E+05    2   483     182   1.0  3.53E-08  1.41E-07  3.19E-13  0.00
  194 9.7000E+05    2   486     182   1.0  3.52E-08  1.41E-07  2.19E-12  0.00
  195 9.7500E+05    2   488     182   1.0  3.52E-08  1.41E-07  6.32E-13  0.00
  196 9.8000E+05    2   491     182   1.0  3.52E-08  1.41E-07  5.97E-13  0.00
  197 9.8500E+05    2   493     182   1.0  3.52E-08  1.41E-07  6.08E-12  0.00
  198 9.9000E+05    2   496     182   1.0  3.52E-08  1.41E-07  2.81E-13  0.00
  199 9.9500E+05    2   498     182   1.0  3.51E-08  1.41E-07  3.40E-13  0.00
  200 1.0000E+06    2   501     182   1.0  3.51E-08  1.41E-07  8.81E-13  0.00
  201 1.0050E+06    2   503     182   1.0  3.51E-08  1.41E-07  1.08E-11  0.00
  202 1.0100E+06    2   506     182   1.0  3.51E-08  1.41E-07  3.41E-13  0.00
  203 1.0150E+06    2   508     182   1.0  3.50E-08  1.40E-07  1.26E-13  0.00
  204 1.0200E+06    2   511     182   1.0  3.50E-08  1.40E-07  2.02E-12  0.00
  205 1.0250E+06    2   513     182   1.0  3.50E-08  1.40E-07  3.94E-13  0.00
  206 1.0300E+06    2   516     182   1.0  3.50E-08  1.40E-07  8.87E-14  0.00
  207 1.0350E+06    2   518     182   1.0  3.50E-08  1.40E-07  2.70E-13  0.00
  208 1.0400E+06    2   521     182   1.0  3.49E-08  1.40E-07  6.06E-14  0.00
  209 1.0450E+06    2   523     182   1.0  3.49E-08  1.40E-07  2.48E-13  0.00
  210 1.0500E+06    2   526     182   1.0  3.49E-08  1.40E-07  1.32E-11  0.00
  211 1.0550E+06    2   528     182   1.0  3.49E-08  1.40E-07  8.63E-14  0.00
  212 1.0600E+06    2   531     182   1.0  3.48E-08  1.40E-07  2.15E-13  0.00
  213 1.0650E+06    2   533     182   1.0  3.48E-08  1.40E-07  4.16E-14  0.00
  214 1.0700E+06    2   536     182   1.0  3.48E-08  1.39E-07  1.95E-13  0.00
  215 1.0750E+06    2   538     182   1.0  3.48E-08  1.39E-07  2.69E-13  0.00
  216 1.0800E+06    2   541     182   1.0  3.47E-08  1.39E-07  9.65E-13  0.00
  217 1.0850E+06    2   543     182   1.0  3.47E-08  1.39E-07  1.03E-10  0.00
  218 1.0900E+06    2   546     182   1.0  3.47E-08  1.39E-07  1.35E-13  0.00
  219 1.0950E+06    2   548     182   1.0  3.47E-08  1.39E-07  5.20E-12  0.00
  220 1.1000E+06    2   551     182   1.0  3.47E-08  1.39E-07  1.04E-15  0.00
  221 1.1050E+06    2   553     182   1.0  3.46E-08  1.39E-07  1.12E-12  0.00
  222 1.1100E+06    2   556     182   1.0  3.46E-08  1.39E-07  3.33E-13  0.00
  223 1.1150E+06    2   558     182   1.0  3.46E-08  1.39E-07  2.74E-13  0.00
  224 1.1200E+06    2   561     182   1.0  3.46E-08  1.39E-07  4.22E-13  0.00
  225 1.1250E+06    2   563     182   1.0  3.45E-08  1.38E-07  1.54E-14  0.00
  226 1.1300E+06    2   566     182   1.0  3.46E-08  1.38E-07  2.53E-13  0.00
  227 1.1350E+06    2   568     182   1.0  3.45E-08  1.38E-07  7.44E-13  0.00
  228 1.1400E+06    2   571     182   1.0  4.16E-08  1.71E-07  1.29E-12  0.00
  229 1.1450E+06    2   573     182   1.0  4.64E-08  1.95E-07  1.53E-10  0.00
  230 1.1500E+06    2   576     182   1.0  4.64E-08  1.95E-07  7.93E-14  0.00
  231 1.1550E+06    2   578     182   1.0  4.64E-08  1.95E-07  4.66E-13  0.00
  232 1.1600E+06    2   581     182   1.0  4.64E-08  1.95E-07  4.81E-13  0.00
  233 1.1650E+06    2   583     182   1.0  4.63E-08  1.95E-07  3.18E-12  0.00
  234 1.1700E+06    2   586     182   1.0  4.63E-08  1.95E-07  5.57E-14  0.00
  235 1.1750E+06    2   588     182   1.0  4.63E-08  1.94E-07  1.21E-12  0.00
  236 1.1800E+06    2   591     182   1.0  4.63E-08  1.94E-07  7.26E-13  0.00
  237 1.1850E+06    2   593     182   1.0  4.62E-08  1.94E-07  2.27E-13  0.00
  238 1.1900E+06    2   596     182   1.0  4.62E-08  1.94E-07  2.32E-13  0.00
  239 1.1950E+06    2   598     182   1.0  4.62E-08  1.94E-07  9.51E-14  0.00
  240 1.2000E+06    2   601     182   1.0  4.61E-08  1.94E-07  9.45E-13  0.00
  241 1.2050E+06    2   603     182   1.0  4.61E-08  1.94E-07  3.68E-13  0.00
  242 1.2100E+06    2   606     182   1.0  4.61E-08  1.94E-07  2.45E-13  0.00
  243 1.2150E+06    2   608     182   1.0  4.61E-08  1.94E-07  3.84E-14  0.00
  244 1.2200E+06    2   611     182   1.0  4.73E-08  2.13E-07  2.10E-13  0.00
  245 1.2250E+06    2   613     182   1.0  4.76E-08  2.23E-07  9.57E-13  0.00
  246 1.2300E+06    2   616     182   1.0  4.75E-08  2.23E-07  7.59E-15  0.00
  247 1.2350E+06    2   618     182   1.0  4.75E-08  2.23E-07  1.88E-13  0.00
  248 1.2400E+06    2   621     182   1.0  4.75E-08  2.23E-07  3.47E-13  0.00
  249 1.2450E+06    2   623     182   1.0  4.74E-08  2.23E-07  3.65E-13  0.00
  250 1.2500E+06    2   626     182   1.0  4.74E-08  2.22E-07  1.61E-13  0.00
  251 1.2550E+06    2   628     182   1.0  4.74E-08  2.22E-07  4.17E-13  0.00
  252 1.2600E+06    2   631     182   1.0  4.74E-08  2.22E-07  1.72E-14  0.00
  253 1.2650E+06    2   633     182   1.0  4.73E-08  2.22E-07  2.28E-13  0.00
  254 1.2700E+06    2   636     182   1.0  4.74E-08  2.21E-07  2.86E-14  0.00
  255 1.2750E+06    2   638     182   1.0  4.75E-08  2.16E-07  4.05E-12  0.00
  256 1.2800E+06    2   641     182   1.0  4.75E-08  2.16E-07  5.32E-13  0.00
  257 1.2850E+06    2   643     182   1.0  4.74E-08  2.16E-07  1.22E-13  0.00
  258 1.2900E+06    2   646     182   1.0  4.74E-08  2.15E-07  2.03E-11  0.00
  259 1.2950E+06    2   648     182   1.0  4.74E-08  2.15E-07  3.42E-14  0.00
  260 1.3000E+06    2   651     182   1.0  4.74E-08  2.15E-07  1.41E-13  0.00
  261 1.3050E+06    2   653     182   1.0  4.73E-08  2.15E-07  1.23E-12  0.00
  262 1.3100E+06    2   656     182   1.0  4.73E-08  2.15E-07  1.02E-12  0.00
  263 1.3150E+06    2   658     182   1.0  4.73E-08  2.15E-07  1.09E-13  0.00
  264 1.3200E+06    2   661     182   1.0  4.73E-08  2.15E-07  2.83E-13  0.00
  265 1.3250E+06    2   663     182   1.0  4.72E-08  2.15E-07  1.99E-13  0.00
  266 1.3300E+06    2   666     182   1.0  4.72E-08  2.14E-07  1.40E-13  0.00
  267 1.3350E+06    2   668     183   1.0  4.72E-08  2.14E-07  2.92E-13  0.00
  268 1.3400E+06    2   671     183   1.0  4.71E-08  2.14E-07  2.36E-13  0.00
  269 1.3450E+06    2   673     183   1.0  4.71E-08  2.14E-07  2.80E-13  0.00
  270 1.3500E+06    2   676     183   1.0  4.71E-08  2.14E-07  4.68E-12  0.00
  271 1.3550E+06    2   678     183   1.0  4.71E-08  2.14E-07  1.87E-13  0.00
  272 1.3600E+06    2   681     183   1.0  4.70E-08  2.14E-07  1.57E-12  0.00
  273 1.3650E+06    2   683     183   1.0  4.70E-08  2.14E-07  1.78E-14  0.00
  274 1.3700E+06    2   686     183   1.0  4.70E-08  2.13E-07  1.75E-13  0.00
  275 1.3750E+06    2   688     183   1.0  4.70E-08  2.13E-07  2.09E-13  0.00
  276 1.3800E+06    2   691     183   1.0  4.69E-08  2.13E-07  3.49E-14  0.00
  277 1.3850E+06    2   693     183   1.0  4.69E-08  2.13E-07  8.42E-14  0.00
  278 1.3900E+06    2   696     183   1.0  4.69E-08  2.13E-07  8.72E-13  0.00
  279 1.3950E+06    2   698     183   1.0  4.69E-08  2.13E-07  2.57E-13  0.00
  280 1.4000E+06    2   701     183   1.0  4.68E-08  2.13E-07  5.40E-13  0.00
  281 1.4050E+06    2   703     183   1.0  4.68E-08  2.13E-07  4.75E-14  0.00
  282 1.4100E+06    2   706     183   1.0  4.68E-08  2.13E-07  1.82E-12  0.00
  283 1.4150E+06    2   708     183   1.0  4.68E-08  2.12E-07  4.81E-13  0.00
  284 1.4200E+06    2   711     183   1.0  4.67E-08  2.12E-07  3.92E-13  0.00
  285 1.4250E+06    2   713     183   1.0  4.67E-08  2.12E-07  4.06E-13  0.00
  286 1.4300E+06    2   716     183   1.0  4.67E-08  2.12E-07  1.24E-12  0.00
  287 1.4350E+06    2   718     183   1.0  4.67E-08  2.12E-07  3.62E-13  0.00
  288 1.4400E+06    2   721     183   1.0  4.66E-08  2.12E-07  1.14E-11  0.00
  289 1.4450E+06    2   723     183   1.0  4.66E-08  2.12E-07  1.79E-13  0.00
  290 1.4500E+06    2   726     183   1.0  4.66E-08  2.12E-07  3.65E-13  0.00
  291 1.4550E+06    2   728     183   1.0  4.65E-08  2.11E-07  3.26E-14  0.00
  292 1.4600E+06    2   731     183   1.0  4.65E-08  2.11E-07  8.95E-13  0.00
  293 1.4650E+06    2   733     183   1.0  4.65E-08  2.11E-07  2.35E-12  0.00
  294 1.4700E+06    2   736     183   1.0  4.65E-08  2.11E-07  7.75E-11  0.00
  295 1.4750E+06    2   738     183   1.0  4.64E-08  2.11E-07  4.75E-13  0.00
  296 1.4800E+06    2   741     183   1.0  4.64E-08  2.11E-07  3.58E-13  0.00
  297 1.4850E+06    2   743     183   1.0  4.64E-08  2.11E-07  8.37E-12  0.00
  298 1.4900E+06    2   746     183   1.0  4.64E-08  2.11E-07  1.24E-13  0.00
  299 1.4950E+06    2   748     183   1.0  4.63E-08  2.11E-07  5.84E-12  0.00
  300 1.5000E+06    2   751     183   1.0  4.63E-08  2.10E-07  3.91E-13  0.00
  301 1.5050E+06    2   753     183   1.0  4.63E-08  2.10E-07  3.10E-13  0.00
  302 1.5100E+06    2   756     183   1.0  4.63E-08  2.10E-07  3.58E-13  0.00
  303 1.5150E+06    2   758     183   1.0  4.62E-08  2.10E-07  1.02E-13  0.00
  304 1.5200E+06    2   761     183   1.0  4.62E-08  2.10E-07  2.38E-13  0.00
  305 1.5250E+06    2   763     183   1.0  4.62E-08  2.10E-07  1.68E-13  0.00
  306 1.5300E+06    2   766     183   1.0  4.62E-08  2.10E-07  1.02E-13  0.00
  307 1.5350E+06    2   768     183   1.0  4.89E-08  2.33E-07  1.63E-13  0.00
  308 1.5400E+06    2   771     183   1.0  4.95E-08  2.39E-07  4.51E-11  0.00
  309 1.5450E+06    2   773     183   1.0  4.95E-08  2.38E-07  9.45E-14  0.00
  310 1.5500E+06    2   776     183   1.0  4.95E-08  2.38E-07  1.41E-13  0.00
  311 1.5550E+06    2   778     183   1.0  4.94E-08  2.38E-07  9.11E-13  0.00
  312 1.5600E+06    2   781     183   1.0  4.94E-08  2.38E-07  6.58E-14  0.00
  313 1.5650E+06    2   783     183   1.0  4.94E-08  2.38E-07  4.95E-13  0.00
  314 1.5700E+06    2   786     183   1.0  4.94E-08  2.38E-07  1.90E-13  0.00
  315 1.5750E+06    2   788     183   1.0  4.93E-08  2.38E-07  2.35E-10  0.00
  316 1.5800E+06    2   791     183   1.0  4.93E-08  2.38E-07  2.07E-13  0.00
  317 1.5850E+06    2   793     183   1.0  4.93E-08  2.37E-07  3.44E-13  0.00
  318 1.5900E+06    2   796     183   1.0  4.92E-08  2.37E-07  3.59E-13  0.00
  319 1.5950E+06    2   798     183   1.0  4.92E-08  2.37E-07  5.63E-12  0.00
  320 1.6000E+06    2   801     183   1.0  4.92E-08  2.37E-07  5.22E-13  0.00
  321 1.6050E+06    2   803     183   1.0  4.92E-08  2.37E-07  3.04E-13  0.00
  322 1.6100E+06    2   806     183   1.0  4.91E-08  2.37E-07  1.44E-13  0.00
  323 1.6150E+06    2   808     183   1.0  4.91E-08  2.37E-07  1.35E-09  0.00
  324 1.6200E+06    2   811     183   1.0  4.91E-08  2.35E-07  6.75E-13  0.00
  325 1.6250E+06    2   813     183   1.0  4.89E-08  2.34E-07  5.06E-13  0.00
  326 1.6300E+06    2   816     183   1.0  4.89E-08  2.34E-07  3.14E-13  0.00
  327 1.6350E+06    2   818     183   1.0  4.89E-08  2.33E-07  2.54E-13  0.00
  328 1.6400E+06    2   821     183   1.0  4.89E-08  2.33E-07  8.64E-14  0.00
  329 1.6450E+06    2   823     183   1.0  4.88E-08  2.33E-07  1.21E-13  0.00
  330 1.6500E+06    2   826     183   1.0  4.88E-08  2.33E-07  1.26E-12  0.00
  331 1.6550E+06    2   828     183   1.0  4.88E-08  2.33E-07  1.75E-12  0.00
  332 1.6600E+06    2   831     183   1.0  4.87E-08  2.33E-07  2.51E-11  0.00
  333 1.6650E+06    2   833     183   1.0  4.87E-08  2.33E-07  4.03E-11  0.00
  334 1.6700E+06    2   836     183   1.0  4.87E-08  2.32E-07  6.39E-12  0.00
  335 1.6750E+06    2   838     183   1.0  4.87E-08  2.32E-07  1.73E-13  0.00
  336 1.6800E+06    2   841     183   1.0  4.86E-08  2.32E-07  2.49E-14  0.00
  337 1.6850E+06    2   843     183   1.0  4.86E-08  2.32E-07  2.60E-13  0.00
  338 1.6900E+06    2   846     183   1.0  4.86E-08  2.32E-07  3.58E-13  0.00
  339 1.6950E+06    2   848     183   1.0  4.86E-08  2.32E-07  1.84E-13  0.00
  340 1.7000E+06    2   851     183   1.0  4.85E-08  2.32E-07  3.50E-14  0.00
  341 1.7050E+06    2   853     183   1.0  4.85E-08  2.32E-07  3.88E-13  0.00
  342 1.7100E+06    2   856     183   1.0  4.85E-08  2.31E-07  8.33E-14  0.00
  343 1.7150E+06    2   858     183   1.0  4.85E-08  2.31E-07  5.17E-13  0.00
  344 1.7200E+06    2   861     183   1.0  4.84E-08  2.31E-07  1.45E-12  0.00
  345 1.7250E+06    2   863     183   1.0  4.84E-08  2.31E-07  4.19E-13  0.00
  346 1.7300E+06    2   866     183   1.0  4.84E-08  2.31E-07  1.09E-13  0.00
  347 1.7350E+06    2   868     183   1.0  4.83E-08  2.31E-07  1.54E-12  0.00
  348 1.7400E+06    2   871     183   1.0  4.83E-08  2.31E-07  7.13E-14  0.00
  349 1.7450E+06    2   873     183   1.0  4.83E-08  2.31E-07  1.93E-14  0.00
  350 1.7500E+06    2   876     183   1.0  4.83E-08  2.30E-07  1.46E-11  0.00
  351 1.7550E+06    2   878     183   1.0  4.82E-08  2.30E-07  3.83E-14  0.00
  352 1.7600E+06    2   881     183   1.0  4.82E-08  2.30E-07  4.46E-14  0.00
  353 1.7650E+06    2   883     183   1.0  4.82E-08  2.30E-07  5.27E-13  0.00
  354 1.7700E+06    2   886     183   1.0  4.82E-08  2.30E-07  1.24E-12  0.00
  355 1.7750E+06    2   888     183   1.0  4.79E-08  2.30E-07  2.04E-12  0.00
  356 1.7800E+06    2   891     183   1.0  4.63E-08  2.26E-07  1.06E-12  0.00
  357 1.7850E+06    2   893     183   1.0  4.63E-08  2.26E-07  1.88E-12  0.00
  358 1.7900E+06    2   896     183   1.0  4.62E-08  2.26E-07  5.68E-13  0.00
  359 1.7950E+06    2   898     183   1.0  4.62E-08  2.26E-07  1.33E-13  0.00
  360 1.8000E+06    2   901     183   1.0  4.62E-08  2.26E-07  3.87E-14  0.00
  361 1.8050E+06    2   903     183   1.0  4.62E-08  2.25E-07  9.52E-13  0.00
  362 1.8100E+06    2   906     183   1.0  4.61E-08  2.25E-07  9.35E-13  0.00
  363 1.8150E+06    2   908     183   1.0  4.61E-08  2.25E-07  2.42E-13  0.00
  364 1.8200E+06    2   911     183   1.0  4.61E-08  2.25E-07  1.38E-14  0.00
  365 1.8250E+06    2   913     183   1.0  4.61E-08  2.25E-07  7.36E-14  0.00
  366 1.8300E+06    2   916     183   1.0  4.61E-08  2.25E-07  5.68E-13  0.00
  367 1.8350E+06    2   918     183   1.0  4.60E-08  2.25E-07  5.25E-13  0.00
  368 1.8400E+06    2   921     183   1.0  4.60E-08  2.25E-07  9.26E-14  0.00
  369 1.8450E+06    2   923     183   1.0  4.60E-08  2.24E-07  2.50E-14  0.00
  370 1.8500E+06    2   926     183   1.0  4.59E-08  2.24E-07  9.98E-14  0.00
  371 1.8550E+06    2   928     183   1.0  4.59E-08  2.24E-07  1.44E-13  0.00
  372 1.8600E+06    2   931     183   1.0  4.59E-08  2.24E-07  2.83E-12  0.00
  373 1.8650E+06    2   933     183   1.0  4.59E-08  2.24E-07  4.03E-12  0.00
  374 1.8700E+06    2   936     183   1.0  4.58E-08  2.24E-07  8.94E-13  0.00
  375 1.8750E+06    2   938     183   1.0  4.58E-08  2.24E-07  1.15E-12  0.00
  376 1.8800E+06    2   941     183   1.0  4.58E-08  2.24E-07  7.70E-13  0.00
  377 1.8850E+06    2   943     183   1.0  4.58E-08  2.24E-07  5.52E-13  0.00
  378 1.8900E+06    2   946     183   1.0  4.57E-08  2.23E-07  8.33E-13  0.00
  379 1.8950E+06    2   948     183   1.0  4.57E-08  2.23E-07  5.51E-13  0.00
  380 1.9000E+06    2   951     183   1.0  4.57E-08  2.23E-07  1.38E-13  0.00
  381 1.9050E+06    2   953     183   1.0  4.57E-08  2.23E-07  2.10E-13  0.00
  382 1.9100E+06    2   956     183   1.0  4.56E-08  2.23E-07  3.22E-13  0.00
  383 1.9150E+06    2   958     183   1.0  4.56E-08  2.23E-07  5.15E-14  0.00
  384 1.9200E+06    2   961     183   1.0  4.56E-08  2.23E-07  3.60E-12  0.00
  385 1.9250E+06    2   963     183   1.0  4.56E-08  2.23E-07  9.47E-15  0.00
  386 1.9300E+06    2   966     183   1.0  4.55E-08  2.22E-07  4.30E-13  0.00
  387 1.9350E+06    2   968     183   1.0  4.55E-08  2.22E-07  6.25E-14  0.00
  388 1.9400E+06    2   971     183   1.0  4.55E-08  2.22E-07  3.59E-13  0.00
  389 1.9450E+06    2   973     183   1.0  4.55E-08  2.22E-07  1.08E-13  0.00
  390 1.9500E+06    2   976     183   1.0  4.54E-08  2.22E-07  4.05E-13  0.00
  391 1.9550E+06    2   978     183   1.0  4.54E-08  2.22E-07  6.36E-13  0.00
  392 1.9600E+06    2   981     184   1.0  4.54E-08  2.22E-07  7.73E-13  0.00
  393 1.9650E+06    2   983     184   1.0  4.54E-08  2.22E-07  5.62E-13  0.00
  394 1.9700E+06    2   986     184   1.0  4.53E-08  2.21E-07  2.39E-13  0.00
  395 1.9750E+06    2   988     184   1.0  4.80E-08  2.29E-07  1.96E-12  0.00
  396 1.9800E+06    2   991     184   1.0  4.96E-08  2.33E-07  9.14E-13  0.00
  397 1.9850E+06    2   993     184   1.0  4.96E-08  2.33E-07  1.28E-12  0.00
  398 1.9900E+06    2   996     184   1.0  4.96E-08  2.33E-07  1.84E-13  0.00
  399 1.9950E+06    2   998     184   1.0  4.95E-08  2.32E-07  9.24E-14  0.00
  400 2.0000E+06    2  1001     184   1.0  4.95E-08  2.32E-07  1.47E-13  0.00
  401 2.0050E+06    2  1003     184   1.0  4.95E-08  2.32E-07  1.58E-13  0.00
  402 2.0100E+06    2  1006     184   1.0  4.94E-08  2.32E-07  8.43E-14  0.00
  403 2.0150E+06    2  1008     184   1.0  4.94E-08  2.32E-07  1.92E-13  0.00
  404 2.0200E+06    2  1011     184   1.0  4.94E-08  2.32E-07  1.63E-13  0.00
  405 2.0250E+06    2  1013     184   1.0  4.93E-08  2.32E-07  5.80E-13  0.00
  406 2.0300E+06    2  1016     184   1.0  4.93E-08  2.32E-07  8.22E-14  0.00
  407 2.0350E+06    2  1018     184   1.0  4.93E-08  2.31E-07  3.60E-13  0.00
  408 2.0400E+06    2  1021     184   1.0  4.93E-08  2.31E-07  1.36E-13  0.00
  409 2.0450E+06    2  1023     184   1.0  4.92E-08  2.31E-07  3.40E-13  0.00
  410 2.0500E+06    2  1026     184   1.0  4.92E-08  2.31E-07  2.00E-15  0.00
  411 2.0550E+06    2  1028     184   1.0  4.92E-08  2.31E-07  3.21E-13  0.00
  412 2.0600E+06    2  1031     184   1.0  4.92E-08  2.31E-07  8.30E-14  0.00
  413 2.0650E+06    2  1033     184   1.0  4.91E-08  2.31E-07  6.68E-13  0.00
  414 2.0700E+06    2  1036     184   1.0  4.91E-08  2.31E-07  5.01E-13  0.00
  415 2.0750E+06    2  1038     184   1.0  4.91E-08  2.30E-07  8.25E-13  0.00
  416 2.0800E+06    2  1041     184   1.0  4.90E-08  2.31E-07  8.04E-12  0.00
  417 2.0850E+06    2  1043     184   1.0  4.86E-08  2.34E-07  9.74E-13  0.00
  418 2.0900E+06    2  1046     184   1.0  4.86E-08  2.34E-07  2.63E-13  0.00
  419 2.0950E+06    2  1048     184   1.0  4.86E-08  2.34E-07  1.59E-12  0.00
  420 2.1000E+06    2  1051     184   1.0  4.85E-08  2.34E-07  5.36E-12  0.00
  421 2.1050E+06    2  1053     184   1.0  4.85E-08  2.34E-07  4.57E-11  0.00
  422 2.1100E+06    2  1056     184   1.0  4.85E-08  2.34E-07  7.00E-11  0.00
  423 2.1150E+06    2  1058     184   1.0  4.85E-08  2.34E-07  4.16E-13  0.00
  424 2.1200E+06    2  1061     184   1.0  4.84E-08  2.33E-07  4.80E-13  0.00
  425 2.1250E+06    2  1063     184   1.0  4.84E-08  2.33E-07  8.08E-13  0.00
  426 2.1300E+06    2  1066     184   1.0  4.84E-08  2.33E-07  2.89E-13  0.00
  427 2.1350E+06    2  1068     184   1.0  4.84E-08  2.33E-07  1.77E-13  0.00
  428 2.1400E+06    2  1071     184   1.0  4.83E-08  2.33E-07  3.99E-12  0.00
  429 2.1450E+06    2  1073     184   1.0  4.83E-08  2.33E-07  6.57E-12  0.00
  430 2.1500E+06    2  1076     184   1.0  4.83E-08  2.33E-07  1.91E-13  0.00
  431 2.1550E+06    2  1078     184   1.0  4.83E-08  2.33E-07  3.23E-13  0.00
  432 2.1600E+06    2  1081     184   1.0  4.82E-08  2.32E-07  1.98E-13  0.00
  433 2.1650E+06    2  1083     184   1.0  4.82E-08  2.32E-07  1.99E-13  0.00
  434 2.1700E+06    2  1086     184   1.0  4.82E-08  2.32E-07  3.41E-12  0.00
  435 2.1750E+06    2  1088     184   1.0  4.82E-08  2.32E-07  5.41E-13  0.00
  436 2.1800E+06    2  1091     184   1.0  4.81E-08  2.32E-07  6.24E-14  0.00
  437 2.1850E+06    2  1093     184   1.0  4.82E-08  2.32E-07  4.56E-13  0.00
  438 2.1900E+06    2  1096     184   1.0  4.81E-08  2.32E-07  1.31E-13  0.00
  439 2.1950E+06    2  1098     184   1.0  4.81E-08  2.32E-07  4.39E-14  0.00
  440 2.2000E+06    2  1101     184   1.0  4.80E-08  2.32E-07  1.28E-12  0.00
  441 2.2050E+06    2  1103     184   1.0  4.80E-08  2.31E-07  2.94E-13  0.00
  442 2.2100E+06    2  1106     184   1.0  4.80E-08  2.31E-07  9.32E-14  0.00
  443 2.2150E+06    2  1108     184   1.0  4.80E-08  2.31E-07  1.91E-14  0.00
  444 2.2200E+06    2  1111     184   1.0  4.79E-08  2.31E-07  3.96E-13  0.00
  445 2.2250E+06    2  1113     184   1.0  4.79E-08  2.31E-07  5.96E-13  0.00
  446 2.2300E+06    2  1116     184   1.0  4.79E-08  2.31E-07  1.16E-12  0.00
  447 2.2350E+06    2  1118     184   1.0  4.79E-08  2.31E-07  3.51E-13  0.00
  448 2.2400E+06    2  1121     184   1.0  4.78E-08  2.31E-07  6.01E-13  0.00
  449 2.2450E+06    2  1123     184   1.0  4.78E-08  2.30E-07  7.98E-13  0.00
  450 2.2500E+06    2  1126     184   1.0  4.78E-08  2.30E-07  6.68E-13  0.00
  451 2.2550E+06    2  1128     184   1.0  4.78E-08  2.30E-07  1.34E-11  0.00
  452 2.2600E+06    2  1131     184   1.0  4.77E-08  2.30E-07  9.39E-13  0.00
  453 2.2650E+06    2  1133     184   1.0  4.77E-08  2.30E-07  1.54E-13  0.00
  454 2.2700E+06    2  1136     184   1.0  4.70E-08  2.26E-07  7.00E-13  0.00
  455 2.2750E+06    2  1138     184   1.0  4.60E-08  2.23E-07  3.92E-14  0.00
  456 2.2800E+06    2  1141     184   1.0  4.59E-08  2.22E-07  2.01E-12  0.00
  457 2.2850E+06    2  1143     184   1.0  4.59E-08  2.22E-07  8.77E-14  0.00
  458 2.2900E+06    2  1146     184   1.0  4.59E-08  2.22E-07  1.23E-12  0.00
  459 2.2950E+06    2  1148     184   1.0  4.59E-08  2.22E-07  7.05E-13  0.00
  460 2.3000E+06    2  1151     184   1.0  4.58E-08  2.22E-07  2.87E-13  0.00
  461 2.3050E+06    2  1153     184   1.0  4.58E-08  2.22E-07  5.07E-13  0.00
  462 2.3100E+06    2  1156     184   1.0  4.58E-08  2.22E-07  3.61E-13  0.00
  463 2.3150E+06    2  1158     184   1.0  4.58E-08  2.22E-07  1.00E-12  0.00
  464 2.3200E+06    2  1161     184   1.0  4.57E-08  2.21E-07  2.68E-13  0.00
  465 2.3250E+06    2  1163     184   1.0  4.57E-08  2.21E-07  1.65E-13  0.00
  466 2.3300E+06    2  1166     184   1.0  4.57E-08  2.21E-07  6.77E-15  0.00
  467 2.3350E+06    2  1168     184   1.0  4.57E-08  2.21E-07  3.70E-11  0.00
  468 2.3400E+06    2  1171     184   1.0  4.56E-08  2.21E-07  8.56E-13  0.00
  469 2.3450E+06    2  1173     184   1.0  4.56E-08  2.21E-07  1.41E-13  0.00
  470 2.3500E+06    2  1176     184   1.0  4.56E-08  2.21E-07  1.17E-13  0.00
  471 2.3550E+06    2  1178     184   1.0  4.56E-08  2.21E-07  1.70E-13  0.00
  472 2.3600E+06    2  1181     184   1.0  4.55E-08  2.21E-07  8.68E-14  0.00
  473 2.3650E+06    2  1183     184   1.0  4.55E-08  2.20E-07  4.37E-13  0.00
  474 2.3700E+06    2  1186     184   1.0  4.55E-08  2.20E-07  3.55E-13  0.00
  475 2.3750E+06    2  1188     184   1.0  4.55E-08  2.20E-07  1.23E-12  0.00
  476 2.3800E+06    2  1191     184   1.0  4.54E-08  2.20E-07  1.65E-12  0.00
  477 2.3850E+06    2  1193     184   1.0  4.54E-08  2.20E-07  3.86E-13  0.00
  478 2.3900E+06    2  1196     184   1.0  4.54E-08  2.20E-07  3.24E-12  0.00
  479 2.3950E+06    2  1198     184   1.0  4.54E-08  2.20E-07  3.90E-13  0.00
  480 2.4000E+06    2  1201     184   1.0  4.54E-08  2.20E-07  9.14E-14  0.00
  481 2.4050E+06    2  1203     184   1.0  4.53E-08  2.19E-07  3.81E-14  0.00
  482 2.4100E+06    2  1206     184   1.0  4.53E-08  2.19E-07  3.24E-13  0.00
  483 2.4150E+06    2  1208     184   1.0  4.55E-08  2.20E-07  1.58E-12  0.00
  484 2.4200E+06    2  1211     184   1.0  4.59E-08  2.19E-07  1.57E-12  0.00
  485 2.4250E+06    2  1213     184   1.0  4.58E-08  2.19E-07  4.84E-13  0.00
  486 2.4300E+06    2  1216     184   1.0  4.58E-08  2.19E-07  2.66E-13  0.00
  487 2.4350E+06    2  1218     184   1.0  4.58E-08  2.19E-07  9.04E-14  0.00
  488 2.4400E+06    2  1221     184   1.0  4.58E-08  2.19E-07  4.35E-12  0.00
  489 2.4450E+06    2  1223     184   1.0  4.58E-08  2.19E-07  3.30E-13  0.00
  490 2.4500E+06    2  1226     184   1.0  4.57E-08  2.18E-07  5.42E-13  0.00
  491 2.4550E+06    2  1228     184   1.0  4.57E-08  2.18E-07  5.85E-14  0.00
  492 2.4600E+06    2  1231     184   1.0  4.57E-08  2.18E-07  3.47E-15  0.00
  493 2.4650E+06    2  1233     184   1.0  4.56E-08  2.18E-07  6.78E-13  0.00
  494 2.4700E+06    2  1236     184   1.0  4.56E-08  2.18E-07  6.51E-13  0.00
  495 2.4750E+06    2  1238     184   1.0  4.56E-08  2.18E-07  2.83E-13  0.00
  496 2.4800E+06    2  1241     184   1.0  4.56E-08  2.18E-07  1.50E-12  0.00
  497 2.4850E+06    2  1243     184   1.0  4.56E-08  2.18E-07  8.01E-14  0.00
  498 2.4900E+06    2  1246     184   1.0  4.55E-08  2.18E-07  4.19E-14  0.00
  499 2.4950E+06    2  1248     184   1.0  4.55E-08  2.17E-07  4.29E-13  0.00
  500 2.5000E+06    2  1251     184   1.0  4.55E-08  2.17E-07  1.12E-13  0.00
  501 2.5050E+06    2  1253     184   1.0  4.55E-08  2.17E-07  1.25E-13  0.00
  502 2.5100E+06    2  1256     184   1.0  4.54E-08  2.17E-07  1.50E-12  0.00
  503 2.5150E+06    2  1258     184   1.0  4.54E-08  2.17E-07  5.60E-14  0.00
  504 2.5200E+06    2  1261     184   1.0  4.54E-08  2.17E-07  2.13E-13  0.00
  505 2.5250E+06    2  1263     184   1.0  4.54E-08  2.17E-07  4.94E-11  0.00
  506 2.5300E+06    2  1266     184   1.0  4.53E-08  2.17E-07  5.00E-12  0.00
  507 2.5350E+06    2  1268     184   1.0  4.53E-08  2.17E-07  2.34E-12  0.00
  508 2.5400E+06    2  1271     184   1.0  4.53E-08  2.16E-07  1.20E-12  0.00
  509 2.5450E+06    2  1273     184   1.0  4.53E-08  2.16E-07  8.18E-14  0.00
  510 2.5500E+06    2  1276     184   1.0  4.52E-08  2.16E-07  2.18E-12  0.00
  511 2.5550E+06    2  1278     184   1.0  4.52E-08  2.16E-07  1.40E-13  0.00
  512 2.5600E+06    2  1281     184   1.0  4.52E-08  2.16E-07  2.67E-13  0.00
  513 2.5650E+06    2  1283     184   1.0  4.52E-08  2.16E-07  1.88E-12  0.00
  514 2.5700E+06    2  1286     184   1.0  4.51E-08  2.16E-07  7.71E-13  0.00
  515 2.5750E+06    2  1288     184   1.0  4.51E-08  2.16E-07  2.30E-13  0.00
  516 2.5800E+06    2  1291     184   1.0  4.51E-08  2.16E-07  1.25E-12  0.00
  517 2.5850E+06    2  1293     184   1.0  4.51E-08  2.15E-07  6.53E-14  0.00
  518 2.5900E+06    2  1296     184   1.0  4.51E-08  2.15E-07  3.29E-13  0.00
  519 2.5950E+06    2  1298     184   1.0  4.50E-08  2.15E-07  1.53E-13  0.00
  520 2.6000E+06    2  1301     184   1.0  4.50E-08  2.15E-07  4.87E-12  0.00
  521 2.6050E+06    2  1303     184   1.0  4.50E-08  2.15E-07  4.27E-13  0.00
  522 2.6100E+06    2  1306     184   1.0  4.50E-08  2.15E-07  8.40E-14  0.00
  523 2.6150E+06    2  1308     184   1.0  4.49E-08  2.15E-07  1.93E-13  0.00
  524 2.6200E+06    2  1311     184   1.0  4.49E-08  2.15E-07  1.36E-12  0.00
  525 2.6250E+06    2  1313     184   1.0  4.49E-08  2.15E-07  1.56E-13  0.00
  526 2.6300E+06    2  1316     184   1.0  4.49E-08  2.14E-07  8.23E-13  0.00
  527 2.6350E+06    2  1318     184   1.0  4.48E-08  2.14E-07  2.51E-13  0.00
  528 2.6400E+06    2  1321     184   1.0  4.48E-08  2.14E-07  2.25E-12  0.00
  529 2.6450E+06    2  1323     184   1.0  4.48E-08  2.14E-07  4.44E-13  0.00
  530 2.6500E+06    2  1326     184   1.0  4.48E-08  2.14E-07  8.90E-10  0.00
  531 2.6550E+06    2  1328     184   1.0  4.48E-08  2.14E-07  2.33E-12  0.00
  532 2.6600E+06    2  1331     184   1.0  4.47E-08  2.14E-07  1.57E-13  0.00
  533 2.6650E+06    2  1333     184   1.0  4.47E-08  2.14E-07  1.94E-13  0.00
  534 2.6700E+06    2  1336     184   1.0  4.47E-08  2.14E-07  6.84E-13  0.00
  535 2.6750E+06    2  1338     184   1.0  4.47E-08  2.13E-07  8.36E-13  0.00
  536 2.6800E+06    2  1341     184   1.0  4.46E-08  2.13E-07  6.53E-13  0.00
  537 2.6850E+06    2  1343     184   1.0  4.46E-08  2.13E-07  3.29E-13  0.00
  538 2.6900E+06    2  1346     184   1.0  4.46E-08  2.13E-07  2.36E-13  0.00
  539 2.6950E+06    2  1348     184   1.0  4.46E-08  2.13E-07  2.37E-13  0.00
  540 2.7000E+06    2  1351     184   1.0  4.45E-08  2.13E-07  1.44E-12  0.00
  541 2.7050E+06    2  1353     184   1.0  4.45E-08  2.13E-07  1.30E-11  0.00
  542 2.7100E+06    2  1356     184   1.0  4.45E-08  2.13E-07  1.16E-11  0.00
  543 2.7150E+06    2  1358     184   1.0  4.45E-08  2.13E-07  3.17E-13  0.00
  544 2.7200E+06    2  1361     184   1.0  4.45E-08  2.12E-07  1.09E-12  0.00
  545 2.7250E+06    2  1363     184   1.0  4.44E-08  2.12E-07  2.18E-13  0.00
  546 2.7300E+06    2  1366     184   1.0  4.44E-08  2.12E-07  6.00E-14  0.00
  547 2.7350E+06    2  1368     184   1.0  4.44E-08  2.12E-07  3.73E-13  0.00
  548 2.7400E+06    2  1371     184   1.0  4.44E-08  2.12E-07  3.09E-11  0.00
  549 2.7450E+06    2  1373     184   1.0  4.43E-08  2.12E-07  5.93E-13  0.00
  550 2.7500E+06    2  1376     184   1.0  4.43E-08  2.12E-07  5.10E-11  0.00
  551 2.7550E+06    2  1378     184   1.0  4.43E-08  2.12E-07  1.09E-14  0.00
  552 2.7600E+06    2  1381     184   1.0  4.43E-08  2.12E-07  1.52E-13  0.00
  553 2.7650E+06    2  1383     184   1.0  4.42E-08  2.11E-07  3.47E-13  0.00
  554 2.7700E+06    2  1386     184   1.0  4.42E-08  2.11E-07  3.96E-13  0.00
  555 2.7750E+06    2  1388     184   1.0  4.42E-08  2.11E-07  1.36E-12  0.00
  556 2.7800E+06    2  1391     184   1.0  4.42E-08  2.11E-07  7.96E-12  0.00
  557 2.7850E+06    2  1393     184   1.0  4.42E-08  2.11E-07  1.43E-13  0.00
  558 2.7900E+06    2  1396     184   1.0  4.41E-08  2.11E-07  2.56E-13  0.00
  559 2.7950E+06    2  1398     184   1.0  4.43E-08  2.10E-07  2.61E-13  0.00
  560 2.8000E+06    2  1401     184   1.0  4.50E-08  2.06E-07  7.39E-12  0.00
  561 2.8050E+06    2  1403     184   1.0  4.49E-08  2.06E-07  9.48E-13  0.00
  562 2.8100E+06    2  1406     184   1.0  4.49E-08  2.06E-07  4.58E-12  0.00
  563 2.8150E+06    2  1408     184   1.0  4.49E-08  2.06E-07  2.54E-13  0.00
  564 2.8200E+06    2  1411     184   1.0  4.49E-08  2.05E-07  1.78E-14  0.00
  565 2.8250E+06    2  1413     184   1.0  4.48E-08  2.05E-07  3.86E-14  0.00
  566 2.8300E+06    2  1416     184   1.0  4.48E-08  2.05E-07  1.23E-11  0.00
  567 2.8350E+06    2  1418     184   1.0  4.48E-08  2.05E-07  1.73E-11  0.00
  568 2.8400E+06    2  1421     184   1.0  4.48E-08  2.05E-07  8.97E-13  0.00
  569 2.8450E+06    2  1423     184   1.0  4.47E-08  2.05E-07  1.48E-13  0.00
  570 2.8500E+06    2  1426     184   1.0  4.47E-08  2.05E-07  1.33E-12  0.00
  571 2.8550E+06    2  1428     184   1.0  4.47E-08  2.05E-07  6.48E-13  0.00
  572 2.8600E+06    2  1431     184   1.0  4.47E-08  2.05E-07  3.49E-13  0.00
  573 2.8650E+06    2  1433     184   1.0  4.47E-08  2.04E-07  2.32E-13  0.00
  574 2.8700E+06    2  1436     184   1.0  4.47E-08  2.04E-07  3.67E-12  0.00
  575 2.8750E+06    2  1438     184   1.0  4.46E-08  2.04E-07  5.35E-13  0.00
  576 2.8800E+06    2  1441     184   1.0  4.46E-08  2.04E-07  1.91E-13  0.00
  577 2.8850E+06    2  1443     184   1.0  4.46E-08  2.04E-07  3.83E-12  0.00
  578 2.8900E+06    2  1446     184   1.0  4.45E-08  2.04E-07  2.63E-13  0.00
  579 2.8950E+06    2  1448     184   1.0  4.45E-08  2.04E-07  2.24E-13  0.00
  580 2.9000E+06    2  1451     184   1.0  4.45E-08  2.04E-07  6.96E-13  0.00
  581 2.9050E+06    2  1453     184   1.0  4.45E-08  2.04E-07  6.35E-13  0.00
  582 2.9100E+06    2  1456     184   1.0  4.44E-08  2.04E-07  4.54E-13  0.00
  583 2.9150E+06    2  1458     184   1.0  4.44E-08  2.03E-07  2.79E-12  0.00
  584 2.9200E+06    2  1461     184   1.0  4.44E-08  2.03E-07  2.94E-13  0.00
  585 2.9250E+06    2  1463     184   1.0  4.44E-08  2.03E-07  3.44E-13  0.00
  586 2.9300E+06    2  1466     184   1.0  4.44E-08  2.03E-07  8.86E-14  0.00
  587 2.9350E+06    2  1468     184   1.0  4.43E-08  2.03E-07  6.36E-13  0.00
  588 2.9400E+06    2  1471     184   1.0  4.43E-08  2.03E-07  2.20E-12  0.00
  589 2.9450E+06    2  1473     184   1.0  4.43E-08  2.03E-07  7.94E-13  0.00
  590 2.9500E+06    2  1476     184   1.0  4.43E-08  2.03E-07  6.46E-14  0.00
  591 2.9550E+06    2  1478     184   1.0  4.42E-08  2.03E-07  2.54E-13  0.00
  592 2.9600E+06    2  1481     184   1.0  4.42E-08  2.03E-07  3.31E-14  0.00
  593 2.9650E+06    2  1483     184   1.0  4.42E-08  2.02E-07  3.76E-13  0.00
  594 2.9700E+06    2  1486     184   1.0  4.39E-08  2.00E-07  1.48E-12  0.00
  595 2.9750E+06    2  1488     184   1.0  4.39E-08  2.00E-07  1.67E-13  0.00
  596 2.9800E+06    2  1491     184   1.0  4.39E-08  2.00E-07  9.61E-14  0.00
  597 2.9850E+06    2  1493     184   1.0  4.39E-08  2.00E-07  2.89E-12  0.00
  598 2.9900E+06    2  1496     184   1.0  4.38E-08  2.00E-07  5.03E-13  0.00
  599 2.9950E+06    2  1498     184   1.0  4.38E-08  2.00E-07  3.46E-12  0.00
  600 3.0000E+06    2  1501     184   1.0  4.38E-08  2.00E-07  1.84E-13  0.00
  601 3.0050E+06    2  1503     184   1.0  4.37E-08  2.00E-07  1.54E-13  0.00
  602 3.0100E+06    2  1506     184   1.0  4.37E-08  2.00E-07  4.52E-14  0.00
  603 3.0150E+06    2  1508     184   1.0  4.37E-08  2.00E-07  2.21E-12  0.00
  604 3.0200E+06    2  1511     184   1.0  4.37E-08  1.99E-07  6.44E-14  0.00
  605 3.0250E+06    2  1513     184   1.0  4.37E-08  1.99E-07  1.01E-12  0.00
  606 3.0300E+06    2  1516     184   1.0  4.36E-08  1.99E-07  1.10E-14  0.00
  607 3.0350E+06    2  1518     184   1.0  4.36E-08  1.99E-07  1.70E-13  0.00
  608 3.0400E+06    2  1521     184   1.0  4.36E-08  1.99E-07  5.31E-14  0.00
  609 3.0450E+06    2  1523     184   1.0  4.36E-08  1.99E-07  1.31E-12  0.00
  610 3.0500E+06    2  1526     184   1.0  4.36E-08  1.99E-07  1.06E-13  0.00
  611 3.0550E+06    2  1528     184   1.0  4.35E-08  1.99E-07  1.55E-14  0.00
  612 3.0600E+06    2  1531     184   1.0  4.35E-08  1.99E-07  3.46E-14  0.00
  613 3.0650E+06    2  1533     184   1.0  4.35E-08  1.99E-07  2.33E-13  0.00
  614 3.0700E+06    2  1536     184   1.0  4.35E-08  1.98E-07  3.44E-12  0.00
  615 3.0750E+06    2  1538     184   1.0  4.34E-08  1.98E-07  3.89E-13  0.00
  616 3.0800E+06    2  1541     184   1.0  4.34E-08  1.98E-07  1.63E-13  0.00
  617 3.0850E+06    2  1543     184   1.0  4.34E-08  1.98E-07  1.99E-13  0.00
  618 3.0900E+06    2  1546     184   1.0  4.34E-08  1.98E-07  1.07E-13  0.00
  619 3.0950E+06    2  1548     184   1.0  4.34E-08  1.98E-07  3.05E-13  0.00
  620 3.1000E+06    2  1551     184   1.0  4.33E-08  1.98E-07  2.40E-13  0.00
  621 3.1050E+06    2  1553     184   1.0  4.33E-08  1.98E-07  2.92E-13  0.00
  622 3.1100E+06    2  1556     184   1.0  4.33E-08  1.98E-07  5.20E-14  0.00
  623 3.1150E+06    2  1558     184   1.0  4.33E-08  1.98E-07  1.74E-12  0.00
  624 3.1200E+06    2  1561     184   1.0  4.33E-08  1.97E-07  7.43E-14  0.00
  625 3.1250E+06    2  1563     184   1.0  4.32E-08  1.97E-07  4.46E-12  0.00
  626 3.1300E+06    2  1566     184   1.0  4.32E-08  1.97E-07  5.60E-13  0.00
  627 3.1350E+06    2  1568     184   1.0  4.32E-08  1.97E-07  4.71E-13  0.00
  628 3.1400E+06    2  1571     184   1.0  4.32E-08  1.97E-07  1.33E-13  0.00
  629 3.1450E+06    2  1573     184   1.0  4.31E-08  1.97E-07  8.29E-14  0.00
  630 3.1500E+06    2  1576     184   1.0  4.31E-08  1.97E-07  4.41E-14  0.00
  631 3.1550E+06    2  1578     184   1.0  4.31E-08  1.97E-07  6.70E-13  0.00
  632 3.1600E+06    2  1581     184   1.0  4.31E-08  1.97E-07  3.24E-13  0.00
  633 3.1650E+06    2  1583     184   1.0  4.31E-08  1.97E-07  6.37E-13  0.00
  634 3.1700E+06    2  1586     184   1.0  4.30E-08  1.96E-07  7.70E-13  0.00
  635 3.1750E+06    2  1588     184   1.0  4.30E-08  1.96E-07  4.49E-13  0.00
  636 3.1800E+06    2  1591     184   1.0  4.30E-08  1.96E-07  3.91E-13  0.00
  637 3.1850E+06    2  1593     184   1.0  4.30E-08  1.96E-07  9.17E-12  0.00
  638 3.1900E+06    2  1596     184   1.0  4.29E-08  1.96E-07  4.67E-13  0.00
  639 3.1950E+06    2  1598     184   1.0  4.29E-08  1.96E-07  5.66E-13  0.00
  640 3.2000E+06    2  1601     184   1.0  4.29E-08  1.96E-07  7.13E-14  0.00
  641 3.2050E+06    2  1603     184   1.0  4.29E-08  1.96E-07  1.87E-13  0.00
  642 3.2100E+06    2  1606     184   1.0  4.29E-08  1.96E-07  2.46E-12  0.00
  643 3.2150E+06    2  1608     184   1.0  4.28E-08  1.96E-07  2.10E-13  0.00
  644 3.2200E+06    2  1611     184   1.0  4.28E-08  1.95E-07  4.70E-10  0.00
  645 3.2250E+06    2  1613     184   1.0  4.18E-08  1.81E-07  6.36E-12  0.00
  646 3.2300E+06    2  1616     184   1.0  4.18E-08  1.81E-07  3.07E-13  0.00
  647 3.2350E+06    2  1618     184   1.0  4.18E-08  1.81E-07  5.89E-12  0.00
  648 3.2400E+06    2  1621     184   1.0  4.17E-08  1.81E-07  2.48E-12  0.00
  649 3.2450E+06    2  1623     184   1.0  4.17E-08  1.80E-07  8.26E-13  0.00
  650 3.2500E+06    2  1626     184   1.0  4.17E-08  1.80E-07  9.24E-14  0.00
  651 3.2550E+06    2  1628     184   1.0  4.17E-08  1.80E-07  2.78E-14  0.00
  652 3.2600E+06    2  1631     184   1.0  4.17E-08  1.80E-07  4.72E-13  0.00
  653 3.2650E+06    2  1633     184   1.0  4.17E-08  1.80E-07  1.72E-12  0.00
  654 3.2700E+06    2  1636     184   1.0  4.16E-08  1.80E-07  7.11E-13  0.00
  655 3.2750E+06    2  1638     184   1.0  4.16E-08  1.80E-07  1.03E-13  0.00
  656 3.2800E+06    2  1641     184   1.0  4.16E-08  1.80E-07  1.75E-13  0.00
  657 3.2850E+06    2  1643     184   1.0  4.16E-08  1.80E-07  1.20E-12  0.00
  658 3.2900E+06    2  1646     184   1.0  4.15E-08  1.80E-07  2.97E-12  0.00
  659 3.2950E+06    2  1648     184   1.0  4.15E-08  1.80E-07  1.77E-13  0.00
  660 3.3000E+06    2  1651     184   1.0  4.15E-08  1.79E-07  1.50E-13  0.00
  661 3.3050E+06    2  1653     184   1.0  4.15E-08  1.79E-07  5.51E-13  0.00
  662 3.3100E+06    2  1656     184   1.0  4.14E-08  1.79E-07  5.62E-14  0.00
  663 3.3150E+06    2  1658     184   1.0  4.14E-08  1.79E-07  4.74E-13  0.00
  664 3.3200E+06    2  1661     184   1.0  4.14E-08  1.79E-07  1.44E-14  0.00
  665 3.3250E+06    2  1663     184   1.0  4.10E-08  1.89E-07  1.30E-13  0.00
  666 3.3300E+06    2  1666     184   1.0  4.08E-08  1.90E-07  3.83E-14  0.00
  667 3.3350E+06    2  1668     184   1.0  4.07E-08  1.89E-07  1.62E-13  0.00
  668 3.3400E+06    2  1671     184   1.0  4.07E-08  1.89E-07  3.30E-12  0.00
  669 3.3450E+06    2  1673     184   1.0  4.07E-08  1.89E-07  8.06E-14  0.00
  670 3.3500E+06    2  1676     184   1.0  4.07E-08  1.89E-07  7.89E-13  0.00
  671 3.3550E+06    2  1678     184   1.0  4.07E-08  1.89E-07  6.98E-14  0.00
  672 3.3600E+06    2  1681     184   1.0  4.06E-08  1.89E-07  9.66E-14  0.00
  673 3.3650E+06    2  1683     184   1.0  4.06E-08  1.89E-07  1.99E-13  0.00
  674 3.3700E+06    2  1686     184   1.0  4.06E-08  1.89E-07  2.17E-13  0.00
  675 3.3750E+06    2  1688     184   1.0  4.06E-08  1.89E-07  4.96E-14  0.00
  676 3.3800E+06    2  1691     184   1.0  4.06E-08  1.89E-07  7.04E-12  0.00
  677 3.3850E+06    2  1693     184   1.0  4.05E-08  1.89E-07  1.48E-14  0.00
  678 3.3900E+06    2  1696     184   1.0  4.05E-08  1.88E-07  1.02E-12  0.00
  679 3.3950E+06    2  1698     184   1.0  4.05E-08  1.88E-07  6.37E-14  0.00
  680 3.4000E+06    2  1701     184   1.0  4.05E-08  1.88E-07  3.18E-13  0.00
  681 3.4050E+06    2  1703     184   1.0  4.05E-08  1.88E-07  2.78E-13  0.00
  682 3.4100E+06    2  1706     184   1.0  4.04E-08  1.88E-07  4.59E-14  0.00
  683 3.4150E+06    2  1708     184   1.0  4.04E-08  1.88E-07  2.18E-11  0.00
  684 3.4200E+06    2  1711     184   1.0  4.04E-08  1.88E-07  2.20E-13  0.00
  685 3.4250E+06    2  1713     184   1.0  4.04E-08  1.88E-07  4.45E-12  0.00
  686 3.4300E+06    2  1716     184   1.0  4.04E-08  1.88E-07  7.81E-12  0.00
  687 3.4350E+06    2  1718     184   1.0  4.03E-08  1.88E-07  5.32E-13  0.00
  688 3.4400E+06    2  1721     184   1.0  4.03E-08  1.88E-07  9.06E-14  0.00
  689 3.4450E+06    2  1723     184   1.0  4.03E-08  1.87E-07  3.06E-13  0.00
  690 3.4500E+06    2  1726     184   1.0  4.03E-08  1.87E-07  7.22E-12  0.00
  691 3.4550E+06    2  1728     184   1.0  4.03E-08  1.87E-07  6.83E-13  0.00
  692 3.4600E+06    2  1731     184   1.0  4.02E-08  1.87E-07  8.28E-14  0.00
  693 3.4650E+06    2  1733     184   1.0  4.02E-08  1.87E-07  7.53E-12  0.00
  694 3.4700E+06    2  1736     184   1.0  4.02E-08  1.87E-07  8.73E-14  0.00
  695 3.4750E+06    2  1738     184   1.0  4.02E-08  1.87E-07  1.88E-13  0.00
  696 3.4800E+06    2  1741     184   1.0  4.02E-08  1.87E-07  1.39E-11  0.00
  697 3.4850E+06    2  1743     184   1.0  4.01E-08  1.87E-07  1.61E-13  0.00
  698 3.4900E+06    2  1746     184   1.0  4.01E-08  1.87E-07  3.07E-13  0.00
  699 3.4950E+06    2  1748     184   1.0  4.01E-08  1.86E-07  2.69E-12  0.00
  700 3.5000E+06    2  1751     184   1.0  4.01E-08  1.86E-07  1.03E-14  0.00
  701 3.5050E+06    2  1753     184   1.0  4.06E-08  1.89E-07  2.44E-13  0.00
  702 3.5100E+06    2  1756     184   1.0  4.11E-08  1.93E-07  2.27E-12  0.00
  703 3.5150E+06    2  1758     184   1.0  4.11E-08  1.93E-07  2.85E-13  0.00
  704 3.5200E+06    2  1761     184   1.0  4.11E-08  1.93E-07  1.27E-13  0.00
  705 3.5250E+06    2  1763     184   1.0  4.11E-08  1.93E-07  3.58E-13  0.00
  706 3.5300E+06    2  1766     184   1.0  4.11E-08  1.92E-07  3.26E-12  0.00
  707 3.5350E+06    2  1768     184   1.0  4.10E-08  1.92E-07  1.87E-15  0.00
  708 3.5400E+06    2  1771     184   1.0  4.11E-08  1.92E-07  3.04E-15  0.00
  709 3.5450E+06    2  1773     184   1.0  4.10E-08  1.92E-07  5.63E-13  0.00
  710 3.5500E+06    2  1776     184   1.0  4.10E-08  1.92E-07  3.73E-13  0.00
  711 3.5550E+06    2  1778     184   1.0  4.10E-08  1.92E-07  9.60E-12  0.00
  712 3.5600E+06    2  1781     184   1.0  4.09E-08  1.92E-07  4.78E-13  0.00
  713 3.5650E+06    2  1783     184   1.0  4.09E-08  1.92E-07  1.90E-14  0.00
  714 3.5700E+06    2  1786     184   1.0  4.09E-08  1.92E-07  4.42E-12  0.00
  715 3.5750E+06    2  1788     184   1.0  4.09E-08  1.92E-07  1.22E-14  0.00
  716 3.5800E+06    2  1791     184   1.0  4.09E-08  1.92E-07  4.76E-12  0.00
  717 3.5850E+06    2  1793     184   1.0  4.08E-08  1.91E-07  7.58E-13  0.00
  718 3.5900E+06    2  1796     184   1.0  4.08E-08  1.91E-07  2.00E-12  0.00
  719 3.5950E+06    2  1798     184   1.0  4.08E-08  1.91E-07  2.78E-13  0.00
  720 3.6000E+06    2  1801     184   1.0  4.08E-08  1.91E-07  1.36E-12  0.00
  721 3.6050E+06    2  1803     184   1.0  4.16E-08  1.92E-07  1.44E-13  0.00
  722 3.6100E+06    2  1806     184   1.0  4.16E-08  1.92E-07  1.84E-13  0.00
  723 3.6150E+06    2  1808     184   1.0  4.16E-08  1.92E-07  3.01E-13  0.00
  724 3.6200E+06    2  1811     184   1.0  4.16E-08  1.92E-07  7.82E-12  0.00
  725 3.6250E+06    2  1813     184   1.0  4.16E-08  1.92E-07  1.91E-13  0.00
  726 3.6300E+06    2  1816     184   1.0  4.15E-08  1.92E-07  4.77E-13  0.00
  727 3.6350E+06    2  1818     184   1.0  4.15E-08  1.92E-07  3.07E-13  0.00
  728 3.6400E+06    2  1821     184   1.0  4.16E-08  1.92E-07  4.16E-13  0.00
  729 3.6450E+06    2  1823     184   1.0  4.15E-08  1.91E-07  3.66E-14  0.00
  730 3.6500E+06    2  1826     184   1.0  4.15E-08  1.91E-07  1.27E-12  0.00
  731 3.6550E+06    2  1828     184   1.0  4.14E-08  1.91E-07  1.62E-15  0.00
  732 3.6600E+06    2  1831     184   1.0  4.14E-08  1.91E-07  1.47E-14  0.00
  733 3.6650E+06    2  1833     184   1.0  4.14E-08  1.91E-07  1.36E-13  0.00
  734 3.6700E+06    2  1836     184   1.0  4.14E-08  1.91E-07  2.06E-13  0.00
  735 3.6750E+06    2  1838     184   1.0  4.14E-08  1.91E-07  3.69E-13  0.00
  736 3.6800E+06    2  1841     184   1.0  4.14E-08  1.92E-07  2.85E-09  0.00
  737 3.6850E+06    2  1843     184   1.0  4.20E-08  1.97E-07  1.98E-13  0.00
  738 3.6900E+06    2  1846     184   1.0  4.22E-08  1.95E-07  1.90E-12  0.00
  739 3.6950E+06    2  1848     184   1.0  4.22E-08  1.95E-07  1.01E-12  0.00
  740 3.7000E+06    2  1851     184   1.0  4.22E-08  1.95E-07  3.16E-14  0.00
  741 3.7050E+06    2  1853     184   1.0  4.21E-08  1.95E-07  2.99E-14  0.00
  742 3.7100E+06    2  1856     184   1.0  4.21E-08  1.95E-07  3.12E-14  0.00
  743 3.7150E+06    2  1858     184   1.0  4.21E-08  1.95E-07  6.49E-13  0.00
  744 3.7200E+06    2  1861     184   1.0  4.21E-08  1.95E-07  4.75E-13  0.00
  745 3.7250E+06    2  1863     184   1.0  4.21E-08  1.95E-07  4.43E-13  0.00
  746 3.7300E+06    2  1866     184   1.0  4.21E-08  1.95E-07  2.46E-13  0.00
  747 3.7350E+06    2  1868     184   1.0  4.20E-08  1.94E-07  7.25E-14  0.00
  748 3.7400E+06    2  1871     184   1.0  4.20E-08  1.94E-07  9.46E-14  0.00
  749 3.7450E+06    2  1873     184   1.0  4.20E-08  1.94E-07  7.02E-14  0.00
  750 3.7500E+06    2  1876     184   1.0  4.20E-08  1.94E-07  1.71E-13  0.00
  751 3.7550E+06    2  1878     184   1.0  4.20E-08  1.94E-07  1.31E-12  0.00
  752 3.7600E+06    2  1881     184   1.0  4.19E-08  1.94E-07  2.18E-13  0.00
  753 3.7650E+06    2  1883     184   1.0  4.19E-08  1.94E-07  2.08E-12  0.00
  754 3.7700E+06    2  1886     184   1.0  4.19E-08  1.94E-07  1.02E-13  0.00
  755 3.7750E+06    2  1888     184   1.0  4.19E-08  1.94E-07  7.16E-11  0.00
  756 3.7800E+06    2  1891     184   1.0  4.19E-08  1.94E-07  1.53E-13  0.00
  757 3.7850E+06    2  1893     184   1.0  4.18E-08  1.94E-07  1.03E-12  0.00
  758 3.7900E+06    2  1896     184   1.0  4.24E-08  1.95E-07  1.75E-12  0.00
  759 3.7950E+06    2  1898     184   1.0  4.41E-08  1.94E-07  4.72E-13  0.00
  760 3.8000E+06    2  1901     184   1.0  4.41E-08  1.94E-07  2.52E-13  0.00
  761 3.8050E+06    2  1903     184   1.0  4.41E-08  1.93E-07  5.94E-13  0.00
  762 3.8100E+06    2  1906     184   1.0  4.40E-08  1.93E-07  1.04E-12  0.00
  763 3.8150E+06    2  1908     184   1.0  4.42E-08  1.93E-07  1.61E-13  0.00
  764 3.8200E+06    2  1911     184   1.0  4.40E-08  1.93E-07  5.29E-13  0.00
  765 3.8250E+06    2  1913     184   1.0  4.40E-08  1.93E-07  1.41E-13  0.00
  766 3.8300E+06    2  1916     184   1.0  4.40E-08  1.93E-07  2.31E-12  0.00
  767 3.8350E+06    2  1918     184   1.0  4.39E-08  1.93E-07  3.98E-13  0.00
  768 3.8400E+06    2  1921     184   1.0  4.40E-08  1.93E-07  4.69E-13  0.00
  769 3.8450E+06    2  1923     184   1.0  4.39E-08  1.93E-07  9.83E-13  0.00
  770 3.8500E+06    2  1926     184   1.0  4.39E-08  1.93E-07  7.01E-14  0.00
  771 3.8550E+06    2  1928     184   1.0  4.39E-08  1.93E-07  3.03E-14  0.00
  772 3.8600E+06    2  1931     184   1.0  4.38E-08  1.93E-07  3.25E-12  0.00
  773 3.8650E+06    2  1933     184   1.0  4.38E-08  1.92E-07  4.12E-13  0.00
  774 3.8700E+06    2  1936     184   1.0  4.38E-08  1.92E-07  2.46E-13  0.00
  775 3.8750E+06    2  1938     184   1.0  4.38E-08  1.92E-07  4.34E-13  0.00
  776 3.8800E+06    2  1941     184   1.0  4.38E-08  1.92E-07  2.12E-13  0.00
  777 3.8850E+06    2  1943     184   1.0  4.38E-08  1.92E-07  2.24E-13  0.00
  778 3.8900E+06    2  1946     184   1.0  4.37E-08  1.92E-07  1.61E-13  0.00
  779 3.8950E+06    2  1948     184   1.0  4.37E-08  1.92E-07  3.04E-12  0.00
  780 3.9000E+06    2  1951     184   1.0  4.37E-08  1.92E-07  6.51E-13  0.00
  781 3.9050E+06    2  1953     184   1.0  4.37E-08  1.92E-07  5.94E-13  0.00
  782 3.9100E+06    2  1956     184   1.0  4.37E-08  1.92E-07  6.70E-13  0.00
  783 3.9150E+06    2  1958     184   1.0  4.36E-08  1.92E-07  2.17E-12  0.00
  784 3.9200E+06    2  1961     184   1.0  4.36E-08  1.91E-07  7.12E-14  0.00
  785 3.9250E+06    2  1963     184   1.0  4.36E-08  1.91E-07  9.98E-14  0.00
  786 3.9300E+06    2  1966     184   1.0  4.36E-08  1.91E-07  6.53E-13  0.00
  787 3.9350E+06    2  1968     184   1.0  4.36E-08  1.91E-07  1.33E-13  0.00
  788 3.9400E+06    2  1971     184   1.0  4.35E-08  1.91E-07  8.80E-12  0.00
  789 3.9450E+06    2  1973     184   1.0  4.35E-08  1.91E-07  1.35E-13  0.00
  790 3.9500E+06    2  1976     184   1.0  4.35E-08  1.91E-07  4.86E-13  0.00
  791 3.9550E+06    2  1978     184   1.0  4.35E-08  1.91E-07  3.26E-13  0.00
  792 3.9600E+06    2  1981     184   1.0  4.35E-08  1.91E-07  2.83E-13  0.00
  793 3.9650E+06    2  1983     184   1.0  4.34E-08  1.91E-07  2.13E-13  0.00
  794 3.9700E+06    2  1986     184   1.0  4.35E-08  1.91E-07  1.28E-13  0.00
  795 3.9750E+06    2  1988     184   1.0  4.34E-08  1.91E-07  3.90E-13  0.00
  796 3.9800E+06    2  1991     184   1.0  4.34E-08  1.90E-07  3.98E-13  0.00
  797 3.9850E+06    2  1993     184   1.0  4.34E-08  1.90E-07  1.72E-13  0.00
  798 3.9900E+06    2  1996     184   1.0  4.33E-08  1.90E-07  1.22E-13  0.00
  799 3.9950E+06    2  1998     184   1.0  4.33E-08  1.90E-07  4.29E-14  0.00
  800 4.0000E+06    2  2001     184   1.0  4.33E-08  1.90E-07  9.45E-14  0.00
  801 4.0050E+06    2  2003     184   1.0  4.33E-08  1.90E-07  1.45E-12  0.00
  802 4.0100E+06    2  2006     184   1.0  4.33E-08  1.90E-07  4.43E-12  0.00
  803 4.0150E+06    2  2008     184   1.0  4.33E-08  1.90E-07  2.96E-12  0.00
  804 4.0200E+06    2  2011     184   1.0  4.33E-08  1.90E-07  1.37E-14  0.00
  805 4.0250E+06    2  2013     184   1.0  4.32E-08  1.90E-07  6.04E-13  0.00
  806 4.0300E+06    2  2016     184   1.0  4.32E-08  1.90E-07  2.03E-13  0.00
  807 4.0350E+06    2  2018     184   1.0  4.32E-08  1.90E-07  3.14E-13  0.00
  808 4.0400E+06    2  2021     184   1.0  4.32E-08  1.89E-07  2.16E-14  0.00
  809 4.0450E+06    2  2023     184   1.0  4.31E-08  1.89E-07  5.17E-15  0.00
  810 4.0500E+06    2  2026     184   1.0  4.31E-08  1.89E-07  1.26E-14  0.00
  811 4.0550E+06    2  2028     184   1.0  4.31E-08  1.89E-07  7.51E-13  0.00
  812 4.0600E+06    2  2031     184   1.0  4.31E-08  1.89E-07  4.57E-13  0.00
  813 4.0650E+06    2  2033     184   1.0  4.40E-08  2.25E-07  4.32E-11  0.00
  814 4.0700E+06    2  2036     184   1.0  4.41E-08  2.33E-07  1.30E-12  0.00
  815 4.0750E+06    2  2038     184   1.0  4.41E-08  2.33E-07  3.03E-13  0.00
  816 4.0800E+06    2  2041     184   1.0  4.41E-08  2.33E-07  7.40E-13  0.00
  817 4.0850E+06    2  2043     184   1.0  4.41E-08  2.33E-07  5.78E-13  0.00
  818 4.0900E+06    2  2046     184   1.0  4.41E-08  2.33E-07  2.81E-13  0.00
  819 4.0950E+06    2  2048     184   1.0  4.41E-08  2.33E-07  1.92E-13  0.00
  820 4.1000E+06    2  2051     184   1.0  4.40E-08  2.33E-07  1.90E-12  0.00
  821 4.1050E+06    2  2053     184   1.0  4.40E-08  2.33E-07  1.04E-13  0.00
  822 4.1100E+06    2  2056     184   1.0  4.40E-08  2.32E-07  3.83E-13  0.00
  823 4.1150E+06    2  2058     184   1.0  4.40E-08  2.32E-07  7.43E-14  0.00
  824 4.1200E+06    2  2061     184   1.0  4.40E-08  2.32E-07  5.38E-14  0.00
  825 4.1250E+06    2  2063     184   1.0  4.39E-08  2.32E-07  2.68E-13  0.00
  826 4.1300E+06    2  2066     184   1.0  4.39E-08  2.32E-07  2.87E-13  0.00
  827 4.1350E+06    2  2068     184   1.0  4.39E-08  2.32E-07  1.54E-12  0.00
  828 4.1400E+06    2  2071     184   1.0  4.39E-08  2.32E-07  6.74E-14  0.00
  829 4.1450E+06    2  2073     184   1.0  4.39E-08  2.32E-07  3.38E-13  0.00
  830 4.1500E+06    2  2076     184   1.0  4.39E-08  2.32E-07  1.47E-14  0.00
  831 4.1550E+06    2  2078     184   1.0  4.38E-08  2.32E-07  3.44E-13  0.00
  832 4.1600E+06    2  2081     184   1.0  4.38E-08  2.32E-07  1.69E-13  0.00
  833 4.1650E+06    2  2083     184   1.0  4.38E-08  2.31E-07  4.58E-13  0.00
  834 4.1700E+06    2  2086     184   1.0  4.38E-08  2.31E-07  2.11E-15  0.00
  835 4.1750E+06    2  2088     184   1.0  4.38E-08  2.31E-07  5.26E-13  0.00
  836 4.1800E+06    2  2091     184   1.0  4.39E-08  2.31E-07  2.84E-12  0.00
  837 4.1850E+06    2  2093     184   1.0  4.37E-08  2.31E-07  2.53E-13  0.00
  838 4.1900E+06    2  2096     184   1.0  4.37E-08  2.31E-07  6.01E-13  0.00
  839 4.1950E+06    2  2098     184   1.0  4.37E-08  2.31E-07  9.58E-14  0.00
  840 4.2000E+06    2  2101     184   1.0  4.37E-08  2.31E-07  2.38E-12  0.00
  841 4.2050E+06    2  2103     184   1.0  4.37E-08  2.31E-07  3.17E-12  0.00
  842 4.2100E+06    2  2106     184   1.0  4.36E-08  2.31E-07  4.89E-13  0.00
  843 4.2150E+06    2  2108     184   1.0  4.36E-08  2.31E-07  2.44E-12  0.00
  844 4.2200E+06    2  2111     184   1.0  4.36E-08  2.30E-07  5.75E-13  0.00
  845 4.2250E+06    2  2113     184   1.0  4.36E-08  2.30E-07  7.54E-13  0.00
  846 4.2300E+06    2  2116     184   1.0  4.36E-08  2.30E-07  4.87E-13  0.00
  847 4.2350E+06    2  2118     184   1.0  4.36E-08  2.30E-07  3.94E-13  0.00
  848 4.2400E+06    2  2121     184   1.0  4.35E-08  2.30E-07  1.97E-14  0.00
  849 4.2450E+06    2  2123     184   1.0  4.35E-08  2.30E-07  1.98E-13  0.00
  850 4.2500E+06    2  2126     184   1.0  4.35E-08  2.30E-07  3.15E-14  0.00
  851 4.2550E+06    2  2128     184   1.0  4.35E-08  2.30E-07  7.07E-13  0.00
  852 4.2600E+06    2  2131     184   1.0  4.29E-08  2.26E-07  3.68E-13  0.00
  853 4.2650E+06    2  2133     184   1.0  4.23E-08  2.22E-07  6.87E-13  0.00
  854 4.2700E+06    2  2136     184   1.0  4.23E-08  2.22E-07  6.63E-12  0.00
  855 4.2750E+06    2  2138     184   1.0  4.23E-08  2.22E-07  2.20E-13  0.00
  856 4.2800E+06    2  2141     184   1.0  4.22E-08  2.22E-07  2.14E-13  0.00
  857 4.2850E+06    2  2143     184   1.0  4.22E-08  2.22E-07  1.97E-13  0.00
  858 4.2900E+06    2  2146     184   1.0  4.22E-08  2.22E-07  1.71E-13  0.00
  859 4.2950E+06    2  2148     184   1.0  4.22E-08  2.21E-07  3.33E-13  0.00
  860 4.3000E+06    2  2151     184   1.0  4.22E-08  2.21E-07  2.10E-13  0.00
  861 4.3050E+06    2  2153     184   1.0  4.22E-08  2.21E-07  4.46E-12  0.00
  862 4.3100E+06    2  2156     184   1.0  4.21E-08  2.21E-07  1.08E-12  0.00
  863 4.3150E+06    2  2158     184   1.0  4.21E-08  2.21E-07  1.04E-13  0.00
  864 4.3200E+06    2  2161     184   1.0  4.81E-08  2.36E-07  2.06E-13  0.00
  865 4.3250E+06    2  2163     184   1.0  5.56E-08  2.54E-07  9.09E-12  0.00
  866 4.3300E+06    2  2166     184   1.0  5.49E-08  2.54E-07  2.56E-13  0.00
  867 4.3350E+06    2  2168     184   1.0  6.00E-08  2.87E-07  4.36E-13  0.00
  868 4.3400E+06    2  2171     184   1.0  5.98E-08  2.89E-07  1.07E-12  0.00
  869 4.3450E+06    2  2173     184   1.0  5.98E-08  2.89E-07  1.12E-13  0.00
  870 4.3500E+06    2  2176     184   1.0  5.98E-08  2.89E-07  3.00E-13  0.00
  871 4.3550E+06    2  2178     184   1.0  5.98E-08  2.89E-07  1.22E-13  0.00
  872 4.3600E+06    2  2181     184   1.0  5.98E-08  2.89E-07  1.72E-13  0.00
  873 4.3650E+06    2  2183     184   1.0  5.97E-08  2.89E-07  1.50E-11  0.00
  874 4.3700E+06    2  2186     184   1.0  5.97E-08  2.88E-07  4.63E-13  0.00
  875 4.3750E+06    2  2188     184   1.0  5.97E-08  2.88E-07  1.31E-13  0.00
  876 4.3800E+06    2  2191     184   1.0  5.97E-08  2.88E-07  1.36E-13  0.00
  877 4.3850E+06    2  2193     184   1.0  5.96E-08  2.88E-07  2.57E-10  0.00
  878 4.3900E+06    2  2196     184   1.0  5.96E-08  2.88E-07  1.27E-12  0.00
  879 4.3950E+06    2  2198     184   1.0  5.96E-08  2.88E-07  3.51E-13  0.00
  880 4.4000E+06    2  2201     184   1.0  5.96E-08  2.88E-07  2.74E-12  0.00
  881 4.4050E+06    2  2203     184   1.0  5.96E-08  2.88E-07  2.34E-13  0.00
  882 4.4100E+06    2  2206     184   1.0  5.95E-08  2.88E-07  1.24E-13  0.00
  883 4.4150E+06    2  2208     184   1.0  5.93E-08  2.87E-07  1.21E-13  0.00
  884 4.4200E+06    2  2211     184   1.0  5.93E-08  2.87E-07  3.25E-12  0.00
  885 4.4250E+06    2  2213     184   1.0  5.92E-08  2.86E-07  1.80E-13  0.00
  886 4.4300E+06    2  2216     184   1.0  5.92E-08  2.86E-07  1.13E-13  0.00
  887 4.4350E+06    2  2218     184   1.0  5.92E-08  2.86E-07  2.03E-12  0.00
  888 4.4400E+06    2  2221     184   1.0  5.92E-08  2.86E-07  3.61E-14  0.00
  889 4.4450E+06    2  2223     184   1.0  5.92E-08  2.86E-07  2.70E-13  0.00
  890 4.4500E+06    2  2226     184   1.0  5.91E-08  2.86E-07  3.11E-12  0.00
  891 4.4550E+06    2  2228     184   1.0  5.91E-08  2.86E-07  3.83E-13  0.00
  892 4.4600E+06    2  2231     184   1.0  5.91E-08  2.86E-07  2.70E-13  0.00
  893 4.4650E+06    2  2233     184   1.0  5.91E-08  2.86E-07  8.39E-14  0.00
  894 4.4700E+06    2  2236     184   1.0  5.90E-08  2.86E-07  5.34E-13  0.00
  895 4.4750E+06    2  2238     184   1.0  5.90E-08  2.85E-07  6.29E-13  0.00
  896 4.4800E+06    2  2241     184   1.0  5.90E-08  2.85E-07  5.07E-13  0.00
  897 4.4850E+06    2  2243     184   1.0  5.90E-08  2.85E-07  1.78E-13  0.00
  898 4.4900E+06    2  2246     184   1.0  5.90E-08  2.85E-07  3.35E-12  0.00
  899 4.4950E+06    2  2248     184   1.0  5.89E-08  2.85E-07  1.04E-12  0.00
  900 4.5000E+06    2  2251     184   1.0  5.89E-08  2.85E-07  4.49E-13  0.00
  901 4.5050E+06    2  2253     184   1.0  5.89E-08  2.85E-07  7.39E-13  0.00
  902 4.5100E+06    2  2256     184   1.0  5.89E-08  2.85E-07  1.27E-13  0.00
  903 4.5150E+06    2  2258     184   1.0  5.89E-08  2.85E-07  1.06E-12  0.00
  904 4.5200E+06    2  2261     184   1.0  5.88E-08  2.85E-07  9.97E-13  0.00
  905 4.5250E+06    2  2263     184   1.0  5.88E-08  2.84E-07  2.36E-13  0.00
  906 4.5300E+06    2  2266     184   1.0  5.88E-08  2.84E-07  4.53E-14  0.00
  907 4.5350E+06    2  2268     184   1.0  5.88E-08  2.84E-07  2.83E-13  0.00
  908 4.5400E+06    2  2271     184   1.0  5.87E-08  2.84E-07  4.94E-13  0.00
  909 4.5450E+06    2  2273     184   1.0  5.87E-08  2.84E-07  3.15E-15  0.00
  910 4.5500E+06    2  2276     184   1.0  5.87E-08  2.84E-07  8.52E-14  0.00
  911 4.5550E+06    2  2278     184   1.0  5.87E-08  2.84E-07  1.03E-12  0.00
  912 4.5600E+06    2  2281     184   1.0  5.87E-08  2.84E-07  2.77E-12  0.00
  913 4.5650E+06    2  2283     184   1.0  5.86E-08  2.84E-07  2.63E-13  0.00
  914 4.5700E+06    2  2286     184   1.0  5.86E-08  2.83E-07  6.52E-13  0.00
  915 4.5750E+06    2  2288     184   1.0  5.86E-08  2.83E-07  5.55E-14  0.00
  916 4.5800E+06    2  2291     184   1.0  5.86E-08  2.83E-07  1.14E-12  0.00
  917 4.5850E+06    2  2293     184   1.0  5.86E-08  2.83E-07  4.40E-13  0.00
  918 4.5900E+06    2  2296     184   1.0  5.85E-08  2.83E-07  1.01E-13  0.00
  919 4.5950E+06    2  2298     184   1.0  5.85E-08  2.83E-07  5.61E-13  0.00
  920 4.6000E+06    2  2301     184   1.0  5.85E-08  2.83E-07  2.45E-12  0.00
  921 4.6050E+06    2  2303     184   1.0  5.85E-08  2.83E-07  4.55E-12  0.00
  922 4.6100E+06    2  2306     184   1.0  5.85E-08  2.83E-07  2.21E-13  0.00
  923 4.6150E+06    2  2308     184   1.0  5.84E-08  2.83E-07  1.02E-12  0.00
  924 4.6200E+06    2  2311     184   1.0  5.84E-08  2.82E-07  3.29E-13  0.00
  925 4.6250E+06    2  2313     184   1.0  5.84E-08  2.82E-07  3.34E-12  0.00
  926 4.6300E+06    2  2316     184   1.0  5.84E-08  2.82E-07  1.05E-13  0.00
  927 4.6350E+06    2  2318     184   1.0  5.83E-08  2.82E-07  9.09E-14  0.00
  928 4.6400E+06    2  2321     184   1.0  5.83E-08  2.82E-07  2.15E-13  0.00
  929 4.6450E+06    2  2323     184   1.0  5.83E-08  2.82E-07  7.09E-13  0.00
  930 4.6500E+06    2  2326     184   1.0  5.83E-08  2.82E-07  2.78E-13  0.00
  931 4.6550E+06    2  2328     184   1.0  5.83E-08  2.82E-07  2.87E-13  0.00
  932 4.6600E+06    2  2331     184   1.0  5.82E-08  2.82E-07  2.38E-13  0.00
  933 4.6650E+06    2  2333     184   1.0  5.82E-08  2.82E-07  9.69E-13  0.00
  934 4.6700E+06    2  2336     184   1.0  5.82E-08  2.81E-07  5.86E-13  0.00
  935 4.6750E+06    2  2338     184   1.0  5.82E-08  2.81E-07  1.16E-13  0.00
  936 4.6800E+06    2  2341     184   1.0  5.82E-08  2.81E-07  2.29E-13  0.00
  937 4.6850E+06    2  2343     184   1.0  5.81E-08  2.81E-07  9.14E-14  0.00
  938 4.6900E+06    2  2346     184   1.0  5.82E-08  2.81E-07  1.42E-13  0.00
  939 4.6950E+06    2  2348     184   1.0  5.81E-08  2.81E-07  6.10E-14  0.00
  940 4.7000E+06    2  2351     184   1.0  5.81E-08  2.81E-07  3.99E-13  0.00
  941 4.7050E+06    2  2353     184   1.0  5.81E-08  2.81E-07  9.44E-12  0.00
  942 4.7100E+06    2  2356     184   1.0  5.80E-08  2.81E-07  1.13E-12  0.00
  943 4.7150E+06    2  2358     184   1.0  5.80E-08  2.81E-07  3.09E-13  0.00
  944 4.7200E+06    2  2361     184   1.0  5.80E-08  2.80E-07  2.57E-12  0.00
  945 4.7250E+06    2  2363     184   1.0  5.80E-08  2.80E-07  1.09E-12  0.00
  946 4.7300E+06    2  2366     184   1.0  5.79E-08  2.80E-07  2.27E-12  0.00
  947 4.7350E+06    2  2368     184   1.0  5.79E-08  2.80E-07  3.01E-15  0.00
  948 4.7400E+06    2  2371     184   1.0  5.79E-08  2.80E-07  5.31E-12  0.00
  949 4.7450E+06    2  2373     184   1.0  5.79E-08  2.80E-07  8.58E-15  0.00
  950 4.7500E+06    2  2376     184   1.0  5.79E-08  2.80E-07  3.86E-15  0.00
  951 4.7550E+06    2  2378     184   1.0  5.78E-08  2.80E-07  2.60E-12  0.00
  952 4.7600E+06    2  2381     184   1.0  5.78E-08  2.80E-07  9.50E-14  0.00
  953 4.7650E+06    2  2383     184   1.0  5.78E-08  2.79E-07  3.10E-13  0.00
  954 4.7700E+06    2  2386     184   1.0  5.78E-08  2.79E-07  5.54E-13  0.00
  955 4.7750E+06    2  2388     184   1.0  5.78E-08  2.79E-07  2.54E-13  0.00
  956 4.7800E+06    2  2391     184   1.0  5.77E-08  2.79E-07  8.04E-14  0.00
  957 4.7850E+06    2  2393     184   1.0  5.77E-08  2.79E-07  6.11E-13  0.00
  958 4.7900E+06    2  2396     184   1.0  5.78E-08  2.79E-07  2.32E-13  0.00
  959 4.7950E+06    2  2398     184   1.0  5.77E-08  2.79E-07  1.45E-12  0.00
  960 4.8000E+06    2  2401     184   1.0  5.77E-08  2.79E-07  5.91E-14  0.00
  961 4.8050E+06    2  2403     184   1.0  5.76E-08  2.79E-07  4.89E-13  0.00
  962 4.8100E+06    2  2406     184   1.0  5.76E-08  2.79E-07  1.30E-11  0.00
  963 4.8150E+06    2  2408     184   1.0  5.76E-08  2.78E-07  1.00E-12  0.00
  964 4.8200E+06    2  2411     184   1.0  5.76E-08  2.78E-07  1.05E-11  0.00
  965 4.8250E+06    2  2413     184   1.0  5.76E-08  2.78E-07  2.68E-12  0.00
  966 4.8300E+06    2  2416     184   1.0  5.75E-08  2.78E-07  2.20E-12  0.00
  967 4.8350E+06    2  2418     184   1.0  5.75E-08  2.78E-07  1.99E-13  0.00
  968 4.8400E+06    2  2421     184   1.0  5.75E-08  2.78E-07  2.56E-14  0.00
  969 4.8450E+06    2  2423     184   1.0  5.75E-08  2.78E-07  2.48E-14  0.00
  970 4.8500E+06    2  2426     184   1.0  5.74E-08  2.78E-07  7.21E-14  0.00
  971 4.8550E+06    2  2428     184   1.0  5.74E-08  2.78E-07  4.86E-13  0.00
  972 4.8600E+06    2  2431     184   1.0  5.74E-08  2.78E-07  3.73E-14  0.00
  973 4.8650E+06    2  2433     184   1.0  5.74E-08  2.77E-07  1.18E-13  0.00
  974 4.8700E+06    2  2436     184   1.0  5.74E-08  2.77E-07  2.67E-13  0.00
  975 4.8750E+06    2  2438     184   1.0  5.73E-08  2.77E-07  1.33E-13  0.00
  976 4.8800E+06    2  2441     184   1.0  5.73E-08  2.77E-07  1.09E-13  0.00
  977 4.8850E+06    2  2443     184   1.0  5.73E-08  2.77E-07  1.89E-12  0.00
  978 4.8900E+06    2  2446     184   1.0  5.73E-08  2.77E-07  1.17E-13  0.00
  979 4.8950E+06    2  2448     184   1.0  5.73E-08  2.77E-07  5.76E-13  0.00
  980 4.9000E+06    2  2451     184   1.0  5.72E-08  2.77E-07  5.01E-13  0.00
  981 4.9050E+06    2  2453     184   1.0  5.72E-08  2.77E-07  1.77E-13  0.00
  982 4.9100E+06    2  2456     184   1.0  5.72E-08  2.77E-07  1.22E-12  0.00
  983 4.9150E+06    2  2458     184   1.0  5.72E-08  2.76E-07  1.05E-11  0.00
  984 4.9200E+06    2  2461     184   1.0  5.72E-08  2.76E-07  1.08E-11  0.00
  985 4.9250E+06    2  2463     184   1.0  5.71E-08  2.76E-07  5.44E-13  0.00
  986 4.9300E+06    2  2466     184   1.0  5.71E-08  2.76E-07  8.67E-13  0.00
  987 4.9350E+06    2  2468     184   1.0  5.71E-08  2.76E-07  1.67E-13  0.00
  988 4.9400E+06    2  2471     184   1.0  5.71E-08  2.76E-07  1.79E-12  0.00
  989 4.9450E+06    2  2473     184   1.0  5.71E-08  2.76E-07  5.68E-14  0.00
  990 4.9500E+06    2  2476     184   1.0  5.70E-08  2.76E-07  3.88E-13  0.00
  991 4.9550E+06    2  2478     184   1.0  5.70E-08  2.76E-07  3.29E-13  0.00
  992 4.9600E+06    2  2481     184   1.0  5.70E-08  2.76E-07  6.29E-14  0.00
  993 4.9650E+06    2  2483     184   1.0  5.70E-08  2.75E-07  2.15E-13  0.00
  994 4.9700E+06    2  2486     184   1.0  5.70E-08  2.75E-07  2.12E-12  0.00
  995 4.9750E+06    2  2488     184   1.0  5.69E-08  2.75E-07  1.27E-12  0.00
  996 4.9800E+06    2  2491     184   1.0  5.70E-08  2.75E-07  1.94E-13  0.00
  997 4.9850E+06    2  2493     184   1.0  5.69E-08  2.75E-07  1.31E-12  0.00
  998 4.9900E+06    2  2496     184   1.0  5.69E-08  2.75E-07  5.33E-13  0.00
  999 4.9950E+06    2  2498     184   1.0  5.68E-08  2.75E-07  5.56E-14  0.00
 1000 5.0000E+06    2  2501     184   1.0  5.68E-08  2.75E-07  9.02E-14  0.00
 1001 5.0050E+06    2  2503     184   1.0  5.68E-08  2.75E-07  4.79E-13  0.00
 1002 5.0100E+06    2  2506     184   1.0  5.68E-08  2.75E-07  1.83E-14  0.00
 1003 5.0150E+06    2  2508     184   1.0  5.68E-08  2.74E-07  1.63E-13  0.00
 1004 5.0200E+06    2  2511     184   1.0  5.67E-08  2.74E-07  4.31E-12  0.00
 1005 5.0250E+06    2  2513     184   1.0  5.67E-08  2.74E-07  6.62E-13  0.00
 1006 5.0300E+06    2  2516     184   1.0  5.67E-08  2.74E-07  3.09E-12  0.00
 1007 5.0350E+06    2  2518     184   1.0  5.67E-08  2.74E-07  3.39E-13  0.00
 1008 5.0400E+06    2  2521     184   1.0  6.42E-08  2.84E-07  3.05E-12  0.00
 1009 5.0450E+06    2  2523     184   1.0  6.73E-08  2.88E-07  4.48E-13  0.00
 1010 5.0500E+06    2  2526     184   1.0  6.73E-08  2.88E-07  1.46E-13  0.00
 1011 5.0550E+06    2  2528     184   1.0  6.72E-08  2.87E-07  1.13E-12  0.00
 1012 5.0600E+06    2  2531     184   1.0  6.72E-08  2.87E-07  8.21E-15  0.00
 1013 5.0650E+06    2  2533     184   1.0  6.72E-08  2.87E-07  5.95E-13  0.00
 1014 5.0700E+06    2  2536     184   1.0  6.72E-08  2.87E-07  3.00E-13  0.00
 1015 5.0750E+06    2  2538     184   1.0  6.71E-08  2.87E-07  1.89E-13  0.00
 1016 5.0800E+06    2  2541     184   1.0  6.71E-08  2.87E-07  4.26E-13  0.00
 1017 5.0850E+06    2  2543     184   1.0  6.71E-08  2.87E-07  1.51E-12  0.00
 1018 5.0900E+06    2  2546     184   1.0  6.71E-08  2.87E-07  5.54E-13  0.00
 1019 5.0950E+06    2  2548     184   1.0  6.71E-08  2.87E-07  1.42E-13  0.00
 1020 5.1000E+06    2  2551     184   1.0  6.70E-08  2.87E-07  1.51E-14  0.00
 1021 5.1050E+06    2  2553     184   1.0  6.70E-08  2.87E-07  1.41E-14  0.00
 1022 5.1100E+06    2  2556     184   1.0  6.70E-08  2.86E-07  6.75E-13  0.00
 1023 5.1150E+06    2  2558     184   1.0  6.70E-08  2.86E-07  2.43E-14  0.00
 1024 5.1200E+06    2  2561     184   1.0  6.70E-08  2.86E-07  1.86E-13  0.00
 1025 5.1250E+06    2  2563     184   1.0  6.69E-08  2.86E-07  4.25E-13  0.00
 1026 5.1300E+06    2  2566     184   1.0  6.69E-08  2.86E-07  7.33E-12  0.00
 1027 5.1350E+06    2  2568     184   1.0  6.69E-08  2.86E-07  1.18E-12  0.00
 1028 5.1400E+06    2  2571     184   1.0  6.69E-08  2.86E-07  6.43E-13  0.00
 1029 5.1450E+06    2  2573     184   1.0  6.68E-08  2.86E-07  4.61E-12  0.00
 1030 5.1500E+06    2  2576     184   1.0  6.68E-08  2.86E-07  7.39E-13  0.00
 1031 5.1550E+06    2  2578     184   1.0  6.68E-08  2.86E-07  9.96E-13  0.00
 1032 5.1600E+06    2  2581     184   1.0  6.68E-08  2.85E-07  1.18E-14  0.00
 1033 5.1650E+06    2  2583     184   1.0  6.67E-08  2.85E-07  1.17E-13  0.00
 1034 5.1700E+06    2  2586     184   1.0  6.67E-08  2.85E-07  2.37E-13  0.00
 1035 5.1750E+06    2  2588     184   1.0  6.67E-08  2.85E-07  4.41E-13  0.00
 1036 5.1800E+06    2  2591     184   1.0  6.67E-08  2.85E-07  6.70E-13  0.00
 1037 5.1850E+06    2  2593     184   1.0  6.67E-08  2.85E-07  3.08E-13  0.00
 1038 5.1900E+06    2  2596     184   1.0  6.66E-08  2.85E-07  2.31E-12  0.00
 1039 5.1950E+06    2  2598     184   1.0  6.66E-08  2.85E-07  1.14E-14  0.00
 1040 5.2000E+06    2  2601     184   1.0  6.66E-08  2.85E-07  3.09E-13  0.00
 1041 5.2050E+06    2  2603     184   1.0  6.66E-08  2.85E-07  4.46E-13  0.00
 1042 5.2100E+06    2  2606     184   1.0  6.66E-08  2.85E-07  4.10E-13  0.00
 1043 5.2150E+06    2  2608     184   1.0  6.65E-08  2.84E-07  1.13E-13  0.00
 1044 5.2200E+06    2  2611     184   1.0  6.65E-08  2.84E-07  5.85E-12  0.00
 1045 5.2250E+06    2  2613     184   1.0  6.41E-08  2.71E-07  4.07E-13  0.00
 1046 5.2300E+06    2  2616     184   1.0  6.35E-08  2.67E-07  9.04E-11  0.00
 1047 5.2350E+06    2  2618     184   1.0  6.33E-08  2.67E-07  1.19E-13  0.00
 1048 5.2400E+06    2  2621     184   1.0  6.33E-08  2.67E-07  6.33E-14  0.00
 1049 5.2450E+06    2  2623     184   1.0  6.32E-08  2.67E-07  3.47E-13  0.00
 1050 5.2500E+06    2  2626     184   1.0  6.32E-08  2.67E-07  4.08E-13  0.00
 1051 5.2550E+06    2  2628     184   1.0  6.32E-08  2.67E-07  1.02E-13  0.00
 1052 5.2600E+06    2  2631     184   1.0  6.32E-08  2.67E-07  2.11E-12  0.00
 1053 5.2650E+06    2  2633     184   1.0  6.32E-08  2.67E-07  4.18E-13  0.00
 1054 5.2700E+06    2  2636     184   1.0  6.31E-08  2.66E-07  6.88E-12  0.00
 1055 5.2750E+06    2  2638     184   1.0  6.31E-08  2.66E-07  1.45E-12  0.00
 1056 5.2800E+06    2  2641     184   1.0  6.31E-08  2.66E-07  7.04E-14  0.00
 1057 5.2850E+06    2  2643     184   1.0  6.31E-08  2.66E-07  8.14E-13  0.00
 1058 5.2900E+06    2  2646     184   1.0  6.31E-08  2.66E-07  2.44E-13  0.00
 1059 5.2950E+06    2  2648     184   1.0  6.30E-08  2.66E-07  3.27E-13  0.00
 1060 5.3000E+06    2  2651     184   1.0  6.30E-08  2.66E-07  1.03E-12  0.00
 1061 5.3050E+06    2  2653     184   1.0  6.30E-08  2.66E-07  2.95E-13  0.00
 1062 5.3100E+06    2  2656     184   1.0  6.30E-08  2.66E-07  2.28E-13  0.00
 1063 5.3150E+06    2  2658     184   1.0  6.30E-08  2.66E-07  1.69E-13  0.00
 1064 5.3200E+06    2  2661     184   1.0  6.29E-08  2.66E-07  3.07E-14  0.00
 1065 5.3250E+06    2  2663     184   1.0  6.29E-08  2.65E-07  1.04E-12  0.00
 1066 5.3300E+06    2  2666     184   1.0  6.30E-08  2.65E-07  2.75E-12  0.00
 1067 5.3350E+06    2  2668     184   1.0  6.29E-08  2.65E-07  6.42E-15  0.00
 1068 5.3400E+06    2  2671     184   1.0  6.28E-08  2.65E-07  4.20E-11  0.00
 1069 5.3450E+06    2  2673     184   1.0  6.28E-08  2.65E-07  6.54E-13  0.00
 1070 5.3500E+06    2  2676     184   1.0  6.28E-08  2.65E-07  1.55E-14  0.00
 1071 5.3550E+06    2  2678     184   1.0  6.28E-08  2.65E-07  1.76E-13  0.00
 1072 5.3600E+06    2  2681     184   1.0  6.28E-08  2.65E-07  1.25E-13  0.00
 1073 5.3650E+06    2  2683     184   1.0  6.27E-08  2.65E-07  1.09E-13  0.00
 1074 5.3700E+06    2  2686     184   1.0  6.28E-08  2.65E-07  6.21E-13  0.00
 1075 5.3750E+06    2  2688     184   1.0  6.27E-08  2.65E-07  3.56E-12  0.00
 1076 5.3800E+06    2  2691     184   1.0  6.27E-08  2.64E-07  2.07E-15  0.00
 1077 5.3850E+06    2  2693     184   1.0  6.27E-08  2.64E-07  1.37E-11  0.00
 1078 5.3900E+06    2  2696     184   1.0  6.26E-08  2.64E-07  3.30E-15  0.00
 1079 5.3950E+06    2  2698     184   1.0  6.26E-08  2.64E-07  8.90E-14  0.00
 1080 5.4000E+06    2  2701     184   1.0  6.26E-08  2.64E-07  5.20E-13  0.00
 1081 5.4050E+06    2  2703     184   1.0  6.26E-08  2.64E-07  1.74E-12  0.00
 1082 5.4100E+06    2  2706     184   1.0  6.26E-08  2.64E-07  6.28E-14  0.00
 1083 5.4150E+06    2  2708     184   1.0  6.25E-08  2.64E-07  1.63E-13  0.00
 1084 5.4200E+06    2  2711     184   1.0  6.25E-08  2.64E-07  1.95E-13  0.00
 1085 5.4250E+06    2  2713     184   1.0  6.25E-08  2.64E-07  8.77E-11  0.00
 1086 5.4300E+06    2  2716     184   1.0  6.25E-08  2.64E-07  7.20E-12  0.00
 1087 5.4350E+06    2  2718     184   1.0  6.25E-08  2.64E-07  2.83E-11  0.00
 1088 5.4400E+06    2  2721     184   1.0  6.24E-08  2.63E-07  4.26E-13  0.00
 1089 5.4450E+06    2  2723     184   1.0  6.24E-08  2.63E-07  2.42E-13  0.00
 1090 5.4500E+06    2  2726     184   1.0  6.24E-08  2.63E-07  3.96E-12  0.00
 1091 5.4550E+06    2  2728     184   1.0  6.24E-08  2.63E-07  8.61E-14  0.00
 1092 5.4600E+06    2  2731     184   1.0  6.24E-08  2.63E-07  2.06E-10  0.00
 1093 5.4650E+06    2  2733     184   1.0  6.23E-08  2.63E-07  8.18E-14  0.00
 1094 5.4700E+06    2  2736     184   1.0  6.23E-08  2.63E-07  1.59E-12  0.00
 1095 5.4750E+06    2  2738     184   1.0  6.23E-08  2.63E-07  9.76E-14  0.00
 1096 5.4800E+06    2  2741     184   1.0  6.23E-08  2.63E-07  2.40E-14  0.00
 1097 5.4850E+06    2  2743     184   1.0  6.23E-08  2.63E-07  1.55E-13  0.00
 1098 5.4900E+06    2  2746     184   1.0  6.22E-08  2.63E-07  5.46E-13  0.00
 1099 5.4950E+06    2  2748     184   1.0  6.22E-08  2.62E-07  5.90E-12  0.00
 1100 5.5000E+06    2  2751     184   1.0  6.22E-08  2.62E-07  4.49E-13  0.00
 1101 5.5050E+06    2  2753     184   1.0  6.22E-08  2.62E-07  2.36E-14  0.00
 1102 5.5100E+06    2  2756     184   1.0  6.22E-08  2.62E-07  4.11E-13  0.00
 1103 5.5150E+06    2  2758     184   1.0  6.21E-08  2.62E-07  3.16E-12  0.00
 1104 5.5200E+06    2  2761     184   1.0  6.21E-08  2.62E-07  2.92E-13  0.00
 1105 5.5250E+06    2  2763     184   1.0  6.21E-08  2.62E-07  1.77E-13  0.00
 1106 5.5300E+06    2  2766     184   1.0  6.21E-08  2.62E-07  8.47E-13  0.00
 1107 5.5350E+06    2  2768     184   1.0  6.20E-08  2.62E-07  8.35E-13  0.00
 1108 5.5400E+06    2  2771     184   1.0  6.20E-08  2.62E-07  7.24E-14  0.00
 1109 5.5450E+06    2  2773     184   1.0  6.20E-08  2.62E-07  2.78E-12  0.00
 1110 5.5500E+06    2  2776     184   1.0  6.20E-08  2.61E-07  2.90E-14  0.00
 1111 5.5550E+06    2  2778     184   1.0  6.20E-08  2.61E-07  2.85E-14  0.00
 1112 5.5600E+06    2  2781     184   1.0  6.19E-08  2.61E-07  9.57E-13  0.00
 1113 5.5650E+06    2  2783     184   1.0  6.19E-08  2.61E-07  3.15E-13  0.00
 1114 5.5700E+06    2  2786     184   1.0  6.19E-08  2.61E-07  5.18E-13  0.00
 1115 5.5750E+06    2  2788     184   1.0  6.19E-08  2.61E-07  1.51E-12  0.00
 1116 5.5800E+06    2  2791     184   1.0  6.26E-08  2.61E-07  1.61E-13  0.00
 1117 5.5850E+06    2  2793     184   1.0  6.33E-08  2.62E-07  1.27E-13  0.00
 1118 5.5900E+06    2  2796     184   1.0  6.33E-08  2.61E-07  2.30E-12  0.00
 1119 5.5950E+06    2  2798     184   1.0  6.32E-08  2.61E-07  2.61E-13  0.00
 1120 5.6000E+06    2  2801     184   1.0  6.32E-08  2.61E-07  5.34E-12  0.00
 1121 5.6050E+06    2  2803     184   1.0  6.32E-08  2.61E-07  6.69E-13  0.00
 1122 5.6100E+06    2  2806     184   1.0  6.32E-08  2.61E-07  1.01E-13  0.00
 1123 5.6150E+06    2  2808     184   1.0  6.31E-08  2.61E-07  7.86E-13  0.00
 1124 5.6200E+06    2  2811     184   1.0  6.31E-08  2.61E-07  2.09E-13  0.00
 1125 5.6250E+06    2  2813     184   1.0  6.31E-08  2.61E-07  1.59E-13  0.00
 1126 5.6300E+06    2  2816     184   1.0  6.31E-08  2.61E-07  1.92E-13  0.00
 1127 5.6350E+06    2  2818     184   1.0  6.31E-08  2.61E-07  2.06E-12  0.00
 1128 5.6400E+06    2  2821     184   1.0  6.30E-08  2.61E-07  2.38E-12  0.00
 1129 5.6450E+06    2  2823     184   1.0  6.30E-08  2.61E-07  8.83E-14  0.00
 1130 5.6500E+06    2  2826     184   1.0  6.30E-08  2.60E-07  9.64E-14  0.00
 1131 5.6550E+06    2  2828     184   1.0  6.30E-08  2.60E-07  3.43E-13  0.00
 1132 5.6600E+06    2  2831     184   1.0  6.30E-08  2.60E-07  1.21E-13  0.00
 1133 5.6650E+06    2  2833     184   1.0  6.29E-08  2.60E-07  2.29E-13  0.00
 1134 5.6700E+06    2  2836     184   1.0  6.30E-08  2.60E-07  1.38E-14  0.00
 1135 5.6750E+06    2  2838     184   1.0  6.29E-08  2.60E-07  3.71E-13  0.00
 1136 5.6800E+06    2  2841     184   1.0  6.29E-08  2.60E-07  2.87E-13  0.00
 1137 5.6850E+06    2  2843     184   1.0  6.29E-08  2.60E-07  8.16E-13  0.00
 1138 5.6900E+06    2  2846     184   1.0  6.28E-08  2.60E-07  1.17E-12  0.00
 1139 5.6950E+06    2  2848     184   1.0  6.28E-08  2.60E-07  4.44E-13  0.00
 1140 5.7000E+06    2  2851     184   1.0  6.28E-08  2.60E-07  3.67E-14  0.00
 1141 5.7050E+06    2  2853     184   1.0  6.28E-08  2.60E-07  3.19E-13  0.00
 1142 5.7100E+06    2  2856     184   1.0  6.28E-08  2.59E-07  4.24E-13  0.00
 1143 5.7150E+06    2  2858     184   1.0  6.27E-08  2.59E-07  6.03E-13  0.00
 1144 5.7200E+06    2  2861     184   1.0  6.27E-08  2.59E-07  3.99E-13  0.00
 1145 5.7250E+06    2  2863     184   1.0  6.27E-08  2.59E-07  1.14E-13  0.00
 1146 5.7300E+06    2  2866     184   1.0  6.27E-08  2.59E-07  4.78E-13  0.00
 1147 5.7350E+06    2  2868     184   1.0  6.27E-08  2.59E-07  2.30E-13  0.00
 1148 5.7400E+06    2  2871     184   1.0  6.26E-08  2.59E-07  2.35E-13  0.00
 1149 5.7450E+06    2  2873     184   1.0  6.26E-08  2.59E-07  3.49E-13  0.00
 1150 5.7500E+06    2  2876     184   1.0  6.26E-08  2.59E-07  8.86E-14  0.00
 1151 5.7550E+06    2  2878     184   1.0  6.26E-08  2.59E-07  3.56E-14  0.00
 1152 5.7600E+06    2  2881     184   1.0  6.26E-08  2.59E-07  1.42E-13  0.00
 1153 5.7650E+06    2  2883     184   1.0  6.25E-08  2.58E-07  2.46E-12  0.00
 1154 5.7700E+06    2  2886     184   1.0  6.25E-08  2.58E-07  1.16E-13  0.00
 1155 5.7750E+06    2  2888     184   1.0  6.25E-08  2.58E-07  2.14E-14  0.00
 1156 5.7800E+06    2  2891     184   1.0  6.25E-08  2.58E-07  3.05E-14  0.00
 1157 5.7850E+06    2  2893     184   1.0  6.24E-08  2.58E-07  3.82E-14  0.00
 1158 5.7900E+06    2  2896     184   1.0  6.24E-08  2.58E-07  1.61E-13  0.00
 1159 5.7950E+06    2  2898     184   1.0  6.24E-08  2.58E-07  4.75E-14  0.00
 1160 5.8000E+06    2  2901     184   1.0  6.24E-08  2.58E-07  1.75E-13  0.00
 1161 5.8050E+06    2  2903     184   1.0  6.24E-08  2.58E-07  1.49E-13  0.00
 1162 5.8100E+06    2  2906     184   1.0  6.23E-08  2.58E-07  1.39E-13  0.00
 1163 5.8150E+06    2  2908     184   1.0  6.23E-08  2.58E-07  1.70E-13  0.00
 1164 5.8200E+06    2  2911     184   1.0  6.23E-08  2.58E-07  7.96E-15  0.00
 1165 5.8250E+06    2  2913     184   1.0  6.23E-08  2.57E-07  5.65E-14  0.00
 1166 5.8300E+06    2  2916     184   1.0  6.23E-08  2.57E-07  5.09E-13  0.00
 1167 5.8350E+06    2  2918     184   1.0  6.22E-08  2.57E-07  1.28E-13  0.00
 1168 5.8400E+06    2  2921     184   1.0  6.22E-08  2.57E-07  4.02E-13  0.00
 1169 5.8450E+06    2  2923     184   1.0  6.22E-08  2.57E-07  1.07E-13  0.00
 1170 5.8500E+06    2  2926     184   1.0  6.22E-08  2.57E-07  4.16E-12  0.00
 1171 5.8550E+06    2  2928     184   1.0  6.22E-08  2.57E-07  8.20E-13  0.00
 1172 5.8600E+06    2  2931     184   1.0  6.21E-08  2.57E-07  9.47E-13  0.00
 1173 5.8650E+06    2  2933     184   1.0  6.21E-08  2.57E-07  1.59E-12  0.00
 1174 5.8700E+06    2  2936     184   1.0  6.21E-08  2.57E-07  6.91E-13  0.00
 1175 5.8750E+06    2  2938     184   1.0  6.21E-08  2.57E-07  5.94E-13  0.00
 1176 5.8800E+06    2  2941     184   1.0  6.21E-08  2.57E-07  2.97E-13  0.00
 1177 5.8850E+06    2  2943     184   1.0  6.20E-08  2.56E-07  7.46E-13  0.00
 1178 5.8900E+06    2  2946     184   1.0  6.20E-08  2.56E-07  3.37E-12  0.00
 1179 5.8950E+06    2  2948     184   1.0  6.20E-08  2.56E-07  6.37E-14  0.00
 1180 5.9000E+06    2  2951     184   1.0  6.20E-08  2.56E-07  4.31E-13  0.00
 1181 5.9050E+06    2  2953     184   1.0  6.20E-08  2.56E-07  2.07E-13  0.00
 1182 5.9100E+06    2  2956     184   1.0  6.19E-08  2.56E-07  2.20E-12  0.00
 1183 5.9150E+06    2  2958     184   1.0  6.24E-08  2.75E-07  3.68E-11  0.00
 1184 5.9200E+06    2  2961     184   1.0  6.34E-08  3.22E-07  3.44E-13  0.00
 1185 5.9250E+06    2  2963     184   1.0  6.34E-08  3.22E-07  1.78E-14  0.00
 1186 5.9300E+06    2  2966     184   1.0  6.34E-08  3.22E-07  3.60E-13  0.00
 1187 5.9350E+06    2  2968     184   1.0  6.33E-08  3.22E-07  3.25E-13  0.00
 1188 5.9400E+06    2  2971     184   1.0  6.33E-08  3.22E-07  1.03E-11  0.00
 1189 5.9450E+06    2  2973     184   1.0  6.33E-08  3.22E-07  3.33E-12  0.00
 1190 5.9500E+06    2  2976     184   1.0  6.33E-08  3.22E-07  1.96E-12  0.00
 1191 5.9550E+06    2  2978     184   1.0  6.33E-08  3.22E-07  3.09E-12  0.00
 1192 5.9600E+06    2  2981     184   1.0  6.32E-08  3.22E-07  6.08E-13  0.00
 1193 5.9650E+06    2  2983     184   1.0  6.32E-08  3.21E-07  5.44E-13  0.00
 1194 5.9700E+06    2  2986     184   1.0  6.32E-08  3.21E-07  9.59E-15  0.00
 1195 5.9750E+06    2  2988     184   1.0  6.32E-08  3.21E-07  2.90E-15  0.00
 1196 5.9800E+06    2  2991     184   1.0  6.32E-08  3.21E-07  2.97E-13  0.00
 1197 5.9850E+06    2  2993     184   1.0  6.32E-08  3.21E-07  8.99E-14  0.00
 1198 5.9900E+06    2  2996     184   1.0  6.31E-08  3.21E-07  2.49E-13  0.00
 1199 5.9950E+06    2  2998     184   1.0  6.31E-08  3.21E-07  5.69E-12  0.00
 1200 6.0000E+06    2  3001     184   1.0  6.31E-08  3.21E-07  4.12E-13  0.00
 1201 6.0050E+06    2  3003     184   1.0  6.31E-08  3.21E-07  3.78E-13  0.00
 1202 6.0100E+06    2  3006     184   1.0  6.31E-08  3.21E-07  1.61E-13  0.00
 1203 6.0150E+06    2  3008     184   1.0  6.30E-08  3.21E-07  2.07E-13  0.00
 1204 6.0200E+06    2  3011     184   1.0  7.12E-08  4.70E-07  3.80E-13  0.00
 1205 6.0250E+06    2  3013     184   1.0  7.40E-08  5.42E-07  1.15E-12  0.00
 1206 6.0300E+06    2  3016     184   1.0  7.40E-08  5.42E-07  7.97E-13  0.00
 1207 6.0350E+06    2  3018     184   1.0  7.40E-08  5.42E-07  1.37E-12  0.00
 1208 6.0400E+06    2  3021     184   1.0  7.40E-08  5.41E-07  1.68E-13  0.00
 1209 6.0450E+06    2  3023     184   1.0  7.40E-08  5.41E-07  6.68E-14  0.00
 1210 6.0500E+06    2  3026     184   1.0  7.39E-08  5.41E-07  4.10E-13  0.00
 1211 6.0550E+06    2  3028     184   1.0  2.17E-07  1.44E-06  1.75E-12  0.00
 1212 6.0600E+06    2  3031     184   1.0  3.91E-07  2.54E-06  2.44E-12  0.00
 1213 6.0650E+06    2  3033     184   1.0  3.91E-07  2.54E-06  2.08E-12  0.00
 1214 6.0700E+06    2  3036     184   1.0  3.96E-07  2.57E-06  3.20E-12  0.00
 1215 6.0750E+06    2  3038     184   1.0  4.20E-07  2.71E-06  2.32E-11  0.00
 1216 6.0800E+06    2  3041     184   1.0  5.08E-07  2.75E-06  9.72E-13  0.00
 1217 6.0850E+06    2  3043     184   1.0  5.51E-07  3.53E-06  1.14E-12  0.00
 1218 6.0900E+06    2  3046     184   1.0  5.64E-07  3.77E-06  5.65E-13  0.00
 1219 6.0950E+06    2  3048     184   1.0  5.64E-07  3.77E-06  3.64E-12  0.00
 1220 6.1000E+06    2  3051     184   1.0  5.64E-07  3.77E-06  3.49E-11  0.00
 1221 6.1050E+06    2  3053     184   1.0  5.64E-07  3.77E-06  1.19E-12  0.00
 1222 6.1100E+06    2  3056     184   1.0  5.58E-07  3.73E-06  2.36E-11  0.00
 1223 6.1150E+06    2  3058     184   1.0  4.71E-07  3.14E-06  3.70E-09  0.00
 1224 6.1200E+06    2  3061     184   1.0  1.26E-07  7.38E-07  4.44E-13  0.00
 1225 6.1250E+06    2  3063     184   1.0  1.26E-07  7.40E-07  4.65E-13  0.00
 1226 6.1300E+06    2  3066     184   1.0  1.26E-07  7.40E-07  6.37E-13  0.00
 1227 6.1350E+06    2  3068     184   1.0  1.26E-07  7.40E-07  2.88E-11  0.00
 1228 6.1400E+06    2  3071     184   1.0  1.27E-07  7.44E-07  3.49E-13  0.00
 1229 6.1450E+06    2  3073     184   1.0  1.27E-07  7.45E-07  7.12E-14  0.00
 1230 6.1500E+06    2  3076     184   1.0  1.27E-07  7.45E-07  6.20E-12  0.00
 1231 6.1550E+06    2  3078     184   1.0  1.27E-07  7.45E-07  1.43E-14  0.00
 1232 6.1600E+06    2  3081     184   1.0  1.27E-07  7.45E-07  1.43E-13  0.00
 1233 6.1650E+06    2  3083     184   1.0  1.27E-07  7.45E-07  1.79E-13  0.00
 1234 6.1700E+06    2  3086     184   1.0  1.27E-07  7.44E-07  3.77E-12  0.00
 1235 6.1750E+06    2  3088     184   1.0  1.27E-07  7.44E-07  1.25E-12  0.00
 1236 6.1800E+06    2  3091     184   1.0  1.27E-07  7.44E-07  1.09E-12  0.00
 1237 6.1850E+06    2  3093     184   1.0  1.27E-07  7.44E-07  1.59E-12  0.00
 1238 6.1900E+06    2  3096     184   1.0  1.27E-07  7.44E-07  2.49E-11  0.00
 1239 6.1950E+06    2  3098     184   1.0  1.26E-07  7.44E-07  1.99E-13  0.00
 1240 6.2000E+06    2  3101     184   1.0  1.27E-07  7.44E-07  1.59E-12  0.00
 1241 6.2050E+06    2  3103     184   1.0  1.26E-07  7.34E-07  4.23E-11  0.00
 1242 6.2100E+06    2  3106     184   1.0  1.25E-07  7.21E-07  4.14E-14  0.00
 1243 6.2150E+06    2  3108     184   1.0  1.24E-07  7.21E-07  2.31E-12  0.00
 1244 6.2200E+06    2  3111     184   1.0  1.24E-07  7.21E-07  5.29E-12  0.00
 1245 6.2250E+06    2  3113     184   1.0  1.24E-07  7.21E-07  2.88E-12  0.00
 1246 6.2300E+06    2  3116     184   1.0  1.24E-07  7.21E-07  1.50E-12  0.00
 1247 6.2350E+06    2  3118     184   1.0  1.24E-07  7.21E-07  4.79E-12  0.00
 1248 6.2400E+06    2  3121     184   1.0  1.24E-07  7.21E-07  5.36E-13  0.00
 1249 6.2450E+06    2  3123     184   1.0  1.24E-07  7.20E-07  8.23E-13  0.00
 1250 6.2500E+06    2  3126     184   1.0  1.24E-07  7.20E-07  4.29E-13  0.00
 1251 6.2550E+06    2  3128     184   1.0  1.24E-07  7.20E-07  7.28E-13  0.00
 1252 6.2600E+06    2  3131     184   1.0  1.24E-07  7.20E-07  2.26E-13  0.00
 1253 6.2650E+06    2  3133     184   1.0  1.24E-07  7.20E-07  1.60E-13  0.00
 1254 6.2700E+06    2  3136     184   1.0  1.24E-07  7.20E-07  9.76E-14  0.00
 1255 6.2750E+06    2  3138     184   1.0  1.24E-07  7.20E-07  3.15E-14  0.00
 1256 6.2800E+06    2  3141     184   1.0  1.24E-07  7.19E-07  8.46E-14  0.00
 1257 6.2850E+06    2  3143     184   1.0  1.24E-07  7.19E-07  1.68E-12  0.00
 1258 6.2900E+06    2  3146     184   1.0  1.24E-07  7.19E-07  1.27E-11  0.00
 1259 6.2950E+06    2  3148     184   1.0  1.24E-07  7.19E-07  2.10E-13  0.00
 1260 6.3000E+06    2  3151     184   1.0  1.24E-07  7.19E-07  9.63E-13  0.00
 1261 6.3050E+06    2  3153     184   1.0  1.24E-07  7.19E-07  1.08E-13  0.00
 1262 6.3100E+06    2  3156     184   1.0  1.24E-07  7.19E-07  4.54E-13  0.00
 1263 6.3150E+06    2  3158     184   1.0  1.24E-07  7.18E-07  2.23E-12  0.00
 1264 6.3200E+06    2  3161     184   1.0  1.24E-07  7.18E-07  1.05E-13  0.00
 1265 6.3250E+06    2  3163     184   1.0  1.24E-07  7.18E-07  4.80E-13  0.00
 1266 6.3300E+06    2  3166     184   1.0  1.24E-07  7.18E-07  1.43E-12  0.00
 1267 6.3350E+06    2  3168     184   1.0  1.24E-07  7.18E-07  7.42E-13  0.00
 1268 6.3400E+06    2  3171     184   1.0  1.24E-07  7.18E-07  2.41E-13  0.00
 1269 6.3450E+06    2  3173     184   1.0  1.24E-07  7.18E-07  4.89E-13  0.00
 1270 6.3500E+06    2  3176     184   1.0  1.24E-07  7.17E-07  9.17E-13  0.00
 1271 6.3550E+06    2  3178     184   1.0  1.24E-07  7.17E-07  1.01E-12  0.00
 1272 6.3600E+06    2  3181     184   1.0  1.24E-07  7.17E-07  3.33E-12  0.00
 1273 6.3650E+06    2  3183     184   1.0  1.24E-07  7.17E-07  3.11E-12  0.00
 1274 6.3700E+06    2  3186     184   1.0  1.24E-07  7.17E-07  2.57E-13  0.00
 1275 6.3750E+06    2  3188     184   1.0  1.24E-07  7.17E-07  2.29E-12  0.00
 1276 6.3800E+06    2  3191     184   1.0  1.24E-07  7.17E-07  3.74E-12  0.00
 1277 6.3850E+06    2  3193     184   1.0  1.24E-07  7.16E-07  7.24E-13  0.00
 1278 6.3900E+06    2  3196     184   1.0  1.24E-07  7.16E-07  1.85E-12  0.00
 1279 6.3950E+06    2  3198     184   1.0  1.24E-07  7.16E-07  8.55E-14  0.00
 1280 6.4000E+06    2  3201     184   1.0  1.24E-07  7.16E-07  1.82E-13  0.00
 1281 6.4050E+06    2  3203     184   1.0  1.24E-07  7.16E-07  2.80E-12  0.00
 1282 6.4100E+06    2  3206     184   1.0  1.24E-07  7.16E-07  3.67E-13  0.00
 1283 6.4150E+06    2  3208     184   1.0  1.24E-07  7.16E-07  1.58E-12  0.00
 1284 6.4200E+06    2  3211     184   1.0  1.23E-07  7.16E-07  1.42E-13  0.00
 1285 6.4250E+06    2  3213     184   1.0  1.23E-07  7.15E-07  4.20E-13  0.00
 1286 6.4300E+06    2  3216     184   1.0  1.23E-07  7.15E-07  5.78E-13  0.00
 1287 6.4350E+06    2  3218     184   1.0  1.23E-07  7.15E-07  2.07E-12  0.00
 1288 6.4400E+06    2  3221     184   1.0  1.23E-07  7.15E-07  1.36E-12  0.00
 1289 6.4450E+06    2  3223     184   1.0  1.23E-07  7.15E-07  6.14E-14  0.00
 1290 6.4500E+06    2  3226     184   1.0  1.23E-07  7.15E-07  1.05E-13  0.00
 1291 6.4550E+06    2  3228     184   1.0  1.23E-07  7.15E-07  1.10E-12  0.00
 1292 6.4600E+06    2  3231     184   1.0  1.23E-07  7.14E-07  6.82E-13  0.00
 1293 6.4650E+06    2  3233     184   1.0  1.23E-07  7.14E-07  2.65E-11  0.00
 1294 6.4700E+06    2  3236     184   1.0  1.23E-07  7.14E-07  4.11E-12  0.00
 1295 6.4750E+06    2  3238     184   1.0  1.23E-07  7.14E-07  6.85E-13  0.00
 1296 6.4800E+06    2  3241     184   1.0  1.23E-07  7.14E-07  3.24E-12  0.00
 1297 6.4850E+06    2  3243     184   1.0  1.23E-07  7.14E-07  2.04E-12  0.00
 1298 6.4900E+06    2  3246     184   1.0  1.23E-07  7.14E-07  8.34E-13  0.00
 1299 6.4950E+06    2  3248     184   1.0  1.23E-07  7.13E-07  7.37E-13  0.00
 1300 6.5000E+06    2  3251     184   1.0  1.23E-07  7.13E-07  9.30E-14  0.00
 1301 6.5050E+06    2  3253     184   1.0  1.23E-07  7.13E-07  5.25E-12  0.00
 1302 6.5100E+06    2  3256     184   1.0  1.23E-07  7.13E-07  6.05E-14  0.00
 1303 6.5150E+06    2  3258     184   1.0  1.21E-07  6.96E-07  7.69E-13  0.00
 1304 6.5200E+06    2  3261     184   1.0  1.21E-07  6.91E-07  7.04E-14  0.00
 1305 6.5250E+06    2  3263     184   1.0  1.21E-07  6.91E-07  7.42E-14  0.00
 1306 6.5300E+06    2  3266     184   1.0  1.21E-07  6.91E-07  1.94E-12  0.00
 1307 6.5350E+06    2  3268     184   1.0  1.21E-07  6.91E-07  3.35E-12  0.00
 1308 6.5400E+06    2  3271     184   1.0  1.21E-07  6.91E-07  1.54E-12  0.00
 1309 6.5450E+06    2  3273     184   1.0  1.21E-07  6.91E-07  4.58E-13  0.00
 1310 6.5500E+06    2  3276     184   1.0  1.21E-07  6.90E-07  5.14E-13  0.00
 1311 6.5550E+06    2  3278     184   1.0  1.21E-07  6.90E-07  7.63E-14  0.00
 1312 6.5600E+06    2  3281     184   1.0  1.21E-07  6.90E-07  3.80E-14  0.00
 1313 6.5650E+06    2  3283     184   1.0  1.21E-07  6.90E-07  1.14E-12  0.00
 1314 6.5700E+06    2  3286     184   1.0  1.21E-07  6.90E-07  1.11E-12  0.00
 1315 6.5750E+06    2  3288     184   1.0  1.21E-07  6.90E-07  4.91E-13  0.00
 1316 6.5800E+06    2  3291     184   1.0  1.21E-07  6.90E-07  1.69E-11  0.00
 1317 6.5850E+06    2  3293     184   1.0  1.29E-07  6.93E-07  2.53E-11  0.00
 1318 6.5900E+06    2  3296     184   1.0  1.27E-07  6.93E-07  4.17E-13  0.00
 1319 6.5950E+06    2  3298     184   1.0  1.27E-07  6.93E-07  7.09E-14  0.00
 1320 6.6000E+06    2  3301     184   1.0  1.27E-07  6.93E-07  5.43E-13  0.00
 1321 6.6050E+06    2  3303     184   1.0  1.27E-07  6.93E-07  2.27E-13  0.00
 1322 6.6100E+06    2  3306     184   1.0  1.27E-07  6.93E-07  3.58E-13  0.00
 1323 6.6150E+06    2  3308     184   1.0  1.27E-07  6.93E-07  8.71E-11  0.00
 1324 6.6200E+06    2  3311     184   1.0  1.27E-07  6.92E-07  7.04E-14  0.00
 1325 6.6250E+06    2  3313     184   1.0  1.27E-07  6.92E-07  4.66E-13  0.00
 1326 6.6300E+06    2  3316     184   1.0  1.27E-07  6.92E-07  2.48E-13  0.00
 1327 6.6350E+06    2  3318     184   1.0  1.27E-07  6.92E-07  8.81E-13  0.00
 1328 6.6400E+06    2  3321     184   1.0  1.27E-07  6.92E-07  5.91E-11  0.00
 1329 6.6450E+06    2  3323     184   1.0  1.27E-07  6.92E-07  7.01E-13  0.00
 1330 6.6500E+06    2  3326     184   1.0  1.27E-07  6.92E-07  3.65E-14  0.00
 1331 6.6550E+06    2  3328     184   1.0  1.27E-07  6.92E-07  1.03E-13  0.00
 1332 6.6600E+06    2  3331     184   1.0  1.27E-07  6.91E-07  2.38E-12  0.00
 1333 6.6650E+06    2  3333     184   1.0  1.27E-07  6.91E-07  6.94E-13  0.00
 1334 6.6700E+06    2  3336     184   1.0  1.27E-07  6.91E-07  6.35E-14  0.00
 1335 6.6750E+06    2  3338     184   1.0  1.03E-07  5.48E-07  3.59E-13  0.00
 1336 6.6800E+06    2  3341     184   1.0  9.48E-08  5.00E-07  1.76E-13  0.00
 1337 6.6850E+06    2  3343     184   1.0  9.47E-08  5.00E-07  1.26E-12  0.00
 1338 6.6900E+06    2  3346     184   1.0  9.47E-08  5.00E-07  2.28E-13  0.00
 1339 6.6950E+06    2  3348     184   1.0  9.47E-08  5.00E-07  1.07E-12  0.00
 1340 6.7000E+06    2  3351     184   1.0  9.47E-08  5.00E-07  1.42E-14  0.00
 1341 6.7050E+06    2  3353     184   1.0  9.46E-08  5.00E-07  4.03E-13  0.00
 1342 6.7100E+06    2  3356     184   1.0  9.46E-08  5.00E-07  2.62E-13  0.00
 1343 6.7150E+06    2  3358     184   1.0  9.46E-08  4.99E-07  6.84E-13  0.00
 1344 6.7200E+06    2  3361     184   1.0  9.46E-08  4.99E-07  3.59E-13  0.00
 1345 6.7250E+06    2  3363     184   1.0  9.47E-08  4.99E-07  8.40E-13  0.00
 1346 6.7300E+06    2  3366     184   1.0  9.45E-08  4.99E-07  1.32E-12  0.00
 1347 6.7350E+06    2  3368     184   1.0  9.46E-08  4.99E-07  1.24E-13  0.00
 1348 6.7400E+06    2  3371     184   1.0  9.45E-08  4.99E-07  1.47E-13  0.00
 1349 6.7450E+06    2  3373     184   1.0  9.45E-08  4.99E-07  3.72E-13  0.00
 1350 6.7500E+06    2  3376     184   1.0  9.44E-08  4.99E-07  1.93E-13  0.00
 1351 6.7550E+06    2  3378     184   1.0  9.44E-08  4.98E-07  1.11E-13  0.00
 1352 6.7600E+06    2  3381     184   1.0  9.44E-08  4.98E-07  5.42E-13  0.00
 1353 6.7650E+06    2  3383     184   1.0  9.44E-08  4.98E-07  6.18E-13  0.00
 1354 6.7700E+06    2  3386     184   1.0  9.44E-08  4.98E-07  4.99E-13  0.00
 1355 6.7750E+06    2  3388     184   1.0  9.43E-08  4.98E-07  9.29E-14  0.00
 1356 6.7800E+06    2  3391     184   1.0  9.43E-08  4.98E-07  7.00E-13  0.00
 1357 6.7850E+06    2  3393     184   1.0  9.43E-08  4.98E-07  2.75E-10  0.00
 1358 6.7900E+06    2  3396     184   1.0  9.30E-08  4.85E-07  1.37E-11  0.00
 1359 6.7950E+06    2  3398     184   1.0  9.29E-08  4.85E-07  4.34E-13  0.00
 1360 6.8000E+06    2  3401     184   1.0  9.29E-08  4.85E-07  3.99E-13  0.00
 1361 6.8050E+06    2  3403     184   1.0  9.29E-08  4.85E-07  8.45E-13  0.00
 1362 6.8100E+06    2  3406     184   1.0  9.29E-08  4.85E-07  1.66E-12  0.00
 1363 6.8150E+06    2  3408     184   1.0  9.28E-08  4.85E-07  1.77E-13  0.00
 1364 6.8200E+06    2  3411     184   1.0  9.28E-08  4.84E-07  1.18E-12  0.00
 1365 6.8250E+06    2  3413     184   1.0  9.28E-08  4.84E-07  1.59E-13  0.00
 1366 6.8300E+06    2  3416     184   1.0  9.28E-08  4.84E-07  1.35E-13  0.00
 1367 6.8350E+06    2  3418     184   1.0  9.28E-08  4.84E-07  5.33E-13  0.00
 1368 6.8400E+06    2  3421     184   1.0  9.27E-08  4.84E-07  1.46E-11  0.00
 1369 6.8450E+06    2  3423     184   1.0  9.27E-08  4.84E-07  1.46E-12  0.00
 1370 6.8500E+06    2  3426     184   1.0  9.27E-08  4.84E-07  5.77E-12  0.00
 1371 6.8550E+06    2  3428     184   1.0  9.27E-08  4.84E-07  2.38E-14  0.00
 1372 6.8600E+06    2  3431     184   1.0  9.26E-08  4.84E-07  1.64E-12  0.00
 1373 6.8650E+06    2  3433     184   1.0  9.26E-08  4.83E-07  1.05E-12  0.00
 1374 6.8700E+06    2  3436     184   1.0  9.26E-08  4.83E-07  5.11E-12  0.00
 1375 6.8750E+06    2  3438     184   1.0  9.26E-08  4.83E-07  5.95E-13  0.00
 1376 6.8800E+06    2  3441     184   1.0  9.26E-08  4.83E-07  4.45E-13  0.00
 1377 6.8850E+06    2  3443     184   1.0  9.25E-08  4.83E-07  1.56E-12  0.00
 1378 6.8900E+06    2  3446     184   1.0  9.30E-08  4.85E-07  5.80E-10  0.00
 1379 6.8950E+06    2  3448     184   1.0  1.06E-07  5.40E-07  3.59E-12  0.00
 1380 6.9000E+06    2  3451     184   1.0  1.06E-07  5.40E-07  2.85E-12  0.00
 1381 6.9050E+06    2  3453     184   1.0  1.06E-07  5.40E-07  5.61E-12  0.00
 1382 6.9100E+06    2  3456     184   1.0  1.06E-07  5.40E-07  3.46E-13  0.00
 1383 6.9150E+06    2  3458     184   1.0  1.06E-07  5.40E-07  2.27E-12  0.00
 1384 6.9200E+06    2  3461     184   1.0  1.06E-07  5.40E-07  2.41E-10  0.00
 1385 6.9250E+06    2  3463     184   1.0  1.06E-07  5.40E-07  1.26E-13  0.00
 1386 6.9300E+06    2  3466     184   1.0  1.05E-07  5.39E-07  2.12E-13  0.00
 1387 6.9350E+06    2  3468     184   1.0  1.06E-07  5.39E-07  2.65E-13  0.00
 1388 6.9400E+06    2  3471     184   1.0  1.05E-07  5.39E-07  7.61E-12  0.00
 1389 6.9450E+06    2  3473     184   1.0  1.05E-07  5.39E-07  2.29E-13  0.00
 1390 6.9500E+06    2  3476     184   1.0  1.05E-07  5.39E-07  3.22E-12  0.00
 1391 6.9550E+06    2  3478     184   1.0  1.05E-07  5.39E-07  3.65E-13  0.00
 1392 6.9600E+06    2  3481     184   1.0  1.06E-07  5.39E-07  1.90E-13  0.00
 1393 6.9650E+06    2  3483     184   1.0  1.05E-07  5.39E-07  3.27E-13  0.00
 1394 6.9700E+06    2  3486     184   1.0  1.05E-07  5.39E-07  3.31E-13  0.00
 1395 6.9750E+06    2  3488     184   1.0  1.05E-07  5.39E-07  6.56E-14  0.00
 1396 6.9800E+06    2  3491     184   1.0  1.05E-07  5.38E-07  1.70E-12  0.00
 1397 6.9850E+06    2  3493     184   1.0  1.06E-07  5.38E-07  4.67E-11  0.00
 1398 6.9900E+06    2  3496     184   1.0  1.05E-07  5.38E-07  1.19E-13  0.00
 1399 6.9950E+06    2  3498     184   1.0  1.05E-07  5.38E-07  4.17E-13  0.00
 1400 7.0000E+06    2  3501     184   1.0  1.05E-07  5.38E-07  1.46E-11  0.00
 1401 7.0050E+06    2  3503     184   1.0  1.05E-07  5.38E-07  1.22E-13  0.00
 1402 7.0100E+06    2  3506     184   1.0  1.05E-07  5.38E-07  3.04E-13  0.00
 1403 7.0150E+06    2  3508     184   1.0  1.05E-07  5.38E-07  1.55E-12  0.00
 1404 7.0200E+06    2  3511     184   1.0  1.05E-07  5.38E-07  1.33E-12  0.00
 1405 7.0250E+06    2  3513     184   1.0  1.05E-07  5.37E-07  1.30E-12  0.00
 1406 7.0300E+06    2  3516     184   1.0  1.05E-07  5.37E-07  5.44E-13  0.00
 1407 7.0350E+06    2  3518     184   1.0  1.05E-07  5.37E-07  1.59E-13  0.00
 1408 7.0400E+06    2  3521     184   1.0  1.05E-07  5.37E-07  2.08E-12  0.00
 1409 7.0450E+06    2  3523     184   1.0  1.05E-07  5.37E-07  2.90E-13  0.00
 1410 7.0500E+06    2  3526     184   1.0  1.05E-07  5.37E-07  2.28E-11  0.00
 1411 7.0550E+06    2  3528     184   1.0  1.05E-07  5.37E-07  1.41E-12  0.00
 1412 7.0600E+06    2  3531     184   1.0  1.05E-07  5.37E-07  6.35E-13  0.00
 1413 7.0650E+06    2  3533     184   1.0  1.05E-07  5.37E-07  1.56E-14  0.00
 1414 7.0700E+06    2  3536     184   1.0  1.05E-07  5.36E-07  5.66E-13  0.00
 1415 7.0750E+06    2  3538     184   1.0  1.05E-07  5.36E-07  1.29E-12  0.00
 1416 7.0800E+06    2  3541     184   1.0  1.05E-07  5.36E-07  1.30E-12  0.00
 1417 7.0850E+06    2  3543     184   1.0  1.05E-07  5.36E-07  5.62E-13  0.00
 1418 7.0900E+06    2  3546     184   1.0  1.05E-07  5.36E-07  5.36E-13  0.00
 1419 7.0950E+06    2  3548     184   1.0  1.05E-07  5.36E-07  1.32E-11  0.00
 1420 7.1000E+06    2  3551     184   1.0  1.05E-07  5.36E-07  1.89E-13  0.00
 1421 7.1050E+06    2  3553     184   1.0  1.05E-07  5.36E-07  6.63E-12  0.00
 1422 7.1100E+06    2  3556     184   1.0  1.05E-07  5.36E-07  6.93E-13  0.00
 1423 7.1150E+06    2  3558     184   1.0  1.05E-07  5.35E-07  2.49E-14  0.00
 1424 7.1200E+06    2  3561     184   1.0  1.05E-07  5.35E-07  4.66E-11  0.00
 1425 7.1250E+06    2  3563     184   1.0  1.05E-07  5.35E-07  7.05E-13  0.00
 1426 7.1300E+06    2  3566     184   1.0  1.05E-07  5.35E-07  1.86E-13  0.00
 1427 7.1350E+06    2  3568     184   1.0  1.05E-07  5.35E-07  9.31E-14  0.00
 1428 7.1400E+06    2  3571     184   1.0  1.05E-07  5.35E-07  1.68E-12  0.00
 1429 7.1450E+06    2  3573     184   1.0  1.05E-07  5.35E-07  2.30E-13  0.00
 1430 7.1500E+06    2  3576     184   1.0  1.05E-07  5.35E-07  3.52E-12  0.00
 1431 7.1550E+06    2  3578     184   1.0  1.05E-07  5.35E-07  4.86E-13  0.00
 1432 7.1600E+06    2  3581     184   1.0  1.05E-07  5.35E-07  2.43E-11  0.00
 1433 7.1650E+06    2  3583     184   1.0  1.04E-07  5.34E-07  3.16E-13  0.00
 1434 7.1700E+06    2  3586     184   1.0  1.04E-07  5.34E-07  2.37E-13  0.00
 1435 7.1750E+06    2  3588     184   1.0  1.04E-07  5.34E-07  6.29E-13  0.00
 1436 7.1800E+06    2  3591     184   1.0  1.04E-07  5.34E-07  9.07E-13  0.00
 1437 7.1850E+06    2  3593     184   1.0  1.04E-07  5.34E-07  2.19E-14  0.00
 1438 7.1900E+06    2  3596     184   1.0  1.04E-07  5.34E-07  4.19E-13  0.00
 1439 7.1950E+06    2  3598     184   1.0  1.04E-07  5.34E-07  8.63E-13  0.00
 1440 7.2000E+06    2  3601     184   1.0  1.04E-07  5.34E-07  7.04E-13  0.00
 1441 7.2050E+06    2  3603     184   1.0  1.04E-07  5.34E-07  5.62E-13  0.00
 1442 7.2100E+06    2  3606     184   1.0  1.04E-07  5.33E-07  1.53E-13  0.00
 1443 7.2150E+06    2  3608     184   1.0  1.04E-07  5.33E-07  6.24E-11  0.00
 1444 7.2200E+06    2  3611     184   1.0  1.04E-07  5.33E-07  3.70E-13  0.00
 1445 7.2250E+06    2  3613     184   1.0  1.04E-07  5.33E-07  3.23E-13  0.00
 1446 7.2300E+06    2  3616     184   1.0  1.04E-07  5.33E-07  6.13E-14  0.00
 1447 7.2350E+06    2  3618     184   1.0  1.04E-07  5.33E-07  3.73E-13  0.00
 1448 7.2400E+06    2  3621     184   1.0  1.04E-07  5.33E-07  1.78E-13  0.00
 1449 7.2450E+06    2  3623     184   1.0  1.04E-07  5.33E-07  5.45E-11  0.00
 1450 7.2500E+06    2  3626     184   1.0  1.04E-07  5.33E-07  7.76E-14  0.00
 1451 7.2550E+06    2  3628     184   1.0  1.04E-07  5.32E-07  1.16E-12  0.00
 1452 7.2600E+06    2  3631     184   1.0  1.04E-07  5.32E-07  5.02E-14  0.00
 1453 7.2650E+06    2  3633     184   1.0  1.04E-07  5.33E-07  7.40E-13  0.00
 1454 7.2700E+06    2  3636     184   1.0  1.04E-07  5.34E-07  8.56E-13  0.00
 1455 7.2750E+06    2  3638     184   1.0  1.04E-07  5.34E-07  3.27E-13  0.00
 1456 7.2800E+06    2  3641     184   1.0  1.04E-07  5.34E-07  3.52E-13  0.00
 1457 7.2850E+06    2  3643     184   1.0  1.04E-07  5.34E-07  5.84E-13  0.00
 1458 7.2900E+06    2  3646     184   1.0  1.04E-07  5.34E-07  4.70E-13  0.00
 1459 7.2950E+06    2  3648     184   1.0  1.04E-07  5.34E-07  1.62E-12  0.00
 1460 7.3000E+06    2  3651     184   1.0  1.04E-07  5.33E-07  6.54E-12  0.00
 1461 7.3050E+06    2  3653     184   1.0  1.04E-07  5.33E-07  1.64E-12  0.00
 1462 7.3100E+06    2  3656     184   1.0  1.04E-07  5.33E-07  3.30E-12  0.00
 1463 7.3150E+06    2  3658     184   1.0  1.04E-07  5.33E-07  1.30E-12  0.00
 1464 7.3200E+06    2  3661     184   1.0  1.04E-07  5.33E-07  1.67E-12  0.00
 1465 7.3250E+06    2  3663     184   1.0  1.04E-07  5.33E-07  2.49E-13  0.00
 1466 7.3300E+06    2  3666     184   1.0  1.04E-07  5.33E-07  4.03E-13  0.00
 1467 7.3350E+06    2  3668     184   1.0  1.04E-07  5.33E-07  2.56E-12  0.00
 1468 7.3400E+06    2  3671     184   1.0  1.04E-07  5.33E-07  2.41E-12  0.00
 1469 7.3450E+06    2  3673     184   1.0  1.04E-07  5.32E-07  8.58E-13  0.00
 1470 7.3500E+06    2  3676     184   1.0  1.04E-07  5.32E-07  3.41E-13  0.00
 1471 7.3550E+06    2  3678     184   1.0  1.04E-07  5.32E-07  1.03E-12  0.00
 1472 7.3600E+06    2  3681     184   1.0  1.04E-07  5.32E-07  1.92E-12  0.00
 1473 7.3650E+06    2  3683     184   1.0  1.04E-07  5.32E-07  2.02E-12  0.00
 1474 7.3700E+06    2  3686     184   1.0  1.03E-07  5.32E-07  3.25E-14  0.00
 1475 7.3750E+06    2  3688     184   1.0  1.03E-07  5.32E-07  2.97E-12  0.00
 1476 7.3800E+06    2  3691     184   1.0  1.03E-07  5.32E-07  3.08E-12  0.00
 1477 7.3850E+06    2  3693     184   1.0  1.03E-07  5.32E-07  2.01E-13  0.00
 1478 7.3900E+06    2  3696     184   1.0  1.03E-07  5.31E-07  1.01E-13  0.00
 1479 7.3950E+06    2  3698     184   1.0  1.03E-07  5.31E-07  8.23E-13  0.00
 1480 7.4000E+06    2  3701     184   1.0  1.03E-07  5.31E-07  2.00E-12  0.00
 1481 7.4050E+06    2  3703     184   1.0  1.03E-07  5.31E-07  4.46E-13  0.00
 1482 7.4100E+06    2  3706     184   1.0  1.03E-07  5.31E-07  7.57E-14  0.00
 1483 7.4150E+06    2  3708     184   1.0  1.03E-07  5.31E-07  5.95E-13  0.00
 1484 7.4200E+06    2  3711     184   1.0  1.03E-07  5.31E-07  5.88E-14  0.00
 1485 7.4250E+06    2  3713     184   1.0  1.03E-07  5.31E-07  7.53E-14  0.00
 1486 7.4300E+06    2  3716     184   1.0  1.03E-07  5.31E-07  1.65E-12  0.00
 1487 7.4350E+06    2  3718     184   1.0  1.03E-07  5.31E-07  1.62E-12  0.00
 1488 7.4400E+06    2  3721     184   1.0  1.03E-07  5.30E-07  5.98E-13  0.00
 1489 7.4450E+06    2  3723     184   1.0  1.03E-07  5.30E-07  8.55E-13  0.00
 1490 7.4500E+06    2  3726     184   1.0  1.03E-07  5.30E-07  3.71E-14  0.00
 1491 7.4550E+06    2  3728     184   1.0  1.03E-07  5.30E-07  8.49E-13  0.00
 1492 7.4600E+06    2  3731     184   1.0  1.03E-07  5.30E-07  3.18E-14  0.00
 1493 7.4650E+06    2  3733     184   1.0  1.03E-07  5.30E-07  8.06E-13  0.00
 1494 7.4700E+06    2  3736     184   1.0  1.03E-07  5.30E-07  1.90E-13  0.00
 1495 7.4750E+06    2  3738     184   1.0  1.03E-07  5.30E-07  2.53E-12  0.00
 1496 7.4800E+06    2  3741     184   1.0  1.03E-07  5.30E-07  2.91E-12  0.00
 1497 7.4850E+06    2  3743     184   1.0  1.03E-07  5.29E-07  3.57E-13  0.00
 1498 7.4900E+06    2  3746     184   1.0  1.03E-07  5.29E-07  3.36E-13  0.00
 1499 7.4950E+06    2  3748     184   1.0  1.03E-07  5.29E-07  1.34E-13  0.00
 1500 7.5000E+06    2  3751     184   1.0  1.03E-07  5.29E-07  3.69E-12  0.00
 1501 7.5050E+06    2  3753     184   1.0  1.03E-07  5.29E-07  1.26E-12  0.00
 1502 7.5100E+06    2  3756     184   1.0  1.03E-07  5.29E-07  5.52E-13  0.00
 1503 7.5150E+06    2  3758     184   1.0  1.03E-07  5.29E-07  2.54E-13  0.00
 1504 7.5200E+06    2  3761     184   1.0  1.03E-07  5.29E-07  1.82E-12  0.00
 1505 7.5250E+06    2  3763     184   1.0  1.03E-07  5.29E-07  2.93E-14  0.00
 1506 7.5300E+06    2  3766     184   1.0  1.03E-07  5.28E-07  4.34E-12  0.00
 1507 7.5350E+06    2  3768     184   1.0  1.03E-07  5.28E-07  6.40E-14  0.00
 1508 7.5400E+06    2  3771     184   1.0  1.03E-07  5.28E-07  2.52E-13  0.00
 1509 7.5450E+06    2  3773     184   1.0  1.03E-07  5.28E-07  1.21E-12  0.00
 1510 7.5500E+06    2  3776     184   1.0  1.03E-07  5.28E-07  4.06E-13  0.00
 1511 7.5550E+06    2  3778     184   1.0  1.03E-07  5.28E-07  9.65E-14  0.00
 1512 7.5600E+06    2  3781     184   1.0  1.03E-07  5.28E-07  4.19E-11  0.00
 1513 7.5650E+06    2  3783     184   1.0  1.03E-07  5.28E-07  1.85E-13  0.00
 1514 7.5700E+06    2  3786     184   1.0  1.03E-07  5.28E-07  1.11E-13  0.00
 1515 7.5750E+06    2  3788     184   1.0  1.03E-07  5.27E-07  1.66E-13  0.00
 1516 7.5800E+06    2  3791     184   1.0  1.03E-07  5.27E-07  5.01E-13  0.00
 1517 7.5850E+06    2  3793     184   1.0  1.03E-07  5.27E-07  7.43E-14  0.00
 1518 7.5900E+06    2  3796     184   1.0  1.03E-07  5.27E-07  3.22E-13  0.00
 1519 7.5950E+06    2  3798     184   1.0  1.03E-07  5.27E-07  1.62E-13  0.00
 1520 7.6000E+06    2  3801     184   1.0  1.03E-07  5.27E-07  4.53E-13  0.00
 1521 7.6050E+06    2  3803     184   1.0  1.03E-07  5.27E-07  5.66E-13  0.00
 1522 7.6100E+06    2  3806     184   1.0  1.02E-07  5.27E-07  1.26E-11  0.00
 1523 7.6150E+06    2  3808     184   1.0  1.02E-07  5.27E-07  1.80E-13  0.00
 1524 7.6200E+06    2  3811     184   1.0  1.03E-07  5.27E-07  6.32E-15  0.00
 1525 7.6250E+06    2  3813     184   1.0  1.02E-07  5.26E-07  5.56E-14  0.00
 1526 7.6300E+06    2  3816     184   1.0  1.02E-07  5.26E-07  3.38E-10  0.00
 1527 7.6350E+06    2  3818     184   1.0  1.02E-07  5.26E-07  4.33E-13  0.00
 1528 7.6400E+06    2  3821     184   1.0  1.02E-07  5.26E-07  6.64E-13  0.00
 1529 7.6450E+06    2  3823     184   1.0  1.02E-07  5.26E-07  2.03E-13  0.00
 1530 7.6500E+06    2  3826     184   1.0  1.02E-07  5.26E-07  4.14E-13  0.00
 1531 7.6550E+06    2  3828     184   1.0  1.02E-07  5.26E-07  2.28E-11  0.00
 1532 7.6600E+06    2  3831     184   1.0  1.02E-07  5.26E-07  4.29E-13  0.00
 1533 7.6650E+06    2  3833     184   1.0  1.02E-07  5.26E-07  8.87E-13  0.00
 1534 7.6700E+06    2  3836     184   1.0  1.02E-07  5.25E-07  1.87E-13  0.00
 1535 7.6750E+06    2  3838     184   1.0  1.02E-07  5.25E-07  1.85E-12  0.00
 1536 7.6800E+06    2  3841     184   1.0  1.02E-07  5.25E-07  1.55E-12  0.00
 1537 7.6850E+06    2  3843     184   1.0  1.02E-07  5.25E-07  1.58E-13  0.00
 1538 7.6900E+06    2  3846     184   1.0  1.07E-07  5.26E-07  1.98E-11  0.00
 1539 7.6950E+06    2  3848     184   1.0  1.05E-07  5.25E-07  3.31E-12  0.00
 1540 7.7000E+06    2  3851     184   1.0  1.05E-07  5.25E-07  2.54E-13  0.00
 1541 7.7050E+06    2  3853     184   1.0  1.05E-07  5.25E-07  2.14E-12  0.00
 1542 7.7100E+06    2  3856     184   1.0  1.05E-07  5.25E-07  1.48E-14  0.00
 1543 7.7150E+06    2  3858     184   1.0  1.05E-07  5.25E-07  5.09E-13  0.00
 1544 7.7200E+06    2  3861     184   1.0  1.05E-07  5.24E-07  1.11E-12  0.00
 1545 7.7250E+06    2  3863     184   1.0  1.05E-07  5.24E-07  1.16E-12  0.00
 1546 7.7300E+06    2  3866     184   1.0  1.05E-07  5.24E-07  8.06E-14  0.00
 1547 7.7350E+06    2  3868     184   1.0  1.05E-07  5.24E-07  2.16E-12  0.00
 1548 7.7400E+06    2  3871     184   1.0  1.05E-07  5.24E-07  6.84E-13  0.00
 1549 7.7450E+06    2  3873     184   1.0  1.05E-07  5.24E-07  1.69E-12  0.00
 1550 7.7500E+06    2  3876     184   1.0  1.05E-07  5.24E-07  4.86E-12  0.00
 1551 7.7550E+06    2  3878     184   1.0  1.05E-07  5.24E-07  1.49E-12  0.00
 1552 7.7600E+06    2  3881     184   1.0  1.05E-07  5.24E-07  5.08E-13  0.00
 1553 7.7650E+06    2  3883     184   1.0  1.05E-07  5.26E-07  3.61E-12  0.00
 1554 7.7700E+06    2  3886     184   1.0  1.02E-07  5.35E-07  8.75E-13  0.00
 1555 7.7750E+06    2  3888     184   1.0  1.02E-07  5.35E-07  1.46E-12  0.00
 1556 7.7800E+06    2  3891     184   1.0  1.02E-07  5.34E-07  3.28E-12  0.00
 1557 7.7850E+06    2  3893     184   1.0  1.02E-07  5.34E-07  2.76E-11  0.00
 1558 7.7900E+06    2  3896     184   1.0  1.01E-07  5.28E-07  2.54E-12  0.00
 1559 7.7950E+06    2  3898     184   1.0  1.01E-07  5.28E-07  1.19E-13  0.00
 1560 7.8000E+06    2  3901     184   1.0  1.01E-07  5.28E-07  6.87E-12  0.00
 1561 7.8050E+06    2  3903     184   1.0  1.01E-07  5.27E-07  5.69E-12  0.00
 1562 7.8100E+06    2  3906     184   1.0  1.01E-07  5.27E-07  1.41E-12  0.00
 1563 7.8150E+06    2  3908     184   1.0  1.01E-07  5.27E-07  9.28E-13  0.00
 1564 7.8200E+06    2  3911     184   1.0  1.01E-07  5.27E-07  5.53E-13  0.00
 1565 7.8250E+06    2  3913     184   1.0  1.01E-07  5.27E-07  2.68E-14  0.00
 1566 7.8300E+06    2  3916     184   1.0  1.01E-07  5.27E-07  3.44E-13  0.00
 1567 7.8350E+06    2  3918     184   1.0  1.01E-07  5.27E-07  8.81E-13  0.00
 1568 7.8400E+06    2  3921     184   1.0  1.01E-07  5.27E-07  2.28E-13  0.00
 1569 7.8450E+06    2  3923     184   1.0  1.01E-07  5.27E-07  3.41E-14  0.00
 1570 7.8500E+06    2  3926     184   1.0  1.01E-07  5.27E-07  2.27E-12  0.00
 1571 7.8550E+06    2  3928     184   1.0  1.01E-07  5.26E-07  5.27E-12  0.00
 1572 7.8600E+06    2  3931     184   1.0  1.01E-07  5.26E-07  3.84E-14  0.00
 1573 7.8650E+06    2  3933     184   1.0  1.01E-07  5.26E-07  1.07E-12  0.00
 1574 7.8700E+06    2  3936     184   1.0  1.01E-07  5.26E-07  3.65E-13  0.00
 1575 7.8750E+06    2  3938     184   1.0  1.01E-07  5.26E-07  7.88E-13  0.00
 1576 7.8800E+06    2  3941     184   1.0  1.01E-07  5.26E-07  1.20E-13  0.00
 1577 7.8850E+06    2  3943     184   1.0  1.01E-07  5.26E-07  6.11E-14  0.00
 1578 7.8900E+06    2  3946     184   1.0  1.01E-07  5.26E-07  1.95E-11  0.00
 1579 7.8950E+06    2  3948     184   1.0  1.01E-07  5.26E-07  9.75E-13  0.00
 1580 7.9000E+06    2  3951     184   1.0  1.01E-07  5.26E-07  1.63E-12  0.00
 1581 7.9050E+06    2  3953     184   1.0  1.01E-07  5.25E-07  9.16E-15  0.00
 1582 7.9100E+06    2  3956     184   1.0  1.01E-07  5.25E-07  9.28E-13  0.00
 1583 7.9150E+06    2  3958     184   1.0  1.01E-07  5.25E-07  9.33E-13  0.00
 1584 7.9200E+06    2  3961     184   1.0  1.00E-07  5.25E-07  4.52E-13  0.00
 1585 7.9250E+06    2  3963     184   1.0  1.00E-07  5.25E-07  5.83E-13  0.00
 1586 7.9300E+06    2  3966     184   1.0  1.00E-07  5.25E-07  1.15E-12  0.00
 1587 7.9350E+06    2  3968     184   1.0  1.00E-07  5.25E-07  5.19E-12  0.00
 1588 7.9400E+06    2  3971     184   1.0  1.02E-07  5.33E-07  1.34E-13  0.00
 1589 7.9450E+06    2  3973     184   1.0  1.04E-07  5.48E-07  8.54E-14  0.00
 1590 7.9500E+06    2  3976     184   1.0  1.04E-07  5.48E-07  2.78E-12  0.00
 1591 7.9550E+06    2  3978     184   1.0  1.04E-07  5.48E-07  6.91E-13  0.00
 1592 7.9600E+06    2  3981     184   1.0  1.04E-07  5.48E-07  5.82E-12  0.00
 1593 7.9650E+06    2  3983     184   1.0  1.04E-07  5.48E-07  3.87E-12  0.00
 1594 7.9700E+06    2  3986     184   1.0  1.04E-07  5.48E-07  4.34E-14  0.00
 1595 7.9750E+06    2  3988     184   1.0  1.04E-07  5.48E-07  6.64E-13  0.00
 1596 7.9800E+06    2  3991     184   1.0  1.04E-07  5.48E-07  8.70E-13  0.00
 1597 7.9850E+06    2  3993     184   1.0  1.04E-07  5.47E-07  1.58E-12  0.00
 1598 7.9900E+06    2  3996     184   1.0  1.04E-07  5.47E-07  1.87E-12  0.00
 1599 7.9950E+06    2  3998     184   1.0  1.04E-07  5.47E-07  1.06E-13  0.00
 1600 8.0000E+06    2  4001     184   1.0  1.04E-07  5.47E-07  1.83E-12  0.00
 1601 8.0050E+06    2  4003     184   1.0  1.04E-07  5.47E-07  6.85E-13  0.00
 1602 8.0100E+06    2  4006     184   1.0  1.04E-07  5.47E-07  1.72E-13  0.00
 1603 8.0150E+06    2  4008     184   1.0  1.04E-07  5.47E-07  1.34E-12  0.00
 1604 8.0200E+06    2  4011     184   1.0  1.04E-07  5.47E-07  6.40E-14  0.00
 1605 8.0250E+06    2  4013     184   1.0  1.04E-07  5.47E-07  7.71E-13  0.00
 1606 8.0300E+06    2  4016     184   1.0  1.04E-07  5.47E-07  5.27E-12  0.00
 1607 8.0350E+06    2  4018     184   1.0  1.04E-07  5.46E-07  3.53E-12  0.00
 1608 8.0400E+06    2  4021     184   1.0  1.04E-07  5.46E-07  1.06E-11  0.00
 1609 8.0450E+06    2  4023     184   1.0  1.04E-07  5.46E-07  2.95E-13  0.00
 1610 8.0500E+06    2  4026     184   1.0  1.04E-07  5.46E-07  8.53E-13  0.00
 1611 8.0550E+06    2  4028     184   1.0  1.04E-07  5.46E-07  7.97E-13  0.00
 1612 8.0600E+06    2  4031     184   1.0  1.04E-07  5.46E-07  2.36E-13  0.00
 1613 8.0650E+06    2  4033     184   1.0  1.04E-07  5.46E-07  1.68E-12  0.00
 1614 8.0700E+06    2  4036     184   1.0  1.04E-07  5.46E-07  3.95E-13  0.00
 1615 8.0750E+06    2  4038     184   1.0  1.04E-07  5.46E-07  9.98E-13  0.00
 1616 8.0800E+06    2  4041     184   1.0  1.04E-07  5.46E-07  3.22E-12  0.00
 1617 8.0850E+06    2  4043     184   1.0  1.04E-07  5.45E-07  8.60E-13  0.00
 1618 8.0900E+06    2  4046     184   1.0  1.04E-07  5.45E-07  1.58E-12  0.00
 1619 8.0950E+06    2  4048     184   1.0  1.04E-07  5.45E-07  1.07E-12  0.00
 1620 8.1000E+06    2  4051     184   1.0  1.04E-07  5.45E-07  1.12E-12  0.00
 1621 8.1050E+06    2  4053     184   1.0  1.04E-07  5.45E-07  2.34E-13  0.00
 1622 8.1100E+06    2  4056     184   1.0  1.04E-07  5.45E-07  2.38E-13  0.00
 1623 8.1150E+06    2  4058     184   1.0  1.04E-07  5.45E-07  3.84E-13  0.00
 1624 8.1200E+06    2  4061     184   1.0  1.04E-07  5.45E-07  1.92E-12  0.00
 1625 8.1250E+06    2  4063     184   1.0  1.04E-07  5.45E-07  1.31E-13  0.00
 1626 8.1300E+06    2  4066     184   1.0  1.04E-07  5.44E-07  6.32E-13  0.00
 1627 8.1350E+06    2  4068     184   1.0  1.03E-07  5.44E-07  3.56E-13  0.00
 1628 8.1400E+06    2  4071     184   1.0  1.03E-07  5.44E-07  1.82E-11  0.00
 1629 8.1450E+06    2  4073     184   1.0  1.03E-07  5.44E-07  9.92E-12  0.00
 1630 8.1500E+06    2  4076     184   1.0  1.03E-07  5.44E-07  2.39E-13  0.00
 1631 8.1550E+06    2  4078     184   1.0  1.03E-07  5.44E-07  3.69E-14  0.00
 1632 8.1600E+06    2  4081     184   1.0  1.03E-07  5.44E-07  1.36E-13  0.00
 1633 8.1650E+06    2  4083     184   1.0  1.03E-07  5.44E-07  1.08E-12  0.00
 1634 8.1700E+06    2  4086     184   1.0  1.03E-07  5.44E-07  1.61E-13  0.00
 1635 8.1750E+06    2  4088     184   1.0  1.03E-07  5.44E-07  6.07E-14  0.00
 1636 8.1800E+06    2  4091     184   1.0  1.03E-07  5.43E-07  5.44E-13  0.00
 1637 8.1850E+06    2  4093     184   1.0  1.03E-07  5.43E-07  6.41E-14  0.00
 1638 8.1900E+06    2  4096     184   1.0  1.03E-07  5.43E-07  1.97E-12  0.00
 1639 8.1950E+06    2  4098     184   1.0  1.03E-07  5.43E-07  2.82E-13  0.00
 1640 8.2000E+06    2  4101     184   1.0  1.03E-07  5.43E-07  3.05E-13  0.00
 1641 8.2050E+06    2  4103     184   1.0  1.03E-07  5.43E-07  4.41E-12  0.00
 1642 8.2100E+06    2  4106     184   1.0  1.03E-07  5.43E-07  5.44E-13  0.00
 1643 8.2150E+06    2  4108     184   1.0  1.03E-07  5.43E-07  5.04E-13  0.00
 1644 8.2200E+06    2  4111     184   1.0  1.03E-07  5.43E-07  8.45E-14  0.00
 1645 8.2250E+06    2  4113     184   1.0  1.03E-07  5.43E-07  2.32E-13  0.00
 1646 8.2300E+06    2  4116     184   1.0  1.03E-07  5.42E-07  1.44E-14  0.00
 1647 8.2350E+06    2  4118     184   1.0  1.03E-07  5.42E-07  1.30E-13  0.00
 1648 8.2400E+06    2  4121     184   1.0  1.03E-07  5.42E-07  1.22E-13  0.00
 1649 8.2450E+06    2  4123     184   1.0  1.03E-07  5.42E-07  1.26E-11  0.00
 1650 8.2500E+06    2  4126     184   1.0  1.03E-07  5.42E-07  5.07E-11  0.00
 1651 8.2550E+06    2  4128     184   1.0  1.03E-07  5.42E-07  6.31E-13  0.00
 1652 8.2600E+06    2  4131     184   1.0  1.03E-07  5.42E-07  4.41E-14  0.00
 1653 8.2650E+06    2  4133     184   1.0  1.03E-07  5.42E-07  5.06E-13  0.00
 1654 8.2700E+06    2  4136     184   1.0  1.09E-07  5.97E-07  1.76E-13  0.00
 1655 8.2750E+06    2  4138     184   1.0  1.13E-07  6.39E-07  5.83E-14  0.00
 1656 8.2800E+06    2  4141     184   1.0  1.13E-07  6.39E-07  6.92E-13  0.00
 1657 8.2850E+06    2  4143     184   1.0  1.13E-07  6.39E-07  7.23E-13  0.00
 1658 8.2900E+06    2  4146     184   1.0  1.13E-07  6.39E-07  9.73E-14  0.00
 1659 8.2950E+06    2  4148     184   1.0  1.13E-07  6.39E-07  1.40E-12  0.00
 1660 8.3000E+06    2  4151     184   1.0  1.05E-07  6.25E-07  2.29E-13  0.00
 1661 8.3050E+06    2  4153     184   1.0  1.02E-07  6.21E-07  8.96E-15  0.00
 1662 8.3100E+06    2  4156     184   1.0  1.02E-07  6.21E-07  2.90E-13  0.00
 1663 8.3150E+06    2  4158     184   1.0  1.02E-07  6.20E-07  9.38E-13  0.00
 1664 8.3200E+06    2  4161     184   1.0  1.02E-07  6.20E-07  3.95E-13  0.00
 1665 8.3250E+06    2  4163     184   1.0  1.02E-07  6.18E-07  9.88E-13  0.00
 1666 8.3300E+06    2  4166     184   1.0  1.01E-07  6.15E-07  6.91E-13  0.00
 1667 8.3350E+06    2  4168     184   1.0  1.01E-07  6.14E-07  7.55E-14  0.00
 1668 8.3400E+06    2  4171     184   1.0  1.01E-07  6.14E-07  2.30E-12  0.00
 1669 8.3450E+06    2  4173     184   1.0  1.01E-07  6.14E-07  1.08E-13  0.00
 1670 8.3500E+06    2  4176     184   1.0  1.01E-07  6.14E-07  1.38E-12  0.00
 1671 8.3550E+06    2  4178     184   1.0  1.01E-07  6.14E-07  1.46E-11  0.00
 1672 8.3600E+06    2  4181     184   1.0  1.01E-07  6.14E-07  1.50E-12  0.00
 1673 8.3650E+06    2  4183     184   1.0  1.01E-07  6.14E-07  1.91E-13  0.00
 1674 8.3700E+06    2  4186     184   1.0  1.01E-07  6.14E-07  7.97E-13  0.00
 1675 8.3750E+06    2  4188     184   1.0  1.01E-07  6.14E-07  6.51E-14  0.00
 1676 8.3800E+06    2  4191     184   1.0  1.01E-07  6.13E-07  1.67E-12  0.00
 1677 8.3850E+06    2  4193     184   1.0  1.01E-07  6.13E-07  2.74E-12  0.00
 1678 8.3900E+06    2  4196     184   1.0  1.01E-07  6.13E-07  5.69E-13  0.00
 1679 8.3950E+06    2  4198     184   1.0  1.01E-07  6.13E-07  2.38E-13  0.00
 1680 8.4000E+06    2  4201     184   1.0  1.01E-07  6.13E-07  6.48E-13  0.00
 1681 8.4050E+06    2  4203     184   1.0  1.01E-07  6.13E-07  1.60E-13  0.00
 1682 8.4100E+06    2  4206     184   1.0  1.01E-07  6.13E-07  1.58E-13  0.00
 1683 8.4150E+06    2  4208     184   1.0  1.01E-07  6.13E-07  4.07E-13  0.00
 1684 8.4200E+06    2  4211     184   1.0  1.01E-07  6.13E-07  7.73E-14  0.00
 1685 8.4250E+06    2  4213     184   1.0  1.00E-07  6.10E-07  4.59E-13  0.00
 1686 8.4300E+06    2  4216     184   1.0  9.84E-08  6.07E-07  3.24E-12  0.00
 1687 8.4350E+06    2  4218     184   1.0  9.84E-08  6.07E-07  4.13E-13  0.00
 1688 8.4400E+06    2  4221     184   1.0  9.99E-08  6.03E-07  1.79E-11  0.00
 1689 8.4450E+06    2  4223     184   1.0  1.04E-07  5.94E-07  5.05E-12  0.00
 1690 8.4500E+06    2  4226     184   1.0  1.04E-07  5.94E-07  9.39E-14  0.00
 1691 8.4550E+06    2  4228     184   1.0  1.04E-07  5.94E-07  6.55E-14  0.00
 1692 8.4600E+06    2  4231     184   1.0  1.04E-07  5.94E-07  5.63E-13  0.00
 1693 8.4650E+06    2  4233     184   1.0  1.04E-07  5.94E-07  5.96E-14  0.00
 1694 8.4700E+06    2  4236     184   1.0  1.04E-07  5.94E-07  6.34E-13  0.00
 1695 8.4750E+06    2  4238     184   1.0  1.04E-07  5.94E-07  3.12E-12  0.00
 1696 8.4800E+06    2  4241     184   1.0  1.04E-07  5.94E-07  1.80E-12  0.00
 1697 8.4850E+06    2  4243     184   1.0  1.04E-07  5.93E-07  4.89E-13  0.00
 1698 8.4900E+06    2  4246     184   1.0  1.04E-07  5.93E-07  3.99E-13  0.00
 1699 8.4950E+06    2  4248     184   1.0  1.04E-07  5.93E-07  1.04E-13  0.00
 1700 8.5000E+06    2  4251     184   1.0  1.04E-07  5.93E-07  1.07E-11  0.00
 1701 8.5050E+06    2  4253     184   1.0  1.04E-07  5.93E-07  5.88E-13  0.00
 1702 8.5100E+06    2  4256     184   1.0  1.04E-07  5.93E-07  4.43E-12  0.00
 1703 8.5150E+06    2  4258     184   1.0  1.04E-07  5.93E-07  1.48E-12  0.00
 1704 8.5200E+06    2  4261     184   1.0  1.04E-07  5.93E-07  2.50E-12  0.00
 1705 8.5250E+06    2  4263     184   1.0  1.04E-07  6.01E-07  6.75E-13  0.00
 1706 8.5300E+06    2  4266     184   1.0  1.04E-07  6.24E-07  2.72E-13  0.00
 1707 8.5350E+06    2  4268     184   1.0  1.04E-07  6.24E-07  5.65E-13  0.00
 1708 8.5400E+06    2  4271     184   1.0  1.04E-07  6.24E-07  1.21E-12  0.00
 1709 8.5450E+06    2  4273     184   1.0  1.04E-07  6.24E-07  3.03E-12  0.00
 1710 8.5500E+06    2  4276     184   1.0  1.07E-07  6.44E-07  1.20E-12  0.00
 1711 8.5550E+06    2  4278     184   1.0  1.12E-07  6.87E-07  2.60E-13  0.00
 1712 8.5600E+06    2  4281     184   1.0  1.12E-07  6.87E-07  6.28E-12  0.00
 1713 8.5650E+06    2  4283     184   1.0  1.12E-07  6.87E-07  2.32E-14  0.00
 1714 8.5700E+06    2  4286     184   1.0  1.12E-07  6.87E-07  2.02E-13  0.00
 1715 8.5750E+06    2  4288     184   1.0  1.14E-07  6.97E-07  2.51E-14  0.00
 1716 8.5800E+06    2  4291     184   1.0  1.16E-07  7.07E-07  1.79E-13  0.00
 1717 8.5850E+06    2  4293     184   1.0  1.16E-07  7.07E-07  6.45E-13  0.00
 1718 8.5900E+06    2  4296     184   1.0  1.16E-07  7.07E-07  1.07E-12  0.00
 1719 8.5950E+06    2  4298     184   1.0  1.16E-07  7.07E-07  7.14E-12  0.00
 1720 8.6000E+06    2  4301     184   1.0  1.16E-07  7.07E-07  7.01E-13  0.00
 1721 8.6050E+06    2  4303     184   1.0  1.16E-07  7.07E-07  3.76E-13  0.00
 1722 8.6100E+06    2  4306     184   1.0  1.16E-07  7.07E-07  8.37E-11  0.00
 1723 8.6150E+06    2  4308     184   1.0  1.16E-07  7.07E-07  6.95E-14  0.00
 1724 8.6200E+06    2  4311     184   1.0  1.16E-07  7.06E-07  5.48E-14  0.00
 1725 8.6250E+06    2  4313     184   1.0  1.16E-07  7.06E-07  1.15E-13  0.00
 1726 8.6300E+06    2  4316     184   1.0  1.16E-07  7.06E-07  3.32E-12  0.00
 1727 8.6350E+06    2  4318     184   1.0  1.16E-07  7.06E-07  2.02E-13  0.00
 1728 8.6400E+06    2  4321     184   1.0  1.16E-07  7.06E-07  6.30E-13  0.00
 1729 8.6450E+06    2  4323     184   1.0  1.16E-07  7.06E-07  1.14E-12  0.00
 1730 8.6500E+06    2  4326     184   1.0  1.16E-07  7.06E-07  1.77E-12  0.00
 1731 8.6550E+06    2  4328     184   1.0  1.16E-07  7.06E-07  3.96E-11  0.00
 1732 8.6600E+06    2  4331     184   1.0  1.16E-07  7.05E-07  1.86E-12  0.00
 1733 8.6650E+06    2  4333     184   1.0  1.16E-07  7.05E-07  1.14E-13  0.00
 1734 8.6700E+06    2  4336     184   1.0  1.16E-07  7.05E-07  5.28E-13  0.00
 1735 8.6750E+06    2  4338     184   1.0  1.16E-07  7.05E-07  1.16E-14  0.00
 1736 8.6800E+06    2  4341     184   1.0  1.16E-07  7.05E-07  5.08E-12  0.00
 1737 8.6850E+06    2  4343     184   1.0  1.16E-07  7.05E-07  4.83E-13  0.00
 1738 8.6900E+06    2  4346     184   1.0  1.16E-07  7.05E-07  5.30E-14  0.00
 1739 8.6950E+06    2  4348     184   1.0  1.16E-07  7.05E-07  7.71E-13  0.00
 1740 8.7000E+06    2  4351     184   1.0  1.16E-07  7.04E-07  2.14E-12  0.00
 1741 8.7050E+06    2  4353     184   1.0  1.16E-07  7.04E-07  9.50E-13  0.00
 1742 8.7100E+06    2  4356     184   1.0  1.16E-07  7.04E-07  3.69E-13  0.00
 1743 8.7150E+06    2  4358     184   1.0  1.16E-07  7.04E-07  8.11E-13  0.00
 1744 8.7200E+06    2  4361     184   1.0  1.15E-07  7.04E-07  1.14E-13  0.00
 1745 8.7250E+06    2  4363     184   1.0  1.15E-07  7.04E-07  5.74E-13  0.00
 1746 8.7300E+06    2  4366     184   1.0  1.16E-07  7.04E-07  5.97E-11  0.00
 1747 8.7350E+06    2  4368     184   1.0  1.15E-07  7.04E-07  4.00E-13  0.00
 1748 8.7400E+06    2  4371     184   1.0  1.15E-07  7.03E-07  8.22E-14  0.00
 1749 8.7450E+06    2  4373     184   1.0  1.15E-07  7.03E-07  3.09E-14  0.00
 1750 8.7500E+06    2  4376     184   1.0  1.15E-07  7.03E-07  1.37E-12  0.00
 1751 8.7550E+06    2  4378     184   1.0  1.15E-07  7.03E-07  1.51E-12  0.00
 1752 8.7600E+06    2  4381     184   1.0  1.15E-07  7.03E-07  9.28E-14  0.00
 1753 8.7650E+06    2  4383     184   1.0  1.15E-07  7.03E-07  7.15E-12  0.00
 1754 8.7700E+06    2  4386     184   1.0  1.15E-07  7.03E-07  3.78E-12  0.00
 1755 8.7750E+06    2  4388     184   1.0  1.15E-07  7.03E-07  5.72E-12  0.00
 1756 8.7800E+06    2  4391     184   1.0  1.15E-07  7.02E-07  4.88E-13  0.00
 1757 8.7850E+06    2  4393     184   1.0  1.15E-07  7.02E-07  9.02E-12  0.00
 1758 8.7900E+06    2  4396     184   1.0  1.15E-07  7.02E-07  4.73E-12  0.00
 1759 8.7950E+06    2  4398     184   1.0  1.15E-07  7.02E-07  1.36E-11  0.00
 1760 8.8000E+06    2  4401     184   1.0  1.15E-07  7.02E-07  5.16E-14  0.00
 1761 8.8050E+06    2  4403     184   1.0  1.15E-07  7.02E-07  3.61E-11  0.00
 1762 8.8100E+06    2  4406     184   1.0  1.15E-07  7.02E-07  1.44E-13  0.00
 1763 8.8150E+06    2  4408     184   1.0  1.15E-07  7.02E-07  7.78E-13  0.00
 1764 8.8200E+06    2  4411     184   1.0  1.15E-07  7.01E-07  2.04E-12  0.00
 1765 8.8250E+06    2  4413     184   1.0  1.15E-07  7.01E-07  7.10E-13  0.00
 1766 8.8300E+06    2  4416     184   1.0  1.15E-07  7.01E-07  1.97E-12  0.00
 1767 8.8350E+06    2  4418     184   1.0  1.15E-07  7.01E-07  2.80E-13  0.00
 1768 8.8400E+06    2  4421     184   1.0  1.15E-07  7.01E-07  1.20E-11  0.00
 1769 8.8450E+06    2  4423     184   1.0  1.15E-07  7.01E-07  1.73E-12  0.00
 1770 8.8500E+06    2  4426     184   1.0  1.15E-07  7.01E-07  2.46E-12  0.00
 1771 8.8550E+06    2  4428     184   1.0  1.15E-07  7.01E-07  2.36E-13  0.00
 1772 8.8600E+06    2  4431     184   1.0  1.15E-07  7.00E-07  3.54E-12  0.00
 1773 8.8650E+06    2  4433     184   1.0  1.15E-07  7.00E-07  8.14E-13  0.00
 1774 8.8700E+06    2  4436     184   1.0  1.15E-07  7.00E-07  6.06E-13  0.00
 1775 8.8750E+06    2  4438     184   1.0  1.15E-07  7.00E-07  5.78E-13  0.00
 1776 8.8800E+06    2  4441     184   1.0  1.46E-07  7.70E-07  8.60E-12  0.00
 1777 8.8850E+06    2  4443     184   1.0  1.45E-07  7.68E-07  1.00E-12  0.00
 1778 8.8900E+06    2  4446     184   1.0  1.45E-07  7.68E-07  7.44E-13  0.00
 1779 8.8950E+06    2  4448     184   1.0  1.45E-07  7.68E-07  2.50E-13  0.00
 1780 8.9000E+06    2  4451     184   1.0  1.45E-07  7.67E-07  6.91E-14  0.00
 1781 8.9050E+06    2  4453     184   1.0  1.45E-07  7.67E-07  3.59E-10  0.00
 1782 8.9100E+06    2  4456     184   1.0  1.37E-07  7.39E-07  5.90E-12  0.00
 1783 8.9150E+06    2  4458     184   1.0  1.35E-07  7.32E-07  2.27E-13  0.00
 1784 8.9200E+06    2  4461     184   1.0  1.35E-07  7.31E-07  5.11E-13  0.00
 1785 8.9250E+06    2  4463     184   1.0  1.34E-07  7.31E-07  3.25E-13  0.00
 1786 8.9300E+06    2  4466     184   1.0  1.34E-07  7.31E-07  2.82E-13  0.00
 1787 8.9350E+06    2  4468     184   1.0  1.34E-07  7.31E-07  2.60E-13  0.00
 1788 8.9400E+06    2  4471     184   1.0  1.34E-07  7.31E-07  1.64E-14  0.00
 1789 8.9450E+06    2  4473     184   1.0  1.34E-07  7.31E-07  6.32E-14  0.00
 1790 8.9500E+06    2  4476     184   1.0  1.34E-07  7.30E-07  1.90E-13  0.00
 1791 8.9550E+06    2  4478     184   1.0  1.34E-07  7.30E-07  1.98E-11  0.00
 1792 8.9600E+06    2  4481     184   1.0  1.34E-07  7.30E-07  4.88E-13  0.00
 1793 8.9650E+06    2  4483     184   1.0  1.34E-07  7.30E-07  4.91E-13  0.00
 1794 8.9700E+06    2  4486     184   1.0  1.34E-07  7.30E-07  2.35E-13  0.00
 1795 8.9750E+06    2  4488     184   1.0  1.34E-07  7.30E-07  2.40E-11  0.00
 1796 8.9800E+06    2  4491     184   1.0  1.34E-07  7.29E-07  1.14E-14  0.00
 1797 8.9850E+06    2  4493     184   1.0  1.34E-07  7.29E-07  1.74E-12  0.00
 1798 8.9900E+06    2  4496     184   1.0  1.34E-07  7.29E-07  2.42E-13  0.00
 1799 8.9950E+06    2  4498     184   1.0  1.34E-07  7.29E-07  1.14E-14  0.00
 1800 9.0000E+06    2  4501     184   1.0  1.34E-07  7.29E-07  1.48E-12  0.00
 1801 9.0050E+06    2  4503     184   1.0  1.34E-07  7.29E-07  2.65E-13  0.00
 1802 9.0100E+06    2  4506     184   1.0  1.34E-07  7.28E-07  4.68E-14  0.00
 1803 9.0150E+06    2  4508     184   1.0  1.34E-07  7.28E-07  7.96E-13  0.00
 1804 9.0200E+06    2  4511     184   1.0  1.34E-07  7.28E-07  3.76E-13  0.00
 1805 9.0250E+06    2  4513     184   1.0  1.34E-07  7.28E-07  4.80E-14  0.00
 1806 9.0300E+06    2  4516     184   1.0  1.35E-07  7.30E-07  8.02E-11  0.00
 1807 9.0350E+06    2  4518     184   1.0  1.41E-07  7.38E-07  3.33E-14  0.00
 1808 9.0400E+06    2  4521     184   1.0  1.41E-07  7.39E-07  2.53E-14  0.00
 1809 9.0450E+06    2  4523     184   1.0  1.42E-07  7.42E-07  7.20E-13  0.00
 1810 9.0500E+06    2  4526     184   1.0  1.42E-07  7.42E-07  5.12E-13  0.00
 1811 9.0550E+06    2  4528     184   1.0  1.42E-07  7.42E-07  4.18E-14  0.00
 1812 9.0600E+06    2  4531     184   1.0  1.42E-07  7.41E-07  2.82E-13  0.00
 1813 9.0650E+06    2  4533     184   1.0  1.42E-07  7.41E-07  4.75E-13  0.00
 1814 9.0700E+06    2  4536     184   1.0  1.42E-07  7.41E-07  1.35E-14  0.00
 1815 9.0750E+06    2  4538     184   1.0  1.42E-07  7.41E-07  7.51E-13  0.00
 1816 9.0800E+06    2  4541     184   1.0  1.42E-07  7.41E-07  3.88E-13  0.00
 1817 9.0850E+06    2  4543     184   1.0  1.42E-07  7.41E-07  2.37E-13  0.00
 1818 9.0900E+06    2  4546     184   1.0  1.42E-07  7.40E-07  4.65E-13  0.00
 1819 9.0950E+06    2  4548     184   1.0  1.42E-07  7.40E-07  2.99E-12  0.00
 1820 9.1000E+06    2  4551     184   1.0  1.42E-07  7.40E-07  2.84E-12  0.00
 1821 9.1050E+06    2  4553     184   1.0  1.42E-07  7.40E-07  1.02E-12  0.00
 1822 9.1100E+06    2  4556     184   1.0  1.42E-07  7.40E-07  3.67E-13  0.00
 1823 9.1150E+06    2  4558     184   1.0  1.42E-07  7.39E-07  4.96E-13  0.00
 1824 9.1200E+06    2  4561     184   1.0  1.42E-07  7.39E-07  7.74E-13  0.00
 1825 9.1250E+06    2  4563     184   1.0  1.42E-07  7.39E-07  1.56E-12  0.00
 1826 9.1300E+06    2  4566     184   1.0  1.42E-07  7.39E-07  1.58E-12  0.00
 1827 9.1350E+06    2  4568     184   1.0  1.41E-07  7.39E-07  1.01E-13  0.00
 1828 9.1400E+06    2  4571     184   1.0  1.41E-07  7.39E-07  8.41E-13  0.00
 1829 9.1450E+06    2  4573     184   1.0  1.41E-07  7.38E-07  1.05E-12  0.00
 1830 9.1500E+06    2  4576     184   1.0  1.41E-07  7.38E-07  3.27E-13  0.00
 1831 9.1550E+06    2  4578     184   1.0  1.41E-07  7.38E-07  3.29E-13  0.00
 1832 9.1600E+06    2  4581     184   1.0  1.41E-07  7.38E-07  2.98E-14  0.00
 1833 9.1650E+06    2  4583     184   1.0  1.41E-07  7.38E-07  4.49E-12  0.00
 1834 9.1700E+06    2  4586     184   1.0  1.41E-07  7.37E-07  2.64E-13  0.00
 1835 9.1750E+06    2  4588     184   1.0  1.41E-07  7.37E-07  1.23E-12  0.00
 1836 9.1800E+06    2  4591     184   1.0  1.41E-07  7.37E-07  7.17E-13  0.00
 1837 9.1850E+06    2  4593     184   1.0  1.55E-07  8.23E-07  3.12E-12  0.00
 1838 9.1900E+06    2  4596     184   1.0  1.60E-07  8.53E-07  3.79E-12  0.00
 1839 9.1950E+06    2  4598     184   1.0  1.60E-07  8.53E-07  3.51E-13  0.00
 1840 9.2000E+06    2  4601     184   1.0  1.60E-07  8.53E-07  5.76E-14  0.00
 1841 9.2050E+06    2  4603     184   1.0  1.60E-07  8.53E-07  6.59E-13  0.00
 1842 9.2100E+06    2  4606     184   1.0  1.60E-07  8.52E-07  5.69E-12  0.00
 1843 9.2150E+06    2  4608     184   1.0  1.59E-07  8.52E-07  6.66E-12  0.00
 1844 9.2200E+06    2  4611     184   1.0  1.59E-07  8.52E-07  2.64E-12  0.00
 1845 9.2250E+06    2  4613     184   1.0  1.59E-07  8.52E-07  1.01E-12  0.00
 1846 9.2300E+06    2  4616     184   1.0  1.59E-07  8.52E-07  9.23E-13  0.00
 1847 9.2350E+06    2  4618     184   1.0  1.59E-07  8.51E-07  2.54E-13  0.00
 1848 9.2400E+06    2  4621     184   1.0  1.59E-07  8.51E-07  6.67E-13  0.00
 1849 9.2450E+06    2  4623     184   1.0  1.59E-07  8.51E-07  4.06E-13  0.00
 1850 9.2500E+06    2  4626     184   1.0  1.59E-07  8.51E-07  1.27E-12  0.00
 1851 9.2550E+06    2  4628     184   1.0  1.59E-07  8.51E-07  7.08E-13  0.00
 1852 9.2600E+06    2  4631     184   1.0  1.59E-07  8.50E-07  2.52E-13  0.00
 1853 9.2650E+06    2  4633     184   1.0  1.59E-07  8.50E-07  6.12E-13  0.00
 1854 9.2700E+06    2  4636     184   1.0  1.59E-07  8.50E-07  7.20E-14  0.00
 1855 9.2750E+06    2  4638     184   1.0  1.59E-07  8.50E-07  2.91E-13  0.00
 1856 9.2800E+06    2  4641     184   1.0  1.59E-07  8.50E-07  2.76E-11  0.00
 1857 9.2850E+06    2  4643     184   1.0  1.59E-07  8.49E-07  1.26E-13  0.00
 1858 9.2900E+06    2  4646     184   1.0  1.59E-07  8.49E-07  4.90E-14  0.00
 1859 9.2950E+06    2  4648     184   1.0  1.59E-07  8.49E-07  4.32E-12  0.00
 1860 9.3000E+06    2  4651     184   1.0  1.59E-07  8.49E-07  2.13E-12  0.00
 1861 9.3050E+06    2  4653     184   1.0  1.59E-07  8.49E-07  5.98E-13  0.00
 1862 9.3100E+06    2  4656     184   1.0  1.59E-07  8.48E-07  1.11E-12  0.00
 1863 9.3150E+06    2  4658     184   1.0  1.59E-07  8.48E-07  7.31E-13  0.00
 1864 9.3200E+06    2  4661     184   1.0  1.59E-07  8.48E-07  3.41E-13  0.00
 1865 9.3250E+06    2  4663     184   1.0  1.59E-07  8.48E-07  7.41E-13  0.00
 1866 9.3300E+06    2  4666     184   1.0  1.59E-07  8.48E-07  2.74E-12  0.00
 1867 9.3350E+06    2  4668     184   1.0  1.59E-07  8.47E-07  4.23E-14  0.00
 1868 9.3400E+06    2  4671     184   1.0  1.59E-07  8.47E-07  2.99E-12  0.00
 1869 9.3450E+06    2  4673     184   1.0  1.59E-07  8.47E-07  8.11E-12  0.00
 1870 9.3500E+06    2  4676     184   1.0  1.58E-07  8.47E-07  3.16E-14  0.00
 1871 9.3550E+06    2  4678     184   1.0  1.58E-07  8.47E-07  9.72E-12  0.00
 1872 9.3600E+06    2  4681     184   1.0  1.58E-07  8.46E-07  1.37E-12  0.00
 1873 9.3650E+06    2  4683     184   1.0  1.58E-07  8.46E-07  4.98E-13  0.00
 1874 9.3700E+06    2  4686     184   1.0  1.58E-07  8.46E-07  5.69E-13  0.00
 1875 9.3750E+06    2  4688     184   1.0  1.58E-07  8.46E-07  1.65E-13  0.00
 1876 9.3800E+06    2  4691     184   1.0  1.58E-07  8.46E-07  1.62E-13  0.00
 1877 9.3850E+06    2  4693     184   1.0  1.58E-07  8.45E-07  1.45E-13  0.00
 1878 9.3900E+06    2  4696     184   1.0  1.85E-07  1.01E-06  2.20E-10  0.00
 1879 9.3950E+06    2  4698     184   1.0  2.59E-07  1.47E-06  2.66E-12  0.00
 1880 9.4000E+06    2  4701     184   1.0  2.59E-07  1.47E-06  5.20E-11  0.00
 1881 9.4050E+06    2  4703     184   1.0  2.59E-07  1.47E-06  6.65E-12  0.00
 1882 9.4100E+06    2  4706     184   1.0  2.59E-07  1.47E-06  4.11E-13  0.00
 1883 9.4150E+06    2  4708     184   1.0  2.59E-07  1.47E-06  3.26E-13  0.00
 1884 9.4200E+06    2  4711     184   1.0  2.59E-07  1.47E-06  2.81E-13  0.00
 1885 9.4250E+06    2  4713     184   1.0  2.59E-07  1.47E-06  2.35E-13  0.00
 1886 9.4300E+06    2  4716     184   1.0  2.58E-07  1.47E-06  1.14E-13  0.00
 1887 9.4350E+06    2  4718     184   1.0  2.58E-07  1.47E-06  8.10E-12  0.00
 1888 9.4400E+06    2  4721     184   1.0  2.58E-07  1.47E-06  3.60E-12  0.00
 1889 9.4450E+06    2  4723     184   1.0  2.58E-07  1.47E-06  1.74E-11  0.00
 1890 9.4500E+06    2  4726     184   1.0  2.58E-07  1.47E-06  3.76E-13  0.00
 1891 9.4550E+06    2  4728     184   1.0  2.58E-07  1.47E-06  4.84E-11  0.00
 1892 9.4600E+06    2  4731     184   1.0  2.58E-07  1.46E-06  4.51E-12  0.00
 1893 9.4650E+06    2  4733     184   1.0  2.58E-07  1.46E-06  9.08E-12  0.00
 1894 9.4700E+06    2  4736     184   1.0  2.58E-07  1.46E-06  2.45E-13  0.00
 1895 9.4750E+06    2  4738     184   1.0  2.57E-07  1.46E-06  1.03E-12  0.00
 1896 9.4800E+06    2  4741     184   1.0  2.57E-07  1.46E-06  8.38E-12  0.00
 1897 9.4850E+06    2  4743     184   1.0  2.57E-07  1.46E-06  4.06E-12  0.00
 1898 9.4900E+06    2  4746     184   1.0  2.57E-07  1.46E-06  1.32E-13  0.00
 1899 9.4950E+06    2  4748     184   1.0  2.57E-07  1.46E-06  5.60E-13  0.00
 1900 9.5000E+06    2  4751     184   1.0  2.57E-07  1.46E-06  1.72E-13  0.00
 1901 9.5050E+06    2  4753     184   1.0  2.57E-07  1.46E-06  1.00E-13  0.00
 1902 9.5100E+06    2  4756     184   1.0  2.57E-07  1.46E-06  9.67E-14  0.00
 1903 9.5150E+06    2  4758     184   1.0  2.57E-07  1.46E-06  3.30E-12  0.00
 1904 9.5200E+06    2  4761     184   1.0  2.57E-07  1.46E-06  3.94E-12  0.00
 1905 9.5250E+06    2  4763     184   1.0  2.56E-07  1.46E-06  3.75E-13  0.00
 1906 9.5300E+06    2  4766     184   1.0  2.56E-07  1.46E-06  6.13E-13  0.00
 1907 9.5350E+06    2  4768     184   1.0  2.56E-07  1.46E-06  1.93E-13  0.00
 1908 9.5400E+06    2  4771     184   1.0  2.56E-07  1.45E-06  3.53E-13  0.00
 1909 9.5450E+06    2  4773     184   1.0  2.56E-07  1.45E-06  6.18E-13  0.00
 1910 9.5500E+06    2  4776     184   1.0  2.56E-07  1.45E-06  5.78E-14  0.00
 1911 9.5550E+06    2  4778     184   1.0  2.56E-07  1.45E-06  3.99E-13  0.00
 1912 9.5600E+06    2  4781     184   1.0  2.56E-07  1.45E-06  1.47E-12  0.00
 1913 9.5650E+06    2  4783     184   1.0  2.09E-07  1.17E-06  3.07E-13  0.00
 1914 9.5700E+06    2  4786     184   1.0  1.91E-07  1.07E-06  4.04E-13  0.00
 1915 9.5750E+06    2  4788     184   1.0  1.91E-07  1.07E-06  5.82E-13  0.00
 1916 9.5800E+06    2  4791     184   1.0  1.91E-07  1.07E-06  4.39E-13  0.00
 1917 9.5850E+06    2  4793     184   1.0  1.91E-07  1.07E-06  5.78E-13  0.00
 1918 9.5900E+06    2  4796     184   1.0  1.91E-07  1.07E-06  1.27E-11  0.00
 1919 9.5950E+06    2  4798     184   1.0  1.91E-07  1.07E-06  2.57E-12  0.00
 1920 9.6000E+06    2  4801     184   1.0  1.91E-07  1.07E-06  1.33E-13  0.00
 1921 9.6050E+06    2  4803     184   1.0  1.91E-07  1.07E-06  3.78E-13  0.00
 1922 9.6100E+06    2  4806     184   1.0  1.91E-07  1.07E-06  6.50E-15  0.00
 1923 9.6150E+06    2  4808     184   1.0  1.91E-07  1.07E-06  1.13E-13  0.00
 1924 9.6200E+06    2  4811     184   1.0  1.91E-07  1.07E-06  3.24E-13  0.00
 1925 9.6250E+06    2  4813     184   1.0  1.91E-07  1.07E-06  1.42E-13  0.00
 1926 9.6300E+06    2  4816     184   1.0  1.91E-07  1.07E-06  4.00E-13  0.00
 1927 9.6350E+06    2  4818     184   1.0  1.91E-07  1.07E-06  7.68E-13  0.00
 1928 9.6400E+06    2  4821     184   1.0  1.91E-07  1.07E-06  3.00E-14  0.00
 1929 9.6450E+06    2  4823     184   1.0  1.91E-07  1.07E-06  7.82E-13  0.00
 1930 9.6500E+06    2  4826     184   1.0  1.91E-07  1.07E-06  1.82E-13  0.00
 1931 9.6550E+06    2  4828     184   1.0  1.90E-07  1.07E-06  4.14E-13  0.00
 1932 9.6600E+06    2  4831     184   1.0  1.90E-07  1.07E-06  6.35E-13  0.00
 1933 9.6650E+06    2  4833     184   1.0  1.90E-07  1.07E-06  3.84E-12  0.00
 1934 9.6700E+06    2  4836     184   1.0  1.90E-07  1.07E-06  1.13E-12  0.00
 1935 9.6750E+06    2  4838     184   1.0  1.90E-07  1.07E-06  5.08E-13  0.00
 1936 9.6800E+06    2  4841     184   1.0  1.90E-07  1.07E-06  1.55E-11  0.00
 1937 9.6850E+06    2  4843     184   1.0  1.90E-07  1.07E-06  1.31E-12  0.00
 1938 9.6900E+06    2  4846     184   1.0  1.90E-07  1.06E-06  3.04E-13  0.00
 1939 9.6950E+06    2  4848     184   1.0  1.90E-07  1.06E-06  4.55E-12  0.00
 1940 9.7000E+06    2  4851     184   1.0  1.90E-07  1.06E-06  4.59E-13  0.00
 1941 9.7050E+06    2  4853     184   1.0  1.90E-07  1.06E-06  6.54E-13  0.00
 1942 9.7100E+06    2  4856     184   1.0  1.90E-07  1.06E-06  2.69E-12  0.00
 1943 9.7150E+06    2  4858     184   1.0  1.90E-07  1.06E-06  9.75E-14  0.00
 1944 9.7200E+06    2  4861     184   1.0  1.84E-07  1.02E-06  1.58E-10  0.00
 1945 9.7250E+06    2  4863     184   1.0  1.48E-07  7.77E-07  7.75E-13  0.00
 1946 9.7300E+06    2  4866     184   1.0  1.48E-07  7.77E-07  2.17E-13  0.00
 1947 9.7350E+06    2  4868     184   1.0  1.48E-07  7.77E-07  2.86E-13  0.00
 1948 9.7400E+06    2  4871     184   1.0  1.53E-07  7.80E-07  3.29E-10  0.00
 1949 9.7450E+06    2  4873     184   1.0  1.54E-07  7.81E-07  3.01E-11  0.00
 1950 9.7500E+06    2  4876     184   1.0  1.53E-07  7.81E-07  3.16E-12  0.00
 1951 9.7550E+06    2  4878     184   1.0  1.53E-07  7.81E-07  8.25E-13  0.00
 1952 9.7600E+06    2  4881     184   1.0  1.53E-07  7.80E-07  2.46E-13  0.00
 1953 9.7650E+06    2  4883     184   1.0  1.53E-07  7.80E-07  7.67E-13  0.00
 1954 9.7700E+06    2  4886     184   1.0  1.53E-07  7.80E-07  5.89E-13  0.00
 1955 9.7750E+06    2  4888     184   1.0  1.53E-07  7.80E-07  8.19E-13  0.00
 1956 9.7800E+06    2  4891     184   1.0  1.53E-07  7.79E-07  2.65E-13  0.00
 1957 9.7850E+06    2  4893     184   1.0  1.53E-07  7.79E-07  2.07E-13  0.00
 1958 9.7900E+06    2  4896     184   1.0  1.53E-07  7.79E-07  3.25E-12  0.00
 1959 9.7950E+06    2  4898     184   1.0  1.53E-07  7.79E-07  1.37E-11  0.00
 1960 9.8000E+06    2  4901     184   1.0  1.52E-07  7.79E-07  5.71E-13  0.00
 1961 9.8050E+06    2  4903     184   1.0  1.52E-07  7.78E-07  3.81E-12  0.00
 1962 9.8100E+06    2  4906     184   1.0  1.52E-07  7.78E-07  8.49E-14  0.00
 1963 9.8150E+06    2  4908     184   1.0  1.52E-07  7.78E-07  2.73E-12  0.00
 1964 9.8200E+06    2  4911     184   1.0  1.52E-07  7.78E-07  6.43E-14  0.00
 1965 9.8250E+06    2  4913     184   1.0  1.52E-07  7.77E-07  6.68E-12  0.00
 1966 9.8300E+06    2  4916     184   1.0  1.52E-07  7.77E-07  2.22E-12  0.00
 1967 9.8350E+06    2  4918     184   1.0  1.52E-07  7.77E-07  4.33E-13  0.00
 1968 9.8400E+06    2  4921     184   1.0  1.52E-07  7.77E-07  1.41E-10  0.00
 1969 9.8450E+06    2  4923     184   1.0  1.52E-07  7.76E-07  4.61E-13  0.00
 1970 9.8500E+06    2  4926     184   1.0  1.52E-07  7.76E-07  1.00E-12  0.00
 1971 9.8550E+06    2  4928     184   1.0  1.52E-07  7.76E-07  1.07E-12  0.00
 1972 9.8600E+06    2  4931     184   1.0  1.41E-07  7.33E-07  1.99E-13  0.00
 1973 9.8650E+06    2  4933     184   1.0  1.32E-07  6.97E-07  1.64E-12  0.00
 1974 9.8700E+06    2  4936     184   1.0  1.32E-07  6.97E-07  1.41E-12  0.00
 1975 9.8750E+06    2  4938     184   1.0  1.32E-07  6.97E-07  3.28E-13  0.00
 1976 9.8800E+06    2  4941     184   1.0  1.31E-07  6.96E-07  2.30E-12  0.00
 1977 9.8850E+06    2  4943     184   1.0  1.31E-07  6.96E-07  1.16E-12  0.00
 1978 9.8900E+06    2  4946     184   1.0  1.31E-07  6.96E-07  2.78E-13  0.00
 1979 9.8950E+06    2  4948     184   1.0  1.31E-07  6.96E-07  1.11E-12  0.00
 1980 9.9000E+06    2  4951     184   1.0  1.31E-07  6.96E-07  2.21E-12  0.00
 1981 9.9050E+06    2  4953     184   1.0  1.31E-07  6.95E-07  2.52E-13  0.00
 1982 9.9100E+06    2  4956     184   1.0  1.31E-07  6.95E-07  2.05E-12  0.00
 1983 9.9150E+06    2  4958     184   1.0  1.31E-07  6.95E-07  1.95E-13  0.00
 1984 9.9200E+06    2  4961     184   1.0  1.31E-07  6.95E-07  3.52E-12  0.00
 1985 9.9250E+06    2  4963     184   1.0  1.31E-07  6.95E-07  6.14E-13  0.00
 1986 9.9300E+06    2  4966     184   1.0  1.31E-07  6.94E-07  9.01E-14  0.00
 1987 9.9350E+06    2  4968     184   1.0  1.31E-07  6.94E-07  5.83E-13  0.00
 1988 9.9400E+06    2  4971     184   1.0  1.31E-07  6.94E-07  2.00E-14  0.00
 1989 9.9450E+06    2  4973     184   1.0  1.31E-07  6.94E-07  6.41E-13  0.00
 1990 9.9500E+06    2  4976     184   1.0  1.31E-07  6.94E-07  1.30E-13  0.00
 1991 9.9550E+06    2  4978     184   1.0  1.31E-07  6.93E-07  2.27E-14  0.00
 1992 9.9600E+06    2  4981     184   1.0  1.31E-07  6.93E-07  6.90E-14  0.00
 1993 9.9650E+06    2  4983     184   1.0  1.31E-07  6.93E-07  1.52E-12  0.00
 1994 9.9700E+06    2  4986     184   1.0  1.31E-07  6.93E-07  3.85E-13  0.00
 1995 9.9750E+06    2  4988     184   1.0  1.31E-07  6.93E-07  3.76E-13  0.00
 1996 9.9800E+06    2  4991     184   1.0  1.31E-07  6.93E-07  3.80E-13  0.00
 1997 9.9850E+06    2  4993     184   1.0  1.31E-07  6.92E-07  5.15E-11  0.00
 1998 9.9900E+06    2  4996     184   1.0  1.31E-07  6.92E-07  3.83E-13  0.00
 1999 9.9950E+06    2  4998     184   1.0  1.31E-07  6.92E-07  3.03E-12  0.00
 2000 1.0000E+07    2  5001     184   1.0  1.31E-07  6.92E-07  1.86E-11  0.00
 2001 1.0005E+07    2  5003     184   1.0  1.31E-07  6.92E-07  8.41E-13  0.00
 2002 1.0010E+07    2  5006     184   1.0  1.31E-07  6.91E-07  8.27E-14  0.00
 2003 1.0015E+07    2  5008     184   1.0  1.31E-07  6.91E-07  6.37E-13  0.00
 2004 1.0020E+07    2  5011     184   1.0  1.31E-07  6.91E-07  9.92E-14  0.00
 2005 1.0025E+07    2  5013     184   1.0  1.32E-07  7.02E-07  2.53E-12  0.00
 2006 1.0030E+07    2  5016     184   1.0  1.33E-07  7.07E-07  1.09E-12  0.00
 2007 1.0035E+07    2  5018     184   1.0  1.33E-07  7.07E-07  1.38E-13  0.00
 2008 1.0040E+07    2  5021     184   1.0  1.33E-07  7.06E-07  5.69E-14  0.00
 2009 1.0045E+07    2  5023     184   1.0  1.33E-07  7.06E-07  3.64E-13  0.00
 2010 1.0050E+07    2  5026     184   1.0  1.33E-07  7.06E-07  3.83E-13  0.00
 2011 1.0055E+07    2  5028     184   1.0  1.33E-07  7.06E-07  3.59E-13  0.00
 2012 1.0060E+07    2  5031     184   1.0  1.33E-07  7.06E-07  5.67E-13  0.00
 2013 1.0065E+07    2  5033     184   1.0  1.33E-07  7.05E-07  1.42E-12  0.00
 2014 1.0070E+07    2  5036     184   1.0  1.33E-07  7.05E-07  4.83E-13  0.00
 2015 1.0075E+07    2  5038     184   1.0  1.33E-07  7.05E-07  4.08E-13  0.00
 2016 1.0080E+07    2  5041     184   1.0  1.33E-07  7.05E-07  1.74E-13  0.00
 2017 1.0085E+07    2  5043     184   1.0  1.33E-07  7.05E-07  1.75E-13  0.00
 2018 1.0090E+07    2  5046     184   1.0  1.33E-07  7.04E-07  4.80E-12  0.00
 2019 1.0095E+07    2  5048     184   1.0  1.33E-07  7.04E-07  7.80E-13  0.00
 2020 1.0100E+07    3  5051     184   1.0  1.33E-07  7.04E-07  1.09E-12  0.00
 2021 1.0105E+07    3  5053     184   1.0  6.81E-08  3.55E-07  4.58E-12  0.00
 2022 1.0110E+07    3  5056     184   1.0  6.63E-08  3.52E-07  1.63E-12  0.00
 2023 1.0115E+07    3  5058     184   1.0  6.63E-08  3.52E-07  6.99E-14  0.00
 2024 1.0120E+07    3  5061     184   1.0  6.63E-08  3.52E-07  5.28E-13  0.00
 2025 1.0125E+07    3  5063     184   1.0  6.62E-08  3.52E-07  1.04E-11  0.00
 2026 1.0130E+07    3  5066     184   1.0  6.62E-08  3.52E-07  2.08E-13  0.00
 2027 1.0135E+07    3  5068     184   1.0  6.68E-08  3.57E-07  1.01E-12  0.00
 2028 1.0140E+07    3  5071     184   1.0  6.72E-08  3.61E-07  6.15E-13  0.00
 2029 1.0145E+07    3  5073     184   1.0  6.71E-08  3.61E-07  1.02E-13  0.00
 2030 1.0150E+07    3  5076     184   1.0  6.77E-08  3.64E-07  1.54E-11  0.00
 2031 1.0155E+07    3  5078     184   1.0  6.99E-08  3.74E-07  4.79E-14  0.00
 2032 1.0160E+07    3  5081     184   1.0  6.99E-08  3.74E-07  1.56E-12  0.00
 2033 1.0165E+07    3  5083     184   1.0  6.99E-08  3.74E-07  1.27E-13  0.00
 2034 1.0170E+07    3  5086     184   1.0  6.98E-08  3.74E-07  1.16E-13  0.00
 2035 1.0175E+07    3  5088     184   1.0  6.98E-08  3.74E-07  6.58E-14  0.00
 2036 1.0180E+07    3  5091     184   1.0  6.98E-08  3.74E-07  3.20E-12  0.00
 2037 1.0185E+07    3  5093     184   1.0  6.98E-08  3.74E-07  4.72E-13  0.00
 2038 1.0190E+07    3  5096     184   1.0  6.98E-08  3.74E-07  9.66E-14  0.00
 2039 1.0195E+07    3  5098     184   1.0  6.98E-08  3.74E-07  1.34E-12  0.00
 2040 1.0200E+07    3  5101     184   1.0  6.98E-08  3.74E-07  8.58E-13  0.00
 2041 1.0205E+07    3  5103     184   1.0  6.98E-08  3.74E-07  3.63E-13  0.00
 2042 1.0210E+07    3  5106     184   1.0  6.98E-08  3.74E-07  4.76E-13  0.00
 2043 1.0215E+07    3  5108     184   1.0  6.98E-08  3.74E-07  8.98E-14  0.00
 2044 1.0220E+07    3  5111     184   1.0  6.98E-08  3.74E-07  6.36E-14  0.00
 2045 1.0225E+07    3  5113     184   1.0  6.98E-08  3.74E-07  1.29E-13  0.00
 2046 1.0230E+07    3  5116     184   1.0  6.97E-08  3.74E-07  5.26E-12  0.00
 2047 1.0235E+07    3  5118     184   1.0  6.97E-08  3.73E-07  2.04E-13  0.00
 2048 1.0240E+07    3  5121     184   1.0  6.97E-08  3.73E-07  4.20E-14  0.00
 2049 1.0245E+07    3  5123     184   1.0  6.97E-08  3.73E-07  7.22E-14  0.00
 2050 1.0250E+07    3  5126     184   1.0  6.97E-08  3.73E-07  7.88E-14  0.00
 2051 1.0255E+07    3  5128     184   1.0  6.97E-08  3.73E-07  1.73E-13  0.00
 2052 1.0260E+07    3  5131     184   1.0  6.97E-08  3.73E-07  8.57E-15  0.00
 2053 1.0265E+07    3  5133     184   1.0  6.97E-08  3.73E-07  3.20E-12  0.00
 2054 1.0270E+07    3  5136     184   1.0  6.97E-08  3.73E-07  1.85E-12  0.00
 2055 1.0275E+07    3  5138     184   1.0  6.96E-08  3.73E-07  6.13E-12  0.00
 2056 1.0280E+07    3  5141     184   1.0  6.97E-08  3.73E-07  2.57E-13  0.00
 2057 1.0285E+07    3  5143     184   1.0  6.96E-08  3.73E-07  1.05E-13  0.00
 2058 1.0290E+07    3  5146     184   1.0  6.96E-08  3.73E-07  2.15E-12  0.00
 2059 1.0295E+07    3  5148     184   1.0  6.96E-08  3.73E-07  7.89E-13  0.00
 2060 1.0300E+07    3  5151     184   1.0  6.96E-08  3.73E-07  4.24E-13  0.00
 2061 1.0305E+07    3  5153     184   1.0  6.96E-08  3.73E-07  2.30E-13  0.00
 2062 1.0310E+07    3  5156     184   1.0  6.96E-08  3.73E-07  1.69E-12  0.00
 2063 1.0315E+07    3  5158     184   1.0  6.96E-08  3.73E-07  3.79E-14  0.00
 2064 1.0320E+07    3  5161     184   1.0  6.96E-08  3.73E-07  8.82E-13  0.00
 2065 1.0325E+07    3  5163     184   1.0  6.95E-08  3.72E-07  5.66E-12  0.00
 2066 1.0330E+07    3  5166     184   1.0  6.95E-08  3.72E-07  4.43E-13  0.00
 2067 1.0335E+07    3  5168     184   1.0  6.95E-08  3.72E-07  1.28E-12  0.00
 2068 1.0340E+07    3  5171     184   1.0  6.95E-08  3.72E-07  3.85E-13  0.00
 2069 1.0345E+07    3  5173     184   1.0  6.95E-08  3.72E-07  4.97E-13  0.00
 2070 1.0350E+07    3  5176     184   1.0  6.95E-08  3.72E-07  7.58E-13  0.00
 2071 1.0355E+07    3  5178     184   1.0  6.95E-08  3.72E-07  3.60E-13  0.00
 2072 1.0360E+07    3  5181     184   1.0  6.95E-08  3.72E-07  5.90E-12  0.00
 2073 1.0365E+07    3  5183     184   1.0  6.95E-08  3.72E-07  2.89E-13  0.00
 2074 1.0370E+07    3  5186     184   1.0  6.95E-08  3.72E-07  3.79E-14  0.00
 2075 1.0375E+07    3  5188     184   1.0  6.95E-08  3.72E-07  1.38E-12  0.00
 2076 1.0380E+07    3  5191     184   1.0  6.94E-08  3.72E-07  4.29E-13  0.00
 2077 1.0385E+07    3  5193     184   1.0  6.94E-08  3.72E-07  5.54E-13  0.00
 2078 1.0390E+07    3  5196     184   1.0  6.94E-08  3.72E-07  1.91E-12  0.00
 2079 1.0395E+07    3  5198     184   1.0  6.94E-08  3.72E-07  7.47E-15  0.00
 2080 1.0400E+07    3  5201     184   1.0  6.94E-08  3.72E-07  7.81E-13  0.00
 2081 1.0405E+07    3  5203     184   1.0  6.94E-08  3.72E-07  5.36E-14  0.00
 2082 1.0410E+07    3  5206     184   1.0  6.94E-08  3.72E-07  2.53E-13  0.00
 2083 1.0415E+07    3  5208     184   1.0  6.94E-08  3.71E-07  3.09E-13  0.00
 2084 1.0420E+07    3  5211     184   1.0  6.94E-08  3.71E-07  2.52E-12  0.00
 2085 1.0425E+07    3  5213     184   1.0  6.94E-08  3.71E-07  2.78E-13  0.00
 2086 1.0430E+07    3  5216     184   1.0  6.94E-08  3.71E-07  3.02E-11  0.00
 2087 1.0435E+07    3  5218     184   1.0  6.93E-08  3.71E-07  3.74E-13  0.00
 2088 1.0440E+07    3  5221     184   1.0  6.93E-08  3.71E-07  5.83E-13  0.00
 2089 1.0445E+07    3  5223     184   1.0  6.93E-08  3.71E-07  7.86E-14  0.00
 2090 1.0450E+07    3  5226     184   1.0  6.93E-08  3.71E-07  6.52E-14  0.00
 2091 1.0455E+07    3  5228     184   1.0  6.93E-08  3.71E-07  2.24E-13  0.00
 2092 1.0460E+07    3  5231     184   1.0  6.93E-08  3.71E-07  1.93E-13  0.00
 2093 1.0465E+07    3  5233     184   1.0  6.93E-08  3.71E-07  6.08E-14  0.00
 2094 1.0470E+07    3  5236     184   1.0  6.93E-08  3.71E-07  1.67E-12  0.00
 2095 1.0475E+07    3  5238     184   1.0  6.93E-08  3.71E-07  1.07E-13  0.00
 2096 1.0480E+07    3  5241     184   1.0  6.92E-08  3.71E-07  5.85E-14  0.00
 2097 1.0485E+07    3  5243     184   1.0  6.92E-08  3.71E-07  5.09E-14  0.00
 2098 1.0490E+07    3  5246     184   1.0  6.92E-08  3.71E-07  5.01E-13  0.00
 2099 1.0495E+07    3  5248     184   1.0  6.92E-08  3.71E-07  1.32E-12  0.00
 2100 1.0500E+07    3  5251     184   1.0  6.92E-08  3.71E-07  3.74E-13  0.00
 2101 1.0505E+07    3  5253     184   1.0  6.92E-08  3.71E-07  2.61E-13  0.00
 2102 1.0510E+07    3  5256     184   1.0  6.92E-08  3.70E-07  4.37E-14  0.00
 2103 1.0515E+07    3  5258     184   1.0  6.92E-08  3.70E-07  2.01E-12  0.00
 2104 1.0520E+07    3  5261     184   1.0  6.92E-08  3.70E-07  4.27E-14  0.00
 2105 1.0525E+07    3  5263     184   1.0  6.92E-08  3.70E-07  1.07E-13  0.00
 2106 1.0530E+07    3  5266     184   1.0  6.91E-08  3.70E-07  6.02E-14  0.00
 2107 1.0535E+07    3  5268     184   1.0  6.91E-08  3.70E-07  2.35E-13  0.00
 2108 1.0540E+07    3  5271     184   1.0  6.91E-08  3.70E-07  2.76E-14  0.00
 2109 1.0545E+07    3  5273     184   1.0  6.91E-08  3.70E-07  5.10E-14  0.00
 2110 1.0550E+07    3  5276     184   1.0  6.91E-08  3.70E-07  2.01E-13  0.00
 2111 1.0555E+07    3  5278     184   1.0  6.91E-08  3.70E-07  4.10E-14  0.00
 2112 1.0560E+07    3  5281     184   1.0  6.91E-08  3.70E-07  2.83E-13  0.00
 2113 1.0565E+07    3  5283     184   1.0  6.91E-08  3.70E-07  1.83E-13  0.00
 2114 1.0570E+07    3  5286     184   1.0  6.91E-08  3.70E-07  1.45E-14  0.00
 2115 1.0575E+07    3  5288     184   1.0  6.91E-08  3.70E-07  2.65E-14  0.00
 2116 1.0580E+07    3  5291     184   1.0  6.91E-08  3.70E-07  1.87E-12  0.00
 2117 1.0585E+07    3  5293     184   1.0  6.90E-08  3.70E-07  8.37E-13  0.00
 2118 1.0590E+07    3  5296     184   1.0  6.90E-08  3.70E-07  9.03E-13  0.00
 2119 1.0595E+07    3  5298     184   1.0  6.90E-08  3.70E-07  1.76E-13  0.00
 2120 1.0600E+07    3  5301     184   1.0  6.90E-08  3.69E-07  4.25E-13  0.00
 2121 1.0605E+07    3  5303     184   1.0  6.90E-08  3.69E-07  1.11E-13  0.00
 2122 1.0610E+07    3  5306     184   1.0  6.90E-08  3.69E-07  7.76E-14  0.00
 2123 1.0615E+07    3  5308     184   1.0  6.90E-08  3.69E-07  4.58E-14  0.00
 2124 1.0620E+07    3  5311     184   1.0  6.90E-08  3.69E-07  1.57E-13  0.00
 2125 1.0625E+07    3  5313     184   1.0  6.90E-08  3.69E-07  1.55E-13  0.00
 2126 1.0630E+07    3  5316     184   1.0  6.90E-08  3.69E-07  3.93E-13  0.00
 2127 1.0635E+07    3  5318     184   1.0  6.89E-08  3.69E-07  1.18E-13  0.00
 2128 1.0640E+07    3  5321     184   1.0  6.89E-08  3.69E-07  1.74E-13  0.00
 2129 1.0645E+07    3  5323     184   1.0  6.89E-08  3.69E-07  6.68E-14  0.00
 2130 1.0650E+07    3  5326     184   1.0  6.89E-08  3.69E-07  4.84E-13  0.00
 2131 1.0655E+07    3  5328     184   1.0  6.89E-08  3.69E-07  7.80E-14  0.00
 2132 1.0660E+07    3  5331     184   1.0  6.89E-08  3.69E-07  1.79E-13  0.00
 2133 1.0665E+07    3  5333     184   1.0  6.89E-08  3.69E-07  1.54E-13  0.00
 2134 1.0670E+07    3  5336     184   1.0  6.89E-08  3.69E-07  1.76E-13  0.00
 2135 1.0675E+07    3  5338     184   1.0  6.89E-08  3.69E-07  1.99E-13  0.00
 2136 1.0680E+07    3  5341     184   1.0  6.89E-08  3.69E-07  2.38E-13  0.00
 2137 1.0685E+07    3  5343     184   1.0  6.88E-08  3.69E-07  1.27E-13  0.00
 2138 1.0690E+07    3  5346     184   1.0  6.88E-08  3.68E-07  2.67E-14  0.00
 2139 1.0695E+07    3  5348     184   1.0  6.88E-08  3.68E-07  1.63E-13  0.00
 2140 1.0700E+07    3  5351     184   1.0  6.88E-08  3.68E-07  6.81E-15  0.00
 2141 1.0705E+07    3  5353     184   1.0  6.88E-08  3.68E-07  2.07E-13  0.00
 2142 1.0710E+07    3  5356     184   1.0  6.88E-08  3.68E-07  9.90E-14  0.00
 2143 1.0715E+07    3  5358     184   1.0  6.88E-08  3.68E-07  2.80E-13  0.00
 2144 1.0720E+07    3  5361     184   1.0  6.88E-08  3.68E-07  1.18E-12  0.00
 2145 1.0725E+07    3  5363     184   1.0  6.88E-08  3.68E-07  1.81E-13  0.00
 2146 1.0730E+07    3  5366     184   1.0  6.88E-08  3.68E-07  2.10E-14  0.00
 2147 1.0735E+07    3  5368     184   1.0  6.87E-08  3.68E-07  1.35E-12  0.00
 2148 1.0740E+07    3  5371     184   1.0  6.87E-08  3.68E-07  2.28E-13  0.00
 2149 1.0745E+07    3  5373     184   1.0  6.87E-08  3.68E-07  1.08E-11  0.00
 2150 1.0750E+07    3  5376     184   1.0  6.87E-08  3.68E-07  2.36E-13  0.00
 2151 1.0755E+07    3  5378     184   1.0  6.87E-08  3.68E-07  1.89E-13  0.00
 2152 1.0760E+07    3  5381     184   1.0  6.87E-08  3.68E-07  4.57E-15  0.00
 2153 1.0765E+07    3  5383     184   1.0  6.87E-08  3.68E-07  2.10E-13  0.00
 2154 1.0770E+07    3  5386     184   1.0  6.87E-08  3.68E-07  2.70E-13  0.00
 2155 1.0775E+07    3  5388     184   1.0  6.87E-08  3.68E-07  2.27E-12  0.00
 2156 1.0780E+07    3  5391     184   1.0  6.87E-08  3.67E-07  6.98E-14  0.00
 2157 1.0785E+07    3  5393     184   1.0  6.87E-08  3.67E-07  1.73E-14  0.00
 2158 1.0790E+07    3  5396     184   1.0  6.86E-08  3.67E-07  1.53E-12  0.00
 2159 1.0795E+07    3  5398     184   1.0  6.86E-08  3.67E-07  3.04E-13  0.00
 2160 1.0800E+07    3  5401     184   1.0  6.86E-08  3.67E-07  7.88E-15  0.00
 2161 1.0805E+07    3  5403     184   1.0  6.86E-08  3.67E-07  5.37E-16  0.00
 2162 1.0810E+07    3  5406     184   1.0  6.86E-08  3.67E-07  1.29E-12  0.00
 2163 1.0815E+07    3  5408     184   1.0  6.86E-08  3.67E-07  1.74E-14  0.00
 2164 1.0820E+07    3  5411     184   1.0  6.86E-08  3.67E-07  4.77E-13  0.00
 2165 1.0825E+07    3  5413     184   1.0  6.86E-08  3.67E-07  9.34E-14  0.00
 2166 1.0830E+07    3  5416     184   1.0  6.86E-08  3.67E-07  3.02E-11  0.00
 2167 1.0835E+07    3  5418     184   1.0  6.86E-08  3.67E-07  5.34E-12  0.00
 2168 1.0840E+07    3  5421     184   1.0  6.85E-08  3.67E-07  3.66E-12  0.00
 2169 1.0845E+07    3  5423     184   1.0  6.85E-08  3.67E-07  1.14E-13  0.00
 2170 1.0850E+07    3  5426     184   1.0  6.85E-08  3.67E-07  2.38E-14  0.00
 2171 1.0855E+07    3  5428     184   1.0  6.85E-08  3.67E-07  2.25E-13  0.00
 2172 1.0860E+07    3  5431     184   1.0  6.85E-08  3.67E-07  2.42E-13  0.00
 2173 1.0865E+07    3  5433     184   1.0  6.85E-08  3.67E-07  2.66E-13  0.00
 2174 1.0870E+07    3  5436     184   1.0  6.85E-08  3.67E-07  1.09E-13  0.00
 2175 1.0875E+07    3  5438     184   1.0  6.85E-08  3.66E-07  2.41E-14  0.00
 2176 1.0880E+07    3  5441     184   1.0  6.85E-08  3.66E-07  6.50E-13  0.00
 2177 1.0885E+07    3  5443     184   1.0  6.85E-08  3.66E-07  4.41E-12  0.00
 2178 1.0890E+07    3  5446     184   1.0  6.85E-08  3.66E-07  4.80E-14  0.00
 2179 1.0895E+07    3  5448     184   1.0  6.84E-08  3.66E-07  1.84E-10  0.00
 2180 1.0900E+07    3  5451     184   1.0  6.88E-08  3.68E-07  1.35E-13  0.00
 2181 1.0905E+07    3  5453     184   1.0  6.88E-08  3.68E-07  4.72E-12  0.00
 2182 1.0910E+07    3  5456     184   1.0  6.88E-08  3.68E-07  2.89E-13  0.00
 2183 1.0915E+07    3  5458     184   1.0  6.88E-08  3.68E-07  9.66E-15  0.00
 2184 1.0920E+07    3  5461     184   1.0  6.88E-08  3.68E-07  4.57E-13  0.00
 2185 1.0925E+07    3  5463     184   1.0  6.88E-08  3.68E-07  2.03E-13  0.00
 2186 1.0930E+07    3  5466     184   1.0  6.88E-08  3.68E-07  8.34E-13  0.00
 2187 1.0935E+07    3  5468     184   1.0  6.87E-08  3.68E-07  4.73E-14  0.00
 2188 1.0940E+07    3  5471     184   1.0  6.87E-08  3.68E-07  4.80E-13  0.00
 2189 1.0945E+07    3  5473     184   1.0  6.87E-08  3.68E-07  1.63E-12  0.00
 2190 1.0950E+07    3  5476     184   1.0  6.87E-08  3.68E-07  1.97E-13  0.00
 2191 1.0955E+07    3  5478     184   1.0  6.87E-08  3.68E-07  1.13E-13  0.00
 2192 1.0960E+07    3  5481     184   1.0  6.43E-08  3.45E-07  1.02E-13  0.00
 2193 1.0965E+07    3  5483     184   1.0  6.02E-08  3.24E-07  1.51E-12  0.00
 2194 1.0970E+07    3  5486     184   1.0  6.02E-08  3.24E-07  2.26E-13  0.00
 2195 1.0975E+07    3  5488     184   1.0  6.02E-08  3.24E-07  9.77E-14  0.00
 2196 1.0980E+07    3  5491     184   1.0  6.02E-08  3.24E-07  1.26E-13  0.00
 2197 1.0985E+07    3  5493     184   1.0  6.02E-08  3.24E-07  8.79E-14  0.00
 2198 1.0990E+07    3  5496     184   1.0  6.02E-08  3.24E-07  3.18E-14  0.00
 2199 1.0995E+07    3  5498     184   1.0  6.01E-08  3.24E-07  3.16E-14  0.00
 2200 1.1000E+07    3  5501     184   1.0  6.01E-08  3.24E-07  5.17E-14  0.00
 2201 1.1005E+07    3  5503     184   1.0  6.01E-08  3.24E-07  7.49E-13  0.00
 2202 1.1010E+07    3  5506     184   1.0  6.01E-08  3.24E-07  8.28E-14  0.00
 2203 1.1015E+07    3  5508     184   1.0  6.01E-08  3.24E-07  1.91E-13  0.00
 2204 1.1020E+07    3  5511     184   1.0  6.01E-08  3.24E-07  2.16E-13  0.00
 2205 1.1025E+07    3  5513     184   1.0  6.01E-08  3.23E-07  1.12E-12  0.00
 2206 1.1030E+07    3  5516     184   1.0  6.01E-08  3.23E-07  4.91E-14  0.00
 2207 1.1035E+07    3  5518     184   1.0  6.01E-08  3.23E-07  1.23E-12  0.00
 2208 1.1040E+07    3  5521     184   1.0  6.01E-08  3.23E-07  4.47E-12  0.00
 2209 1.1045E+07    3  5523     184   1.0  6.01E-08  3.23E-07  7.72E-14  0.00
 2210 1.1050E+07    3  5526     184   1.0  6.01E-08  3.23E-07  4.02E-13  0.00
 2211 1.1055E+07    3  5528     184   1.0  6.00E-08  3.23E-07  1.52E-11  0.00
 2212 1.1060E+07    3  5531     184   1.0  6.00E-08  3.23E-07  5.72E-13  0.00
 2213 1.1065E+07    3  5533     184   1.0  6.03E-08  3.26E-07  1.44E-13  0.00
 2214 1.1070E+07    3  5536     184   1.0  6.04E-08  3.27E-07  2.80E-14  0.00
 2215 1.1075E+07    3  5538     184   1.0  6.04E-08  3.27E-07  2.22E-13  0.00
 2216 1.1080E+07    3  5541     184   1.0  6.04E-08  3.27E-07  6.90E-13  0.00
 2217 1.1085E+07    3  5543     184   1.0  6.04E-08  3.27E-07  1.52E-13  0.00
 2218 1.1090E+07    3  5546     184   1.0  6.03E-08  3.27E-07  5.56E-13  0.00
 2219 1.1095E+07    3  5548     184   1.0  6.03E-08  3.27E-07  1.21E-13  0.00
 2220 1.1100E+07    3  5551     184   1.0  6.03E-08  3.27E-07  3.15E-13  0.00
 2221 1.1105E+07    3  5553     184   1.0  6.03E-08  3.27E-07  7.64E-12  0.00
 2222 1.1110E+07    3  5556     184   1.0  6.03E-08  3.27E-07  3.95E-14  0.00
 2223 1.1115E+07    3  5558     184   1.0  6.03E-08  3.27E-07  2.19E-12  0.00
 2224 1.1120E+07    3  5561     184   1.0  6.03E-08  3.27E-07  4.67E-13  0.00
 2225 1.1125E+07    3  5563     184   1.0  6.03E-08  3.27E-07  4.78E-13  0.00
 2226 1.1130E+07    3  5566     184   1.0  6.03E-08  3.26E-07  3.71E-14  0.00
 2227 1.1135E+07    3  5568     184   1.0  6.03E-08  3.26E-07  3.67E-13  0.00
 2228 1.1140E+07    3  5571     184   1.0  6.03E-08  3.26E-07  9.80E-16  0.00
 2229 1.1145E+07    3  5573     184   1.0  6.03E-08  3.26E-07  2.70E-12  0.00
 2230 1.1150E+07    3  5576     184   1.0  6.02E-08  3.26E-07  1.47E-13  0.00
 2231 1.1155E+07    3  5578     184   1.0  6.02E-08  3.26E-07  4.02E-13  0.00
 2232 1.1160E+07    3  5581     184   1.0  6.02E-08  3.26E-07  5.84E-13  0.00
 2233 1.1165E+07    3  5583     184   1.0  6.19E-08  3.36E-07  2.88E-13  0.00
 2234 1.1170E+07    3  5586     184   1.0  6.40E-08  3.48E-07  1.20E-13  0.00
 2235 1.1175E+07    3  5588     184   1.0  6.40E-08  3.48E-07  6.01E-13  0.00
 2236 1.1180E+07    3  5591     184   1.0  6.40E-08  3.48E-07  5.08E-12  0.00
 2237 1.1185E+07    3  5593     184   1.0  6.40E-08  3.48E-07  6.84E-11  0.00
 2238 1.1190E+07    3  5596     184   1.0  6.40E-08  3.48E-07  7.90E-13  0.00
 2239 1.1195E+07    3  5598     184   1.0  6.40E-08  3.48E-07  1.55E-12  0.00
 2240 1.1200E+07    3  5601     184   1.0  6.40E-08  3.48E-07  7.91E-14  0.00
 2241 1.1205E+07    3  5603     184   1.0  6.40E-08  3.48E-07  9.74E-14  0.00
 2242 1.1210E+07    3  5606     184   1.0  6.40E-08  3.48E-07  1.70E-13  0.00
 2243 1.1215E+07    3  5608     184   1.0  6.40E-08  3.48E-07  8.35E-14  0.00
 2244 1.1220E+07    3  5611     184   1.0  6.40E-08  3.48E-07  1.42E-12  0.00
 2245 1.1225E+07    3  5613     184   1.0  6.40E-08  3.48E-07  7.54E-13  0.00
 2246 1.1230E+07    3  5616     184   1.0  6.40E-08  3.48E-07  7.75E-12  0.00
 2247 1.1235E+07    3  5618     184   1.0  6.40E-08  3.48E-07  1.79E-13  0.00
 2248 1.1240E+07    3  5621     184   1.0  6.40E-08  3.47E-07  6.24E-13  0.00
 2249 1.1245E+07    3  5623     184   1.0  6.39E-08  3.47E-07  3.51E-13  0.00
 2250 1.1250E+07    3  5626     184   1.0  6.39E-08  3.47E-07  3.48E-13  0.00
 2251 1.1255E+07    3  5628     184   1.0  6.39E-08  3.47E-07  1.44E-13  0.00
 2252 1.1260E+07    3  5631     184   1.0  6.39E-08  3.47E-07  5.34E-13  0.00
 2253 1.1265E+07    3  5633     184   1.0  6.39E-08  3.47E-07  5.96E-14  0.00
 2254 1.1270E+07    3  5636     184   1.0  6.39E-08  3.47E-07  4.54E-14  0.00
 2255 1.1275E+07    3  5638     184   1.0  6.39E-08  3.47E-07  4.27E-13  0.00
 2256 1.1280E+07    3  5641     184   1.0  6.39E-08  3.47E-07  1.78E-13  0.00
 2257 1.1285E+07    3  5643     184   1.0  6.39E-08  3.47E-07  3.96E-14  0.00
 2258 1.1290E+07    3  5646     184   1.0  6.39E-08  3.47E-07  2.37E-13  0.00
 2259 1.1295E+07    3  5648     184   1.0  6.39E-08  3.47E-07  6.50E-14  0.00
 2260 1.1300E+07    3  5651     184   1.0  6.39E-08  3.47E-07  4.72E-12  0.00
 2261 1.1305E+07    3  5653     184   1.0  6.39E-08  3.47E-07  4.93E-13  0.00
 2262 1.1310E+07    3  5656     184   1.0  6.39E-08  3.47E-07  1.22E-12  0.00
 2263 1.1315E+07    3  5658     184   1.0  6.38E-08  3.47E-07  2.12E-13  0.00
 2264 1.1320E+07    3  5661     184   1.0  6.38E-08  3.47E-07  9.16E-14  0.00
 2265 1.1325E+07    3  5663     184   1.0  6.38E-08  3.47E-07  1.14E-11  0.00
 2266 1.1330E+07    3  5666     184   1.0  6.38E-08  3.47E-07  3.26E-14  0.00
 2267 1.1335E+07    3  5668     184   1.0  6.38E-08  3.47E-07  1.10E-13  0.00
 2268 1.1340E+07    3  5671     184   1.0  6.38E-08  3.47E-07  3.60E-13  0.00
 2269 1.1345E+07    3  5673     184   1.0  6.38E-08  3.47E-07  5.15E-14  0.00
 2270 1.1350E+07    3  5676     184   1.0  6.38E-08  3.47E-07  1.58E-13  0.00
 2271 1.1355E+07    3  5678     184   1.0  6.38E-08  3.47E-07  6.28E-13  0.00
 2272 1.1360E+07    3  5681     184   1.0  6.38E-08  3.46E-07  6.68E-13  0.00
 2273 1.1365E+07    3  5683     184   1.0  6.38E-08  3.46E-07  4.72E-14  0.00
 2274 1.1370E+07    3  5686     184   1.0  6.38E-08  3.46E-07  4.74E-13  0.00
 2275 1.1375E+07    3  5688     184   1.0  6.38E-08  3.46E-07  1.13E-13  0.00
 2276 1.1380E+07    3  5691     184   1.0  6.38E-08  3.46E-07  2.78E-13  0.00
 2277 1.1385E+07    3  5693     184   1.0  6.37E-08  3.46E-07  3.40E-13  0.00
 2278 1.1390E+07    3  5696     184   1.0  6.37E-08  3.46E-07  3.47E-13  0.00
 2279 1.1395E+07    3  5698     184   1.0  6.96E-08  3.70E-07  3.81E-13  0.00
 2280 1.1400E+07    3  5701     184   1.0  7.23E-08  3.81E-07  1.05E-13  0.00
 2281 1.1405E+07    3  5703     184   1.0  7.23E-08  3.81E-07  9.36E-14  0.00
 2282 1.1410E+07    3  5706     184   1.0  7.23E-08  3.81E-07  1.70E-14  0.00
 2283 1.1415E+07    3  5708     184   1.0  7.23E-08  3.81E-07  4.45E-12  0.00
 2284 1.1420E+07    3  5711     184   1.0  7.23E-08  3.81E-07  9.36E-14  0.00
 2285 1.1425E+07    3  5713     184   1.0  7.23E-08  3.81E-07  4.37E-13  0.00
 2286 1.1430E+07    3  5716     184   1.0  7.23E-08  3.81E-07  1.66E-13  0.00
 2287 1.1435E+07    3  5718     184   1.0  7.23E-08  3.81E-07  7.59E-11  0.00
 2288 1.1440E+07    3  5721     184   1.0  7.23E-08  3.81E-07  3.58E-13  0.00
 2289 1.1445E+07    3  5723     184   1.0  7.23E-08  3.81E-07  4.30E-13  0.00
 2290 1.1450E+07    3  5726     184   1.0  7.23E-08  3.81E-07  2.48E-12  0.00
 2291 1.1455E+07    3  5728     184   1.0  7.22E-08  3.80E-07  1.26E-12  0.00
 2292 1.1460E+07    3  5731     184   1.0  7.22E-08  3.80E-07  1.96E-14  0.00
 2293 1.1465E+07    3  5733     184   1.0  7.22E-08  3.80E-07  6.53E-14  0.00
 2294 1.1470E+07    3  5736     184   1.0  7.22E-08  3.80E-07  2.63E-13  0.00
 2295 1.1475E+07    3  5738     184   1.0  7.22E-08  3.80E-07  9.05E-14  0.00
 2296 1.1480E+07    3  5741     184   1.0  7.22E-08  3.80E-07  6.77E-12  0.00
 2297 1.1485E+07    3  5743     184   1.0  7.22E-08  3.80E-07  9.89E-13  0.00
 2298 1.1490E+07    3  5746     184   1.0  7.22E-08  3.80E-07  5.69E-13  0.00
 2299 1.1495E+07    3  5748     184   1.0  7.22E-08  3.80E-07  4.15E-13  0.00
 2300 1.1500E+07    3  5751     184   1.0  7.22E-08  3.80E-07  4.49E-13  0.00
 2301 1.1505E+07    3  5753     184   1.0  7.22E-08  3.80E-07  1.79E-13  0.00
 2302 1.1510E+07    3  5756     184   1.0  7.22E-08  3.80E-07  1.16E-11  0.00
 2303 1.1515E+07    3  5758     184   1.0  7.21E-08  3.80E-07  8.05E-14  0.00
 2304 1.1520E+07    3  5761     184   1.0  7.21E-08  3.80E-07  1.95E-13  0.00
 2305 1.1525E+07    3  5763     184   1.0  7.21E-08  3.80E-07  3.90E-14  0.00
 2306 1.1530E+07    3  5766     184   1.0  7.21E-08  3.80E-07  2.16E-13  0.00
 2307 1.1535E+07    3  5768     184   1.0  7.21E-08  3.80E-07  2.34E-13  0.00
 2308 1.1540E+07    3  5771     184   1.0  7.21E-08  3.80E-07  9.13E-14  0.00
 2309 1.1545E+07    3  5773     184   1.0  7.21E-08  3.80E-07  1.42E-13  0.00
 2310 1.1550E+07    3  5776     184   1.0  7.21E-08  3.80E-07  2.44E-14  0.00
 2311 1.1555E+07    3  5778     184   1.0  7.21E-08  3.80E-07  6.17E-14  0.00
 2312 1.1560E+07    3  5781     184   1.0  7.21E-08  3.80E-07  3.32E-13  0.00
 2313 1.1565E+07    3  5783     184   1.0  7.21E-08  3.79E-07  1.18E-13  0.00
 2314 1.1570E+07    3  5786     184   1.0  7.21E-08  3.79E-07  9.80E-13  0.00
 2315 1.1575E+07    3  5788     184   1.0  7.21E-08  3.79E-07  8.97E-13  0.00
 2316 1.1580E+07    3  5791     184   1.0  7.20E-08  3.79E-07  1.22E-13  0.00
 2317 1.1585E+07    3  5793     184   1.0  7.20E-08  3.79E-07  6.90E-14  0.00
 2318 1.1590E+07    3  5796     184   1.0  7.20E-08  3.79E-07  8.18E-13  0.00
 2319 1.1595E+07    3  5798     184   1.0  7.20E-08  3.79E-07  4.19E-13  0.00
 2320 1.1600E+07    3  5801     184   1.0  7.20E-08  3.79E-07  1.07E-13  0.00
 2321 1.1605E+07    3  5803     184   1.0  7.20E-08  3.79E-07  2.46E-13  0.00
 2322 1.1610E+07    3  5806     184   1.0  7.20E-08  3.79E-07  2.26E-13  0.00
 2323 1.1615E+07    3  5808     184   1.0  7.20E-08  3.79E-07  6.90E-13  0.00
 2324 1.1620E+07    3  5811     184   1.0  7.20E-08  3.79E-07  1.04E-12  0.00
 2325 1.1625E+07    3  5813     184   1.0  7.20E-08  3.79E-07  5.22E-14  0.00
 2326 1.1630E+07    3  5816     184   1.0  7.20E-08  3.79E-07  2.24E-13  0.00
 2327 1.1635E+07    3  5818     184   1.0  7.20E-08  3.79E-07  1.81E-13  0.00
 2328 1.1640E+07    3  5821     184   1.0  7.20E-08  3.79E-07  9.04E-13  0.00
 2329 1.1645E+07    3  5823     184   1.0  7.19E-08  3.79E-07  3.19E-13  0.00
 2330 1.1650E+07    3  5826     184   1.0  7.19E-08  3.79E-07  8.89E-13  0.00
 2331 1.1655E+07    3  5828     184   1.0  7.19E-08  3.79E-07  7.85E-14  0.00
 2332 1.1660E+07    3  5831     184   1.0  7.19E-08  3.79E-07  2.10E-10  0.00
 2333 1.1665E+07    3  5833     184   1.0  8.50E-08  4.40E-07  9.14E-11  0.00
 2334 1.1670E+07    3  5836     184   1.0  8.49E-08  4.37E-07  2.17E-11  0.00
 2335 1.1675E+07    3  5838     184   1.0  8.46E-08  4.36E-07  6.27E-10  0.00
 2336 1.1680E+07    3  5841     184   1.0  8.46E-08  4.35E-07  1.80E-11  0.00
 2337 1.1685E+07    3  5843     184   1.0  8.44E-08  4.35E-07  4.59E-11  0.00
 2338 1.1690E+07    3  5846     184   1.0  8.45E-08  4.35E-07  7.65E-11  0.00
 2339 1.1695E+07    3  5848     184   1.0  8.45E-08  4.35E-07  6.44E-12  0.00
 2340 1.1700E+07    3  5851     184   1.0  8.44E-08  4.35E-07  6.76E-12  0.00
 2341 1.1705E+07    3  5853     184   1.0  8.43E-08  4.35E-07  1.48E-12  0.00
 2342 1.1710E+07    3  5856     184   1.0  8.43E-08  4.35E-07  1.33E-11  0.00
 2343 1.1715E+07    3  5858     184   1.0  8.43E-08  4.35E-07  9.12E-13  0.00
 2344 1.1720E+07    3  5861     184   1.0  8.43E-08  4.34E-07  2.75E-12  0.00
 2345 1.1725E+07    3  5863     184   1.0  8.43E-08  4.34E-07  1.71E-12  0.00
 2346 1.1730E+07    3  5866     184   1.0  8.43E-08  4.34E-07  1.19E-12  0.00
 2347 1.1735E+07    3  5868     184   1.0  8.43E-08  4.34E-07  3.14E-12  0.00
 2348 1.1740E+07    3  5871     184   1.0  8.43E-08  4.34E-07  1.08E-12  0.00
 2349 1.1745E+07    3  5873     184   1.0  8.43E-08  4.34E-07  3.14E-13  0.00
 2350 1.1750E+07    3  5876     184   1.0  8.43E-08  4.34E-07  1.68E-13  0.00
 2351 1.1755E+07    3  5878     184   1.0  8.42E-08  4.34E-07  1.81E-13  0.00
 2352 1.1760E+07    3  5881     184   1.0  8.42E-08  4.34E-07  2.00E-14  0.00
 2353 1.1765E+07    3  5883     184   1.0  8.42E-08  4.34E-07  1.18E-13  0.00
 2354 1.1770E+07    3  5886     184   1.0  8.42E-08  4.34E-07  3.16E-13  0.00
 2355 1.1775E+07    3  5888     184   1.0  8.42E-08  4.34E-07  5.95E-13  0.00
 2356 1.1780E+07    3  5891     184   1.0  8.42E-08  4.34E-07  2.12E-13  0.00
 2357 1.1785E+07    3  5893     184   1.0  8.42E-08  4.34E-07  2.98E-13  0.00
 2358 1.1790E+07    3  5896     184   1.0  8.50E-08  4.35E-07  1.98E-11  0.00
 2359 1.1795E+07    3  5898     184   1.0  8.65E-08  4.38E-07  3.56E-12  0.00
 2360 1.1800E+07    3  5901     184   1.0  8.67E-08  4.38E-07  2.91E-12  0.00
 2361 1.1805E+07    3  5903     184   1.0  8.65E-08  4.38E-07  5.61E-12  0.00
 2362 1.1810E+07    3  5906     184   1.0  8.65E-08  4.38E-07  5.36E-12  0.00
 2363 1.1815E+07    3  5908     184   1.0  8.65E-08  4.38E-07  7.61E-11  0.00
 2364 1.1820E+07    3  5911     184   1.0  8.65E-08  4.38E-07  5.38E-13  0.00
 2365 1.1825E+07    3  5913     184   1.0  8.65E-08  4.38E-07  1.03E-13  0.00
 2366 1.1830E+07    3  5916     184   1.0  8.64E-08  4.38E-07  2.25E-13  0.00
 2367 1.1835E+07    3  5918     184   1.0  8.64E-08  4.38E-07  2.92E-13  0.00
 2368 1.1840E+07    3  5921     184   1.0  8.64E-08  4.38E-07  1.53E-13  0.00
 2369 1.1845E+07    3  5923     184   1.0  8.64E-08  4.38E-07  3.08E-13  0.00
 2370 1.1850E+07    3  5926     184   1.0  8.64E-08  4.38E-07  2.03E-13  0.00
 2371 1.1855E+07    3  5928     184   1.0  8.92E-08  4.57E-07  8.01E-11  0.00
 2372 1.1860E+07    3  5931     184   1.0  9.88E-08  5.24E-07  1.17E-12  0.00
 2373 1.1865E+07    3  5933     184   1.0  9.88E-08  5.24E-07  3.76E-13  0.00
 2374 1.1870E+07    3  5936     184   1.0  9.88E-08  5.24E-07  8.81E-14  0.00
 2375 1.1875E+07    3  5938     184   1.0  9.88E-08  5.24E-07  3.78E-12  0.00
 2376 1.1880E+07    3  5941     184   1.0  9.88E-08  5.24E-07  3.35E-12  0.00
 2377 1.1885E+07    3  5943     184   1.0  9.87E-08  5.24E-07  7.55E-15  0.00
 2378 1.1890E+07    3  5946     184   1.0  9.87E-08  5.24E-07  9.92E-12  0.00
 2379 1.1895E+07    3  5948     184   1.0  9.87E-08  5.23E-07  7.98E-14  0.00
 2380 1.1900E+07    3  5951     184   1.0  9.87E-08  5.23E-07  2.90E-13  0.00
 2381 1.1905E+07    3  5953     184   1.0  9.87E-08  5.23E-07  1.63E-11  0.00
 2382 1.1910E+07    3  5956     184   1.0  9.87E-08  5.23E-07  2.16E-13  0.00
 2383 1.1915E+07    3  5958     184   1.0  9.87E-08  5.23E-07  4.00E-13  0.00
 2384 1.1920E+07    3  5961     184   1.0  9.86E-08  5.23E-07  3.95E-13  0.00
 2385 1.1925E+07    3  5963     184   1.0  9.86E-08  5.23E-07  4.77E-13  0.00
 2386 1.1930E+07    3  5966     184   1.0  9.86E-08  5.23E-07  4.84E-11  0.00
 2387 1.1935E+07    3  5968     184   1.0  9.86E-08  5.23E-07  3.42E-13  0.00
 2388 1.1940E+07    3  5971     184   1.0  9.86E-08  5.23E-07  7.97E-13  0.00
 2389 1.1945E+07    3  5973     184   1.0  9.86E-08  5.23E-07  6.10E-13  0.00
 2390 1.1950E+07    3  5976     184   1.0  9.86E-08  5.23E-07  5.62E-12  0.00
 2391 1.1955E+07    3  5978     184   1.0  9.85E-08  5.23E-07  6.44E-14  0.00
 2392 1.1960E+07    3  5981     184   1.0  9.85E-08  5.23E-07  6.40E-13  0.00
 2393 1.1965E+07    3  5983     184   1.0  9.85E-08  5.22E-07  3.60E-13  0.00
 2394 1.1970E+07    3  5986     184   1.0  9.85E-08  5.22E-07  4.45E-12  0.00
 2395 1.1975E+07    3  5988     184   1.0  9.85E-08  5.22E-07  6.32E-13  0.00
 2396 1.1980E+07    3  5991     184   1.0  9.85E-08  5.22E-07  9.54E-13  0.00
 2397 1.1985E+07    3  5993     184   1.0  9.85E-08  5.22E-07  1.53E-13  0.00
 2398 1.1990E+07    3  5996     184   1.0  9.85E-08  5.22E-07  6.55E-13  0.00
 2399 1.1995E+07    3  5998     184   1.0  9.84E-08  5.22E-07  8.27E-15  0.00
 2400 1.2000E+07    3  6001     184   1.0  9.84E-08  5.22E-07  7.89E-13  0.00
 2401 1.2005E+07    3  6003     184   1.0  9.84E-08  5.22E-07  1.79E-14  0.00
 2402 1.2010E+07    3  6006     184   1.0  9.84E-08  5.22E-07  7.23E-14  0.00
 2403 1.2015E+07    3  6008     184   1.0  9.84E-08  5.22E-07  2.35E-12  0.00
 2404 1.2020E+07    3  6011     184   1.0  9.84E-08  5.22E-07  2.06E-13  0.00
 2405 1.2025E+07    3  6013     184   1.0  9.84E-08  5.22E-07  1.11E-12  0.00
 2406 1.2030E+07    3  6016     184   1.0  9.83E-08  5.22E-07  5.31E-12  0.00
 2407 1.2035E+07    3  6018     184   1.0  9.83E-08  5.21E-07  4.40E-13  0.00
 2408 1.2040E+07    3  6021     184   1.0  9.83E-08  5.21E-07  6.42E-13  0.00
 2409 1.2045E+07    3  6023     184   1.0  9.83E-08  5.21E-07  3.77E-13  0.00
 2410 1.2050E+07    3  6026     184   1.0  9.83E-08  5.21E-07  1.75E-12  0.00
 2411 1.2055E+07    3  6028     184   1.0  9.83E-08  5.21E-07  1.75E-13  0.00
 2412 1.2060E+07    3  6031     184   1.0  9.83E-08  5.21E-07  2.47E-13  0.00
 2413 1.2065E+07    3  6033     184   1.0  9.83E-08  5.21E-07  9.18E-13  0.00
 2414 1.2070E+07    3  6036     184   1.0  9.82E-08  5.21E-07  6.61E-12  0.00
 2415 1.2075E+07    3  6038     184   1.0  9.82E-08  5.21E-07  4.16E-13  0.00
 2416 1.2080E+07    3  6041     184   1.0  1.15E-07  6.45E-07  1.97E-14  0.00
 2417 1.2085E+07    3  6043     184   1.0  1.27E-07  7.33E-07  4.56E-14  0.00
 2418 1.2090E+07    3  6046     184   1.0  1.29E-07  7.41E-07  2.16E-12  0.00
 2419 1.2095E+07    3  6048     184   1.0  1.35E-07  7.77E-07  1.63E-11  0.00
 2420 1.2100E+07    3  6051     184   1.0  1.35E-07  7.77E-07  6.20E-13  0.00
 2421 1.2105E+07    3  6053     184   1.0  1.35E-07  7.76E-07  6.22E-13  0.00
 2422 1.2110E+07    3  6056     184   1.0  1.35E-07  7.76E-07  1.36E-12  0.00
 2423 1.2115E+07    3  6058     184   1.0  1.35E-07  7.76E-07  6.28E-11  0.00
 2424 1.2120E+07    3  6061     184   1.0  1.35E-07  7.76E-07  7.58E-13  0.00
 2425 1.2125E+07    3  6063     184   1.0  1.35E-07  7.76E-07  5.70E-13  0.00
 2426 1.2130E+07    3  6066     184   1.0  1.35E-07  7.76E-07  1.07E-12  0.00
 2427 1.2135E+07    3  6068     184   1.0  1.35E-07  7.76E-07  2.99E-13  0.00
 2428 1.2140E+07    3  6071     184   1.0  1.35E-07  7.76E-07  1.01E-13  0.00
 2429 1.2145E+07    3  6073     184   1.0  1.35E-07  7.76E-07  2.92E-13  0.00
 2430 1.2150E+07    3  6076     184   1.0  1.35E-07  7.75E-07  8.79E-13  0.00
 2431 1.2155E+07    3  6078     184   1.0  1.35E-07  7.75E-07  2.05E-12  0.00
 2432 1.2160E+07    3  6081     184   1.0  1.35E-07  7.73E-07  5.81E-13  0.00
 2433 1.2165E+07    3  6083     184   1.0  1.35E-07  7.73E-07  6.23E-12  0.00
 2434 1.2170E+07    3  6086     184   1.0  1.34E-07  7.73E-07  5.96E-13  0.00
 2435 1.2175E+07    3  6088     184   1.0  1.34E-07  7.73E-07  8.13E-13  0.00
 2436 1.2180E+07    3  6091     184   1.0  1.34E-07  7.73E-07  9.46E-12  0.00
 2437 1.2185E+07    3  6093     184   1.0  1.34E-07  7.73E-07  3.41E-13  0.00
 2438 1.2190E+07    3  6096     184   1.0  1.34E-07  7.72E-07  2.68E-13  0.00
 2439 1.2195E+07    3  6098     184   1.0  1.34E-07  7.72E-07  1.34E-12  0.00
 2440 1.2200E+07    3  6101     184   1.0  1.34E-07  7.72E-07  3.67E-13  0.00
 2441 1.2205E+07    3  6103     184   1.0  1.34E-07  7.72E-07  2.87E-12  0.00
 2442 1.2210E+07    3  6106     184   1.0  1.34E-07  7.72E-07  4.64E-13  0.00
 2443 1.2215E+07    3  6108     184   1.0  1.34E-07  7.72E-07  7.02E-14  0.00
 2444 1.2220E+07    3  6111     184   1.0  1.34E-07  7.72E-07  1.07E-13  0.00
 2445 1.2225E+07    3  6113     184   1.0  1.34E-07  7.72E-07  5.76E-13  0.00
 2446 1.2230E+07    3  6116     184   1.0  1.34E-07  7.72E-07  1.01E-13  0.00
 2447 1.2235E+07    3  6118     184   1.0  1.34E-07  7.72E-07  3.61E-13  0.00
 2448 1.2240E+07    3  6121     184   1.0  1.34E-07  7.71E-07  1.62E-12  0.00
 2449 1.2245E+07    3  6123     184   1.0  1.34E-07  7.71E-07  1.85E-13  0.00
 2450 1.2250E+07    3  6126     184   1.0  1.34E-07  7.71E-07  4.32E-13  0.00
 2451 1.2255E+07    3  6128     184   1.0  1.34E-07  7.71E-07  8.99E-12  0.00
 2452 1.2260E+07    3  6131     184   1.0  1.34E-07  7.71E-07  1.21E-11  0.00
 2453 1.2265E+07    3  6133     184   1.0  1.34E-07  7.71E-07  1.46E-12  0.00
 2454 1.2270E+07    3  6136     184   1.0  1.34E-07  7.71E-07  3.76E-13  0.00
 2455 1.2275E+07    3  6138     184   1.0  1.34E-07  7.71E-07  9.13E-14  0.00
 2456 1.2280E+07    3  6141     184   1.0  1.34E-07  7.71E-07  3.72E-13  0.00
 2457 1.2285E+07    3  6143     184   1.0  1.34E-07  7.71E-07  2.60E-13  0.00
 2458 1.2290E+07    3  6146     184   1.0  1.34E-07  7.70E-07  5.54E-12  0.00
 2459 1.2295E+07    3  6148     184   1.0  1.34E-07  7.70E-07  4.37E-13  0.00
 2460 1.2300E+07    3  6151     184   1.0  1.34E-07  7.70E-07  1.31E-12  0.00
 2461 1.2305E+07    3  6153     184   1.0  1.34E-07  7.70E-07  1.30E-13  0.00
 2462 1.2310E+07    3  6156     184   1.0  1.34E-07  7.70E-07  3.87E-13  0.00
 2463 1.2315E+07    3  6158     184   1.0  1.34E-07  7.70E-07  5.45E-13  0.00
 2464 1.2320E+07    3  6161     184   1.0  1.34E-07  7.70E-07  1.85E-12  0.00
 2465 1.2325E+07    3  6163     184   1.0  1.34E-07  7.70E-07  1.52E-12  0.00
 2466 1.2330E+07    3  6166     184   1.0  1.34E-07  7.70E-07  9.76E-13  0.00
 2467 1.2335E+07    3  6168     184   1.0  1.34E-07  7.70E-07  2.68E-13  0.00
 2468 1.2340E+07    3  6171     184   1.0  1.34E-07  7.69E-07  2.52E-12  0.00
 2469 1.2345E+07    3  6173     184   1.0  1.34E-07  7.69E-07  2.95E-13  0.00
 2470 1.2350E+07    3  6176     184   1.0  1.34E-07  7.69E-07  5.56E-14  0.00
 2471 1.2355E+07    3  6178     184   1.0  1.34E-07  7.69E-07  5.43E-12  0.00
 2472 1.2360E+07    3  6181     184   1.0  1.34E-07  7.69E-07  7.60E-12  0.00
 2473 1.2365E+07    3  6183     184   1.0  1.34E-07  7.69E-07  2.73E-13  0.00
 2474 1.2370E+07    3  6186     184   1.0  1.34E-07  7.69E-07  9.54E-13  0.00
 2475 1.2375E+07    3  6188     184   1.0  1.34E-07  7.69E-07  5.07E-13  0.00
 2476 1.2380E+07    3  6191     184   1.0  1.34E-07  7.69E-07  2.48E-13  0.00
 2477 1.2385E+07    3  6193     184   1.0  1.34E-07  7.69E-07  1.34E-12  0.00
 2478 1.2390E+07    3  6196     184   1.0  1.34E-07  7.68E-07  3.40E-12  0.00
 2479 1.2395E+07    3  6198     184   1.0  1.34E-07  7.68E-07  2.16E-12  0.00
 2480 1.2400E+07    3  6201     184   1.0  1.34E-07  7.68E-07  4.88E-12  0.00
 2481 1.2405E+07    3  6203     184   1.0  1.34E-07  7.68E-07  4.14E-13  0.00
 2482 1.2410E+07    3  6206     184   1.0  1.34E-07  7.68E-07  7.88E-13  0.00
 2483 1.2415E+07    3  6208     184   1.0  1.34E-07  7.68E-07  3.83E-13  0.00
 2484 1.2420E+07    3  6211     184   1.0  1.34E-07  7.68E-07  2.44E-12  0.00
 2485 1.2425E+07    3  6213     184   1.0  1.34E-07  7.68E-07  2.33E-12  0.00
 2486 1.2430E+07    3  6216     184   1.0  1.34E-07  7.68E-07  1.52E-14  0.00
 2487 1.2435E+07    3  6218     184   1.0  1.34E-07  7.68E-07  9.06E-13  0.00
 2488 1.2440E+07    3  6221     184   1.0  1.33E-07  7.67E-07  4.24E-13  0.00
 2489 1.2445E+07    3  6223     184   1.0  1.33E-07  7.67E-07  2.19E-13  0.00
 2490 1.2450E+07    3  6226     184   1.0  1.33E-07  7.67E-07  3.42E-14  0.00
 2491 1.2455E+07    3  6228     184   1.0  1.33E-07  7.67E-07  6.81E-12  0.00
 2492 1.2460E+07    3  6231     184   1.0  1.33E-07  7.67E-07  1.07E-12  0.00
 2493 1.2465E+07    3  6233     184   1.0  1.33E-07  7.67E-07  1.11E-12  0.00
 2494 1.2470E+07    3  6236     184   1.0  1.33E-07  7.67E-07  1.29E-12  0.00
 2495 1.2475E+07    3  6238     184   1.0  1.33E-07  7.67E-07  2.83E-13  0.00
 2496 1.2480E+07    3  6241     184   1.0  1.33E-07  7.67E-07  3.97E-13  0.00
 2497 1.2485E+07    3  6243     184   1.0  1.33E-07  7.67E-07  3.71E-14  0.00
 2498 1.2490E+07    3  6246     184   1.0  1.33E-07  7.66E-07  1.30E-13  0.00
 2499 1.2495E+07    3  6248     184   1.0  1.33E-07  7.66E-07  7.40E-13  0.00
 2500 1.2500E+07    3  6251     184   1.0  1.33E-07  7.66E-07  9.63E-14  0.00
 2501 1.2505E+07    3  6253     184   1.0  1.33E-07  7.66E-07  7.71E-12  0.00
 2502 1.2510E+07    3  6256     184   1.0  1.33E-07  7.66E-07  3.67E-15  0.00
 2503 1.2515E+07    3  6258     184   1.0  1.33E-07  7.66E-07  1.62E-14  0.00
 2504 1.2520E+07    3  6261     184   1.0  1.33E-07  7.66E-07  2.37E-13  0.00
 2505 1.2525E+07    3  6263     184   1.0  1.33E-07  7.66E-07  5.47E-13  0.00
 2506 1.2530E+07    3  6266     184   1.0  1.33E-07  7.66E-07  2.81E-13  0.00
 2507 1.2535E+07    3  6268     184   1.0  1.33E-07  7.66E-07  1.77E-13  0.00
 2508 1.2540E+07    3  6271     184   1.0  1.33E-07  7.65E-07  2.35E-12  0.00
 2509 1.2545E+07    3  6273     184   1.0  1.33E-07  7.65E-07  1.10E-12  0.00
 2510 1.2550E+07    3  6276     184   1.0  1.33E-07  7.65E-07  5.78E-13  0.00
 2511 1.2555E+07    3  6278     184   1.0  1.33E-07  7.65E-07  1.45E-12  0.00
 2512 1.2560E+07    3  6281     184   1.0  1.33E-07  7.65E-07  5.62E-13  0.00
 2513 1.2565E+07    3  6283     184   1.0  1.33E-07  7.65E-07  2.74E-13  0.00
 2514 1.2570E+07    3  6286     184   1.0  1.33E-07  7.65E-07  2.79E-13  0.00
 2515 1.2575E+07    3  6288     184   1.0  1.33E-07  7.65E-07  1.39E-13  0.00
 2516 1.2580E+07    3  6291     184   1.0  1.33E-07  7.65E-07  8.85E-13  0.00
 2517 1.2585E+07    3  6293     184   1.0  1.33E-07  7.65E-07  1.34E-13  0.00
 2518 1.2590E+07    3  6296     184   1.0  1.33E-07  7.64E-07  3.77E-12  0.00
 2519 1.2595E+07    3  6298     184   1.0  1.33E-07  7.64E-07  8.33E-13  0.00
 2520 1.2600E+07    3  6301     184   1.0  1.33E-07  7.64E-07  7.71E-14  0.00
 2521 1.2605E+07    3  6303     184   1.0  1.33E-07  7.64E-07  3.41E-14  0.00
 2522 1.2610E+07    3  6306     184   1.0  1.33E-07  7.64E-07  2.93E-12  0.00
 2523 1.2615E+07    3  6308     184   1.0  1.33E-07  7.64E-07  9.11E-13  0.00
 2524 1.2620E+07    3  6311     184   1.0  1.33E-07  7.64E-07  8.87E-14  0.00
 2525 1.2625E+07    3  6313     184   1.0  1.33E-07  7.64E-07  1.22E-11  0.00
 2526 1.2630E+07    3  6316     184   1.0  1.33E-07  7.64E-07  3.84E-13  0.00
 2527 1.2635E+07    3  6318     184   1.0  1.33E-07  7.64E-07  1.09E-11  0.00
 2528 1.2640E+07    3  6321     184   1.0  1.33E-07  7.63E-07  1.14E-13  0.00
 2529 1.2645E+07    3  6323     184   1.0  1.33E-07  7.63E-07  4.10E-13  0.00
 2530 1.2650E+07    3  6326     184   1.0  1.33E-07  7.63E-07  1.18E-13  0.00
 2531 1.2655E+07    3  6328     184   1.0  1.33E-07  7.63E-07  8.36E-13  0.00
 2532 1.2660E+07    3  6331     184   1.0  1.33E-07  7.63E-07  2.84E-12  0.00
 2533 1.2665E+07    3  6333     184   1.0  1.33E-07  7.63E-07  7.09E-14  0.00
 2534 1.2670E+07    3  6336     184   1.0  1.33E-07  7.63E-07  2.20E-13  0.00
 2535 1.2675E+07    3  6338     184   1.0  1.33E-07  7.63E-07  1.07E-11  0.00
 2536 1.2680E+07    3  6341     184   1.0  1.33E-07  7.63E-07  8.23E-12  0.00
 2537 1.2685E+07    3  6343     184   1.0  1.33E-07  7.63E-07  5.15E-13  0.00
 2538 1.2690E+07    3  6346     184   1.0  1.33E-07  7.63E-07  3.02E-13  0.00
 2539 1.2695E+07    3  6348     184   1.0  1.33E-07  7.62E-07  4.16E-14  0.00
 2540 1.2700E+07    3  6351     184   1.0  1.33E-07  7.62E-07  2.04E-12  0.00
 2541 1.2705E+07    3  6353     184   1.0  1.33E-07  7.62E-07  8.29E-13  0.00
 2542 1.2710E+07    3  6356     184   1.0  1.33E-07  7.62E-07  3.96E-13  0.00
 2543 1.2715E+07    3  6358     184   1.0  1.32E-07  7.62E-07  5.96E-14  0.00
 2544 1.2720E+07    3  6361     184   1.0  1.32E-07  7.62E-07  2.48E-13  0.00
 2545 1.2725E+07    3  6363     184   1.0  1.29E-07  7.69E-07  2.20E-12  0.00
 2546 1.2730E+07    3  6366     184   1.0  1.29E-07  7.70E-07  3.80E-11  0.00
 2547 1.2735E+07    3  6368     184   1.0  1.29E-07  7.70E-07  1.26E-13  0.00
 2548 1.2740E+07    3  6371     184   1.0  1.29E-07  7.70E-07  2.53E-13  0.00
 2549 1.2745E+07    3  6373     184   1.0  1.29E-07  7.70E-07  3.12E-14  0.00
 2550 1.2750E+07    3  6376     184   1.0  1.29E-07  7.70E-07  4.74E-13  0.00
 2551 1.2755E+07    3  6378     184   1.0  1.29E-07  7.70E-07  2.22E-13  0.00
 2552 1.2760E+07    3  6381     184   1.0  1.29E-07  7.70E-07  3.27E-12  0.00
 2553 1.2765E+07    3  6383     184   1.0  1.29E-07  7.70E-07  1.67E-13  0.00
 2554 1.2770E+07    3  6386     184   1.0  1.29E-07  7.70E-07  2.69E-12  0.00
 2555 1.2775E+07    3  6388     184   1.0  1.29E-07  7.69E-07  4.14E-13  0.00
 2556 1.2780E+07    3  6391     184   1.0  1.29E-07  7.69E-07  7.87E-14  0.00
 2557 1.2785E+07    3  6393     184   1.0  1.29E-07  7.69E-07  7.19E-15  0.00
 2558 1.2790E+07    3  6396     184   1.0  1.29E-07  7.69E-07  3.95E-15  0.00
 2559 1.2795E+07    3  6398     184   1.0  1.29E-07  7.69E-07  7.32E-12  0.00
 2560 1.2800E+07    3  6401     184   1.0  1.29E-07  7.69E-07  3.21E-14  0.00
 2561 1.2805E+07    3  6403     184   1.0  1.28E-07  7.69E-07  2.60E-13  0.00
 2562 1.2810E+07    3  6406     184   1.0  1.28E-07  7.69E-07  1.19E-13  0.00
 2563 1.2815E+07    3  6408     184   1.0  1.28E-07  7.69E-07  1.46E-12  0.00
 2564 1.2820E+07    3  6411     184   1.0  1.28E-07  7.69E-07  1.86E-12  0.00
 2565 1.2825E+07    3  6413     184   1.0  1.28E-07  7.69E-07  4.59E-12  0.00
 2566 1.2830E+07    3  6416     184   1.0  1.28E-07  7.68E-07  1.50E-13  0.00
 2567 1.2835E+07    3  6418     184   1.0  1.28E-07  7.68E-07  6.92E-12  0.00
 2568 1.2840E+07    3  6421     184   1.0  1.28E-07  7.68E-07  2.96E-13  0.00
 2569 1.2845E+07    3  6423     184   1.0  1.28E-07  7.68E-07  7.94E-12  0.00
 2570 1.2850E+07    3  6426     184   1.0  1.28E-07  7.68E-07  2.71E-13  0.00
 2571 1.2855E+07    3  6428     184   1.0  1.28E-07  7.68E-07  1.51E-13  0.00
 2572 1.2860E+07    3  6431     184   1.0  1.28E-07  7.68E-07  8.92E-14  0.00
 2573 1.2865E+07    3  6433     184   1.0  1.28E-07  7.68E-07  5.09E-13  0.00
 2574 1.2870E+07    3  6436     184   1.0  1.28E-07  7.68E-07  3.39E-11  0.00
 2575 1.2875E+07    3  6438     184   1.0  1.28E-07  7.68E-07  3.33E-12  0.00
 2576 1.2880E+07    3  6441     184   1.0  1.28E-07  7.67E-07  1.67E-12  0.00
 2577 1.2885E+07    3  6443     184   1.0  1.28E-07  7.67E-07  9.35E-13  0.00
 2578 1.2890E+07    3  6446     184   1.0  1.28E-07  7.67E-07  7.17E-13  0.00
 2579 1.2895E+07    3  6448     184   1.0  1.28E-07  7.67E-07  2.87E-13  0.00
 2580 1.2900E+07    3  6451     184   1.0  1.28E-07  7.67E-07  2.41E-13  0.00
 2581 1.2905E+07    3  6453     184   1.0  1.28E-07  7.67E-07  1.56E-12  0.00
 2582 1.2910E+07    3  6456     184   1.0  1.28E-07  7.67E-07  1.46E-12  0.00
 2583 1.2915E+07    3  6458     184   1.0  1.28E-07  7.67E-07  4.12E-13  0.00
 2584 1.2920E+07    3  6461     184   1.0  1.28E-07  7.67E-07  5.57E-13  0.00
 2585 1.2925E+07    3  6463     184   1.0  1.28E-07  7.67E-07  6.96E-14  0.00
 2586 1.2930E+07    3  6466     184   1.0  1.28E-07  7.67E-07  7.37E-13  0.00
 2587 1.2935E+07    3  6468     184   1.0  1.28E-07  7.66E-07  7.08E-12  0.00
 2588 1.2940E+07    3  6471     184   1.0  1.28E-07  7.66E-07  7.81E-14  0.00
 2589 1.2945E+07    3  6473     184   1.0  1.28E-07  7.66E-07  1.18E-13  0.00
 2590 1.2950E+07    3  6476     184   1.0  1.28E-07  7.66E-07  2.35E-12  0.00
 2591 1.2955E+07    3  6478     184   1.0  1.28E-07  7.66E-07  9.36E-13  0.00
 2592 1.2960E+07    3  6481     184   1.0  1.29E-07  7.66E-07  3.28E-14  0.00
 2593 1.2965E+07    3  6483     184   1.0  1.28E-07  7.66E-07  1.04E-12  0.00
 2594 1.2970E+07    3  6486     184   1.0  1.28E-07  7.66E-07  4.58E-12  0.00
 2595 1.2975E+07    3  6488     184   1.0  1.28E-07  7.66E-07  2.57E-13  0.00
 2596 1.2980E+07    3  6491     184   1.0  1.28E-07  7.66E-07  1.28E-12  0.00
 2597 1.2985E+07    3  6493     184   1.0  1.28E-07  7.65E-07  7.46E-13  0.00
 2598 1.2990E+07    3  6496     184   1.0  1.28E-07  7.65E-07  5.17E-13  0.00
 2599 1.2995E+07    3  6498     184   1.0  1.28E-07  7.65E-07  3.18E-14  0.00
 2600 1.3000E+07    3  6501     184   1.0  1.28E-07  7.65E-07  1.81E-13  0.00
 2601 1.3005E+07    3  6503     184   1.0  1.28E-07  7.65E-07  3.65E-12  0.00
 2602 1.3010E+07    3  6506     184   1.0  1.28E-07  7.65E-07  5.57E-14  0.00
 2603 1.3015E+07    3  6508     184   1.0  1.28E-07  7.65E-07  9.99E-13  0.00
 2604 1.3020E+07    3  6511     184   1.0  1.28E-07  7.65E-07  1.93E-13  0.00
 2605 1.3025E+07    3  6513     184   1.0  1.28E-07  7.65E-07  1.16E-12  0.00
 2606 1.3030E+07    3  6516     184   1.0  1.28E-07  7.65E-07  8.36E-12  0.00
 2607 1.3035E+07    3  6518     184   1.0  1.28E-07  7.65E-07  4.70E-14  0.00
 2608 1.3040E+07    3  6521     184   1.0  1.28E-07  7.64E-07  3.34E-13  0.00
 2609 1.3045E+07    3  6523     184   1.0  1.28E-07  7.64E-07  7.32E-13  0.00
 2610 1.3050E+07    3  6526     184   1.0  1.28E-07  7.64E-07  1.54E-12  0.00
 2611 1.3055E+07    3  6528     184   1.0  1.28E-07  7.64E-07  2.49E-11  0.00
 2612 1.3060E+07    3  6531     184   1.0  1.28E-07  7.64E-07  3.16E-13  0.00
 2613 1.3065E+07    3  6533     184   1.0  1.28E-07  7.64E-07  2.57E-12  0.00
 2614 1.3070E+07    3  6536     184   1.0  1.28E-07  7.64E-07  1.82E-13  0.00
 2615 1.3075E+07    3  6538     184   1.0  1.28E-07  7.64E-07  4.21E-14  0.00
 2616 1.3080E+07    3  6541     184   1.0  1.28E-07  7.64E-07  2.35E-12  0.00
 2617 1.3085E+07    3  6543     184   1.0  1.28E-07  7.64E-07  1.14E-14  0.00
 2618 1.3090E+07    3  6546     184   1.0  1.28E-07  7.64E-07  1.53E-13  0.00
 2619 1.3095E+07    3  6548     184   1.0  1.28E-07  7.63E-07  8.49E-13  0.00
 2620 1.3100E+07    3  6551     184   1.0  1.28E-07  7.63E-07  4.14E-14  0.00
 2621 1.3105E+07    3  6553     184   1.0  1.28E-07  7.63E-07  1.33E-14  0.00
 2622 1.3110E+07    3  6556     184   1.0  1.27E-07  7.63E-07  2.80E-12  0.00
 2623 1.3115E+07    3  6558     184   1.0  1.27E-07  7.63E-07  1.15E-11  0.00
 2624 1.3120E+07    3  6561     184   1.0  1.27E-07  7.63E-07  3.31E-13  0.00
 2625 1.3125E+07    3  6563     184   1.0  1.27E-07  7.63E-07  2.33E-13  0.00
 2626 1.3130E+07    3  6566     184   1.0  1.27E-07  7.63E-07  6.26E-12  0.00
 2627 1.3135E+07    3  6568     184   1.0  1.27E-07  7.63E-07  1.71E-13  0.00
 2628 1.3140E+07    3  6571     184   1.0  1.27E-07  7.63E-07  1.63E-13  0.00
 2629 1.3145E+07    3  6573     184   1.0  1.27E-07  7.62E-07  1.45E-13  0.00
 2630 1.3150E+07    3  6576     184   1.0  1.27E-07  7.62E-07  2.80E-13  0.00
 2631 1.3155E+07    3  6578     184   1.0  1.27E-07  7.62E-07  5.07E-12  0.00
 2632 1.3160E+07    3  6581     184   1.0  1.27E-07  7.62E-07  2.14E-13  0.00
 2633 1.3165E+07    3  6583     184   1.0  1.27E-07  7.62E-07  1.58E-13  0.00
 2634 1.3170E+07    3  6586     184   1.0  1.27E-07  7.62E-07  1.06E-13  0.00
 2635 1.3175E+07    3  6588     184   1.0  1.27E-07  7.62E-07  9.03E-14  0.00
 2636 1.3180E+07    3  6591     184   1.0  1.27E-07  7.62E-07  2.17E-13  0.00
 2637 1.3185E+07    3  6593     184   1.0  1.27E-07  7.62E-07  9.73E-12  0.00
 2638 1.3190E+07    3  6596     184   1.0  1.27E-07  7.62E-07  2.64E-13  0.00
 2639 1.3195E+07    3  6598     184   1.0  1.27E-07  7.62E-07  1.28E-12  0.00
 2640 1.3200E+07    3  6601     184   1.0  1.27E-07  7.61E-07  1.23E-13  0.00
 2641 1.3205E+07    3  6603     184   1.0  1.27E-07  7.61E-07  2.55E-11  0.00
 2642 1.3210E+07    3  6606     184   1.0  1.27E-07  7.61E-07  1.98E-14  0.00
 2643 1.3215E+07    3  6608     184   1.0  1.27E-07  7.61E-07  2.93E-13  0.00
 2644 1.3220E+07    3  6611     184   1.0  1.27E-07  7.61E-07  1.22E-12  0.00
 2645 1.3225E+07    3  6613     184   1.0  1.27E-07  7.61E-07  1.95E-12  0.00
 2646 1.3230E+07    3  6616     184   1.0  1.27E-07  7.61E-07  5.01E-12  0.00
 2647 1.3235E+07    3  6618     184   1.0  1.27E-07  7.61E-07  1.46E-12  0.00
 2648 1.3240E+07    3  6621     184   1.0  1.27E-07  7.61E-07  5.20E-13  0.00
 2649 1.3245E+07    3  6623     184   1.0  1.27E-07  7.61E-07  1.39E-13  0.00
 2650 1.3250E+07    3  6626     184   1.0  1.27E-07  7.61E-07  1.54E-13  0.00
 2651 1.3255E+07    3  6628     184   1.0  1.27E-07  7.60E-07  1.39E-13  0.00
 2652 1.3260E+07    3  6631     184   1.0  1.27E-07  7.60E-07  1.69E-13  0.00
 2653 1.3265E+07    3  6633     184   1.0  1.27E-07  7.60E-07  1.04E-12  0.00
 2654 1.3270E+07    3  6636     184   1.0  1.27E-07  7.60E-07  2.24E-12  0.00
 2655 1.3275E+07    3  6638     184   1.0  1.27E-07  7.60E-07  7.59E-11  0.00
 2656 1.3280E+07    3  6641     184   1.0  1.27E-07  7.60E-07  9.85E-13  0.00
 2657 1.3285E+07    3  6643     184   1.0  1.27E-07  7.60E-07  2.31E-13  0.00
 2658 1.3290E+07    3  6646     184   1.0  1.27E-07  7.60E-07  2.38E-14  0.00
 2659 1.3295E+07    3  6648     184   1.0  1.27E-07  7.60E-07  1.97E-13  0.00
 2660 1.3300E+07    3  6651     184   1.0  1.27E-07  7.60E-07  4.15E-12  0.00
 2661 1.3305E+07    3  6653     184   1.0  1.27E-07  7.59E-07  1.35E-14  0.00
 2662 1.3310E+07    3  6656     184   1.0  1.27E-07  7.59E-07  9.69E-15  0.00
 2663 1.3315E+07    3  6658     184   1.0  1.27E-07  7.59E-07  1.56E-13  0.00
 2664 1.3320E+07    3  6661     184   1.0  1.27E-07  7.59E-07  1.30E-13  0.00
 2665 1.3325E+07    3  6663     184   1.0  1.27E-07  7.59E-07  2.04E-13  0.00
 2666 1.3330E+07    3  6666     184   1.0  1.27E-07  7.59E-07  1.14E-11  0.00
 2667 1.3335E+07    3  6668     184   1.0  1.13E-07  6.53E-07  1.01E-12  0.00
 2668 1.3340E+07    3  6671     184   1.0  8.36E-08  4.59E-07  1.87E-13  0.00
 2669 1.3345E+07    3  6673     184   1.0  8.36E-08  4.59E-07  1.69E-14  0.00
 2670 1.3350E+07    3  6676     184   1.0  8.36E-08  4.59E-07  2.06E-13  0.00
 2671 1.3355E+07    3  6678     184   1.0  8.35E-08  4.59E-07  2.26E-13  0.00
 2672 1.3360E+07    3  6681     184   1.0  8.35E-08  4.59E-07  3.31E-12  0.00
 2673 1.3365E+07    3  6683     184   1.0  8.35E-08  4.59E-07  1.09E-13  0.00
 2674 1.3370E+07    3  6686     184   1.0  8.35E-08  4.59E-07  1.00E-12  0.00
 2675 1.3375E+07    3  6688     184   1.0  8.35E-08  4.59E-07  2.12E-13  0.00
 2676 1.3380E+07    3  6691     184   1.0  8.35E-08  4.59E-07  2.72E-15  0.00
 2677 1.3385E+07    3  6693     184   1.0  8.35E-08  4.59E-07  4.16E-13  0.00
 2678 1.3390E+07    3  6696     184   1.0  8.35E-08  4.58E-07  7.97E-14  0.00
 2679 1.3395E+07    3  6698     184   1.0  8.35E-08  4.58E-07  3.19E-13  0.00
 2680 1.3400E+07    3  6701     184   1.0  8.35E-08  4.58E-07  1.54E-12  0.00
 2681 1.3405E+07    3  6703     184   1.0  8.35E-08  4.58E-07  1.81E-12  0.00
 2682 1.3410E+07    3  6706     184   1.0  8.35E-08  4.58E-07  1.22E-12  0.00
 2683 1.3415E+07    3  6708     184   1.0  8.35E-08  4.58E-07  4.00E-14  0.00
 2684 1.3420E+07    3  6711     184   1.0  8.34E-08  4.58E-07  2.64E-14  0.00
 2685 1.3425E+07    3  6713     184   1.0  8.34E-08  4.58E-07  1.29E-11  0.00
 2686 1.3430E+07    3  6716     184   1.0  8.34E-08  4.58E-07  2.66E-13  0.00
 2687 1.3435E+07    3  6718     184   1.0  8.34E-08  4.58E-07  6.15E-14  0.00
 2688 1.3440E+07    3  6721     184   1.0  8.37E-08  4.58E-07  8.28E-13  0.00
 2689 1.3445E+07    3  6723     184   1.0  8.34E-08  4.58E-07  1.60E-12  0.00
 2690 1.3450E+07    3  6726     184   1.0  8.34E-08  4.58E-07  1.65E-12  0.00
 2691 1.3455E+07    3  6728     184   1.0  8.45E-08  4.58E-07  1.04E-12  0.00
 2692 1.3460E+07    3  6731     184   1.0  8.48E-08  4.58E-07  1.30E-12  0.00
 2693 1.3465E+07    3  6733     184   1.0  8.48E-08  4.58E-07  2.37E-13  0.00
 2694 1.3470E+07    3  6736     184   1.0  8.48E-08  4.58E-07  2.72E-13  0.00
 2695 1.3475E+07    3  6738     184   1.0  8.48E-08  4.58E-07  9.05E-13  0.00
 2696 1.3480E+07    3  6741     184   1.0  8.47E-08  4.58E-07  3.15E-13  0.00
 2697 1.3485E+07    3  6743     184   1.0  8.47E-08  4.58E-07  1.06E-12  0.00
 2698 1.3490E+07    3  6746     184   1.0  8.47E-08  4.58E-07  5.10E-13  0.00
 2699 1.3495E+07    3  6748     184   1.0  8.47E-08  4.58E-07  1.39E-13  0.00
 2700 1.3500E+07    3  6751     184   1.0  8.47E-08  4.58E-07  3.15E-13  0.00
 2701 1.3505E+07    3  6753     184   1.0  8.47E-08  4.58E-07  4.32E-14  0.00
 2702 1.3510E+07    3  6756     184   1.0  8.47E-08  4.58E-07  3.74E-13  0.00
 2703 1.3515E+07    3  6758     184   1.0  8.47E-08  4.58E-07  6.77E-13  0.00
 2704 1.3520E+07    3  6761     184   1.0  8.47E-08  4.57E-07  4.80E-13  0.00
 2705 1.3525E+07    3  6763     184   1.0  8.47E-08  4.57E-07  6.31E-13  0.00
 2706 1.3530E+07    3  6766     184   1.0  8.47E-08  4.57E-07  4.30E-12  0.00
 2707 1.3535E+07    3  6768     184   1.0  8.46E-08  4.57E-07  3.40E-13  0.00
 2708 1.3540E+07    3  6771     184   1.0  8.46E-08  4.57E-07  2.26E-13  0.00
 2709 1.3545E+07    3  6773     184   1.0  8.46E-08  4.57E-07  2.73E-12  0.00
 2710 1.3550E+07    3  6776     184   1.0  8.46E-08  4.57E-07  6.88E-13  0.00
 2711 1.3555E+07    3  6778     184   1.0  8.46E-08  4.57E-07  1.74E-13  0.00
 2712 1.3560E+07    3  6781     184   1.0  8.46E-08  4.57E-07  7.08E-13  0.00
 2713 1.3565E+07    3  6783     184   1.0  8.46E-08  4.57E-07  8.09E-13  0.00
 2714 1.3570E+07    3  6786     184   1.0  8.46E-08  4.57E-07  1.31E-13  0.00
 2715 1.3575E+07    3  6788     184   1.0  8.46E-08  4.57E-07  1.62E-13  0.00
 2716 1.3580E+07    3  6791     184   1.0  8.46E-08  4.57E-07  4.63E-14  0.00
 2717 1.3585E+07    3  6793     184   1.0  8.46E-08  4.57E-07  9.11E-13  0.00
 2718 1.3590E+07    3  6796     184   1.0  8.46E-08  4.57E-07  3.84E-13  0.00
 2719 1.3595E+07    3  6798     184   1.0  8.45E-08  4.57E-07  2.21E-13  0.00
 2720 1.3600E+07    3  6801     184   1.0  8.45E-08  4.57E-07  3.94E-14  0.00
 2721 1.3605E+07    3  6803     184   1.0  8.45E-08  4.57E-07  7.79E-14  0.00
 2722 1.3610E+07    3  6806     184   1.0  8.45E-08  4.57E-07  1.95E-13  0.00
 2723 1.3615E+07    3  6808     184   1.0  8.45E-08  4.57E-07  3.80E-14  0.00
 2724 1.3620E+07    3  6811     184   1.0  8.45E-08  4.57E-07  3.92E-13  0.00
 2725 1.3625E+07    3  6813     184   1.0  8.45E-08  4.57E-07  1.54E-15  0.00
 2726 1.3630E+07    3  6816     184   1.0  8.45E-08  4.56E-07  3.36E-14  0.00
 2727 1.3635E+07    3  6818     184   1.0  8.45E-08  4.56E-07  6.08E-13  0.00
 2728 1.3640E+07    3  6821     184   1.0  8.45E-08  4.56E-07  1.78E-13  0.00
 2729 1.3645E+07    3  6823     184   1.0  8.45E-08  4.56E-07  8.56E-13  0.00
 2730 1.3650E+07    3  6826     184   1.0  8.44E-08  4.56E-07  4.64E-13  0.00
 2731 1.3655E+07    3  6828     184   1.0  8.44E-08  4.56E-07  2.53E-13  0.00
 2732 1.3660E+07    3  6831     184   1.0  8.44E-08  4.56E-07  1.96E-13  0.00
 2733 1.3665E+07    3  6833     184   1.0  8.44E-08  4.56E-07  4.02E-13  0.00
 2734 1.3670E+07    3  6836     184   1.0  8.44E-08  4.56E-07  2.45E-14  0.00
 2735 1.3675E+07    3  6838     184   1.0  8.44E-08  4.56E-07  3.05E-12  0.00
 2736 1.3680E+07    3  6841     184   1.0  8.44E-08  4.56E-07  3.86E-12  0.00
 2737 1.3685E+07    3  6843     184   1.0  8.44E-08  4.56E-07  1.57E-14  0.00
 2738 1.3690E+07    3  6846     184   1.0  8.44E-08  4.56E-07  7.60E-13  0.00
 2739 1.3695E+07    3  6848     184   1.0  8.44E-08  4.56E-07  4.39E-13  0.00
 2740 1.3700E+07    3  6851     184   1.0  8.44E-08  4.56E-07  1.59E-12  0.00
 2741 1.3705E+07    3  6853     184   1.0  8.44E-08  4.56E-07  1.96E-13  0.00
 2742 1.3710E+07    3  6856     184   1.0  8.43E-08  4.56E-07  3.30E-12  0.00
 2743 1.3715E+07    3  6858     184   1.0  8.43E-08  4.56E-07  2.44E-12  0.00
 2744 1.3720E+07    3  6861     184   1.0  8.43E-08  4.56E-07  5.98E-13  0.00
 2745 1.3725E+07    3  6863     184   1.0  8.43E-08  4.56E-07  3.04E-13  0.00
 2746 1.3730E+07    3  6866     184   1.0  8.43E-08  4.56E-07  1.87E-13  0.00
 2747 1.3735E+07    3  6868     184   1.0  8.43E-08  4.56E-07  1.78E-13  0.00
 2748 1.3740E+07    3  6871     184   1.0  8.43E-08  4.55E-07  9.93E-11  0.00
 2749 1.3745E+07    3  6873     184   1.0  8.43E-08  4.55E-07  6.20E-13  0.00
 2750 1.3750E+07    3  6876     184   1.0  8.43E-08  4.55E-07  5.00E-13  0.00
 2751 1.3755E+07    3  6878     184   1.0  8.43E-08  4.55E-07  5.55E-11  0.00
 2752 1.3760E+07    3  6881     184   1.0  8.43E-08  4.55E-07  2.26E-10  0.00
 2753 1.3765E+07    3  6883     184   1.0  8.42E-08  4.55E-07  9.84E-13  0.00
 2754 1.3770E+07    3  6886     184   1.0  8.42E-08  4.55E-07  1.07E-12  0.00
 2755 1.3775E+07    3  6888     184   1.0  8.42E-08  4.55E-07  1.64E-12  0.00
 2756 1.3780E+07    3  6891     184   1.0  8.42E-08  4.55E-07  9.86E-15  0.00
 2757 1.3785E+07    3  6893     184   1.0  8.42E-08  4.55E-07  2.37E-13  0.00
 2758 1.3790E+07    3  6896     184   1.0  8.42E-08  4.55E-07  2.06E-14  0.00
 2759 1.3795E+07    3  6898     184   1.0  8.42E-08  4.55E-07  3.20E-12  0.00
 2760 1.3800E+07    3  6901     184   1.0  8.42E-08  4.55E-07  7.24E-15  0.00
 2761 1.3805E+07    3  6903     184   1.0  8.42E-08  4.55E-07  2.59E-13  0.00
 2762 1.3810E+07    3  6906     184   1.0  8.42E-08  4.55E-07  2.57E-13  0.00
 2763 1.3815E+07    3  6908     184   1.0  8.42E-08  4.55E-07  2.68E-12  0.00
 2764 1.3820E+07    3  6911     184   1.0  8.42E-08  4.55E-07  2.81E-13  0.00
 2765 1.3825E+07    3  6913     184   1.0  8.41E-08  4.55E-07  1.58E-13  0.00
 2766 1.3830E+07    3  6916     184   1.0  8.41E-08  4.55E-07  2.29E-14  0.00
 2767 1.3835E+07    3  6918     184   1.0  8.41E-08  4.55E-07  8.18E-13  0.00
 2768 1.3840E+07    3  6921     184   1.0  8.41E-08  4.55E-07  2.58E-13  0.00
 2769 1.3845E+07    3  6923     184   1.0  8.41E-08  4.55E-07  1.31E-13  0.00
 2770 1.3850E+07    3  6926     184   1.0  8.41E-08  4.55E-07  5.67E-13  0.00
 2771 1.3855E+07    3  6928     184   1.0  8.41E-08  4.54E-07  7.54E-14  0.00
 2772 1.3860E+07    3  6931     184   1.0  8.41E-08  4.54E-07  4.47E-13  0.00
 2773 1.3865E+07    3  6933     184   1.0  8.41E-08  4.54E-07  1.10E-12  0.00
 2774 1.3870E+07    3  6936     184   1.0  8.41E-08  4.54E-07  3.43E-13  0.00
 2775 1.3875E+07    3  6938     184   1.0  8.41E-08  4.54E-07  2.44E-13  0.00
 2776 1.3880E+07    3  6941     184   1.0  8.40E-08  4.54E-07  1.65E-13  0.00
 2777 1.3885E+07    3  6943     184   1.0  8.40E-08  4.54E-07  1.31E-13  0.00
 2778 1.3890E+07    3  6946     184   1.0  8.47E-08  4.54E-07  6.27E-13  0.00
 2779 1.3895E+07    3  6948     184   1.0  8.40E-08  4.54E-07  9.35E-13  0.00
 2780 1.3900E+07    3  6951     184   1.0  8.40E-08  4.54E-07  1.59E-13  0.00
 2781 1.3905E+07    3  6953     184   1.0  8.40E-08  4.54E-07  9.64E-13  0.00
 2782 1.3910E+07    3  6956     184   1.0  8.40E-08  4.54E-07  7.24E-14  0.00
 2783 1.3915E+07    3  6958     184   1.0  8.40E-08  4.54E-07  4.21E-13  0.00
 2784 1.3920E+07    3  6961     184   1.0  8.40E-08  4.54E-07  1.86E-13  0.00
 2785 1.3925E+07    3  6963     184   1.0  8.40E-08  4.54E-07  1.57E-13  0.00
 2786 1.3930E+07    3  6966     184   1.0  8.40E-08  4.54E-07  1.10E-11  0.00
 2787 1.3935E+07    3  6968     184   1.0  8.39E-08  4.54E-07  7.35E-13  0.00
 2788 1.3940E+07    3  6971     184   1.0  8.39E-08  4.54E-07  3.39E-13  0.00
 2789 1.3945E+07    3  6973     184   1.0  8.39E-08  4.54E-07  1.02E-11  0.00
 2790 1.3950E+07    3  6976     184   1.0  8.39E-08  4.54E-07  2.42E-12  0.00
 2791 1.3955E+07    3  6978     184   1.0  8.39E-08  4.54E-07  3.94E-13  0.00
 2792 1.3960E+07    3  6981     184   1.0  8.39E-08  4.54E-07  3.74E-13  0.00
 2793 1.3965E+07    3  6983     184   1.0  8.39E-08  4.53E-07  5.59E-13  0.00
 2794 1.3970E+07    3  6986     184   1.0  8.39E-08  4.53E-07  2.62E-13  0.00
 2795 1.3975E+07    3  6988     184   1.0  8.39E-08  4.53E-07  9.89E-13  0.00
 2796 1.3980E+07    3  6991     184   1.0  8.39E-08  4.53E-07  3.53E-13  0.00
 2797 1.3985E+07    3  6993     184   1.0  8.39E-08  4.53E-07  8.55E-14  0.00
 2798 1.3990E+07    3  6996     184   1.0  8.39E-08  4.53E-07  1.32E-12  0.00
 2799 1.3995E+07    3  6998     184   1.0  8.40E-08  4.53E-07  3.37E-11  0.00
 2800 1.4000E+07    3  7001     184   1.0  8.38E-08  4.53E-07  2.10E-11  0.00
 2801 1.4005E+07    3  7003     184   1.0  8.38E-08  4.53E-07  1.21E-12  0.00
 2802 1.4010E+07    3  7006     184   1.0  8.38E-08  4.53E-07  4.88E-14  0.00
 2803 1.4015E+07    3  7008     184   1.0  8.38E-08  4.53E-07  2.38E-12  0.00
 2804 1.4020E+07    3  7011     184   1.0  8.38E-08  4.53E-07  1.28E-13  0.00
 2805 1.4025E+07    3  7013     184   1.0  8.38E-08  4.53E-07  1.34E-13  0.00
 2806 1.4030E+07    3  7016     184   1.0  8.38E-08  4.53E-07  1.48E-13  0.00
 2807 1.4035E+07    3  7018     184   1.0  8.38E-08  4.53E-07  3.76E-14  0.00
 2808 1.4040E+07    3  7021     184   1.0  8.38E-08  4.53E-07  1.19E-13  0.00
 2809 1.4045E+07    3  7023     184   1.0  8.38E-08  4.53E-07  6.60E-12  0.00
 2810 1.4050E+07    3  7026     184   1.0  8.37E-08  4.53E-07  3.23E-13  0.00
 2811 1.4055E+07    3  7028     184   1.0  8.37E-08  4.53E-07  1.60E-13  0.00
 2812 1.4060E+07    3  7031     184   1.0  8.37E-08  4.53E-07  3.31E-14  0.00
 2813 1.4065E+07    3  7033     184   1.0  8.37E-08  4.53E-07  9.31E-15  0.00
 2814 1.4070E+07    3  7036     184   1.0  8.37E-08  4.53E-07  6.02E-13  0.00
 2815 1.4075E+07    3  7038     184   1.0  8.37E-08  4.52E-07  2.85E-13  0.00
 2816 1.4080E+07    3  7041     184   1.0  8.37E-08  4.52E-07  6.00E-11  0.00
 2817 1.4085E+07    3  7043     184   1.0  8.37E-08  4.52E-07  2.06E-12  0.00
 2818 1.4090E+07    3  7046     184   1.0  8.37E-08  4.52E-07  1.11E-12  0.00
 2819 1.4095E+07    3  7048     184   1.0  8.37E-08  4.52E-07  1.09E-12  0.00
 2820 1.4100E+07    3  7051     184   1.0  8.37E-08  4.52E-07  4.82E-14  0.00
 2821 1.4105E+07    3  7053     184   1.0  8.37E-08  4.52E-07  4.63E-14  0.00
 2822 1.4110E+07    3  7056     184   1.0  8.36E-08  4.52E-07  2.59E-13  0.00
 2823 1.4115E+07    3  7058     184   1.0  8.36E-08  4.52E-07  2.74E-13  0.00
 2824 1.4120E+07    3  7061     184   1.0  8.36E-08  4.52E-07  2.48E-13  0.00
 2825 1.4125E+07    3  7063     184   1.0  8.36E-08  4.52E-07  1.59E-13  0.00
 2826 1.4130E+07    3  7066     184   1.0  8.36E-08  4.52E-07  6.65E-13  0.00
 2827 1.4135E+07    3  7068     184   1.0  8.36E-08  4.52E-07  3.29E-13  0.00
 2828 1.4140E+07    3  7071     184   1.0  8.36E-08  4.52E-07  7.27E-13  0.00
 2829 1.4145E+07    3  7073     184   1.0  8.36E-08  4.52E-07  7.48E-14  0.00
 2830 1.4150E+07    3  7076     184   1.0  8.36E-08  4.52E-07  1.49E-13  0.00
 2831 1.4155E+07    3  7078     184   1.0  8.36E-08  4.52E-07  3.19E-12  0.00
 2832 1.4160E+07    3  7081     184   1.0  8.36E-08  4.52E-07  3.95E-12  0.00
 2833 1.4165E+07    3  7083     184   1.0  8.35E-08  4.52E-07  1.10E-12  0.00
 2834 1.4170E+07    3  7086     184   1.0  8.35E-08  4.52E-07  8.73E-13  0.00
 2835 1.4175E+07    3  7088     184   1.0  8.35E-08  4.52E-07  9.09E-14  0.00
 2836 1.4180E+07    3  7091     183   1.0  8.35E-08  4.52E-07  6.47E-14  0.00
 2837 1.4185E+07    3  7093     183   1.0  8.35E-08  4.51E-07  1.87E-13  0.00
 2838 1.4190E+07    3  7096     183   1.0  8.35E-08  4.51E-07  1.09E-12  0.00
 2839 1.4195E+07    3  7098     183   1.0  8.35E-08  4.51E-07  7.81E-14  0.00
 2840 1.4200E+07    3  7101     183   1.0  8.35E-08  4.51E-07  9.63E-13  0.00
 2841 1.4205E+07    3  7103     183   1.0  8.35E-08  4.51E-07  4.29E-13  0.00
 2842 1.4210E+07    3  7106     183   1.0  8.35E-08  4.51E-07  1.01E-12  0.00
 2843 1.4215E+07    3  7108     183   1.0  8.35E-08  4.51E-07  9.44E-14  0.00
 2844 1.4220E+07    3  7111     183   1.0  8.35E-08  4.51E-07  1.85E-13  0.00
 2845 1.4225E+07    3  7113     183   1.0  8.34E-08  4.51E-07  1.37E-13  0.00
 2846 1.4230E+07    3  7116     183   1.0  8.34E-08  4.51E-07  2.89E-13  0.00
 2847 1.4235E+07    3  7118     183   1.0  8.34E-08  4.51E-07  2.54E-13  0.00
 2848 1.4240E+07    3  7121     183   1.0  8.34E-08  4.51E-07  2.39E-13  0.00
 2849 1.4245E+07    3  7123     183   1.0  8.34E-08  4.51E-07  2.34E-14  0.00
 2850 1.4250E+07    3  7126     183   1.0  8.34E-08  4.51E-07  1.25E-13  0.00
 2851 1.4255E+07    3  7128     183   1.0  8.34E-08  4.51E-07  3.07E-13  0.00
 2852 1.4260E+07    3  7131     183   1.0  8.34E-08  4.51E-07  2.52E-13  0.00
 2853 1.4265E+07    3  7133     183   1.0  8.34E-08  4.51E-07  1.00E-13  0.00
 2854 1.4270E+07    3  7136     183   1.0  8.34E-08  4.51E-07  2.07E-13  0.00
 2855 1.4275E+07    3  7138     183   1.0  8.34E-08  4.51E-07  4.55E-14  0.00
 2856 1.4280E+07    3  7141     183   1.0  8.33E-08  4.51E-07  9.20E-14  0.00
 2857 1.4285E+07    3  7143     183   1.0  8.33E-08  4.51E-07  1.97E-13  0.00
 2858 1.4290E+07    3  7146     183   1.0  8.33E-08  4.51E-07  4.24E-13  0.00
 2859 1.4295E+07    3  7148     183   1.0  8.33E-08  4.50E-07  4.08E-13  0.00
 2860 1.4300E+07    3  7151     183   1.0  8.33E-08  4.50E-07  4.44E-12  0.00
 2861 1.4305E+07    3  7153     183   1.0  8.33E-08  4.50E-07  3.04E-13  0.00
 2862 1.4310E+07    3  7156     183   1.0  8.33E-08  4.50E-07  1.90E-13  0.00
 2863 1.4315E+07    3  7158     183   1.0  8.33E-08  4.50E-07  2.62E-13  0.00
 2864 1.4320E+07    3  7161     183   1.0  8.33E-08  4.50E-07  2.69E-13  0.00
 2865 1.4325E+07    3  7163     183   1.0  8.33E-08  4.50E-07  7.61E-13  0.00
 2866 1.4330E+07    3  7166     183   1.0  8.33E-08  4.50E-07  1.51E-12  0.00
 2867 1.4335E+07    3  7168     183   1.0  8.33E-08  4.50E-07  9.44E-14  0.00
 2868 1.4340E+07    3  7171     183   1.0  8.32E-08  4.50E-07  1.04E-13  0.00
 2869 1.4345E+07    3  7173     183   1.0  8.32E-08  4.50E-07  1.16E-14  0.00
 2870 1.4350E+07    3  7176     183   1.0  8.32E-08  4.50E-07  1.90E-12  0.00
 2871 1.4355E+07    3  7178     183   1.0  8.32E-08  4.50E-07  2.27E-13  0.00
 2872 1.4360E+07    3  7181     183   1.0  8.32E-08  4.50E-07  2.62E-13  0.00
 2873 1.4365E+07    3  7183     183   1.0  8.32E-08  4.50E-07  4.49E-13  0.00
 2874 1.4370E+07    3  7186     183   1.0  8.32E-08  4.50E-07  1.14E-12  0.00
 2875 1.4375E+07    3  7188     183   1.0  8.32E-08  4.50E-07  1.04E-12  0.00
 2876 1.4380E+07    3  7191     183   1.0  8.32E-08  4.50E-07  5.67E-14  0.00
 2877 1.4385E+07    3  7193     183   1.0  8.32E-08  4.50E-07  7.16E-13  0.00
 2878 1.4390E+07    3  7196     183   1.0  8.32E-08  4.50E-07  1.86E-13  0.00
 2879 1.4395E+07    3  7198     183   1.0  8.31E-08  4.50E-07  4.96E-14  0.00
 2880 1.4400E+07    3  7201     183   1.0  8.29E-08  4.48E-07  2.01E-12  0.00
 2881 1.4405E+07    3  7203     183   1.0  8.20E-08  4.44E-07  4.50E-14  0.00
 2882 1.4410E+07    3  7206     183   1.0  8.20E-08  4.44E-07  1.17E-13  0.00
 2883 1.4415E+07    3  7208     183   1.0  8.20E-08  4.44E-07  2.39E-13  0.00
 2884 1.4420E+07    3  7211     183   1.0  8.20E-08  4.44E-07  6.41E-13  0.00
 2885 1.4425E+07    3  7213     183   1.0  8.20E-08  4.44E-07  2.19E-12  0.00
 2886 1.4430E+07    3  7216     183   1.0  8.20E-08  4.44E-07  5.69E-14  0.00
 2887 1.4435E+07    3  7218     183   1.0  8.20E-08  4.44E-07  8.86E-14  0.00
 2888 1.4440E+07    3  7221     183   1.0  8.20E-08  4.44E-07  6.44E-13  0.00
 2889 1.4445E+07    3  7223     183   1.0  8.19E-08  4.44E-07  3.31E-14  0.00
 2890 1.4450E+07    3  7226     183   1.0  8.19E-08  4.44E-07  3.74E-13  0.00
 2891 1.4455E+07    3  7228     183   1.0  8.20E-08  4.44E-07  3.36E-13  0.00
 2892 1.4460E+07    3  7231     183   1.0  8.19E-08  4.44E-07  6.09E-13  0.00
 2893 1.4465E+07    3  7233     183   1.0  8.19E-08  4.44E-07  1.26E-13  0.00
 2894 1.4470E+07    3  7236     183   1.0  8.19E-08  4.44E-07  3.14E-13  0.00
 2895 1.4475E+07    3  7238     183   1.0  8.19E-08  4.44E-07  2.07E-12  0.00
 2896 1.4480E+07    3  7241     183   1.0  8.19E-08  4.44E-07  3.46E-12  0.00
 2897 1.4485E+07    3  7243     183   1.0  8.19E-08  4.44E-07  4.00E-13  0.00
 2898 1.4490E+07    3  7246     183   1.0  8.19E-08  4.44E-07  2.43E-12  0.00
 2899 1.4495E+07    3  7248     183   1.0  8.19E-08  4.44E-07  6.11E-13  0.00
 2900 1.4500E+07    3  7251     183   1.0  8.19E-08  4.43E-07  4.83E-13  0.00
 2901 1.4505E+07    3  7253     183   1.0  8.18E-08  4.43E-07  2.17E-13  0.00
 2902 1.4510E+07    3  7256     183   1.0  8.18E-08  4.43E-07  1.87E-13  0.00
 2903 1.4515E+07    3  7258     183   1.0  8.18E-08  4.43E-07  2.49E-13  0.00
 2904 1.4520E+07    3  7261     183   1.0  8.18E-08  4.43E-07  4.81E-11  0.00
 2905 1.4525E+07    3  7263     183   1.0  8.18E-08  4.43E-07  3.92E-14  0.00
 2906 1.4530E+07    3  7266     183   1.0  8.18E-08  4.43E-07  1.23E-13  0.00
 2907 1.4535E+07    3  7268     183   1.0  8.18E-08  4.43E-07  1.51E-13  0.00
 2908 1.4540E+07    3  7271     183   1.0  8.18E-08  4.43E-07  2.63E-12  0.00
 2909 1.4545E+07    3  7273     183   1.0  8.18E-08  4.43E-07  2.31E-12  0.00
 2910 1.4550E+07    3  7276     183   1.0  8.18E-08  4.43E-07  2.64E-12  0.00
 2911 1.4555E+07    3  7278     183   1.0  8.18E-08  4.43E-07  4.30E-11  0.00
 2912 1.4560E+07    3  7281     183   1.0  8.17E-08  4.43E-07  8.75E-14  0.00
 2913 1.4565E+07    3  7283     183   1.0  8.17E-08  4.43E-07  4.33E-13  0.00
 2914 1.4570E+07    3  7286     183   1.0  8.17E-08  4.43E-07  3.21E-13  0.00
 2915 1.4575E+07    3  7288     183   1.0  8.17E-08  4.43E-07  2.67E-13  0.00
 2916 1.4580E+07    3  7291     183   1.0  8.17E-08  4.43E-07  9.14E-14  0.00
 2917 1.4585E+07    3  7293     183   1.0  8.17E-08  4.43E-07  3.66E-13  0.00
 2918 1.4590E+07    3  7296     183   1.0  8.17E-08  4.43E-07  2.64E-13  0.00
 2919 1.4595E+07    3  7298     183   1.0  8.17E-08  4.43E-07  3.67E-12  0.00
 2920 1.4600E+07    3  7301     183   1.0  8.17E-08  4.43E-07  1.13E-12  0.00
 2921 1.4605E+07    3  7303     183   1.0  8.17E-08  4.43E-07  1.23E-12  0.00
 2922 1.4610E+07    3  7306     183   1.0  8.17E-08  4.43E-07  9.41E-13  0.00
 2923 1.4615E+07    3  7308     183   1.0  8.16E-08  4.42E-07  6.76E-13  0.00
 2924 1.4620E+07    3  7311     183   1.0  8.16E-08  4.42E-07  8.83E-13  0.00
 2925 1.4625E+07    3  7313     183   1.0  8.16E-08  4.42E-07  2.17E-13  0.00
 2926 1.4630E+07    3  7316     183   1.0  8.16E-08  4.42E-07  4.55E-13  0.00
 2927 1.4635E+07    3  7318     183   1.0  8.16E-08  4.42E-07  2.95E-14  0.00
 2928 1.4640E+07    3  7321     183   1.0  8.16E-08  4.42E-07  9.95E-13  0.00
 2929 1.4645E+07    3  7323     183   1.0  8.16E-08  4.42E-07  6.00E-14  0.00
 2930 1.4650E+07    3  7326     183   1.0  8.16E-08  4.42E-07  1.52E-12  0.00
 2931 1.4655E+07    3  7328     183   1.0  8.16E-08  4.42E-07  9.98E-14  0.00
 2932 1.4660E+07    3  7331     183   1.0  8.16E-08  4.42E-07  7.41E-13  0.00
 2933 1.4665E+07    3  7333     183   1.0  8.16E-08  4.42E-07  2.73E-13  0.00
 2934 1.4670E+07    3  7336     183   1.0  8.16E-08  4.42E-07  1.53E-13  0.00
 2935 1.4675E+07    3  7338     183   1.0  8.15E-08  4.42E-07  1.72E-12  0.00
 2936 1.4680E+07    3  7341     183   1.0  8.15E-08  4.42E-07  2.04E-13  0.00
 2937 1.4685E+07    3  7343     183   1.0  8.16E-08  4.42E-07  1.29E-13  0.00
 2938 1.4690E+07    3  7346     183   1.0  8.15E-08  4.42E-07  2.64E-13  0.00
 2939 1.4695E+07    3  7348     183   1.0  8.15E-08  4.42E-07  3.34E-13  0.00
 2940 1.4700E+07    3  7351     183   1.0  8.15E-08  4.42E-07  1.43E-14  0.00
 2941 1.4705E+07    3  7353     183   1.0  8.16E-08  4.42E-07  9.16E-12  0.00
 2942 1.4710E+07    3  7356     183   1.0  8.15E-08  4.42E-07  6.91E-13  0.00
 2943 1.4715E+07    3  7358     183   1.0  8.15E-08  4.42E-07  4.11E-13  0.00
 2944 1.4720E+07    3  7361     183   1.0  8.15E-08  4.42E-07  1.77E-13  0.00
 2945 1.4725E+07    3  7363     183   1.0  8.15E-08  4.41E-07  3.23E-14  0.00
 2946 1.4730E+07    3  7366     183   1.0  8.14E-08  4.41E-07  2.18E-13  0.00
 2947 1.4735E+07    3  7368     183   1.0  8.14E-08  4.41E-07  3.56E-13  0.00
 2948 1.4740E+07    3  7371     183   1.0  8.14E-08  4.41E-07  4.13E-13  0.00
 2949 1.4745E+07    3  7373     183   1.0  8.14E-08  4.41E-07  4.32E-13  0.00
 2950 1.4750E+07    3  7376     183   1.0  8.14E-08  4.41E-07  1.65E-13  0.00
 2951 1.4755E+07    3  7378     183   1.0  8.14E-08  4.41E-07  1.15E-13  0.00
 2952 1.4760E+07    3  7381     183   1.0  8.14E-08  4.41E-07  7.88E-13  0.00
 2953 1.4765E+07    3  7383     183   1.0  8.14E-08  4.41E-07  1.07E-13  0.00
 2954 1.4770E+07    3  7386     183   1.0  8.14E-08  4.41E-07  5.86E-13  0.00
 2955 1.4775E+07    3  7388     183   1.0  8.14E-08  4.41E-07  6.65E-13  0.00
 2956 1.4780E+07    3  7391     183   1.0  8.14E-08  4.41E-07  2.28E-14  0.00
 2957 1.4785E+07    3  7393     183   1.0  8.14E-08  4.41E-07  1.36E-12  0.00
 2958 1.4790E+07    3  7396     183   1.0  8.13E-08  4.41E-07  1.28E-13  0.00
 2959 1.4795E+07    3  7398     183   1.0  8.13E-08  4.41E-07  5.25E-13  0.00
 2960 1.4800E+07    3  7401     183   1.0  8.13E-08  4.41E-07  9.97E-12  0.00
 2961 1.4805E+07    3  7403     183   1.0  8.13E-08  4.41E-07  2.51E-13  0.00
 2962 1.4810E+07    3  7406     183   1.0  8.13E-08  4.41E-07  3.27E-13  0.00
 2963 1.4815E+07    3  7408     183   1.0  8.13E-08  4.41E-07  2.03E-13  0.00
 2964 1.4820E+07    3  7411     183   1.0  8.13E-08  4.41E-07  1.04E-14  0.00
 2965 1.4825E+07    3  7413     183   1.0  8.13E-08  4.41E-07  1.56E-13  0.00
 2966 1.4830E+07    3  7416     183   1.0  8.13E-08  4.41E-07  2.44E-13  0.00
 2967 1.4835E+07    3  7418     183   1.0  8.13E-08  4.40E-07  9.02E-14  0.00
 2968 1.4840E+07    3  7421     183   1.0  8.13E-08  4.40E-07  8.73E-14  0.00
 2969 1.4845E+07    3  7423     183   1.0  8.12E-08  4.40E-07  8.48E-15  0.00
 2970 1.4850E+07    3  7426     183   1.0  8.12E-08  4.40E-07  4.27E-13  0.00
 2971 1.4855E+07    3  7428     183   1.0  8.12E-08  4.40E-07  1.53E-15  0.00
 2972 1.4860E+07    3  7431     183   1.0  8.12E-08  4.40E-07  4.61E-14  0.00
 2973 1.4865E+07    3  7433     183   1.0  8.12E-08  4.40E-07  1.00E-13  0.00
 2974 1.4870E+07    3  7436     183   1.0  8.12E-08  4.40E-07  8.87E-14  0.00
 2975 1.4875E+07    3  7438     183   1.0  8.12E-08  4.40E-07  3.00E-14  0.00
 2976 1.4880E+07    3  7441     183   1.0  8.12E-08  4.40E-07  4.84E-14  0.00
 2977 1.4885E+07    3  7443     183   1.0  8.12E-08  4.40E-07  5.43E-13  0.00
 2978 1.4890E+07    3  7446     183   1.0  8.12E-08  4.40E-07  2.11E-12  0.00
 2979 1.4895E+07    3  7448     183   1.0  8.12E-08  4.40E-07  6.70E-13  0.00
 2980 1.4900E+07    3  7451     183   1.0  8.12E-08  4.40E-07  2.67E-13  0.00
 2981 1.4905E+07    3  7453     183   1.0  8.11E-08  4.40E-07  3.79E-12  0.00
 2982 1.4910E+07    3  7456     183   1.0  8.11E-08  4.40E-07  3.87E-13  0.00
 2983 1.4915E+07    3  7458     183   1.0  8.11E-08  4.40E-07  1.01E-12  0.00
 2984 1.4920E+07    3  7461     183   1.0  8.11E-08  4.40E-07  2.75E-13  0.00
 2985 1.4925E+07    3  7463     183   1.0  8.11E-08  4.40E-07  3.74E-12  0.00
 2986 1.4930E+07    3  7466     183   1.0  8.11E-08  4.40E-07  8.79E-13  0.00
 2987 1.4935E+07    3  7468     183   1.0  8.11E-08  4.40E-07  5.25E-13  0.00
 2988 1.4940E+07    3  7471     183   1.0  8.11E-08  4.40E-07  2.59E-14  0.00
 2989 1.4945E+07    3  7473     183   1.0  8.11E-08  4.40E-07  6.08E-13  0.00
 2990 1.4950E+07    3  7476     183   1.0  8.11E-08  4.39E-07  1.17E-13  0.00
 2991 1.4955E+07    3  7478     183   1.0  8.11E-08  4.39E-07  1.59E-13  0.00
 2992 1.4960E+07    3  7481     183   1.0  8.10E-08  4.39E-07  8.70E-11  0.00
 2993 1.4965E+07    3  7483     183   1.0  8.10E-08  4.39E-07  5.11E-13  0.00
 2994 1.4970E+07    3  7486     183   1.0  8.10E-08  4.39E-07  1.04E-13  0.00
 2995 1.4975E+07    3  7488     183   1.0  8.10E-08  4.39E-07  2.85E-13  0.00
 2996 1.4980E+07    3  7491     183   1.0  8.10E-08  4.39E-07  8.22E-13  0.00
 2997 1.4985E+07    3  7493     183   1.0  8.10E-08  4.39E-07  6.07E-13  0.00
 2998 1.4990E+07    3  7496     183   1.0  8.10E-08  4.39E-07  1.66E-12  0.00
 2999 1.4995E+07    3  7498     183   1.0  8.10E-08  4.39E-07  8.55E-14  0.00
 3000 1.5000E+07    3  7501     183   1.0  8.10E-08  4.39E-07  5.60E-13  0.00
 3001 1.5005E+07    3  7503     183   1.0  8.10E-08  4.39E-07  1.85E-14  0.00
 3002 1.5010E+07    3  7506     183   1.0  8.10E-08  4.39E-07  1.78E-12  0.00
 3003 1.5015E+07    3  7508     183   1.0  8.10E-08  4.39E-07  3.60E-13  0.00
 3004 1.5020E+07    3  7511     183   1.0  8.09E-08  4.39E-07  8.60E-14  0.00
 3005 1.5025E+07    3  7513     183   1.0  8.09E-08  4.39E-07  2.00E-12  0.00
 3006 1.5030E+07    3  7516     183   1.0  8.09E-08  4.39E-07  1.66E-14  0.00
 3007 1.5035E+07    3  7518     183   1.0  8.09E-08  4.39E-07  1.80E-16  0.00
 3008 1.5040E+07    3  7521     183   1.0  8.09E-08  4.39E-07  2.06E-13  0.00
 3009 1.5045E+07    3  7523     183   1.0  8.09E-08  4.39E-07  9.87E-13  0.00
 3010 1.5050E+07    3  7526     183   1.0  8.09E-08  4.39E-07  4.87E-14  0.00
 3011 1.5055E+07    3  7528     183   1.0  8.09E-08  4.39E-07  5.13E-12  0.00
 3012 1.5060E+07    3  7531     183   1.0  8.09E-08  4.38E-07  2.88E-13  0.00
 3013 1.5065E+07    3  7533     183   1.0  8.09E-08  4.38E-07  5.10E-12  0.00
 3014 1.5070E+07    3  7536     183   1.0  8.09E-08  4.38E-07  6.99E-12  0.00
 3015 1.5075E+07    3  7538     183   1.0  8.08E-08  4.38E-07  1.28E-12  0.00
 3016 1.5080E+07    3  7541     183   1.0  8.25E-08  4.58E-07  1.67E-12  0.00
 3017 1.5085E+07    3  7543     183   1.0  8.36E-08  4.69E-07  4.48E-11  0.00
 3018 1.5090E+07    3  7546     183   1.0  8.35E-08  4.69E-07  2.90E-11  0.00
 3019 1.5095E+07    3  7548     183   1.0  8.35E-08  4.69E-07  1.16E-10  0.00
 3020 1.5100E+07    3  7551     183   1.0  8.38E-08  4.70E-07  6.59E-11  0.00
 3021 1.5105E+07    3  7553     183   1.0  8.39E-08  4.71E-07  2.11E-10  0.00
 3022 1.5110E+07    3  7556     183   1.0  8.40E-08  4.72E-07  4.92E-10  0.00
 3023 1.5115E+07    3  7558     183   1.0  8.45E-08  4.74E-07  4.08E-10  0.00
 3024 1.5120E+07    3  7561     183   1.0  8.68E-08  4.74E-07  3.20E-10  0.00
 3025 1.5125E+07    3  7563     183   1.0  8.52E-08  4.75E-07  2.05E-11  0.00
 3026 1.5130E+07    3  7566     183   1.0  8.51E-08  4.75E-07  2.29E-10  0.00
 3027 1.5135E+07    3  7568     183   1.0  8.46E-08  4.74E-07  4.17E-10  0.00
 3028 1.5140E+07    3  7571     183   1.0  8.57E-08  4.74E-07  2.26E-10  0.00
 3029 1.5145E+07    3  7573     183   1.0  8.58E-08  4.74E-07  6.18E-10  0.00
 3030 1.5150E+07    3  7576     183   1.0  8.53E-08  4.76E-07  2.05E-09  0.00
 3031 1.5155E+07    3  7578     183   1.0  8.61E-08  4.78E-07  2.12E-10  0.00
 3032 1.5160E+07    3  7581     183   1.0  8.71E-08  4.77E-07  5.67E-10  0.00
 3033 1.5165E+07    3  7583     183   1.0  8.58E-08  4.77E-07  2.32E-10  0.00
 3034 1.5170E+07    3  7586     183   1.0  8.57E-08  4.77E-07  7.64E-10  0.00
 3035 1.5175E+07    3  7588     183   1.0  8.57E-08  4.77E-07  8.16E-11  0.00
 3036 1.5180E+07    3  7591     183   1.0  8.67E-08  4.77E-07  4.24E-09  0.00
 3037 1.5185E+07    3  7593     183   1.0  8.82E-08  4.75E-07  3.67E-10  0.00
 3038 1.5190E+07    3  7596     183   1.0  8.50E-08  4.74E-07  2.08E-10  0.00
 3039 1.5195E+07    3  7598     183   1.0  8.58E-08  4.74E-07  1.21E-09  0.00
 3040 1.5200E+07    3  7601     183   1.0  8.48E-08  4.75E-07  1.37E-10  0.00
 3041 1.5205E+07    3  7603     183   1.0  8.61E-08  4.77E-07  1.99E-09  0.00
 3042 1.5210E+07    3  7606     183   1.0  8.56E-08  4.77E-07  6.89E-09  0.00
 3043 1.5215E+07    3  7608     183   1.0  8.63E-08  4.77E-07  2.24E-10  0.00
 3044 1.5220E+07    3  7611     183   1.0  8.55E-08  4.77E-07  2.99E-10  0.00
 3045 1.5225E+07    3  7613     183   1.0  8.62E-08  4.77E-07  8.40E-10  0.00
 3046 1.5230E+07    3  7616     183   1.0  8.61E-08  4.77E-07  6.05E-10  0.00
 3047 1.5235E+07    3  7618     183   1.0  8.59E-08  4.77E-07  4.54E-11  0.00
 3048 1.5240E+07    3  7621     183   1.0  8.63E-08  4.77E-07  3.92E-10  0.00
 3049 1.5245E+07    3  7623     183   1.0  8.58E-08  4.77E-07  1.25E-09  0.00
 3050 1.5250E+07    3  7626     183   1.0  8.78E-08  4.76E-07  5.98E-10  0.00
 3051 1.5255E+07    3  7628     183   1.0  8.55E-08  4.76E-07  1.10E-10  0.00
 3052 1.5260E+07    3  7631     183   1.0  8.57E-08  4.77E-07  1.93E-09  0.00
 3053 1.5265E+07    3  7633     183   1.0  8.75E-08  4.76E-07  5.95E-10  0.00
 3054 1.5270E+07    3  7636     183   1.0  8.56E-08  4.76E-07  6.35E-09  0.00
 3055 1.5275E+07    3  7638     183   1.0  8.65E-08  4.76E-07  1.39E-10  0.00
 3056 1.5280E+07    3  7641     183   1.0  8.70E-08  4.76E-07  2.07E-10  0.00
 3057 1.5285E+07    3  7643     183   1.0  8.62E-08  4.75E-07  4.12E-10  0.00
 3058 1.5290E+07    3  7646     183   1.0  8.47E-08  4.74E-07  1.28E-13  0.00
 3059 1.5295E+07    3  7648     183   1.0  8.44E-08  4.74E-07  7.90E-14  0.00
 3060 1.5300E+07    3  7651     183   1.0  8.44E-08  4.74E-07  1.55E-13  0.00
 3061 1.5305E+07    3  7653     183   1.0  8.44E-08  4.74E-07  5.12E-10  0.00
 3062 1.5310E+07    3  7656     183   1.0  8.44E-08  4.74E-07  1.57E-12  0.00
 3063 1.5315E+07    3  7658     183   1.0  8.44E-08  4.74E-07  3.68E-14  0.00
 3064 1.5320E+07    3  7661     183   1.0  8.44E-08  4.74E-07  1.02E-13  0.00
 3065 1.5325E+07    3  7663     183   1.0  8.44E-08  4.74E-07  3.00E-12  0.00
 3066 1.5330E+07    3  7666     183   1.0  8.44E-08  4.74E-07  2.74E-13  0.00
 3067 1.5335E+07    3  7668     183   1.0  8.44E-08  4.73E-07  5.67E-13  0.00
 3068 1.5340E+07    3  7671     183   1.0  8.44E-08  4.73E-07  4.05E-13  0.00
 3069 1.5345E+07    3  7673     183   1.0  8.44E-08  4.73E-07  3.35E-13  0.00
 3070 1.5350E+07    3  7676     183   1.0  8.43E-08  4.73E-07  3.77E-13  0.00
 3071 1.5355E+07    3  7678     183   1.0  8.43E-08  4.73E-07  1.98E-13  0.00
 3072 1.5360E+07    3  7681     183   1.0  8.43E-08  4.73E-07  1.50E-12  0.00
 3073 1.5365E+07    3  7683     183   1.0  8.43E-08  4.73E-07  8.27E-14  0.00
 3074 1.5370E+07    3  7686     183   1.0  8.43E-08  4.73E-07  3.10E-14  0.00
 3075 1.5375E+07    3  7688     183   1.0  8.43E-08  4.73E-07  1.04E-13  0.00
 3076 1.5380E+07    3  7691     183   1.0  8.43E-08  4.73E-07  3.07E-14  0.00
 3077 1.5385E+07    3  7693     183   1.0  8.43E-08  4.73E-07  5.63E-13  0.00
 3078 1.5390E+07    3  7696     183   1.0  8.43E-08  4.73E-07  8.04E-13  0.00
 3079 1.5395E+07    3  7698     183   1.0  8.43E-08  4.73E-07  4.56E-13  0.00
 3080 1.5400E+07    3  7701     183   1.0  8.43E-08  4.73E-07  5.17E-12  0.00
 3081 1.5405E+07    3  7703     183   1.0  8.42E-08  4.73E-07  8.80E-12  0.00
 3082 1.5410E+07    3  7706     183   1.0  8.42E-08  4.73E-07  1.63E-13  0.00
 3083 1.5415E+07    3  7708     183   1.0  8.42E-08  4.73E-07  2.38E-11  0.00
 3084 1.5420E+07    3  7711     183   1.0  8.42E-08  4.73E-07  4.18E-14  0.00
 3085 1.5425E+07    3  7713     183   1.0  8.42E-08  4.73E-07  7.91E-13  0.00
 3086 1.5430E+07    3  7716     183   1.0  8.42E-08  4.73E-07  1.14E-12  0.00
 3087 1.5435E+07    3  7718     183   1.0  8.42E-08  4.73E-07  1.65E-13  0.00
 3088 1.5440E+07    3  7721     183   1.0  8.42E-08  4.72E-07  5.42E-13  0.00
 3089 1.5445E+07    3  7723     183   1.0  8.42E-08  4.72E-07  1.16E-11  0.00
 3090 1.5450E+07    3  7726     183   1.0  8.42E-08  4.72E-07  2.20E-13  0.00
 3091 1.5455E+07    3  7728     183   1.0  8.42E-08  4.72E-07  5.88E-13  0.00
 3092 1.5460E+07    3  7731     183   1.0  8.42E-08  4.72E-07  5.17E-13  0.00
 3093 1.5465E+07    3  7733     183   1.0  8.41E-08  4.72E-07  2.58E-12  0.00
 3094 1.5470E+07    3  7736     183   1.0  8.41E-08  4.72E-07  1.93E-13  0.00
 3095 1.5475E+07    3  7738     184   1.0  8.41E-08  4.72E-07  4.82E-12  0.00
 3096 1.5480E+07    3  7741     184   1.0  8.41E-08  4.72E-07  4.55E-13  0.00
 3097 1.5485E+07    3  7743     184   1.0  8.41E-08  4.72E-07  3.56E-13  0.00
 3098 1.5490E+07    3  7746     184   1.0  8.41E-08  4.72E-07  3.05E-13  0.00
 3099 1.5495E+07    3  7748     184   1.0  8.41E-08  4.72E-07  1.90E-13  0.00
 3100 1.5500E+07    3  7751     184   1.0  8.41E-08  4.72E-07  7.47E-15  0.00
 3101 1.5505E+07    3  7753     184   1.0  8.41E-08  4.72E-07  4.85E-12  0.00
 3102 1.5510E+07    3  7756     184   1.0  8.41E-08  4.72E-07  4.66E-14  0.00
 3103 1.5515E+07    3  7758     184   1.0  8.41E-08  4.72E-07  9.14E-13  0.00
 3104 1.5520E+07    3  7761     184   1.0  8.40E-08  4.72E-07  4.29E-13  0.00
 3105 1.5525E+07    3  7763     184   1.0  8.40E-08  4.72E-07  1.53E-13  0.00
 3106 1.5530E+07    3  7766     184   1.0  8.40E-08  4.72E-07  2.80E-13  0.00
 3107 1.5535E+07    3  7768     184   1.0  8.40E-08  4.72E-07  7.60E-13  0.00
 3108 1.5540E+07    3  7771     184   1.0  8.40E-08  4.72E-07  9.16E-13  0.00
 3109 1.5545E+07    3  7773     184   1.0  8.40E-08  4.71E-07  5.33E-13  0.00
 3110 1.5550E+07    3  7776     184   1.0  8.40E-08  4.71E-07  5.11E-13  0.00
 3111 1.5555E+07    3  7778     184   1.0  8.40E-08  4.71E-07  1.08E-12  0.00
 3112 1.5560E+07    3  7781     184   1.0  8.40E-08  4.71E-07  5.64E-13  0.00
 3113 1.5565E+07    3  7783     184   1.0  8.40E-08  4.71E-07  1.02E-12  0.00
 3114 1.5570E+07    3  7786     184   1.0  8.40E-08  4.71E-07  6.93E-13  0.00
 3115 1.5575E+07    3  7788     184   1.0  8.39E-08  4.71E-07  5.31E-12  0.00
 3116 1.5580E+07    3  7791     184   1.0  8.39E-08  4.71E-07  4.39E-14  0.00
 3117 1.5585E+07    3  7793     184   1.0  8.39E-08  4.71E-07  9.93E-14  0.00
 3118 1.5590E+07    3  7796     184   1.0  8.39E-08  4.71E-07  2.10E-13  0.00
 3119 1.5595E+07    3  7798     184   1.0  8.39E-08  4.71E-07  3.18E-13  0.00
 3120 1.5600E+07    3  7801     184   1.0  8.39E-08  4.71E-07  1.19E-12  0.00
 3121 1.5605E+07    3  7803     184   1.0  8.39E-08  4.71E-07  1.49E-13  0.00
 3122 1.5610E+07    3  7806     184   1.0  8.39E-08  4.71E-07  3.53E-13  0.00
 3123 1.5615E+07    3  7808     184   1.0  8.39E-08  4.71E-07  1.99E-12  0.00
 3124 1.5620E+07    3  7811     184   1.0  8.39E-08  4.71E-07  1.58E-13  0.00
 3125 1.5625E+07    3  7813     184   1.0  8.39E-08  4.71E-07  7.81E-14  0.00
 3126 1.5630E+07    3  7816     184   1.0  8.38E-08  4.71E-07  5.46E-14  0.00
 3127 1.5635E+07    3  7818     184   1.0  8.32E-08  4.71E-07  1.02E-12  0.00
 3128 1.5640E+07    3  7821     184   1.0  8.20E-08  4.71E-07  1.50E-11  0.00
 3129 1.5645E+07    3  7823     184   1.0  8.20E-08  4.71E-07  7.81E-13  0.00
 3130 1.5650E+07    3  7826     184   1.0  8.20E-08  4.71E-07  8.84E-13  0.00
 3131 1.5655E+07    3  7828     184   1.0  8.20E-08  4.71E-07  1.16E-13  0.00
 3132 1.5660E+07    3  7831     184   1.0  8.20E-08  4.71E-07  4.52E-13  0.00
 3133 1.5665E+07    3  7833     184   1.0  8.20E-08  4.71E-07  1.09E-12  0.00
 3134 1.5670E+07    3  7836     184   1.0  8.20E-08  4.71E-07  1.93E-13  0.00
 3135 1.5675E+07    3  7838     184   1.0  8.20E-08  4.71E-07  1.09E-12  0.00
 3136 1.5680E+07    3  7841     184   1.0  8.20E-08  4.71E-07  4.43E-13  0.00
 3137 1.5685E+07    3  7843     184   1.0  8.20E-08  4.71E-07  1.09E-12  0.00
 3138 1.5690E+07    3  7846     184   1.0  8.20E-08  4.71E-07  1.47E-13  0.00
 3139 1.5695E+07    3  7848     184   1.0  8.20E-08  4.71E-07  1.66E-12  0.00
 3140 1.5700E+07    3  7851     184   1.0  8.20E-08  4.70E-07  4.49E-12  0.00
 3141 1.5705E+07    3  7853     184   1.0  8.19E-08  4.70E-07  4.11E-14  0.00
 3142 1.5710E+07    3  7856     184   1.0  8.19E-08  4.71E-07  2.87E-12  0.00
 3143 1.5715E+07    3  7858     184   1.0  8.24E-08  4.76E-07  4.69E-14  0.00
 3144 1.5720E+07    3  7861     184   1.0  8.24E-08  4.76E-07  6.64E-14  0.00
 3145 1.5725E+07    3  7863     184   1.0  8.24E-08  4.76E-07  2.04E-13  0.00
 3146 1.5730E+07    3  7866     184   1.0  8.24E-08  4.76E-07  9.05E-14  0.00
 3147 1.5735E+07    3  7868     184   1.0  8.24E-08  4.76E-07  2.07E-12  0.00
 3148 1.5740E+07    3  7871     184   1.0  8.24E-08  4.76E-07  4.55E-14  0.00
 3149 1.5745E+07    3  7873     184   1.0  8.24E-08  4.76E-07  9.77E-13  0.00
 3150 1.5750E+07    3  7876     184   1.0  8.24E-08  4.76E-07  7.77E-14  0.00
 3151 1.5755E+07    3  7878     184   1.0  8.24E-08  4.76E-07  5.68E-14  0.00
 3152 1.5760E+07    3  7881     184   1.0  8.23E-08  4.76E-07  6.72E-13  0.00
 3153 1.5765E+07    3  7883     184   1.0  8.23E-08  4.76E-07  1.26E-12  0.00
 3154 1.5770E+07    3  7886     184   1.0  8.23E-08  4.75E-07  1.94E-13  0.00
 3155 1.5775E+07    3  7888     184   1.0  8.25E-08  4.77E-07  3.22E-11  0.00
 3156 1.5780E+07    3  7891     184   1.0  8.59E-08  4.97E-07  1.29E-12  0.00
 3157 1.5785E+07    3  7893     184   1.0  8.59E-08  4.96E-07  4.84E-13  0.00
 3158 1.5790E+07    3  7896     184   1.0  8.62E-08  4.96E-07  6.89E-13  0.00
 3159 1.5795E+07    3  7898     184   1.0  8.59E-08  4.96E-07  3.70E-14  0.00
 3160 1.5800E+07    3  7901     184   1.0  8.59E-08  4.96E-07  1.64E-13  0.00
 3161 1.5805E+07    3  7903     184   1.0  8.58E-08  4.96E-07  5.28E-14  0.00
 3162 1.5810E+07    3  7906     184   1.0  8.58E-08  4.96E-07  5.73E-12  0.00
 3163 1.5815E+07    3  7908     184   1.0  8.58E-08  4.96E-07  3.85E-13  0.00
 3164 1.5820E+07    3  7911     184   1.0  8.58E-08  4.96E-07  7.37E-14  0.00
 3165 1.5825E+07    3  7913     184   1.0  8.59E-08  4.96E-07  2.19E-10  0.00
 3166 1.5830E+07    3  7916     184   1.0  8.58E-08  4.96E-07  1.82E-13  0.00
 3167 1.5835E+07    3  7918     184   1.0  8.58E-08  4.96E-07  6.55E-13  0.00
 3168 1.5840E+07    3  7921     184   1.0  8.58E-08  4.96E-07  7.42E-12  0.00
 3169 1.5845E+07    3  7923     184   1.0  8.58E-08  4.96E-07  3.49E-13  0.00
 3170 1.5850E+07    3  7926     184   1.0  8.58E-08  4.96E-07  5.42E-12  0.00
 3171 1.5855E+07    3  7928     184   1.0  8.58E-08  4.96E-07  3.65E-13  0.00
 3172 1.5860E+07    3  7931     184   1.0  8.57E-08  4.96E-07  4.59E-15  0.00
 3173 1.5865E+07    3  7933     184   1.0  8.57E-08  4.96E-07  1.82E-13  0.00
 3174 1.5870E+07    3  7936     184   1.0  8.57E-08  4.96E-07  3.69E-13  0.00
 3175 1.5875E+07    3  7938     184   1.0  8.57E-08  4.95E-07  9.82E-14  0.00
 3176 1.5880E+07    3  7941     184   1.0  8.57E-08  4.95E-07  7.02E-13  0.00
 3177 1.5885E+07    3  7943     184   1.0  8.57E-08  4.95E-07  1.61E-12  0.00
 3178 1.5890E+07    3  7946     184   1.0  8.57E-08  4.95E-07  2.20E-12  0.00
 3179 1.5895E+07    3  7948     184   1.0  8.57E-08  4.95E-07  4.85E-13  0.00
 3180 1.5900E+07    3  7951     184   1.0  8.57E-08  4.95E-07  1.42E-13  0.00
 3181 1.5905E+07    3  7953     184   1.0  8.57E-08  4.95E-07  2.10E-14  0.00
 3182 1.5910E+07    3  7956     184   1.0  8.57E-08  4.95E-07  7.99E-12  0.00
 3183 1.5915E+07    3  7958     184   1.0  8.56E-08  4.95E-07  1.13E-12  0.00
 3184 1.5920E+07    3  7961     184   1.0  8.56E-08  4.95E-07  5.01E-13  0.00
 3185 1.5925E+07    3  7963     184   1.0  8.56E-08  4.95E-07  4.29E-14  0.00
 3186 1.5930E+07    3  7966     184   1.0  8.56E-08  4.95E-07  1.69E-13  0.00
 3187 1.5935E+07    3  7968     184   1.0  8.56E-08  4.95E-07  2.07E-12  0.00
 3188 1.5940E+07    3  7971     184   1.0  6.79E-08  3.43E-07  7.90E-13  0.00
 3189 1.5945E+07    3  7973     184   1.0  4.55E-08  2.18E-07  1.52E-13  0.00
 3190 1.5950E+07    3  7976     184   1.0  4.55E-08  2.18E-07  1.28E-13  0.00
 3191 1.5955E+07    3  7978     184   1.0  4.55E-08  2.18E-07  5.10E-12  0.00
 3192 1.5960E+07    3  7981     184   1.0  4.55E-08  2.17E-07  2.96E-13  0.00
 3193 1.5965E+07    3  7983     184   1.0  4.55E-08  2.17E-07  1.65E-12  0.00
 3194 1.5970E+07    3  7986     184   1.0  4.55E-08  2.17E-07  4.40E-14  0.00
 3195 1.5975E+07    3  7988     184   1.0  4.55E-08  2.17E-07  1.95E-12  0.00
 3196 1.5980E+07    3  7991     184   1.0  4.55E-08  2.17E-07  5.31E-13  0.00
 3197 1.5985E+07    3  7993     184   1.0  4.55E-08  2.17E-07  3.52E-12  0.00
 3198 1.5990E+07    3  7996     184   1.0  4.55E-08  2.17E-07  2.89E-13  0.00
 3199 1.5995E+07    3  7998     184   1.0  4.55E-08  2.17E-07  3.20E-13  0.00
 3200 1.6000E+07    3  8001     184   1.0  4.55E-08  2.17E-07  1.46E-14  0.00
 3201 1.6005E+07    3  8003     184   1.0  4.55E-08  2.17E-07  5.40E-14  0.00
 3202 1.6010E+07    3  8006     184   1.0  4.55E-08  2.17E-07  2.95E-12  0.00
 3203 1.6015E+07    3  8008     184   1.0  4.55E-08  2.17E-07  1.74E-13  0.00
 3204 1.6020E+07    3  8011     184   1.0  4.54E-08  2.17E-07  6.68E-13  0.00
 3205 1.6025E+07    3  8013     184   1.0  4.54E-08  2.17E-07  4.97E-13  0.00
 3206 1.6030E+07    3  8016     184   1.0  4.54E-08  2.17E-07  5.54E-14  0.00
 3207 1.6035E+07    3  8018     184   1.0  4.54E-08  2.17E-07  2.70E-13  0.00
 3208 1.6040E+07    3  8021     184   1.0  4.54E-08  2.17E-07  1.74E-13  0.00
 3209 1.6045E+07    3  8023     184   1.0  4.54E-08  2.17E-07  3.68E-13  0.00
 3210 1.6050E+07    3  8026     184   1.0  4.54E-08  2.17E-07  2.39E-13  0.00
 3211 1.6055E+07    3  8028     184   1.0  4.54E-08  2.17E-07  7.64E-12  0.00
 3212 1.6060E+07    3  8031     184   1.0  4.54E-08  2.17E-07  4.33E-13  0.00
 3213 1.6065E+07    3  8033     184   1.0  4.54E-08  2.17E-07  1.78E-14  0.00
 3214 1.6070E+07    3  8036     184   1.0  4.54E-08  2.17E-07  4.16E-13  0.00
 3215 1.6075E+07    3  8038     184   1.0  4.54E-08  2.17E-07  7.65E-14  0.00
 3216 1.6080E+07    3  8041     184   1.0  4.54E-08  2.17E-07  1.02E-13  0.00
 3217 1.6085E+07    3  8043     184   1.0  4.54E-08  2.17E-07  1.81E-13  0.00
 3218 1.6090E+07    3  8046     184   1.0  4.54E-08  2.17E-07  4.70E-13  0.00
 3219 1.6095E+07    3  8048     184   1.0  4.54E-08  2.17E-07  7.12E-12  0.00
 3220 1.6100E+07    3  8051     184   1.0  4.54E-08  2.17E-07  1.42E-12  0.00
 3221 1.6105E+07    3  8053     184   1.0  4.54E-08  2.17E-07  2.63E-14  0.00
 3222 1.6110E+07    3  8056     184   1.0  4.54E-08  2.17E-07  1.52E-13  0.00
 3223 1.6115E+07    3  8058     184   1.0  4.54E-08  2.17E-07  5.44E-13  0.00
 3224 1.6120E+07    3  8061     184   1.0  4.54E-08  2.17E-07  1.32E-11  0.00
 3225 1.6125E+07    3  8063     184   1.0  4.54E-08  2.17E-07  3.11E-13  0.00
 3226 1.6130E+07    3  8066     184   1.0  4.54E-08  2.17E-07  1.28E-13  0.00
 3227 1.6135E+07    3  8068     184   1.0  4.54E-08  2.17E-07  2.73E-13  0.00
 3228 1.6140E+07    3  8071     184   1.0  4.53E-08  2.17E-07  2.70E-13  0.00
 3229 1.6145E+07    3  8073     184   1.0  4.53E-08  2.17E-07  2.16E-13  0.00
 3230 1.6150E+07    3  8076     184   1.0  4.53E-08  2.17E-07  3.67E-13  0.00
 3231 1.6155E+07    3  8078     184   1.0  4.53E-08  2.17E-07  1.60E-13  0.00
 3232 1.6160E+07    3  8081     184   1.0  4.53E-08  2.17E-07  2.83E-14  0.00
 3233 1.6165E+07    3  8083     184   1.0  4.53E-08  2.17E-07  1.02E-11  0.00
 3234 1.6170E+07    3  8086     184   1.0  4.53E-08  2.17E-07  6.06E-13  0.00
 3235 1.6175E+07    3  8088     184   1.0  4.53E-08  2.17E-07  1.01E-14  0.00
 3236 1.6180E+07    3  8091     184   1.0  4.53E-08  2.17E-07  5.60E-13  0.00
 3237 1.6185E+07    3  8093     184   1.0  4.53E-08  2.17E-07  4.38E-12  0.00
 3238 1.6190E+07    3  8096     184   1.0  4.53E-08  2.17E-07  1.10E-13  0.00
 3239 1.6195E+07    3  8098     184   1.0  4.53E-08  2.17E-07  5.46E-14  0.00
 3240 1.6200E+07    3  8101     184   1.0  4.53E-08  2.17E-07  1.84E-13  0.00
 3241 1.6205E+07    3  8103     184   1.0  4.53E-08  2.16E-07  1.03E-13  0.00
 3242 1.6210E+07    3  8106     184   1.0  4.53E-08  2.16E-07  1.94E-13  0.00
 3243 1.6215E+07    3  8108     184   1.0  4.53E-08  2.16E-07  4.12E-13  0.00
 3244 1.6220E+07    3  8111     184   1.0  4.53E-08  2.16E-07  1.40E-13  0.00
 3245 1.6225E+07    3  8113     184   1.0  4.53E-08  2.16E-07  2.59E-12  0.00
 3246 1.6230E+07    3  8116     184   1.0  4.53E-08  2.16E-07  6.23E-13  0.00
 3247 1.6235E+07    3  8118     184   1.0  4.53E-08  2.16E-07  9.12E-15  0.00
 3248 1.6240E+07    3  8121     184   1.0  4.53E-08  2.16E-07  3.38E-13  0.00
 3249 1.6245E+07    3  8123     184   1.0  4.53E-08  2.16E-07  2.01E-13  0.00
 3250 1.6250E+07    3  8126     184   1.0  4.53E-08  2.16E-07  4.76E-13  0.00
 3251 1.6255E+07    3  8128     184   1.0  4.53E-08  2.16E-07  2.31E-12  0.00
 3252 1.6260E+07    3  8131     184   1.0  4.53E-08  2.16E-07  1.12E-13  0.00
 3253 1.6265E+07    3  8133     184   1.0  4.52E-08  2.16E-07  2.56E-12  0.00
 3254 1.6270E+07    3  8136     184   1.0  4.52E-08  2.16E-07  1.99E-13  0.00
 3255 1.6275E+07    3  8138     184   1.0  4.52E-08  2.16E-07  6.94E-13  0.00
 3256 1.6280E+07    3  8141     184   1.0  4.52E-08  2.16E-07  7.27E-13  0.00
 3257 1.6285E+07    3  8143     184   1.0  4.52E-08  2.16E-07  4.47E-16  0.00
 3258 1.6290E+07    3  8146     184   1.0  4.52E-08  2.16E-07  6.40E-13  0.00
 3259 1.6295E+07    3  8148     184   1.0  4.52E-08  2.16E-07  2.24E-13  0.00
 3260 1.6300E+07    3  8151     184   1.0  4.52E-08  2.16E-07  9.24E-13  0.00
 3261 1.6305E+07    3  8153     184   1.0  4.52E-08  2.16E-07  3.67E-14  0.00
 3262 1.6310E+07    3  8156     184   1.0  4.52E-08  2.16E-07  2.14E-13  0.00
 3263 1.6315E+07    3  8158     184   1.0  4.52E-08  2.16E-07  1.10E-12  0.00
 3264 1.6320E+07    3  8161     184   1.0  4.52E-08  2.16E-07  4.77E-12  0.00
 3265 1.6325E+07    3  8163     184   1.0  4.52E-08  2.16E-07  1.08E-14  0.00
 3266 1.6330E+07    3  8166     184   1.0  4.53E-08  2.16E-07  1.62E-13  0.00
 3267 1.6335E+07    3  8168     184   1.0  4.52E-08  2.16E-07  9.46E-15  0.00
 3268 1.6340E+07    3  8171     184   1.0  4.52E-08  2.16E-07  2.80E-13  0.00
 3269 1.6345E+07    3  8173     184   1.0  4.52E-08  2.16E-07  1.31E-13  0.00
 3270 1.6350E+07    3  8176     184   1.0  4.52E-08  2.16E-07  1.77E-13  0.00
 3271 1.6355E+07    3  8178     184   1.0  4.52E-08  2.16E-07  1.82E-14  0.00
 3272 1.6360E+07    3  8181     184   1.0  4.52E-08  2.16E-07  3.32E-14  0.00
 3273 1.6365E+07    3  8183     184   1.0  4.52E-08  2.16E-07  1.39E-13  0.00
 3274 1.6370E+07    3  8186     184   1.0  4.52E-08  2.16E-07  2.43E-12  0.00
 3275 1.6375E+07    3  8188     184   1.0  4.52E-08  2.16E-07  5.80E-12  0.00
 3276 1.6380E+07    3  8191     184   1.0  4.52E-08  2.16E-07  1.43E-13  0.00
 3277 1.6385E+07    3  8193     184   1.0  4.52E-08  2.16E-07  4.35E-14  0.00
 3278 1.6390E+07    3  8196     184   1.0  4.51E-08  2.16E-07  1.20E-13  0.00
 3279 1.6395E+07    3  8198     184   1.0  4.51E-08  2.16E-07  5.21E-13  0.00
 3280 1.6400E+07    3  8201     184   1.0  4.51E-08  2.16E-07  8.61E-13  0.00
 3281 1.6405E+07    3  8203     184   1.0  4.51E-08  2.16E-07  1.87E-15  0.00
 3282 1.6410E+07    3  8206     184   1.0  4.51E-08  2.16E-07  1.54E-13  0.00
 3283 1.6415E+07    3  8208     184   1.0  4.51E-08  2.16E-07  2.55E-13  0.00
 3284 1.6420E+07    3  8211     184   1.0  4.51E-08  2.16E-07  5.66E-14  0.00
 3285 1.6425E+07    3  8213     184   1.0  4.51E-08  2.16E-07  3.81E-14  0.00
 3286 1.6430E+07    3  8216     184   1.0  4.50E-08  2.14E-07  2.03E-14  0.00
 3287 1.6435E+07    3  8218     184   1.0  4.49E-08  2.13E-07  3.52E-12  0.00
 3288 1.6440E+07    3  8221     184   1.0  4.49E-08  2.13E-07  2.67E-13  0.00
 3289 1.6445E+07    3  8223     184   1.0  4.49E-08  2.13E-07  1.52E-11  0.00
 3290 1.6450E+07    3  8226     184   1.0  4.49E-08  2.13E-07  1.79E-13  0.00
 3291 1.6455E+07    3  8228     184   1.0  4.49E-08  2.13E-07  1.64E-13  0.00
 3292 1.6460E+07    3  8231     184   1.0  4.49E-08  2.13E-07  2.25E-13  0.00
 3293 1.6465E+07    3  8233     184   1.0  4.49E-08  2.13E-07  2.62E-12  0.00
 3294 1.6470E+07    3  8236     184   1.0  4.49E-08  2.13E-07  4.48E-13  0.00
 3295 1.6475E+07    3  8238     184   1.0  4.49E-08  2.13E-07  2.39E-13  0.00
 3296 1.6480E+07    3  8241     184   1.0  4.49E-08  2.13E-07  2.72E-14  0.00
 3297 1.6485E+07    3  8243     184   1.0  4.49E-08  2.13E-07  1.98E-14  0.00
 3298 1.6490E+07    3  8246     184   1.0  4.49E-08  2.13E-07  4.46E-12  0.00
 3299 1.6495E+07    3  8248     184   1.0  4.49E-08  2.13E-07  1.16E-13  0.00
 3300 1.6500E+07    3  8251     184   1.0  4.94E-08  2.47E-07  6.74E-13  0.00
 3301 1.6505E+07    3  8253     184   1.0  5.38E-08  2.79E-07  2.82E-13  0.00
 3302 1.6510E+07    3  8256     184   1.0  5.38E-08  2.79E-07  5.60E-13  0.00
 3303 1.6515E+07    3  8258     184   1.0  5.38E-08  2.79E-07  8.50E-14  0.00
 3304 1.6520E+07    3  8261     184   1.0  5.38E-08  2.79E-07  5.07E-14  0.00
 3305 1.6525E+07    3  8263     184   1.0  5.42E-08  2.82E-07  1.58E-13  0.00
 3306 1.6530E+07    3  8266     184   1.0  5.46E-08  2.84E-07  1.04E-13  0.00
 3307 1.6535E+07    3  8268     184   1.0  5.46E-08  2.84E-07  2.48E-13  0.00
 3308 1.6540E+07    3  8271     184   1.0  5.46E-08  2.84E-07  3.11E-13  0.00
 3309 1.6545E+07    3  8273     184   1.0  5.46E-08  2.84E-07  3.14E-13  0.00
 3310 1.6550E+07    3  8276     184   1.0  5.45E-08  2.84E-07  5.63E-13  0.00
 3311 1.6555E+07    3  8278     184   1.0  5.45E-08  2.84E-07  1.74E-13  0.00
 3312 1.6560E+07    3  8281     184   1.0  5.45E-08  2.84E-07  3.94E-13  0.00
 3313 1.6565E+07    3  8283     184   1.0  5.45E-08  2.84E-07  3.85E-14  0.00
 3314 1.6570E+07    3  8286     184   1.0  5.45E-08  2.84E-07  1.15E-13  0.00
 3315 1.6575E+07    3  8288     184   1.0  5.45E-08  2.84E-07  1.66E-13  0.00
 3316 1.6580E+07    3  8291     184   1.0  5.45E-08  2.84E-07  1.11E-13  0.00
 3317 1.6585E+07    3  8293     184   1.0  5.45E-08  2.84E-07  5.98E-13  0.00
 3318 1.6590E+07    3  8296     184   1.0  5.45E-08  2.84E-07  5.13E-13  0.00
 3319 1.6595E+07    3  8298     184   1.0  5.45E-08  2.84E-07  3.12E-13  0.00
 3320 1.6600E+07    3  8301     184   1.0  5.45E-08  2.84E-07  2.89E-13  0.00
 3321 1.6605E+07    3  8303     184   1.0  5.45E-08  2.84E-07  3.69E-13  0.00
 3322 1.6610E+07    3  8306     184   1.0  5.47E-08  2.85E-07  6.43E-11  0.00
 3323 1.6615E+07    3  8308     184   1.0  5.89E-08  3.16E-07  4.16E-13  0.00
 3324 1.6620E+07    3  8311     184   1.0  5.89E-08  3.16E-07  1.17E-13  0.00
 3325 1.6625E+07    3  8313     184   1.0  5.89E-08  3.16E-07  1.14E-12  0.00
 3326 1.6630E+07    3  8316     184   1.0  5.89E-08  3.16E-07  5.94E-14  0.00
 3327 1.6635E+07    3  8318     184   1.0  5.89E-08  3.16E-07  6.44E-13  0.00
 3328 1.6640E+07    3  8321     184   1.0  5.89E-08  3.16E-07  1.49E-13  0.00
 3329 1.6645E+07    3  8323     184   1.0  5.89E-08  3.16E-07  1.09E-13  0.00
 3330 1.6650E+07    3  8326     184   1.0  5.89E-08  3.16E-07  3.90E-13  0.00
 3331 1.6655E+07    3  8328     184   1.0  5.89E-08  3.16E-07  4.15E-13  0.00
 3332 1.6660E+07    3  8331     184   1.0  5.89E-08  3.16E-07  9.62E-14  0.00
 3333 1.6665E+07    3  8333     184   1.0  5.89E-08  3.16E-07  5.83E-13  0.00
 3334 1.6670E+07    3  8336     184   1.0  5.89E-08  3.16E-07  3.23E-13  0.00
 3335 1.6675E+07    3  8338     184   1.0  5.89E-08  3.16E-07  1.44E-14  0.00
 3336 1.6680E+07    3  8341     184   1.0  5.89E-08  3.16E-07  8.07E-14  0.00
 3337 1.6685E+07    3  8343     184   1.0  5.88E-08  3.16E-07  1.32E-12  0.00
 3338 1.6690E+07    3  8346     184   1.0  5.88E-08  3.16E-07  1.37E-13  0.00
 3339 1.6695E+07    3  8348     184   1.0  5.88E-08  3.16E-07  3.36E-13  0.00
 3340 1.6700E+07    3  8351     184   1.0  5.88E-08  3.16E-07  4.15E-14  0.00
 3341 1.6705E+07    3  8353     184   1.0  5.88E-08  3.16E-07  1.42E-13  0.00
 3342 1.6710E+07    3  8356     184   1.0  5.88E-08  3.16E-07  7.31E-12  0.00
 3343 1.6715E+07    3  8358     184   1.0  5.88E-08  3.16E-07  1.89E-13  0.00
 3344 1.6720E+07    3  8361     184   1.0  5.88E-08  3.16E-07  1.28E-13  0.00
 3345 1.6725E+07    3  8363     184   1.0  5.88E-08  3.16E-07  2.01E-13  0.00
 3346 1.6730E+07    3  8366     184   1.0  5.88E-08  3.16E-07  7.10E-13  0.00
 3347 1.6735E+07    3  8368     184   1.0  5.88E-08  3.16E-07  6.47E-14  0.00
 3348 1.6740E+07    3  8371     184   1.0  5.88E-08  3.16E-07  6.99E-13  0.00
 3349 1.6745E+07    3  8373     184   1.0  5.88E-08  3.16E-07  4.35E-13  0.00
 3350 1.6750E+07    3  8376     184   1.0  5.88E-08  3.15E-07  6.27E-13  0.00
 3351 1.6755E+07    3  8378     184   1.0  5.88E-08  3.15E-07  1.34E-13  0.00
 3352 1.6760E+07    3  8381     184   1.0  5.88E-08  3.15E-07  9.35E-14  0.00
 3353 1.6765E+07    3  8383     184   1.0  5.88E-08  3.15E-07  8.31E-14  0.00
 3354 1.6770E+07    3  8386     184   1.0  7.31E-08  4.03E-07  1.45E-12  0.00
 3355 1.6775E+07    3  8388     184   1.0  7.55E-08  4.18E-07  1.80E-13  0.00
 3356 1.6780E+07    3  8391     184   1.0  7.55E-08  4.18E-07  2.21E-13  0.00
 3357 1.6785E+07    3  8393     184   1.0  7.55E-08  4.18E-07  7.34E-13  0.00
 3358 1.6790E+07    3  8396     184   1.0  7.55E-08  4.18E-07  3.57E-13  0.00
 3359 1.6795E+07    3  8398     184   1.0  7.55E-08  4.18E-07  9.01E-12  0.00
 3360 1.6800E+07    3  8401     184   1.0  7.54E-08  4.18E-07  6.73E-14  0.00
 3361 1.6805E+07    3  8403     184   1.0  7.54E-08  4.18E-07  1.09E-13  0.00
 3362 1.6810E+07    3  8406     184   1.0  7.54E-08  4.18E-07  5.00E-14  0.00
 3363 1.6815E+07    3  8408     184   1.0  7.54E-08  4.18E-07  3.48E-13  0.00
 3364 1.6820E+07    3  8411     184   1.0  7.54E-08  4.18E-07  1.17E-12  0.00
 3365 1.6825E+07    3  8413     184   1.0  7.54E-08  4.18E-07  1.25E-13  0.00
 3366 1.6830E+07    3  8416     184   1.0  7.54E-08  4.18E-07  4.79E-13  0.00
 3367 1.6835E+07    3  8418     184   1.0  7.51E-08  4.14E-07  1.70E-14  0.00
 3368 1.6840E+07    3  8421     184   1.0  7.48E-08  4.11E-07  3.43E-13  0.00
 3369 1.6845E+07    3  8423     184   1.0  7.48E-08  4.11E-07  4.09E-13  0.00
 3370 1.6850E+07    3  8426     184   1.0  7.48E-08  4.11E-07  1.88E-12  0.00
 3371 1.6855E+07    3  8428     184   1.0  7.48E-08  4.11E-07  3.15E-13  0.00
 3372 1.6860E+07    3  8431     184   1.0  7.47E-08  4.11E-07  1.16E-13  0.00
 3373 1.6865E+07    3  8433     184   1.0  7.52E-08  4.13E-07  3.36E-13  0.00
 3374 1.6870E+07    3  8436     184   1.0  7.53E-08  4.14E-07  9.03E-14  0.00
 3375 1.6875E+07    3  8438     184   1.0  7.52E-08  4.13E-07  4.83E-13  0.00
 3376 1.6880E+07    3  8441     184   1.0  7.52E-08  4.13E-07  3.36E-14  0.00
 3377 1.6885E+07    3  8443     184   1.0  7.52E-08  4.13E-07  3.13E-11  0.00
 3378 1.6890E+07    3  8446     184   1.0  7.52E-08  4.13E-07  5.27E-14  0.00
 3379 1.6895E+07    3  8448     184   1.0  7.52E-08  4.13E-07  8.00E-14  0.00
 3380 1.6900E+07    3  8451     184   1.0  7.52E-08  4.13E-07  3.47E-13  0.00
 3381 1.6905E+07    3  8453     184   1.0  7.52E-08  4.13E-07  1.20E-12  0.00
 3382 1.6910E+07    3  8456     184   1.0  7.52E-08  4.13E-07  1.55E-12  0.00
 3383 1.6915E+07    3  8458     184   1.0  7.52E-08  4.13E-07  1.72E-13  0.00
 3384 1.6920E+07    3  8461     184   1.0  7.52E-08  4.13E-07  1.50E-13  0.00
 3385 1.6925E+07    3  8463     184   1.0  7.52E-08  4.13E-07  2.00E-12  0.00
 3386 1.6930E+07    3  8466     184   1.0  7.52E-08  4.13E-07  1.33E-13  0.00
 3387 1.6935E+07    3  8468     184   1.0  7.52E-08  4.13E-07  3.31E-13  0.00
 3388 1.6940E+07    3  8471     184   1.0  7.52E-08  4.13E-07  6.75E-13  0.00
 3389 1.6945E+07    3  8473     184   1.0  7.52E-08  4.13E-07  1.06E-13  0.00
 3390 1.6950E+07    3  8476     184   1.0  7.51E-08  4.13E-07  8.04E-13  0.00
 3391 1.6955E+07    3  8478     184   1.0  7.51E-08  4.13E-07  4.97E-14  0.00
 3392 1.6960E+07    3  8481     184   1.0  7.51E-08  4.13E-07  7.39E-13  0.00
 3393 1.6965E+07    3  8483     184   1.0  7.51E-08  4.13E-07  2.70E-13  0.00
 3394 1.6970E+07    3  8486     184   1.0  7.51E-08  4.13E-07  4.07E-15  0.00
 3395 1.6975E+07    3  8488     184   1.0  7.51E-08  4.13E-07  1.36E-13  0.00
 3396 1.6980E+07    3  8491     184   1.0  7.51E-08  4.13E-07  6.06E-14  0.00
 3397 1.6985E+07    3  8493     184   1.0  7.51E-08  4.13E-07  9.32E-13  0.00
 3398 1.6990E+07    3  8496     184   1.0  7.51E-08  4.13E-07  1.11E-11  0.00
 3399 1.6995E+07    3  8498     184   1.0  7.51E-08  4.13E-07  5.02E-14  0.00
 3400 1.7000E+07    3  8501     184   1.0  7.51E-08  4.12E-07  9.31E-13  0.00
 3401 1.7005E+07    3  8503     184   1.0  7.51E-08  4.12E-07  7.54E-13  0.00
 3402 1.7010E+07    3  8506     184   1.0  7.51E-08  4.12E-07  9.29E-15  0.00
 3403 1.7015E+07    3  8508     184   1.0  7.51E-08  4.12E-07  4.51E-14  0.00
 3404 1.7020E+07    3  8511     184   1.0  7.50E-08  4.12E-07  7.13E-14  0.00
 3405 1.7025E+07    3  8513     184   1.0  7.50E-08  4.12E-07  9.92E-14  0.00
 3406 1.7030E+07    3  8516     184   1.0  7.50E-08  4.12E-07  5.42E-13  0.00
 3407 1.7035E+07    3  8518     184   1.0  7.50E-08  4.12E-07  3.45E-13  0.00
 3408 1.7040E+07    3  8521     184   1.0  7.50E-08  4.12E-07  2.84E-13  0.00
 3409 1.7045E+07    3  8523     184   1.0  7.50E-08  4.12E-07  7.41E-13  0.00
 3410 1.7050E+07    3  8526     184   1.0  7.50E-08  4.12E-07  2.86E-13  0.00
 3411 1.7055E+07    3  8528     184   1.0  7.50E-08  4.12E-07  1.60E-12  0.00
 3412 1.7060E+07    3  8531     184   1.0  7.50E-08  4.12E-07  1.74E-11  0.00
 3413 1.7065E+07    3  8533     184   1.0  7.50E-08  4.12E-07  6.65E-13  0.00
 3414 1.7070E+07    3  8536     184   1.0  7.50E-08  4.12E-07  1.42E-14  0.00
 3415 1.7075E+07    3  8538     184   1.0  7.50E-08  4.12E-07  6.42E-14  0.00
 3416 1.7080E+07    3  8541     184   1.0  7.50E-08  4.12E-07  2.56E-13  0.00
 3417 1.7085E+07    3  8543     184   1.0  7.50E-08  4.12E-07  4.97E-14  0.00
 3418 1.7090E+07    3  8546     184   1.0  7.50E-08  4.12E-07  8.11E-14  0.00
 3419 1.7095E+07    3  8548     184   1.0  7.49E-08  4.12E-07  3.64E-14  0.00
 3420 1.7100E+07    3  8551     184   1.0  7.49E-08  4.12E-07  1.40E-12  0.00
 3421 1.7105E+07    3  8553     184   1.0  7.49E-08  4.12E-07  5.45E-13  0.00
 3422 1.7110E+07    3  8556     184   1.0  7.49E-08  4.12E-07  2.53E-13  0.00
 3423 1.7115E+07    3  8558     184   1.0  7.49E-08  4.12E-07  1.77E-13  0.00
 3424 1.7120E+07    3  8561     184   1.0  7.49E-08  4.11E-07  2.56E-12  0.00
 3425 1.7125E+07    3  8563     184   1.0  7.49E-08  4.11E-07  4.42E-13  0.00
 3426 1.7130E+07    3  8566     184   1.0  7.49E-08  4.11E-07  3.21E-13  0.00
 3427 1.7135E+07    3  8568     184   1.0  7.49E-08  4.11E-07  3.77E-13  0.00
 3428 1.7140E+07    3  8571     184   1.0  7.49E-08  4.11E-07  1.15E-15  0.00
 3429 1.7145E+07    3  8573     184   1.0  7.49E-08  4.11E-07  4.95E-14  0.00
 3430 1.7150E+07    3  8576     184   1.0  7.49E-08  4.11E-07  5.72E-13  0.00
 3431 1.7155E+07    3  8578     184   1.0  7.49E-08  4.11E-07  7.15E-14  0.00
 3432 1.7160E+07    3  8581     184   1.0  7.49E-08  4.11E-07  3.83E-12  0.00
 3433 1.7165E+07    3  8583     184   1.0  7.48E-08  4.11E-07  1.37E-12  0.00
 3434 1.7170E+07    3  8586     184   1.0  7.48E-08  4.11E-07  6.97E-13  0.00
 3435 1.7175E+07    3  8588     184   1.0  7.48E-08  4.11E-07  8.83E-16  0.00
 3436 1.7180E+07    3  8591     184   1.0  7.48E-08  4.11E-07  4.38E-13  0.00
 3437 1.7185E+07    3  8593     184   1.0  7.48E-08  4.11E-07  8.42E-14  0.00
 3438 1.7190E+07    3  8596     184   1.0  7.48E-08  4.11E-07  3.45E-13  0.00
 3439 1.7195E+07    3  8598     184   1.0  7.48E-08  4.11E-07  6.65E-14  0.00
 3440 1.7200E+07    3  8601     184   1.0  7.48E-08  4.11E-07  1.28E-13  0.00
 3441 1.7205E+07    3  8603     184   1.0  7.48E-08  4.11E-07  1.83E-13  0.00
 3442 1.7210E+07    3  8606     184   1.0  7.48E-08  4.11E-07  1.44E-13  0.00
 3443 1.7215E+07    3  8608     184   1.0  7.48E-08  4.11E-07  6.72E-13  0.00
 3444 1.7220E+07    3  8611     184   1.0  7.48E-08  4.11E-07  5.46E-12  0.00
 3445 1.7225E+07    3  8613     184   1.0  7.48E-08  4.11E-07  7.72E-14  0.00
 3446 1.7230E+07    3  8616     184   1.0  7.48E-08  4.11E-07  2.40E-13  0.00
 3447 1.7235E+07    3  8618     184   1.0  7.47E-08  4.11E-07  8.14E-13  0.00
 3448 1.7240E+07    3  8621     184   1.0  7.47E-08  4.10E-07  7.77E-14  0.00
 3449 1.7245E+07    3  8623     184   1.0  7.47E-08  4.10E-07  2.12E-13  0.00
 3450 1.7250E+07    3  8626     184   1.0  7.47E-08  4.10E-07  2.18E-14  0.00
 3451 1.7255E+07    3  8628     184   1.0  7.47E-08  4.10E-07  2.54E-14  0.00
 3452 1.7260E+07    3  8631     184   1.0  7.47E-08  4.10E-07  5.47E-13  0.00
 3453 1.7265E+07    3  8633     184   1.0  7.47E-08  4.10E-07  5.00E-13  0.00
 3454 1.7270E+07    3  8636     184   1.0  7.47E-08  4.10E-07  7.42E-13  0.00
 3455 1.7275E+07    3  8638     184   1.0  7.47E-08  4.10E-07  1.08E-13  0.00
 3456 1.7280E+07    3  8641     184   1.0  7.47E-08  4.10E-07  2.32E-13  0.00
 3457 1.7285E+07    3  8643     184   1.0  7.47E-08  4.10E-07  1.97E-13  0.00
 3458 1.7290E+07    3  8646     184   1.0  7.47E-08  4.10E-07  9.84E-13  0.00
 3459 1.7295E+07    3  8648     184   1.0  7.47E-08  4.10E-07  3.06E-13  0.00
 3460 1.7300E+07    3  8651     184   1.0  7.47E-08  4.10E-07  2.85E-14  0.00
 3461 1.7305E+07    3  8653     184   1.0  7.46E-08  4.10E-07  2.55E-13  0.00
 3462 1.7310E+07    3  8656     184   1.0  7.46E-08  4.10E-07  5.91E-13  0.00
 3463 1.7315E+07    3  8658     184   1.0  7.46E-08  4.10E-07  4.62E-13  0.00
 3464 1.7320E+07    3  8661     184   1.0  7.46E-08  4.10E-07  1.55E-14  0.00
 3465 1.7325E+07    3  8663     184   1.0  7.46E-08  4.10E-07  6.05E-13  0.00
 3466 1.7330E+07    3  8666     184   1.0  7.46E-08  4.10E-07  6.34E-12  0.00
 3467 1.7335E+07    3  8668     184   1.0  7.46E-08  4.10E-07  8.58E-14  0.00
 3468 1.7340E+07    3  8671     184   1.0  7.46E-08  4.10E-07  3.25E-13  0.00
 3469 1.7345E+07    3  8673     184   1.0  7.46E-08  4.10E-07  1.74E-13  0.00
 3470 1.7350E+07    3  8676     184   1.0  7.46E-08  4.10E-07  4.73E-13  0.00
 3471 1.7355E+07    3  8678     184   1.0  7.46E-08  4.10E-07  1.89E-13  0.00
 3472 1.7360E+07    3  8681     184   1.0  7.46E-08  4.09E-07  1.36E-12  0.00
 3473 1.7365E+07    3  8683     184   1.0  7.46E-08  4.09E-07  1.41E-12  0.00
 3474 1.7370E+07    3  8686     184   1.0  7.46E-08  4.09E-07  2.94E-13  0.00
 3475 1.7375E+07    3  8688     184   1.0  7.45E-08  4.09E-07  3.49E-14  0.00
 3476 1.7380E+07    3  8691     184   1.0  7.45E-08  4.09E-07  3.27E-13  0.00
 3477 1.7385E+07    3  8693     184   1.0  7.45E-08  4.09E-07  3.19E-13  0.00
 3478 1.7390E+07    3  8696     184   1.0  7.45E-08  4.09E-07  1.38E-12  0.00
 3479 1.7395E+07    3  8698     184   1.0  7.45E-08  4.09E-07  3.22E-12  0.00
 3480 1.7400E+07    3  8701     184   1.0  7.45E-08  4.09E-07  2.73E-13  0.00
 3481 1.7405E+07    3  8703     184   1.0  7.45E-08  4.09E-07  5.04E-12  0.00
 3482 1.7410E+07    3  8706     184   1.0  7.45E-08  4.09E-07  5.15E-14  0.00
 3483 1.7415E+07    3  8708     184   1.0  7.45E-08  4.09E-07  8.01E-13  0.00
 3484 1.7420E+07    3  8711     184   1.0  7.45E-08  4.09E-07  6.97E-13  0.00
 3485 1.7425E+07    3  8713     184   1.0  7.45E-08  4.09E-07  5.42E-13  0.00
 3486 1.7430E+07    3  8716     184   1.0  7.45E-08  4.09E-07  1.78E-11  0.00
 3487 1.7435E+07    3  8718     184   1.0  7.45E-08  4.09E-07  7.00E-14  0.00
 3488 1.7440E+07    3  8721     184   1.0  7.45E-08  4.09E-07  1.26E-13  0.00
 3489 1.7445E+07    3  8723     184   1.0  7.45E-08  4.09E-07  5.85E-14  0.00
 3490 1.7450E+07    3  8726     184   1.0  7.44E-08  4.09E-07  1.97E-12  0.00
 3491 1.7455E+07    3  8728     184   1.0  7.44E-08  4.09E-07  6.67E-14  0.00
 3492 1.7460E+07    3  8731     184   1.0  7.44E-08  4.09E-07  6.32E-13  0.00
 3493 1.7465E+07    3  8733     184   1.0  7.44E-08  4.09E-07  1.17E-13  0.00
 3494 1.7470E+07    3  8736     184   1.0  7.44E-08  4.09E-07  9.72E-14  0.00
 3495 1.7475E+07    3  8738     183   1.0  7.44E-08  4.09E-07  4.87E-13  0.00
 3496 1.7480E+07    3  8741     183   1.0  7.44E-08  4.08E-07  5.14E-14  0.00
 3497 1.7485E+07    3  8743     183   1.0  7.44E-08  4.08E-07  8.10E-14  0.00
 3498 1.7490E+07    3  8746     183   1.0  7.44E-08  4.08E-07  1.26E-13  0.00
 3499 1.7495E+07    3  8748     183   1.0  7.44E-08  4.08E-07  4.77E-13  0.00
 3500 1.7500E+07    3  8751     183   1.0  7.44E-08  4.08E-07  6.23E-13  0.00
 3501 1.7505E+07    3  8753     183   1.0  7.44E-08  4.08E-07  1.13E-13  0.00
 3502 1.7510E+07    3  8756     183   1.0  7.44E-08  4.08E-07  6.86E-14  0.00
 3503 1.7515E+07    3  8758     183   1.0  7.44E-08  4.08E-07  4.40E-13  0.00
 3504 1.7520E+07    3  8761     183   1.0  7.43E-08  4.08E-07  3.71E-13  0.00
 3505 1.7525E+07    3  8763     183   1.0  7.43E-08  4.08E-07  1.63E-13  0.00
 3506 1.7530E+07    3  8766     183   1.0  7.43E-08  4.08E-07  9.57E-12  0.00
 3507 1.7535E+07    3  8768     183   1.0  7.43E-08  4.08E-07  3.10E-13  0.00
 3508 1.7540E+07    3  8771     183   1.0  7.43E-08  4.08E-07  1.98E-13  0.00
 3509 1.7545E+07    3  8773     183   1.0  7.43E-08  4.08E-07  8.93E-14  0.00
 3510 1.7550E+07    3  8776     183   1.0  7.43E-08  4.08E-07  1.57E-13  0.00
 3511 1.7555E+07    3  8778     183   1.0  7.43E-08  4.08E-07  1.72E-13  0.00
 3512 1.7560E+07    3  8781     183   1.0  7.43E-08  4.08E-07  4.21E-14  0.00
 3513 1.7565E+07    3  8783     183   1.0  7.43E-08  4.08E-07  6.11E-14  0.00
 3514 1.7570E+07    3  8786     183   1.0  7.43E-08  4.08E-07  5.30E-13  0.00
 3515 1.7575E+07    3  8788     183   1.0  7.43E-08  4.08E-07  5.52E-13  0.00
 3516 1.7580E+07    3  8791     183   1.0  7.43E-08  4.08E-07  2.50E-14  0.00
 3517 1.7585E+07    3  8793     183   1.0  7.43E-08  4.08E-07  3.39E-13  0.00
 3518 1.7590E+07    3  8796     183   1.0  7.42E-08  4.08E-07  2.62E-13  0.00
 3519 1.7595E+07    3  8798     183   1.0  7.42E-08  4.08E-07  6.55E-13  0.00
 3520 1.7600E+07    3  8801     183   1.0  7.42E-08  4.07E-07  7.52E-13  0.00
 3521 1.7605E+07    3  8803     183   1.0  7.42E-08  4.07E-07  1.18E-12  0.00
 3522 1.7610E+07    3  8806     183   1.0  7.42E-08  4.07E-07  3.30E-13  0.00
 3523 1.7615E+07    3  8808     183   1.0  7.42E-08  4.07E-07  3.51E-15  0.00
 3524 1.7620E+07    3  8811     183   1.0  7.42E-08  4.07E-07  5.19E-13  0.00
 3525 1.7625E+07    3  8813     183   1.0  7.42E-08  4.07E-07  1.21E-13  0.00
 3526 1.7630E+07    3  8816     183   1.0  7.42E-08  4.07E-07  1.18E-13  0.00
 3527 1.7635E+07    3  8818     183   1.0  7.42E-08  4.07E-07  2.48E-13  0.00
 3528 1.7640E+07    3  8821     183   1.0  7.42E-08  4.07E-07  8.44E-14  0.00
 3529 1.7645E+07    3  8823     183   1.0  7.42E-08  4.07E-07  2.59E-13  0.00
 3530 1.7650E+07    3  8826     183   1.0  7.42E-08  4.07E-07  1.92E-13  0.00
 3531 1.7655E+07    3  8828     183   1.0  7.42E-08  4.07E-07  1.06E-13  0.00
 3532 1.7660E+07    3  8831     183   1.0  7.41E-08  4.07E-07  6.72E-14  0.00
 3533 1.7665E+07    3  8833     183   1.0  7.41E-08  4.07E-07  3.56E-14  0.00
 3534 1.7670E+07    3  8836     183   1.0  7.41E-08  4.07E-07  1.11E-11  0.00
 3535 1.7675E+07    3  8838     183   1.0  7.41E-08  4.07E-07  8.75E-14  0.00
 3536 1.7680E+07    3  8841     183   1.0  7.41E-08  4.07E-07  6.92E-14  0.00
 3537 1.7685E+07    3  8843     183   1.0  7.41E-08  4.07E-07  2.88E-13  0.00
 3538 1.7690E+07    3  8846     183   1.0  7.41E-08  4.07E-07  1.40E-13  0.00
 3539 1.7695E+07    3  8848     183   1.0  7.41E-08  4.07E-07  1.43E-13  0.00
 3540 1.7700E+07    3  8851     183   1.0  7.41E-08  4.07E-07  7.06E-14  0.00
 3541 1.7705E+07    3  8853     183   1.0  7.41E-08  4.07E-07  2.14E-12  0.00
 3542 1.7710E+07    3  8856     183   1.0  7.41E-08  4.07E-07  2.94E-14  0.00
 3543 1.7715E+07    3  8858     183   1.0  7.41E-08  4.07E-07  6.12E-13  0.00
 3544 1.7720E+07    3  8861     183   1.0  7.41E-08  4.06E-07  3.43E-12  0.00
 3545 1.7725E+07    3  8863     183   1.0  7.41E-08  4.06E-07  1.03E-14  0.00
 3546 1.7730E+07    3  8866     183   1.0  7.40E-08  4.06E-07  9.20E-14  0.00
 3547 1.7735E+07    3  8868     183   1.0  7.40E-08  4.06E-07  3.36E-14  0.00
 3548 1.7740E+07    3  8871     183   1.0  7.40E-08  4.06E-07  1.05E-13  0.00
 3549 1.7745E+07    3  8873     183   1.0  7.40E-08  4.06E-07  6.64E-13  0.00
 3550 1.7750E+07    3  8876     183   1.0  7.40E-08  4.06E-07  6.46E-13  0.00
 3551 1.7755E+07    3  8878     183   1.0  7.40E-08  4.06E-07  8.39E-13  0.00
 3552 1.7760E+07    3  8881     183   1.0  7.40E-08  4.06E-07  1.51E-12  0.00
 3553 1.7765E+07    3  8883     183   1.0  7.40E-08  4.06E-07  1.08E-12  0.00
 3554 1.7770E+07    3  8886     183   1.0  7.40E-08  4.06E-07  5.18E-13  0.00
 3555 1.7775E+07    3  8888     183   1.0  7.40E-08  4.06E-07  1.27E-12  0.00
 3556 1.7780E+07    3  8891     183   1.0  7.40E-08  4.06E-07  1.38E-12  0.00
 3557 1.7785E+07    3  8893     183   1.0  7.40E-08  4.06E-07  1.41E-13  0.00
 3558 1.7790E+07    3  8896     183   1.0  7.40E-08  4.06E-07  1.66E-14  0.00
 3559 1.7795E+07    3  8898     183   1.0  7.40E-08  4.06E-07  2.14E-14  0.00
 3560 1.7800E+07    3  8901     183   1.0  7.39E-08  4.06E-07  2.56E-13  0.00
 3561 1.7805E+07    3  8903     183   1.0  7.39E-08  4.06E-07  2.02E-13  0.00
 3562 1.7810E+07    3  8906     183   1.0  7.39E-08  4.06E-07  2.68E-13  0.00
 3563 1.7815E+07    3  8908     183   1.0  7.39E-08  4.06E-07  1.42E-13  0.00
 3564 1.7820E+07    3  8911     183   1.0  7.39E-08  4.06E-07  5.26E-15  0.00
 3565 1.7825E+07    3  8913     183   1.0  7.39E-08  4.06E-07  2.11E-13  0.00
 3566 1.7830E+07    3  8916     183   1.0  7.40E-08  4.06E-07  1.41E-12  0.00
 3567 1.7835E+07    3  8918     183   1.0  7.39E-08  4.06E-07  2.21E-12  0.00
 3568 1.7840E+07    3  8921     183   1.0  7.39E-08  4.05E-07  3.19E-13  0.00
 3569 1.7845E+07    3  8923     183   1.0  7.39E-08  4.05E-07  8.40E-14  0.00
 3570 1.7850E+07    3  8926     183   1.0  7.39E-08  4.05E-07  1.78E-13  0.00
 3571 1.7855E+07    3  8928     183   1.0  7.39E-08  4.05E-07  3.35E-12  0.00
 3572 1.7860E+07    3  8931     183   1.0  7.39E-08  4.05E-07  1.32E-13  0.00
 3573 1.7865E+07    3  8933     183   1.0  7.38E-08  4.05E-07  5.03E-13  0.00
 3574 1.7870E+07    3  8936     183   1.0  7.38E-08  4.05E-07  3.65E-13  0.00
 3575 1.7875E+07    3  8938     183   1.0  7.38E-08  4.05E-07  4.04E-12  0.00
 3576 1.7880E+07    3  8941     183   1.0  7.38E-08  4.05E-07  1.12E-13  0.00
 3577 1.7885E+07    3  8943     183   1.0  7.38E-08  4.05E-07  7.06E-14  0.00
 3578 1.7890E+07    3  8946     183   1.0  7.38E-08  4.05E-07  8.89E-13  0.00
 3579 1.7895E+07    3  8948     183   1.0  7.38E-08  4.05E-07  7.14E-14  0.00
 3580 1.7900E+07    3  8951     183   1.0  7.38E-08  4.05E-07  4.56E-12  0.00
 3581 1.7905E+07    3  8953     183   1.0  7.38E-08  4.05E-07  1.37E-12  0.00
 3582 1.7910E+07    3  8956     183   1.0  7.38E-08  4.05E-07  2.61E-12  0.00
 3583 1.7915E+07    3  8958     183   1.0  7.38E-08  4.05E-07  1.44E-13  0.00
 3584 1.7920E+07    3  8961     183   1.0  7.38E-08  4.05E-07  2.62E-13  0.00
 3585 1.7925E+07    3  8963     183   1.0  7.38E-08  4.05E-07  5.17E-13  0.00
 3586 1.7930E+07    3  8966     183   1.0  7.38E-08  4.05E-07  3.18E-14  0.00
 3587 1.7935E+07    3  8968     183   1.0  7.37E-08  4.05E-07  1.55E-13  0.00
 3588 1.7940E+07    3  8971     183   1.0  7.37E-08  4.05E-07  1.20E-13  0.00
 3589 1.7945E+07    3  8973     183   1.0  7.37E-08  4.05E-07  6.82E-13  0.00
 3590 1.7950E+07    3  8976     183   1.0  7.37E-08  4.05E-07  2.13E-13  0.00
 3591 1.7955E+07    3  8978     183   1.0  7.37E-08  4.04E-07  6.76E-11  0.00
 3592 1.7960E+07    3  8981     183   1.0  7.37E-08  4.04E-07  6.22E-14  0.00
 3593 1.7965E+07    3  8983     183   1.0  7.37E-08  4.04E-07  1.03E-13  0.00
 3594 1.7970E+07    3  8986     183   1.0  7.37E-08  4.04E-07  2.32E-14  0.00
 3595 1.7975E+07    3  8988     183   1.0  7.37E-08  4.04E-07  1.20E-13  0.00
 3596 1.7980E+07    3  8991     183   1.0  7.37E-08  4.04E-07  2.17E-11  0.00
 3597 1.7985E+07    3  8993     183   1.0  7.37E-08  4.04E-07  6.48E-14  0.00
 3598 1.7990E+07    3  8996     183   1.0  7.37E-08  4.04E-07  2.69E-13  0.00
 3599 1.7995E+07    3  8998     183   1.0  7.37E-08  4.04E-07  7.88E-13  0.00
 3600 1.8000E+07    3  9001     183   1.0  7.37E-08  4.04E-07  1.27E-11  0.00
 3601 1.8005E+07    3  9003     183   1.0  7.36E-08  4.04E-07  1.07E-13  0.00
 3602 1.8010E+07    3  9006     183   1.0  7.36E-08  4.04E-07  1.13E-13  0.00
 3603 1.8015E+07    3  9008     183   1.0  7.36E-08  4.04E-07  1.88E-12  0.00
 3604 1.8020E+07    3  9011     183   1.0  7.36E-08  4.04E-07  5.36E-13  0.00
 3605 1.8025E+07    3  9013     183   1.0  7.36E-08  4.04E-07  2.51E-12  0.00
 3606 1.8030E+07    3  9016     183   1.0  7.36E-08  4.04E-07  2.94E-12  0.00
 3607 1.8035E+07    3  9018     183   1.0  7.36E-08  4.04E-07  4.41E-14  0.00
 3608 1.8040E+07    3  9021     183   1.0  7.36E-08  4.04E-07  6.08E-11  0.00
 3609 1.8045E+07    3  9023     183   1.0  7.36E-08  4.04E-07  9.47E-14  0.00
 3610 1.8050E+07    3  9026     183   1.0  7.36E-08  4.04E-07  8.23E-12  0.00
 3611 1.8055E+07    3  9028     183   1.0  7.36E-08  4.04E-07  6.02E-14  0.00
 3612 1.8060E+07    3  9031     183   1.0  7.36E-08  4.04E-07  4.92E-13  0.00
 3613 1.8065E+07    3  9033     183   1.0  7.36E-08  4.04E-07  5.11E-13  0.00
 3614 1.8070E+07    3  9036     183   1.0  7.36E-08  4.04E-07  2.48E-14  0.00
 3615 1.8075E+07    3  9038     183   1.0  7.35E-08  4.03E-07  1.96E-13  0.00
 3616 1.8080E+07    3  9041     183   1.0  7.35E-08  4.03E-07  2.78E-11  0.00
 3617 1.8085E+07    3  9043     183   1.0  7.35E-08  4.03E-07  8.45E-13  0.00
 3618 1.8090E+07    3  9046     183   1.0  7.35E-08  4.03E-07  1.11E-12  0.00
 3619 1.8095E+07    3  9048     183   1.0  7.35E-08  4.03E-07  1.01E-11  0.00
 3620 1.8100E+07    3  9051     183   1.0  7.35E-08  4.03E-07  1.43E-11  0.00
 3621 1.8105E+07    3  9053     183   1.0  7.35E-08  4.03E-07  8.73E-14  0.00
 3622 1.8110E+07    3  9056     183   1.0  7.35E-08  4.03E-07  1.85E-13  0.00
 3623 1.8115E+07    3  9058     183   1.0  7.35E-08  4.03E-07  5.94E-13  0.00
 3624 1.8120E+07    3  9061     183   1.0  7.35E-08  4.03E-07  1.36E-12  0.00
 3625 1.8125E+07    3  9063     183   1.0  7.35E-08  4.03E-07  4.28E-13  0.00
 3626 1.8130E+07    3  9066     183   1.0  7.35E-08  4.03E-07  5.40E-13  0.00
 3627 1.8135E+07    3  9068     183   1.0  7.35E-08  4.03E-07  3.04E-13  0.00
 3628 1.8140E+07    3  9071     183   1.0  7.35E-08  4.03E-07  1.38E-13  0.00
 3629 1.8145E+07    3  9073     183   1.0  7.34E-08  4.03E-07  6.56E-13  0.00
 3630 1.8150E+07    3  9076     183   1.0  7.34E-08  4.03E-07  1.25E-13  0.00
 3631 1.8155E+07    3  9078     183   1.0  7.34E-08  4.03E-07  1.34E-13  0.00
 3632 1.8160E+07    3  9081     183   1.0  7.34E-08  4.03E-07  8.70E-11  0.00
 3633 1.8165E+07    3  9083     183   1.0  7.34E-08  4.03E-07  5.62E-14  0.00
 3634 1.8170E+07    3  9086     183   1.0  7.34E-08  4.03E-07  5.29E-14  0.00
 3635 1.8175E+07    3  9088     183   1.0  7.34E-08  4.03E-07  4.54E-13  0.00
 3636 1.8180E+07    3  9091     183   1.0  7.34E-08  4.03E-07  4.33E-13  0.00
 3637 1.8185E+07    3  9093     183   1.0  7.34E-08  4.03E-07  7.05E-13  0.00
 3638 1.8190E+07    3  9096     183   1.0  7.34E-08  4.02E-07  3.59E-13  0.00
 3639 1.8195E+07    3  9098     183   1.0  7.34E-08  4.02E-07  1.79E-12  0.00
 3640 1.8200E+07    3  9101     183   1.0  7.34E-08  4.02E-07  7.15E-14  0.00
 3641 1.8205E+07    3  9103     183   1.0  7.34E-08  4.02E-07  1.51E-12  0.00
 3642 1.8210E+07    3  9106     183   1.0  7.34E-08  4.02E-07  9.17E-15  0.00
 3643 1.8215E+07    3  9108     183   1.0  7.33E-08  4.02E-07  6.11E-13  0.00
 3644 1.8220E+07    3  9111     183   1.0  7.33E-08  4.02E-07  4.10E-15  0.00
 3645 1.8225E+07    3  9113     183   1.0  7.33E-08  4.02E-07  9.14E-14  0.00
 3646 1.8230E+07    3  9116     183   1.0  7.33E-08  4.02E-07  2.47E-13  0.00
 3647 1.8235E+07    3  9118     183   1.0  7.33E-08  4.02E-07  2.48E-13  0.00
 3648 1.8240E+07    3  9121     183   1.0  7.33E-08  4.02E-07  2.77E-13  0.00
 3649 1.8245E+07    3  9123     183   1.0  7.33E-08  4.02E-07  3.67E-12  0.00
 3650 1.8250E+07    3  9126     183   1.0  7.33E-08  4.02E-07  7.57E-12  0.00
 3651 1.8255E+07    3  9128     183   1.0  7.33E-08  4.02E-07  1.76E-12  0.00
 3652 1.8260E+07    3  9131     183   1.0  7.33E-08  4.02E-07  2.28E-12  0.00
 3653 1.8265E+07    3  9133     183   1.0  7.33E-08  4.02E-07  8.38E-14  0.00
 3654 1.8270E+07    3  9136     183   1.0  7.33E-08  4.02E-07  1.10E-12  0.00
 3655 1.8275E+07    3  9138     183   1.0  7.33E-08  4.02E-07  6.93E-13  0.00
 3656 1.8280E+07    3  9141     184   1.0  7.32E-08  4.02E-07  1.06E-12  0.00
 3657 1.8285E+07    3  9143     184   1.0  7.32E-08  4.02E-07  1.34E-13  0.00
 3658 1.8290E+07    3  9146     184   1.0  7.32E-08  4.02E-07  3.82E-14  0.00
 3659 1.8295E+07    3  9148     184   1.0  7.32E-08  4.02E-07  7.29E-14  0.00
 3660 1.8300E+07    3  9151     184   1.0  7.32E-08  4.02E-07  3.01E-10  0.00
 3661 1.8305E+07    3  9153     184   1.0  7.32E-08  4.02E-07  1.65E-14  0.00
 3662 1.8310E+07    3  9156     184   1.0  7.32E-08  4.01E-07  3.30E-13  0.00
 3663 1.8315E+07    3  9158     184   1.0  7.32E-08  4.01E-07  3.46E-13  0.00
 3664 1.8320E+07    3  9161     184   1.0  7.32E-08  4.01E-07  6.53E-14  0.00
 3665 1.8325E+07    3  9163     184   1.0  7.32E-08  4.01E-07  4.29E-13  0.00
 3666 1.8330E+07    3  9166     184   1.0  7.32E-08  4.01E-07  5.44E-14  0.00
 3667 1.8335E+07    3  9168     184   1.0  7.32E-08  4.01E-07  8.96E-13  0.00
 3668 1.8340E+07    3  9171     184   1.0  7.32E-08  4.01E-07  1.21E-12  0.00
 3669 1.8345E+07    3  9173     184   1.0  7.32E-08  4.01E-07  6.86E-12  0.00
 3670 1.8350E+07    3  9176     184   1.0  7.31E-08  4.01E-07  2.14E-13  0.00
 3671 1.8355E+07    3  9178     184   1.0  7.31E-08  4.01E-07  1.33E-13  0.00
 3672 1.8360E+07    3  9181     184   1.0  7.31E-08  4.01E-07  1.05E-13  0.00
 3673 1.8365E+07    3  9183     184   1.0  7.31E-08  4.01E-07  4.31E-14  0.00
 3674 1.8370E+07    3  9186     184   1.0  7.31E-08  4.01E-07  3.45E-13  0.00
 3675 1.8375E+07    3  9188     184   1.0  7.31E-08  4.01E-07  6.39E-13  0.00
 3676 1.8380E+07    3  9191     184   1.0  7.31E-08  4.01E-07  2.16E-13  0.00
 3677 1.8385E+07    3  9193     184   1.0  7.31E-08  4.01E-07  3.83E-15  0.00
 3678 1.8390E+07    3  9196     184   1.0  7.31E-08  4.01E-07  6.04E-14  0.00
 3679 1.8395E+07    3  9198     184   1.0  7.31E-08  4.01E-07  2.13E-13  0.00
 3680 1.8400E+07    3  9201     184   1.0  7.31E-08  4.01E-07  4.65E-13  0.00
 3681 1.8405E+07    3  9203     184   1.0  7.31E-08  4.01E-07  6.43E-13  0.00
 3682 1.8410E+07    3  9206     184   1.0  7.31E-08  4.01E-07  1.67E-12  0.00
 3683 1.8415E+07    3  9208     184   1.0  7.31E-08  4.01E-07  1.13E-13  0.00
 3684 1.8420E+07    3  9211     184   1.0  7.30E-08  4.01E-07  1.67E-12  0.00
 3685 1.8425E+07    3  9213     184   1.0  7.30E-08  4.00E-07  5.36E-14  0.00
 3686 1.8430E+07    3  9216     184   1.0  7.30E-08  4.00E-07  2.44E-13  0.00
 3687 1.8435E+07    3  9218     184   1.0  7.30E-08  4.00E-07  5.56E-13  0.00
 3688 1.8440E+07    3  9221     184   1.0  7.30E-08  4.00E-07  1.83E-13  0.00
 3689 1.8445E+07    3  9223     184   1.0  7.30E-08  4.00E-07  1.94E-13  0.00
 3690 1.8450E+07    3  9226     184   1.0  7.30E-08  4.00E-07  3.50E-14  0.00
 3691 1.8455E+07    3  9228     184   1.0  7.30E-08  4.00E-07  3.96E-13  0.00
 3692 1.8460E+07    3  9231     184   1.0  7.30E-08  4.00E-07  5.79E-14  0.00
 3693 1.8465E+07    3  9233     184   1.0  7.30E-08  4.00E-07  1.53E-13  0.00
 3694 1.8470E+07    3  9236     184   1.0  7.30E-08  4.00E-07  2.87E-14  0.00
 3695 1.8475E+07    3  9238     184   1.0  7.30E-08  4.00E-07  5.37E-14  0.00
 3696 1.8480E+07    3  9241     184   1.0  7.30E-08  4.00E-07  1.69E-12  0.00
 3697 1.8485E+07    3  9243     184   1.0  7.29E-08  4.00E-07  4.99E-13  0.00
 3698 1.8490E+07    3  9246     184   1.0  7.29E-08  4.00E-07  4.08E-13  0.00
 3699 1.8495E+07    3  9248     184   1.0  7.29E-08  4.00E-07  7.34E-13  0.00
 3700 1.8500E+07    3  9251     184   1.0  7.29E-08  4.00E-07  1.50E-11  0.00
 3701 1.8505E+07    3  9253     184   1.0  7.29E-08  4.00E-07  1.09E-13  0.00
 3702 1.8510E+07    3  9256     184   1.0  7.29E-08  4.00E-07  3.83E-13  0.00
 3703 1.8515E+07    3  9258     184   1.0  7.29E-08  4.00E-07  2.15E-14  0.00
 3704 1.8520E+07    3  9261     184   1.0  7.29E-08  4.00E-07  3.97E-13  0.00
 3705 1.8525E+07    3  9263     184   1.0  7.29E-08  4.00E-07  8.81E-14  0.00
 3706 1.8530E+07    3  9266     184   1.0  7.29E-08  4.00E-07  3.15E-13  0.00
 3707 1.8535E+07    3  9268     184   1.0  7.29E-08  4.00E-07  2.78E-13  0.00
 3708 1.8540E+07    3  9271     184   1.0  7.29E-08  4.00E-07  4.23E-13  0.00
 3709 1.8545E+07    3  9273     184   1.0  7.29E-08  3.99E-07  1.56E-13  0.00
 3710 1.8550E+07    3  9276     184   1.0  7.29E-08  3.99E-07  8.48E-14  0.00
 3711 1.8555E+07    3  9278     184   1.0  7.28E-08  3.99E-07  1.24E-12  0.00
 3712 1.8560E+07    3  9281     184   1.0  7.28E-08  3.99E-07  1.39E-13  0.00
 3713 1.8565E+07    3  9283     184   1.0  7.28E-08  3.99E-07  5.16E-14  0.00
 3714 1.8570E+07    3  9286     184   1.0  7.28E-08  3.99E-07  4.49E-13  0.00
 3715 1.8575E+07    3  9288     184   1.0  7.28E-08  3.99E-07  5.82E-14  0.00
 3716 1.8580E+07    3  9291     184   1.0  7.28E-08  3.99E-07  5.81E-13  0.00
 3717 1.8585E+07    3  9293     184   1.0  7.28E-08  3.99E-07  1.84E-13  0.00
 3718 1.8590E+07    3  9296     184   1.0  7.30E-08  3.99E-07  4.42E-12  0.00
 3719 1.8595E+07    3  9298     184   1.0  7.28E-08  3.99E-07  1.11E-11  0.00
 3720 1.8600E+07    3  9301     184   1.0  7.28E-08  3.99E-07  2.69E-13  0.00
 3721 1.8605E+07    3  9303     184   1.0  7.28E-08  3.99E-07  6.36E-14  0.00
 3722 1.8610E+07    3  9306     184   1.0  7.28E-08  3.99E-07  2.62E-13  0.00
 3723 1.8615E+07    3  9308     184   1.0  7.28E-08  3.99E-07  8.29E-13  0.00
 3724 1.8620E+07    3  9311     184   1.0  7.27E-08  3.99E-07  1.30E-13  0.00
 3725 1.8625E+07    3  9313     184   1.0  7.27E-08  3.99E-07  4.57E-13  0.00
 3726 1.8630E+07    3  9316     184   1.0  7.27E-08  3.99E-07  8.63E-14  0.00
 3727 1.8635E+07    3  9318     184   1.0  7.27E-08  3.99E-07  8.67E-14  0.00
 3728 1.8640E+07    3  9321     184   1.0  7.27E-08  3.99E-07  1.77E-13  0.00
 3729 1.8645E+07    3  9323     184   1.0  7.27E-08  3.99E-07  4.09E-13  0.00
 3730 1.8650E+07    3  9326     184   1.0  7.27E-08  3.99E-07  2.50E-13  0.00
 3731 1.8655E+07    3  9328     184   1.0  7.27E-08  3.99E-07  8.05E-14  0.00
 3732 1.8660E+07    3  9331     184   1.0  7.27E-08  3.98E-07  6.13E-14  0.00
 3733 1.8665E+07    3  9333     184   1.0  7.27E-08  3.98E-07  1.79E-13  0.00
 3734 1.8670E+07    3  9336     184   1.0  7.27E-08  3.98E-07  2.93E-13  0.00
 3735 1.8675E+07    3  9338     184   1.0  7.27E-08  3.98E-07  4.38E-13  0.00
 3736 1.8680E+07    3  9341     184   1.0  7.27E-08  3.98E-07  5.67E-13  0.00
 3737 1.8685E+07    3  9343     184   1.0  7.27E-08  3.98E-07  2.61E-13  0.00
 3738 1.8690E+07    3  9346     184   1.0  7.26E-08  3.98E-07  8.02E-14  0.00
 3739 1.8695E+07    3  9348     184   1.0  7.26E-08  3.98E-07  5.81E-13  0.00
 3740 1.8700E+07    3  9351     184   1.0  7.26E-08  3.98E-07  2.65E-14  0.00
 3741 1.8705E+07    3  9353     184   1.0  7.26E-08  3.98E-07  9.28E-12  0.00
 3742 1.8710E+07    3  9356     184   1.0  7.26E-08  3.98E-07  1.89E-13  0.00
 3743 1.8715E+07    3  9358     184   1.0  7.26E-08  3.98E-07  5.36E-13  0.00
 3744 1.8720E+07    3  9361     184   1.0  7.26E-08  3.98E-07  7.40E-14  0.00
 3745 1.8725E+07    3  9363     184   1.0  7.26E-08  3.98E-07  4.41E-12  0.00
 3746 1.8730E+07    3  9366     184   1.0  7.26E-08  3.98E-07  5.93E-13  0.00
 3747 1.8735E+07    3  9368     184   1.0  7.26E-08  3.98E-07  3.47E-14  0.00
 3748 1.8740E+07    3  9371     184   1.0  7.26E-08  3.98E-07  1.84E-13  0.00
 3749 1.8745E+07    3  9373     184   1.0  7.26E-08  3.98E-07  4.94E-12  0.00
 3750 1.8750E+07    3  9376     184   1.0  7.26E-08  3.98E-07  3.32E-12  0.00
 3751 1.8755E+07    3  9378     184   1.0  7.26E-08  3.98E-07  5.85E-13  0.00
 3752 1.8760E+07    3  9381     184   1.0  7.25E-08  3.98E-07  5.49E-14  0.00
 3753 1.8765E+07    3  9383     184   1.0  7.25E-08  3.98E-07  3.18E-13  0.00
 3754 1.8770E+07    3  9386     184   1.0  7.25E-08  3.98E-07  4.78E-13  0.00
 3755 1.8775E+07    3  9388     184   1.0  7.25E-08  3.97E-07  8.39E-14  0.00
 3756 1.8780E+07    3  9391     184   1.0  7.25E-08  3.97E-07  7.34E-13  0.00
 3757 1.8785E+07    3  9393     184   1.0  7.25E-08  3.97E-07  7.29E-12  0.00
 3758 1.8790E+07    3  9396     184   1.0  7.25E-08  3.97E-07  1.73E-14  0.00
 3759 1.8795E+07    3  9398     184   1.0  7.25E-08  3.97E-07  1.23E-11  0.00
 3760 1.8800E+07    3  9401     184   1.0  7.25E-08  3.97E-07  5.02E-13  0.00
 3761 1.8805E+07    3  9403     184   1.0  7.25E-08  3.97E-07  3.29E-13  0.00
 3762 1.8810E+07    3  9406     184   1.0  7.25E-08  3.97E-07  3.21E-15  0.00
 3763 1.8815E+07    3  9408     184   1.0  7.25E-08  3.97E-07  3.12E-15  0.00
 3764 1.8820E+07    3  9411     184   1.0  7.25E-08  3.97E-07  4.68E-15  0.00
 3765 1.8825E+07    3  9413     184   1.0  7.24E-08  3.97E-07  3.58E-13  0.00
 3766 1.8830E+07    3  9416     184   1.0  7.24E-08  3.97E-07  9.38E-12  0.00
 3767 1.8835E+07    3  9418     184   1.0  7.24E-08  3.97E-07  5.88E-13  0.00
 3768 1.8840E+07    3  9421     184   1.0  7.24E-08  3.97E-07  5.55E-15  0.00
 3769 1.8845E+07    3  9423     184   1.0  7.24E-08  3.97E-07  1.79E-13  0.00
 3770 1.8850E+07    3  9426     184   1.0  7.24E-08  3.97E-07  3.19E-13  0.00
 3771 1.8855E+07    3  9428     184   1.0  7.24E-08  3.97E-07  4.92E-12  0.00
 3772 1.8860E+07    3  9431     184   1.0  7.24E-08  3.97E-07  1.25E-12  0.00
 3773 1.8865E+07    3  9433     184   1.0  7.24E-08  3.97E-07  3.59E-13  0.00
 3774 1.8870E+07    3  9436     184   1.0  7.24E-08  3.97E-07  2.39E-14  0.00
 3775 1.8875E+07    3  9438     184   1.0  7.24E-08  3.97E-07  1.69E-13  0.00
 3776 1.8880E+07    3  9441     184   1.0  7.24E-08  3.97E-07  1.66E-12  0.00
 3777 1.8885E+07    3  9443     184   1.0  7.24E-08  3.97E-07  2.44E-13  0.00
 3778 1.8890E+07    3  9446     184   1.0  7.24E-08  3.96E-07  5.07E-13  0.00
 3779 1.8895E+07    3  9448     184   1.0  7.23E-08  3.96E-07  1.15E-13  0.00
 3780 1.8900E+07    3  9451     184   1.0  7.23E-08  3.96E-07  8.95E-13  0.00
 3781 1.8905E+07    3  9453     184   1.0  7.23E-08  3.96E-07  5.06E-14  0.00
 3782 1.8910E+07    3  9456     184   1.0  7.23E-08  3.96E-07  7.17E-13  0.00
 3783 1.8915E+07    3  9458     184   1.0  7.23E-08  3.96E-07  3.41E-13  0.00
 3784 1.8920E+07    3  9461     184   1.0  7.23E-08  3.96E-07  4.95E-14  0.00
 3785 1.8925E+07    3  9463     184   1.0  7.23E-08  3.96E-07  1.10E-12  0.00
 3786 1.8930E+07    3  9466     184   1.0  7.23E-08  3.96E-07  1.90E-11  0.00
 3787 1.8935E+07    3  9468     184   1.0  7.23E-08  3.96E-07  5.98E-14  0.00
 3788 1.8940E+07    3  9471     184   1.0  7.23E-08  3.96E-07  6.59E-14  0.00
 3789 1.8945E+07    3  9473     184   1.0  7.23E-08  3.96E-07  1.14E-13  0.00
 3790 1.8950E+07    3  9476     184   1.0  7.23E-08  3.96E-07  1.58E-12  0.00
 3791 1.8955E+07    3  9478     184   1.0  7.23E-08  3.96E-07  3.48E-14  0.00
 3792 1.8960E+07    3  9481     184   1.0  7.22E-08  3.96E-07  1.75E-13  0.00
 3793 1.8965E+07    3  9483     184   1.0  7.22E-08  3.96E-07  1.31E-14  0.00
 3794 1.8970E+07    3  9486     184   1.0  7.22E-08  3.96E-07  2.25E-13  0.00
 3795 1.8975E+07    3  9488     184   1.0  7.22E-08  3.96E-07  1.03E-12  0.00
 3796 1.8980E+07    3  9491     184   1.0  7.22E-08  3.96E-07  2.26E-13  0.00
 3797 1.8985E+07    3  9493     184   1.0  7.22E-08  3.96E-07  2.63E-13  0.00
 3798 1.8990E+07    3  9496     184   1.0  7.22E-08  3.96E-07  1.85E-14  0.00
 3799 1.8995E+07    3  9498     184   1.0  7.22E-08  3.96E-07  2.40E-11  0.00
 3800 1.9000E+07    3  9501     184   1.0  7.22E-08  3.96E-07  2.82E-14  0.00
 3801 1.9005E+07    3  9503     184   1.0  7.22E-08  3.96E-07  3.47E-14  0.00
 3802 1.9010E+07    3  9506     184   1.0  7.22E-08  3.95E-07  7.05E-14  0.00
 3803 1.9015E+07    3  9508     184   1.0  7.22E-08  3.95E-07  1.57E-12  0.00
 3804 1.9020E+07    3  9511     184   1.0  7.22E-08  3.95E-07  3.10E-13  0.00
 3805 1.9025E+07    3  9513     184   1.0  7.22E-08  3.95E-07  2.47E-13  0.00
 3806 1.9030E+07    3  9516     184   1.0  7.21E-08  3.95E-07  2.58E-12  0.00
 3807 1.9035E+07    3  9518     184   1.0  7.21E-08  3.95E-07  3.47E-13  0.00
 3808 1.9040E+07    3  9521     184   1.0  7.21E-08  3.95E-07  4.49E-14  0.00
 3809 1.9045E+07    3  9523     184   1.0  7.21E-08  3.95E-07  1.80E-13  0.00
 3810 1.9050E+07    3  9526     184   1.0  7.21E-08  3.95E-07  3.34E-13  0.00
 3811 1.9055E+07    3  9528     184   1.0  7.21E-08  3.95E-07  1.47E-12  0.00
 3812 1.9060E+07    3  9531     184   1.0  7.21E-08  3.95E-07  1.29E-13  0.00
 3813 1.9065E+07    3  9533     184   1.0  7.21E-08  3.95E-07  6.41E-13  0.00
 3814 1.9070E+07    3  9536     184   1.0  7.21E-08  3.95E-07  1.54E-13  0.00
 3815 1.9075E+07    3  9538     184   1.0  7.21E-08  3.95E-07  2.06E-13  0.00
 3816 1.9080E+07    3  9541     184   1.0  7.21E-08  3.95E-07  4.49E-14  0.00
 3817 1.9085E+07    3  9543     184   1.0  7.21E-08  3.95E-07  7.46E-13  0.00
 3818 1.9090E+07    3  9546     184   1.0  7.21E-08  3.95E-07  1.45E-13  0.00
 3819 1.9095E+07    3  9548     184   1.0  7.20E-08  3.95E-07  1.11E-13  0.00
 3820 1.9100E+07    3  9551     184   1.0  7.21E-08  3.95E-07  5.92E-13  0.00
 3821 1.9105E+07    3  9553     184   1.0  7.20E-08  3.95E-07  4.15E-13  0.00
 3822 1.9110E+07    3  9556     184   1.0  7.20E-08  3.95E-07  7.15E-12  0.00
 3823 1.9115E+07    3  9558     184   1.0  7.20E-08  3.95E-07  2.31E-12  0.00
 3824 1.9120E+07    3  9561     184   1.0  7.20E-08  3.95E-07  5.16E-13  0.00
 3825 1.9125E+07    3  9563     184   1.0  7.20E-08  3.94E-07  3.02E-13  0.00
 3826 1.9130E+07    3  9566     184   1.0  7.20E-08  3.94E-07  3.66E-14  0.00
 3827 1.9135E+07    3  9568     184   1.0  7.20E-08  3.94E-07  6.19E-13  0.00
 3828 1.9140E+07    3  9571     184   1.0  7.20E-08  3.94E-07  3.41E-13  0.00
 3829 1.9145E+07    3  9573     184   1.0  7.20E-08  3.94E-07  9.08E-13  0.00
 3830 1.9150E+07    3  9576     184   1.0  7.20E-08  3.94E-07  7.16E-12  0.00
 3831 1.9155E+07    3  9578     184   1.0  7.20E-08  3.94E-07  1.76E-13  0.00
 3832 1.9160E+07    3  9581     184   1.0  7.20E-08  3.94E-07  5.78E-14  0.00
 3833 1.9165E+07    3  9583     184   1.0  7.19E-08  3.94E-07  3.10E-12  0.00
 3834 1.9170E+07    3  9586     184   1.0  7.19E-08  3.94E-07  3.00E-14  0.00
 3835 1.9175E+07    3  9588     184   1.0  7.19E-08  3.94E-07  5.20E-13  0.00
 3836 1.9180E+07    3  9591     184   1.0  7.19E-08  3.94E-07  1.55E-12  0.00
 3837 1.9185E+07    3  9593     184   1.0  7.19E-08  3.94E-07  6.94E-13  0.00
 3838 1.9190E+07    3  9596     184   1.0  7.19E-08  3.94E-07  9.90E-14  0.00
 3839 1.9195E+07    3  9598     184   1.0  7.19E-08  3.94E-07  2.12E-12  0.00
 3840 1.9200E+07    3  9601     184   1.0  7.19E-08  3.94E-07  6.07E-12  0.00
 3841 1.9205E+07    3  9603     184   1.0  7.19E-08  3.94E-07  4.93E-13  0.00
 3842 1.9210E+07    3  9606     184   1.0  7.19E-08  3.94E-07  2.20E-12  0.00
 3843 1.9215E+07    3  9608     184   1.0  7.19E-08  3.94E-07  2.74E-12  0.00
 3844 1.9220E+07    3  9611     184   1.0  7.19E-08  3.94E-07  1.48E-14  0.00
 3845 1.9225E+07    3  9613     184   1.0  7.19E-08  3.94E-07  8.99E-13  0.00
 3846 1.9230E+07    3  9616     184   1.0  7.18E-08  3.94E-07  4.04E-13  0.00
 3847 1.9235E+07    3  9618     184   1.0  7.18E-08  3.94E-07  1.15E-13  0.00
 3848 1.9240E+07    3  9621     184   1.0  7.18E-08  3.93E-07  1.47E-13  0.00
 3849 1.9245E+07    3  9623     184   1.0  7.18E-08  3.93E-07  6.12E-13  0.00
 3850 1.9250E+07    3  9626     184   1.0  7.18E-08  3.93E-07  4.67E-12  0.00
 3851 1.9255E+07    3  9628     184   1.0  7.18E-08  3.93E-07  2.47E-13  0.00
 3852 1.9260E+07    3  9631     184   1.0  7.18E-08  3.93E-07  1.77E-13  0.00
 3853 1.9265E+07    3  9633     184   1.0  7.18E-08  3.93E-07  4.24E-13  0.00
 3854 1.9270E+07    3  9636     184   1.0  7.18E-08  3.93E-07  2.17E-14  0.00
 3855 1.9275E+07    3  9638     184   1.0  7.18E-08  3.93E-07  1.99E-14  0.00
 3856 1.9280E+07    3  9641     184   1.0  7.18E-08  3.93E-07  2.25E-13  0.00
 3857 1.9285E+07    3  9643     184   1.0  7.18E-08  3.93E-07  3.49E-14  0.00
 3858 1.9290E+07    3  9646     184   1.0  7.18E-08  3.93E-07  4.81E-13  0.00
 3859 1.9295E+07    3  9648     184   1.0  7.17E-08  3.93E-07  1.47E-13  0.00
 3860 1.9300E+07    3  9651     184   1.0  7.17E-08  3.93E-07  7.50E-13  0.00
 3861 1.9305E+07    3  9653     184   1.0  7.17E-08  3.93E-07  3.37E-13  0.00
 3862 1.9310E+07    3  9656     184   1.0  7.17E-08  3.93E-07  2.19E-13  0.00
 3863 1.9315E+07    3  9658     184   1.0  7.17E-08  3.93E-07  1.73E-13  0.00
 3864 1.9320E+07    3  9661     184   1.0  7.17E-08  3.93E-07  3.00E-13  0.00
 3865 1.9325E+07    3  9663     184   1.0  7.17E-08  3.93E-07  3.54E-13  0.00
 3866 1.9330E+07    3  9666     184   1.0  7.17E-08  3.93E-07  1.61E-12  0.00
 3867 1.9335E+07    3  9668     184   1.0  7.17E-08  3.93E-07  5.83E-13  0.00
 3868 1.9340E+07    3  9671     184   1.0  7.17E-08  3.93E-07  3.99E-12  0.00
 3869 1.9345E+07    3  9673     184   1.0  7.17E-08  3.93E-07  6.00E-13  0.00
 3870 1.9350E+07    3  9676     184   1.0  7.17E-08  3.93E-07  1.29E-13  0.00
 3871 1.9355E+07    3  9678     184   1.0  7.17E-08  3.92E-07  1.05E-12  0.00
 3872 1.9360E+07    3  9681     184   1.0  7.16E-08  3.92E-07  1.98E-10  0.00
 3873 1.9365E+07    3  9683     184   1.0  7.16E-08  3.92E-07  5.66E-13  0.00
 3874 1.9370E+07    3  9686     184   1.0  7.16E-08  3.92E-07  7.15E-14  0.00
 3875 1.9375E+07    3  9688     184   1.0  7.16E-08  3.92E-07  1.57E-11  0.00
 3876 1.9380E+07    3  9691     184   1.0  7.16E-08  3.92E-07  6.08E-14  0.00
 3877 1.9385E+07    3  9693     184   1.0  7.16E-08  3.92E-07  6.64E-14  0.00
 3878 1.9390E+07    3  9696     184   1.0  7.16E-08  3.92E-07  4.04E-14  0.00
 3879 1.9395E+07    3  9698     184   1.0  7.16E-08  3.92E-07  1.07E-13  0.00
 3880 1.9400E+07    3  9701     184   1.0  7.16E-08  3.92E-07  7.56E-13  0.00
 3881 1.9405E+07    3  9703     184   1.0  7.16E-08  3.92E-07  3.10E-14  0.00
 3882 1.9410E+07    3  9706     184   1.0  7.16E-08  3.92E-07  1.18E-12  0.00
 3883 1.9415E+07    3  9708     184   1.0  7.16E-08  3.92E-07  2.46E-13  0.00
 3884 1.9420E+07    3  9711     184   1.0  7.16E-08  3.92E-07  7.56E-14  0.00
 3885 1.9425E+07    3  9713     184   1.0  7.16E-08  3.92E-07  7.37E-14  0.00
 3886 1.9430E+07    3  9716     184   1.0  7.15E-08  3.92E-07  1.02E-13  0.00
 3887 1.9435E+07    3  9718     184   1.0  7.15E-08  3.92E-07  2.22E-11  0.00
 3888 1.9440E+07    3  9721     184   1.0  7.15E-08  3.92E-07  4.28E-13  0.00
 3889 1.9445E+07    3  9723     184   1.0  7.16E-08  3.92E-07  8.25E-13  0.00
 3890 1.9450E+07    3  9726     184   1.0  7.15E-08  3.92E-07  5.57E-13  0.00
 3891 1.9455E+07    3  9728     184   1.0  7.15E-08  3.92E-07  3.97E-13  0.00
 3892 1.9460E+07    3  9731     184   1.0  7.15E-08  3.92E-07  2.39E-13  0.00
 3893 1.9465E+07    3  9733     184   1.0  7.15E-08  3.92E-07  1.10E-12  0.00
 3894 1.9470E+07    3  9736     184   1.0  7.15E-08  3.91E-07  9.84E-13  0.00
 3895 1.9475E+07    3  9738     184   1.0  7.15E-08  3.91E-07  6.88E-13  0.00
 3896 1.9480E+07    3  9741     184   1.0  7.15E-08  3.91E-07  2.52E-12  0.00
 3897 1.9485E+07    3  9743     184   1.0  7.15E-08  3.91E-07  4.67E-13  0.00
 3898 1.9490E+07    3  9746     184   1.0  7.15E-08  3.91E-07  1.27E-12  0.00
 3899 1.9495E+07    3  9748     184   1.0  7.14E-08  3.91E-07  3.42E-13  0.00
 3900 1.9500E+07    3  9751     184   1.0  7.14E-08  3.91E-07  4.57E-13  0.00
 3901 1.9505E+07    3  9753     184   1.0  7.14E-08  3.91E-07  2.56E-12  0.00
 3902 1.9510E+07    3  9756     184   1.0  7.14E-08  3.91E-07  6.53E-13  0.00
 3903 1.9515E+07    3  9758     184   1.0  7.14E-08  3.91E-07  1.88E-14  0.00
 3904 1.9520E+07    3  9761     184   1.0  7.14E-08  3.91E-07  6.88E-13  0.00
 3905 1.9525E+07    3  9763     184   1.0  7.14E-08  3.91E-07  2.93E-13  0.00
 3906 1.9530E+07    3  9766     184   1.0  7.14E-08  3.91E-07  6.82E-13  0.00
 3907 1.9535E+07    3  9768     184   1.0  7.14E-08  3.91E-07  7.15E-14  0.00
 3908 1.9540E+07    3  9771     183   1.0  7.14E-08  3.91E-07  9.21E-14  0.00
 3909 1.9545E+07    3  9773     183   1.0  7.14E-08  3.91E-07  2.27E-12  0.00
 3910 1.9550E+07    3  9776     183   1.0  7.14E-08  3.91E-07  1.32E-12  0.00
 3911 1.9555E+07    3  9778     183   1.0  7.14E-08  3.91E-07  8.77E-14  0.00
 3912 1.9560E+07    3  9781     183   1.0  7.13E-08  3.91E-07  2.55E-13  0.00
 3913 1.9565E+07    3  9783     183   1.0  7.13E-08  3.91E-07  4.89E-14  0.00
 3914 1.9570E+07    3  9786     183   1.0  7.13E-08  3.91E-07  5.62E-13  0.00
 3915 1.9575E+07    3  9788     183   1.0  7.13E-08  3.91E-07  1.09E-13  0.00
 3916 1.9580E+07    3  9791     183   1.0  7.13E-08  3.91E-07  2.23E-13  0.00
 3917 1.9585E+07    3  9793     183   1.0  7.13E-08  3.90E-07  1.34E-13  0.00
 3918 1.9590E+07    3  9796     183   1.0  7.13E-08  3.90E-07  3.37E-14  0.00
 3919 1.9595E+07    3  9798     183   1.0  7.13E-08  3.90E-07  5.81E-12  0.00
 3920 1.9600E+07    3  9801     183   1.0  7.13E-08  3.90E-07  3.97E-12  0.00
 3921 1.9605E+07    3  9803     183   1.0  7.13E-08  3.90E-07  5.83E-13  0.00
 3922 1.9610E+07    3  9806     183   1.0  7.13E-08  3.90E-07  2.95E-13  0.00
 3923 1.9615E+07    3  9808     183   1.0  7.13E-08  3.90E-07  8.69E-12  0.00
 3924 1.9620E+07    3  9811     183   1.0  7.13E-08  3.90E-07  4.34E-13  0.00
 3925 1.9625E+07    3  9813     183   1.0  7.13E-08  3.90E-07  3.84E-12  0.00
 3926 1.9630E+07    3  9816     183   1.0  7.12E-08  3.90E-07  8.70E-13  0.00
 3927 1.9635E+07    3  9818     183   1.0  6.19E-08  3.21E-07  3.02E-13  0.00
 3928 1.9640E+07    3  9821     183   1.0  5.19E-08  2.55E-07  1.73E-13  0.00
 3929 1.9645E+07    3  9823     183   1.0  5.19E-08  2.55E-07  3.56E-13  0.00
 3930 1.9650E+07    3  9826     183   1.0  5.19E-08  2.55E-07  2.84E-13  0.00
 3931 1.9655E+07    3  9828     183   1.0  5.19E-08  2.55E-07  5.12E-12  0.00
 3932 1.9660E+07    3  9831     183   1.0  5.19E-08  2.55E-07  5.40E-13  0.00
 3933 1.9665E+07    3  9833     183   1.0  5.19E-08  2.55E-07  4.33E-14  0.00
 3934 1.9670E+07    3  9836     183   1.0  5.19E-08  2.55E-07  1.41E-13  0.00
 3935 1.9675E+07    3  9838     183   1.0  5.19E-08  2.55E-07  3.62E-13  0.00
 3936 1.9680E+07    3  9841     183   1.0  5.19E-08  2.55E-07  3.95E-13  0.00
 3937 1.9685E+07    3  9843     183   1.0  5.19E-08  2.55E-07  3.16E-13  0.00
 3938 1.9690E+07    3  9846     183   1.0  5.19E-08  2.55E-07  6.63E-12  0.00
 3939 1.9695E+07    3  9848     183   1.0  5.19E-08  2.55E-07  2.61E-13  0.00
 3940 1.9700E+07    3  9851     183   1.0  5.19E-08  2.55E-07  1.19E-12  0.00
 3941 1.9705E+07    3  9853     183   1.0  5.19E-08  2.55E-07  7.42E-14  0.00
 3942 1.9710E+07    3  9856     183   1.0  5.19E-08  2.54E-07  2.74E-13  0.00
 3943 1.9715E+07    3  9858     183   1.0  5.19E-08  2.54E-07  4.18E-14  0.00
 3944 1.9720E+07    3  9861     183   1.0  5.19E-08  2.54E-07  3.14E-13  0.00
 3945 1.9725E+07    3  9863     183   1.0  5.19E-08  2.54E-07  1.71E-13  0.00
 3946 1.9730E+07    3  9866     183   1.0  5.19E-08  2.54E-07  1.06E-11  0.00
 3947 1.9735E+07    3  9868     183   1.0  5.18E-08  2.54E-07  1.10E-13  0.00
 3948 1.9740E+07    3  9871     183   1.0  5.18E-08  2.54E-07  3.26E-14  0.00
 3949 1.9745E+07    3  9873     183   1.0  5.18E-08  2.54E-07  8.15E-13  0.00
 3950 1.9750E+07    3  9876     183   1.0  5.18E-08  2.54E-07  5.88E-13  0.00
 3951 1.9755E+07    3  9878     183   1.0  5.18E-08  2.54E-07  4.37E-13  0.00
 3952 1.9760E+07    3  9881     183   1.0  5.18E-08  2.54E-07  7.16E-14  0.00
 3953 1.9765E+07    3  9883     183   1.0  5.18E-08  2.54E-07  2.87E-13  0.00
 3954 1.9770E+07    3  9886     183   1.0  5.18E-08  2.54E-07  7.90E-12  0.00
 3955 1.9775E+07    3  9888     183   1.0  5.18E-08  2.54E-07  6.62E-14  0.00
 3956 1.9780E+07    3  9891     183   1.0  5.18E-08  2.54E-07  1.03E-11  0.00
 3957 1.9785E+07    3  9893     183   1.0  5.18E-08  2.54E-07  1.93E-14  0.00
 3958 1.9790E+07    3  9896     183   1.0  5.18E-08  2.54E-07  1.18E-11  0.00
 3959 1.9795E+07    3  9898     183   1.0  5.18E-08  2.54E-07  3.47E-13  0.00
 3960 1.9800E+07    3  9901     183   1.0  5.18E-08  2.54E-07  1.14E-11  0.00
 3961 1.9805E+07    3  9903     183   1.0  5.18E-08  2.54E-07  3.28E-13  0.00
 3962 1.9810E+07    3  9906     183   1.0  5.18E-08  2.54E-07  2.85E-12  0.00
 3963 1.9815E+07    3  9908     183   1.0  5.18E-08  2.54E-07  2.12E-13  0.00
 3964 1.9820E+07    3  9911     183   1.0  5.18E-08  2.54E-07  2.77E-12  0.00
 3965 1.9825E+07    3  9913     183   1.0  5.18E-08  2.54E-07  1.21E-13  0.00
 3966 1.9830E+07    3  9916     183   1.0  5.17E-08  2.54E-07  2.51E-12  0.00
 3967 1.9835E+07    3  9918     183   1.0  5.17E-08  2.54E-07  1.93E-12  0.00
 3968 1.9840E+07    3  9921     183   1.0  5.17E-08  2.54E-07  2.75E-13  0.00
 3969 1.9845E+07    3  9923     183   1.0  5.17E-08  2.54E-07  1.28E-13  0.00
 3970 1.9850E+07    3  9926     183   1.0  5.17E-08  2.54E-07  1.60E-14  0.00
 3971 1.9855E+07    3  9928     183   1.0  5.17E-08  2.54E-07  4.61E-14  0.00
 3972 1.9860E+07    3  9931     183   1.0  5.17E-08  2.54E-07  4.21E-14  0.00
 3973 1.9865E+07    3  9933     183   1.0  5.17E-08  2.54E-07  9.38E-13  0.00
 3974 1.9870E+07    3  9936     183   1.0  5.17E-08  2.54E-07  3.32E-13  0.00
 3975 1.9875E+07    3  9938     183   1.0  5.17E-08  2.54E-07  4.31E-13  0.00
 3976 1.9880E+07    3  9941     183   1.0  5.17E-08  2.54E-07  1.77E-12  0.00
 3977 1.9885E+07    3  9943     183   1.0  5.17E-08  2.54E-07  2.45E-13  0.00
 3978 1.9890E+07    3  9946     183   1.0  5.17E-08  2.54E-07  4.99E-12  0.00
 3979 1.9895E+07    3  9948     183   1.0  5.17E-08  2.54E-07  1.14E-14  0.00
 3980 1.9900E+07    3  9951     183   1.0  5.17E-08  2.53E-07  1.49E-12  0.00
 3981 1.9905E+07    3  9953     183   1.0  5.17E-08  2.53E-07  3.01E-12  0.00
 3982 1.9910E+07    3  9956     183   1.0  5.17E-08  2.53E-07  1.23E-12  0.00
 3983 1.9915E+07    3  9958     183   1.0  5.17E-08  2.53E-07  3.36E-14  0.00
 3984 1.9920E+07    3  9961     183   1.0  5.17E-08  2.53E-07  1.22E-13  0.00
 3985 1.9925E+07    3  9963     183   1.0  5.16E-08  2.53E-07  5.45E-13  0.00
 3986 1.9930E+07    3  9966     183   1.0  5.16E-08  2.53E-07  8.88E-13  0.00
 3987 1.9935E+07    3  9968     183   1.0  5.16E-08  2.53E-07  1.28E-15  0.00
 3988 1.9940E+07    3  9971     183   1.0  5.16E-08  2.53E-07  1.80E-12  0.00
 3989 1.9945E+07    3  9973     183   1.0  5.16E-08  2.53E-07  1.97E-13  0.00
 3990 1.9950E+07    3  9976     183   1.0  5.16E-08  2.53E-07  4.64E-13  0.00
 3991 1.9955E+07    3  9978     183   1.0  5.16E-08  2.53E-07  4.13E-12  0.00
 3992 1.9960E+07    3  9981     183   1.0  5.16E-08  2.53E-07  1.45E-12  0.00
 3993 1.9965E+07    3  9983     183   1.0  5.16E-08  2.53E-07  1.01E-14  0.00
 3994 1.9970E+07    3  9986     183   1.0  5.16E-08  2.53E-07  2.49E-13  0.00
 3995 1.9975E+07    3  9988     183   1.0  5.16E-08  2.53E-07  2.39E-13  0.00
 3996 1.9980E+07    3  9991     183   1.0  5.16E-08  2.53E-07  2.82E-13  0.00
 3997 1.9985E+07    3  9993     183   1.0  5.16E-08  2.53E-07  3.32E-14  0.00
 3998 1.9990E+07    3  9996     183   1.0  5.16E-08  2.53E-07  1.72E-13  0.00
 3999 1.9995E+07    3  9998     183   1.0  5.16E-08  2.53E-07  2.88E-13  0.00
 4000 2.0000E+07    3 10001     183   1.0  5.16E-08  2.53E-07  5.62E-13  0.00
 4001 2.0005E+07    3 10003     183   1.0  5.16E-08  2.53E-07  1.13E-14  0.00
 4002 2.0010E+07    3 10006     183   1.0  5.16E-08  2.53E-07  1.05E-13  0.00
 4003 2.0015E+07    3 10008     183   1.0  5.16E-08  2.53E-07  6.58E-13  0.00
 4004 2.0020E+07    3 10011     183   1.0  5.15E-08  2.53E-07  2.55E-13  0.00
 4005 2.0025E+07    3 10013     183   1.0  5.15E-08  2.53E-07  6.56E-12  0.00
 4006 2.0030E+07    3 10016     183   1.0  5.15E-08  2.53E-07  3.10E-13  0.00
 4007 2.0035E+07    3 10018     183   1.0  5.15E-08  2.53E-07  9.41E-14  0.00
 4008 2.0040E+07    3 10021     183   1.0  5.15E-08  2.53E-07  3.64E-12  0.00
 4009 2.0045E+07    3 10023     183   1.0  5.15E-08  2.53E-07  2.38E-13  0.00
 4010 2.0050E+07    3 10026     183   1.0  5.16E-08  2.53E-07  5.03E-13  0.00
 4011 2.0055E+07    3 10028     183   1.0  5.15E-08  2.53E-07  3.91E-13  0.00
 4012 2.0060E+07    3 10031     183   1.0  5.15E-08  2.53E-07  4.87E-15  0.00
 4013 2.0065E+07    3 10033     183   1.0  5.15E-08  2.53E-07  2.51E-13  0.00
 4014 2.0070E+07    3 10036     183   1.0  5.15E-08  2.53E-07  5.02E-13  0.00
 4015 2.0075E+07    3 10038     183   1.0  5.15E-08  2.53E-07  1.01E-12  0.00
 4016 2.0080E+07    3 10041     183   1.0  5.15E-08  2.53E-07  3.42E-15  0.00
 4017 2.0085E+07    3 10043     183   1.0  5.15E-08  2.53E-07  6.50E-13  0.00
 4018 2.0090E+07    3 10046     183   1.0  5.15E-08  2.52E-07  6.90E-14  0.00
 4019 2.0095E+07    3 10048     183   1.0  5.15E-08  2.52E-07  2.66E-13  0.00
 4020 2.0100E+07    3 10051     183   1.0  5.15E-08  2.52E-07  7.80E-14  0.00
 4021 2.0105E+07    3 10053     183   1.0  5.15E-08  2.52E-07  3.04E-12  0.00
 4022 2.0110E+07    3 10056     183   1.0  5.15E-08  2.52E-07  3.14E-13  0.00
 4023 2.0115E+07    3 10058     183   1.0  5.14E-08  2.52E-07  2.38E-12  0.00
 4024 2.0120E+07    3 10061     183   1.0  5.14E-08  2.52E-07  5.34E-13  0.00
 4025 2.0125E+07    3 10063     183   1.0  5.14E-08  2.52E-07  6.47E-14  0.00
 4026 2.0130E+07    3 10066     183   1.0  5.14E-08  2.52E-07  4.58E-13  0.00
 4027 2.0135E+07    3 10068     183   1.0  5.14E-08  2.52E-07  5.22E-14  0.00
 4028 2.0140E+07    3 10071     183   1.0  5.14E-08  2.52E-07  4.25E-12  0.00
 4029 2.0145E+07    3 10073     183   1.0  5.14E-08  2.52E-07  1.97E-12  0.00
 4030 2.0150E+07    3 10076     183   1.0  5.14E-08  2.52E-07  3.83E-13  0.00
 4031 2.0155E+07    3 10078     183   1.0  5.14E-08  2.52E-07  2.29E-13  0.00
 4032 2.0160E+07    3 10081     183   1.0  5.14E-08  2.52E-07  3.41E-13  0.00
 4033 2.0165E+07    3 10083     183   1.0  5.14E-08  2.52E-07  1.40E-13  0.00
 4034 2.0170E+07    3 10086     183   1.0  5.14E-08  2.52E-07  4.86E-13  0.00
 4035 2.0175E+07    3 10088     183   1.0  5.14E-08  2.52E-07  3.50E-13  0.00
 4036 2.0180E+07    3 10091     183   1.0  5.14E-08  2.52E-07  2.60E-13  0.00
 4037 2.0185E+07    3 10093     183   1.0  5.14E-08  2.52E-07  9.78E-13  0.00
 4038 2.0190E+07    3 10096     183   1.0  5.14E-08  2.52E-07  5.30E-14  0.00
 4039 2.0195E+07    3 10098     183   1.0  5.14E-08  2.52E-07  6.41E-14  0.00
 4040 2.0200E+07    3 10101     183   1.0  5.14E-08  2.52E-07  1.03E-12  0.00
 4041 2.0205E+07    3 10103     183   1.0  5.14E-08  2.52E-07  2.89E-13  0.00
 4042 2.0210E+07    3 10106     183   1.0  5.13E-08  2.52E-07  1.66E-12  0.00
 4043 2.0215E+07    3 10108     183   1.0  5.13E-08  2.52E-07  1.27E-11  0.00
 4044 2.0220E+07    3 10111     183   1.0  5.13E-08  2.52E-07  1.28E-13  0.00
 4045 2.0225E+07    3 10113     183   1.0  5.13E-08  2.52E-07  3.31E-13  0.00
 4046 2.0230E+07    3 10116     183   1.0  5.13E-08  2.52E-07  2.04E-13  0.00
 4047 2.0235E+07    3 10118     183   1.0  5.13E-08  2.52E-07  8.78E-13  0.00
 4048 2.0240E+07    3 10121     183   1.0  5.13E-08  2.52E-07  1.35E-12  0.00
 4049 2.0245E+07    3 10123     183   1.0  5.13E-08  2.52E-07  1.88E-12  0.00
 4050 2.0250E+07    3 10126     183   1.0  5.13E-08  2.52E-07  1.42E-13  0.00
 4051 2.0255E+07    3 10128     183   1.0  5.13E-08  2.52E-07  7.07E-13  0.00
 4052 2.0260E+07    3 10131     183   1.0  5.13E-08  2.52E-07  1.50E-13  0.00
 4053 2.0265E+07    3 10133     183   1.0  5.13E-08  2.52E-07  9.01E-14  0.00
 4054 2.0270E+07    3 10136     183   1.0  5.13E-08  2.52E-07  3.29E-13  0.00
 4055 2.0275E+07    3 10138     183   1.0  5.13E-08  2.52E-07  1.28E-12  0.00
 4056 2.0280E+07    3 10141     183   1.0  5.13E-08  2.52E-07  1.10E-14  0.00
 4057 2.0285E+07    3 10143     183   1.0  5.13E-08  2.51E-07  1.96E-12  0.00
 4058 2.0290E+07    3 10146     183   1.0  5.13E-08  2.51E-07  2.17E-13  0.00
 4059 2.0295E+07    3 10148     183   1.0  5.13E-08  2.51E-07  2.40E-13  0.00
 4060 2.0300E+07    3 10151     183   1.0  5.13E-08  2.51E-07  2.56E-13  0.00
 4061 2.0305E+07    3 10153     183   1.0  5.12E-08  2.51E-07  2.94E-11  0.00
 4062 2.0310E+07    3 10156     183   1.0  5.12E-08  2.51E-07  1.94E-13  0.00
 4063 2.0315E+07    3 10158     183   1.0  5.12E-08  2.51E-07  2.09E-12  0.00
 4064 2.0320E+07    3 10161     183   1.0  5.12E-08  2.51E-07  2.34E-13  0.00
 4065 2.0325E+07    3 10163     183   1.0  5.12E-08  2.51E-07  7.86E-13  0.00
 4066 2.0330E+07    3 10166     183   1.0  5.12E-08  2.51E-07  2.00E-13  0.00
 4067 2.0335E+07    3 10168     183   1.0  5.12E-08  2.51E-07  9.72E-13  0.00
 4068 2.0340E+07    3 10171     183   1.0  5.12E-08  2.51E-07  2.59E-13  0.00
 4069 2.0345E+07    3 10173     183   1.0  5.12E-08  2.51E-07  2.70E-13  0.00
 4070 2.0350E+07    3 10176     183   1.0  5.12E-08  2.51E-07  5.18E-13  0.00
 4071 2.0355E+07    3 10178     183   1.0  5.12E-08  2.51E-07  1.04E-13  0.00
 4072 2.0360E+07    3 10181     183   1.0  5.12E-08  2.51E-07  6.10E-14  0.00
 4073 2.0365E+07    3 10183     183   1.0  5.12E-08  2.51E-07  2.26E-12  0.00
 4074 2.0370E+07    3 10186     183   1.0  5.12E-08  2.51E-07  1.21E-13  0.00
 4075 2.0375E+07    3 10188     183   1.0  5.12E-08  2.51E-07  1.22E-12  0.00
 4076 2.0380E+07    3 10191     183   1.0  5.12E-08  2.51E-07  9.68E-13  0.00
 4077 2.0385E+07    3 10193     183   1.0  5.12E-08  2.51E-07  1.93E-13  0.00
 4078 2.0390E+07    3 10196     183   1.0  5.12E-08  2.51E-07  9.35E-14  0.00
 4079 2.0395E+07    3 10198     183   1.0  5.11E-08  2.51E-07  8.60E-14  0.00
 4080 2.0400E+07    3 10201     183   1.0  5.11E-08  2.51E-07  6.97E-13  0.00
 4081 2.0405E+07    3 10203     183   1.0  5.11E-08  2.51E-07  4.80E-13  0.00
 4082 2.0410E+07    3 10206     183   1.0  5.11E-08  2.51E-07  7.42E-13  0.00
 4083 2.0415E+07    3 10208     183   1.0  5.11E-08  2.51E-07  5.71E-11  0.00
 4084 2.0420E+07    3 10211     183   1.0  5.11E-08  2.51E-07  2.66E-13  0.00
 4085 2.0425E+07    3 10213     183   1.0  5.11E-08  2.51E-07  2.83E-13  0.00
 4086 2.0430E+07    3 10216     183   1.0  5.11E-08  2.51E-07  1.22E-13  0.00
 4087 2.0435E+07    3 10218     183   1.0  5.11E-08  2.51E-07  1.38E-13  0.00
 4088 2.0440E+07    3 10221     183   1.0  5.11E-08  2.51E-07  4.43E-14  0.00
 4089 2.0445E+07    3 10223     183   1.0  5.11E-08  2.51E-07  2.45E-13  0.00
 4090 2.0450E+07    3 10226     183   1.0  5.11E-08  2.51E-07  3.01E-13  0.00
 4091 2.0455E+07    3 10228     183   1.0  5.11E-08  2.51E-07  2.34E-13  0.00
 4092 2.0460E+07    3 10231     183   1.0  5.11E-08  2.51E-07  6.96E-12  0.00
 4093 2.0465E+07    3 10233     183   1.0  5.11E-08  2.51E-07  4.45E-13  0.00
 4094 2.0470E+07    3 10236     183   1.0  5.11E-08  2.51E-07  3.60E-13  0.00
 4095 2.0475E+07    3 10238     183   1.0  5.11E-08  2.50E-07  1.00E-14  0.00
 4096 2.0480E+07    3 10241     183   1.0  5.11E-08  2.50E-07  2.66E-13  0.00
 4097 2.0485E+07    3 10243     183   1.0  5.11E-08  2.50E-07  1.13E-13  0.00
 4098 2.0490E+07    3 10246     183   1.0  5.10E-08  2.50E-07  3.46E-11  0.00
 4099 2.0495E+07    3 10248     183   1.0  5.10E-08  2.50E-07  1.27E-13  0.00
 4100 2.0500E+07    3 10251     183   1.0  5.10E-08  2.50E-07  2.10E-13  0.00
 4101 2.0505E+07    3 10253     183   1.0  5.10E-08  2.50E-07  4.27E-12  0.00
 4102 2.0510E+07    3 10256     183   1.0  5.10E-08  2.50E-07  5.26E-14  0.00
 4103 2.0515E+07    3 10258     183   1.0  5.10E-08  2.50E-07  8.01E-14  0.00
 4104 2.0520E+07    3 10261     183   1.0  5.10E-08  2.50E-07  1.05E-14  0.00
 4105 2.0525E+07    3 10263     183   1.0  5.10E-08  2.50E-07  2.46E-13  0.00
 4106 2.0530E+07    3 10266     183   1.0  5.10E-08  2.50E-07  1.78E-13  0.00
 4107 2.0535E+07    3 10268     183   1.0  5.10E-08  2.50E-07  1.46E-13  0.00
 4108 2.0540E+07    3 10271     183   1.0  5.10E-08  2.50E-07  1.27E-13  0.00
 4109 2.0545E+07    3 10273     183   1.0  5.10E-08  2.50E-07  8.41E-14  0.00
 4110 2.0550E+07    3 10276     183   1.0  5.10E-08  2.50E-07  4.27E-13  0.00
 4111 2.0555E+07    3 10278     183   1.0  5.10E-08  2.50E-07  6.72E-12  0.00
 4112 2.0560E+07    3 10281     183   1.0  5.10E-08  2.50E-07  7.71E-14  0.00
 4113 2.0565E+07    3 10283     183   1.0  5.10E-08  2.50E-07  2.70E-12  0.00
 4114 2.0570E+07    3 10286     183   1.0  5.10E-08  2.50E-07  3.69E-14  0.00
 4115 2.0575E+07    3 10288     183   1.0  5.10E-08  2.50E-07  1.90E-11  0.00
 4116 2.0580E+07    3 10291     183   1.0  5.10E-08  2.50E-07  1.20E-14  0.00
 4117 2.0585E+07    3 10293     183   1.0  5.09E-08  2.50E-07  9.83E-12  0.00
 4118 2.0590E+07    3 10296     183   1.0  5.09E-08  2.50E-07  3.63E-12  0.00
 4119 2.0595E+07    3 10298     183   1.0  5.09E-08  2.50E-07  1.00E-13  0.00
 4120 2.0600E+07    3 10301     183   1.0  5.09E-08  2.50E-07  9.08E-15  0.00
 4121 2.0605E+07    3 10303     183   1.0  5.09E-08  2.50E-07  1.16E-13  0.00
 4122 2.0610E+07    3 10306     183   1.0  5.09E-08  2.50E-07  5.90E-13  0.00
 4123 2.0615E+07    3 10308     183   1.0  5.09E-08  2.50E-07  5.64E-13  0.00
 4124 2.0620E+07    3 10311     183   1.0  5.09E-08  2.50E-07  7.38E-13  0.00
 4125 2.0625E+07    3 10313     183   1.0  5.09E-08  2.50E-07  6.87E-13  0.00
 4126 2.0630E+07    3 10316     183   1.0  5.09E-08  2.50E-07  6.76E-13  0.00
 4127 2.0635E+07    3 10318     183   1.0  5.09E-08  2.50E-07  1.27E-12  0.00
 4128 2.0640E+07    3 10321     183   1.0  5.09E-08  2.50E-07  1.69E-13  0.00
 4129 2.0645E+07    3 10323     183   1.0  5.09E-08  2.50E-07  3.37E-13  0.00
 4130 2.0650E+07    3 10326     183   1.0  5.09E-08  2.50E-07  1.23E-13  0.00
 4131 2.0655E+07    3 10328     183   1.0  5.09E-08  2.50E-07  1.39E-12  0.00
 4132 2.0660E+07    3 10331     183   1.0  5.09E-08  2.50E-07  3.64E-12  0.00
 4133 2.0665E+07    3 10333     183   1.0  5.09E-08  2.49E-07  1.57E-13  0.00
 4134 2.0670E+07    3 10336     183   1.0  5.09E-08  2.49E-07  2.88E-13  0.00
 4135 2.0675E+07    3 10338     183   1.0  5.09E-08  2.49E-07  9.41E-15  0.00
 4136 2.0680E+07    3 10341     183   1.0  5.08E-08  2.49E-07  2.63E-14  0.00
 4137 2.0685E+07    3 10343     183   1.0  5.08E-08  2.49E-07  5.62E-14  0.00
 4138 2.0690E+07    3 10346     183   1.0  5.08E-08  2.49E-07  1.58E-13  0.00
 4139 2.0695E+07    3 10348     183   1.0  5.08E-08  2.49E-07  1.26E-12  0.00
 4140 2.0700E+07    3 10351     183   1.0  5.08E-08  2.49E-07  1.40E-13  0.00
 4141 2.0705E+07    3 10353     183   1.0  5.08E-08  2.49E-07  7.22E-13  0.00
 4142 2.0710E+07    3 10356     183   1.0  5.08E-08  2.49E-07  4.25E-13  0.00
 4143 2.0715E+07    3 10358     183   1.0  5.08E-08  2.49E-07  2.65E-13  0.00
 4144 2.0720E+07    3 10361     183   1.0  5.08E-08  2.49E-07  4.43E-13  0.00
 4145 2.0725E+07    3 10363     183   1.0  5.08E-08  2.49E-07  2.70E-13  0.00
 4146 2.0730E+07    3 10366     183   1.0  5.08E-08  2.49E-07  4.14E-12  0.00
 4147 2.0735E+07    3 10368     183   1.0  5.08E-08  2.49E-07  1.17E-13  0.00
 4148 2.0740E+07    3 10371     183   1.0  5.08E-08  2.49E-07  3.37E-13  0.00
 4149 2.0745E+07    3 10373     183   1.0  5.08E-08  2.49E-07  2.96E-14  0.00
 4150 2.0750E+07    3 10376     183   1.0  5.08E-08  2.49E-07  7.67E-13  0.00
 4151 2.0755E+07    3 10378     183   1.0  5.08E-08  2.49E-07  3.35E-13  0.00
 4152 2.0760E+07    3 10381     183   1.0  5.08E-08  2.49E-07  1.42E-13  0.00
 4153 2.0765E+07    3 10383     183   1.0  5.08E-08  2.49E-07  9.57E-14  0.00
 4154 2.0770E+07    3 10386     183   1.0  5.08E-08  2.49E-07  1.15E-13  0.00
 4155 2.0775E+07    3 10388     183   1.0  5.07E-08  2.49E-07  1.27E-13  0.00
 4156 2.0780E+07    3 10391     183   1.0  5.07E-08  2.49E-07  3.30E-13  0.00
 4157 2.0785E+07    3 10393     183   1.0  5.07E-08  2.49E-07  7.70E-13  0.00
 4158 2.0790E+07    3 10396     183   1.0  5.07E-08  2.49E-07  1.12E-13  0.00
 4159 2.0795E+07    3 10398     183   1.0  5.07E-08  2.49E-07  1.97E-12  0.00
 4160 2.0800E+07    3 10401     183   1.0  5.07E-08  2.49E-07  2.26E-13  0.00
 4161 2.0805E+07    3 10403     183   1.0  5.07E-08  2.49E-07  1.23E-12  0.00
 4162 2.0810E+07    3 10406     183   1.0  5.07E-08  2.49E-07  3.65E-13  0.00
 4163 2.0815E+07    3 10408     183   1.0  5.07E-08  2.49E-07  2.66E-13  0.00
 4164 2.0820E+07    3 10411     183   1.0  5.09E-08  2.50E-07  2.55E-10  0.00
 4165 2.0825E+07    3 10413     183   1.0  5.05E-08  2.47E-07  6.87E-14  0.00
 4166 2.0830E+07    3 10416     183   1.0  5.05E-08  2.47E-07  2.38E-14  0.00
 4167 2.0835E+07    3 10418     183   1.0  5.05E-08  2.47E-07  1.70E-12  0.00
 4168 2.0840E+07    3 10421     183   1.0  5.05E-08  2.47E-07  6.51E-13  0.00
 4169 2.0845E+07    3 10423     183   1.0  5.05E-08  2.47E-07  1.42E-12  0.00
 4170 2.0850E+07    3 10426     183   1.0  5.05E-08  2.47E-07  2.02E-13  0.00
 4171 2.0855E+07    3 10428     183   1.0  5.05E-08  2.47E-07  6.42E-14  0.00
 4172 2.0860E+07    3 10431     183   1.0  5.05E-08  2.47E-07  8.72E-14  0.00
 4173 2.0865E+07    3 10433     183   1.0  5.05E-08  2.47E-07  2.39E-12  0.00
 4174 2.0870E+07    3 10436     183   1.0  5.05E-08  2.47E-07  1.91E-12  0.00
 4175 2.0875E+07    3 10438     183   1.0  5.24E-08  2.55E-07  2.58E-13  0.00
 4176 2.0880E+07    3 10441     183   1.0  5.28E-08  2.57E-07  6.71E-12  0.00
 4177 2.0885E+07    3 10443     183   1.0  5.28E-08  2.57E-07  1.89E-11  0.00
 4178 2.0890E+07    3 10446     183   1.0  5.28E-08  2.57E-07  1.37E-13  0.00
 4179 2.0895E+07    3 10448     183   1.0  5.27E-08  2.57E-07  7.05E-12  0.00
 4180 2.0900E+07    3 10451     183   1.0  5.27E-08  2.57E-07  1.47E-13  0.00
 4181 2.0905E+07    3 10453     183   1.0  5.27E-08  2.57E-07  1.54E-13  0.00
 4182 2.0910E+07    3 10456     183   1.0  5.27E-08  2.57E-07  9.43E-12  0.00
 4183 2.0915E+07    3 10458     183   1.0  5.27E-08  2.57E-07  2.81E-12  0.00
 4184 2.0920E+07    3 10461     183   1.0  5.27E-08  2.57E-07  5.91E-11  0.00
 4185 2.0925E+07    3 10463     183   1.0  5.27E-08  2.57E-07  1.22E-12  0.00
 4186 2.0930E+07    3 10466     183   1.0  5.27E-08  2.56E-07  2.37E-15  0.00
 4187 2.0935E+07    3 10468     183   1.0  5.27E-08  2.56E-07  1.03E-13  0.00
 4188 2.0940E+07    3 10471     183   1.0  5.27E-08  2.56E-07  2.71E-13  0.00
 4189 2.0945E+07    3 10473     183   1.0  5.27E-08  2.56E-07  1.23E-13  0.00
 4190 2.0950E+07    3 10476     183   1.0  5.27E-08  2.56E-07  6.48E-14  0.00
 4191 2.0955E+07    3 10478     183   1.0  5.63E-08  3.24E-07  5.07E-12  0.00
 4192 2.0960E+07    3 10481     183   1.0  6.14E-08  4.22E-07  2.17E-12  0.00
 4193 2.0965E+07    3 10483     183   1.0  6.14E-08  4.22E-07  3.65E-13  0.00
 4194 2.0970E+07    3 10486     183   1.0  6.14E-08  4.22E-07  8.19E-13  0.00
 4195 2.0975E+07    3 10488     183   1.0  6.14E-08  4.22E-07  8.49E-14  0.00
 4196 2.0980E+07    3 10491     183   1.0  6.14E-08  4.22E-07  2.21E-14  0.00
 4197 2.0985E+07    3 10493     183   1.0  6.14E-08  4.22E-07  1.81E-12  0.00
 4198 2.0990E+07    3 10496     183   1.0  6.14E-08  4.22E-07  4.07E-14  0.00
 4199 2.0995E+07    3 10498     183   1.0  6.14E-08  4.22E-07  2.35E-13  0.00
 4200 2.1000E+07    3 10501     183   1.0  6.14E-08  4.22E-07  1.46E-13  0.00
 4201 2.1005E+07    3 10503     183   1.0  6.14E-08  4.22E-07  3.42E-13  0.00
 4202 2.1010E+07    3 10506     183   1.0  6.14E-08  4.22E-07  1.21E-12  0.00
 4203 2.1015E+07    3 10508     183   1.0  6.14E-08  4.21E-07  2.42E-13  0.00
 4204 2.1020E+07    3 10511     183   1.0  6.14E-08  4.21E-07  2.20E-13  0.00
 4205 2.1025E+07    3 10513     183   1.0  6.14E-08  4.21E-07  3.02E-13  0.00
 4206 2.1030E+07    3 10516     183   1.0  6.14E-08  4.21E-07  2.01E-13  0.00
 4207 2.1035E+07    3 10518     183   1.0  6.14E-08  4.21E-07  4.74E-14  0.00
 4208 2.1040E+07    3 10521     183   1.0  6.13E-08  4.21E-07  1.29E-12  0.00
 4209 2.1045E+07    3 10523     183   1.0  6.13E-08  4.21E-07  5.01E-13  0.00
 4210 2.1050E+07    3 10526     183   1.0  6.13E-08  4.21E-07  7.50E-13  0.00
 4211 2.1055E+07    3 10528     183   1.0  6.13E-08  4.21E-07  1.15E-13  0.00
 4212 2.1060E+07    3 10531     183   1.0  6.13E-08  4.21E-07  2.78E-13  0.00
 4213 2.1065E+07    3 10533     183   1.0  6.13E-08  4.21E-07  1.31E-13  0.00
 4214 2.1070E+07    3 10536     183   1.0  6.13E-08  4.21E-07  1.10E-14  0.00
 4215 2.1075E+07    3 10538     183   1.0  6.13E-08  4.21E-07  8.77E-14  0.00
 4216 2.1080E+07    3 10541     183   1.0  6.13E-08  4.21E-07  3.38E-15  0.00
 4217 2.1085E+07    3 10543     183   1.0  6.13E-08  4.21E-07  2.92E-13  0.00
 4218 2.1090E+07    3 10546     183   1.0  6.13E-08  4.21E-07  6.40E-13  0.00
 4219 2.1095E+07    3 10548     183   1.0  6.13E-08  4.21E-07  1.24E-13  0.00
 4220 2.1100E+07    3 10551     183   1.0  6.13E-08  4.21E-07  2.45E-13  0.00
 4221 2.1105E+07    3 10553     183   1.0  6.13E-08  4.21E-07  3.16E-13  0.00
 4222 2.1110E+07    3 10556     183   1.0  6.13E-08  4.21E-07  1.95E-13  0.00
 4223 2.1115E+07    3 10558     183   1.0  6.13E-08  4.21E-07  3.24E-13  0.00
 4224 2.1120E+07    3 10561     183   1.0  6.13E-08  4.21E-07  1.14E-12  0.00
 4225 2.1125E+07    3 10563     183   1.0  6.13E-08  4.21E-07  3.91E-13  0.00
 4226 2.1130E+07    3 10566     183   1.0  6.13E-08  4.21E-07  9.49E-13  0.00
 4227 2.1135E+07    3 10568     183   1.0  6.13E-08  4.21E-07  2.54E-14  0.00
 4228 2.1140E+07    3 10571     183   1.0  6.13E-08  4.21E-07  1.07E-13  0.00
 4229 2.1145E+07    3 10573     183   1.0  6.13E-08  4.21E-07  3.60E-13  0.00
 4230 2.1150E+07    3 10576     183   1.0  6.13E-08  4.21E-07  5.97E-14  0.00
 4231 2.1155E+07    3 10578     183   1.0  6.13E-08  4.21E-07  1.17E-13  0.00
 4232 2.1160E+07    3 10581     183   1.0  6.13E-08  4.21E-07  1.45E-12  0.00
 4233 2.1165E+07    3 10583     183   1.0  6.13E-08  4.21E-07  6.43E-13  0.00
 4234 2.1170E+07    3 10586     183   1.0  6.13E-08  4.21E-07  4.18E-13  0.00
 4235 2.1175E+07    3 10588     183   1.0  6.13E-08  4.21E-07  5.16E-12  0.00
 4236 2.1180E+07    3 10591     183   1.0  6.13E-08  4.21E-07  3.86E-14  0.00
 4237 2.1185E+07    3 10593     183   1.0  6.13E-08  4.21E-07  1.12E-13  0.00
 4238 2.1190E+07    3 10596     183   1.0  6.12E-08  4.21E-07  3.32E-12  0.00
 4239 2.1195E+07    3 10598     183   1.0  6.12E-08  4.20E-07  7.19E-14  0.00
 4240 2.1200E+07    3 10601     183   1.0  6.12E-08  4.20E-07  9.54E-14  0.00
 4241 2.1205E+07    3 10603     183   1.0  6.12E-08  4.20E-07  1.07E-11  0.00
 4242 2.1210E+07    3 10606     183   1.0  6.12E-08  4.20E-07  6.56E-14  0.00
 4243 2.1215E+07    3 10608     183   1.0  6.12E-08  4.20E-07  3.33E-11  0.00
 4244 2.1220E+07    3 10611     183   1.0  6.12E-08  4.20E-07  9.66E-14  0.00
 4245 2.1225E+07    3 10613     183   1.0  6.12E-08  4.20E-07  3.30E-13  0.00
 4246 2.1230E+07    3 10616     183   1.0  6.12E-08  4.20E-07  1.61E-13  0.00
 4247 2.1235E+07    3 10618     183   1.0  6.12E-08  4.20E-07  1.94E-13  0.00
 4248 2.1240E+07    3 10621     183   1.0  6.12E-08  4.20E-07  1.87E-13  0.00
 4249 2.1245E+07    3 10623     183   1.0  6.12E-08  4.20E-07  6.81E-12  0.00
 4250 2.1250E+07    3 10626     183   1.0  6.12E-08  4.20E-07  5.98E-12  0.00
 4251 2.1255E+07    3 10628     183   1.0  6.12E-08  4.20E-07  8.33E-14  0.00
 4252 2.1260E+07    3 10631     183   1.0  6.12E-08  4.20E-07  1.33E-11  0.00
 4253 2.1265E+07    3 10633     183   1.0  6.12E-08  4.20E-07  9.42E-13  0.00
 4254 2.1270E+07    3 10636     183   1.0  6.12E-08  4.20E-07  8.83E-13  0.00
 4255 2.1275E+07    3 10638     183   1.0  6.12E-08  4.20E-07  3.00E-13  0.00
 4256 2.1280E+07    3 10641     183   1.0  6.12E-08  4.20E-07  5.64E-13  0.00
 4257 2.1285E+07    3 10643     183   1.0  6.12E-08  4.20E-07  6.01E-12  0.00
 4258 2.1290E+07    3 10646     183   1.0  6.12E-08  4.20E-07  1.33E-12  0.00
 4259 2.1295E+07    3 10648     183   1.0  6.12E-08  4.20E-07  2.11E-13  0.00
 4260 2.1300E+07    3 10651     183   1.0  6.12E-08  4.20E-07  1.09E-13  0.00
 4261 2.1305E+07    3 10653     183   1.0  6.12E-08  4.20E-07  4.40E-13  0.00
 4262 2.1310E+07    3 10656     183   1.0  6.12E-08  4.20E-07  3.00E-12  0.00
 4263 2.1315E+07    3 10658     183   1.0  6.12E-08  4.20E-07  2.21E-13  0.00
 4264 2.1320E+07    3 10661     183   1.0  6.12E-08  4.20E-07  2.96E-13  0.00
 4265 2.1325E+07    3 10663     183   1.0  6.12E-08  4.20E-07  5.05E-13  0.00
 4266 2.1330E+07    3 10666     183   1.0  6.12E-08  4.20E-07  4.17E-14  0.00
 4267 2.1335E+07    3 10668     183   1.0  6.12E-08  4.20E-07  2.13E-13  0.00
 4268 2.1340E+07    3 10671     183   1.0  6.11E-08  4.20E-07  4.70E-12  0.00
 4269 2.1345E+07    3 10673     183   1.0  6.11E-08  4.20E-07  4.02E-13  0.00
 4270 2.1350E+07    3 10676     183   1.0  6.11E-08  4.20E-07  7.88E-12  0.00
 4271 2.1355E+07    3 10678     183   1.0  6.11E-08  4.20E-07  6.33E-13  0.00
 4272 2.1360E+07    3 10681     183   1.0  6.11E-08  4.20E-07  1.12E-12  0.00
 4273 2.1365E+07    3 10683     183   1.0  6.11E-08  4.20E-07  1.63E-13  0.00
 4274 2.1370E+07    3 10686     183   1.0  6.11E-08  4.19E-07  5.76E-14  0.00
 4275 2.1375E+07    3 10688     183   1.0  6.11E-08  4.19E-07  7.36E-14  0.00
 4276 2.1380E+07    3 10691     183   1.0  6.11E-08  4.19E-07  5.33E-13  0.00
 4277 2.1385E+07    3 10693     183   1.0  6.11E-08  4.19E-07  8.65E-11  0.00
 4278 2.1390E+07    3 10696     183   1.0  6.11E-08  4.19E-07  4.44E-14  0.00
 4279 2.1395E+07    3 10698     183   1.0  6.11E-08  4.19E-07  3.62E-15  0.00
 4280 2.1400E+07    3 10701     183   1.0  6.11E-08  4.19E-07  1.15E-12  0.00
 4281 2.1405E+07    3 10703     183   1.0  6.11E-08  4.19E-07  3.49E-13  0.00
 4282 2.1410E+07    3 10706     183   1.0  6.11E-08  4.19E-07  7.57E-13  0.00
 4283 2.1415E+07    3 10708     183   1.0  6.11E-08  4.19E-07  2.78E-13  0.00
 4284 2.1420E+07    3 10711     183   1.0  6.11E-08  4.19E-07  1.36E-13  0.00
 4285 2.1425E+07    3 10713     183   1.0  6.11E-08  4.19E-07  4.61E-13  0.00
 4286 2.1430E+07    3 10716     183   1.0  6.11E-08  4.19E-07  1.22E-14  0.00
 4287 2.1435E+07    3 10718     183   1.0  6.14E-08  4.21E-07  9.39E-14  0.00
 4288 2.1440E+07    3 10721     183   1.0  6.14E-08  4.21E-07  8.31E-13  0.00
 4289 2.1445E+07    3 10723     183   1.0  6.14E-08  4.21E-07  5.04E-14  0.00
 4290 2.1450E+07    3 10726     183   1.0  6.14E-08  4.21E-07  2.75E-14  0.00
 4291 2.1455E+07    3 10728     183   1.0  6.17E-08  4.21E-07  9.38E-13  0.00
 4292 2.1460E+07    3 10731     183   1.0  6.14E-08  4.21E-07  2.16E-13  0.00
 4293 2.1465E+07    3 10733     183   1.0  6.14E-08  4.21E-07  4.30E-13  0.00
 4294 2.1470E+07    3 10736     183   1.0  6.14E-08  4.21E-07  8.48E-14  0.00
 4295 2.1475E+07    3 10738     183   1.0  6.14E-08  4.21E-07  2.67E-14  0.00
 4296 2.1480E+07    3 10741     183   1.0  6.14E-08  4.21E-07  4.74E-14  0.00
 4297 2.1485E+07    3 10743     183   1.0  6.14E-08  4.21E-07  2.69E-13  0.00
 4298 2.1490E+07    3 10746     183   1.0  6.14E-08  4.21E-07  1.72E-13  0.00
 4299 2.1495E+07    3 10748     183   1.0  6.14E-08  4.21E-07  4.18E-14  0.00
 4300 2.1500E+07    3 10751     183   1.0  6.14E-08  4.21E-07  9.35E-14  0.00
 4301 2.1505E+07    3 10753     183   1.0  6.14E-08  4.21E-07  2.70E-13  0.00
 4302 2.1510E+07    3 10756     183   1.0  6.14E-08  4.21E-07  1.58E-13  0.00
 4303 2.1515E+07    3 10758     183   1.0  6.14E-08  4.21E-07  4.67E-12  0.00
 4304 2.1520E+07    3 10761     183   1.0  6.14E-08  4.21E-07  2.94E-14  0.00
 4305 2.1525E+07    3 10763     183   1.0  6.15E-08  4.21E-07  1.44E-13  0.00
 4306 2.1530E+07    3 10766     183   1.0  6.14E-08  4.21E-07  6.29E-13  0.00
 4307 2.1535E+07    3 10768     183   1.0  6.14E-08  4.21E-07  6.72E-14  0.00
 4308 2.1540E+07    3 10771     183   1.0  6.14E-08  4.21E-07  2.27E-12  0.00
 4309 2.1545E+07    3 10773     183   1.0  6.14E-08  4.21E-07  1.35E-12  0.00
 4310 2.1550E+07    3 10776     183   1.0  6.29E-08  4.34E-07  1.66E-14  0.00
 4311 2.1555E+07    3 10778     183   1.0  6.76E-08  4.72E-07  3.38E-13  0.00
 4312 2.1560E+07    3 10781     183   1.0  6.76E-08  4.72E-07  2.16E-13  0.00
 4313 2.1565E+07    3 10783     183   1.0  6.76E-08  4.72E-07  2.47E-14  0.00
 4314 2.1570E+07    3 10786     183   1.0  6.76E-08  4.72E-07  1.18E-13  0.00
 4315 2.1575E+07    3 10788     183   1.0  6.76E-08  4.72E-07  2.44E-14  0.00
 4316 2.1580E+07    3 10791     183   1.0  6.76E-08  4.72E-07  7.08E-12  0.00
 4317 2.1585E+07    3 10793     183   1.0  6.76E-08  4.72E-07  4.06E-12  0.00
 4318 2.1590E+07    3 10796     183   1.0  6.76E-08  4.72E-07  2.73E-14  0.00
 4319 2.1595E+07    3 10798     183   1.0  6.76E-08  4.72E-07  6.56E-15  0.00
 4320 2.1600E+07    3 10801     183   1.0  6.76E-08  4.72E-07  7.74E-13  0.00
 4321 2.1605E+07    3 10803     183   1.0  6.76E-08  4.72E-07  2.42E-13  0.00
 4322 2.1610E+07    3 10806     183   1.0  6.76E-08  4.72E-07  1.72E-13  0.00
 4323 2.1615E+07    3 10808     183   1.0  6.76E-08  4.72E-07  4.61E-13  0.00
 4324 2.1620E+07    3 10811     183   1.0  6.76E-08  4.72E-07  9.79E-14  0.00
 4325 2.1625E+07    3 10813     183   1.0  6.78E-08  4.70E-07  2.15E-13  0.00
 4326 2.1630E+07    3 10816     183   1.0  6.78E-08  4.70E-07  5.90E-14  0.00
 4327 2.1635E+07    3 10818     183   1.0  6.78E-08  4.69E-07  7.74E-15  0.00
 4328 2.1640E+07    3 10821     183   1.0  6.78E-08  4.69E-07  1.95E-13  0.00
 4329 2.1645E+07    3 10823     183   1.0  6.78E-08  4.69E-07  1.02E-12  0.00
 4330 2.1650E+07    3 10826     183   1.0  6.78E-08  4.69E-07  3.29E-14  0.00
 4331 2.1655E+07    3 10828     183   1.0  6.78E-08  4.69E-07  1.41E-12  0.00
 4332 2.1660E+07    3 10831     183   1.0  6.78E-08  4.69E-07  3.54E-13  0.00
 4333 2.1665E+07    3 10833     183   1.0  6.78E-08  4.69E-07  1.32E-13  0.00
 4334 2.1670E+07    3 10836     183   1.0  6.77E-08  4.69E-07  1.82E-14  0.00
 4335 2.1675E+07    3 10838     183   1.0  6.77E-08  4.69E-07  2.77E-13  0.00
 4336 2.1680E+07    3 10841     183   1.0  6.77E-08  4.69E-07  1.78E-12  0.00
 4337 2.1685E+07    3 10843     183   1.0  6.77E-08  4.69E-07  2.97E-12  0.00
 4338 2.1690E+07    3 10846     183   1.0  6.77E-08  4.69E-07  2.08E-13  0.00
 4339 2.1695E+07    3 10848     183   1.0  6.77E-08  4.69E-07  8.14E-13  0.00
 4340 2.1700E+07    3 10851     183   1.0  6.77E-08  4.69E-07  2.73E-12  0.00
 4341 2.1705E+07    3 10853     183   1.0  6.77E-08  4.69E-07  2.64E-13  0.00
 4342 2.1710E+07    3 10856     183   1.0  6.77E-08  4.69E-07  7.89E-13  0.00
 4343 2.1715E+07    3 10858     183   1.0  6.77E-08  4.69E-07  6.92E-13  0.00
 4344 2.1720E+07    3 10861     183   1.0  6.77E-08  4.69E-07  2.30E-12  0.00
 4345 2.1725E+07    3 10863     183   1.0  6.77E-08  4.69E-07  3.17E-13  0.00
 4346 2.1730E+07    3 10866     183   1.0  6.77E-08  4.69E-07  3.45E-12  0.00
 4347 2.1735E+07    3 10868     183   1.0  6.77E-08  4.69E-07  6.22E-13  0.00
 4348 2.1740E+07    3 10871     183   1.0  6.77E-08  4.69E-07  1.44E-13  0.00
 4349 2.1745E+07    3 10873     183   1.0  6.77E-08  4.69E-07  1.13E-14  0.00
 4350 2.1750E+07    3 10876     183   1.0  6.77E-08  4.69E-07  1.28E-12  0.00
 4351 2.1755E+07    3 10878     183   1.0  6.77E-08  4.69E-07  1.54E-12  0.00
 4352 2.1760E+07    3 10881     183   1.0  6.77E-08  4.69E-07  2.73E-13  0.00
 4353 2.1765E+07    3 10883     183   1.0  6.77E-08  4.69E-07  4.02E-13  0.00
 4354 2.1770E+07    3 10886     183   1.0  6.77E-08  4.69E-07  6.65E-12  0.00
 4355 2.1775E+07    3 10888     183   1.0  6.77E-08  4.69E-07  1.43E-13  0.00
 4356 2.1780E+07    3 10891     183   1.0  6.77E-08  4.68E-07  9.24E-16  0.00
 4357 2.1785E+07    3 10893     183   1.0  6.77E-08  4.68E-07  7.70E-14  0.00
 4358 2.1790E+07    3 10896     183   1.0  6.76E-08  4.68E-07  1.14E-13  0.00
 4359 2.1795E+07    3 10898     183   1.0  6.76E-08  4.68E-07  1.51E-13  0.00
 4360 2.1800E+07    3 10901     183   1.0  6.76E-08  4.68E-07  4.32E-10  0.00
 4361 2.1805E+07    3 10903     183   1.0  6.76E-08  4.68E-07  1.39E-12  0.00
 4362 2.1810E+07    3 10906     183   1.0  6.65E-08  4.51E-07  1.05E-11  0.00
 4363 2.1815E+07    3 10908     183   1.0  6.87E-08  4.25E-07  5.60E-13  0.00
 4364 2.1820E+07    3 10911     183   1.0  8.24E-08  4.88E-07  2.76E-12  0.00
 4365 2.1825E+07    3 10913     183   1.0  8.24E-08  4.88E-07  3.52E-13  0.00
 4366 2.1830E+07    3 10916     183   1.0  8.24E-08  4.88E-07  7.49E-13  0.00
 4367 2.1835E+07    3 10918     183   1.0  8.24E-08  4.88E-07  6.31E-14  0.00
 4368 2.1840E+07    3 10921     183   1.0  8.24E-08  4.88E-07  9.52E-14  0.00
 4369 2.1845E+07    3 10923     183   1.0  8.24E-08  4.88E-07  1.94E-12  0.00
 4370 2.1850E+07    3 10926     183   1.0  8.24E-08  4.88E-07  6.49E-13  0.00
 4371 2.1855E+07    3 10928     183   1.0  8.24E-08  4.88E-07  4.42E-11  0.00
 4372 2.1860E+07    3 10931     183   1.0  8.24E-08  4.88E-07  1.33E-13  0.00
 4373 2.1865E+07    3 10933     183   1.0  8.24E-08  4.88E-07  9.77E-14  0.00
 4374 2.1870E+07    3 10936     183   1.0  8.24E-08  4.88E-07  4.03E-13  0.00
 4375 2.1875E+07    3 10938     183   1.0  8.24E-08  4.88E-07  8.21E-13  0.00
 4376 2.1880E+07    3 10941     183   1.0  8.24E-08  4.88E-07  5.47E-13  0.00
 4377 2.1885E+07    3 10943     183   1.0  8.24E-08  4.88E-07  3.20E-13  0.00
 4378 2.1890E+07    3 10946     183   1.0  8.24E-08  4.88E-07  3.03E-13  0.00
 4379 2.1895E+07    3 10948     183   1.0  8.24E-08  4.88E-07  1.07E-12  0.00
 4380 2.1900E+07    3 10951     183   1.0  8.23E-08  4.88E-07  5.14E-13  0.00
 4381 2.1905E+07    3 10953     183   1.0  8.23E-08  4.88E-07  2.27E-12  0.00
 4382 2.1910E+07    3 10956     183   1.0  8.23E-08  4.88E-07  5.90E-14  0.00
 4383 2.1915E+07    3 10958     183   1.0  8.23E-08  4.87E-07  1.46E-12  0.00
 4384 2.1920E+07    3 10961     183   1.0  8.23E-08  4.87E-07  1.87E-13  0.00
 4385 2.1925E+07    3 10963     183   1.0  8.23E-08  4.87E-07  2.64E-12  0.00
 4386 2.1930E+07    3 10966     183   1.0  8.23E-08  4.87E-07  3.32E-13  0.00
 4387 2.1935E+07    3 10968     183   1.0  8.23E-08  4.87E-07  8.63E-13  0.00
 4388 2.1940E+07    3 10971     183   1.0  8.23E-08  4.87E-07  2.09E-11  0.00
 4389 2.1945E+07    3 10973     183   1.0  8.23E-08  4.87E-07  1.60E-12  0.00
 4390 2.1950E+07    3 10976     183   1.0  8.23E-08  4.87E-07  7.86E-13  0.00
 4391 2.1955E+07    3 10978     183   1.0  8.23E-08  4.87E-07  1.10E-13  0.00
 4392 2.1960E+07    3 10981     183   1.0  8.23E-08  4.87E-07  9.59E-13  0.00
 4393 2.1965E+07    3 10983     183   1.0  8.23E-08  4.87E-07  4.23E-13  0.00
 4394 2.1970E+07    3 10986     183   1.0  8.06E-08  4.79E-07  3.23E-12  0.00
 4395 2.1975E+07    3 10988     183   1.0  6.41E-08  4.37E-07  3.02E-11  0.00
 4396 2.1980E+07    3 10991     183   1.0  6.24E-08  4.55E-07  1.54E-13  0.00
 4397 2.1985E+07    3 10993     183   1.0  6.22E-08  4.55E-07  2.66E-13  0.00
 4398 2.1990E+07    3 10996     183   1.0  6.22E-08  4.55E-07  1.05E-12  0.00
 4399 2.1995E+07    3 10998     183   1.0  6.22E-08  4.55E-07  3.64E-13  0.00
 4400 2.2000E+07    3 11001     183   1.0  6.22E-08  4.55E-07  3.85E-12  0.00
 4401 2.2005E+07    3 11003     183   1.0  6.22E-08  4.55E-07  1.18E-13  0.00
 4402 2.2010E+07    3 11006     183   1.0  6.83E-08  5.01E-07  2.09E-12  0.00
 4403 2.2015E+07    3 11008     183   1.0  7.41E-08  5.47E-07  6.31E-13  0.00
 4404 2.2020E+07    3 11011     183   1.0  7.41E-08  5.47E-07  4.16E-14  0.00
 4405 2.2025E+07    3 11013     183   1.0  7.41E-08  5.47E-07  4.49E-13  0.00
 4406 2.2030E+07    3 11016     183   1.0  7.41E-08  5.47E-07  1.29E-13  0.00
 4407 2.2035E+07    3 11018     183   1.0  7.41E-08  5.47E-07  1.13E-12  0.00
 4408 2.2040E+07    3 11021     183   1.0  7.41E-08  5.47E-07  7.40E-13  0.00
 4409 2.2045E+07    3 11023     183   1.0  7.41E-08  5.47E-07  1.49E-11  0.00
 4410 2.2050E+07    3 11026     183   1.0  7.41E-08  5.46E-07  2.74E-12  0.00
 4411 2.2055E+07    3 11028     183   1.0  7.41E-08  5.46E-07  3.92E-13  0.00
 4412 2.2060E+07    3 11031     183   1.0  7.41E-08  5.46E-07  1.86E-11  0.00
 4413 2.2065E+07    3 11033     183   1.0  7.41E-08  5.46E-07  7.75E-13  0.00
 4414 2.2070E+07    3 11036     183   1.0  7.41E-08  5.46E-07  4.35E-13  0.00
 4415 2.2075E+07    3 11038     183   1.0  7.42E-08  5.44E-07  5.60E-12  0.00
 4416 2.2080E+07    3 11041     183   1.0  7.41E-08  5.34E-07  4.57E-14  0.00
 4417 2.2085E+07    3 11043     183   1.0  7.50E-08  5.35E-07  6.71E-13  0.00
 4418 2.2090E+07    3 11046     183   1.0  7.47E-08  5.37E-07  3.29E-13  0.00
 4419 2.2095E+07    3 11048     183   1.0  7.47E-08  5.37E-07  8.46E-13  0.00
 4420 2.2100E+07    3 11051     183   1.0  7.47E-08  5.36E-07  2.16E-12  0.00
 4421 2.2105E+07    3 11053     183   1.0  7.47E-08  5.36E-07  2.62E-13  0.00
 4422 2.2110E+07    3 11056     183   1.0  7.47E-08  5.36E-07  6.75E-14  0.00
 4423 2.2115E+07    3 11058     183   1.0  7.48E-08  5.36E-07  1.52E-12  0.00
 4424 2.2120E+07    3 11061     183   1.0  7.47E-08  5.36E-07  1.63E-12  0.00
 4425 2.2125E+07    3 11063     183   1.0  7.47E-08  5.36E-07  6.26E-13  0.00
 4426 2.2130E+07    3 11066     183   1.0  7.47E-08  5.36E-07  4.90E-14  0.00
 4427 2.2135E+07    3 11068     183   1.0  7.47E-08  5.36E-07  1.30E-13  0.00
 4428 2.2140E+07    3 11071     183   1.0  7.47E-08  5.36E-07  2.13E-12  0.00
 4429 2.2145E+07    3 11073     183   1.0  7.47E-08  5.36E-07  1.99E-11  0.00
 4430 2.2150E+07    3 11076     183   1.0  7.47E-08  5.36E-07  2.25E-13  0.00
 4431 2.2155E+07    3 11078     183   1.0  7.47E-08  5.36E-07  6.72E-15  0.00
 4432 2.2160E+07    3 11081     183   1.0  7.47E-08  5.36E-07  1.28E-13  0.00
 4433 2.2165E+07    3 11083     183   1.0  7.47E-08  5.36E-07  2.94E-13  0.00
 4434 2.2170E+07    3 11086     183   1.0  7.47E-08  5.36E-07  2.11E-13  0.00
 4435 2.2175E+07    3 11088     183   1.0  7.47E-08  5.36E-07  1.37E-13  0.00
 4436 2.2180E+07    3 11091     183   1.0  7.47E-08  5.36E-07  3.59E-13  0.00
 4437 2.2185E+07    3 11093     183   1.0  7.47E-08  5.36E-07  2.12E-12  0.00
 4438 2.2190E+07    3 11096     183   1.0  7.47E-08  5.36E-07  5.56E-13  0.00
 4439 2.2195E+07    3 11098     183   1.0  7.47E-08  5.36E-07  1.63E-13  0.00
 4440 2.2200E+07    3 11101     183   1.0  7.47E-08  5.36E-07  3.50E-13  0.00
 4441 2.2205E+07    3 11103     183   1.0  7.47E-08  5.36E-07  5.35E-13  0.00
 4442 2.2210E+07    3 11106     183   1.0  7.47E-08  5.36E-07  3.64E-13  0.00
 4443 2.2215E+07    3 11108     183   1.0  7.50E-08  5.36E-07  2.06E-10  0.00
 4444 2.2220E+07    3 11111     183   1.0  7.47E-08  5.36E-07  2.34E-14  0.00
 4445 2.2225E+07    3 11113     183   1.0  7.47E-08  5.36E-07  2.73E-11  0.00
 4446 2.2230E+07    3 11116     183   1.0  7.47E-08  5.36E-07  4.43E-12  0.00
 4447 2.2235E+07    3 11118     183   1.0  7.47E-08  5.36E-07  1.19E-12  0.00
 4448 2.2240E+07    3 11121     183   1.0  7.47E-08  5.36E-07  7.25E-12  0.00
 4449 2.2245E+07    3 11123     183   1.0  7.47E-08  5.36E-07  2.90E-13  0.00
 4450 2.2250E+07    3 11126     183   1.0  7.47E-08  5.36E-07  6.68E-12  0.00
 4451 2.2255E+07    3 11128     183   1.0  7.46E-08  5.36E-07  4.52E-14  0.00
 4452 2.2260E+07    3 11131     183   1.0  7.46E-08  5.36E-07  3.73E-13  0.00
 4453 2.2265E+07    3 11133     183   1.0  7.47E-08  5.36E-07  4.41E-13  0.00
 4454 2.2270E+07    3 11136     183   1.0  7.46E-08  5.36E-07  5.70E-13  0.00
 4455 2.2275E+07    3 11138     183   1.0  7.46E-08  5.36E-07  7.75E-13  0.00
 4456 2.2280E+07    3 11141     183   1.0  7.47E-08  5.36E-07  1.85E-12  0.00
 4457 2.2285E+07    3 11143     183   1.0  7.46E-08  5.36E-07  4.17E-13  0.00
 4458 2.2290E+07    3 11146     183   1.0  7.46E-08  5.36E-07  1.07E-12  0.00
 4459 2.2295E+07    3 11148     183   1.0  7.46E-08  5.36E-07  1.01E-13  0.00
 4460 2.2300E+07    3 11151     183   1.0  7.46E-08  5.36E-07  1.89E-12  0.00
 4461 2.2305E+07    3 11153     183   1.0  7.46E-08  5.36E-07  7.94E-11  0.00
 4462 2.2310E+07    3 11156     183   1.0  7.46E-08  5.36E-07  3.17E-13  0.00
 4463 2.2315E+07    3 11158     183   1.0  7.46E-08  5.36E-07  1.77E-12  0.00
 4464 2.2320E+07    3 11161     183   1.0  7.46E-08  5.36E-07  6.61E-13  0.00
 4465 2.2325E+07    3 11163     183   1.0  7.46E-08  5.35E-07  5.11E-12  0.00
 4466 2.2330E+07    3 11166     183   1.0  7.46E-08  5.35E-07  1.07E-10  0.00
 4467 2.2335E+07    3 11168     183   1.0  7.46E-08  5.35E-07  2.32E-11  0.00
 4468 2.2340E+07    3 11171     183   1.0  7.46E-08  5.35E-07  5.78E-13  0.00
 4469 2.2345E+07    3 11173     183   1.0  7.46E-08  5.35E-07  2.27E-12  0.00
 4470 2.2350E+07    3 11176     183   1.0  7.46E-08  5.35E-07  4.72E-13  0.00
 4471 2.2355E+07    3 11178     183   1.0  7.46E-08  5.35E-07  2.22E-12  0.00
 4472 2.2360E+07    3 11181     183   1.0  7.46E-08  5.35E-07  1.11E-13  0.00
 4473 2.2365E+07    3 11183     183   1.0  7.46E-08  5.35E-07  4.92E-13  0.00
 4474 2.2370E+07    3 11186     183   1.0  7.46E-08  5.35E-07  4.15E-12  0.00
 4475 2.2375E+07    3 11188     183   1.0  7.46E-08  5.35E-07  5.51E-12  0.00
 4476 2.2380E+07    3 11191     183   1.0  7.46E-08  5.35E-07  3.93E-13  0.00
 4477 2.2385E+07    3 11193     183   1.0  7.46E-08  5.35E-07  6.34E-14  0.00
 4478 2.2390E+07    3 11196     183   1.0  7.46E-08  5.35E-07  6.02E-14  0.00
 4479 2.2395E+07    3 11198     183   1.0  7.46E-08  5.35E-07  2.97E-13  0.00
 4480 2.2400E+07    3 11201     183   1.0  7.46E-08  5.35E-07  1.87E-12  0.00
 4481 2.2405E+07    3 11203     183   1.0  7.46E-08  5.35E-07  1.34E-11  0.00
 4482 2.2410E+07    3 11206     183   1.0  7.46E-08  5.35E-07  8.86E-13  0.00
 4483 2.2415E+07    3 11208     183   1.0  7.46E-08  5.35E-07  1.93E-11  0.00
 4484 2.2420E+07    3 11211     183   1.0  7.46E-08  5.35E-07  6.40E-14  0.00
 4485 2.2425E+07    3 11213     183   1.0  7.45E-08  5.35E-07  8.47E-13  0.00
 4486 2.2430E+07    3 11216     183   1.0  7.45E-08  5.35E-07  1.00E-12  0.00
 4487 2.2435E+07    3 11218     183   1.0  7.45E-08  5.35E-07  4.45E-13  0.00
 4488 2.2440E+07    3 11221     183   1.0  7.45E-08  5.35E-07  3.28E-10  0.00
 4489 2.2445E+07    3 11223     183   1.0  7.45E-08  5.35E-07  4.16E-13  0.00
 4490 2.2450E+07    3 11226     183   1.0  7.45E-08  5.35E-07  1.82E-13  0.00
 4491 2.2455E+07    3 11228     183   1.0  7.45E-08  5.35E-07  4.28E-13  0.00
 4492 2.2460E+07    3 11231     183   1.0  7.51E-08  5.35E-07  4.71E-13  0.00
 4493 2.2465E+07    3 11233     183   1.0  7.45E-08  5.35E-07  6.69E-14  0.00
 4494 2.2470E+07    3 11236     183   1.0  7.45E-08  5.35E-07  1.40E-12  0.00
 4495 2.2475E+07    3 11238     183   1.0  7.45E-08  5.35E-07  8.93E-13  0.00
 4496 2.2480E+07    3 11241     183   1.0  7.45E-08  5.35E-07  3.84E-11  0.00
 4497 2.2485E+07    3 11243     183   1.0  7.45E-08  5.35E-07  4.28E-13  0.00
 4498 2.2490E+07    3 11246     183   1.0  7.45E-08  5.35E-07  7.01E-13  0.00
 4499 2.2495E+07    3 11248     183   1.0  7.45E-08  5.35E-07  6.22E-14  0.00
 4500 2.2500E+07    3 11251     183   1.0  7.45E-08  5.35E-07  1.95E-13  0.00
 4501 2.2505E+07    3 11253     183   1.0  7.45E-08  5.35E-07  1.21E-13  0.00
 4502 2.2510E+07    3 11256     183   1.0  7.45E-08  5.35E-07  2.59E-13  0.00
 4503 2.2515E+07    3 11258     183   1.0  7.45E-08  5.35E-07  6.39E-14  0.00
 4504 2.2520E+07    3 11261     183   1.0  7.45E-08  5.35E-07  1.23E-12  0.00
 4505 2.2525E+07    3 11263     183   1.0  7.45E-08  5.35E-07  1.73E-13  0.00
 4506 2.2530E+07    3 11266     183   1.0  7.45E-08  5.35E-07  3.95E-14  0.00
 4507 2.2535E+07    3 11268     183   1.0  7.45E-08  5.35E-07  5.99E-13  0.00
 4508 2.2540E+07    3 11271     183   1.0  7.45E-08  5.34E-07  2.21E-13  0.00
 4509 2.2545E+07    3 11273     183   1.0  7.45E-08  5.34E-07  4.24E-13  0.00
 4510 2.2550E+07    3 11276     183   1.0  7.45E-08  5.34E-07  7.35E-13  0.00
 4511 2.2555E+07    3 11278     183   1.0  7.45E-08  5.34E-07  3.56E-13  0.00
 4512 2.2560E+07    3 11281     183   1.0  7.45E-08  5.34E-07  1.76E-13  0.00
 4513 2.2565E+07    3 11283     183   1.0  7.45E-08  5.34E-07  2.91E-13  0.00
 4514 2.2570E+07    3 11286     183   1.0  7.45E-08  5.34E-07  4.54E-13  0.00
 4515 2.2575E+07    3 11288     183   1.0  7.45E-08  5.34E-07  4.09E-13  0.00
 4516 2.2580E+07    3 11291     183   1.0  7.45E-08  5.34E-07  4.18E-13  0.00
 4517 2.2585E+07    3 11293     183   1.0  7.45E-08  5.34E-07  2.30E-13  0.00
 4518 2.2590E+07    3 11296     183   1.0  7.44E-08  5.34E-07  1.36E-12  0.00
 4519 2.2595E+07    3 11298     183   1.0  7.44E-08  5.34E-07  3.02E-13  0.00
 4520 2.2600E+07    3 11301     183   1.0  7.44E-08  5.34E-07  5.55E-12  0.00
 4521 2.2605E+07    3 11303     183   1.0  7.44E-08  5.34E-07  5.01E-13  0.00
 4522 2.2610E+07    3 11306     183   1.0  7.44E-08  5.34E-07  4.93E-13  0.00
 4523 2.2615E+07    3 11308     183   1.0  1.19E-07  8.15E-07  3.01E-13  0.00
 4524 2.2620E+07    3 11311     183   1.0  1.32E-07  9.16E-07  2.39E-12  0.00
 4525 2.2625E+07    3 11313     183   1.0  1.32E-07  9.15E-07  6.36E-13  0.00
 4526 2.2630E+07    3 11316     183   1.0  1.32E-07  9.13E-07  1.00E-12  0.00
 4527 2.2635E+07    3 11318     183   1.0  1.32E-07  9.12E-07  5.89E-11  0.00
 4528 2.2640E+07    3 11321     183   1.0  1.32E-07  9.11E-07  6.66E-14  0.00
 4529 2.2645E+07    3 11323     183   1.0  1.32E-07  9.39E-07  1.96E-13  0.00
 4530 2.2650E+07    3 11326     183   1.0  1.33E-07  9.57E-07  8.70E-13  0.00
 4531 2.2655E+07    3 11328     183   1.0  1.33E-07  9.55E-07  7.01E-14  0.00
 4532 2.2660E+07    3 11331     183   1.0  1.33E-07  9.53E-07  1.04E-12  0.00
 4533 2.2665E+07    3 11333     183   1.0  1.32E-07  9.52E-07  1.62E-13  0.00
 4534 2.2670E+07    3 11336     183   1.0  1.32E-07  9.50E-07  9.11E-15  0.00
 4535 2.2675E+07    3 11338     183   1.0  1.32E-07  9.48E-07  6.24E-12  0.00
 4536 2.2680E+07    3 11341     183   1.0  1.32E-07  9.46E-07  6.50E-14  0.00
 4537 2.2685E+07    3 11343     183   1.0  1.31E-07  9.45E-07  5.23E-13  0.00
 4538 2.2690E+07    3 11346     183   1.0  1.31E-07  9.43E-07  1.07E-13  0.00
 4539 2.2695E+07    3 11348     183   1.0  1.31E-07  9.41E-07  9.79E-13  0.00
 4540 2.2700E+07    3 11351     183   1.0  1.31E-07  9.39E-07  9.84E-12  0.00
 4541 2.2705E+07    3 11353     183   1.0  1.35E-07  9.63E-07  1.91E-09  0.00
 4542 2.2710E+07    3 11356     183   1.0  2.24E-07  1.63E-06  2.74E-11  0.00
 4543 2.2715E+07    3 11358     183   1.0  2.55E-07  1.83E-06  5.35E-12  0.00
 4544 2.2720E+07    3 11361     183   1.0  2.52E-07  1.81E-06  1.03E-12  0.00
 4545 2.2725E+07    3 11363     183   1.0  2.50E-07  1.80E-06  1.76E-12  0.00
 4546 2.2730E+07    3 11366     183   1.0  2.48E-07  1.78E-06  1.05E-13  0.00
 4547 2.2735E+07    3 11368     183   1.0  2.46E-07  1.77E-06  4.00E-12  0.00
 4548 2.2740E+07    3 11371     183   1.0  2.44E-07  1.75E-06  3.43E-12  0.00
 4549 2.2745E+07    3 11373     183   1.0  2.42E-07  1.74E-06  3.81E-12  0.00
 4550 2.2750E+07    3 11376     183   1.0  2.40E-07  1.73E-06  1.27E-12  0.00
 4551 2.2755E+07    3 11378     183   1.0  2.38E-07  1.71E-06  9.05E-12  0.00
 4552 2.2760E+07    3 11381     183   1.0  2.36E-07  1.70E-06  6.67E-10  0.00
 4553 2.2765E+07    3 11383     183   1.0  2.35E-07  1.69E-06  2.97E-12  0.00
 4554 2.2770E+07    3 11386     183   1.0  2.33E-07  1.68E-06  4.44E-12  0.00
 4555 2.2775E+07    3 11388     183   1.0  2.31E-07  1.66E-06  1.24E-12  0.00
 4556 2.2780E+07    3 11391     183   1.0  2.30E-07  1.65E-06  2.22E-11  0.00
 4557 2.2785E+07    3 11393     183   1.0  2.28E-07  1.64E-06  1.06E-11  0.00
 4558 2.2790E+07    3 11396     183   1.0  2.27E-07  1.63E-06  2.39E-12  0.00
 4559 2.2795E+07    3 11398     183   1.0  2.25E-07  1.62E-06  9.22E-13  0.00
 4560 2.2800E+07    3 11401     183   1.0  2.24E-07  1.61E-06  1.20E-12  0.00
 4561 2.2805E+07    3 11403     183   1.0  2.22E-07  1.60E-06  5.11E-12  0.00
 4562 2.2810E+07    3 11406     183   1.0  2.21E-07  1.59E-06  2.21E-12  0.00
 4563 2.2815E+07    3 11408     183   1.0  2.20E-07  1.58E-06  1.60E-12  0.00
 4564 2.2820E+07    3 11411     183   1.0  2.18E-07  1.57E-06  8.94E-13  0.00
 4565 2.2825E+07    3 11413     183   1.0  2.17E-07  1.56E-06  9.27E-13  0.00
 4566 2.2830E+07    3 11416     183   1.0  2.16E-07  1.55E-06  4.74E-11  0.00
 4567 2.2835E+07    3 11418     183   1.0  2.15E-07  1.54E-06  1.50E-12  0.00
 4568 2.2840E+07    3 11421     183   1.0  2.13E-07  1.53E-06  4.00E-13  0.00
 4569 2.2845E+07    3 11423     183   1.0  2.12E-07  1.53E-06  3.11E-13  0.00
 4570 2.2850E+07    3 11426     183   1.0  2.11E-07  1.52E-06  2.25E-12  0.00
 4571 2.2855E+07    3 11428     183   1.0  2.10E-07  1.51E-06  1.88E-12  0.00
 4572 2.2860E+07    3 11431     183   1.0  2.13E-07  1.53E-06  4.05E-12  0.00
 4573 2.2865E+07    3 11433     183   1.0  2.13E-07  1.53E-06  3.04E-12  0.00
 4574 2.2870E+07    3 11436     183   1.0  2.11E-07  1.52E-06  3.33E-12  0.00
 4575 2.2875E+07    3 11438     183   1.0  2.10E-07  1.51E-06  9.12E-13  0.00
 4576 2.2880E+07    3 11441     183   1.0  2.09E-07  1.50E-06  3.23E-13  0.00
 4577 2.2885E+07    3 11443     183   1.0  2.08E-07  1.50E-06  2.39E-12  0.00
 4578 2.2890E+07    3 11446     183   1.0  2.07E-07  1.49E-06  8.23E-13  0.00
 4579 2.2895E+07    3 11448     183   1.0  2.07E-07  1.48E-06  1.82E-12  0.00
 4580 2.2900E+07    3 11451     183   1.0  2.06E-07  1.48E-06  1.08E-12  0.00
 4581 2.2905E+07    3 11453     183   1.0  2.06E-07  1.48E-06  8.72E-12  0.00
 4582 2.2910E+07    3 11456     183   1.0  2.05E-07  1.47E-06  9.65E-12  0.00
 4583 2.2915E+07    3 11458     183   1.0  2.05E-07  1.47E-06  2.84E-12  0.00
 4584 2.2920E+07    3 11461     183   1.0  2.04E-07  1.46E-06  3.35E-13  0.00
 4585 2.2925E+07    3 11463     183   1.0  2.03E-07  1.46E-06  1.64E-12  0.00
 4586 2.2930E+07    3 11466     183   1.0  2.02E-07  1.45E-06  2.80E-11  0.00
 4587 2.2935E+07    3 11468     183   1.0  2.01E-07  1.44E-06  3.01E-12  0.00
 4588 2.2940E+07    3 11471     183   1.0  2.00E-07  1.44E-06  7.68E-12  0.00
 4589 2.2945E+07    3 11473     183   1.0  2.00E-07  1.43E-06  1.85E-12  0.00
 4590 2.2950E+07    3 11476     183   1.0  1.99E-07  1.43E-06  3.81E-11  0.00
 4591 2.2955E+07    3 11478     183   1.0  1.98E-07  1.42E-06  7.25E-10  0.00
 4592 2.2960E+07    3 11481     183   1.0  1.97E-07  1.42E-06  1.02E-12  0.00
 4593 2.2965E+07    3 11483     183   1.0  1.97E-07  1.41E-06  1.37E-12  0.00
 4594 2.2970E+07    3 11486     183   1.0  1.96E-07  1.41E-06  3.06E-13  0.00
 4595 2.2975E+07    3 11488     183   1.0  1.95E-07  1.40E-06  5.29E-13  0.00
 4596 2.2980E+07    3 11491     183   1.0  1.95E-07  1.40E-06  5.15E-12  0.00
 4597 2.2985E+07    3 11493     183   1.0  1.94E-07  1.39E-06  1.11E-12  0.00
 4598 2.2990E+07    3 11496     183   1.0  1.93E-07  1.39E-06  2.63E-12  0.00
 4599 2.2995E+07    3 11498     183   1.0  1.93E-07  1.38E-06  8.48E-13  0.00
 4600 2.3000E+07    3 11501     183   1.0  1.92E-07  1.38E-06  1.20E-12  0.00
 4601 2.3005E+07    3 11503     183   1.0  1.91E-07  1.37E-06  6.51E-13  0.00
 4602 2.3010E+07    3 11506     183   1.0  1.91E-07  1.37E-06  3.31E-12  0.00
 4603 2.3015E+07    3 11508     183   1.0  1.90E-07  1.36E-06  5.44E-13  0.00
 4604 2.3020E+07    3 11511     183   1.0  1.89E-07  1.36E-06  3.88E-13  0.00
 4605 2.3025E+07    3 11513     183   1.0  1.89E-07  1.35E-06  3.55E-13  0.00
 4606 2.3030E+07    3 11516     183   1.0  1.88E-07  1.35E-06  4.34E-14  0.00
 4607 2.3035E+07    3 11518     183   1.0  1.87E-07  1.34E-06  9.89E-13  0.00
 4608 2.3040E+07    3 11521     183   1.0  1.87E-07  1.34E-06  8.74E-12  0.00
 4609 2.3045E+07    3 11523     183   1.0  1.86E-07  1.34E-06  2.94E-13  0.00
 4610 2.3050E+07    3 11526     183   1.0  1.86E-07  1.33E-06  6.85E-12  0.00
 4611 2.3055E+07    3 11528     183   1.0  1.85E-07  1.33E-06  2.99E-12  0.00
 4612 2.3060E+07    3 11531     183   1.0  1.84E-07  1.32E-06  1.26E-12  0.00
 4613 2.3065E+07    3 11533     183   1.0  1.84E-07  1.32E-06  1.05E-12  0.00
 4614 2.3070E+07    3 11536     183   1.0  1.83E-07  1.32E-06  3.47E-13  0.00
 4615 2.3075E+07    3 11538     183   1.0  1.83E-07  1.31E-06  2.66E-12  0.00
 4616 2.3080E+07    3 11541     183   1.0  1.82E-07  1.31E-06  2.33E-12  0.00
 4617 2.3085E+07    3 11543     183   1.0  1.82E-07  1.30E-06  2.85E-13  0.00
 4618 2.3090E+07    3 11546     183   1.0  1.82E-07  1.30E-06  1.11E-13  0.00
 4619 2.3095E+07    3 11548     183   1.0  1.81E-07  1.30E-06  2.01E-12  0.00
 4620 2.3100E+07    3 11551     183   1.0  1.80E-07  1.29E-06  1.14E-12  0.00
 4621 2.3105E+07    3 11553     183   1.0  1.80E-07  1.29E-06  3.66E-12  0.00
 4622 2.3110E+07    3 11556     183   1.0  1.79E-07  1.28E-06  2.39E-12  0.00
 4623 2.3115E+07    3 11558     183   1.0  1.79E-07  1.28E-06  1.65E-11  0.00
 4624 2.3120E+07    3 11561     183   1.0  1.78E-07  1.28E-06  4.54E-12  0.00
 4625 2.3125E+07    3 11563     183   1.0  1.78E-07  1.27E-06  8.60E-13  0.00
 4626 2.3130E+07    3 11566     183   1.0  1.77E-07  1.27E-06  1.11E-12  0.00
 4627 2.3135E+07    3 11568     183   1.0  1.77E-07  1.27E-06  1.64E-12  0.00
 4628 2.3140E+07    3 11571     183   1.0  1.76E-07  1.26E-06  4.20E-12  0.00
 4629 2.3145E+07    3 11573     183   1.0  1.76E-07  1.26E-06  1.02E-13  0.00
 4630 2.3150E+07    3 11576     183   1.0  1.75E-07  1.26E-06  3.62E-14  0.00
 4631 2.3155E+07    3 11578     183   1.0  1.75E-07  1.25E-06  3.96E-11  0.00
 4632 2.3160E+07    3 11581     183   1.0  1.74E-07  1.25E-06  1.80E-12  0.00
 4633 2.3165E+07    3 11583     183   1.0  1.74E-07  1.25E-06  8.28E-13  0.00
 4634 2.3170E+07    3 11586     183   1.0  1.73E-07  1.24E-06  1.22E-12  0.00
 4635 2.3175E+07    3 11588     183   1.0  1.73E-07  1.24E-06  1.46E-12  0.00
 4636 2.3180E+07    3 11591     183   1.0  1.73E-07  1.24E-06  6.41E-13  0.00
 4637 2.3185E+07    3 11593     183   1.0  1.72E-07  1.23E-06  3.01E-13  0.00
 4638 2.3190E+07    3 11596     183   1.0  1.72E-07  1.23E-06  8.05E-13  0.00
 4639 2.3195E+07    3 11598     183   1.0  1.71E-07  1.23E-06  1.51E-12  0.00
 4640 2.3200E+07    3 11601     183   1.0  1.71E-07  1.23E-06  4.25E-11  0.00
 4641 2.3205E+07    3 11603     183   1.0  1.70E-07  1.22E-06  1.40E-12  0.00
 4642 2.3210E+07    3 11606     183   1.0  1.70E-07  1.22E-06  1.16E-12  0.00
 4643 2.3215E+07    3 11608     183   1.0  1.70E-07  1.22E-06  7.64E-13  0.00
 4644 2.3220E+07    3 11611     183   1.0  1.69E-07  1.21E-06  2.36E-12  0.00
 4645 2.3225E+07    3 11613     183   1.0  1.69E-07  1.21E-06  6.21E-13  0.00
 4646 2.3230E+07    3 11616     183   1.0  1.68E-07  1.21E-06  1.11E-12  0.00
 4647 2.3235E+07    3 11618     183   1.0  1.68E-07  1.20E-06  1.26E-11  0.00
 4648 2.3240E+07    3 11621     183   1.0  1.68E-07  1.20E-06  4.31E-12  0.00
 4649 2.3245E+07    3 11623     183   1.0  1.67E-07  1.20E-06  1.18E-12  0.00
 4650 2.3250E+07    3 11626     183   1.0  1.67E-07  1.20E-06  1.36E-12  0.00
 4651 2.3255E+07    3 11628     183   1.0  1.66E-07  1.19E-06  1.12E-12  0.00
 4652 2.3260E+07    3 11631     183   1.0  1.66E-07  1.19E-06  2.56E-12  0.00
 4653 2.3265E+07    3 11633     183   1.0  1.66E-07  1.19E-06  1.02E-12  0.00
 4654 2.3270E+07    3 11636     183   1.0  1.65E-07  1.19E-06  3.02E-12  0.00
 4655 2.3275E+07    3 11638     183   1.0  1.65E-07  1.18E-06  1.85E-13  0.00
 4656 2.3280E+07    3 11641     183   1.0  1.65E-07  1.18E-06  8.74E-13  0.00
 4657 2.3285E+07    3 11643     183   1.0  1.64E-07  1.18E-06  4.43E-12  0.00
 4658 2.3290E+07    3 11646     183   1.0  1.64E-07  1.18E-06  5.67E-12  0.00
 4659 2.3295E+07    3 11648     183   1.0  1.64E-07  1.17E-06  2.21E-12  0.00
 4660 2.3300E+07    3 11651     183   1.0  1.63E-07  1.17E-06  4.82E-12  0.00
 4661 2.3305E+07    3 11653     183   1.0  1.63E-07  1.17E-06  1.25E-12  0.00
 4662 2.3310E+07    3 11656     183   1.0  1.62E-07  1.17E-06  1.18E-11  0.00
 4663 2.3315E+07    3 11658     183   1.0  1.62E-07  1.16E-06  7.97E-14  0.00
 4664 2.3320E+07    3 11661     183   1.0  1.62E-07  1.16E-06  4.07E-12  0.00
 4665 2.3325E+07    3 11663     183   1.0  1.61E-07  1.16E-06  2.10E-12  0.00
 4666 2.3330E+07    3 11666     183   1.0  1.61E-07  1.16E-06  2.21E-12  0.00
 4667 2.3335E+07    3 11668     183   1.0  1.61E-07  1.15E-06  6.72E-13  0.00
 4668 2.3340E+07    3 11671     183   1.0  1.60E-07  1.15E-06  3.07E-13  0.00
 4669 2.3345E+07    3 11673     183   1.0  1.60E-07  1.15E-06  1.12E-12  0.00
 4670 2.3350E+07    3 11676     183   1.0  1.60E-07  1.15E-06  1.40E-13  0.00
 4671 2.3355E+07    3 11678     183   1.0  1.59E-07  1.14E-06  1.07E-12  0.00
 4672 2.3360E+07    3 11681     183   1.0  1.59E-07  1.14E-06  2.57E-12  0.00
 4673 2.3365E+07    3 11683     183   1.0  1.59E-07  1.14E-06  1.08E-12  0.00
 4674 2.3370E+07    3 11686     183   1.0  1.59E-07  1.14E-06  8.34E-13  0.00
 4675 2.3375E+07    3 11688     183   1.0  1.58E-07  1.13E-06  5.31E-13  0.00
 4676 2.3380E+07    3 11691     183   1.0  1.58E-07  1.13E-06  4.32E-13  0.00
 4677 2.3385E+07    3 11693     183   1.0  1.58E-07  1.13E-06  5.76E-13  0.00
 4678 2.3390E+07    3 11696     183   1.0  1.57E-07  1.13E-06  5.25E-13  0.00
 4679 2.3395E+07    3 11698     183   1.0  1.57E-07  1.13E-06  9.64E-14  0.00
 4680 2.3400E+07    3 11701     183   1.0  1.57E-07  1.12E-06  6.68E-13  0.00
 4681 2.3405E+07    3 11703     183   1.0  1.21E-07  8.40E-07  3.42E-10  0.00
 4682 2.3410E+07    3 11706     183   1.0  6.39E-08  4.36E-07  5.06E-13  0.00
 4683 2.3415E+07    3 11708     183   1.0  6.38E-08  4.36E-07  1.02E-13  0.00
 4684 2.3420E+07    3 11711     183   1.0  6.38E-08  4.36E-07  1.15E-13  0.00
 4685 2.3425E+07    3 11713     183   1.0  6.38E-08  4.35E-07  4.83E-13  0.00
 4686 2.3430E+07    3 11716     183   1.0  6.38E-08  4.35E-07  2.88E-13  0.00
 4687 2.3435E+07    3 11718     183   1.0  6.38E-08  4.35E-07  1.24E-13  0.00
 4688 2.3440E+07    3 11721     183   1.0  6.38E-08  4.35E-07  2.73E-13  0.00
 4689 2.3445E+07    3 11723     183   1.0  6.38E-08  4.35E-07  1.19E-10  0.00
 4690 2.3450E+07    3 11726     183   1.0  6.38E-08  4.35E-07  1.20E-12  0.00
 4691 2.3455E+07    3 11728     183   1.0  6.38E-08  4.35E-07  2.79E-12  0.00
 4692 2.3460E+07    3 11731     183   1.0  6.38E-08  4.35E-07  9.66E-13  0.00
 4693 2.3465E+07    3 11733     184   1.0  6.38E-08  4.35E-07  2.26E-13  0.00
 4694 2.3470E+07    3 11736     184   1.0  6.38E-08  4.35E-07  1.58E-12  0.00
 4695 2.3475E+07    3 11738     184   1.0  6.38E-08  4.35E-07  1.53E-12  0.00
 4696 2.3480E+07    3 11741     184   1.0  6.38E-08  4.35E-07  1.29E-12  0.00
 4697 2.3485E+07    3 11743     184   1.0  6.38E-08  4.35E-07  3.65E-13  0.00
 4698 2.3490E+07    3 11746     184   1.0  6.38E-08  4.35E-07  4.01E-14  0.00
 4699 2.3495E+07    3 11748     184   1.0  6.38E-08  4.35E-07  1.70E-13  0.00
 4700 2.3500E+07    3 11751     184   1.0  6.38E-08  4.35E-07  5.65E-13  0.00
 4701 2.3505E+07    3 11753     184   1.0  6.38E-08  4.35E-07  2.22E-12  0.00
 4702 2.3510E+07    3 11756     184   1.0  6.38E-08  4.35E-07  3.71E-13  0.00
 4703 2.3515E+07    3 11758     184   1.0  6.38E-08  4.35E-07  3.30E-13  0.00
 4704 2.3520E+07    3 11761     184   1.0  6.38E-08  4.35E-07  8.01E-14  0.00
 4705 2.3525E+07    3 11763     184   1.0  6.38E-08  4.35E-07  8.32E-13  0.00
 4706 2.3530E+07    3 11766     184   1.0  6.38E-08  4.35E-07  8.69E-13  0.00
 4707 2.3535E+07    3 11768     184   1.0  6.38E-08  4.35E-07  1.99E-11  0.00
 4708 2.3540E+07    3 11771     184   1.0  6.38E-08  4.35E-07  9.06E-14  0.00
 4709 2.3545E+07    3 11773     184   1.0  6.38E-08  4.35E-07  5.51E-12  0.00
 4710 2.3550E+07    3 11776     184   1.0  6.38E-08  4.35E-07  4.26E-13  0.00
 4711 2.3555E+07    3 11778     184   1.0  6.38E-08  4.35E-07  1.46E-13  0.00
 4712 2.3560E+07    3 11781     184   1.0  6.38E-08  4.35E-07  1.09E-12  0.00
 4713 2.3565E+07    3 11783     184   1.0  6.22E-08  4.34E-07  4.62E-13  0.00
 4714 2.3570E+07    3 11786     184   1.0  6.12E-08  4.33E-07  2.70E-14  0.00
 4715 2.3575E+07    3 11788     184   1.0  6.12E-08  4.33E-07  1.85E-13  0.00
 4716 2.3580E+07    3 11791     184   1.0  6.12E-08  4.33E-07  1.28E-13  0.00
 4717 2.3585E+07    3 11793     184   1.0  6.12E-08  4.33E-07  2.65E-13  0.00
 4718 2.3590E+07    3 11796     184   1.0  6.12E-08  4.33E-07  7.01E-14  0.00
 4719 2.3595E+07    3 11798     184   1.0  6.08E-08  4.30E-07  4.17E-10  0.00
 4720 2.3600E+07    3 11801     184   1.0  5.19E-08  3.71E-07  6.16E-14  0.00
 4721 2.3605E+07    3 11803     184   1.0  5.20E-08  3.71E-07  2.38E-11  0.00
 4722 2.3610E+07    3 11806     184   1.0  5.21E-08  3.72E-07  9.39E-11  0.00
 4723 2.3615E+07    3 11808     184   1.0  5.59E-08  3.91E-07  1.83E-13  0.00
 4724 2.3620E+07    3 11811     184   1.0  5.59E-08  3.91E-07  3.19E-13  0.00
 4725 2.3625E+07    3 11813     184   1.0  5.59E-08  3.91E-07  4.98E-13  0.00
 4726 2.3630E+07    3 11816     184   1.0  5.59E-08  3.91E-07  7.41E-13  0.00
 4727 2.3635E+07    3 11818     184   1.0  5.59E-08  3.91E-07  3.92E-12  0.00
 4728 2.3640E+07    3 11821     184   1.0  5.59E-08  3.91E-07  3.15E-14  0.00
 4729 2.3645E+07    3 11823     184   1.0  5.58E-08  3.91E-07  1.27E-12  0.00
 4730 2.3650E+07    3 11826     184   1.0  5.58E-08  3.91E-07  2.95E-12  0.00
 4731 2.3655E+07    3 11828     184   1.0  5.58E-08  3.91E-07  4.54E-13  0.00
 4732 2.3660E+07    3 11831     184   1.0  5.60E-08  3.91E-07  7.21E-11  0.00
 4733 2.3665E+07    3 11833     184   1.0  5.58E-08  3.90E-07  3.01E-12  0.00
 4734 2.3670E+07    3 11836     184   1.0  5.58E-08  3.90E-07  1.71E-13  0.00
 4735 2.3675E+07    3 11838     184   1.0  5.58E-08  3.90E-07  5.50E-13  0.00
 4736 2.3680E+07    3 11841     184   1.0  5.58E-08  3.90E-07  9.71E-14  0.00
 4737 2.3685E+07    3 11843     184   1.0  5.58E-08  3.90E-07  3.52E-13  0.00
 4738 2.3690E+07    3 11846     184   1.0  5.58E-08  3.90E-07  1.40E-12  0.00
 4739 2.3695E+07    3 11848     184   1.0  5.58E-08  3.90E-07  2.66E-12  0.00
 4740 2.3700E+07    4 11851     184   1.0  5.58E-08  3.90E-07  2.36E-12  0.00
 4741 2.3705E+07    4 11853     184   1.0  1.12E-07  7.80E-07  1.29E-12  0.00
 4742 2.3710E+07    4 11856     184   1.0  1.12E-07  7.80E-07  9.79E-13  0.00
 4743 2.3715E+07    4 11858     184   1.0  1.12E-07  7.80E-07  2.01E-11  0.00
 4744 2.3720E+07    4 11861     184   1.0  1.12E-07  7.80E-07  3.54E-12  0.00
 4745 2.3725E+07    4 11863     184   1.0  1.12E-07  7.80E-07  1.44E-12  0.00
 4746 2.3730E+07    4 11866     184   1.0  1.11E-07  7.80E-07  2.17E-14  0.00
 4747 2.3735E+07    4 11868     184   1.0  1.11E-07  7.79E-07  5.42E-13  0.00
 4748 2.3740E+07    4 11871     184   1.0  1.12E-07  7.79E-07  7.09E-13  0.00
 4749 2.3745E+07    4 11873     184   1.0  1.11E-07  7.79E-07  2.27E-12  0.00
 4750 2.3750E+07    4 11876     184   1.0  1.11E-07  7.79E-07  1.09E-11  0.00
 4751 2.3755E+07    4 11878     184   1.0  1.11E-07  7.79E-07  1.32E-11  0.00
 4752 2.3760E+07    4 11881     184   1.0  1.11E-07  7.79E-07  6.51E-13  0.00
 4753 2.3765E+07    4 11883     184   1.0  1.11E-07  7.79E-07  8.95E-13  0.00
 4754 2.3770E+07    4 11886     184   1.0  1.11E-07  7.78E-07  1.69E-12  0.00
 4755 2.3775E+07    4 11888     184   1.0  1.11E-07  7.78E-07  4.71E-11  0.00
 4756 2.3780E+07    4 11891     184   1.0  1.24E-07  8.34E-07  1.22E-12  0.00
 4757 2.3785E+07    4 11893     184   1.0  1.28E-07  8.55E-07  4.76E-13  0.00
 4758 2.3790E+07    4 11896     184   1.0  1.28E-07  8.55E-07  1.25E-12  0.00
 4759 2.3795E+07    4 11898     184   1.0  1.28E-07  8.54E-07  1.06E-12  0.00
 4760 2.3800E+07    4 11901     184   1.0  1.28E-07  8.54E-07  2.51E-13  0.00
 4761 2.3805E+07    4 11903     184   1.0  1.28E-07  8.54E-07  2.18E-13  0.00
 4762 2.3810E+07    4 11906     184   1.0  1.28E-07  8.54E-07  5.15E-13  0.00
 4763 2.3815E+07    4 11908     184   1.0  1.28E-07  8.54E-07  1.60E-12  0.00
 4764 2.3820E+07    4 11911     184   1.0  1.28E-07  8.54E-07  6.73E-13  0.00
 4765 2.3825E+07    4 11913     184   1.0  1.28E-07  8.53E-07  6.10E-12  0.00
 4766 2.3830E+07    4 11916     184   1.0  1.28E-07  8.53E-07  7.22E-12  0.00
 4767 2.3835E+07    4 11918     184   1.0  1.28E-07  8.53E-07  5.51E-13  0.00
 4768 2.3840E+07    4 11921     184   1.0  1.28E-07  8.53E-07  3.25E-12  0.00
 4769 2.3845E+07    4 11923     184   1.0  1.28E-07  8.53E-07  2.10E-13  0.00
 4770 2.3850E+07    4 11926     184   1.0  1.28E-07  8.53E-07  4.82E-12  0.00
 4771 2.3855E+07    4 11928     184   1.0  1.28E-07  8.52E-07  3.52E-13  0.00
 4772 2.3860E+07    4 11931     184   1.0  1.28E-07  8.52E-07  1.18E-12  0.00
 4773 2.3865E+07    4 11933     184   1.0  1.28E-07  8.52E-07  2.60E-13  0.00
 4774 2.3870E+07    4 11936     184   1.0  1.28E-07  8.52E-07  6.03E-13  0.00
 4775 2.3875E+07    4 11938     184   1.0  1.28E-07  8.52E-07  8.45E-13  0.00
 4776 2.3880E+07    4 11941     184   1.0  1.28E-07  8.52E-07  5.79E-13  0.00
 4777 2.3885E+07    4 11943     184   1.0  1.28E-07  8.52E-07  1.39E-11  0.00
 4778 2.3890E+07    4 11946     184   1.0  1.28E-07  8.51E-07  3.31E-13  0.00
 4779 2.3895E+07    4 11948     184   1.0  1.28E-07  8.51E-07  1.95E-12  0.00
 4780 2.3900E+07    4 11951     184   1.0  1.28E-07  8.51E-07  1.42E-12  0.00
 4781 2.3905E+07    4 11953     184   1.0  1.28E-07  8.51E-07  6.18E-13  0.00
 4782 2.3910E+07    4 11956     184   1.0  1.28E-07  8.51E-07  5.14E-13  0.00
 4783 2.3915E+07    4 11958     184   1.0  1.28E-07  8.51E-07  4.65E-13  0.00
 4784 2.3920E+07    4 11961     184   1.0  1.28E-07  8.50E-07  7.20E-13  0.00
 4785 2.3925E+07    4 11963     184   1.0  1.28E-07  8.50E-07  7.10E-13  0.00
 4786 2.3930E+07    4 11966     184   1.0  1.28E-07  8.50E-07  9.27E-13  0.00
 4787 2.3935E+07    4 11968     184   1.0  1.28E-07  8.50E-07  6.03E-12  0.00
 4788 2.3940E+07    4 11971     184   1.0  1.28E-07  8.50E-07  1.20E-12  0.00
 4789 2.3945E+07    4 11973     184   1.0  1.28E-07  8.50E-07  4.63E-13  0.00
 4790 2.3950E+07    4 11976     184   1.0  1.28E-07  8.49E-07  2.10E-13  0.00
 4791 2.3955E+07    4 11978     184   1.0  1.28E-07  8.49E-07  8.53E-14  0.00
 4792 2.3960E+07    4 11981     184   1.0  1.28E-07  8.49E-07  2.04E-12  0.00
 4793 2.3965E+07    4 11983     184   1.0  1.28E-07  8.49E-07  7.14E-13  0.00
 4794 2.3970E+07    4 11986     184   1.0  1.28E-07  8.49E-07  3.66E-14  0.00
 4795 2.3975E+07    4 11988     184   1.0  1.28E-07  8.49E-07  7.15E-13  0.00
 4796 2.3980E+07    4 11991     184   1.0  1.28E-07  8.48E-07  2.52E-12  0.00
 4797 2.3985E+07    4 11993     184   1.0  1.28E-07  8.48E-07  2.49E-12  0.00
 4798 2.3990E+07    4 11996     184   1.0  1.27E-07  8.48E-07  6.22E-13  0.00
 4799 2.3995E+07    4 11998     184   1.0  1.27E-07  8.48E-07  6.55E-12  0.00
 4800 2.4000E+07    4 12001     184   1.0  1.27E-07  8.48E-07  1.40E-12  0.00
 4801 2.4005E+07    4 12003     184   1.0  1.27E-07  8.48E-07  4.40E-12  0.00
 4802 2.4010E+07    4 12006     184   1.0  1.27E-07  8.48E-07  4.82E-13  0.00
 4803 2.4015E+07    4 12008     184   1.0  1.27E-07  8.47E-07  1.73E-12  0.00
 4804 2.4020E+07    4 12011     184   1.0  1.27E-07  8.47E-07  1.33E-12  0.00
 4805 2.4025E+07    4 12013     184   1.0  1.27E-07  8.47E-07  6.18E-16  0.00
 4806 2.4030E+07    4 12016     184   1.0  1.27E-07  8.47E-07  2.01E-10  0.00
 4807 2.4035E+07    4 12018     184   1.0  1.27E-07  8.47E-07  1.60E-12  0.00
 4808 2.4040E+07    4 12021     184   1.0  1.27E-07  8.47E-07  2.38E-12  0.00
 4809 2.4045E+07    4 12023     184   1.0  1.27E-07  8.46E-07  2.21E-13  0.00
 4810 2.4050E+07    4 12026     184   1.0  1.27E-07  8.46E-07  8.39E-13  0.00
 4811 2.4055E+07    4 12028     184   1.0  1.27E-07  8.46E-07  4.70E-13  0.00
 4812 2.4060E+07    4 12031     184   1.0  1.27E-07  8.46E-07  2.57E-12  0.00
 4813 2.4065E+07    4 12033     184   1.0  1.27E-07  8.46E-07  4.34E-13  0.00
 4814 2.4070E+07    4 12036     184   1.0  1.27E-07  8.46E-07  1.17E-12  0.00
 4815 2.4075E+07    4 12038     184   1.0  1.27E-07  8.45E-07  4.17E-12  0.00
 4816 2.4080E+07    4 12041     184   1.0  1.27E-07  8.45E-07  2.82E-13  0.00
 4817 2.4085E+07    4 12043     184   1.0  1.27E-07  8.45E-07  1.62E-12  0.00
 4818 2.4090E+07    4 12046     184   1.0  1.27E-07  8.45E-07  9.55E-13  0.00
 4819 2.4095E+07    4 12048     184   1.0  1.27E-07  8.45E-07  1.54E-13  0.00
 4820 2.4100E+07    4 12051     184   1.0  1.27E-07  8.45E-07  4.39E-12  0.00
 4821 2.4105E+07    4 12053     184   1.0  1.27E-07  8.44E-07  5.83E-13  0.00
 4822 2.4110E+07    4 12056     184   1.0  1.27E-07  8.44E-07  4.74E-13  0.00
 4823 2.4115E+07    4 12058     184   1.0  1.27E-07  8.44E-07  1.31E-12  0.00
 4824 2.4120E+07    4 12061     184   1.0  1.27E-07  8.44E-07  3.69E-13  0.00
 4825 2.4125E+07    4 12063     184   1.0  9.74E-08  6.18E-07  2.55E-12  0.00
 4826 2.4130E+07    4 12066     184   1.0  7.60E-08  4.94E-07  6.82E-13  0.00
 4827 2.4135E+07    4 12068     184   1.0  7.60E-08  4.94E-07  1.59E-11  0.00
 4828 2.4140E+07    4 12071     184   1.0  7.43E-08  4.71E-07  1.35E-09  0.00
 4829 2.4145E+07    4 12073     184   1.0  5.44E-08  3.54E-07  1.04E-12  0.00
 4830 2.4150E+07    4 12076     184   1.0  5.41E-08  3.54E-07  2.51E-13  0.00
 4831 2.4155E+07    4 12078     184   1.0  5.45E-08  3.53E-07  1.12E-12  0.00
 4832 2.4160E+07    4 12081     184   1.0  5.41E-08  3.53E-07  2.99E-13  0.00
 4833 2.4165E+07    4 12083     184   1.0  5.41E-08  3.53E-07  2.38E-13  0.00
 4834 2.4170E+07    4 12086     184   1.0  5.41E-08  3.53E-07  1.21E-11  0.00
 4835 2.4175E+07    4 12088     184   1.0  5.41E-08  3.53E-07  3.82E-12  0.00
 4836 2.4180E+07    4 12091     184   1.0  5.40E-08  3.53E-07  7.10E-13  0.00
 4837 2.4185E+07    4 12093     184   1.0  5.62E-08  3.98E-07  1.02E-13  0.00
 4838 2.4190E+07    4 12096     184   1.0  5.75E-08  4.27E-07  2.41E-13  0.00
 4839 2.4195E+07    4 12098     184   1.0  5.75E-08  4.27E-07  5.43E-14  0.00
 4840 2.4200E+07    4 12101     184   1.0  5.75E-08  4.27E-07  4.52E-13  0.00
 4841 2.4205E+07    4 12103     184   1.0  5.75E-08  4.27E-07  1.02E-10  0.00
 4842 2.4210E+07    4 12106     184   1.0  5.74E-08  4.27E-07  1.61E-12  0.00
 4843 2.4215E+07    4 12108     184   1.0  5.74E-08  4.26E-07  1.61E-14  0.00
 4844 2.4220E+07    4 12111     184   1.0  5.74E-08  4.26E-07  1.18E-12  0.00
 4845 2.4225E+07    4 12113     184   1.0  5.74E-08  4.26E-07  8.67E-14  0.00
 4846 2.4230E+07    4 12116     184   1.0  5.74E-08  4.26E-07  6.85E-13  0.00
 4847 2.4235E+07    4 12118     184   1.0  5.98E-08  4.55E-07  1.64E-12  0.00
 4848 2.4240E+07    4 12121     184   1.0  6.51E-08  5.18E-07  8.34E-14  0.00
 4849 2.4245E+07    4 12123     184   1.0  6.87E-08  5.24E-07  6.12E-13  0.00
 4850 2.4250E+07    4 12126     184   1.0  7.39E-08  5.31E-07  2.42E-12  0.00
 4851 2.4255E+07    4 12128     184   1.0  7.38E-08  5.31E-07  7.39E-13  0.00
 4852 2.4260E+07    4 12131     184   1.0  7.38E-08  5.30E-07  1.23E-12  0.00
 4853 2.4265E+07    4 12133     184   1.0  7.38E-08  5.27E-07  6.22E-13  0.00
 4854 2.4270E+07    4 12136     184   1.0  7.43E-08  5.09E-07  3.31E-09  0.00
 4855 2.4275E+07    4 12138     184   1.0  5.82E-08  4.22E-07  6.11E-12  0.00
 4856 2.4280E+07    4 12141     184   1.0  5.82E-08  4.22E-07  7.73E-14  0.00
 4857 2.4285E+07    4 12143     184   1.0  5.81E-08  4.21E-07  1.24E-13  0.00
 4858 2.4290E+07    4 12146     184   1.0  5.81E-08  4.21E-07  1.28E-12  0.00
 4859 2.4295E+07    4 12148     184   1.0  5.81E-08  4.21E-07  2.97E-13  0.00
 4860 2.4300E+07    4 12151     184   1.0  5.81E-08  4.21E-07  3.82E-13  0.00
 4861 2.4305E+07    4 12153     184   1.0  5.81E-08  4.21E-07  1.51E-12  0.00
 4862 2.4310E+07    4 12156     184   1.0  5.81E-08  4.21E-07  3.54E-11  0.00
 4863 2.4315E+07    4 12158     184   1.0  5.80E-08  4.21E-07  2.77E-12  0.00
 4864 2.4320E+07    4 12161     184   1.0  5.80E-08  4.21E-07  1.73E-13  0.00
 4865 2.4325E+07    4 12163     184   1.0  5.80E-08  4.21E-07  7.08E-14  0.00
 4866 2.4330E+07    4 12166     184   1.0  5.80E-08  4.20E-07  9.20E-13  0.00
 4867 2.4335E+07    4 12168     184   1.0  5.80E-08  4.20E-07  8.98E-13  0.00
 4868 2.4340E+07    4 12171     184   1.0  5.80E-08  4.20E-07  3.59E-13  0.00
 4869 2.4345E+07    4 12173     184   1.0  5.80E-08  4.20E-07  5.92E-13  0.00
 4870 2.4350E+07    4 12176     184   1.0  5.79E-08  4.20E-07  1.31E-12  0.00
 4871 2.4355E+07    4 12178     184   1.0  5.79E-08  4.20E-07  5.84E-13  0.00
 4872 2.4360E+07    4 12181     184   1.0  5.79E-08  4.20E-07  2.83E-14  0.00
 4873 2.4365E+07    4 12183     184   1.0  5.79E-08  4.20E-07  2.59E-13  0.00
 4874 2.4370E+07    4 12186     184   1.0  5.79E-08  4.19E-07  4.12E-11  0.00
 4875 2.4375E+07    4 12188     184   1.0  5.79E-08  4.19E-07  1.12E-12  0.00
 4876 2.4380E+07    4 12191     184   1.0  5.78E-08  4.19E-07  1.04E-13  0.00
 4877 2.4385E+07    4 12193     184   1.0  5.78E-08  4.19E-07  8.33E-12  0.00
 4878 2.4390E+07    4 12196     184   1.0  5.78E-08  4.19E-07  8.67E-12  0.00
 4879 2.4395E+07    4 12198     184   1.0  5.78E-08  4.19E-07  4.62E-13  0.00
 4880 2.4400E+07    4 12201     184   1.0  5.78E-08  4.19E-07  9.24E-14  0.00
 4881 2.4405E+07    4 12203     184   1.0  5.78E-08  4.19E-07  6.33E-14  0.00
 4882 2.4410E+07    4 12206     184   1.0  5.77E-08  4.19E-07  2.47E-13  0.00
 4883 2.4415E+07    4 12208     184   1.0  5.77E-08  4.18E-07  4.08E-13  0.00
 4884 2.4420E+07    4 12211     184   1.0  5.77E-08  4.18E-07  9.44E-14  0.00
 4885 2.4425E+07    4 12213     184   1.0  5.77E-08  4.18E-07  1.30E-12  0.00
 4886 2.4430E+07    4 12216     184   1.0  5.77E-08  4.18E-07  1.48E-11  0.00
 4887 2.4435E+07    4 12218     184   1.0  5.77E-08  4.18E-07  1.66E-13  0.00
 4888 2.4440E+07    4 12221     184   1.0  5.77E-08  4.18E-07  1.23E-13  0.00
 4889 2.4445E+07    4 12223     184   1.0  5.76E-08  4.18E-07  1.79E-13  0.00
 4890 2.4450E+07    4 12226     184   1.0  5.76E-08  4.18E-07  6.41E-13  0.00
 4891 2.4455E+07    4 12228     184   1.0  5.76E-08  4.17E-07  5.82E-12  0.00
 4892 2.4460E+07    4 12231     184   1.0  5.76E-08  4.17E-07  4.58E-13  0.00
 4893 2.4465E+07    4 12233     184   1.0  5.76E-08  4.17E-07  7.61E-12  0.00
 4894 2.4470E+07    4 12236     184   1.0  5.76E-08  4.17E-07  4.46E-13  0.00
 4895 2.4475E+07    4 12238     184   1.0  5.75E-08  4.17E-07  4.80E-13  0.00
 4896 2.4480E+07    4 12241     184   1.0  5.75E-08  4.17E-07  1.14E-13  0.00
 4897 2.4485E+07    4 12243     184   1.0  5.75E-08  4.17E-07  1.22E-13  0.00
 4898 2.4490E+07    4 12246     184   1.0  5.75E-08  4.17E-07  4.03E-13  0.00
 4899 2.4495E+07    4 12248     184   1.0  5.75E-08  4.17E-07  8.88E-13  0.00
 4900 2.4500E+07    4 12251     184   1.0  5.75E-08  4.16E-07  3.84E-14  0.00
 4901 2.4505E+07    4 12253     184   1.0  5.74E-08  4.16E-07  3.51E-13  0.00
 4902 2.4510E+07    4 12256     184   1.0  6.71E-08  4.54E-07  1.70E-12  0.00
 4903 2.4515E+07    4 12258     184   1.0  7.72E-08  4.94E-07  8.18E-14  0.00
 4904 2.4520E+07    4 12261     184   1.0  7.72E-08  4.94E-07  9.83E-14  0.00
 4905 2.4525E+07    4 12263     184   1.0  7.72E-08  4.93E-07  1.56E-13  0.00
 4906 2.4530E+07    4 12266     184   1.0  7.75E-08  4.80E-07  1.11E-11  0.00
 4907 2.4535E+07    4 12268     184   1.0  7.49E-08  4.15E-07  3.21E-13  0.00
 4908 2.4540E+07    4 12271     184   1.0  7.49E-08  4.15E-07  5.07E-13  0.00
 4909 2.4545E+07    4 12273     184   1.0  7.49E-08  4.15E-07  7.62E-13  0.00
 4910 2.4550E+07    4 12276     184   1.0  7.49E-08  4.14E-07  9.01E-14  0.00
 4911 2.4555E+07    4 12278     184   1.0  7.49E-08  4.14E-07  2.71E-13  0.00
 4912 2.4560E+07    4 12281     184   1.0  7.48E-08  4.14E-07  1.34E-13  0.00
 4913 2.4565E+07    4 12283     184   1.0  7.48E-08  4.14E-07  1.02E-12  0.00
 4914 2.4570E+07    4 12286     184   1.0  7.48E-08  4.14E-07  5.59E-13  0.00
 4915 2.4575E+07    4 12288     184   1.0  7.48E-08  4.14E-07  4.38E-14  0.00
 4916 2.4580E+07    4 12291     184   1.0  7.48E-08  4.14E-07  2.44E-12  0.00
 4917 2.4585E+07    4 12293     184   1.0  7.48E-08  4.14E-07  6.34E-14  0.00
 4918 2.4590E+07    4 12296     184   1.0  7.47E-08  4.14E-07  1.80E-13  0.00
 4919 2.4595E+07    4 12298     184   1.0  7.48E-08  4.14E-07  2.99E-12  0.00
 4920 2.4600E+07    4 12301     184   1.0  7.47E-08  4.14E-07  5.99E-13  0.00
 4921 2.4605E+07    4 12303     184   1.0  7.47E-08  4.13E-07  2.41E-13  0.00
 4922 2.4610E+07    4 12306     184   1.0  7.47E-08  4.13E-07  2.01E-13  0.00
 4923 2.4615E+07    4 12308     184   1.0  7.46E-08  4.13E-07  2.49E-13  0.00
 4924 2.4620E+07    4 12311     184   1.0  7.46E-08  4.13E-07  7.31E-14  0.00
 4925 2.4625E+07    4 12313     184   1.0  7.46E-08  4.13E-07  3.74E-13  0.00
 4926 2.4630E+07    4 12316     184   1.0  7.46E-08  4.13E-07  1.15E-11  0.00
 4927 2.4635E+07    4 12318     184   1.0  7.37E-08  4.04E-07  1.51E-13  0.00
 4928 2.4640E+07    4 12321     184   1.0  7.31E-08  3.99E-07  4.16E-11  0.00
 4929 2.4645E+07    4 12323     184   1.0  7.32E-08  3.99E-07  1.30E-11  0.00
 4930 2.4650E+07    4 12326     184   1.0  7.31E-08  3.99E-07  6.03E-12  0.00
 4931 2.4655E+07    4 12328     184   1.0  7.31E-08  3.99E-07  4.03E-13  0.00
 4932 2.4660E+07    4 12331     184   1.0  7.31E-08  3.99E-07  2.53E-13  0.00
 4933 2.4665E+07    4 12333     184   1.0  7.30E-08  3.99E-07  1.44E-13  0.00
 4934 2.4670E+07    4 12336     184   1.0  7.30E-08  3.99E-07  1.20E-13  0.00
 4935 2.4675E+07    4 12338     184   1.0  7.30E-08  3.99E-07  1.23E-12  0.00
 4936 2.4680E+07    4 12341     184   1.0  7.30E-08  3.98E-07  2.41E-13  0.00
 4937 2.4685E+07    4 12343     184   1.0  7.30E-08  3.98E-07  1.26E-13  0.00
 4938 2.4690E+07    4 12346     184   1.0  7.30E-08  3.98E-07  1.83E-13  0.00
 4939 2.4695E+07    4 12348     184   1.0  7.29E-08  3.98E-07  5.99E-13  0.00
 4940 2.4700E+07    4 12351     184   1.0  7.29E-08  3.98E-07  3.30E-13  0.00
 4941 2.4705E+07    4 12353     184   1.0  7.29E-08  3.98E-07  3.97E-14  0.00
 4942 2.4710E+07    4 12356     184   1.0  7.29E-08  3.98E-07  5.97E-13  0.00
 4943 2.4715E+07    4 12358     184   1.0  7.29E-08  3.98E-07  2.01E-13  0.00
 4944 2.4720E+07    4 12361     184   1.0  7.29E-08  3.98E-07  3.51E-13  0.00
 4945 2.4725E+07    4 12363     184   1.0  7.28E-08  3.98E-07  2.01E-12  0.00
 4946 2.4730E+07    4 12366     184   1.0  7.28E-08  3.97E-07  6.26E-14  0.00
 4947 2.4735E+07    4 12368     184   1.0  7.28E-08  3.97E-07  1.14E-13  0.00
 4948 2.4740E+07    4 12371     184   1.0  7.28E-08  3.97E-07  1.47E-12  0.00
 4949 2.4745E+07    4 12373     184   1.0  7.28E-08  3.97E-07  2.16E-13  0.00
 4950 2.4750E+07    4 12376     184   1.0  7.27E-08  3.97E-07  2.67E-13  0.00
 4951 2.4755E+07    4 12378     184   1.0  7.27E-08  3.97E-07  7.03E-13  0.00
 4952 2.4760E+07    4 12381     184   1.0  7.27E-08  3.97E-07  1.94E-13  0.00
 4953 2.4765E+07    4 12383     184   1.0  7.27E-08  3.97E-07  3.99E-13  0.00
 4954 2.4770E+07    4 12386     184   1.0  7.27E-08  3.97E-07  4.12E-13  0.00
 4955 2.4775E+07    4 12388     184   1.0  7.26E-08  3.97E-07  1.32E-12  0.00
 4956 2.4780E+07    4 12391     184   1.0  7.26E-08  3.97E-07  7.76E-13  0.00
 4957 2.4785E+07    4 12393     184   1.0  7.26E-08  3.96E-07  3.91E-13  0.00
 4958 2.4790E+07    4 12396     184   1.0  7.26E-08  3.96E-07  5.44E-13  0.00
 4959 2.4795E+07    4 12398     184   1.0  7.26E-08  3.96E-07  2.30E-13  0.00
 4960 2.4800E+07    4 12401     184   1.0  7.26E-08  3.96E-07  9.24E-14  0.00
 4961 2.4805E+07    4 12403     184   1.0  7.25E-08  3.96E-07  8.71E-13  0.00
 4962 2.4810E+07    4 12406     184   1.0  7.25E-08  3.96E-07  1.13E-13  0.00
 4963 2.4815E+07    4 12408     184   1.0  7.25E-08  3.96E-07  1.08E-11  0.00
 4964 2.4820E+07    4 12411     184   1.0  7.25E-08  3.96E-07  7.79E-14  0.00
 4965 2.4825E+07    4 12413     184   1.0  7.25E-08  3.96E-07  4.15E-12  0.00
 4966 2.4830E+07    4 12416     184   1.0  7.25E-08  3.96E-07  4.05E-12  0.00
 4967 2.4835E+07    4 12418     184   1.0  7.24E-08  3.95E-07  1.87E-13  0.00
 4968 2.4840E+07    4 12421     184   1.0  7.24E-08  3.95E-07  1.41E-12  0.00
 4969 2.4845E+07    4 12423     184   1.0  7.25E-08  3.95E-07  2.41E-10  0.00
 4970 2.4850E+07    4 12426     184   1.0  7.24E-08  3.95E-07  5.47E-13  0.00
 4971 2.4855E+07    4 12428     184   1.0  7.24E-08  3.95E-07  1.22E-13  0.00
 4972 2.4860E+07    4 12431     184   1.0  7.23E-08  3.95E-07  5.72E-14  0.00
 4973 2.4865E+07    4 12433     184   1.0  7.23E-08  3.95E-07  2.79E-13  0.00
 4974 2.4870E+07    4 12436     184   1.0  7.23E-08  3.95E-07  9.29E-14  0.00
 4975 2.4875E+07    4 12438     184   1.0  7.23E-08  3.95E-07  8.91E-13  0.00
 4976 2.4880E+07    4 12441     184   1.0  7.23E-08  3.95E-07  2.78E-13  0.00
 4977 2.4885E+07    4 12443     184   1.0  7.23E-08  3.94E-07  2.41E-14  0.00
 4978 2.4890E+07    4 12446     184   1.0  7.22E-08  3.94E-07  1.04E-12  0.00
 4979 2.4895E+07    4 12448     184   1.0  7.22E-08  3.94E-07  1.48E-13  0.00
 4980 2.4900E+07    4 12451     184   1.0  7.22E-08  3.94E-07  5.05E-13  0.00
 4981 2.4905E+07    4 12453     184   1.0  7.22E-08  3.94E-07  3.14E-13  0.00
 4982 2.4910E+07    4 12456     184   1.0  7.22E-08  3.94E-07  2.20E-13  0.00
 4983 2.4915E+07    4 12458     184   1.0  7.22E-08  3.94E-07  1.04E-12  0.00
 4984 2.4920E+07    4 12461     185   1.0  7.21E-08  3.94E-07  1.43E-13  0.00
 4985 2.4925E+07    4 12463     185   1.0  7.21E-08  3.94E-07  5.66E-14  0.00
 4986 2.4930E+07    4 12466     185   1.0  7.21E-08  3.94E-07  1.80E-12  0.00
 4987 2.4935E+07    4 12468     185   1.0  7.21E-08  3.94E-07  8.69E-13  0.00
 4988 2.4940E+07    4 12471     185   1.0  7.21E-08  3.93E-07  2.29E-12  0.00
 4989 2.4945E+07    4 12473     185   1.0  7.20E-08  3.93E-07  2.04E-13  0.00
 4990 2.4950E+07    4 12476     185   1.0  7.20E-08  3.93E-07  5.73E-12  0.00
 4991 2.4955E+07    4 12478     185   1.0  7.20E-08  3.93E-07  2.48E-13  0.00
 4992 2.4960E+07    4 12481     185   1.0  7.20E-08  3.93E-07  7.66E-13  0.00
 4993 2.4965E+07    4 12483     185   1.0  7.20E-08  3.93E-07  2.37E-14  0.00
 4994 2.4970E+07    4 12486     185   1.0  7.20E-08  3.93E-07  3.44E-12  0.00
 4995 2.4975E+07    4 12488     185   1.0  7.19E-08  3.93E-07  5.36E-13  0.00
 4996 2.4980E+07    4 12491     185   1.0  7.19E-08  3.93E-07  4.63E-13  0.00
 4997 2.4985E+07    4 12493     185   1.0  7.19E-08  3.93E-07  6.04E-13  0.00
 4998 2.4990E+07    4 12496     185   1.0  7.19E-08  3.92E-07  7.17E-13  0.00
 4999 2.4995E+07    4 12498     185   1.0  7.19E-08  3.92E-07  4.06E-13  0.00
 5000 2.5000E+07    4 12501     185   1.0  7.19E-08  3.92E-07  1.13E-11  0.00
 5001 2.5005E+07    4 12503     185   1.0  7.18E-08  3.92E-07  3.56E-14  0.00
 5002 2.5010E+07    4 12506     185   1.0  7.18E-08  3.92E-07  2.27E-13  0.00
 5003 2.5015E+07    4 12508     185   1.0  7.18E-08  3.92E-07  7.04E-13  0.00
 5004 2.5020E+07    4 12511     185   1.0  7.18E-08  3.92E-07  1.15E-13  0.00
 5005 2.5025E+07    4 12513     185   1.0  7.18E-08  3.92E-07  3.15E-13  0.00
 5006 2.5030E+07    4 12516     185   1.0  7.17E-08  3.92E-07  1.16E-12  0.00
 5007 2.5035E+07    4 12518     185   1.0  7.17E-08  3.92E-07  2.11E-13  0.00
 5008 2.5040E+07    4 12521     185   1.0  7.17E-08  3.92E-07  1.96E-13  0.00
 5009 2.5045E+07    4 12523     185   1.0  7.17E-08  3.91E-07  9.56E-14  0.00
 5010 2.5050E+07    4 12526     185   1.0  7.17E-08  3.91E-07  4.62E-14  0.00
 5011 2.5055E+07    4 12528     185   1.0  7.17E-08  3.91E-07  2.38E-12  0.00
 5012 2.5060E+07    4 12531     185   1.0  7.04E-08  3.86E-07  3.37E-12  0.00
 5013 2.5065E+07    4 12533     185   1.0  6.55E-08  3.67E-07  4.40E-12  0.00
 5014 2.5070E+07    4 12536     185   1.0  6.55E-08  3.67E-07  1.05E-12  0.00
 5015 2.5075E+07    4 12538     185   1.0  6.55E-08  3.67E-07  8.25E-13  0.00
 5016 2.5080E+07    4 12541     185   1.0  6.55E-08  3.67E-07  2.56E-13  0.00
 5017 2.5085E+07    4 12543     185   1.0  6.55E-08  3.67E-07  1.41E-13  0.00
 5018 2.5090E+07    4 12546     185   1.0  6.54E-08  3.67E-07  4.47E-12  0.00
 5019 2.5095E+07    4 12548     185   1.0  6.54E-08  3.67E-07  1.67E-13  0.00
 5020 2.5100E+07    4 12551     185   1.0  6.54E-08  3.66E-07  6.44E-13  0.00
 5021 2.5105E+07    4 12553     185   1.0  6.54E-08  3.66E-07  1.20E-12  0.00
 5022 2.5110E+07    4 12556     185   1.0  6.54E-08  3.66E-07  1.76E-12  0.00
 5023 2.5115E+07    4 12558     185   1.0  6.53E-08  3.66E-07  1.76E-13  0.00
 5024 2.5120E+07    4 12561     185   1.0  6.53E-08  3.66E-07  3.27E-13  0.00
 5025 2.5125E+07    4 12563     185   1.0  6.53E-08  3.66E-07  3.86E-14  0.00
 5026 2.5130E+07    4 12566     185   1.0  6.53E-08  3.66E-07  8.87E-13  0.00
 5027 2.5135E+07    4 12568     185   1.0  6.53E-08  3.66E-07  3.90E-13  0.00
 5028 2.5140E+07    4 12571     185   1.0  6.53E-08  3.66E-07  3.16E-13  0.00
 5029 2.5145E+07    4 12573     185   1.0  6.52E-08  3.66E-07  3.99E-13  0.00
 5030 2.5150E+07    4 12576     185   1.0  6.52E-08  3.66E-07  1.28E-11  0.00
 5031 2.5155E+07    4 12578     185   1.0  6.52E-08  3.65E-07  1.73E-12  0.00
 5032 2.5160E+07    4 12581     185   1.0  6.52E-08  3.65E-07  2.31E-13  0.00
 5033 2.5165E+07    4 12583     185   1.0  6.52E-08  3.65E-07  4.62E-14  0.00
 5034 2.5170E+07    4 12586     185   1.0  6.52E-08  3.65E-07  4.24E-13  0.00
 5035 2.5175E+07    4 12588     185   1.0  6.51E-08  3.65E-07  5.87E-13  0.00
 5036 2.5180E+07    4 12591     185   1.0  6.51E-08  3.65E-07  2.81E-13  0.00
 5037 2.5185E+07    4 12593     185   1.0  6.51E-08  3.65E-07  3.15E-13  0.00
 5038 2.5190E+07    4 12596     185   1.0  6.51E-08  3.65E-07  1.56E-11  0.00
 5039 2.5195E+07    4 12598     185   1.0  6.51E-08  3.65E-07  8.55E-13  0.00
 5040 2.5200E+07    4 12601     185   1.0  6.51E-08  3.65E-07  1.85E-12  0.00
 5041 2.5205E+07    4 12603     185   1.0  6.50E-08  3.65E-07  2.51E-13  0.00
 5042 2.5210E+07    4 12606     185   1.0  6.50E-08  3.64E-07  4.37E-13  0.00
 5043 2.5215E+07    4 12608     185   1.0  6.50E-08  3.64E-07  1.37E-13  0.00
 5044 2.5220E+07    4 12611     185   1.0  6.50E-08  3.64E-07  1.92E-12  0.00
 5045 2.5225E+07    4 12613     185   1.0  6.50E-08  3.64E-07  1.14E-13  0.00
 5046 2.5230E+07    4 12616     185   1.0  6.50E-08  3.64E-07  3.68E-13  0.00
 5047 2.5235E+07    4 12618     185   1.0  6.49E-08  3.64E-07  2.51E-13  0.00
 5048 2.5240E+07    4 12621     185   1.0  6.49E-08  3.64E-07  1.45E-13  0.00
 5049 2.5245E+07    4 12623     185   1.0  6.49E-08  3.64E-07  5.53E-12  0.00
 5050 2.5250E+07    4 12626     185   1.0  6.49E-08  3.64E-07  1.64E-12  0.00
 5051 2.5255E+07    4 12628     185   1.0  6.49E-08  3.64E-07  1.66E-12  0.00
 5052 2.5260E+07    4 12631     185   1.0  6.49E-08  3.64E-07  1.87E-12  0.00
 5053 2.5265E+07    4 12633     185   1.0  6.48E-08  3.63E-07  1.77E-13  0.00
 5054 2.5270E+07    4 12636     185   1.0  6.48E-08  3.63E-07  3.28E-12  0.00
 5055 2.5275E+07    4 12638     185   1.0  6.48E-08  3.63E-07  8.57E-13  0.00
 5056 2.5280E+07    4 12641     185   1.0  6.48E-08  3.63E-07  8.98E-14  0.00
 5057 2.5285E+07    4 12643     185   1.0  6.48E-08  3.63E-07  1.21E-13  0.00
 5058 2.5290E+07    4 12646     185   1.0  6.48E-08  3.63E-07  2.68E-13  0.00
 5059 2.5295E+07    4 12648     185   1.0  6.47E-08  3.63E-07  4.39E-13  0.00
 5060 2.5300E+07    4 12651     185   1.0  6.47E-08  3.63E-07  3.80E-13  0.00
 5061 2.5305E+07    4 12653     185   1.0  6.47E-08  3.63E-07  3.28E-13  0.00
 5062 2.5310E+07    4 12656     185   1.0  6.48E-08  3.63E-07  1.55E-13  0.00
 5063 2.5315E+07    4 12658     185   1.0  6.47E-08  3.63E-07  3.36E-13  0.00
 5064 2.5320E+07    4 12661     185   1.0  6.47E-08  3.62E-07  1.00E-13  0.00
 5065 2.5325E+07    4 12663     185   1.0  6.46E-08  3.62E-07  1.83E-14  0.00
 5066 2.5330E+07    4 12666     185   1.0  6.46E-08  3.62E-07  2.14E-13  0.00
 5067 2.5335E+07    4 12668     185   1.0  6.46E-08  3.62E-07  4.27E-13  0.00
 5068 2.5340E+07    4 12671     185   1.0  6.46E-08  3.62E-07  2.46E-13  0.00
 5069 2.5345E+07    4 12673     185   1.0  6.46E-08  3.62E-07  1.43E-10  0.00
 5070 2.5350E+07    4 12676     185   1.0  6.46E-08  3.62E-07  1.10E-13  0.00
 5071 2.5355E+07    4 12678     185   1.0  6.45E-08  3.62E-07  3.14E-13  0.00
 5072 2.5360E+07    4 12681     185   1.0  6.45E-08  3.62E-07  2.86E-13  0.00
 5073 2.5365E+07    4 12683     185   1.0  6.15E-08  3.53E-07  3.17E-13  0.00
 5074 2.5370E+07    4 12686     185   1.0  6.07E-08  3.50E-07  7.54E-12  0.00
 5075 2.5375E+07    4 12688     185   1.0  6.07E-08  3.50E-07  2.58E-13  0.00
 5076 2.5380E+07    4 12691     185   1.0  6.07E-08  3.50E-07  1.07E-13  0.00
 5077 2.5385E+07    4 12693     185   1.0  6.07E-08  3.50E-07  2.32E-13  0.00
 5078 2.5390E+07    4 12696     185   1.0  6.07E-08  3.50E-07  5.62E-14  0.00
 5079 2.5395E+07    4 12698     185   1.0  6.06E-08  3.50E-07  5.63E-15  0.00
 5080 2.5400E+07    4 12701     185   1.0  6.06E-08  3.50E-07  4.22E-13  0.00
 5081 2.5405E+07    4 12703     185   1.0  6.06E-08  3.50E-07  2.25E-14  0.00
 5082 2.5410E+07    4 12706     185   1.0  6.06E-08  3.50E-07  3.19E-13  0.00
 5083 2.5415E+07    4 12708     185   1.0  6.06E-08  3.50E-07  4.22E-13  0.00
 5084 2.5420E+07    4 12711     185   1.0  6.06E-08  3.49E-07  4.87E-13  0.00
 5085 2.5425E+07    4 12713     185   1.0  6.06E-08  3.49E-07  1.87E-13  0.00
 5086 2.5430E+07    4 12716     185   1.0  6.05E-08  3.49E-07  2.33E-13  0.00
 5087 2.5435E+07    4 12718     185   1.0  6.05E-08  3.49E-07  3.72E-13  0.00
 5088 2.5440E+07    4 12721     185   1.0  6.05E-08  3.49E-07  4.77E-14  0.00
 5089 2.5445E+07    4 12723     185   1.0  6.05E-08  3.49E-07  1.64E-12  0.00
 5090 2.5450E+07    4 12726     185   1.0  6.05E-08  3.49E-07  1.36E-10  0.00
 5091 2.5455E+07    4 12728     185   1.0  6.05E-08  3.49E-07  2.06E-13  0.00
 5092 2.5460E+07    4 12731     185   1.0  6.04E-08  3.49E-07  1.42E-13  0.00
 5093 2.5465E+07    4 12733     185   1.0  6.04E-08  3.49E-07  8.70E-13  0.00
 5094 2.5470E+07    4 12736     185   1.0  6.04E-08  3.49E-07  1.01E-14  0.00
 5095 2.5475E+07    4 12738     185   1.0  6.04E-08  3.48E-07  5.47E-10  0.00
 5096 2.5480E+07    4 12741     185   1.0  6.04E-08  3.48E-07  6.20E-13  0.00
 5097 2.5485E+07    4 12743     185   1.0  6.04E-08  3.48E-07  6.50E-13  0.00
 5098 2.5490E+07    4 12746     185   1.0  6.03E-08  3.48E-07  8.15E-15  0.00
 5099 2.5495E+07    4 12748     185   1.0  6.03E-08  3.48E-07  1.68E-14  0.00
 5100 2.5500E+07    4 12751     185   1.0  6.03E-08  3.48E-07  1.00E-12  0.00
 5101 2.5505E+07    4 12753     185   1.0  6.03E-08  3.48E-07  3.82E-13  0.00
 5102 2.5510E+07    4 12756     185   1.0  6.03E-08  3.48E-07  1.37E-13  0.00
 5103 2.5515E+07    4 12758     185   1.0  6.03E-08  3.48E-07  6.45E-13  0.00
 5104 2.5520E+07    4 12761     185   1.0  6.03E-08  3.48E-07  1.43E-14  0.00
 5105 2.5525E+07    4 12763     185   1.0  6.02E-08  3.48E-07  1.90E-12  0.00
 5106 2.5530E+07    4 12766     185   1.0  6.02E-08  3.47E-07  3.80E-13  0.00
 5107 2.5535E+07    4 12768     185   1.0  6.02E-08  3.47E-07  1.18E-13  0.00
 5108 2.5540E+07    4 12771     185   1.0  6.02E-08  3.47E-07  3.92E-13  0.00
 5109 2.5545E+07    4 12773     185   1.0  6.02E-08  3.47E-07  2.04E-10  0.00
 5110 2.5550E+07    4 12776     185   1.0  6.02E-08  3.47E-07  2.65E-10  0.00
 5111 2.5555E+07    4 12778     185   1.0  6.01E-08  3.47E-07  6.50E-13  0.00
 5112 2.5560E+07    4 12781     185   1.0  6.01E-08  3.47E-07  3.66E-13  0.00
 5113 2.5565E+07    4 12783     185   1.0  6.01E-08  3.47E-07  7.58E-13  0.00
 5114 2.5570E+07    4 12786     185   1.0  6.01E-08  3.47E-07  1.69E-11  0.00
 5115 2.5575E+07    4 12788     185   1.0  6.01E-08  3.47E-07  5.66E-13  0.00
 5116 2.5580E+07    4 12791     185   1.0  6.01E-08  3.47E-07  9.21E-13  0.00
 5117 2.5585E+07    4 12793     185   1.0  6.00E-08  3.46E-07  5.54E-14  0.00
 5118 2.5590E+07    4 12796     185   1.0  6.00E-08  3.46E-07  2.17E-11  0.00
 5119 2.5595E+07    4 12798     185   1.0  6.00E-08  3.46E-07  3.96E-13  0.00
 5120 2.5600E+07    4 12801     185   1.0  6.00E-08  3.46E-07  5.69E-13  0.00
 5121 2.5605E+07    4 12803     185   1.0  6.00E-08  3.46E-07  1.02E-13  0.00
 5122 2.5610E+07    4 12806     185   1.0  6.00E-08  3.46E-07  3.08E-13  0.00
 5123 2.5615E+07    4 12808     185   1.0  6.00E-08  3.46E-07  2.44E-12  0.00
 5124 2.5620E+07    4 12811     185   1.0  5.99E-08  3.46E-07  1.22E-13  0.00
 5125 2.5625E+07    4 12813     185   1.0  5.99E-08  3.46E-07  1.35E-12  0.00
 5126 2.5630E+07    4 12816     185   1.0  5.99E-08  3.46E-07  1.99E-13  0.00
 5127 2.5635E+07    4 12818     185   1.0  6.00E-08  3.46E-07  2.78E-13  0.00
 5128 2.5640E+07    4 12821     185   1.0  5.99E-08  3.45E-07  2.06E-12  0.00
 5129 2.5645E+07    4 12823     185   1.0  5.99E-08  3.45E-07  7.94E-14  0.00
 5130 2.5650E+07    4 12826     185   1.0  5.98E-08  3.45E-07  7.67E-13  0.00
 5131 2.5655E+07    4 12828     185   1.0  5.98E-08  3.45E-07  1.49E-13  0.00
 5132 2.5660E+07    4 12831     185   1.0  5.98E-08  3.45E-07  2.21E-12  0.00
 5133 2.5665E+07    4 12833     185   1.0  5.98E-08  3.45E-07  1.95E-13  0.00
 5134 2.5670E+07    4 12836     185   1.0  5.98E-08  3.45E-07  1.41E-12  0.00
 5135 2.5675E+07    4 12838     185   1.0  5.98E-08  3.45E-07  2.04E-12  0.00
 5136 2.5680E+07    4 12841     185   1.0  5.98E-08  3.45E-07  3.36E-12  0.00
 5137 2.5685E+07    4 12843     185   1.0  5.97E-08  3.45E-07  1.95E-11  0.00
 5138 2.5690E+07    4 12846     185   1.0  5.97E-08  3.45E-07  4.67E-13  0.00
 5139 2.5695E+07    4 12848     185   1.0  5.98E-08  3.45E-07  1.05E-12  0.00
 5140 2.5700E+07    4 12851     185   1.0  5.97E-08  3.44E-07  7.79E-13  0.00
 5141 2.5705E+07    4 12853     185   1.0  5.97E-08  3.44E-07  5.59E-13  0.00
 5142 2.5710E+07    4 12856     185   1.0  5.97E-08  3.44E-07  7.03E-13  0.00
 5143 2.5715E+07    4 12858     185   1.0  5.96E-08  3.44E-07  1.17E-13  0.00
 5144 2.5720E+07    4 12861     185   1.0  5.96E-08  3.44E-07  2.62E-13  0.00
 5145 2.5725E+07    4 12863     185   1.0  5.96E-08  3.44E-07  2.18E-12  0.00
 5146 2.5730E+07    4 12866     185   1.0  5.96E-08  3.44E-07  8.43E-12  0.00
 5147 2.5735E+07    4 12868     185   1.0  5.96E-08  3.44E-07  1.50E-13  0.00
 5148 2.5740E+07    4 12871     185   1.0  5.96E-08  3.44E-07  2.06E-12  0.00
 5149 2.5745E+07    4 12873     185   1.0  5.96E-08  3.44E-07  9.41E-14  0.00
 5150 2.5750E+07    4 12876     185   1.0  5.95E-08  3.44E-07  1.94E-12  0.00
 5151 2.5755E+07    4 12878     185   1.0  5.95E-08  3.43E-07  1.51E-13  0.00
 5152 2.5760E+07    4 12881     185   1.0  5.95E-08  3.43E-07  9.73E-14  0.00
 5153 2.5765E+07    4 12883     185   1.0  5.95E-08  3.43E-07  3.12E-13  0.00
 5154 2.5770E+07    4 12886     185   1.0  5.95E-08  3.43E-07  3.43E-14  0.00
 5155 2.5775E+07    4 12888     185   1.0  5.95E-08  3.43E-07  7.33E-13  0.00
 5156 2.5780E+07    4 12891     185   1.0  5.94E-08  3.43E-07  7.38E-14  0.00
 5157 2.5785E+07    4 12893     185   1.0  5.94E-08  3.43E-07  3.80E-13  0.00
 5158 2.5790E+07    4 12896     185   1.0  5.94E-08  3.43E-07  1.37E-12  0.00
 5159 2.5795E+07    4 12898     185   1.0  5.94E-08  3.43E-07  2.19E-11  0.00
 5160 2.5800E+07    4 12901     185   1.0  5.94E-08  3.43E-07  1.22E-13  0.00
 5161 2.5805E+07    4 12903     185   1.0  5.94E-08  3.43E-07  2.50E-13  0.00
 5162 2.5810E+07    4 12906     185   1.0  5.93E-08  3.42E-07  1.07E-12  0.00
 5163 2.5815E+07    4 12908     185   1.0  5.93E-08  3.42E-07  1.01E-13  0.00
 5164 2.5820E+07    4 12911     185   1.0  5.93E-08  3.42E-07  3.71E-13  0.00
 5165 2.5825E+07    4 12913     185   1.0  5.93E-08  3.42E-07  1.55E-13  0.00
 5166 2.5830E+07    4 12916     185   1.0  5.93E-08  3.42E-07  5.42E-15  0.00
 5167 2.5835E+07    4 12918     185   1.0  5.93E-08  3.42E-07  1.03E-13  0.00
 5168 2.5840E+07    4 12921     185   1.0  5.93E-08  3.42E-07  5.16E-13  0.00
 5169 2.5845E+07    4 12923     185   1.0  5.92E-08  3.42E-07  3.06E-14  0.00
 5170 2.5850E+07    4 12926     185   1.0  5.92E-08  3.42E-07  9.60E-13  0.00
 5171 2.5855E+07    4 12928     185   1.0  6.13E-08  3.41E-07  2.15E-11  0.00
 5172 2.5860E+07    4 12931     185   1.0  6.29E-08  3.39E-07  7.24E-13  0.00
 5173 2.5865E+07    4 12933     185   1.0  6.29E-08  3.39E-07  1.65E-13  0.00
 5174 2.5870E+07    4 12936     185   1.0  6.29E-08  3.39E-07  1.43E-12  0.00
 5175 2.5875E+07    4 12938     185   1.0  6.29E-08  3.39E-07  1.04E-13  0.00
 5176 2.5880E+07    4 12941     185   1.0  6.29E-08  3.39E-07  8.29E-13  0.00
 5177 2.5885E+07    4 12943     185   1.0  6.29E-08  3.39E-07  1.40E-13  0.00
 5178 2.5890E+07    4 12946     185   1.0  6.28E-08  3.39E-07  1.69E-12  0.00
 5179 2.5895E+07    4 12948     185   1.0  6.28E-08  3.38E-07  2.68E-13  0.00
 5180 2.5900E+07    4 12951     185   1.0  6.28E-08  3.38E-07  2.68E-12  0.00
 5181 2.5905E+07    4 12953     185   1.0  6.28E-08  3.38E-07  3.80E-13  0.00
 5182 2.5910E+07    4 12956     185   1.0  6.28E-08  3.38E-07  2.95E-13  0.00
 5183 2.5915E+07    4 12958     185   1.0  6.28E-08  3.38E-07  3.33E-11  0.00
 5184 2.5920E+07    4 12961     185   1.0  6.28E-08  3.38E-07  2.27E-13  0.00
 5185 2.5925E+07    4 12963     185   1.0  6.27E-08  3.38E-07  2.39E-13  0.00
 5186 2.5930E+07    4 12966     185   1.0  6.27E-08  3.38E-07  1.88E-13  0.00
 5187 2.5935E+07    4 12968     185   1.0  6.27E-08  3.38E-07  1.13E-11  0.00
 5188 2.5940E+07    4 12971     185   1.0  6.27E-08  3.38E-07  9.46E-14  0.00
 5189 2.5945E+07    4 12973     185   1.0  6.27E-08  3.38E-07  1.48E-12  0.00
 5190 2.5950E+07    4 12976     185   1.0  6.27E-08  3.37E-07  5.12E-14  0.00
 5191 2.5955E+07    4 12978     185   1.0  6.26E-08  3.37E-07  2.72E-12  0.00
 5192 2.5960E+07    4 12981     185   1.0  6.26E-08  3.37E-07  6.52E-12  0.00
 5193 2.5965E+07    4 12983     185   1.0  6.26E-08  3.37E-07  3.99E-13  0.00
 5194 2.5970E+07    4 12986     185   1.0  6.26E-08  3.37E-07  1.17E-11  0.00
 5195 2.5975E+07    4 12988     185   1.0  6.26E-08  3.37E-07  4.56E-14  0.00
 5196 2.5980E+07    4 12991     185   1.0  6.26E-08  3.37E-07  5.44E-13  0.00
 5197 2.5985E+07    4 12993     185   1.0  6.25E-08  3.37E-07  5.09E-14  0.00
 5198 2.5990E+07    4 12996     185   1.0  6.25E-08  3.37E-07  2.71E-12  0.00
 5199 2.5995E+07    4 12998     185   1.0  6.25E-08  3.37E-07  7.05E-13  0.00
 5200 2.6000E+07    4 13001     185   1.0  6.25E-08  3.37E-07  1.37E-12  0.00
 5201 2.6005E+07    4 13003     185   1.0  6.25E-08  3.37E-07  4.05E-14  0.00
 5202 2.6010E+07    4 13006     185   1.0  6.25E-08  3.36E-07  1.72E-12  0.00
 5203 2.6015E+07    4 13008     185   1.0  6.25E-08  3.36E-07  8.17E-12  0.00
 5204 2.6020E+07    4 13011     185   1.0  6.24E-08  3.36E-07  9.72E-13  0.00
 5205 2.6025E+07    4 13013     185   1.0  6.24E-08  3.36E-07  3.17E-13  0.00
 5206 2.6030E+07    4 13016     185   1.0  6.24E-08  3.36E-07  1.44E-12  0.00
 5207 2.6035E+07    4 13018     185   1.0  6.24E-08  3.36E-07  3.05E-13  0.00
 5208 2.6040E+07    4 13021     185   1.0  6.24E-08  3.36E-07  6.13E-13  0.00
 5209 2.6045E+07    4 13023     185   1.0  6.24E-08  3.36E-07  4.70E-13  0.00
 5210 2.6050E+07    4 13026     185   1.0  6.23E-08  3.36E-07  1.00E-12  0.00
 5211 2.6055E+07    4 13028     185   1.0  6.24E-08  3.36E-07  5.53E-12  0.00
 5212 2.6060E+07    4 13031     185   1.0  6.23E-08  3.36E-07  1.46E-14  0.00
 5213 2.6065E+07    4 13033     185   1.0  6.23E-08  3.36E-07  1.33E-13  0.00
 5214 2.6070E+07    4 13036     185   1.0  6.23E-08  3.35E-07  7.47E-13  0.00
 5215 2.6075E+07    4 13038     185   1.0  6.23E-08  3.35E-07  9.64E-13  0.00
 5216 2.6080E+07    4 13041     185   1.0  6.23E-08  3.35E-07  7.81E-12  0.00
 5217 2.6085E+07    4 13043     185   1.0  6.22E-08  3.35E-07  5.26E-14  0.00
 5218 2.6090E+07    4 13046     185   1.0  6.22E-08  3.35E-07  7.13E-12  0.00
 5219 2.6095E+07    4 13048     185   1.0  6.22E-08  3.35E-07  1.17E-12  0.00
 5220 2.6100E+07    4 13051     185   1.0  6.22E-08  3.35E-07  1.01E-13  0.00
 5221 2.6105E+07    4 13053     185   1.0  6.22E-08  3.35E-07  2.18E-13  0.00
 5222 2.6110E+07    4 13056     185   1.0  6.22E-08  3.35E-07  1.99E-14  0.00
 5223 2.6115E+07    4 13058     185   1.0  6.21E-08  3.40E-07  2.38E-14  0.00
 5224 2.6120E+07    4 13061     185   1.0  6.20E-08  3.44E-07  9.82E-13  0.00
 5225 2.6125E+07    4 13063     185   1.0  6.20E-08  3.44E-07  4.50E-13  0.00
 5226 2.6130E+07    4 13066     185   1.0  6.20E-08  3.44E-07  5.29E-12  0.00
 5227 2.6135E+07    4 13068     185   1.0  6.20E-08  3.44E-07  5.78E-13  0.00
 5228 2.6140E+07    4 13071     185   1.0  6.19E-08  3.44E-07  1.70E-14  0.00
 5229 2.6145E+07    4 13073     185   1.0  6.19E-08  3.44E-07  1.33E-12  0.00
 5230 2.6150E+07    4 13076     185   1.0  6.19E-08  3.44E-07  1.33E-12  0.00
 5231 2.6155E+07    4 13078     185   1.0  6.19E-08  3.44E-07  1.18E-12  0.00
 5232 2.6160E+07    4 13081     185   1.0  6.19E-08  3.44E-07  9.08E-13  0.00
 5233 2.6165E+07    4 13083     185   1.0  6.19E-08  3.44E-07  5.66E-14  0.00
 5234 2.6170E+07    4 13086     185   1.0  6.19E-08  3.43E-07  2.42E-13  0.00
 5235 2.6175E+07    4 13088     185   1.0  6.18E-08  3.43E-07  3.39E-13  0.00
 5236 2.6180E+07    4 13091     185   1.0  6.18E-08  3.43E-07  2.46E-12  0.00
 5237 2.6185E+07    4 13093     185   1.0  6.18E-08  3.43E-07  6.17E-13  0.00
 5238 2.6190E+07    4 13096     185   1.0  6.18E-08  3.43E-07  2.47E-13  0.00
 5239 2.6195E+07    4 13098     185   1.0  6.18E-08  3.43E-07  2.63E-13  0.00
 5240 2.6200E+07    4 13101     185   1.0  6.18E-08  3.43E-07  1.84E-13  0.00
 5241 2.6205E+07    4 13103     185   1.0  6.17E-08  3.43E-07  6.80E-14  0.00
 5242 2.6210E+07    4 13106     185   1.0  6.17E-08  3.43E-07  6.66E-14  0.00
 5243 2.6215E+07    4 13108     185   1.0  6.17E-08  3.43E-07  1.66E-12  0.00
 5244 2.6220E+07    4 13111     185   1.0  6.17E-08  3.43E-07  3.65E-13  0.00
 5245 2.6225E+07    4 13113     185   1.0  6.17E-08  3.42E-07  1.47E-13  0.00
 5246 2.6230E+07    4 13116     185   1.0  6.17E-08  3.42E-07  1.63E-12  0.00
 5247 2.6235E+07    4 13118     185   1.0  6.17E-08  3.42E-07  3.53E-14  0.00
 5248 2.6240E+07    4 13121     185   1.0  6.16E-08  3.42E-07  2.67E-14  0.00
 5249 2.6245E+07    4 13123     185   1.0  6.16E-08  3.42E-07  5.87E-13  0.00
 5250 2.6250E+07    4 13126     185   1.0  6.17E-08  3.42E-07  3.94E-12  0.00
 5251 2.6255E+07    4 13128     185   1.0  6.16E-08  3.42E-07  1.33E-12  0.00
 5252 2.6260E+07    4 13131     185   1.0  6.16E-08  3.42E-07  2.21E-13  0.00
 5253 2.6265E+07    4 13133     185   1.0  6.06E-08  3.48E-07  5.12E-13  0.00
 5254 2.6270E+07    4 13136     185   1.0  6.03E-08  3.49E-07  1.54E-12  0.00
 5255 2.6275E+07    4 13138     185   1.0  6.03E-08  3.49E-07  5.53E-13  0.00
 5256 2.6280E+07    4 13141     185   1.0  6.03E-08  3.49E-07  6.73E-15  0.00
 5257 2.6285E+07    4 13143     185   1.0  5.71E-08  3.49E-07  2.91E-13  0.00
 5258 2.6290E+07    4 13146     185   1.0  5.33E-08  3.48E-07  5.73E-13  0.00
 5259 2.6295E+07    4 13148     185   1.0  5.33E-08  3.48E-07  4.07E-12  0.00
 5260 2.6300E+07    4 13151     185   1.0  5.33E-08  3.48E-07  3.45E-13  0.00
 5261 2.6305E+07    4 13153     185   1.0  5.32E-08  3.48E-07  3.22E-11  0.00
 5262 2.6310E+07    4 13156     185   1.0  5.35E-08  3.48E-07  3.35E-13  0.00
 5263 2.6315E+07    4 13158     185   1.0  5.32E-08  3.48E-07  3.24E-14  0.00
 5264 2.6320E+07    4 13161     185   1.0  5.32E-08  3.48E-07  3.04E-13  0.00
 5265 2.6325E+07    4 13163     185   1.0  5.32E-08  3.48E-07  2.56E-13  0.00
 5266 2.6330E+07    4 13166     185   1.0  5.32E-08  3.48E-07  1.72E-12  0.00
 5267 2.6335E+07    4 13168     185   1.0  5.32E-08  3.48E-07  7.35E-15  0.00
 5268 2.6340E+07    4 13171     185   1.0  5.31E-08  3.47E-07  7.58E-15  0.00
 5269 2.6345E+07    4 13173     185   1.0  5.32E-08  3.47E-07  2.65E-12  0.00
 5270 2.6350E+07    4 13176     185   1.0  5.31E-08  3.47E-07  9.09E-14  0.00
 5271 2.6355E+07    4 13178     185   1.0  5.31E-08  3.47E-07  2.00E-12  0.00
 5272 2.6360E+07    4 13181     185   1.0  5.31E-08  3.47E-07  4.92E-13  0.00
 5273 2.6365E+07    4 13183     185   1.0  5.31E-08  3.47E-07  1.82E-13  0.00
 5274 2.6370E+07    4 13186     185   1.0  5.32E-08  3.47E-07  1.36E-11  0.00
 5275 2.6375E+07    4 13188     185   1.0  5.31E-08  3.47E-07  1.40E-14  0.00
 5276 2.6380E+07    4 13191     185   1.0  5.30E-08  3.47E-07  3.79E-13  0.00
 5277 2.6385E+07    4 13193     185   1.0  5.30E-08  3.47E-07  6.98E-13  0.00
 5278 2.6390E+07    4 13196     185   1.0  5.30E-08  3.47E-07  1.46E-13  0.00
 5279 2.6395E+07    4 13198     185   1.0  5.30E-08  3.47E-07  1.13E-11  0.00
 5280 2.6400E+07    4 13201     185   1.0  5.30E-08  3.46E-07  6.43E-13  0.00
 5281 2.6405E+07    4 13203     185   1.0  5.30E-08  3.46E-07  4.80E-13  0.00
 5282 2.6410E+07    4 13206     185   1.0  5.30E-08  3.46E-07  1.43E-13  0.00
 5283 2.6415E+07    4 13208     185   1.0  5.29E-08  3.46E-07  2.98E-14  0.00
 5284 2.6420E+07    4 13211     185   1.0  5.29E-08  3.46E-07  1.50E-12  0.00
 5285 2.6425E+07    4 13213     185   1.0  5.29E-08  3.46E-07  3.02E-12  0.00
 5286 2.6430E+07    4 13216     185   1.0  5.29E-08  3.46E-07  2.34E-14  0.00
 5287 2.6435E+07    4 13218     185   1.0  5.29E-08  3.46E-07  1.20E-12  0.00
 5288 2.6440E+07    4 13221     185   1.0  5.29E-08  3.46E-07  7.24E-13  0.00
 5289 2.6445E+07    4 13223     185   1.0  5.29E-08  3.46E-07  1.68E-12  0.00
 5290 2.6450E+07    4 13226     185   1.0  1.06E-07  7.26E-07  1.39E-12  0.00
 5291 2.6455E+07    4 13228     185   1.0  1.11E-07  7.57E-07  1.74E-13  0.00
 5292 2.6460E+07    4 13231     185   1.0  1.11E-07  7.57E-07  3.19E-12  0.00
 5293 2.6465E+07    4 13233     185   1.0  1.11E-07  7.57E-07  4.74E-13  0.00
 5294 2.6470E+07    4 13236     185   1.0  1.11E-07  7.57E-07  8.07E-13  0.00
 5295 2.6475E+07    4 13238     185   1.0  1.11E-07  7.57E-07  5.08E-13  0.00
 5296 2.6480E+07    4 13241     185   1.0  1.11E-07  7.57E-07  6.98E-12  0.00
 5297 2.6485E+07    4 13243     185   1.0  1.11E-07  7.57E-07  1.19E-10  0.00
 5298 2.6490E+07    4 13246     185   1.0  1.11E-07  7.57E-07  5.59E-11  0.00
 5299 2.6495E+07    4 13248     185   1.0  1.11E-07  7.57E-07  3.02E-14  0.00
 5300 2.6500E+07    4 13251     185   1.0  1.11E-07  7.56E-07  1.22E-13  0.00
 5301 2.6505E+07    4 13253     185   1.0  1.11E-07  7.56E-07  5.21E-12  0.00
 5302 2.6510E+07    4 13256     185   1.0  1.11E-07  7.56E-07  1.37E-13  0.00
 5303 2.6515E+07    4 13258     185   1.0  1.11E-07  7.56E-07  2.66E-13  0.00
 5304 2.6520E+07    4 13261     185   1.0  1.11E-07  7.56E-07  1.77E-12  0.00
 5305 2.6525E+07    4 13263     185   1.0  1.11E-07  7.56E-07  5.18E-13  0.00
 5306 2.6530E+07    4 13266     185   1.0  1.11E-07  7.56E-07  1.97E-13  0.00
 5307 2.6535E+07    4 13268     185   1.0  1.10E-07  7.56E-07  2.20E-13  0.00
 5308 2.6540E+07    4 13271     185   1.0  1.10E-07  7.56E-07  1.66E-12  0.00
 5309 2.6545E+07    4 13273     185   1.0  1.10E-07  7.56E-07  8.41E-13  0.00
 5310 2.6550E+07    4 13276     185   1.0  1.10E-07  7.56E-07  1.10E-13  0.00
 5311 2.6555E+07    4 13278     185   1.0  1.10E-07  7.56E-07  1.03E-12  0.00
 5312 2.6560E+07    4 13281     185   1.0  1.38E-07  8.94E-07  1.32E-11  0.00
 5313 2.6565E+07    4 13283     185   1.0  1.38E-07  8.94E-07  4.69E-12  0.00
 5314 2.6570E+07    4 13286     185   1.0  1.38E-07  8.94E-07  1.61E-12  0.00
 5315 2.6575E+07    4 13288     185   1.0  1.38E-07  8.93E-07  5.12E-13  0.00
 5316 2.6580E+07    4 13291     185   1.0  1.38E-07  8.93E-07  1.40E-12  0.00
 5317 2.6585E+07    4 13293     185   1.0  1.38E-07  8.93E-07  5.85E-13  0.00
 5318 2.6590E+07    4 13296     185   1.0  1.38E-07  8.93E-07  5.40E-13  0.00
 5319 2.6595E+07    4 13298     185   1.0  1.38E-07  8.93E-07  4.24E-12  0.00
 5320 2.6600E+07    4 13301     185   1.0  1.38E-07  8.93E-07  3.49E-13  0.00
 5321 2.6605E+07    4 13303     185   1.0  1.38E-07  8.93E-07  3.14E-13  0.00
 5322 2.6610E+07    4 13306     185   1.0  1.38E-07  8.93E-07  9.39E-12  0.00
 5323 2.6615E+07    4 13308     185   1.0  1.38E-07  8.93E-07  3.75E-13  0.00
 5324 2.6620E+07    4 13311     185   1.0  1.03E-07  7.27E-07  3.35E-13  0.00
 5325 2.6625E+07    4 13313     185   1.0  9.02E-08  6.87E-07  3.30E-14  0.00
 5326 2.6630E+07    4 13316     185   1.0  9.02E-08  6.87E-07  4.78E-15  0.00
 5327 2.6635E+07    4 13318     185   1.0  9.02E-08  6.87E-07  4.68E-13  0.00
 5328 2.6640E+07    4 13321     185   1.0  9.02E-08  6.87E-07  1.79E-12  0.00
 5329 2.6645E+07    4 13323     185   1.0  9.02E-08  6.87E-07  1.15E-12  0.00
 5330 2.6650E+07    4 13326     185   1.0  9.02E-08  6.87E-07  1.72E-14  0.00
 5331 2.6655E+07    4 13328     185   1.0  9.05E-08  6.87E-07  4.41E-12  0.00
 5332 2.6660E+07    4 13331     185   1.0  9.02E-08  6.87E-07  1.35E-11  0.00
 5333 2.6665E+07    4 13333     185   1.0  9.02E-08  6.87E-07  2.70E-13  0.00
 5334 2.6670E+07    4 13336     185   1.0  9.02E-08  6.87E-07  2.71E-13  0.00
 5335 2.6675E+07    4 13338     185   1.0  9.02E-08  6.86E-07  5.43E-12  0.00
 5336 2.6680E+07    4 13341     185   1.0  9.02E-08  6.86E-07  1.27E-13  0.00
 5337 2.6685E+07    4 13343     185   1.0  9.02E-08  6.86E-07  6.06E-12  0.00
 5338 2.6690E+07    4 13346     185   1.0  9.02E-08  6.86E-07  4.70E-13  0.00
 5339 2.6695E+07    4 13348     185   1.0  9.02E-08  6.86E-07  8.83E-13  0.00
 5340 2.6700E+07    4 13351     185   1.0  9.01E-08  6.86E-07  3.91E-13  0.00
 5341 2.6705E+07    4 13353     185   1.0  9.01E-08  6.86E-07  2.64E-10  0.00
 5342 2.6710E+07    4 13356     185   1.0  9.01E-08  6.86E-07  1.09E-13  0.00
 5343 2.6715E+07    4 13358     185   1.0  9.01E-08  6.86E-07  4.49E-13  0.00
 5344 2.6720E+07    4 13361     185   1.0  9.01E-08  6.86E-07  4.96E-13  0.00
 5345 2.6725E+07    4 13363     185   1.0  9.01E-08  6.86E-07  2.20E-11  0.00
 5346 2.6730E+07    4 13366     185   1.0  9.01E-08  6.86E-07  1.43E-12  0.00
 5347 2.6735E+07    4 13368     185   1.0  9.01E-08  6.86E-07  6.19E-13  0.00
 5348 2.6740E+07    4 13371     185   1.0  9.01E-08  6.86E-07  2.16E-13  0.00
 5349 2.6745E+07    4 13373     185   1.0  9.01E-08  6.86E-07  2.78E-13  0.00
 5350 2.6750E+07    4 13376     185   1.0  9.01E-08  6.86E-07  2.92E-13  0.00
 5351 2.6755E+07    4 13378     185   1.0  9.01E-08  6.86E-07  5.96E-12  0.00
 5352 2.6760E+07    4 13381     185   1.0  9.01E-08  6.86E-07  9.13E-13  0.00
 5353 2.6765E+07    4 13383     185   1.0  9.01E-08  6.86E-07  7.86E-13  0.00
 5354 2.6770E+07    4 13386     185   1.0  9.01E-08  6.86E-07  1.89E-12  0.00
 5355 2.6775E+07    4 13388     185   1.0  9.01E-08  6.85E-07  4.22E-13  0.00
 5356 2.6780E+07    4 13391     185   1.0  9.01E-08  6.85E-07  6.07E-13  0.00
 5357 2.6785E+07    4 13393     185   1.0  9.00E-08  6.85E-07  1.17E-12  0.00
 5358 2.6790E+07    4 13396     185   1.0  9.00E-08  6.85E-07  4.74E-12  0.00
 5359 2.6795E+07    4 13398     185   1.0  9.00E-08  6.85E-07  9.44E-13  0.00
 5360 2.6800E+07    4 13401     185   1.0  9.00E-08  6.85E-07  1.57E-12  0.00
 5361 2.6805E+07    4 13403     185   1.0  9.00E-08  6.85E-07  2.48E-13  0.00
 5362 2.6810E+07    4 13406     185   1.0  9.00E-08  6.85E-07  3.64E-13  0.00
 5363 2.6815E+07    4 13408     185   1.0  9.00E-08  6.85E-07  3.34E-12  0.00
 5364 2.6820E+07    4 13411     185   1.0  9.00E-08  6.85E-07  3.17E-13  0.00
 5365 2.6825E+07    4 13413     185   1.0  9.00E-08  6.85E-07  7.44E-14  0.00
 5366 2.6830E+07    4 13416     185   1.0  9.00E-08  6.85E-07  7.22E-12  0.00
 5367 2.6835E+07    4 13418     185   1.0  9.00E-08  6.85E-07  2.04E-12  0.00
 5368 2.6840E+07    4 13421     185   1.0  9.00E-08  6.85E-07  1.66E-12  0.00
 5369 2.6845E+07    4 13423     185   1.0  9.00E-08  6.85E-07  9.20E-12  0.00
 5370 2.6850E+07    4 13426     185   1.0  9.00E-08  6.85E-07  2.40E-12  0.00
 5371 2.6855E+07    4 13428     185   1.0  9.00E-08  6.85E-07  1.96E-14  0.00
 5372 2.6860E+07    4 13431     185   1.0  9.00E-08  6.85E-07  4.35E-13  0.00
 5373 2.6865E+07    4 13433     185   1.0  9.00E-08  6.85E-07  1.07E-13  0.00
 5374 2.6870E+07    4 13436     185   1.0  9.00E-08  6.84E-07  2.41E-13  0.00
 5375 2.6875E+07    4 13438     185   1.0  8.99E-08  6.84E-07  1.16E-13  0.00
 5376 2.6880E+07    4 13441     185   1.0  8.99E-08  6.84E-07  3.53E-13  0.00
 5377 2.6885E+07    4 13443     185   1.0  8.99E-08  6.84E-07  1.05E-13  0.00
 5378 2.6890E+07    4 13446     185   1.0  8.99E-08  6.84E-07  8.59E-14  0.00
 5379 2.6895E+07    4 13448     185   1.0  8.99E-08  6.84E-07  5.49E-13  0.00
 5380 2.6900E+07    4 13451     185   1.0  8.99E-08  6.84E-07  8.34E-12  0.00
 5381 2.6905E+07    4 13453     185   1.0  8.99E-08  6.84E-07  2.09E-12  0.00
 5382 2.6910E+07    4 13456     185   1.0  8.99E-08  6.84E-07  5.63E-13  0.00
 5383 2.6915E+07    4 13458     185   1.0  8.99E-08  6.84E-07  2.95E-12  0.00
 5384 2.6920E+07    4 13461     185   1.0  8.99E-08  6.84E-07  3.80E-13  0.00
 5385 2.6925E+07    4 13463     185   1.0  8.99E-08  6.84E-07  1.05E-12  0.00
 5386 2.6930E+07    4 13466     185   1.0  8.99E-08  6.84E-07  8.29E-14  0.00
 5387 2.6935E+07    4 13468     185   1.0  8.99E-08  6.84E-07  6.40E-13  0.00
 5388 2.6940E+07    4 13471     185   1.0  8.99E-08  6.84E-07  1.30E-13  0.00
 5389 2.6945E+07    4 13473     185   1.0  8.99E-08  6.84E-07  2.24E-13  0.00
 5390 2.6950E+07    4 13476     185   1.0  8.99E-08  6.84E-07  8.53E-14  0.00
 5391 2.6955E+07    4 13478     185   1.0  8.98E-08  6.84E-07  6.38E-13  0.00
 5392 2.6960E+07    4 13481     185   1.0  8.98E-08  6.83E-07  5.77E-13  0.00
 5393 2.6965E+07    4 13483     185   1.0  8.98E-08  6.83E-07  2.07E-13  0.00
 5394 2.6970E+07    4 13486     185   1.0  8.99E-08  6.83E-07  5.81E-12  0.00
 5395 2.6975E+07    4 13488     185   1.0  8.98E-08  6.83E-07  6.31E-13  0.00
 5396 2.6980E+07    4 13491     185   1.0  8.98E-08  6.83E-07  4.08E-13  0.00
 5397 2.6985E+07    4 13493     185   1.0  8.98E-08  6.83E-07  4.28E-12  0.00
 5398 2.6990E+07    4 13496     185   1.0  8.98E-08  6.83E-07  2.62E-13  0.00
 5399 2.6995E+07    4 13498     185   1.0  8.98E-08  6.83E-07  2.27E-12  0.00
 5400 2.7000E+07    4 13501     185   1.0  8.98E-08  6.83E-07  1.52E-12  0.00
 5401 2.7005E+07    4 13503     185   1.0  8.98E-08  6.83E-07  1.75E-10  0.00
 5402 2.7010E+07    4 13506     185   1.0  8.98E-08  6.83E-07  1.83E-12  0.00
 5403 2.7015E+07    4 13508     185   1.0  8.98E-08  6.83E-07  2.57E-13  0.00
 5404 2.7020E+07    4 13511     185   1.0  8.99E-08  6.83E-07  1.80E-12  0.00
 5405 2.7025E+07    4 13513     185   1.0  8.98E-08  6.83E-07  1.64E-13  0.00
 5406 2.7030E+07    4 13516     185   1.0  8.98E-08  6.83E-07  2.08E-13  0.00
 5407 2.7035E+07    4 13518     185   1.0  9.29E-08  6.84E-07  3.25E-11  0.00
 5408 2.7040E+07    4 13521     185   1.0  9.29E-08  6.87E-07  8.91E-14  0.00
 5409 2.7045E+07    4 13523     185   1.0  9.31E-08  6.87E-07  1.46E-12  0.00
 5410 2.7050E+07    4 13526     185   1.0  9.29E-08  6.87E-07  4.72E-14  0.00
 5411 2.7055E+07    4 13528     185   1.0  9.29E-08  6.87E-07  2.19E-12  0.00
 5412 2.7060E+07    4 13531     185   1.0  9.29E-08  6.86E-07  2.85E-12  0.00
 5413 2.7065E+07    4 13533     185   1.0  9.37E-08  7.20E-07  6.19E-13  0.00
 5414 2.7070E+07    4 13536     185   1.0  9.59E-08  8.46E-07  2.56E-12  0.00
 5415 2.7075E+07    4 13538     185   1.0  9.59E-08  8.46E-07  1.27E-10  0.00
 5416 2.7080E+07    4 13541     185   1.0  1.34E-07  1.14E-06  3.13E-13  0.00
 5417 2.7085E+07    4 13543     185   1.0  1.48E-07  1.25E-06  7.62E-13  0.00
 5418 2.7090E+07    4 13546     185   1.0  1.48E-07  1.25E-06  1.01E-12  0.00
 5419 2.7095E+07    4 13548     185   1.0  1.48E-07  1.25E-06  4.62E-12  0.00
 5420 2.7100E+07    4 13551     185   1.0  1.48E-07  1.25E-06  4.59E-12  0.00
 5421 2.7105E+07    4 13553     185   1.0  1.48E-07  1.25E-06  4.81E-12  0.00
 5422 2.7110E+07    4 13556     185   1.0  1.48E-07  1.25E-06  2.91E-11  0.00
 5423 2.7115E+07    4 13558     185   1.0  1.48E-07  1.25E-06  2.45E-12  0.00
 5424 2.7120E+07    4 13561     185   1.0  1.48E-07  1.25E-06  5.00E-13  0.00
 5425 2.7125E+07    4 13563     185   1.0  1.48E-07  1.25E-06  6.37E-14  0.00
 5426 2.7130E+07    4 13566     185   1.0  1.48E-07  1.25E-06  1.74E-12  0.00
 5427 2.7135E+07    4 13568     185   1.0  1.48E-07  1.25E-06  3.25E-13  0.00
 5428 2.7140E+07    4 13571     185   1.0  1.48E-07  1.26E-06  1.03E-12  0.00
 5429 2.7145E+07    4 13573     185   1.0  1.48E-07  1.26E-06  4.40E-12  0.00
 5430 2.7150E+07    4 13576     185   1.0  1.48E-07  1.26E-06  4.85E-11  0.00
 5431 2.7155E+07    4 13578     185   1.0  1.48E-07  1.26E-06  5.14E-13  0.00
 5432 2.7160E+07    4 13581     185   1.0  1.48E-07  1.26E-06  1.51E-13  0.00
 5433 2.7165E+07    4 13583     185   1.0  1.48E-07  1.26E-06  2.12E-14  0.00
 5434 2.7170E+07    4 13586     185   1.0  1.49E-07  1.26E-06  1.64E-11  0.00
 5435 2.7175E+07    4 13588     185   1.0  1.48E-07  1.26E-06  5.04E-13  0.00
 5436 2.7180E+07    4 13591     185   1.0  1.48E-07  1.26E-06  3.44E-14  0.00
 5437 2.7185E+07    4 13593     185   1.0  1.48E-07  1.26E-06  2.39E-12  0.00
 5438 2.7190E+07    4 13596     185   1.0  1.48E-07  1.26E-06  1.02E-13  0.00
 5439 2.7195E+07    4 13598     185   1.0  1.48E-07  1.26E-06  1.07E-12  0.00
 5440 2.7200E+07    4 13601     185   1.0  1.48E-07  1.26E-06  6.25E-14  0.00
 5441 2.7205E+07    4 13603     185   1.0  1.48E-07  1.26E-06  2.53E-12  0.00
 5442 2.7210E+07    4 13606     185   1.0  1.48E-07  1.26E-06  1.94E-13  0.00
 5443 2.7215E+07    4 13608     185   1.0  1.48E-07  1.26E-06  8.75E-14  0.00
 5444 2.7220E+07    4 13611     185   1.0  1.48E-07  1.26E-06  3.63E-13  0.00
 5445 2.7225E+07    4 13613     185   1.0  1.48E-07  1.26E-06  2.61E-14  0.00
 5446 2.7230E+07    4 13616     185   1.0  1.48E-07  1.26E-06  4.30E-13  0.00
 5447 2.7235E+07    4 13618     185   1.0  1.48E-07  1.26E-06  8.86E-13  0.00
 5448 2.7240E+07    4 13621     185   1.0  1.48E-07  1.26E-06  1.08E-13  0.00
 5449 2.7245E+07    4 13623     185   1.0  1.48E-07  1.26E-06  1.19E-11  0.00
 5450 2.7250E+07    4 13626     185   1.0  1.48E-07  1.26E-06  1.52E-13  0.00
 5451 2.7255E+07    4 13628     185   1.0  1.48E-07  1.26E-06  5.12E-12  0.00
 5452 2.7260E+07    4 13631     185   1.0  1.48E-07  1.26E-06  5.28E-13  0.00
 5453 2.7265E+07    4 13633     185   1.0  1.48E-07  1.26E-06  2.12E-13  0.00
 5454 2.7270E+07    4 13636     185   1.0  1.48E-07  1.26E-06  2.55E-13  0.00
 5455 2.7275E+07    4 13638     185   1.0  1.48E-07  1.26E-06  9.37E-13  0.00
 5456 2.7280E+07    4 13641     185   1.0  1.48E-07  1.26E-06  5.67E-13  0.00
 5457 2.7285E+07    4 13643     185   1.0  1.48E-07  1.26E-06  9.30E-14  0.00
 5458 2.7290E+07    4 13646     185   1.0  1.48E-07  1.26E-06  5.16E-13  0.00
 5459 2.7295E+07    4 13648     185   1.0  1.48E-07  1.26E-06  1.75E-12  0.00
 5460 2.7300E+07    4 13651     185   1.0  1.48E-07  1.26E-06  1.21E-12  0.00
 5461 2.7305E+07    4 13653     185   1.0  1.62E-07  1.36E-06  8.11E-13  0.00
 5462 2.7310E+07    4 13656     185   1.0  1.68E-07  1.41E-06  2.89E-13  0.00
 5463 2.7315E+07    4 13658     185   1.0  1.68E-07  1.41E-06  5.78E-13  0.00
 5464 2.7320E+07    4 13661     185   1.0  1.68E-07  1.41E-06  2.02E-13  0.00
 5465 2.7325E+07    4 13663     185   1.0  1.68E-07  1.41E-06  1.18E-12  0.00
 5466 2.7330E+07    4 13666     185   1.0  1.68E-07  1.41E-06  7.38E-12  0.00
 5467 2.7335E+07    4 13668     185   1.0  1.68E-07  1.41E-06  5.49E-13  0.00
 5468 2.7340E+07    4 13671     185   1.0  1.68E-07  1.41E-06  5.79E-13  0.00
 5469 2.7345E+07    4 13673     185   1.0  1.68E-07  1.41E-06  8.50E-13  0.00
 5470 2.7350E+07    4 13676     185   1.0  1.68E-07  1.41E-06  9.89E-14  0.00
 5471 2.7355E+07    4 13678     185   1.0  1.68E-07  1.41E-06  3.53E-13  0.00
 5472 2.7360E+07    4 13681     185   1.0  1.68E-07  1.41E-06  6.99E-13  0.00
 5473 2.7365E+07    4 13683     185   1.0  1.68E-07  1.41E-06  5.17E-13  0.00
 5474 2.7370E+07    4 13686     185   1.0  1.68E-07  1.41E-06  1.40E-13  0.00
 5475 2.7375E+07    4 13688     185   1.0  1.68E-07  1.40E-06  1.89E-11  0.00
 5476 2.7380E+07    4 13691     185   1.0  1.68E-07  1.40E-06  1.67E-12  0.00
 5477 2.7385E+07    4 13693     185   1.0  1.68E-07  1.40E-06  2.00E-12  0.00
 5478 2.7390E+07    4 13696     185   1.0  1.68E-07  1.40E-06  6.65E-13  0.00
 5479 2.7395E+07    4 13698     185   1.0  1.68E-07  1.40E-06  2.96E-11  0.00
 5480 2.7400E+07    4 13701     185   1.0  1.68E-07  1.40E-06  2.53E-12  0.00
 5481 2.7405E+07    4 13703     185   1.0  1.68E-07  1.40E-06  3.42E-13  0.00
 5482 2.7410E+07    4 13706     185   1.0  1.68E-07  1.40E-06  2.45E-13  0.00
 5483 2.7415E+07    4 13708     185   1.0  1.68E-07  1.40E-06  2.89E-12  0.00
 5484 2.7420E+07    4 13711     185   1.0  1.68E-07  1.40E-06  1.81E-13  0.00
 5485 2.7425E+07    4 13713     185   1.0  1.68E-07  1.40E-06  1.47E-13  0.00
 5486 2.7430E+07    4 13716     185   1.0  1.68E-07  1.40E-06  9.47E-13  0.00
 5487 2.7435E+07    4 13718     185   1.0  1.68E-07  1.40E-06  3.42E-12  0.00
 5488 2.7440E+07    4 13721     185   1.0  1.68E-07  1.40E-06  2.67E-13  0.00
 5489 2.7445E+07    4 13723     185   1.0  1.68E-07  1.40E-06  1.21E-11  0.00
 5490 2.7450E+07    4 13726     185   1.0  1.68E-07  1.40E-06  8.76E-13  0.00
 5491 2.7455E+07    4 13728     185   1.0  1.68E-07  1.40E-06  1.98E-14  0.00
 5492 2.7460E+07    4 13731     185   1.0  1.68E-07  1.40E-06  9.44E-14  0.00
 5493 2.7465E+07    4 13733     185   1.0  1.68E-07  1.40E-06  7.17E-13  0.00
 5494 2.7470E+07    4 13736     185   1.0  1.68E-07  1.40E-06  1.99E-11  0.00
 5495 2.7475E+07    4 13738     185   1.0  1.68E-07  1.40E-06  9.53E-13  0.00
 5496 2.7480E+07    4 13741     185   1.0  1.68E-07  1.40E-06  1.10E-12  0.00
 5497 2.7485E+07    4 13743     185   1.0  1.68E-07  1.40E-06  6.29E-14  0.00
 5498 2.7490E+07    4 13746     185   1.0  1.68E-07  1.40E-06  2.34E-13  0.00
 5499 2.7495E+07    4 13748     185   1.0  1.68E-07  1.40E-06  3.23E-12  0.00
 5500 2.7500E+07    4 13751     185   1.0  1.68E-07  1.40E-06  3.06E-13  0.00
 5501 2.7505E+07    4 13753     185   1.0  1.68E-07  1.40E-06  2.80E-13  0.00
 5502 2.7510E+07    4 13756     185   1.0  1.68E-07  1.40E-06  1.22E-12  0.00
 5503 2.7515E+07    4 13758     185   1.0  1.68E-07  1.40E-06  1.13E-13  0.00
 5504 2.7520E+07    4 13761     185   1.0  1.68E-07  1.40E-06  7.28E-13  0.00
 5505 2.7525E+07    4 13763     185   1.0  1.68E-07  1.40E-06  3.43E-13  0.00
 5506 2.7530E+07    4 13766     185   1.0  1.68E-07  1.40E-06  9.57E-14  0.00
 5507 2.7535E+07    4 13768     185   1.0  1.68E-07  1.40E-06  3.25E-13  0.00
 5508 2.7540E+07    4 13771     185   1.0  1.68E-07  1.40E-06  1.50E-12  0.00
 5509 2.7545E+07    4 13773     185   1.0  1.68E-07  1.40E-06  1.04E-13  0.00
 5510 2.7550E+07    4 13776     185   1.0  1.68E-07  1.40E-06  1.27E-13  0.00
 5511 2.7555E+07    4 13778     185   1.0  1.68E-07  1.40E-06  1.94E-13  0.00
 5512 2.7560E+07    4 13781     185   1.0  1.68E-07  1.40E-06  1.06E-12  0.00
 5513 2.7565E+07    4 13783     185   1.0  1.68E-07  1.40E-06  6.66E-15  0.00
 5514 2.7570E+07    4 13786     185   1.0  1.68E-07  1.40E-06  1.08E-13  0.00
 5515 2.7575E+07    4 13788     185   1.0  1.68E-07  1.40E-06  1.11E-11  0.00
 5516 2.7580E+07    4 13791     185   1.0  1.68E-07  1.40E-06  1.15E-12  0.00
 5517 2.7585E+07    4 13793     185   1.0  1.68E-07  1.40E-06  3.35E-13  0.00
 5518 2.7590E+07    4 13796     185   1.0  1.68E-07  1.40E-06  1.27E-13  0.00
 5519 2.7595E+07    4 13798     185   1.0  1.68E-07  1.40E-06  8.74E-14  0.00
 5520 2.7600E+07    4 13801     185   1.0  1.68E-07  1.40E-06  1.45E-12  0.00
 5521 2.7605E+07    4 13803     185   1.0  1.68E-07  1.40E-06  1.01E-12  0.00
 5522 2.7610E+07    4 13806     185   1.0  1.68E-07  1.40E-06  2.77E-12  0.00
 5523 2.7615E+07    4 13808     185   1.0  1.68E-07  1.40E-06  4.76E-13  0.00
 5524 2.7620E+07    4 13811     185   1.0  1.68E-07  1.40E-06  9.08E-12  0.00
 5525 2.7625E+07    4 13813     185   1.0  1.68E-07  1.40E-06  7.61E-13  0.00
 5526 2.7630E+07    4 13816     185   1.0  1.68E-07  1.40E-06  3.34E-11  0.00
 5527 2.7635E+07    4 13818     185   1.0  1.68E-07  1.40E-06  7.23E-13  0.00
 5528 2.7640E+07    4 13821     185   1.0  1.68E-07  1.40E-06  9.65E-13  0.00
 5529 2.7645E+07    4 13823     185   1.0  1.68E-07  1.40E-06  1.64E-14  0.00
 5530 2.7650E+07    4 13826     185   1.0  1.68E-07  1.40E-06  5.43E-13  0.00
 5531 2.7655E+07    4 13828     185   1.0  1.68E-07  1.40E-06  5.25E-14  0.00
 5532 2.7660E+07    4 13831     185   1.0  1.68E-07  1.40E-06  1.24E-12  0.00
 5533 2.7665E+07    4 13833     185   1.0  1.68E-07  1.40E-06  1.02E-12  0.00
 5534 2.7670E+07    4 13836     185   1.0  1.68E-07  1.40E-06  1.55E-12  0.00
 5535 2.7675E+07    4 13838     185   1.0  1.68E-07  1.40E-06  1.73E-12  0.00
 5536 2.7680E+07    4 13841     185   1.0  1.68E-07  1.40E-06  3.08E-13  0.00
 5537 2.7685E+07    4 13843     185   1.0  1.68E-07  1.40E-06  1.18E-12  0.00
 5538 2.7690E+07    4 13846     185   1.0  2.09E-07  1.69E-06  2.19E-13  0.00
 5539 2.7695E+07    4 13848     185   1.0  2.10E-07  1.69E-06  1.49E-11  0.00
 5540 2.7700E+07    4 13851     185   1.0  2.10E-07  1.69E-06  6.67E-14  0.00
 5541 2.7705E+07    4 13853     185   1.0  2.10E-07  1.69E-06  3.45E-13  0.00
 5542 2.7710E+07    4 13856     185   1.0  2.10E-07  1.69E-06  4.66E-13  0.00
 5543 2.7715E+07    4 13858     185   1.0  2.10E-07  1.69E-06  2.36E-13  0.00
 5544 2.7720E+07    4 13861     185   1.0  2.09E-07  1.69E-06  3.68E-13  0.00
 5545 2.7725E+07    4 13863     185   1.0  2.09E-07  1.69E-06  3.88E-13  0.00
 5546 2.7730E+07    4 13866     185   1.0  2.09E-07  1.69E-06  2.22E-13  0.00
 5547 2.7735E+07    4 13868     185   1.0  2.09E-07  1.69E-06  1.97E-12  0.00
 5548 2.7740E+07    4 13871     185   1.0  2.09E-07  1.69E-06  1.51E-12  0.00
 5549 2.7745E+07    4 13873     185   1.0  2.09E-07  1.69E-06  4.26E-12  0.00
 5550 2.7750E+07    4 13876     185   1.0  2.09E-07  1.69E-06  1.71E-12  0.00
 5551 2.7755E+07    4 13878     185   1.0  2.09E-07  1.69E-06  1.14E-12  0.00
 5552 2.7760E+07    4 13881     185   1.0  2.09E-07  1.69E-06  5.53E-13  0.00
 5553 2.7765E+07    4 13883     185   1.0  2.09E-07  1.69E-06  2.03E-12  0.00
 5554 2.7770E+07    4 13886     185   1.0  2.09E-07  1.69E-06  3.38E-13  0.00
 5555 2.7775E+07    4 13888     185   1.0  2.09E-07  1.69E-06  8.45E-12  0.00
 5556 2.7780E+07    4 13891     185   1.0  2.09E-07  1.69E-06  3.61E-13  0.00
 5557 2.7785E+07    4 13893     185   1.0  2.09E-07  1.69E-06  7.17E-13  0.00
 5558 2.7790E+07    4 13896     185   1.0  2.09E-07  1.69E-06  3.98E-12  0.00
 5559 2.7795E+07    4 13898     185   1.0  2.09E-07  1.69E-06  4.35E-13  0.00
 5560 2.7800E+07    4 13901     185   1.0  2.09E-07  1.69E-06  2.90E-13  0.00
 5561 2.7805E+07    4 13903     185   1.0  2.09E-07  1.69E-06  1.08E-13  0.00
 5562 2.7810E+07    4 13906     185   1.0  2.09E-07  1.69E-06  7.21E-13  0.00
 5563 2.7815E+07    4 13908     185   1.0  2.09E-07  1.69E-06  8.79E-14  0.00
 5564 2.7820E+07    4 13911     185   1.0  2.09E-07  1.69E-06  1.07E-12  0.00
 5565 2.7825E+07    4 13913     185   1.0  2.09E-07  1.69E-06  3.27E-13  0.00
 5566 2.7830E+07    4 13916     185   1.0  2.09E-07  1.69E-06  3.34E-14  0.00
 5567 2.7835E+07    4 13918     185   1.0  2.09E-07  1.69E-06  1.75E-13  0.00
 5568 2.7840E+07    4 13921     185   1.0  2.09E-07  1.69E-06  4.56E-13  0.00
 5569 2.7845E+07    4 13923     185   1.0  2.09E-07  1.69E-06  2.86E-13  0.00
 5570 2.7850E+07    4 13926     185   1.0  2.09E-07  1.68E-06  3.33E-12  0.00
 5571 2.7855E+07    4 13928     185   1.0  2.09E-07  1.68E-06  1.05E-11  0.00
 5572 2.7860E+07    4 13931     185   1.0  2.09E-07  1.68E-06  1.23E-11  0.00
 5573 2.7865E+07    4 13933     185   1.0  2.09E-07  1.68E-06  2.08E-12  0.00
 5574 2.7870E+07    4 13936     185   1.0  2.09E-07  1.68E-06  3.55E-11  0.00
 5575 2.7875E+07    4 13938     185   1.0  2.08E-07  1.68E-06  3.58E-13  0.00
 5576 2.7880E+07    4 13941     185   1.0  2.08E-07  1.68E-06  5.69E-15  0.00
 5577 2.7885E+07    4 13943     185   1.0  2.08E-07  1.68E-06  2.16E-13  0.00
 5578 2.7890E+07    4 13946     185   1.0  2.08E-07  1.68E-06  9.17E-13  0.00
 5579 2.7895E+07    4 13948     185   1.0  2.08E-07  1.68E-06  1.05E-12  0.00
 5580 2.7900E+07    4 13951     185   1.0  2.22E-07  1.79E-06  1.93E-13  0.00
 5581 2.7905E+07    4 13953     185   1.0  2.69E-07  2.16E-06  6.36E-14  0.00
 5582 2.7910E+07    4 13956     185   1.0  2.69E-07  2.15E-06  2.54E-13  0.00
 5583 2.7915E+07    4 13958     185   1.0  2.69E-07  2.15E-06  1.74E-11  0.00
 5584 2.7920E+07    4 13961     185   1.0  2.69E-07  2.15E-06  3.93E-11  0.00
 5585 2.7925E+07    4 13963     185   1.0  2.69E-07  2.15E-06  9.22E-13  0.00
 5586 2.7930E+07    4 13966     185   1.0  2.69E-07  2.15E-06  1.29E-13  0.00
 5587 2.7935E+07    4 13968     185   1.0  2.68E-07  2.15E-06  2.17E-12  0.00
 5588 2.7940E+07    4 13971     185   1.0  2.68E-07  2.15E-06  2.84E-13  0.00
 5589 2.7945E+07    4 13973     185   1.0  2.68E-07  2.15E-06  1.51E-12  0.00
 5590 2.7950E+07    4 13976     185   1.0  2.68E-07  2.15E-06  1.05E-13  0.00
 5591 2.7955E+07    4 13978     185   1.0  2.68E-07  2.14E-06  2.65E-12  0.00
 5592 2.7960E+07    4 13981     185   1.0  2.68E-07  2.14E-06  5.60E-11  0.00
 5593 2.7965E+07    4 13983     185   1.0  2.68E-07  2.14E-06  2.26E-13  0.00
 5594 2.7970E+07    4 13986     185   1.0  2.67E-07  2.14E-06  2.09E-12  0.00
 5595 2.7975E+07    4 13988     185   1.0  2.67E-07  2.14E-06  1.26E-13  0.00
 5596 2.7980E+07    4 13991     185   1.0  2.67E-07  2.14E-06  9.91E-14  0.00
 5597 2.7985E+07    4 13993     185   1.0  2.67E-07  2.14E-06  4.56E-12  0.00
 5598 2.7990E+07    4 13996     185   1.0  2.67E-07  2.14E-06  1.10E-13  0.00
 5599 2.7995E+07    4 13998     185   1.0  2.67E-07  2.14E-06  8.67E-13  0.00
 5600 2.8000E+07    4 14001     185   1.0  2.67E-07  2.14E-06  3.63E-13  0.00
 5601 2.8005E+07    4 14003     185   1.0  2.66E-07  2.13E-06  7.35E-13  0.00
 5602 2.8010E+07    4 14006     185   1.0  2.66E-07  2.13E-06  2.61E-13  0.00
 5603 2.8015E+07    4 14008     185   1.0  2.66E-07  2.13E-06  1.02E-09  0.00
 5604 2.8020E+07    4 14011     185   1.0  2.66E-07  2.13E-06  3.34E-13  0.00
 5605 2.8025E+07    4 14013     185   1.0  2.66E-07  2.13E-06  2.63E-13  0.00
 5606 2.8030E+07    4 14016     185   1.0  2.66E-07  2.13E-06  8.76E-12  0.00
 5607 2.8035E+07    4 14018     185   1.0  2.66E-07  2.13E-06  3.98E-11  0.00
 5608 2.8040E+07    4 14021     185   1.0  2.65E-07  2.13E-06  6.93E-13  0.00
 5609 2.8045E+07    4 14023     185   1.0  2.65E-07  2.13E-06  4.37E-12  0.00
 5610 2.8050E+07    4 14026     185   1.0  2.65E-07  2.12E-06  8.32E-13  0.00
 5611 2.8055E+07    4 14028     185   1.0  2.65E-07  2.12E-06  3.40E-13  0.00
 5612 2.8060E+07    4 14031     185   1.0  2.65E-07  2.12E-06  4.67E-11  0.00
 5613 2.8065E+07    4 14033     185   1.0  2.65E-07  2.12E-06  3.38E-12  0.00
 5614 2.8070E+07    4 14036     185   1.0  2.65E-07  2.12E-06  5.92E-12  0.00
 5615 2.8075E+07    4 14038     185   1.0  2.65E-07  2.12E-06  1.61E-12  0.00
 5616 2.8080E+07    4 14041     185   1.0  2.62E-07  2.02E-06  3.00E-13  0.00
 5617 2.8085E+07    4 14043     185   1.0  2.41E-07  1.73E-06  2.90E-13  0.00
 5618 2.8090E+07    4 14046     185   1.0  2.41E-07  1.73E-06  9.06E-14  0.00
 5619 2.8095E+07    4 14048     185   1.0  2.41E-07  1.73E-06  2.13E-12  0.00
 5620 2.8100E+07    4 14051     185   1.0  2.41E-07  1.73E-06  1.42E-12  0.00
 5621 2.8105E+07    4 14053     185   1.0  2.40E-07  1.73E-06  1.08E-10  0.00
 5622 2.8110E+07    4 14056     185   1.0  2.10E-07  1.57E-06  3.40E-12  0.00
 5623 2.8115E+07    4 14058     185   1.0  2.10E-07  1.58E-06  8.22E-13  0.00
 5624 2.8120E+07    4 14061     185   1.0  2.10E-07  1.57E-06  1.27E-13  0.00
 5625 2.8125E+07    4 14063     185   1.0  2.10E-07  1.57E-06  5.19E-13  0.00
 5626 2.8130E+07    4 14066     185   1.0  2.09E-07  1.57E-06  4.57E-13  0.00
 5627 2.8135E+07    4 14068     185   1.0  2.09E-07  1.57E-06  3.13E-11  0.00
 5628 2.8140E+07    4 14071     185   1.0  2.09E-07  1.57E-06  1.36E-13  0.00
 5629 2.8145E+07    4 14073     185   1.0  2.09E-07  1.57E-06  2.63E-13  0.00
 5630 2.8150E+07    4 14076     185   1.0  2.09E-07  1.57E-06  1.44E-13  0.00
 5631 2.8155E+07    4 14078     185   1.0  2.09E-07  1.57E-06  4.23E-12  0.00
 5632 2.8160E+07    4 14081     185   1.0  2.09E-07  1.57E-06  1.98E-12  0.00
 5633 2.8165E+07    4 14083     185   1.0  2.09E-07  1.57E-06  4.41E-12  0.00
 5634 2.8170E+07    4 14086     185   1.0  2.09E-07  1.57E-06  2.30E-11  0.00
 5635 2.8175E+07    4 14088     185   1.0  2.09E-07  1.57E-06  6.76E-14  0.00
 5636 2.8180E+07    4 14091     185   1.0  2.09E-07  1.57E-06  4.89E-15  0.00
 5637 2.8185E+07    4 14093     185   1.0  2.08E-07  1.57E-06  1.51E-12  0.00
 5638 2.8190E+07    4 14096     185   1.0  2.08E-07  1.56E-06  6.84E-11  0.00
 5639 2.8195E+07    4 14098     185   1.0  2.08E-07  1.56E-06  4.39E-13  0.00
 5640 2.8200E+07    4 14101     185   1.0  2.08E-07  1.56E-06  6.86E-12  0.00
 5641 2.8205E+07    4 14103     185   1.0  2.08E-07  1.56E-06  1.36E-13  0.00
 5642 2.8210E+07    4 14106     185   1.0  2.08E-07  1.56E-06  2.04E-13  0.00
 5643 2.8215E+07    4 14108     185   1.0  2.08E-07  1.56E-06  3.33E-13  0.00
 5644 2.8220E+07    4 14111     185   1.0  2.08E-07  1.56E-06  9.87E-15  0.00
 5645 2.8225E+07    4 14113     185   1.0  2.08E-07  1.56E-06  3.77E-11  0.00
 5646 2.8230E+07    4 14116     185   1.0  2.08E-07  1.56E-06  7.88E-13  0.00
 5647 2.8235E+07    4 14118     185   1.0  2.08E-07  1.56E-06  7.51E-14  0.00
 5648 2.8240E+07    4 14121     185   1.0  2.07E-07  1.56E-06  1.53E-14  0.00
 5649 2.8245E+07    4 14123     185   1.0  2.07E-07  1.56E-06  4.94E-13  0.00
 5650 2.8250E+07    4 14126     185   1.0  2.07E-07  1.56E-06  1.08E-12  0.00
 5651 2.8255E+07    4 14128     185   1.0  2.07E-07  1.56E-06  3.56E-13  0.00
 5652 2.8260E+07    4 14131     185   1.0  2.07E-07  1.56E-06  8.05E-12  0.00
 5653 2.8265E+07    4 14133     185   1.0  2.37E-07  1.74E-06  3.06E-12  0.00
 5654 2.8270E+07    4 14136     185   1.0  3.32E-07  2.33E-06  6.58E-13  0.00
 5655 2.8275E+07    4 14138     185   1.0  3.32E-07  2.33E-06  3.45E-13  0.00
 5656 2.8280E+07    4 14141     185   1.0  3.31E-07  2.33E-06  1.45E-11  0.00
 5657 2.8285E+07    4 14143     185   1.0  3.31E-07  2.32E-06  1.16E-13  0.00
 5658 2.8290E+07    4 14146     185   1.0  3.30E-07  2.32E-06  4.43E-13  0.00
 5659 2.8295E+07    4 14148     185   1.0  3.30E-07  2.32E-06  9.56E-13  0.00
 5660 2.8300E+07    4 14151     185   1.0  3.29E-07  2.31E-06  5.51E-13  0.00
 5661 2.8305E+07    4 14153     185   1.0  3.29E-07  2.31E-06  7.72E-13  0.00
 5662 2.8310E+07    4 14156     185   1.0  3.28E-07  2.31E-06  3.71E-13  0.00
 5663 2.8315E+07    4 14158     185   1.0  3.28E-07  2.31E-06  2.29E-14  0.00
 5664 2.8320E+07    4 14161     185   1.0  3.27E-07  2.30E-06  2.04E-12  0.00
 5665 2.8325E+07    4 14163     185   1.0  3.27E-07  2.30E-06  3.12E-12  0.00
 5666 2.8330E+07    4 14166     185   1.0  3.26E-07  2.30E-06  3.59E-13  0.00
 5667 2.8335E+07    4 14168     185   1.0  3.26E-07  2.29E-06  1.14E-12  0.00
 5668 2.8340E+07    4 14171     185   1.0  3.25E-07  2.29E-06  1.98E-12  0.00
 5669 2.8345E+07    4 14173     185   1.0  3.25E-07  2.29E-06  1.53E-12  0.00
 5670 2.8350E+07    4 14176     185   1.0  3.24E-07  2.28E-06  8.41E-13  0.00
 5671 2.8355E+07    4 14178     185   1.0  3.24E-07  2.28E-06  6.24E-14  0.00
 5672 2.8360E+07    4 14181     185   1.0  3.24E-07  2.28E-06  2.58E-13  0.00
 5673 2.8365E+07    4 14183     185   1.0  3.23E-07  2.27E-06  2.85E-12  0.00
 5674 2.8370E+07    4 14186     185   1.0  3.23E-07  2.27E-06  2.68E-12  0.00
 5675 2.8375E+07    4 14188     185   1.0  3.22E-07  2.27E-06  4.55E-13  0.00
 5676 2.8380E+07    4 14191     185   1.0  3.22E-07  2.26E-06  2.02E-12  0.00
 5677 2.8385E+07    4 14193     185   1.0  3.21E-07  2.26E-06  4.85E-13  0.00
 5678 2.8390E+07    4 14196     185   1.0  3.21E-07  2.26E-06  1.99E-12  0.00
 5679 2.8395E+07    4 14198     185   1.0  3.20E-07  2.26E-06  5.06E-13  0.00
 5680 2.8400E+07    4 14201     185   1.0  3.20E-07  2.25E-06  3.80E-13  0.00
 5681 2.8405E+07    4 14203     185   1.0  3.19E-07  2.25E-06  1.46E-12  0.00
 5682 2.8410E+07    4 14206     185   1.0  3.19E-07  2.25E-06  3.65E-12  0.00
 5683 2.8415E+07    4 14208     185   1.0  3.19E-07  2.24E-06  2.38E-12  0.00
 5684 2.8420E+07    4 14211     185   1.0  3.18E-07  2.24E-06  7.08E-13  0.00
 5685 2.8425E+07    4 14213     185   1.0  3.18E-07  2.24E-06  7.92E-12  0.00
 5686 2.8430E+07    4 14216     185   1.0  3.17E-07  2.24E-06  9.49E-13  0.00
 5687 2.8435E+07    4 14218     185   1.0  2.19E-07  1.61E-06  7.43E-13  0.00
 5688 2.8440E+07    4 14221     185   1.0  2.16E-07  1.60E-06  6.14E-14  0.00
 5689 2.8445E+07    4 14223     185   1.0  2.16E-07  1.60E-06  5.19E-13  0.00
 5690 2.8450E+07    4 14226     185   1.0  2.16E-07  1.59E-06  5.86E-14  0.00
 5691 2.8455E+07    4 14228     185   1.0  2.16E-07  1.59E-06  1.50E-12  0.00
 5692 2.8460E+07    4 14231     185   1.0  2.16E-07  1.59E-06  5.88E-13  0.00
 5693 2.8465E+07    4 14233     185   1.0  2.16E-07  1.59E-06  1.42E-12  0.00
 5694 2.8470E+07    4 14236     185   1.0  2.15E-07  1.59E-06  1.53E-13  0.00
 5695 2.8475E+07    4 14238     185   1.0  2.15E-07  1.59E-06  4.28E-13  0.00
 5696 2.8480E+07    4 14241     185   1.0  2.15E-07  1.59E-06  2.61E-13  0.00
 5697 2.8485E+07    4 14243     185   1.0  2.15E-07  1.59E-06  1.31E-11  0.00
 5698 2.8490E+07    4 14246     185   1.0  2.15E-07  1.59E-06  2.64E-12  0.00
 5699 2.8495E+07    4 14248     185   1.0  2.15E-07  1.59E-06  1.43E-12  0.00
 5700 2.8500E+07    4 14251     185   1.0  2.15E-07  1.59E-06  2.59E-12  0.00
 5701 2.8505E+07    4 14253     185   1.0  2.15E-07  1.59E-06  1.67E-13  0.00
 5702 2.8510E+07    4 14256     185   1.0  2.15E-07  1.59E-06  3.93E-12  0.00
 5703 2.8515E+07    4 14258     185   1.0  2.15E-07  1.59E-06  5.28E-13  0.00
 5704 2.8520E+07    4 14261     185   1.0  2.15E-07  1.59E-06  3.87E-12  0.00
 5705 2.8525E+07    4 14263     185   1.0  2.14E-07  1.59E-06  9.24E-14  0.00
 5706 2.8530E+07    4 14266     185   1.0  2.14E-07  1.58E-06  2.82E-13  0.00
 5707 2.8535E+07    4 14268     185   1.0  2.14E-07  1.58E-06  3.32E-14  0.00
 5708 2.8540E+07    4 14271     185   1.0  2.14E-07  1.58E-06  7.18E-13  0.00
 5709 2.8545E+07    4 14273     185   1.0  2.14E-07  1.58E-06  6.35E-13  0.00
 5710 2.8550E+07    4 14276     185   1.0  2.14E-07  1.58E-06  8.29E-13  0.00
 5711 2.8555E+07    4 14278     185   1.0  2.14E-07  1.58E-06  1.78E-13  0.00
 5712 2.8560E+07    4 14281     185   1.0  2.14E-07  1.58E-06  6.19E-14  0.00
 5713 2.8565E+07    4 14283     185   1.0  2.14E-07  1.58E-06  1.75E-12  0.00
 5714 2.8570E+07    4 14286     185   1.0  2.14E-07  1.58E-06  7.48E-12  0.00
 5715 2.8575E+07    4 14288     185   1.0  2.14E-07  1.58E-06  2.30E-12  0.00
 5716 2.8580E+07    4 14291     185   1.0  2.13E-07  1.58E-06  2.38E-12  0.00
 5717 2.8585E+07    4 14293     185   1.0  2.13E-07  1.58E-06  3.09E-12  0.00
 5718 2.8590E+07    4 14296     185   1.0  2.13E-07  1.58E-06  6.98E-12  0.00
 5719 2.8595E+07    4 14298     185   1.0  2.13E-07  1.58E-06  1.05E-12  0.00
 5720 2.8600E+07    4 14301     185   1.0  2.13E-07  1.58E-06  2.57E-11  0.00
 5721 2.8605E+07    4 14303     185   1.0  2.13E-07  1.58E-06  2.41E-14  0.00
 5722 2.8610E+07    4 14306     185   1.0  2.13E-07  1.57E-06  1.42E-14  0.00
 5723 2.8615E+07    4 14308     185   1.0  2.13E-07  1.57E-06  6.47E-12  0.00
 5724 2.8620E+07    4 14311     185   1.0  2.13E-07  1.57E-06  2.94E-13  0.00
 5725 2.8625E+07    4 14313     185   1.0  2.13E-07  1.57E-06  1.07E-11  0.00
 5726 2.8630E+07    4 14316     185   1.0  2.13E-07  1.57E-06  1.13E-12  0.00
 5727 2.8635E+07    4 14318     185   1.0  2.13E-07  1.57E-06  1.71E-12  0.00
 5728 2.8640E+07    4 14321     185   1.0  2.12E-07  1.57E-06  3.74E-13  0.00
 5729 2.8645E+07    4 14323     185   1.0  2.12E-07  1.57E-06  6.80E-13  0.00
 5730 2.8650E+07    4 14326     185   1.0  2.12E-07  1.57E-06  2.74E-13  0.00
 5731 2.8655E+07    4 14328     185   1.0  2.12E-07  1.57E-06  1.58E-12  0.00
 5732 2.8660E+07    4 14331     185   1.0  2.12E-07  1.57E-06  9.66E-13  0.00
 5733 2.8665E+07    4 14333     185   1.0  2.12E-07  1.57E-06  6.30E-12  0.00
 5734 2.8670E+07    4 14336     185   1.0  2.12E-07  1.57E-06  1.32E-13  0.00
 5735 2.8675E+07    4 14338     185   1.0  2.12E-07  1.57E-06  2.76E-13  0.00
 5736 2.8680E+07    4 14341     185   1.0  2.12E-07  1.57E-06  5.78E-13  0.00
 5737 2.8685E+07    4 14343     185   1.0  2.12E-07  1.57E-06  5.07E-12  0.00
 5738 2.8690E+07    4 14346     185   1.0  2.12E-07  1.56E-06  2.34E-13  0.00
 5739 2.8695E+07    4 14348     185   1.0  2.10E-07  1.56E-06  6.65E-12  0.00
 5740 2.8700E+07    4 14351     185   1.0  2.05E-07  1.52E-06  9.30E-13  0.00
 5741 2.8705E+07    4 14353     185   1.0  2.05E-07  1.52E-06  1.22E-12  0.00
 5742 2.8710E+07    4 14356     185   1.0  2.05E-07  1.52E-06  6.27E-13  0.00
 5743 2.8715E+07    4 14358     185   1.0  2.05E-07  1.52E-06  6.26E-13  0.00
 5744 2.8720E+07    4 14361     185   1.0  2.05E-07  1.52E-06  4.35E-13  0.00
 5745 2.8725E+07    4 14363     185   1.0  2.05E-07  1.52E-06  1.80E-13  0.00
 5746 2.8730E+07    4 14366     185   1.0  2.05E-07  1.52E-06  7.86E-11  0.00
 5747 2.8735E+07    4 14368     185   1.0  2.05E-07  1.52E-06  1.55E-12  0.00
 5748 2.8740E+07    4 14371     185   1.0  2.05E-07  1.52E-06  1.16E-13  0.00
 5749 2.8745E+07    4 14373     185   1.0  2.05E-07  1.52E-06  2.77E-13  0.00
 5750 2.8750E+07    4 14376     185   1.0  2.05E-07  1.52E-06  4.88E-14  0.00
 5751 2.8755E+07    4 14378     185   1.0  2.05E-07  1.52E-06  3.57E-14  0.00
 5752 2.8760E+07    4 14381     185   1.0  2.05E-07  1.52E-06  1.72E-13  0.00
 5753 2.8765E+07    4 14383     185   1.0  2.04E-07  1.52E-06  1.01E-12  0.00
 5754 2.8770E+07    4 14386     185   1.0  2.04E-07  1.52E-06  4.29E-14  0.00
 5755 2.8775E+07    4 14388     185   1.0  2.04E-07  1.52E-06  7.23E-13  0.00
 5756 2.8780E+07    4 14391     185   1.0  2.04E-07  1.52E-06  2.02E-13  0.00
 5757 2.8785E+07    4 14393     185   1.0  2.04E-07  1.51E-06  2.98E-12  0.00
 5758 2.8790E+07    4 14396     185   1.0  2.04E-07  1.51E-06  7.30E-13  0.00
 5759 2.8795E+07    4 14398     185   1.0  2.04E-07  1.51E-06  2.46E-13  0.00
 5760 2.8800E+07    4 14401     185   1.0  2.04E-07  1.51E-06  5.59E-13  0.00
 5761 2.8805E+07    4 14403     185   1.0  2.04E-07  1.51E-06  7.97E-13  0.00
 5762 2.8810E+07    4 14406     185   1.0  2.04E-07  1.51E-06  1.71E-13  0.00
 5763 2.8815E+07    4 14408     185   1.0  2.04E-07  1.51E-06  4.75E-13  0.00
 5764 2.8820E+07    4 14411     185   1.0  2.04E-07  1.51E-06  3.56E-11  0.00
 5765 2.8825E+07    4 14413     185   1.0  2.03E-07  1.51E-06  3.53E-12  0.00
 5766 2.8830E+07    4 14416     185   1.0  2.03E-07  1.51E-06  2.34E-13  0.00
 5767 2.8835E+07    4 14418     185   1.0  2.03E-07  1.51E-06  3.10E-12  0.00
 5768 2.8840E+07    4 14421     185   1.0  2.03E-07  1.51E-06  1.06E-12  0.00
 5769 2.8845E+07    4 14423     185   1.0  2.03E-07  1.51E-06  1.17E-12  0.00
 5770 2.8850E+07    4 14426     185   1.0  2.03E-07  1.51E-06  1.62E-13  0.00
 5771 2.8855E+07    4 14428     185   1.0  2.03E-07  1.51E-06  6.05E-13  0.00
 5772 2.8860E+07    4 14431     185   1.0  2.03E-07  1.51E-06  7.10E-13  0.00
 5773 2.8865E+07    4 14433     185   1.0  2.03E-07  1.51E-06  1.06E-13  0.00
 5774 2.8870E+07    4 14436     185   1.0  2.03E-07  1.50E-06  3.72E-12  0.00
 5775 2.8875E+07    4 14438     185   1.0  2.03E-07  1.50E-06  5.07E-11  0.00
 5776 2.8880E+07    4 14441     185   1.0  2.02E-07  1.50E-06  1.63E-12  0.00
 5777 2.8885E+07    4 14443     185   1.0  2.02E-07  1.50E-06  1.03E-12  0.00
 5778 2.8890E+07    4 14446     185   1.0  2.02E-07  1.50E-06  1.78E-12  0.00
 5779 2.8895E+07    4 14448     185   1.0  2.02E-07  1.50E-06  3.04E-13  0.00
 5780 2.8900E+07    4 14451     185   1.0  2.02E-07  1.50E-06  2.01E-13  0.00
 5781 2.8905E+07    4 14453     185   1.0  2.02E-07  1.50E-06  7.33E-13  0.00
 5782 2.8910E+07    4 14456     185   1.0  2.02E-07  1.50E-06  1.89E-13  0.00
 5783 2.8915E+07    4 14458     185   1.0  1.95E-07  1.45E-06  3.06E-12  0.00
 5784 2.8920E+07    4 14461     185   1.0  1.65E-07  1.25E-06  1.69E-12  0.00
 5785 2.8925E+07    4 14463     185   1.0  1.65E-07  1.25E-06  2.24E-10  0.00
 5786 2.8930E+07    4 14466     185   1.0  1.65E-07  1.25E-06  3.07E-12  0.00
 5787 2.8935E+07    4 14468     185   1.0  1.65E-07  1.25E-06  1.44E-12  0.00
 5788 2.8940E+07    4 14471     185   1.0  1.65E-07  1.25E-06  8.94E-12  0.00
 5789 2.8945E+07    4 14473     185   1.0  1.65E-07  1.25E-06  5.79E-12  0.00
 5790 2.8950E+07    4 14476     185   1.0  1.65E-07  1.25E-06  2.30E-13  0.00
 5791 2.8955E+07    4 14478     185   1.0  1.65E-07  1.25E-06  7.52E-13  0.00
 5792 2.8960E+07    4 14481     185   1.0  1.65E-07  1.25E-06  4.42E-13  0.00
 5793 2.8965E+07    4 14483     185   1.0  1.65E-07  1.25E-06  1.32E-12  0.00
 5794 2.8970E+07    4 14486     185   1.0  1.65E-07  1.25E-06  1.35E-12  0.00
 5795 2.8975E+07    4 14488     185   1.0  1.65E-07  1.25E-06  1.07E-12  0.00
 5796 2.8980E+07    4 14491     185   1.0  1.65E-07  1.25E-06  2.23E-11  0.00
 5797 2.8985E+07    4 14493     185   1.0  1.64E-07  1.25E-06  2.25E-13  0.00
 5798 2.8990E+07    4 14496     185   1.0  1.64E-07  1.25E-06  1.26E-11  0.00
 5799 2.8995E+07    4 14498     185   1.0  1.64E-07  1.25E-06  1.24E-12  0.00
 5800 2.9000E+07    4 14501     185   1.0  1.64E-07  1.25E-06  1.15E-10  0.00
 5801 2.9005E+07    4 14503     185   1.0  1.64E-07  1.24E-06  2.23E-14  0.00
 5802 2.9010E+07    4 14506     185   1.0  1.64E-07  1.24E-06  2.03E-13  0.00
 5803 2.9015E+07    4 14508     185   1.0  1.64E-07  1.24E-06  1.07E-12  0.00
 5804 2.9020E+07    4 14511     185   1.0  1.64E-07  1.24E-06  1.07E-14  0.00
 5805 2.9025E+07    4 14513     185   1.0  1.59E-07  1.22E-06  1.10E-12  0.00
 5806 2.9030E+07    4 14516     185   1.0  1.58E-07  1.22E-06  1.26E-12  0.00
 5807 2.9035E+07    4 14518     185   1.0  1.58E-07  1.22E-06  1.41E-13  0.00
 5808 2.9040E+07    4 14521     185   1.0  1.58E-07  1.22E-06  7.79E-13  0.00
 5809 2.9045E+07    4 14523     185   1.0  1.58E-07  1.22E-06  2.35E-12  0.00
 5810 2.9050E+07    4 14526     185   1.0  1.58E-07  1.22E-06  8.50E-13  0.00
 5811 2.9055E+07    4 14528     185   1.0  1.58E-07  1.22E-06  6.83E-14  0.00
 5812 2.9060E+07    4 14531     185   1.0  1.58E-07  1.22E-06  3.87E-12  0.00
 5813 2.9065E+07    4 14533     185   1.0  1.58E-07  1.22E-06  3.77E-14  0.00
 5814 2.9070E+07    4 14536     185   1.0  1.58E-07  1.22E-06  1.77E-12  0.00
 5815 2.9075E+07    4 14538     185   1.0  1.58E-07  1.22E-06  2.12E-13  0.00
 5816 2.9080E+07    4 14541     185   1.0  1.58E-07  1.22E-06  1.98E-13  0.00
 5817 2.9085E+07    4 14543     185   1.0  1.58E-07  1.22E-06  9.46E-13  0.00
 5818 2.9090E+07    4 14546     185   1.0  1.58E-07  1.22E-06  9.13E-12  0.00
 5819 2.9095E+07    4 14548     185   1.0  1.58E-07  1.21E-06  2.07E-12  0.00
 5820 2.9100E+07    4 14551     185   1.0  1.58E-07  1.21E-06  2.88E-15  0.00
 5821 2.9105E+07    4 14553     185   1.0  1.58E-07  1.21E-06  7.21E-11  0.00
 5822 2.9110E+07    4 14556     185   1.0  1.57E-07  1.21E-06  3.38E-14  0.00
 5823 2.9115E+07    4 14558     185   1.0  1.57E-07  1.21E-06  7.47E-14  0.00
 5824 2.9120E+07    4 14561     185   1.0  1.57E-07  1.21E-06  1.94E-12  0.00
 5825 2.9125E+07    4 14563     185   1.0  1.57E-07  1.21E-06  1.48E-12  0.00
 5826 2.9130E+07    4 14566     185   1.0  1.57E-07  1.21E-06  1.52E-13  0.00
 5827 2.9135E+07    4 14568     185   1.0  1.57E-07  1.21E-06  2.34E-12  0.00
 5828 2.9140E+07    4 14571     185   1.0  1.57E-07  1.21E-06  9.08E-14  0.00
 5829 2.9145E+07    4 14573     185   1.0  1.57E-07  1.21E-06  2.80E-13  0.00
 5830 2.9150E+07    4 14576     185   1.0  1.57E-07  1.21E-06  5.63E-12  0.00
 5831 2.9155E+07    4 14578     185   1.0  1.57E-07  1.21E-06  7.04E-13  0.00
 5832 2.9160E+07    4 14581     185   1.0  1.57E-07  1.21E-06  1.14E-12  0.00
 5833 2.9165E+07    4 14583     185   1.0  1.57E-07  1.21E-06  3.56E-13  0.00
 5834 2.9170E+07    4 14586     185   1.0  1.57E-07  1.21E-06  5.59E-13  0.00
 5835 2.9175E+07    4 14588     185   1.0  1.57E-07  1.21E-06  5.95E-13  0.00
 5836 2.9180E+07    4 14591     185   1.0  1.57E-07  1.21E-06  1.89E-13  0.00
 5837 2.9185E+07    4 14593     185   1.0  1.57E-07  1.21E-06  3.40E-14  0.00
 5838 2.9190E+07    4 14596     185   1.0  1.57E-07  1.21E-06  1.46E-13  0.00
 5839 2.9195E+07    4 14598     185   1.0  1.57E-07  1.21E-06  1.98E-13  0.00
 5840 2.9200E+07    4 14601     185   1.0  1.57E-07  1.21E-06  6.91E-15  0.00
 5841 2.9205E+07    4 14603     185   1.0  1.56E-07  1.21E-06  3.98E-13  0.00
 5842 2.9210E+07    4 14606     185   1.0  1.56E-07  1.21E-06  7.39E-13  0.00
 5843 2.9215E+07    4 14608     185   1.0  1.56E-07  1.21E-06  1.23E-12  0.00
 5844 2.9220E+07    4 14611     185   1.0  1.56E-07  1.21E-06  1.46E-13  0.00
 5845 2.9225E+07    4 14613     185   1.0  1.56E-07  1.20E-06  4.13E-12  0.00
 5846 2.9230E+07    4 14616     185   1.0  1.56E-07  1.20E-06  1.13E-13  0.00
 5847 2.9235E+07    4 14618     185   1.0  1.56E-07  1.20E-06  9.70E-11  0.00
 5848 2.9240E+07    4 14621     185   1.0  1.57E-07  1.20E-06  3.84E-13  0.00
 5849 2.9245E+07    4 14623     185   1.0  1.56E-07  1.20E-06  1.27E-14  0.00
 5850 2.9250E+07    4 14626     185   1.0  1.56E-07  1.20E-06  5.68E-13  0.00
 5851 2.9255E+07    4 14628     185   1.0  1.56E-07  1.20E-06  1.75E-11  0.00
 5852 2.9260E+07    4 14631     185   1.0  1.56E-07  1.20E-06  4.03E-13  0.00
 5853 2.9265E+07    4 14633     185   1.0  1.53E-07  1.19E-06  1.10E-12  0.00
 5854 2.9270E+07    4 14636     185   1.0  1.52E-07  1.19E-06  2.14E-12  0.00
 5855 2.9275E+07    4 14638     185   1.0  1.52E-07  1.18E-06  8.02E-14  0.00
 5856 2.9280E+07    4 14641     185   1.0  1.52E-07  1.18E-06  6.29E-13  0.00
 5857 2.9285E+07    4 14643     185   1.0  1.52E-07  1.18E-06  3.46E-14  0.00
 5858 2.9290E+07    4 14646     185   1.0  1.52E-07  1.18E-06  2.81E-12  0.00
 5859 2.9295E+07    4 14648     185   1.0  1.52E-07  1.18E-06  9.53E-13  0.00
 5860 2.9300E+07    4 14651     185   1.0  1.52E-07  1.18E-06  1.05E-13  0.00
 5861 2.9305E+07    4 14653     185   1.0  1.52E-07  1.18E-06  1.13E-11  0.00
 5862 2.9310E+07    4 14656     185   1.0  1.51E-07  1.18E-06  9.81E-13  0.00
 5863 2.9315E+07    4 14658     185   1.0  1.51E-07  1.18E-06  2.84E-12  0.00
 5864 2.9320E+07    4 14661     185   1.0  1.51E-07  1.18E-06  7.22E-13  0.00
 5865 2.9325E+07    4 14663     185   1.0  1.51E-07  1.18E-06  2.58E-13  0.00
 5866 2.9330E+07    4 14666     185   1.0  1.51E-07  1.18E-06  7.30E-14  0.00
 5867 2.9335E+07    4 14668     185   1.0  1.51E-07  1.18E-06  4.06E-14  0.00
 5868 2.9340E+07    4 14671     185   1.0  1.51E-07  1.18E-06  2.36E-13  0.00
 5869 2.9345E+07    4 14673     185   1.0  1.51E-07  1.18E-06  1.39E-13  0.00
 5870 2.9350E+07    4 14676     185   1.0  1.51E-07  1.18E-06  9.26E-13  0.00
 5871 2.9355E+07    4 14678     185   1.0  1.51E-07  1.18E-06  9.51E-13  0.00
 5872 2.9360E+07    4 14681     185   1.0  4.11E-07  1.15E-06  7.41E-08  0.00
 5873 2.9365E+07    4 14683     185   1.0  3.31E-06  1.76E-06  8.12E-08  0.00
 5874 2.9370E+07    4 14686     185   1.0  3.32E-06  1.77E-06  6.52E-08  0.00
 5875 2.9375E+07    4 14688     185   1.0  3.36E-06  1.78E-06  3.43E-08  0.00
 5876 2.9380E+07    4 14691     185   1.0  3.30E-06  1.76E-06  4.64E-07  0.00
 5877 2.9385E+07    4 14693     185   1.0  3.08E-06  1.66E-06  1.01E-08  0.00
 5878 2.9390E+07    4 14696     185   1.0  1.63E-06  1.04E-06  3.77E-08  0.00
 5879 2.9395E+07    4 14698     185   1.0  1.62E-06  1.04E-06  2.93E-08  0.00
 5880 2.9400E+07    4 14701     185   1.0  1.55E-06  1.02E-06  8.54E-08  0.00
 5881 2.9405E+07    4 14703     185   1.0  1.60E-06  1.03E-06  4.50E-09  0.00
 5882 2.9410E+07    4 14706     185   1.0  1.65E-06  1.04E-06  3.33E-08  0.00
 5883 2.9415E+07    4 14708     185   1.0  1.56E-06  1.03E-06  4.13E-08  0.00
 5884 2.9420E+07    4 14711     185   1.0  1.60E-06  1.03E-06  5.90E-08  0.00
 5885 2.9425E+07    4 14713     185   1.0  1.56E-06  1.03E-06  3.89E-08  0.00
 5886 2.9430E+07    4 14716     185   1.0  1.58E-06  1.03E-06  5.88E-08  0.00
 5887 2.9435E+07    4 14718     185   1.0  1.60E-06  1.03E-06  1.34E-06  0.00
 5888 2.9440E+07    4 14721     185   1.0  1.62E-06  1.03E-06  1.83E-08  0.00
 5889 2.9445E+07    4 14723     185   1.0  1.55E-06  1.02E-06  4.27E-10  0.00
 5890 2.9450E+07    4 14726     185   1.0  1.58E-06  1.03E-06  8.44E-09  0.00
 5891 2.9455E+07    4 14728     185   1.0  1.49E-06  1.01E-06  4.61E-07  0.00
 5892 2.9460E+07    4 14731     185   1.0  1.51E-06  1.01E-06  2.00E-08  0.00
 5893 2.9465E+07    4 14733     185   1.0  1.58E-06  1.03E-06  1.97E-07  0.00
 5894 2.9470E+07    4 14736     185   1.0  1.55E-06  1.02E-06  2.85E-08  0.00
 5895 2.9475E+07    4 14738     185   1.0  1.56E-06  1.02E-06  1.05E-07  0.00
 5896 2.9480E+07    4 14741     185   1.0  1.60E-06  1.03E-06  5.61E-08  0.00
 5897 2.9485E+07    4 14743     185   1.0  1.57E-06  1.02E-06  2.59E-08  0.00
 5898 2.9490E+07    4 14746     185   1.0  1.54E-06  1.02E-06  7.74E-09  0.00
 5899 2.9495E+07    4 14748     185   1.0  1.60E-06  1.03E-06  7.06E-08  0.00
 5900 2.9500E+07    4 14751     185   1.0  1.58E-06  1.03E-06  1.79E-08  0.00
 5901 2.9505E+07    4 14753     185   1.0  1.60E-06  1.03E-06  2.66E-08  0.00
 5902 2.9510E+07    4 14756     185   1.0  1.65E-06  1.04E-06  8.75E-09  0.00
 5903 2.9515E+07    4 14758     185   1.0  1.60E-06  1.03E-06  4.73E-08  0.00
 5904 2.9520E+07    4 14761     185   1.0  1.53E-06  1.01E-06  5.02E-08  0.00
 5905 2.9525E+07    4 14763     185   1.0  1.58E-06  1.02E-06  4.09E-08  0.00
 5906 2.9530E+07    4 14766     185   1.0  1.52E-06  1.01E-06  8.07E-08  0.00
 5907 2.9535E+07    4 14768     185   1.0  1.57E-06  1.02E-06  1.93E-10  0.00
 5908 2.9540E+07    4 14771     185   1.0  1.53E-06  1.02E-06  3.84E-09  0.00
 5909 2.9545E+07    4 14773     185   1.0  1.55E-06  1.02E-06  4.55E-08  0.00
 5910 2.9550E+07    4 14776     185   1.0  1.59E-06  1.02E-06  7.45E-08  0.00
 5911 2.9555E+07    4 14778     185   1.0  1.56E-06  1.02E-06  3.49E-07  0.00
 5912 2.9560E+07    4 14781     185   1.0  1.60E-06  1.03E-06  6.49E-09  0.00
 5913 2.9565E+07    4 14783     185   1.0  1.48E-06  1.00E-06  3.97E-07  0.00
 5914 2.9570E+07    4 14786     185   1.0  1.55E-06  1.02E-06  2.04E-08  0.00
 5915 2.9575E+07    4 14788     185   1.0  1.53E-06  1.02E-06  1.33E-07  0.00
 5916 2.9580E+07    4 14791     185   1.0  1.54E-06  1.01E-06  2.52E-08  0.00
 5917 2.9585E+07    4 14793     185   1.0  1.61E-06  1.03E-06  1.19E-07  0.00
 5918 2.9590E+07    4 14796     185   1.0  1.56E-06  1.02E-06  6.59E-08  0.00
 5919 2.9595E+07    4 14798     185   1.0  1.60E-06  1.03E-06  2.75E-08  0.00
 5920 2.9600E+07    4 14801     185   1.0  1.57E-06  1.02E-06  3.04E-08  0.00
 5921 2.9605E+07    4 14803     185   1.0  1.57E-06  1.02E-06  6.56E-07  0.00
 5922 2.9610E+07    4 14806     185   1.0  1.51E-06  1.01E-06  1.06E-07  0.00
 5923 2.9615E+07    4 14808     185   1.0  1.57E-06  1.02E-06  5.45E-08  0.00
 5924 2.9620E+07    4 14811     185   1.0  1.58E-06  1.02E-06  2.80E-08  0.00
 5925 2.9625E+07    4 14813     185   1.0  1.59E-06  1.02E-06  4.81E-08  0.00
 5926 2.9630E+07    4 14816     185   1.0  1.53E-06  1.01E-06  3.89E-08  0.00
 5927 2.9635E+07    4 14818     185   1.0  1.59E-06  1.02E-06  7.75E-08  0.00
 5928 2.9640E+07    4 14821     185   1.0  1.52E-06  1.01E-06  1.67E-08  0.00
 5929 2.9645E+07    4 14823     185   1.0  1.54E-06  1.01E-06  1.40E-08  0.00
 5930 2.9650E+07    4 14826     185   1.0  1.55E-06  1.02E-06  1.02E-07  0.00
 5931 2.9655E+07    4 14828     185   1.0  1.55E-06  1.02E-06  1.30E-08  0.00
 5932 2.9660E+07    4 14831     185   1.0  1.58E-06  1.02E-06  4.11E-08  0.00
 5933 2.9665E+07    4 14833     185   1.0  1.65E-06  1.04E-06  1.31E-08  0.00
 5934 2.9670E+07    4 14836     185   1.0  1.58E-06  1.01E-06  3.94E-08  0.00
 5935 2.9675E+07    4 14838     185   1.0  1.61E-06  1.03E-06  1.44E-07  0.00
 5936 2.9680E+07    4 14841     185   1.0  1.62E-06  1.03E-06  4.61E-08  0.00
 5937 2.9685E+07    4 14843     185   1.0  1.50E-06  1.00E-06  1.90E-08  0.00
 5938 2.9690E+07    4 14846     185   1.0  1.60E-06  1.02E-06  2.64E-08  0.00
 5939 2.9695E+07    4 14848     185   1.0  1.51E-06  1.00E-06  1.98E-09  0.00
 5940 2.9700E+07    4 14851     185   1.0  1.59E-06  1.02E-06  9.67E-10  0.00
 5941 2.9705E+07    4 14853     185   1.0  1.51E-06  1.01E-06  9.92E-07  0.00
 5942 2.9710E+07    4 14856     185   1.0  1.53E-06  1.01E-06  1.39E-08  0.00
 5943 2.9715E+07    4 14858     185   1.0  1.47E-06  9.72E-07  3.65E-08  0.00
 5944 2.9720E+07    4 14861     185   1.0  1.28E-06  8.70E-07  2.72E-08  0.00
 5945 2.9725E+07    4 14863     185   1.0  1.27E-06  8.67E-07  3.56E-09  0.00
 5946 2.9730E+07    4 14866     185   1.0  1.27E-06  8.68E-07  1.94E-08  0.00
 5947 2.9735E+07    4 14868     185   1.0  1.28E-06  8.68E-07  6.20E-09  0.00
 5948 2.9740E+07    4 14871     185   1.0  1.26E-06  8.65E-07  3.01E-08  0.00
 5949 2.9745E+07    4 14873     185   1.0  1.29E-06  8.70E-07  1.17E-08  0.00
 5950 2.9750E+07    4 14876     185   1.0  1.28E-06  8.67E-07  1.74E-08  0.00
 5951 2.9755E+07    4 14878     185   1.0  1.28E-06  8.68E-07  3.58E-08  0.00
 5952 2.9760E+07    4 14881     185   1.0  1.27E-06  8.68E-07  3.21E-08  0.00
 5953 2.9765E+07    4 14883     185   1.0  1.29E-06  8.70E-07  2.03E-08  0.00
 5954 2.9770E+07    4 14886     185   1.0  1.28E-06  8.68E-07  1.65E-09  0.00
 5955 2.9775E+07    4 14888     185   1.0  1.27E-06  8.66E-07  4.03E-07  0.00
 5956 2.9780E+07    4 14891     185   1.0  1.28E-06  8.65E-07  6.51E-08  0.00
 5957 2.9785E+07    4 14893     185   1.0  1.28E-06  8.68E-07  1.08E-08  0.00
 5958 2.9790E+07    4 14896     185   1.0  1.29E-06  8.68E-07  3.83E-08  0.00
 5959 2.9795E+07    4 14898     185   1.0  1.28E-06  8.68E-07  5.45E-09  0.00
 5960 2.9800E+07    4 14901     185   1.0  1.28E-06  8.66E-07  1.56E-08  0.00
 5961 2.9805E+07    4 14903     185   1.0  1.27E-06  8.66E-07  3.77E-08  0.00
 5962 2.9810E+07    4 14906     185   1.0  1.26E-06  8.64E-07  4.66E-08  0.00
 5963 2.9815E+07    4 14908     185   1.0  1.27E-06  8.65E-07  3.19E-09  0.00
 5964 2.9820E+07    4 14911     185   1.0  1.26E-06  8.64E-07  4.81E-08  0.00
 5965 2.9825E+07    4 14913     185   1.0  1.27E-06  8.64E-07  1.54E-08  0.00
 5966 2.9830E+07    4 14916     185   1.0  1.27E-06  8.65E-07  2.61E-08  0.00
 5967 2.9835E+07    4 14918     185   1.0  1.27E-06  8.64E-07  2.67E-08  0.00
 5968 2.9840E+07    4 14921     185   1.0  1.28E-06  8.66E-07  2.09E-07  0.00
 5969 2.9845E+07    4 14923     185   1.0  1.27E-06  8.65E-07  8.65E-10  0.00
 5970 2.9850E+07    4 14926     185   1.0  1.28E-06  8.65E-07  2.11E-08  0.00
 5971 2.9855E+07    4 14928     185   1.0  1.27E-06  8.64E-07  3.43E-08  0.00
 5972 2.9860E+07    4 14931     185   1.0  1.24E-06  8.60E-07  1.37E-08  0.00
 5973 2.9865E+07    4 14933     185   1.0  1.28E-06  8.65E-07  5.09E-08  0.00
 5974 2.9870E+07    4 14936     185   1.0  1.27E-06  8.65E-07  4.60E-08  0.00
 5975 2.9875E+07    4 14938     185   1.0  1.26E-06  8.63E-07  2.86E-08  0.00
 5976 2.9880E+07    4 14941     185   1.0  1.28E-06  8.64E-07  2.01E-08  0.00
 5977 2.9885E+07    4 14943     185   1.0  1.27E-06  8.62E-07  1.06E-07  0.00
 5978 2.9890E+07    4 14946     185   1.0  1.26E-06  8.61E-07  8.59E-09  0.00
 5979 2.9895E+07    4 14948     185   1.0  1.28E-06  8.65E-07  1.33E-08  0.00
 5980 2.9900E+07    4 14951     185   1.0  1.27E-06  8.63E-07  2.84E-08  0.00
 5981 2.9905E+07    4 14953     185   1.0  1.27E-06  8.64E-07  1.72E-08  0.00
 5982 2.9910E+07    4 14956     185   1.0  1.26E-06  8.61E-07  1.75E-08  0.00
 5983 2.9915E+07    4 14958     185   1.0  1.25E-06  8.58E-07  8.40E-09  0.00
 5984 2.9920E+07    4 14961     185   1.0  1.25E-06  8.57E-07  1.80E-09  0.00
 5985 2.9925E+07    4 14963     185   1.0  1.26E-06  8.60E-07  5.74E-08  0.00
 5986 2.9930E+07    4 14966     185   1.0  1.28E-06  8.62E-07  7.14E-09  0.00
 5987 2.9935E+07    4 14968     185   1.0  1.27E-06  8.66E-07  4.29E-08  0.00
 5988 2.9940E+07    4 14971     185   1.0  1.28E-06  8.61E-07  3.94E-08  0.00
 5989 2.9945E+07    4 14973     185   1.0  1.25E-06  8.58E-07  1.73E-08  0.00
 5990 2.9950E+07    4 14976     185   1.0  1.28E-06  8.63E-07  2.42E-08  0.00
 5991 2.9955E+07    4 14978     185   1.0  1.26E-06  8.57E-07  3.58E-08  0.00
 5992 2.9960E+07    4 14981     185   1.0  1.27E-06  8.61E-07  4.63E-08  0.00
 5993 2.9965E+07    4 14983     185   1.0  1.26E-06  8.58E-07  3.90E-08  0.00
 5994 2.9970E+07    4 14986     185   1.0  1.26E-06  8.58E-07  1.15E-08  0.00
 5995 2.9975E+07    4 14988     185   1.0  1.26E-06  8.58E-07  2.57E-08  0.00
 5996 2.9980E+07    4 14991     185   1.0  1.24E-06  8.55E-07  4.19E-08  0.00
 5997 2.9985E+07    4 14993     185   1.0  1.24E-06  8.55E-07  2.38E-08  0.00
 5998 2.9990E+07    4 14996     185   1.0  1.27E-06  8.59E-07  2.02E-08  0.00
 5999 2.9995E+07    4 14998     185   1.0  1.26E-06  8.56E-07  1.72E-08  0.00
 6000 3.0000E+07    4 15001     185   1.0  1.23E-06  8.54E-07  1.34E-08  0.00
 6001 3.0005E+07    4 15003     185   1.0  1.26E-06  8.58E-07  6.39E-08  0.00
 6002 3.0010E+07    4 15006     185   1.0  1.27E-06  8.61E-07  4.89E-09  0.00
 6003 3.0015E+07    4 15008     185   1.0  1.26E-06  8.58E-07  1.06E-08  0.00
 6004 3.0020E+07    4 15011     185   1.0  1.26E-06  8.57E-07  5.22E-08  0.00
 6005 3.0025E+07    4 15013     185   1.0  1.27E-06  8.59E-07  8.21E-09  0.00
 6006 3.0030E+07    4 15016     185   1.0  1.24E-06  8.54E-07  1.36E-08  0.00
 6007 3.0035E+07    4 15018     185   1.0  1.25E-06  8.56E-07  4.32E-08  0.00
 6008 3.0040E+07    4 15021     185   1.0  1.27E-06  8.58E-07  1.34E-08  0.00
 6009 3.0045E+07    4 15023     185   1.0  1.26E-06  8.56E-07  5.91E-09  0.00
 6010 3.0050E+07    4 15026     185   1.0  3.90E-07  8.23E-07  4.62E-11  0.00
 6011 3.0055E+07    4 15028     185   1.0  1.01E-07  8.08E-07  8.67E-14  0.00
 6012 3.0060E+07    4 15031     185   1.0  1.01E-07  8.08E-07  4.70E-13  0.00
 6013 3.0065E+07    4 15033     185   1.0  1.01E-07  8.08E-07  9.05E-14  0.00
 6014 3.0070E+07    4 15036     185   1.0  1.01E-07  8.08E-07  2.18E-13  0.00
 6015 3.0075E+07    4 15038     185   1.0  1.01E-07  8.08E-07  3.07E-13  0.00
 6016 3.0080E+07    4 15041     185   1.0  1.01E-07  8.07E-07  8.97E-14  0.00
 6017 3.0085E+07    4 15043     185   1.0  1.01E-07  8.07E-07  1.03E-12  0.00
 6018 3.0090E+07    4 15046     185   1.0  1.01E-07  8.07E-07  1.90E-12  0.00
 6019 3.0095E+07    4 15048     185   1.0  1.01E-07  8.07E-07  1.53E-13  0.00
 6020 3.0100E+07    4 15051     185   1.0  1.01E-07  8.07E-07  2.82E-13  0.00
 6021 3.0105E+07    4 15053     185   1.0  1.01E-07  8.06E-07  3.45E-13  0.00
 6022 3.0110E+07    4 15056     185   1.0  1.01E-07  8.06E-07  4.33E-12  0.00
 6023 3.0115E+07    4 15058     185   1.0  1.01E-07  8.06E-07  2.95E-13  0.00
 6024 3.0120E+07    4 15061     185   1.0  1.01E-07  8.06E-07  4.53E-12  0.00
 6025 3.0125E+07    4 15063     185   1.0  1.01E-07  8.06E-07  3.26E-13  0.00
 6026 3.0130E+07    4 15066     185   1.0  1.01E-07  8.06E-07  2.94E-13  0.00
 6027 3.0135E+07    4 15068     185   1.0  1.01E-07  8.05E-07  4.68E-12  0.00
 6028 3.0140E+07    4 15071     185   1.0  1.01E-07  8.05E-07  8.80E-14  0.00
 6029 3.0145E+07    4 15073     185   1.0  1.01E-07  8.05E-07  1.46E-13  0.00
 6030 3.0150E+07    4 15076     185   1.0  1.01E-07  8.05E-07  1.04E-12  0.00
 6031 3.0155E+07    4 15078     185   1.0  1.01E-07  8.05E-07  2.50E-13  0.00
 6032 3.0160E+07    4 15081     185   1.0  1.01E-07  8.05E-07  2.15E-12  0.00
 6033 3.0165E+07    4 15083     185   1.0  1.01E-07  8.04E-07  2.05E-12  0.00
 6034 3.0170E+07    4 15086     185   1.0  1.01E-07  8.04E-07  1.07E-12  0.00
 6035 3.0175E+07    4 15088     185   1.0  1.01E-07  8.04E-07  5.70E-13  0.00
 6036 3.0180E+07    4 15091     185   1.0  1.01E-07  8.04E-07  2.48E-12  0.00
 6037 3.0185E+07    4 15093     185   1.0  1.01E-07  8.04E-07  2.58E-13  0.00
 6038 3.0190E+07    4 15096     185   1.0  1.01E-07  8.04E-07  4.05E-13  0.00
 6039 3.0195E+07    4 15098     185   1.0  1.05E-07  8.43E-07  5.34E-12  0.00
 6040 3.0200E+07    4 15101     185   1.0  1.05E-07  8.81E-07  3.44E-14  0.00
 6041 3.0205E+07    4 15103     185   1.0  1.05E-07  8.81E-07  5.12E-12  0.00
 6042 3.0210E+07    4 15106     185   1.0  1.05E-07  8.81E-07  7.94E-14  0.00
 6043 3.0215E+07    4 15108     185   1.0  1.05E-07  8.81E-07  3.77E-13  0.00
 6044 3.0220E+07    4 15111     185   1.0  1.05E-07  8.80E-07  3.22E-14  0.00
 6045 3.0225E+07    4 15113     185   1.0  1.05E-07  8.80E-07  4.99E-14  0.00
 6046 3.0230E+07    4 15116     185   1.0  1.05E-07  8.80E-07  7.70E-13  0.00
 6047 3.0235E+07    4 15118     185   1.0  1.05E-07  8.80E-07  5.07E-12  0.00
 6048 3.0240E+07    4 15121     185   1.0  1.05E-07  8.80E-07  9.34E-14  0.00
 6049 3.0245E+07    4 15123     185   1.0  1.05E-07  8.79E-07  7.21E-14  0.00
 6050 3.0250E+07    4 15126     185   1.0  1.05E-07  8.79E-07  2.73E-12  0.00
 6051 3.0255E+07    4 15128     185   1.0  1.05E-07  8.79E-07  6.10E-13  0.00
 6052 3.0260E+07    4 15131     185   1.0  1.05E-07  8.79E-07  1.63E-13  0.00
 6053 3.0265E+07    4 15133     185   1.0  1.05E-07  8.79E-07  4.45E-13  0.00
 6054 3.0270E+07    4 15136     185   1.0  1.05E-07  8.78E-07  1.22E-12  0.00
 6055 3.0275E+07    4 15138     185   1.0  1.05E-07  8.78E-07  3.40E-14  0.00
 6056 3.0280E+07    4 15141     185   1.0  1.05E-07  8.78E-07  4.39E-14  0.00
 6057 3.0285E+07    4 15143     185   1.0  1.05E-07  8.78E-07  3.83E-12  0.00
 6058 3.0290E+07    4 15146     185   1.0  1.05E-07  8.78E-07  1.64E-12  0.00
 6059 3.0295E+07    4 15148     185   1.0  1.05E-07  8.77E-07  2.16E-13  0.00
 6060 3.0300E+07    4 15151     185   1.0  1.04E-07  8.77E-07  3.88E-12  0.00
 6061 3.0305E+07    4 15153     185   1.0  1.04E-07  8.77E-07  1.49E-11  0.00
 6062 3.0310E+07    4 15156     185   1.0  1.04E-07  8.77E-07  7.63E-13  0.00
 6063 3.0315E+07    4 15158     185   1.0  1.04E-07  8.77E-07  1.09E-12  0.00
 6064 3.0320E+07    4 15161     185   1.0  1.04E-07  8.77E-07  2.90E-13  0.00
 6065 3.0325E+07    4 15163     185   1.0  1.04E-07  8.76E-07  6.68E-14  0.00
 6066 3.0330E+07    4 15166     185   1.0  1.04E-07  8.76E-07  1.48E-12  0.00
 6067 3.0335E+07    4 15168     185   1.0  1.04E-07  8.76E-07  2.00E-12  0.00
 6068 3.0340E+07    4 15171     185   1.0  1.04E-07  8.76E-07  7.37E-13  0.00
 6069 3.0345E+07    4 15173     185   1.0  1.04E-07  8.76E-07  7.15E-13  0.00
 6070 3.0350E+07    4 15176     185   1.0  1.04E-07  8.75E-07  3.57E-12  0.00
 6071 3.0355E+07    4 15178     185   1.0  1.04E-07  8.75E-07  7.73E-14  0.00
 6072 3.0360E+07    4 15181     185   1.0  1.04E-07  8.75E-07  9.64E-13  0.00
 6073 3.0365E+07    4 15183     185   1.0  1.04E-07  8.75E-07  1.23E-14  0.00
 6074 3.0370E+07    4 15186     185   1.0  1.04E-07  8.75E-07  4.09E-14  0.00
 6075 3.0375E+07    4 15188     185   1.0  1.04E-07  8.74E-07  8.50E-14  0.00
 6076 3.0380E+07    4 15191     185   1.0  1.04E-07  8.74E-07  1.27E-12  0.00
 6077 3.0385E+07    4 15193     185   1.0  1.04E-07  8.74E-07  9.16E-13  0.00
 6078 3.0390E+07    4 15196     185   1.0  1.04E-07  8.74E-07  5.11E-14  0.00
 6079 3.0395E+07    4 15198     185   1.0  1.04E-07  8.74E-07  7.80E-13  0.00
 6080 3.0400E+07    4 15201     185   1.0  1.04E-07  8.73E-07  1.48E-11  0.00
 6081 3.0405E+07    4 15203     185   1.0  1.04E-07  8.73E-07  1.37E-12  0.00
 6082 3.0410E+07    4 15206     185   1.0  1.04E-07  8.73E-07  1.76E-14  0.00
 6083 3.0415E+07    4 15208     185   1.0  1.04E-07  8.73E-07  4.75E-14  0.00
 6084 3.0420E+07    4 15211     185   1.0  1.04E-07  8.73E-07  1.24E-13  0.00
 6085 3.0425E+07    4 15213     185   1.0  1.04E-07  8.72E-07  2.77E-13  0.00
 6086 3.0430E+07    4 15216     185   1.0  1.04E-07  8.72E-07  5.40E-13  0.00
 6087 3.0435E+07    4 15218     185   1.0  1.04E-07  8.72E-07  8.76E-14  0.00
 6088 3.0440E+07    4 15221     185   1.0  1.04E-07  8.72E-07  3.22E-14  0.00
 6089 3.0445E+07    4 15223     185   1.0  1.04E-07  8.72E-07  2.22E-13  0.00
 6090 3.0450E+07    4 15226     185   1.0  1.04E-07  8.72E-07  2.71E-13  0.00
 6091 3.0455E+07    4 15228     185   1.0  1.04E-07  8.71E-07  1.06E-12  0.00
 6092 3.0460E+07    4 15231     185   1.0  1.04E-07  8.71E-07  6.78E-13  0.00
 6093 3.0465E+07    4 15233     185   1.0  1.04E-07  8.71E-07  2.93E-13  0.00
 6094 3.0470E+07    4 15236     185   1.0  1.04E-07  8.71E-07  8.98E-14  0.00
 6095 3.0475E+07    4 15238     185   1.0  1.04E-07  8.71E-07  2.20E-13  0.00
 6096 3.0480E+07    4 15241     185   1.0  1.04E-07  8.70E-07  4.11E-12  0.00
 6097 3.0485E+07    4 15243     185   1.0  1.04E-07  8.70E-07  1.38E-13  0.00
 6098 3.0490E+07    4 15246     185   1.0  1.04E-07  8.70E-07  4.08E-14  0.00
 6099 3.0495E+07    4 15248     185   1.0  1.04E-07  8.70E-07  6.49E-13  0.00
 6100 3.0500E+07    4 15251     185   1.0  1.04E-07  8.70E-07  1.91E-13  0.00
 6101 3.0505E+07    4 15253     185   1.0  1.04E-07  8.69E-07  2.50E-12  0.00
 6102 3.0510E+07    4 15256     185   1.0  1.04E-07  8.69E-07  2.39E-13  0.00
 6103 3.0515E+07    4 15258     185   1.0  1.04E-07  8.69E-07  8.99E-14  0.00
 6104 3.0520E+07    4 15261     185   1.0  1.04E-07  8.69E-07  4.37E-13  0.00
 6105 3.0525E+07    4 15263     185   1.0  1.04E-07  8.69E-07  1.60E-12  0.00
 6106 3.0530E+07    4 15266     185   1.0  1.03E-07  8.68E-07  4.14E-13  0.00
 6107 3.0535E+07    4 15268     185   1.0  1.03E-07  8.68E-07  2.32E-11  0.00
 6108 3.0540E+07    4 15271     185   1.0  1.03E-07  8.68E-07  4.68E-14  0.00
 6109 3.0545E+07    4 15273     185   1.0  1.03E-07  8.68E-07  3.50E-13  0.00
 6110 3.0550E+07    4 15276     185   1.0  1.03E-07  8.68E-07  4.70E-13  0.00
 6111 3.0555E+07    4 15278     185   1.0  1.03E-07  8.68E-07  3.26E-13  0.00
 6112 3.0560E+07    4 15281     185   1.0  1.03E-07  8.67E-07  2.43E-14  0.00
 6113 3.0565E+07    4 15283     185   1.0  1.03E-07  8.67E-07  1.94E-13  0.00
 6114 3.0570E+07    4 15286     185   1.0  1.03E-07  8.67E-07  3.08E-13  0.00
 6115 3.0575E+07    4 15288     185   1.0  1.03E-07  8.67E-07  3.41E-14  0.00
 6116 3.0580E+07    4 15291     185   1.0  1.03E-07  8.67E-07  2.59E-13  0.00
 6117 3.0585E+07    4 15293     185   1.0  1.04E-07  8.45E-07  1.45E-09  0.00
 6118 3.0590E+07    4 15296     185   1.0  9.03E-08  7.59E-07  2.40E-11  0.00
 6119 3.0595E+07    4 15298     185   1.0  8.72E-08  7.58E-07  3.99E-13  0.00
 6120 3.0600E+07    4 15301     185   1.0  8.72E-08  7.58E-07  8.00E-13  0.00
 6121 3.0605E+07    4 15303     185   1.0  8.72E-08  7.58E-07  2.80E-12  0.00
 6122 3.0610E+07    4 15306     185   1.0  8.71E-08  7.58E-07  7.64E-12  0.00
 6123 3.0615E+07    4 15308     185   1.0  8.71E-08  7.58E-07  7.50E-12  0.00
 6124 3.0620E+07    4 15311     185   1.0  8.71E-08  7.58E-07  0.00E+00  0.00
 6125 3.0625E+07    4 15313     185   1.0  8.71E-08  7.58E-07  1.54E-11  0.00
 6126 3.0630E+07    4 15316     185   1.0  8.71E-08  7.57E-07  1.12E-12  0.00
 6127 3.0635E+07    4 15318     185   1.0  8.71E-08  7.57E-07  1.14E-13  0.00
 6128 3.0640E+07    4 15321     185   1.0  8.70E-08  7.57E-07  6.42E-13  0.00
 6129 3.0645E+07    4 15323     185   1.0  8.73E-08  7.57E-07  6.09E-12  0.00
 6130 3.0650E+07    4 15326     185   1.0  8.71E-08  7.57E-07  2.32E-12  0.00
 6131 3.0655E+07    4 15328     185   1.0  8.70E-08  7.57E-07  1.82E-13  0.00
 6132 3.0660E+07    4 15331     185   1.0  8.70E-08  7.56E-07  3.13E-13  0.00
 6133 3.0665E+07    4 15333     185   1.0  8.70E-08  7.56E-07  6.50E-14  0.00
 6134 3.0670E+07    4 15336     185   1.0  8.69E-08  7.56E-07  2.36E-13  0.00
 6135 3.0675E+07    4 15338     185   1.0  8.69E-08  7.56E-07  8.83E-14  0.00
 6136 3.0680E+07    4 15341     185   1.0  8.69E-08  7.56E-07  1.92E-12  0.00
 6137 3.0685E+07    4 15343     185   1.0  8.69E-08  7.56E-07  7.49E-14  0.00
 6138 3.0690E+07    4 15346     185   1.0  8.69E-08  7.56E-07  1.07E-12  0.00
 6139 3.0695E+07    4 15348     185   1.0  8.70E-08  7.55E-07  5.85E-14  0.00
 6140 3.0700E+07    4 15351     185   1.0  8.68E-08  7.55E-07  1.22E-13  0.00
 6141 3.0705E+07    4 15353     185   1.0  8.68E-08  7.55E-07  1.05E-11  0.00
 6142 3.0710E+07    4 15356     185   1.0  8.68E-08  7.55E-07  3.82E-12  0.00
 6143 3.0715E+07    4 15358     185   1.0  8.68E-08  7.55E-07  2.30E-12  0.00
 6144 3.0720E+07    4 15361     185   1.0  8.68E-08  7.55E-07  1.32E-13  0.00
 6145 3.0725E+07    4 15363     185   1.0  8.68E-08  7.55E-07  1.47E-12  0.00
 6146 3.0730E+07    4 15366     185   1.0  8.67E-08  7.54E-07  1.88E-12  0.00
 6147 3.0735E+07    4 15368     185   1.0  8.67E-08  7.54E-07  2.18E-13  0.00
 6148 3.0740E+07    4 15371     185   1.0  8.67E-08  7.54E-07  1.09E-13  0.00
 6149 3.0745E+07    4 15373     185   1.0  8.67E-08  7.54E-07  2.02E-13  0.00
 6150 3.0750E+07    4 15376     185   1.0  8.67E-08  7.54E-07  1.70E-14  0.00
 6151 3.0755E+07    4 15378     185   1.0  8.67E-08  7.54E-07  2.06E-13  0.00
 6152 3.0760E+07    4 15381     185   1.0  8.66E-08  7.53E-07  1.58E-13  0.00
 6153 3.0765E+07    4 15383     185   1.0  8.66E-08  7.53E-07  1.75E-13  0.00
 6154 3.0770E+07    4 15386     185   1.0  8.66E-08  7.53E-07  7.52E-12  0.00
 6155 3.0775E+07    4 15388     185   1.0  8.66E-08  7.53E-07  3.49E-13  0.00
 6156 3.0780E+07    4 15391     185   1.0  8.67E-08  7.53E-07  4.40E-12  0.00
 6157 3.0785E+07    4 15393     185   1.0  8.66E-08  7.53E-07  9.62E-13  0.00
 6158 3.0790E+07    4 15396     185   1.0  8.65E-08  7.53E-07  1.55E-13  0.00
 6159 3.0795E+07    4 15398     185   1.0  8.65E-08  7.52E-07  9.18E-13  0.00
 6160 3.0800E+07    4 15401     185   1.0  8.65E-08  7.52E-07  2.34E-13  0.00
 6161 3.0805E+07    4 15403     185   1.0  8.65E-08  7.52E-07  1.61E-12  0.00
 6162 3.0810E+07    4 15406     185   1.0  8.65E-08  7.52E-07  3.42E-13  0.00
 6163 3.0815E+07    4 15408     185   1.0  8.64E-08  7.52E-07  3.10E-13  0.00
 6164 3.0820E+07    4 15411     185   1.0  8.64E-08  7.52E-07  6.12E-13  0.00
 6165 3.0825E+07    4 15413     185   1.0  8.64E-08  7.51E-07  5.45E-13  0.00
 6166 3.0830E+07    4 15416     185   1.0  8.64E-08  7.51E-07  1.82E-13  0.00
 6167 3.0835E+07    4 15418     185   1.0  8.64E-08  7.51E-07  5.91E-14  0.00
 6168 3.0840E+07    4 15421     185   1.0  8.64E-08  7.51E-07  7.93E-13  0.00
 6169 3.0845E+07    4 15423     185   1.0  8.63E-08  7.51E-07  8.13E-14  0.00
 6170 3.0850E+07    4 15426     185   1.0  8.63E-08  7.51E-07  1.39E-12  0.00
 6171 3.0855E+07    4 15428     185   1.0  8.63E-08  7.51E-07  3.00E-11  0.00
 6172 3.0860E+07    4 15431     185   1.0  8.63E-08  7.50E-07  2.35E-13  0.00
 6173 3.0865E+07    4 15433     185   1.0  8.63E-08  7.50E-07  1.89E-12  0.00
 6174 3.0870E+07    4 15436     185   1.0  8.63E-08  7.50E-07  2.39E-14  0.00
 6175 3.0875E+07    4 15438     185   1.0  8.62E-08  7.50E-07  5.52E-12  0.00
 6176 3.0880E+07    4 15441     185   1.0  8.62E-08  7.50E-07  3.95E-13  0.00
 6177 3.0885E+07    4 15443     185   1.0  8.62E-08  7.50E-07  3.82E-13  0.00
 6178 3.0890E+07    4 15446     185   1.0  8.62E-08  7.50E-07  8.98E-14  0.00
 6179 3.0895E+07    4 15448     185   1.0  8.62E-08  7.49E-07  5.83E-14  0.00
 6180 3.0900E+07    4 15451     185   1.0  8.62E-08  7.49E-07  1.90E-13  0.00
 6181 3.0905E+07    4 15453     185   1.0  8.61E-08  7.49E-07  3.98E-14  0.00
 6182 3.0910E+07    4 15456     185   1.0  8.61E-08  7.49E-07  1.24E-12  0.00
 6183 3.0915E+07    4 15458     185   1.0  8.61E-08  7.49E-07  6.38E-13  0.00
 6184 3.0920E+07    4 15461     185   1.0  8.61E-08  7.49E-07  7.03E-12  0.00
 6185 3.0925E+07    4 15463     185   1.0  8.61E-08  7.48E-07  2.38E-12  0.00
 6186 3.0930E+07    4 15466     185   1.0  8.61E-08  7.48E-07  6.42E-14  0.00
 6187 3.0935E+07    4 15468     185   1.0  8.60E-08  7.48E-07  1.67E-13  0.00
 6188 3.0940E+07    4 15471     185   1.0  8.60E-08  7.48E-07  1.74E-11  0.00
 6189 3.0945E+07    4 15473     185   1.0  8.60E-08  7.48E-07  5.09E-14  0.00
 6190 3.0950E+07    4 15476     185   1.0  8.60E-08  7.48E-07  1.85E-13  0.00
 6191 3.0955E+07    4 15478     185   1.0  8.60E-08  7.48E-07  7.00E-13  0.00
 6192 3.0960E+07    4 15481     185   1.0  8.60E-08  7.47E-07  7.04E-14  0.00
 6193 3.0965E+07    4 15483     185   1.0  8.59E-08  7.47E-07  1.40E-12  0.00
 6194 3.0970E+07    4 15486     185   1.0  8.59E-08  7.47E-07  7.39E-13  0.00
 6195 3.0975E+07    4 15488     185   1.0  8.59E-08  7.47E-07  1.30E-13  0.00
 6196 3.0980E+07    4 15491     185   1.0  3.96E-07  8.22E-07  2.62E-08  0.00
 6197 3.0985E+07    4 15493     185   1.0  2.61E-06  1.44E-06  1.49E-08  0.00
 6198 3.0990E+07    4 15496     185   1.0  2.58E-06  1.43E-06  7.38E-08  0.00
 6199 3.0995E+07    4 15498     185   1.0  2.61E-06  1.44E-06  5.59E-09  0.00
 6200 3.1000E+07    4 15501     185   1.0  2.60E-06  1.44E-06  3.94E-08  0.00
 6201 3.1005E+07    4 15503     185   1.0  2.59E-06  1.43E-06  2.15E-08  0.00
 6202 3.1010E+07    4 15506     185   1.0  2.60E-06  1.44E-06  4.25E-08  0.00
 6203 3.1015E+07    4 15508     185   1.0  2.61E-06  1.44E-06  9.22E-08  0.00
 6204 3.1020E+07    4 15511     185   1.0  2.59E-06  1.43E-06  5.65E-08  0.00
 6205 3.1025E+07    4 15513     185   1.0  2.62E-06  1.44E-06  4.14E-08  0.00
 6206 3.1030E+07    4 15516     185   1.0  2.60E-06  1.44E-06  4.65E-08  0.00
 6207 3.1035E+07    4 15518     185   1.0  2.61E-06  1.44E-06  5.31E-08  0.00
 6208 3.1040E+07    4 15521     185   1.0  2.57E-06  1.43E-06  2.42E-08  0.00
 6209 3.1045E+07    4 15523     185   1.0  2.59E-06  1.43E-06  1.76E-08  0.00
 6210 3.1050E+07    4 15526     185   1.0  2.61E-06  1.44E-06  4.36E-08  0.00
 6211 3.1055E+07    4 15528     185   1.0  2.62E-06  1.44E-06  2.43E-08  0.00
 6212 3.1060E+07    4 15531     185   1.0  2.61E-06  1.44E-06  2.97E-09  0.00
 6213 3.1065E+07    4 15533     185   1.0  2.60E-06  1.43E-06  6.53E-08  0.00
 6214 3.1070E+07    4 15536     185   1.0  2.57E-06  1.43E-06  8.13E-09  0.00
 6215 3.1075E+07    4 15538     185   1.0  2.59E-06  1.43E-06  1.14E-07  0.00
 6216 3.1080E+07    4 15541     185   1.0  2.59E-06  1.43E-06  3.07E-08  0.00
 6217 3.1085E+07    4 15543     185   1.0  2.60E-06  1.43E-06  4.88E-08  0.00
 6218 3.1090E+07    4 15546     185   1.0  2.57E-06  1.42E-06  1.22E-08  0.00
 6219 3.1095E+07    4 15548     185   1.0  2.58E-06  1.43E-06  8.71E-08  0.00
 6220 3.1100E+07    4 15551     185   1.0  2.58E-06  1.43E-06  7.65E-08  0.00
 6221 3.1105E+07    4 15553     185   1.0  2.57E-06  1.42E-06  1.60E-08  0.00
 6222 3.1110E+07    4 15556     185   1.0  2.58E-06  1.43E-06  3.13E-07  0.00
 6223 3.1115E+07    4 15558     185   1.0  2.60E-06  1.43E-06  7.31E-08  0.00
 6224 3.1120E+07    4 15561     185   1.0  2.58E-06  1.43E-06  2.16E-08  0.00
 6225 3.1125E+07    4 15563     185   1.0  2.58E-06  1.43E-06  1.86E-08  0.00
 6226 3.1130E+07    4 15566     185   1.0  2.57E-06  1.42E-06  7.38E-08  0.00
 6227 3.1135E+07    4 15568     185   1.0  2.54E-06  1.41E-06  8.60E-08  0.00
 6228 3.1140E+07    4 15571     185   1.0  2.57E-06  1.42E-06  9.51E-08  0.00
 6229 3.1145E+07    4 15573     185   1.0  2.59E-06  1.43E-06  4.78E-08  0.00
 6230 3.1150E+07    4 15576     185   1.0  2.56E-06  1.42E-06  1.94E-08  0.00
 6231 3.1155E+07    4 15578     185   1.0  2.58E-06  1.43E-06  1.22E-08  0.00
 6232 3.1160E+07    4 15581     185   1.0  2.56E-06  1.42E-06  7.78E-08  0.00
 6233 3.1165E+07    4 15583     185   1.0  2.58E-06  1.43E-06  6.45E-08  0.00
 6234 3.1170E+07    4 15586     185   1.0  2.60E-06  1.43E-06  7.40E-08  0.00
 6235 3.1175E+07    4 15588     185   1.0  2.56E-06  1.42E-06  2.18E-08  0.00
 6236 3.1180E+07    4 15591     185   1.0  2.60E-06  1.43E-06  4.62E-08  0.00
 6237 3.1185E+07    4 15593     185   1.0  2.56E-06  1.42E-06  9.76E-08  0.00
 6238 3.1190E+07    4 15596     185   1.0  2.58E-06  1.42E-06  4.32E-07  0.00
 6239 3.1195E+07    4 15598     185   1.0  2.56E-06  1.42E-06  9.94E-08  0.00
 6240 3.1200E+07    4 15601     185   1.0  2.57E-06  1.42E-06  4.15E-08  0.00
 6241 3.1205E+07    4 15603     185   1.0  2.58E-06  1.42E-06  3.58E-08  0.00
 6242 3.1210E+07    4 15606     185   1.0  2.57E-06  1.42E-06  1.90E-08  0.00
 6243 3.1215E+07    4 15608     185   1.0  2.58E-06  1.42E-06  2.53E-08  0.00
 6244 3.1220E+07    4 15611     185   1.0  2.57E-06  1.42E-06  1.43E-08  0.00
 6245 3.1225E+07    4 15613     185   1.0  2.56E-06  1.42E-06  6.05E-08  0.00
 6246 3.1230E+07    4 15616     185   1.0  2.57E-06  1.42E-06  2.02E-08  0.00
 6247 3.1235E+07    4 15618     185   1.0  2.57E-06  1.42E-06  8.55E-08  0.00
 6248 3.1240E+07    4 15621     185   1.0  2.58E-06  1.42E-06  1.86E-08  0.00
 6249 3.1245E+07    4 15623     185   1.0  2.56E-06  1.42E-06  2.24E-08  0.00
 6250 3.1250E+07    4 15626     185   1.0  2.57E-06  1.42E-06  2.00E-07  0.00
 6251 3.1255E+07    4 15628     185   1.0  2.56E-06  1.42E-06  6.28E-08  0.00
 6252 3.1260E+07    4 15631     185   1.0  2.57E-06  1.42E-06  5.63E-08  0.00
 6253 3.1265E+07    4 15633     185   1.0  2.58E-06  1.42E-06  9.92E-08  0.00
 6254 3.1270E+07    4 15636     185   1.0  2.55E-06  1.41E-06  6.98E-08  0.00
 6255 3.1275E+07    4 15638     185   1.0  2.57E-06  1.42E-06  7.49E-08  0.00
 6256 3.1280E+07    4 15641     185   1.0  2.56E-06  1.42E-06  6.81E-08  0.00
 6257 3.1285E+07    4 15643     185   1.0  2.55E-06  1.41E-06  7.88E-08  0.00
 6258 3.1290E+07    4 15646     185   1.0  2.54E-06  1.41E-06  3.35E-08  0.00
 6259 3.1295E+07    4 15648     185   1.0  2.58E-06  1.42E-06  1.06E-08  0.00
 6260 3.1300E+07    4 15651     185   1.0  2.54E-06  1.41E-06  3.78E-08  0.00
 6261 3.1305E+07    4 15653     185   1.0  2.55E-06  1.41E-06  2.87E-09  0.00
 6262 3.1310E+07    4 15656     185   1.0  2.56E-06  1.41E-06  1.28E-07  0.00
 6263 3.1315E+07    4 15658     185   1.0  2.57E-06  1.42E-06  1.97E-08  0.00
 6264 3.1320E+07    4 15661     185   1.0  2.57E-06  1.42E-06  4.69E-08  0.00
 6265 3.1325E+07    4 15663     185   1.0  2.54E-06  1.41E-06  2.81E-08  0.00
 6266 3.1330E+07    4 15666     185   1.0  2.56E-06  1.41E-06  4.34E-08  0.00
 6267 3.1335E+07    4 15668     185   1.0  2.58E-06  1.42E-06  2.35E-08  0.00
 6268 3.1340E+07    4 15671     185   1.0  2.35E-06  1.33E-06  1.34E-09  0.00
 6269 3.1345E+07    4 15673     185   1.0  9.95E-07  8.25E-07  1.87E-08  0.00
 6270 3.1350E+07    4 15676     185   1.0  1.04E-06  8.35E-07  2.86E-09  0.00
 6271 3.1355E+07    4 15678     185   1.0  1.04E-06  8.35E-07  3.63E-08  0.00
 6272 3.1360E+07    4 15681     185   1.0  1.01E-06  8.26E-07  1.35E-08  0.00
 6273 3.1365E+07    4 15683     185   1.0  1.01E-06  8.26E-07  3.40E-09  0.00
 6274 3.1370E+07    4 15686     185   1.0  9.96E-07  8.24E-07  2.09E-09  0.00
 6275 3.1375E+07    4 15688     185   1.0  1.01E-06  8.26E-07  1.00E-08  0.00
 6276 3.1380E+07    4 15691     185   1.0  1.02E-06  8.28E-07  5.77E-09  0.00
 6277 3.1385E+07    4 15693     185   1.0  1.02E-06  8.30E-07  1.86E-08  0.00
 6278 3.1390E+07    4 15696     185   1.0  1.01E-06  8.26E-07  2.13E-07  0.00
 6279 3.1395E+07    4 15698     185   1.0  1.06E-06  8.38E-07  7.37E-08  0.00
 6280 3.1400E+07    4 15701     185   1.0  1.02E-06  8.30E-07  6.26E-08  0.00
 6281 3.1405E+07    4 15703     185   1.0  1.01E-06  8.24E-07  3.62E-09  0.00
 6282 3.1410E+07    4 15706     185   1.0  1.00E-06  8.22E-07  1.22E-08  0.00
 6283 3.1415E+07    4 15708     185   1.0  1.03E-06  8.31E-07  6.76E-10  0.00
 6284 3.1420E+07    4 15711     185   1.0  1.03E-06  8.31E-07  1.47E-08  0.00
 6285 3.1425E+07    4 15713     185   1.0  1.04E-06  8.33E-07  1.72E-09  0.00
 6286 3.1430E+07    4 15716     185   1.0  1.02E-06  8.28E-07  2.42E-09  0.00
 6287 3.1435E+07    4 15718     185   1.0  1.01E-06  8.28E-07  9.50E-09  0.00
 6288 3.1440E+07    4 15721     185   1.0  9.86E-07  8.19E-07  1.75E-08  0.00
 6289 3.1445E+07    4 15723     185   1.0  9.26E-07  8.17E-07  2.40E-11  0.00
 6290 3.1450E+07    4 15726     185   1.0  9.31E-08  6.72E-07  7.42E-14  0.00
 6291 3.1455E+07    4 15728     185   1.0  9.12E-08  6.72E-07  6.93E-13  0.00
 6292 3.1460E+07    4 15731     185   1.0  9.12E-08  6.72E-07  5.43E-13  0.00
 6293 3.1465E+07    4 15733     185   1.0  9.12E-08  6.71E-07  2.48E-13  0.00
 6294 3.1470E+07    4 15736     185   1.0  9.12E-08  6.71E-07  5.88E-14  0.00
 6295 3.1475E+07    4 15738     185   1.0  9.12E-08  6.71E-07  7.48E-14  0.00
 6296 3.1480E+07    4 15741     185   1.0  9.11E-08  6.71E-07  5.03E-13  0.00
 6297 3.1485E+07    4 15743     185   1.0  9.11E-08  6.71E-07  2.78E-12  0.00
 6298 3.1490E+07    4 15746     185   1.0  9.11E-08  6.71E-07  1.75E-13  0.00
 6299 3.1495E+07    4 15748     185   1.0  9.11E-08  6.71E-07  3.60E-13  0.00
 6300 3.1500E+07    4 15751     185   1.0  9.11E-08  6.70E-07  2.88E-13  0.00
 6301 3.1505E+07    4 15753     185   1.0  9.11E-08  6.70E-07  4.69E-13  0.00
 6302 3.1510E+07    4 15756     185   1.0  9.10E-08  6.70E-07  3.28E-14  0.00
 6303 3.1515E+07    4 15758     185   1.0  9.10E-08  6.70E-07  2.18E-13  0.00
 6304 3.1520E+07    4 15761     185   1.0  9.10E-08  6.70E-07  6.88E-14  0.00
 6305 3.1525E+07    4 15763     185   1.0  9.10E-08  6.70E-07  8.18E-14  0.00
 6306 3.1530E+07    4 15766     185   1.0  9.10E-08  6.70E-07  3.44E-13  0.00
 6307 3.1535E+07    4 15768     185   1.0  9.09E-08  6.69E-07  3.38E-13  0.00
 6308 3.1540E+07    4 15771     185   1.0  9.09E-08  6.69E-07  7.32E-14  0.00
 6309 3.1545E+07    4 15773     185   1.0  9.09E-08  6.69E-07  2.11E-12  0.00
 6310 3.1550E+07    4 15776     185   1.0  9.09E-08  6.69E-07  6.65E-13  0.00
 6311 3.1555E+07    4 15778     185   1.0  9.09E-08  6.69E-07  5.06E-14  0.00
 6312 3.1560E+07    4 15781     185   1.0  9.09E-08  6.69E-07  6.87E-13  0.00
 6313 3.1565E+07    4 15783     185   1.0  9.08E-08  6.69E-07  1.27E-13  0.00
 6314 3.1570E+07    4 15786     185   1.0  9.08E-08  6.68E-07  1.76E-13  0.00
 6315 3.1575E+07    4 15788     185   1.0  9.09E-08  6.68E-07  6.20E-13  0.00
 6316 3.1580E+07    4 15791     185   1.0  9.08E-08  6.68E-07  1.46E-13  0.00
 6317 3.1585E+07    4 15793     185   1.0  9.08E-08  6.68E-07  1.35E-11  0.00
 6318 3.1590E+07    4 15796     185   1.0  9.07E-08  6.68E-07  4.19E-13  0.00
 6319 3.1595E+07    4 15798     185   1.0  9.07E-08  6.68E-07  5.66E-13  0.00
 6320 3.1600E+07    4 15801     185   1.0  9.11E-08  6.67E-07  2.03E-12  0.00
 6321 3.1605E+07    4 15803     185   1.0  9.29E-08  6.61E-07  2.32E-13  0.00
 6322 3.1610E+07    4 15806     185   1.0  9.29E-08  6.61E-07  7.83E-13  0.00
 6323 3.1615E+07    4 15808     185   1.0  9.29E-08  6.61E-07  3.53E-13  0.00
 6324 3.1620E+07    4 15811     185   1.0  9.29E-08  6.60E-07  1.28E-13  0.00
 6325 3.1625E+07    4 15813     185   1.0  9.29E-08  6.60E-07  5.54E-11  0.00
 6326 3.1630E+07    4 15816     185   1.0  9.28E-08  6.60E-07  9.46E-14  0.00
 6327 3.1635E+07    4 15818     185   1.0  9.28E-08  6.60E-07  1.03E-14  0.00
 6328 3.1640E+07    4 15821     185   1.0  9.28E-08  6.60E-07  2.24E-13  0.00
 6329 3.1645E+07    4 15823     185   1.0  9.28E-08  6.60E-07  4.94E-13  0.00
 6330 3.1650E+07    4 15826     185   1.0  9.28E-08  6.60E-07  3.75E-13  0.00
 6331 3.1655E+07    4 15828     185   1.0  9.27E-08  6.59E-07  1.56E-13  0.00
 6332 3.1660E+07    4 15831     185   1.0  9.27E-08  6.59E-07  7.16E-14  0.00
 6333 3.1665E+07    4 15833     185   1.0  9.27E-08  6.59E-07  4.24E-12  0.00
 6334 3.1670E+07    4 15836     185   1.0  9.27E-08  6.59E-07  9.00E-13  0.00
 6335 3.1675E+07    4 15838     185   1.0  9.27E-08  6.59E-07  1.95E-14  0.00
 6336 3.1680E+07    4 15841     185   1.0  9.26E-08  6.59E-07  1.57E-13  0.00
 6337 3.1685E+07    4 15843     185   1.0  9.26E-08  6.59E-07  7.30E-14  0.00
 6338 3.1690E+07    4 15846     185   1.0  9.26E-08  6.58E-07  3.13E-12  0.00
 6339 3.1695E+07    4 15848     185   1.0  9.26E-08  6.58E-07  1.41E-13  0.00
 6340 3.1700E+07    4 15851     185   1.0  9.26E-08  6.58E-07  3.06E-14  0.00
 6341 3.1705E+07    4 15853     185   1.0  9.25E-08  6.58E-07  6.29E-13  0.00
 6342 3.1710E+07    4 15856     185   1.0  9.25E-08  6.58E-07  1.43E-13  0.00
 6343 3.1715E+07    4 15858     185   1.0  9.25E-08  6.58E-07  7.73E-12  0.00
 6344 3.1720E+07    4 15861     185   1.0  9.25E-08  6.58E-07  1.01E-12  0.00
 6345 3.1725E+07    4 15863     185   1.0  9.25E-08  6.57E-07  3.09E-14  0.00
 6346 3.1730E+07    4 15866     185   1.0  9.24E-08  6.57E-07  1.75E-12  0.00
 6347 3.1735E+07    4 15868     185   1.0  9.24E-08  6.57E-07  9.39E-14  0.00
 6348 3.1740E+07    4 15871     185   1.0  9.24E-08  6.57E-07  2.27E-13  0.00
 6349 3.1745E+07    4 15873     185   1.0  9.24E-08  6.57E-07  2.16E-13  0.00
 6350 3.1750E+07    4 15876     185   1.0  9.24E-08  6.57E-07  1.71E-13  0.00
 6351 3.1755E+07    4 15878     185   1.0  9.23E-08  6.57E-07  4.82E-12  0.00
 6352 3.1760E+07    4 15881     185   1.0  9.23E-08  6.56E-07  6.56E-13  0.00
 6353 3.1765E+07    4 15883     185   1.0  9.23E-08  6.56E-07  2.56E-13  0.00
 6354 3.1770E+07    4 15886     185   1.0  9.23E-08  6.56E-07  3.13E-13  0.00
 6355 3.1775E+07    4 15888     185   1.0  9.23E-08  6.56E-07  1.70E-12  0.00
 6356 3.1780E+07    4 15891     185   1.0  9.22E-08  6.56E-07  4.39E-13  0.00
 6357 3.1785E+07    4 15893     185   1.0  9.22E-08  6.56E-07  2.85E-11  0.00
 6358 3.1790E+07    4 15896     185   1.0  9.22E-08  6.56E-07  1.46E-13  0.00
 6359 3.1795E+07    4 15898     185   1.0  9.22E-08  6.56E-07  2.44E-13  0.00
 6360 3.1800E+07    4 15901     185   1.0  9.22E-08  6.55E-07  2.48E-12  0.00
 6361 3.1805E+07    4 15903     185   1.0  9.21E-08  6.55E-07  3.78E-13  0.00
 6362 3.1810E+07    4 15906     185   1.0  9.21E-08  6.55E-07  5.94E-13  0.00
 6363 3.1815E+07    4 15908     185   1.0  9.21E-08  6.55E-07  3.08E-13  0.00
 6364 3.1820E+07    4 15911     185   1.0  9.21E-08  6.55E-07  6.60E-13  0.00
 6365 3.1825E+07    4 15913     185   1.0  9.21E-08  6.55E-07  6.32E-12  0.00
 6366 3.1830E+07    4 15916     185   1.0  9.21E-08  6.55E-07  3.27E-14  0.00
 6367 3.1835E+07    4 15918     185   1.0  9.20E-08  6.54E-07  1.07E-13  0.00
 6368 3.1840E+07    4 15921     185   1.0  9.20E-08  6.54E-07  2.74E-13  0.00
 6369 3.1845E+07    4 15923     185   1.0  9.20E-08  6.54E-07  9.08E-14  0.00
 6370 3.1850E+07    4 15926     185   1.0  9.20E-08  6.54E-07  5.82E-12  0.00
 6371 3.1855E+07    4 15928     185   1.0  9.20E-08  6.54E-07  4.10E-13  0.00
 6372 3.1860E+07    4 15931     185   1.0  9.19E-08  6.54E-07  5.86E-13  0.00
 6373 3.1865E+07    4 15933     185   1.0  9.19E-08  6.54E-07  6.82E-14  0.00
 6374 3.1870E+07    4 15936     185   1.0  9.19E-08  6.53E-07  2.81E-13  0.00
 6375 3.1875E+07    4 15938     185   1.0  9.21E-08  6.53E-07  7.44E-11  0.00
 6376 3.1880E+07    4 15941     185   1.0  9.19E-08  6.53E-07  2.78E-13  0.00
 6377 3.1885E+07    4 15943     185   1.0  9.18E-08  6.53E-07  7.19E-14  0.00
 6378 3.1890E+07    4 15946     185   1.0  9.18E-08  6.53E-07  1.26E-13  0.00
 6379 3.1895E+07    4 15948     185   1.0  9.18E-08  6.53E-07  2.18E-13  0.00
 6380 3.1900E+07    4 15951     185   1.0  9.18E-08  6.53E-07  2.77E-14  0.00
 6381 3.1905E+07    4 15953     185   1.0  9.18E-08  6.52E-07  2.36E-13  0.00
 6382 3.1910E+07    4 15956     185   1.0  9.17E-08  6.52E-07  2.38E-13  0.00
 6383 3.1915E+07    4 15958     185   1.0  9.17E-08  6.52E-07  7.80E-13  0.00
 6384 3.1920E+07    4 15961     185   1.0  9.17E-08  6.52E-07  3.52E-14  0.00
 6385 3.1925E+07    4 15963     185   1.0  9.17E-08  6.52E-07  1.73E-12  0.00
 6386 3.1930E+07    4 15966     185   1.0  9.17E-08  6.52E-07  8.35E-13  0.00
 6387 3.1935E+07    4 15968     185   1.0  9.16E-08  6.52E-07  5.82E-12  0.00
 6388 3.1940E+07    4 15971     185   1.0  9.16E-08  6.51E-07  6.48E-13  0.00
 6389 3.1945E+07    4 15973     185   1.0  9.16E-08  6.51E-07  7.00E-13  0.00
 6390 3.1950E+07    4 15976     185   1.0  9.16E-08  6.51E-07  1.48E-13  0.00
 6391 3.1955E+07    4 15978     185   1.0  9.16E-08  6.51E-07  6.51E-14  0.00
 6392 3.1960E+07    4 15981     185   1.0  9.15E-08  6.51E-07  2.78E-13  0.00
 6393 3.1965E+07    4 15983     185   1.0  9.15E-08  6.51E-07  4.73E-11  0.00
 6394 3.1970E+07    4 15986     185   1.0  9.15E-08  6.51E-07  6.94E-13  0.00
 6395 3.1975E+07    4 15988     185   1.0  9.15E-08  6.51E-07  3.08E-12  0.00
 6396 3.1980E+07    4 15991     185   1.0  9.15E-08  6.50E-07  4.23E-14  0.00
 6397 3.1985E+07    4 15993     185   1.0  9.16E-08  6.50E-07  2.15E-12  0.00
 6398 3.1990E+07    4 15996     185   1.0  9.14E-08  6.50E-07  1.40E-13  0.00
 6399 3.1995E+07    4 15998     185   1.0  9.14E-08  6.50E-07  2.53E-13  0.00
 6400 3.2000E+07    4 16001     185   1.0  9.14E-08  6.50E-07  2.33E-13  0.00
 6401 3.2005E+07    4 16003     185   1.0  9.14E-08  6.50E-07  5.50E-15  0.00
 6402 3.2010E+07    4 16006     185   1.0  9.15E-08  6.50E-07  6.10E-13  0.00
 6403 3.2015E+07    4 16008     185   1.0  9.13E-08  6.49E-07  1.34E-13  0.00
 6404 3.2020E+07    4 16011     185   1.0  9.13E-08  6.49E-07  3.17E-14  0.00
 6405 3.2025E+07    4 16013     185   1.0  9.13E-08  6.49E-07  1.16E-13  0.00
 6406 3.2030E+07    4 16016     185   1.0  9.13E-08  6.49E-07  1.45E-12  0.00
 6407 3.2035E+07    4 16018     185   1.0  9.13E-08  6.49E-07  1.11E-12  0.00
 6408 3.2040E+07    4 16021     185   1.0  9.12E-08  6.49E-07  1.55E-12  0.00
 6409 3.2045E+07    4 16023     185   1.0  9.12E-08  6.49E-07  5.80E-14  0.00
 6410 3.2050E+07    4 16026     185   1.0  9.12E-08  6.48E-07  2.13E-13  0.00
 6411 3.2055E+07    4 16028     185   1.0  9.12E-08  6.48E-07  1.92E-14  0.00
 6412 3.2060E+07    4 16031     185   1.0  9.12E-08  6.48E-07  2.68E-12  0.00
 6413 3.2065E+07    4 16033     185   1.0  9.11E-08  6.48E-07  2.39E-14  0.00
 6414 3.2070E+07    4 16036     185   1.0  9.11E-08  6.48E-07  4.15E-13  0.00
 6415 3.2075E+07    4 16038     185   1.0  9.11E-08  6.48E-07  7.39E-13  0.00
 6416 3.2080E+07    4 16041     185   1.0  9.11E-08  6.48E-07  1.02E-13  0.00
 6417 3.2085E+07    4 16043     185   1.0  9.11E-08  6.47E-07  2.82E-13  0.00
 6418 3.2090E+07    4 16046     185   1.0  9.10E-08  6.47E-07  7.58E-14  0.00
 6419 3.2095E+07    4 16048     185   1.0  9.10E-08  6.47E-07  8.39E-12  0.00
 6420 3.2100E+07    4 16051     185   1.0  9.10E-08  6.47E-07  1.77E-13  0.00
 6421 3.2105E+07    4 16053     185   1.0  9.10E-08  6.47E-07  1.06E-13  0.00
 6422 3.2110E+07    4 16056     185   1.0  9.10E-08  6.47E-07  4.05E-13  0.00
 6423 3.2115E+07    4 16058     185   1.0  9.09E-08  6.47E-07  1.87E-13  0.00
 6424 3.2120E+07    4 16061     185   1.0  9.09E-08  6.46E-07  1.01E-12  0.00
 6425 3.2125E+07    4 16063     185   1.0  9.09E-08  6.46E-07  1.00E-12  0.00
 6426 3.2130E+07    4 16066     185   1.0  9.09E-08  6.46E-07  2.62E-13  0.00
 6427 3.2135E+07    4 16068     185   1.0  9.09E-08  6.46E-07  3.32E-11  0.00
 6428 3.2140E+07    4 16071     185   1.0  9.08E-08  6.46E-07  2.24E-13  0.00
 6429 3.2145E+07    4 16073     185   1.0  9.08E-08  6.46E-07  3.79E-12  0.00
 6430 3.2150E+07    4 16076     185   1.0  9.08E-08  6.46E-07  8.83E-13  0.00
 6431 3.2155E+07    4 16078     185   1.0  9.08E-08  6.45E-07  3.16E-13  0.00
 6432 3.2160E+07    4 16081     185   1.0  9.08E-08  6.45E-07  1.53E-12  0.00
 6433 3.2165E+07    4 16083     185   1.0  9.07E-08  6.45E-07  4.22E-14  0.00
 6434 3.2170E+07    4 16086     185   1.0  9.09E-08  6.45E-07  4.35E-11  0.00
 6435 3.2175E+07    4 16088     185   1.0  9.07E-08  6.45E-07  7.09E-13  0.00
 6436 3.2180E+07    4 16091     185   1.0  9.07E-08  6.45E-07  2.87E-13  0.00
 6437 3.2185E+07    4 16093     185   1.0  9.07E-08  6.45E-07  5.95E-14  0.00
 6438 3.2190E+07    4 16096     185   1.0  9.06E-08  6.45E-07  1.48E-13  0.00
 6439 3.2195E+07    4 16098     185   1.0  9.06E-08  6.44E-07  4.14E-13  0.00
 6440 3.2200E+07    4 16101     185   1.0  9.06E-08  6.44E-07  6.68E-13  0.00
 6441 3.2205E+07    4 16103     185   1.0  9.06E-08  6.44E-07  9.48E-14  0.00
 6442 3.2210E+07    4 16106     185   1.0  9.06E-08  6.44E-07  8.13E-12  0.00
 6443 3.2215E+07    4 16108     185   1.0  9.06E-08  6.44E-07  1.54E-12  0.00
 6444 3.2220E+07    4 16111     185   1.0  9.05E-08  6.44E-07  1.88E-13  0.00
 6445 3.2225E+07    4 16113     185   1.0  9.05E-08  6.44E-07  4.13E-13  0.00
 6446 3.2230E+07    4 16116     185   1.0  9.05E-08  6.43E-07  1.43E-12  0.00
 6447 3.2235E+07    4 16118     185   1.0  1.05E-07  6.87E-07  1.23E-11  0.00
 6448 3.2240E+07    4 16121     185   1.0  1.40E-07  7.90E-07  5.06E-13  0.00
 6449 3.2245E+07    4 16123     185   1.0  1.40E-07  7.90E-07  1.29E-11  0.00
 6450 3.2250E+07    4 16126     185   1.0  1.40E-07  7.89E-07  5.79E-13  0.00
 6451 3.2255E+07    4 16128     185   1.0  1.40E-07  7.89E-07  6.65E-14  0.00
 6452 3.2260E+07    4 16131     185   1.0  1.40E-07  7.89E-07  5.69E-12  0.00
 6453 3.2265E+07    4 16133     185   1.0  1.40E-07  7.89E-07  2.40E-13  0.00
 6454 3.2270E+07    4 16136     185   1.0  1.40E-07  7.89E-07  2.61E-13  0.00
 6455 3.2275E+07    4 16138     185   1.0  1.40E-07  7.88E-07  1.11E-12  0.00
 6456 3.2280E+07    4 16141     185   1.0  1.40E-07  7.88E-07  7.16E-14  0.00
 6457 3.2285E+07    4 16143     185   1.0  1.40E-07  7.88E-07  1.25E-12  0.00
 6458 3.2290E+07    4 16146     185   1.0  1.40E-07  7.88E-07  7.13E-13  0.00
 6459 3.2295E+07    4 16148     185   1.0  1.39E-07  7.88E-07  3.80E-14  0.00
 6460 3.2300E+07    4 16151     185   1.0  1.39E-07  7.87E-07  4.01E-13  0.00
 6461 3.2305E+07    4 16153     185   1.0  1.39E-07  7.87E-07  2.16E-13  0.00
 6462 3.2310E+07    4 16156     185   1.0  1.39E-07  7.87E-07  3.15E-12  0.00
 6463 3.2315E+07    4 16158     185   1.0  1.39E-07  7.87E-07  1.49E-13  0.00
 6464 3.2320E+07    4 16161     185   1.0  1.39E-07  7.86E-07  3.28E-12  0.00
 6465 3.2325E+07    4 16163     185   1.0  1.47E-07  8.16E-07  1.12E-09  0.00
 6466 3.2330E+07    4 16166     185   1.0  2.04E-07  1.11E-06  2.64E-12  0.00
 6467 3.2335E+07    4 16168     185   1.0  2.03E-07  1.11E-06  5.45E-14  0.00
 6468 3.2340E+07    4 16171     185   1.0  2.03E-07  1.11E-06  2.55E-12  0.00
 6469 3.2345E+07    4 16173     185   1.0  2.03E-07  1.11E-06  1.10E-13  0.00
 6470 3.2350E+07    4 16176     185   1.0  2.03E-07  1.11E-06  9.48E-13  0.00
 6471 3.2355E+07    4 16178     185   1.0  2.03E-07  1.11E-06  1.71E-11  0.00
 6472 3.2360E+07    4 16181     185   1.0  2.03E-07  1.11E-06  1.63E-12  0.00
 6473 3.2365E+07    4 16183     185   1.0  2.03E-07  1.10E-06  1.09E-13  0.00
 6474 3.2370E+07    4 16186     185   1.0  2.02E-07  1.10E-06  4.81E-12  0.00
 6475 3.2375E+07    4 16188     185   1.0  2.02E-07  1.10E-06  1.63E-14  0.00
 6476 3.2380E+07    4 16191     185   1.0  2.02E-07  1.10E-06  8.10E-13  0.00
 6477 3.2385E+07    4 16193     185   1.0  2.02E-07  1.10E-06  5.56E-14  0.00
 6478 3.2390E+07    4 16196     185   1.0  2.02E-07  1.10E-06  2.86E-12  0.00
 6479 3.2395E+07    4 16198     185   1.0  2.02E-07  1.10E-06  6.21E-12  0.00
 6480 3.2400E+07    4 16201     185   1.0  2.02E-07  1.10E-06  2.57E-13  0.00
 6481 3.2405E+07    4 16203     185   1.0  2.01E-07  1.10E-06  1.13E-12  0.00
 6482 3.2410E+07    4 16206     185   1.0  2.01E-07  1.10E-06  8.53E-14  0.00
 6483 3.2415E+07    4 16208     185   1.0  2.01E-07  1.10E-06  1.75E-11  0.00
 6484 3.2420E+07    4 16211     185   1.0  2.01E-07  1.10E-06  5.29E-13  0.00
 6485 3.2425E+07    4 16213     185   1.0  2.01E-07  1.10E-06  2.41E-13  0.00
 6486 3.2430E+07    4 16216     185   1.0  2.01E-07  1.10E-06  3.03E-13  0.00
 6487 3.2435E+07    4 16218     185   1.0  2.01E-07  1.09E-06  3.40E-14  0.00
 6488 3.2440E+07    4 16221     185   1.0  2.00E-07  1.09E-06  6.17E-13  0.00
 6489 3.2445E+07    4 16223     185   1.0  2.00E-07  1.09E-06  8.10E-13  0.00
 6490 3.2450E+07    4 16226     185   1.0  2.00E-07  1.09E-06  6.13E-12  0.00
 6491 3.2455E+07    4 16228     185   1.0  2.00E-07  1.09E-06  2.03E-11  0.00
 6492 3.2460E+07    4 16231     185   1.0  2.00E-07  1.09E-06  3.31E-13  0.00
 6493 3.2465E+07    4 16233     185   1.0  2.00E-07  1.09E-06  1.30E-12  0.00
 6494 3.2470E+07    4 16236     185   1.0  2.00E-07  1.09E-06  2.36E-13  0.00
 6495 3.2475E+07    4 16238     185   1.0  2.00E-07  1.09E-06  6.12E-12  0.00
 6496 3.2480E+07    4 16241     185   1.0  2.00E-07  1.09E-06  5.87E-12  0.00
 6497 3.2485E+07    4 16243     185   1.0  1.99E-07  1.09E-06  8.81E-14  0.00
 6498 3.2490E+07    4 16246     185   1.0  1.99E-07  1.09E-06  3.33E-13  0.00
 6499 3.2495E+07    4 16248     185   1.0  1.99E-07  1.09E-06  5.94E-12  0.00
 6500 3.2500E+07    4 16251     185   1.0  1.99E-07  1.09E-06  1.10E-12  0.00
 6501 3.2505E+07    4 16253     185   1.0  1.99E-07  1.08E-06  1.31E-12  0.00
 6502 3.2510E+07    4 16256     185   1.0  1.99E-07  1.08E-06  1.31E-12  0.00
 6503 3.2515E+07    4 16258     185   1.0  1.98E-07  1.08E-06  2.65E-13  0.00
 6504 3.2520E+07    4 16261     185   1.0  1.98E-07  1.08E-06  7.26E-14  0.00
 6505 3.2525E+07    4 16263     185   1.0  1.98E-07  1.08E-06  7.49E-09  0.00
 6506 3.2530E+07    4 16266     185   1.0  1.51E-07  8.38E-07  2.76E-14  0.00
 6507 3.2535E+07    4 16268     185   1.0  1.50E-07  8.38E-07  1.17E-12  0.00
 6508 3.2540E+07    4 16271     185   1.0  1.50E-07  8.38E-07  1.04E-13  0.00
 6509 3.2545E+07    4 16273     185   1.0  1.50E-07  8.38E-07  2.45E-11  0.00
 6510 3.2550E+07    4 16276     185   1.0  1.50E-07  8.38E-07  1.04E-11  0.00
 6511 3.2555E+07    4 16278     185   1.0  1.50E-07  8.37E-07  6.54E-14  0.00
 6512 3.2560E+07    4 16281     185   1.0  1.50E-07  8.37E-07  3.69E-13  0.00
 6513 3.2565E+07    4 16283     185   1.0  1.50E-07  8.37E-07  7.60E-12  0.00
 6514 3.2570E+07    4 16286     185   1.0  1.50E-07  8.36E-07  5.47E-14  0.00
 6515 3.2575E+07    4 16288     185   1.0  1.50E-07  8.36E-07  3.35E-14  0.00
 6516 3.2580E+07    4 16291     185   1.0  1.50E-07  8.36E-07  2.55E-13  0.00
 6517 3.2585E+07    4 16293     185   1.0  1.50E-07  8.35E-07  1.23E-13  0.00
 6518 3.2590E+07    4 16296     185   1.0  1.50E-07  8.35E-07  1.97E-13  0.00
 6519 3.2595E+07    4 16298     185   1.0  1.50E-07  8.35E-07  4.15E-12  0.00
 6520 3.2600E+07    4 16301     185   1.0  1.50E-07  8.35E-07  1.25E-12  0.00
 6521 3.2605E+07    4 16303     185   1.0  1.50E-07  8.34E-07  1.59E-11  0.00
 6522 3.2610E+07    4 16306     185   1.0  1.50E-07  8.34E-07  3.16E-12  0.00
 6523 3.2615E+07    4 16308     185   1.0  1.50E-07  8.34E-07  1.02E-12  0.00
 6524 3.2620E+07    4 16311     185   1.0  1.50E-07  8.33E-07  6.10E-13  0.00
 6525 3.2625E+07    4 16313     185   1.0  1.49E-07  8.33E-07  8.88E-13  0.00
 6526 3.2630E+07    4 16316     185   1.0  1.49E-07  8.33E-07  5.61E-13  0.00
 6527 3.2635E+07    4 16318     185   1.0  1.49E-07  8.33E-07  5.83E-14  0.00
 6528 3.2640E+07    4 16321     185   1.0  1.49E-07  8.32E-07  3.81E-12  0.00
 6529 3.2645E+07    4 16323     185   1.0  1.49E-07  8.32E-07  1.58E-12  0.00
 6530 3.2650E+07    4 16326     185   1.0  1.49E-07  8.32E-07  9.33E-13  0.00
 6531 3.2655E+07    4 16328     185   1.0  1.49E-07  8.31E-07  8.99E-14  0.00
 6532 3.2660E+07    4 16331     185   1.0  1.48E-07  8.28E-07  2.13E-13  0.00
 6533 3.2665E+07    4 16333     185   1.0  1.48E-07  8.25E-07  5.34E-13  0.00
 6534 3.2670E+07    4 16336     185   1.0  1.48E-07  8.24E-07  3.76E-13  0.00
 6535 3.2675E+07    4 16338     185   1.0  1.47E-07  8.24E-07  1.08E-11  0.00
 6536 3.2680E+07    4 16341     185   1.0  1.47E-07  8.24E-07  3.54E-13  0.00
 6537 3.2685E+07    4 16343     185   1.0  1.47E-07  8.23E-07  8.04E-12  0.00
 6538 3.2690E+07    4 16346     185   1.0  1.47E-07  8.23E-07  1.47E-15  0.00
 6539 3.2695E+07    4 16348     185   1.0  1.47E-07  8.23E-07  6.44E-13  0.00
 6540 3.2700E+07    4 16351     185   1.0  1.47E-07  8.23E-07  7.30E-14  0.00
 6541 3.2705E+07    4 16353     185   1.0  1.47E-07  8.22E-07  1.15E-13  0.00
 6542 3.2710E+07    4 16356     185   1.0  1.47E-07  8.22E-07  9.00E-14  0.00
 6543 3.2715E+07    4 16358     185   1.0  1.47E-07  8.22E-07  8.10E-13  0.00
 6544 3.2720E+07    4 16361     185   1.0  1.47E-07  8.22E-07  7.27E-13  0.00
 6545 3.2725E+07    4 16363     185   1.0  1.47E-07  8.21E-07  4.26E-13  0.00
 6546 3.2730E+07    4 16366     185   1.0  1.47E-07  8.21E-07  2.71E-14  0.00
 6547 3.2735E+07    4 16368     185   1.0  1.47E-07  8.21E-07  1.85E-13  0.00
 6548 3.2740E+07    4 16371     185   1.0  1.47E-07  8.20E-07  7.45E-13  0.00
 6549 3.2745E+07    4 16373     185   1.0  1.47E-07  8.20E-07  2.30E-13  0.00
 6550 3.2750E+07    4 16376     185   1.0  1.47E-07  8.20E-07  1.48E-12  0.00
 6551 3.2755E+07    4 16378     185   1.0  1.48E-07  8.26E-07  2.86E-11  0.00
 6552 3.2760E+07    4 16381     185   1.0  1.50E-07  8.43E-07  1.03E-12  0.00
 6553 3.2765E+07    4 16383     185   1.0  1.50E-07  8.42E-07  6.64E-13  0.00
 6554 3.2770E+07    4 16386     185   1.0  1.50E-07  8.42E-07  7.23E-13  0.00
 6555 3.2775E+07    4 16388     185   1.0  1.50E-07  8.42E-07  5.65E-13  0.00
 6556 3.2780E+07    4 16391     185   1.0  1.50E-07  8.41E-07  2.32E-12  0.00
 6557 3.2785E+07    4 16393     185   1.0  1.50E-07  8.41E-07  7.97E-13  0.00
 6558 3.2790E+07    4 16396     185   1.0  1.50E-07  8.41E-07  8.81E-12  0.00
 6559 3.2795E+07    4 16398     185   1.0  1.50E-07  8.41E-07  2.61E-13  0.00
 6560 3.2800E+07    4 16401     185   1.0  1.41E-07  8.03E-07  1.76E-11  0.00
 6561 3.2805E+07    4 16403     185   1.0  1.27E-07  7.44E-07  4.72E-12  0.00
 6562 3.2810E+07    4 16406     185   1.0  1.27E-07  7.43E-07  1.21E-13  0.00
 6563 3.2815E+07    4 16408     185   1.0  1.26E-07  7.43E-07  4.25E-12  0.00
 6564 3.2820E+07    4 16411     185   1.0  1.26E-07  7.43E-07  8.37E-13  0.00
 6565 3.2825E+07    4 16413     185   1.0  1.26E-07  7.43E-07  9.51E-14  0.00
 6566 3.2830E+07    4 16416     185   1.0  1.26E-07  7.43E-07  6.26E-15  0.00
 6567 3.2835E+07    4 16418     185   1.0  1.26E-07  7.43E-07  4.00E-14  0.00
 6568 3.2840E+07    4 16421     185   1.0  1.26E-07  7.42E-07  7.43E-13  0.00
 6569 3.2845E+07    4 16423     185   1.0  1.26E-07  7.42E-07  6.97E-13  0.00
 6570 3.2850E+07    4 16426     185   1.0  1.26E-07  7.42E-07  7.66E-13  0.00
 6571 3.2855E+07    4 16428     185   1.0  1.26E-07  7.42E-07  3.19E-12  0.00
 6572 3.2860E+07    4 16431     185   1.0  1.26E-07  7.42E-07  2.90E-14  0.00
 6573 3.2865E+07    4 16433     185   1.0  1.26E-07  7.41E-07  1.64E-13  0.00
 6574 3.2870E+07    4 16436     185   1.0  1.26E-07  7.41E-07  1.99E-13  0.00
 6575 3.2875E+07    4 16438     185   1.0  1.26E-07  7.41E-07  7.08E-12  0.00
 6576 3.2880E+07    4 16441     185   1.0  1.26E-07  7.41E-07  2.89E-13  0.00
 6577 3.2885E+07    4 16443     185   1.0  1.26E-07  7.41E-07  1.03E-12  0.00
 6578 3.2890E+07    4 16446     185   1.0  1.26E-07  7.41E-07  4.20E-13  0.00
 6579 3.2895E+07    4 16448     185   1.0  1.26E-07  7.40E-07  3.11E-12  0.00
 6580 3.2900E+07    4 16451     185   1.0  1.27E-07  7.42E-07  2.81E-11  0.00
 6581 3.2905E+07    4 16453     185   1.0  1.31E-07  7.49E-07  3.30E-13  0.00
 6582 3.2910E+07    4 16456     185   1.0  1.31E-07  7.49E-07  2.54E-13  0.00
 6583 3.2915E+07    4 16458     185   1.0  1.31E-07  7.48E-07  6.04E-14  0.00
 6584 3.2920E+07    4 16461     185   1.0  1.31E-07  7.48E-07  4.73E-13  0.00
 6585 3.2925E+07    4 16463     185   1.0  1.31E-07  7.48E-07  3.73E-13  0.00
 6586 3.2930E+07    4 16466     185   1.0  1.31E-07  7.48E-07  1.71E-12  0.00
 6587 3.2935E+07    4 16468     185   1.0  1.30E-07  7.48E-07  3.92E-13  0.00
 6588 3.2940E+07    4 16471     185   1.0  1.30E-07  7.47E-07  6.61E-14  0.00
 6589 3.2945E+07    4 16473     185   1.0  1.30E-07  7.47E-07  5.53E-13  0.00
 6590 3.2950E+07    4 16476     185   1.0  1.30E-07  7.47E-07  1.70E-12  0.00
 6591 3.2955E+07    4 16478     185   1.0  1.30E-07  7.47E-07  1.08E-12  0.00
 6592 3.2960E+07    4 16481     185   1.0  1.30E-07  7.47E-07  1.05E-11  0.00
 6593 3.2965E+07    4 16483     185   1.0  1.30E-07  7.47E-07  1.02E-13  0.00
 6594 3.2970E+07    4 16486     185   1.0  1.30E-07  7.46E-07  7.16E-14  0.00
 6595 3.2975E+07    4 16488     185   1.0  1.30E-07  7.46E-07  3.49E-13  0.00
 6596 3.2980E+07    4 16491     185   1.0  1.30E-07  7.46E-07  1.58E-13  0.00
 6597 3.2985E+07    4 16493     185   1.0  1.30E-07  7.46E-07  1.17E-12  0.00
 6598 3.2990E+07    4 16496     185   1.0  1.30E-07  7.46E-07  7.69E-13  0.00
 6599 3.2995E+07    4 16498     185   1.0  1.30E-07  7.45E-07  4.70E-13  0.00
 6600 3.3000E+07    4 16501     185   1.0  1.30E-07  7.45E-07  4.37E-13  0.00
 6601 3.3005E+07    4 16503     185   1.0  1.30E-07  7.45E-07  1.96E-13  0.00
 6602 3.3010E+07    4 16506     185   1.0  1.30E-07  7.45E-07  5.23E-14  0.00
 6603 3.3015E+07    4 16508     185   1.0  1.30E-07  7.45E-07  2.16E-12  0.00
 6604 3.3020E+07    4 16511     185   1.0  1.30E-07  7.45E-07  1.99E-13  0.00
 6605 3.3025E+07    4 16513     185   1.0  1.30E-07  7.44E-07  1.08E-12  0.00
 6606 3.3030E+07    4 16516     185   1.0  1.30E-07  7.44E-07  5.90E-13  0.00
 6607 3.3035E+07    4 16518     185   1.0  1.30E-07  7.44E-07  1.05E-13  0.00
 6608 3.3040E+07    4 16521     185   1.0  1.30E-07  7.44E-07  2.19E-12  0.00
 6609 3.3045E+07    4 16523     185   1.0  1.30E-07  7.44E-07  5.77E-12  0.00
 6610 3.3050E+07    4 16526     185   1.0  1.30E-07  7.43E-07  2.87E-12  0.00
 6611 3.3055E+07    4 16528     185   1.0  1.30E-07  7.43E-07  2.68E-13  0.00
 6612 3.3060E+07    4 16531     185   1.0  1.30E-07  7.43E-07  1.35E-12  0.00
 6613 3.3065E+07    4 16533     185   1.0  1.30E-07  7.43E-07  1.82E-12  0.00
 6614 3.3070E+07    4 16536     185   1.0  1.30E-07  7.43E-07  1.00E-12  0.00
 6615 3.3075E+07    4 16538     185   1.0  1.30E-07  7.42E-07  4.56E-13  0.00
 6616 3.3080E+07    4 16541     185   1.0  1.30E-07  7.42E-07  3.93E-12  0.00
 6617 3.3085E+07    4 16543     185   1.0  1.30E-07  7.42E-07  1.15E-11  0.00
 6618 3.3090E+07    4 16546     185   1.0  1.30E-07  7.42E-07  3.02E-13  0.00
 6619 3.3095E+07    4 16548     185   1.0  1.29E-07  7.42E-07  9.85E-13  0.00
 6620 3.3100E+07    4 16551     185   1.0  1.29E-07  7.42E-07  3.85E-14  0.00
 6621 3.3105E+07    4 16553     185   1.0  1.29E-07  7.41E-07  2.08E-14  0.00
 6622 3.3110E+07    4 16556     185   1.0  1.29E-07  7.41E-07  2.21E-13  0.00
 6623 3.3115E+07    4 16558     185   1.0  1.29E-07  7.41E-07  4.84E-13  0.00
 6624 3.3120E+07    4 16561     185   1.0  1.29E-07  7.41E-07  7.42E-13  0.00
 6625 3.3125E+07    4 16563     185   1.0  1.29E-07  7.41E-07  1.29E-14  0.00
 6626 3.3130E+07    4 16566     185   1.0  1.29E-07  7.40E-07  4.25E-14  0.00
 6627 3.3135E+07    4 16568     185   1.0  1.29E-07  7.40E-07  1.05E-12  0.00
 6628 3.3140E+07    4 16571     185   1.0  1.29E-07  7.40E-07  7.33E-13  0.00
 6629 3.3145E+07    4 16573     185   1.0  1.29E-07  7.40E-07  8.39E-13  0.00
 6630 3.3150E+07    4 16576     185   1.0  1.29E-07  7.40E-07  1.68E-13  0.00
 6631 3.3155E+07    4 16578     185   1.0  1.29E-07  7.40E-07  4.61E-14  0.00
 6632 3.3160E+07    4 16581     185   1.0  1.29E-07  7.39E-07  1.07E-12  0.00
 6633 3.3165E+07    4 16583     185   1.0  1.29E-07  7.39E-07  6.40E-12  0.00
 6634 3.3170E+07    4 16586     185   1.0  1.29E-07  7.39E-07  1.11E-13  0.00
 6635 3.3175E+07    4 16588     185   1.0  1.29E-07  7.39E-07  2.01E-13  0.00
 6636 3.3180E+07    4 16591     185   1.0  1.29E-07  7.39E-07  1.21E-12  0.00
 6637 3.3185E+07    4 16593     185   1.0  1.29E-07  7.38E-07  9.85E-13  0.00
 6638 3.3190E+07    4 16596     185   1.0  1.29E-07  7.38E-07  5.55E-12  0.00
 6639 3.3195E+07    4 16598     185   1.0  1.29E-07  7.38E-07  2.49E-13  0.00
 6640 3.3200E+07    4 16601     185   1.0  1.29E-07  7.38E-07  1.75E-13  0.00
 6641 3.3205E+07    4 16603     185   1.0  1.29E-07  7.38E-07  4.06E-12  0.00
 6642 3.3210E+07    4 16606     185   1.0  1.29E-07  7.37E-07  5.07E-13  0.00
 6643 3.3215E+07    4 16608     185   1.0  1.29E-07  7.37E-07  1.27E-12  0.00
 6644 3.3220E+07    4 16611     185   1.0  1.29E-07  7.37E-07  6.43E-13  0.00
 6645 3.3225E+07    4 16613     185   1.0  1.29E-07  7.37E-07  2.39E-13  0.00
 6646 3.3230E+07    4 16616     185   1.0  1.29E-07  7.37E-07  5.08E-12  0.00
 6647 3.3235E+07    4 16618     185   1.0  1.29E-07  7.37E-07  4.76E-13  0.00
 6648 3.3240E+07    4 16621     185   1.0  1.29E-07  7.36E-07  6.74E-13  0.00
 6649 3.3245E+07    4 16623     185   1.0  1.29E-07  7.36E-07  2.28E-12  0.00
 6650 3.3250E+07    4 16626     185   1.0  1.29E-07  7.36E-07  3.96E-13  0.00
 6651 3.3255E+07    4 16628     185   1.0  1.28E-07  7.36E-07  2.95E-12  0.00
 6652 3.3260E+07    4 16631     185   1.0  1.28E-07  7.36E-07  1.38E-12  0.00
 6653 3.3265E+07    4 16633     185   1.0  1.28E-07  7.35E-07  1.15E-12  0.00
 6654 3.3270E+07    4 16636     185   1.0  1.28E-07  7.35E-07  3.24E-12  0.00
 6655 3.3275E+07    4 16638     185   1.0  1.28E-07  7.35E-07  4.77E-13  0.00
 6656 3.3280E+07    4 16641     185   1.0  1.28E-07  7.35E-07  3.17E-14  0.00
 6657 3.3285E+07    4 16643     185   1.0  1.28E-07  7.35E-07  1.87E-12  0.00
 6658 3.3290E+07    4 16646     185   1.0  1.28E-07  7.35E-07  9.11E-13  0.00
 6659 3.3295E+07    4 16648     185   1.0  1.28E-07  7.34E-07  5.69E-14  0.00
 6660 3.3300E+07    4 16651     185   1.0  1.28E-07  7.34E-07  7.42E-14  0.00
 6661 3.3305E+07    4 16653     185   1.0  1.28E-07  7.34E-07  3.66E-12  0.00
 6662 3.3310E+07    4 16656     185   1.0  1.28E-07  7.34E-07  2.11E-13  0.00
 6663 3.3315E+07    4 16658     185   1.0  1.28E-07  7.34E-07  9.86E-13  0.00
 6664 3.3320E+07    4 16661     185   1.0  1.28E-07  7.33E-07  1.23E-13  0.00
 6665 3.3325E+07    4 16663     185   1.0  1.28E-07  7.33E-07  9.23E-13  0.00
 6666 3.3330E+07    4 16666     185   1.0  1.28E-07  7.33E-07  2.48E-12  0.00
 6667 3.3335E+07    4 16668     185   1.0  1.28E-07  7.33E-07  1.55E-13  0.00
 6668 3.3340E+07    4 16671     185   1.0  1.28E-07  7.33E-07  1.47E-13  0.00
 6669 3.3345E+07    4 16673     185   1.0  1.28E-07  7.33E-07  1.58E-12  0.00
 6670 3.3350E+07    4 16676     185   1.0  1.28E-07  7.32E-07  7.56E-13  0.00
 6671 3.3355E+07    4 16678     185   1.0  1.28E-07  7.32E-07  5.07E-14  0.00
 6672 3.3360E+07    4 16681     185   1.0  1.28E-07  7.32E-07  2.28E-12  0.00
 6673 3.3365E+07    4 16683     185   1.0  1.28E-07  7.32E-07  3.47E-11  0.00
 6674 3.3370E+07    4 16686     185   1.0  1.28E-07  7.32E-07  7.87E-14  0.00
 6675 3.3375E+07    4 16688     185   1.0  1.28E-07  7.31E-07  5.43E-14  0.00
 6676 3.3380E+07    4 16691     185   1.0  1.28E-07  7.31E-07  8.53E-13  0.00
 6677 3.3385E+07    4 16693     185   1.0  1.28E-07  7.31E-07  8.55E-13  0.00
 6678 3.3390E+07    4 16696     185   1.0  1.28E-07  7.31E-07  1.05E-13  0.00
 6679 3.3395E+07    4 16698     185   1.0  1.28E-07  7.31E-07  3.88E-13  0.00
 6680 3.3400E+07    4 16701     185   1.0  1.28E-07  7.31E-07  1.20E-12  0.00
 6681 3.3405E+07    4 16703     185   1.0  1.28E-07  7.30E-07  3.43E-13  0.00
 6682 3.3410E+07    4 16706     185   1.0  1.28E-07  7.30E-07  8.80E-13  0.00
 6683 3.3415E+07    4 16708     185   1.0  1.27E-07  7.30E-07  1.16E-12  0.00
 6684 3.3420E+07    4 16711     185   1.0  1.27E-07  7.30E-07  5.19E-12  0.00
 6685 3.3425E+07    4 16713     185   1.0  1.27E-07  7.30E-07  5.12E-13  0.00
 6686 3.3430E+07    4 16716     185   1.0  1.27E-07  7.29E-07  1.88E-12  0.00
 6687 3.3435E+07    4 16718     185   1.0  1.27E-07  7.29E-07  6.82E-12  0.00
 6688 3.3440E+07    4 16721     185   1.0  1.27E-07  7.29E-07  4.78E-13  0.00
 6689 3.3445E+07    4 16723     185   1.0  1.27E-07  7.29E-07  2.11E-12  0.00
 6690 3.3450E+07    4 16726     185   1.0  1.27E-07  7.29E-07  4.23E-13  0.00
 6691 3.3455E+07    4 16728     185   1.0  1.27E-07  7.29E-07  3.31E-13  0.00
 6692 3.3460E+07    4 16731     185   1.0  1.27E-07  7.28E-07  4.48E-13  0.00
 6693 3.3465E+07    4 16733     185   1.0  1.27E-07  7.28E-07  9.74E-13  0.00
 6694 3.3470E+07    4 16736     185   1.0  1.27E-07  7.28E-07  7.76E-14  0.00
 6695 3.3475E+07    4 16738     185   1.0  1.27E-07  7.28E-07  5.41E-13  0.00
 6696 3.3480E+07    4 16741     185   1.0  1.27E-07  7.28E-07  1.20E-13  0.00
 6697 3.3485E+07    4 16743     185   1.0  1.27E-07  7.12E-07  4.55E-14  0.00
 6698 3.3490E+07    4 16746     185   1.0  1.27E-07  7.12E-07  2.02E-12  0.00
 6699 3.3495E+07    4 16748     185   1.0  1.27E-07  7.12E-07  2.69E-12  0.00
 6700 3.3500E+07    4 16751     185   1.0  1.27E-07  7.12E-07  8.15E-13  0.00
 6701 3.3505E+07    4 16753     185   1.0  1.27E-07  7.12E-07  3.68E-12  0.00
 6702 3.3510E+07    4 16756     185   1.0  1.27E-07  7.12E-07  1.48E-11  0.00
 6703 3.3515E+07    4 16758     185   1.0  1.27E-07  7.12E-07  1.08E-12  0.00
 6704 3.3520E+07    4 16761     185   1.0  1.27E-07  7.12E-07  4.97E-13  0.00
 6705 3.3525E+07    4 16763     185   1.0  1.27E-07  7.11E-07  1.00E-12  0.00
 6706 3.3530E+07    4 16766     185   1.0  1.27E-07  7.11E-07  1.30E-13  0.00
 6707 3.3535E+07    4 16768     185   1.0  1.27E-07  7.11E-07  4.23E-13  0.00
 6708 3.3540E+07    4 16771     185   1.0  1.27E-07  7.11E-07  8.69E-14  0.00
 6709 3.3545E+07    4 16773     185   1.0  1.27E-07  7.11E-07  2.76E-13  0.00
 6710 3.3550E+07    4 16776     185   1.0  1.27E-07  7.11E-07  2.95E-12  0.00
 6711 3.3555E+07    4 16778     185   1.0  1.27E-07  7.10E-07  4.45E-13  0.00
 6712 3.3560E+07    4 16781     185   1.0  1.27E-07  7.10E-07  6.25E-13  0.00
 6713 3.3565E+07    4 16783     185   1.0  1.27E-07  7.10E-07  4.46E-13  0.00
 6714 3.3570E+07    4 16786     185   1.0  1.27E-07  7.10E-07  9.97E-14  0.00
 6715 3.3575E+07    4 16788     185   1.0  1.27E-07  7.10E-07  3.67E-12  0.00
 6716 3.3580E+07    4 16791     185   1.0  1.27E-07  7.10E-07  9.18E-14  0.00
 6717 3.3585E+07    4 16793     185   1.0  1.27E-07  7.09E-07  5.42E-13  0.00
 6718 3.3590E+07    4 16796     185   1.0  1.27E-07  7.09E-07  1.78E-13  0.00
 6719 3.3595E+07    4 16798     185   1.0  1.27E-07  7.09E-07  6.02E-12  0.00
 6720 3.3600E+07    4 16801     185   1.0  1.27E-07  7.09E-07  1.52E-14  0.00
 6721 3.3605E+07    4 16803     185   1.0  1.27E-07  7.09E-07  2.74E-13  0.00
 6722 3.3610E+07    4 16806     185   1.0  1.27E-07  7.09E-07  1.19E-12  0.00
 6723 3.3615E+07    4 16808     185   1.0  1.27E-07  7.08E-07  1.31E-11  0.00
 6724 3.3620E+07    4 16811     185   1.0  1.27E-07  7.08E-07  3.86E-13  0.00
 6725 3.3625E+07    4 16813     185   1.0  1.27E-07  7.08E-07  4.41E-11  0.00
 6726 3.3630E+07    4 16816     185   1.0  1.27E-07  7.08E-07  2.41E-13  0.00
 6727 3.3635E+07    4 16818     185   1.0  1.27E-07  7.08E-07  4.69E-13  0.00
 6728 3.3640E+07    4 16821     185   1.0  1.27E-07  7.08E-07  4.75E-13  0.00
 6729 3.3645E+07    4 16823     185   1.0  1.27E-07  7.08E-07  2.85E-13  0.00
 6730 3.3650E+07    4 16826     185   1.0  1.27E-07  7.07E-07  1.51E-13  0.00
 6731 3.3655E+07    4 16828     185   1.0  1.26E-07  7.07E-07  6.13E-13  0.00
 6732 3.3660E+07    4 16831     185   1.0  1.26E-07  7.07E-07  4.01E-13  0.00
 6733 3.3665E+07    4 16833     185   1.0  1.26E-07  7.07E-07  5.53E-14  0.00
 6734 3.3670E+07    4 16836     185   1.0  1.26E-07  7.07E-07  9.48E-13  0.00
 6735 3.3675E+07    4 16838     185   1.0  1.26E-07  7.07E-07  2.35E-14  0.00
 6736 3.3680E+07    4 16841     185   1.0  1.26E-07  7.06E-07  1.25E-13  0.00
 6737 3.3685E+07    4 16843     185   1.0  1.26E-07  7.06E-07  7.20E-13  0.00
 6738 3.3690E+07    4 16846     185   1.0  1.26E-07  7.06E-07  3.08E-13  0.00
 6739 3.3695E+07    4 16848     185   1.0  1.26E-07  7.06E-07  3.11E-13  0.00
 6740 3.3700E+07    4 16851     185   1.0  1.26E-07  7.06E-07  1.20E-12  0.00
 6741 3.3705E+07    4 16853     185   1.0  1.27E-07  7.10E-07  4.59E-12  0.00
 6742 3.3710E+07    4 16856     185   1.0  1.28E-07  7.18E-07  2.69E-13  0.00
 6743 3.3715E+07    4 16858     185   1.0  1.28E-07  7.18E-07  4.81E-12  0.00
 6744 3.3720E+07    4 16861     185   1.0  1.28E-07  7.18E-07  3.04E-10  0.00
 6745 3.3725E+07    4 16863     185   1.0  1.28E-07  7.18E-07  2.40E-12  0.00
 6746 3.3730E+07    4 16866     185   1.0  1.28E-07  7.18E-07  5.89E-13  0.00
 6747 3.3735E+07    4 16868     185   1.0  1.28E-07  7.18E-07  6.79E-13  0.00
 6748 3.3740E+07    4 16871     185   1.0  1.28E-07  7.17E-07  6.00E-12  0.00
 6749 3.3745E+07    4 16873     185   1.0  1.28E-07  7.17E-07  4.04E-13  0.00
 6750 3.3750E+07    4 16876     185   1.0  1.28E-07  7.17E-07  4.85E-13  0.00
 6751 3.3755E+07    4 16878     185   1.0  1.28E-07  7.17E-07  8.25E-14  0.00
 6752 3.3760E+07    4 16881     185   1.0  1.28E-07  7.17E-07  9.64E-13  0.00
 6753 3.3765E+07    4 16883     185   1.0  1.28E-07  7.17E-07  1.26E-12  0.00
 6754 3.3770E+07    4 16886     185   1.0  1.28E-07  7.16E-07  4.88E-12  0.00
 6755 3.3775E+07    4 16888     185   1.0  1.28E-07  7.16E-07  1.88E-12  0.00
 6756 3.3780E+07    4 16891     185   1.0  1.27E-07  7.16E-07  2.36E-13  0.00
 6757 3.3785E+07    4 16893     185   1.0  1.27E-07  7.16E-07  1.90E-13  0.00
 6758 3.3790E+07    4 16896     185   1.0  1.27E-07  7.16E-07  2.50E-12  0.00
 6759 3.3795E+07    4 16898     185   1.0  1.27E-07  7.16E-07  8.81E-15  0.00
 6760 3.3800E+07    4 16901     185   1.0  1.27E-07  7.16E-07  1.34E-11  0.00
 6761 3.3805E+07    4 16903     185   1.0  1.27E-07  7.15E-07  2.77E-12  0.00
 6762 3.3810E+07    4 16906     185   1.0  1.27E-07  7.15E-07  6.40E-13  0.00
 6763 3.3815E+07    4 16908     185   1.0  1.27E-07  7.15E-07  3.71E-13  0.00
 6764 3.3820E+07    4 16911     185   1.0  1.27E-07  7.15E-07  2.14E-13  0.00
 6765 3.3825E+07    4 16913     185   1.0  1.27E-07  7.15E-07  3.46E-14  0.00
 6766 3.3830E+07    4 16916     185   1.0  1.27E-07  7.15E-07  1.11E-12  0.00
 6767 3.3835E+07    4 16918     185   1.0  1.27E-07  7.14E-07  1.46E-12  0.00
 6768 3.3840E+07    4 16921     185   1.0  1.27E-07  7.14E-07  1.75E-14  0.00
 6769 3.3845E+07    4 16923     185   1.0  1.27E-07  7.14E-07  1.22E-12  0.00
 6770 3.3850E+07    4 16926     185   1.0  1.27E-07  7.14E-07  1.15E-13  0.00
 6771 3.3855E+07    4 16928     185   1.0  1.27E-07  7.14E-07  3.78E-14  0.00
 6772 3.3860E+07    4 16931     185   1.0  1.27E-07  7.14E-07  1.80E-13  0.00
 6773 3.3865E+07    4 16933     185   1.0  1.27E-07  7.13E-07  1.23E-13  0.00
 6774 3.3870E+07    4 16936     185   1.0  1.27E-07  7.13E-07  1.49E-12  0.00
 6775 3.3875E+07    4 16938     185   1.0  1.27E-07  7.13E-07  2.31E-12  0.00
 6776 3.3880E+07    4 16941     185   1.0  1.27E-07  7.13E-07  4.08E-13  0.00
 6777 3.3885E+07    4 16943     185   1.0  1.27E-07  7.13E-07  1.42E-12  0.00
 6778 3.3890E+07    4 16946     185   1.0  1.27E-07  7.13E-07  3.59E-13  0.00
 6779 3.3895E+07    4 16948     185   1.0  1.27E-07  7.12E-07  4.93E-14  0.00
 6780 3.3900E+07    4 16951     185   1.0  1.31E-07  7.32E-07  1.81E-12  0.00
 6781 3.3905E+07    4 16953     185   1.0  1.35E-07  7.52E-07  4.41E-13  0.00
 6782 3.3910E+07    4 16956     185   1.0  1.35E-07  7.52E-07  1.10E-12  0.00
 6783 3.3915E+07    4 16958     185   1.0  1.35E-07  7.52E-07  2.19E-12  0.00
 6784 3.3920E+07    4 16961     185   1.0  1.35E-07  7.52E-07  7.65E-14  0.00
 6785 3.3925E+07    4 16963     185   1.0  1.35E-07  7.52E-07  6.14E-13  0.00
 6786 3.3930E+07    4 16966     185   1.0  1.35E-07  7.51E-07  2.66E-13  0.00
 6787 3.3935E+07    4 16968     185   1.0  1.35E-07  7.51E-07  2.58E-13  0.00
 6788 3.3940E+07    4 16971     185   1.0  1.36E-07  7.50E-07  5.06E-13  0.00
 6789 3.3945E+07    4 16973     185   1.0  1.37E-07  7.50E-07  6.66E-13  0.00
 6790 3.3950E+07    4 16976     185   1.0  1.37E-07  7.50E-07  4.89E-13  0.00
 6791 3.3955E+07    4 16978     185   1.0  1.37E-07  7.49E-07  9.71E-13  0.00
 6792 3.3960E+07    4 16981     185   1.0  1.37E-07  7.49E-07  8.62E-14  0.00
 6793 3.3965E+07    4 16983     185   1.0  1.37E-07  7.49E-07  2.98E-13  0.00
 6794 3.3970E+07    4 16986     185   1.0  1.37E-07  7.49E-07  8.63E-13  0.00
 6795 3.3975E+07    4 16988     185   1.0  1.37E-07  7.49E-07  4.16E-13  0.00
 6796 3.3980E+07    4 16991     185   1.0  1.36E-07  7.49E-07  2.71E-11  0.00
 6797 3.3985E+07    4 16993     185   1.0  1.44E-07  7.58E-07  1.55E-12  0.00
 6798 3.3990E+07    4 16996     185   1.0  1.50E-07  7.71E-07  5.11E-13  0.00
 6799 3.3995E+07    4 16998     185   1.0  1.50E-07  7.71E-07  1.54E-13  0.00
 6800 3.4000E+07    4 17001     185   1.0  1.49E-07  7.71E-07  2.15E-13  0.00
 6801 3.4005E+07    4 17003     185   1.0  1.49E-07  7.70E-07  2.27E-13  0.00
 6802 3.4010E+07    4 17006     185   1.0  1.49E-07  7.70E-07  2.87E-13  0.00
 6803 3.4015E+07    4 17008     185   1.0  1.49E-07  7.70E-07  2.29E-14  0.00
 6804 3.4020E+07    4 17011     185   1.0  1.49E-07  7.70E-07  7.49E-13  0.00
 6805 3.4025E+07    4 17013     185   1.0  1.49E-07  7.70E-07  3.79E-13  0.00
 6806 3.4030E+07    4 17016     185   1.0  1.49E-07  7.70E-07  1.94E-12  0.00
 6807 3.4035E+07    4 17018     185   1.0  1.49E-07  7.69E-07  5.45E-13  0.00
 6808 3.4040E+07    4 17021     185   1.0  1.49E-07  7.69E-07  5.18E-13  0.00
 6809 3.4045E+07    4 17023     185   1.0  1.49E-07  7.69E-07  4.80E-12  0.00
 6810 3.4050E+07    4 17026     185   1.0  1.49E-07  7.69E-07  5.52E-13  0.00
 6811 3.4055E+07    4 17028     185   1.0  1.49E-07  7.69E-07  1.03E-12  0.00
 6812 3.4060E+07    4 17031     185   1.0  1.49E-07  7.69E-07  1.26E-13  0.00
 6813 3.4065E+07    4 17033     185   1.0  1.49E-07  7.68E-07  7.83E-13  0.00
 6814 3.4070E+07    4 17036     185   1.0  1.49E-07  7.68E-07  1.10E-12  0.00
 6815 3.4075E+07    4 17038     185   1.0  1.49E-07  7.68E-07  1.00E-13  0.00
 6816 3.4080E+07    4 17041     185   1.0  1.49E-07  7.68E-07  1.15E-12  0.00
 6817 3.4085E+07    4 17043     185   1.0  1.49E-07  7.68E-07  3.65E-13  0.00
 6818 3.4090E+07    4 17046     185   1.0  1.49E-07  7.67E-07  3.48E-13  0.00
 6819 3.4095E+07    4 17048     185   1.0  1.49E-07  7.67E-07  1.33E-12  0.00
 6820 3.4100E+07    4 17051     185   1.0  1.49E-07  7.67E-07  8.28E-13  0.00
 6821 3.4105E+07    4 17053     185   1.0  1.49E-07  7.67E-07  1.38E-13  0.00
 6822 3.4110E+07    4 17056     185   1.0  1.49E-07  7.67E-07  6.33E-14  0.00
 6823 3.4115E+07    4 17058     185   1.0  1.49E-07  7.67E-07  1.51E-13  0.00
 6824 3.4120E+07    4 17061     185   1.0  1.49E-07  7.66E-07  1.20E-12  0.00
 6825 3.4125E+07    4 17063     185   1.0  1.49E-07  7.66E-07  3.23E-13  0.00
 6826 3.4130E+07    4 17066     185   1.0  1.49E-07  7.66E-07  5.03E-13  0.00
 6827 3.4135E+07    4 17068     185   1.0  1.49E-07  7.66E-07  5.98E-13  0.00
 6828 3.4140E+07    4 17071     185   1.0  1.49E-07  7.66E-07  1.89E-13  0.00
 6829 3.4145E+07    4 17073     185   1.0  1.49E-07  7.66E-07  5.03E-13  0.00
 6830 3.4150E+07    4 17076     185   1.0  1.49E-07  7.65E-07  1.43E-13  0.00
 6831 3.4155E+07    4 17078     185   1.0  1.49E-07  7.65E-07  6.70E-14  0.00
 6832 3.4160E+07    4 17081     185   1.0  1.48E-07  7.65E-07  3.48E-13  0.00
 6833 3.4165E+07    4 17083     185   1.0  1.48E-07  7.65E-07  2.44E-13  0.00
 6834 3.4170E+07    4 17086     185   1.0  1.48E-07  7.65E-07  1.84E-11  0.00
 6835 3.4175E+07    4 17088     185   1.0  1.48E-07  7.64E-07  2.92E-13  0.00
 6836 3.4180E+07    4 17091     185   1.0  1.48E-07  7.64E-07  1.64E-12  0.00
 6837 3.4185E+07    4 17093     185   1.0  1.48E-07  7.64E-07  7.68E-14  0.00
 6838 3.4190E+07    4 17096     185   1.0  1.48E-07  7.64E-07  4.33E-12  0.00
 6839 3.4195E+07    4 17098     185   1.0  1.48E-07  7.64E-07  2.55E-12  0.00
 6840 3.4200E+07    4 17101     185   1.0  1.43E-07  7.24E-07  4.72E-13  0.00
 6841 3.4205E+07    4 17103     185   1.0  1.24E-07  6.50E-07  3.71E-14  0.00
 6842 3.4210E+07    4 17106     185   1.0  1.24E-07  6.50E-07  1.75E-13  0.00
 6843 3.4215E+07    4 17108     185   1.0  1.24E-07  6.50E-07  1.18E-11  0.00
 6844 3.4220E+07    4 17111     185   1.0  1.24E-07  6.50E-07  7.24E-12  0.00
 6845 3.4225E+07    4 17113     185   1.0  1.24E-07  6.50E-07  2.72E-12  0.00
 6846 3.4230E+07    4 17116     185   1.0  1.43E-07  7.35E-07  6.56E-13  0.00
 6847 3.4235E+07    4 17118     185   1.0  1.66E-07  8.82E-07  5.35E-11  0.00
 6848 3.4240E+07    4 17121     185   1.0  1.67E-07  8.82E-07  2.11E-11  0.00
 6849 3.4245E+07    4 17123     185   1.0  1.67E-07  8.82E-07  1.17E-12  0.00
 6850 3.4250E+07    4 17126     185   1.0  1.67E-07  8.82E-07  2.17E-13  0.00
 6851 3.4255E+07    4 17128     185   1.0  1.67E-07  8.82E-07  1.33E-12  0.00
 6852 3.4260E+07    4 17131     185   1.0  1.88E-07  9.53E-07  2.42E-13  0.00
 6853 3.4265E+07    4 17133     185   1.0  2.63E-07  1.21E-06  1.69E-13  0.00
 6854 3.4270E+07    4 17136     185   1.0  2.62E-07  1.21E-06  7.67E-13  0.00
 6855 3.4275E+07    4 17138     185   1.0  2.62E-07  1.21E-06  1.36E-11  0.00
 6856 3.4280E+07    4 17141     185   1.0  2.62E-07  1.21E-06  4.15E-13  0.00
 6857 3.4285E+07    4 17143     185   1.0  2.62E-07  1.20E-06  1.89E-12  0.00
 6858 3.4290E+07    4 17146     185   1.0  2.62E-07  1.20E-06  7.23E-13  0.00
 6859 3.4295E+07    4 17148     185   1.0  2.62E-07  1.20E-06  2.94E-14  0.00
 6860 3.4300E+07    4 17151     185   1.0  2.62E-07  1.20E-06  2.43E-13  0.00
 6861 3.4305E+07    4 17153     185   1.0  2.62E-07  1.20E-06  5.48E-13  0.00
 6862 3.4310E+07    4 17156     185   1.0  2.61E-07  1.20E-06  1.19E-11  0.00
 6863 3.4315E+07    4 17158     185   1.0  2.61E-07  1.20E-06  5.87E-13  0.00
 6864 3.4320E+07    4 17161     185   1.0  2.61E-07  1.20E-06  1.24E-12  0.00
 6865 3.4325E+07    4 17163     185   1.0  2.61E-07  1.20E-06  1.55E-11  0.00
 6866 3.4330E+07    4 17166     185   1.0  2.61E-07  1.20E-06  2.89E-12  0.00
 6867 3.4335E+07    4 17168     185   1.0  2.61E-07  1.20E-06  7.23E-13  0.00
 6868 3.4340E+07    4 17171     185   1.0  2.61E-07  1.20E-06  5.78E-13  0.00
 6869 3.4345E+07    4 17173     185   1.0  2.60E-07  1.20E-06  1.76E-11  0.00
 6870 3.4350E+07    4 17176     185   1.0  2.60E-07  1.20E-06  3.96E-13  0.00
 6871 3.4355E+07    4 17178     185   1.0  2.60E-07  1.20E-06  1.53E-13  0.00
 6872 3.4360E+07    4 17181     185   1.0  2.60E-07  1.20E-06  4.45E-13  0.00
 6873 3.4365E+07    4 17183     185   1.0  2.60E-07  1.19E-06  1.12E-12  0.00
 6874 3.4370E+07    4 17186     185   1.0  2.60E-07  1.19E-06  1.10E-12  0.00
 6875 3.4375E+07    4 17188     185   1.0  2.60E-07  1.19E-06  1.24E-12  0.00
 6876 3.4380E+07    4 17191     185   1.0  2.59E-07  1.19E-06  8.96E-13  0.00
 6877 3.4385E+07    4 17193     185   1.0  2.59E-07  1.19E-06  2.23E-11  0.00
 6878 3.4390E+07    4 17196     185   1.0  2.59E-07  1.19E-06  5.35E-13  0.00
 6879 3.4395E+07    4 17198     185   1.0  2.59E-07  1.19E-06  1.62E-12  0.00
 6880 3.4400E+07    4 17201     185   1.0  2.59E-07  1.19E-06  1.55E-14  0.00
 6881 3.4405E+07    4 17203     185   1.0  2.59E-07  1.19E-06  1.98E-12  0.00
 6882 3.4410E+07    4 17206     185   1.0  2.59E-07  1.19E-06  2.38E-13  0.00
 6883 3.4415E+07    4 17208     185   1.0  2.58E-07  1.19E-06  4.67E-12  0.00
 6884 3.4420E+07    4 17211     185   1.0  2.58E-07  1.19E-06  1.67E-14  0.00
 6885 3.4425E+07    4 17213     185   1.0  2.58E-07  1.19E-06  1.68E-14  0.00
 6886 3.4430E+07    4 17216     185   1.0  2.58E-07  1.19E-06  2.18E-13  0.00
 6887 3.4435E+07    4 17218     185   1.0  2.58E-07  1.19E-06  8.34E-12  0.00
 6888 3.4440E+07    4 17221     185   1.0  2.58E-07  1.19E-06  1.92E-13  0.00
 6889 3.4445E+07    4 17223     185   1.0  2.58E-07  1.19E-06  3.44E-13  0.00
 6890 3.4450E+07    4 17226     185   1.0  2.58E-07  1.18E-06  1.93E-13  0.00
 6891 3.4455E+07    4 17228     185   1.0  2.57E-07  1.18E-06  1.34E-13  0.00
 6892 3.4460E+07    4 17231     185   1.0  2.57E-07  1.18E-06  2.27E-12  0.00
 6893 3.4465E+07    4 17233     185   1.0  2.58E-07  1.18E-06  7.35E-12  0.00
 6894 3.4470E+07    4 17236     185   1.0  2.57E-07  1.18E-06  2.45E-12  0.00
 6895 3.4475E+07    4 17238     185   1.0  2.57E-07  1.18E-06  9.66E-13  0.00
 6896 3.4480E+07    4 17241     185   1.0  2.57E-07  1.18E-06  3.35E-13  0.00
 6897 3.4485E+07    4 17243     185   1.0  2.57E-07  1.18E-06  4.13E-13  0.00
 6898 3.4490E+07    4 17246     185   1.0  2.56E-07  1.18E-06  3.48E-12  0.00
 6899 3.4495E+07    4 17248     185   1.0  2.56E-07  1.18E-06  2.29E-13  0.00
 6900 3.4500E+07    4 17251     185   1.0  2.56E-07  1.18E-06  3.51E-11  0.00
 6901 3.4505E+07    4 17253     185   1.0  2.53E-07  1.16E-06  3.53E-12  0.00
 6902 3.4510E+07    4 17256     185   1.0  2.49E-07  1.14E-06  3.24E-12  0.00
 6903 3.4515E+07    4 17258     185   1.0  2.49E-07  1.14E-06  5.77E-13  0.00
 6904 3.4520E+07    4 17261     185   1.0  2.49E-07  1.14E-06  3.81E-12  0.00
 6905 3.4525E+07    4 17263     185   1.0  2.49E-07  1.14E-06  6.62E-13  0.00
 6906 3.4530E+07    4 17266     185   1.0  2.49E-07  1.14E-06  7.40E-13  0.00
 6907 3.4535E+07    4 17268     185   1.0  2.49E-07  1.14E-06  1.40E-12  0.00
 6908 3.4540E+07    4 17271     185   1.0  2.49E-07  1.14E-06  2.12E-12  0.00
 6909 3.4545E+07    4 17273     185   1.0  2.49E-07  1.14E-06  1.49E-11  0.00
 6910 3.4550E+07    4 17276     185   1.0  2.48E-07  1.14E-06  1.50E-13  0.00
 6911 3.4555E+07    4 17278     185   1.0  2.48E-07  1.14E-06  1.08E-12  0.00
 6912 3.4560E+07    4 17281     185   1.0  2.48E-07  1.14E-06  5.17E-13  0.00
 6913 3.4565E+07    4 17283     185   1.0  2.48E-07  1.14E-06  8.12E-13  0.00
 6914 3.4570E+07    4 17286     185   1.0  2.48E-07  1.14E-06  1.83E-12  0.00
 6915 3.4575E+07    4 17288     185   1.0  2.48E-07  1.13E-06  1.52E-12  0.00
 6916 3.4580E+07    4 17291     185   1.0  2.48E-07  1.13E-06  1.00E-13  0.00
 6917 3.4585E+07    4 17293     185   1.0  2.48E-07  1.13E-06  4.58E-12  0.00
 6918 3.4590E+07    4 17296     185   1.0  2.47E-07  1.13E-06  3.44E-12  0.00
 6919 3.4595E+07    4 17298     185   1.0  2.47E-07  1.13E-06  3.61E-13  0.00
 6920 3.4600E+07    4 17301     185   1.0  2.47E-07  1.13E-06  5.31E-13  0.00
 6921 3.4605E+07    4 17303     185   1.0  2.47E-07  1.13E-06  1.13E-12  0.00
 6922 3.4610E+07    4 17306     185   1.0  2.47E-07  1.13E-06  8.92E-13  0.00
 6923 3.4615E+07    4 17308     185   1.0  2.47E-07  1.13E-06  3.02E-14  0.00
 6924 3.4620E+07    4 17311     185   1.0  2.47E-07  1.13E-06  1.75E-12  0.00
 6925 3.4625E+07    4 17313     185   1.0  2.47E-07  1.13E-06  9.13E-13  0.00
 6926 3.4630E+07    4 17316     185   1.0  2.47E-07  1.13E-06  8.45E-13  0.00
 6927 3.4635E+07    4 17318     185   1.0  2.46E-07  1.13E-06  6.85E-13  0.00
 6928 3.4640E+07    4 17321     185   1.0  2.46E-07  1.13E-06  1.21E-13  0.00
 6929 3.4645E+07    4 17323     185   1.0  2.46E-07  1.13E-06  7.25E-13  0.00
 6930 3.4650E+07    4 17326     185   1.0  2.46E-07  1.13E-06  1.65E-12  0.00
 6931 3.4655E+07    4 17328     185   1.0  2.46E-07  1.13E-06  3.16E-13  0.00
 6932 3.4660E+07    4 17331     185   1.0  2.46E-07  1.13E-06  1.04E-13  0.00
 6933 3.4665E+07    4 17333     185   1.0  2.46E-07  1.12E-06  2.05E-12  0.00
 6934 3.4670E+07    4 17336     185   1.0  2.46E-07  1.12E-06  9.97E-15  0.00
 6935 3.4675E+07    4 17338     185   1.0  2.45E-07  1.12E-06  7.11E-12  0.00
 6936 3.4680E+07    4 17341     185   1.0  2.45E-07  1.12E-06  7.93E-13  0.00
 6937 3.4685E+07    4 17343     185   1.0  2.45E-07  1.12E-06  9.17E-13  0.00
 6938 3.4690E+07    4 17346     185   1.0  2.45E-07  1.12E-06  1.70E-12  0.00
 6939 3.4695E+07    4 17348     185   1.0  2.45E-07  1.12E-06  1.96E-12  0.00
 6940 3.4700E+07    4 17351     185   1.0  2.45E-07  1.12E-06  1.00E-12  0.00
 6941 3.4705E+07    4 17353     185   1.0  2.45E-07  1.12E-06  1.04E-13  0.00
 6942 3.4710E+07    4 17356     185   1.0  2.45E-07  1.12E-06  1.09E-11  0.00
 6943 3.4715E+07    4 17358     185   1.0  2.45E-07  1.12E-06  1.88E-12  0.00
 6944 3.4720E+07    4 17361     185   1.0  2.44E-07  1.12E-06  2.88E-12  0.00
 6945 3.4725E+07    4 17363     185   1.0  2.44E-07  1.12E-06  1.53E-13  0.00
 6946 3.4730E+07    4 17366     185   1.0  2.44E-07  1.12E-06  7.03E-13  0.00
 6947 3.4735E+07    4 17368     185   1.0  2.44E-07  1.12E-06  8.67E-15  0.00
 6948 3.4740E+07    4 17371     185   1.0  2.44E-07  1.12E-06  4.40E-13  0.00
 6949 3.4745E+07    4 17373     185   1.0  2.44E-07  1.12E-06  3.74E-12  0.00
 6950 3.4750E+07    4 17376     185   1.0  2.44E-07  1.12E-06  1.71E-11  0.00
 6951 3.4755E+07    4 17378     185   1.0  2.44E-07  1.12E-06  1.51E-12  0.00
 6952 3.4760E+07    4 17381     185   1.0  2.44E-07  1.11E-06  5.46E-13  0.00
 6953 3.4765E+07    4 17383     185   1.0  2.43E-07  1.11E-06  1.39E-12  0.00
 6954 3.4770E+07    4 17386     185   1.0  2.43E-07  1.11E-06  8.24E-13  0.00
 6955 3.4775E+07    4 17388     185   1.0  2.43E-07  1.11E-06  3.76E-12  0.00
 6956 3.4780E+07    4 17391     185   1.0  2.43E-07  1.11E-06  2.32E-11  0.00
 6957 3.4785E+07    4 17393     185   1.0  2.43E-07  1.11E-06  3.74E-12  0.00
 6958 3.4790E+07    4 17396     185   1.0  2.43E-07  1.11E-06  4.28E-13  0.00
 6959 3.4795E+07    4 17398     185   1.0  2.43E-07  1.11E-06  7.19E-13  0.00
 6960 3.4800E+07    4 17401     185   1.0  2.43E-07  1.11E-06  2.04E-12  0.00
 6961 3.4805E+07    4 17403     185   1.0  2.43E-07  1.11E-06  2.97E-12  0.00
 6962 3.4810E+07    4 17406     185   1.0  2.42E-07  1.11E-06  6.45E-12  0.00
 6963 3.4815E+07    4 17408     185   1.0  2.42E-07  1.11E-06  4.64E-13  0.00
 6964 3.4820E+07    4 17411     185   1.0  2.42E-07  1.11E-06  3.49E-15  0.00
 6965 3.4825E+07    4 17413     185   1.0  2.42E-07  1.11E-06  7.43E-12  0.00
 6966 3.4830E+07    4 17416     185   1.0  2.42E-07  1.11E-06  6.21E-15  0.00
 6967 3.4835E+07    4 17418     185   1.0  2.42E-07  1.11E-06  1.55E-12  0.00
 6968 3.4840E+07    4 17421     185   1.0  2.34E-07  1.05E-06  2.06E-11  0.00
 6969 3.4845E+07    4 17423     185   1.0  2.32E-07  1.04E-06  1.22E-12  0.00
 6970 3.4850E+07    4 17426     184   1.0  2.32E-07  1.04E-06  2.36E-12  0.00
 6971 3.4855E+07    4 17428     184   1.0  2.32E-07  1.04E-06  4.38E-13  0.00
 6972 3.4860E+07    4 17431     184   1.0  2.31E-07  1.03E-06  3.30E-13  0.00
 6973 3.4865E+07    4 17433     184   1.0  2.31E-07  1.03E-06  1.83E-12  0.00
 6974 3.4870E+07    4 17436     184   1.0  2.31E-07  1.03E-06  3.45E-12  0.00
 6975 3.4875E+07    4 17438     184   1.0  2.31E-07  1.03E-06  1.78E-12  0.00
 6976 3.4880E+07    4 17441     184   1.0  2.31E-07  1.03E-06  1.06E-12  0.00
 6977 3.4885E+07    4 17443     184   1.0  2.31E-07  1.03E-06  2.84E-12  0.00
 6978 3.4890E+07    4 17446     184   1.0  2.31E-07  1.03E-06  8.50E-13  0.00
 6979 3.4895E+07    4 17448     184   1.0  2.31E-07  1.03E-06  5.21E-13  0.00
 6980 3.4900E+07    4 17451     184   1.0  2.31E-07  1.03E-06  1.06E-12  0.00
 6981 3.4905E+07    4 17453     184   1.0  2.31E-07  1.03E-06  6.52E-13  0.00
 6982 3.4910E+07    4 17456     184   1.0  2.30E-07  1.03E-06  1.02E-13  0.00
 6983 3.4915E+07    4 17458     184   1.0  2.30E-07  1.03E-06  1.23E-12  0.00
 6984 3.4920E+07    4 17461     184   1.0  2.30E-07  1.03E-06  6.26E-12  0.00
 6985 3.4925E+07    4 17463     184   1.0  2.30E-07  1.03E-06  8.67E-12  0.00
 6986 3.4930E+07    4 17466     184   1.0  2.30E-07  1.03E-06  2.57E-13  0.00
 6987 3.4935E+07    4 17468     184   1.0  2.30E-07  1.03E-06  1.55E-12  0.00
 6988 3.4940E+07    4 17471     184   1.0  2.30E-07  1.03E-06  1.14E-12  0.00
 6989 3.4945E+07    4 17473     184   1.0  2.30E-07  1.03E-06  1.92E-13  0.00
 6990 3.4950E+07    4 17476     184   1.0  2.30E-07  1.03E-06  8.45E-14  0.00
 6991 3.4955E+07    4 17478     184   1.0  2.30E-07  1.03E-06  3.50E-10  0.00
 6992 3.4960E+07    4 17481     184   1.0  2.29E-07  1.03E-06  7.19E-13  0.00
 6993 3.4965E+07    4 17483     184   1.0  2.29E-07  1.02E-06  3.81E-13  0.00
 6994 3.4970E+07    4 17486     184   1.0  2.29E-07  1.02E-06  9.06E-13  0.00
 6995 3.4975E+07    4 17488     184   1.0  2.29E-07  1.02E-06  3.68E-11  0.00
 6996 3.4980E+07    4 17491     184   1.0  2.29E-07  1.02E-06  4.48E-13  0.00
 6997 3.4985E+07    4 17493     184   1.0  2.29E-07  1.02E-06  2.62E-13  0.00
 6998 3.4990E+07    4 17496     184   1.0  2.29E-07  1.02E-06  3.56E-13  0.00
 6999 3.4995E+07    4 17498     184   1.0  2.29E-07  1.02E-06  1.68E-12  0.00
 7000 3.5000E+07    4 17501     184   1.0  2.29E-07  1.02E-06  2.66E-13  0.00
 7001 3.5005E+07    4 17503     184   1.0  2.29E-07  1.02E-06  3.24E-13  0.00
 7002 3.5010E+07    4 17506     184   1.0  2.28E-07  1.02E-06  4.00E-13  0.00
 7003 3.5015E+07    4 17508     184   1.0  2.28E-07  1.02E-06  1.12E-13  0.00
 7004 3.5020E+07    4 17511     184   1.0  2.28E-07  1.02E-06  2.75E-12  0.00
 7005 3.5025E+07    4 17513     184   1.0  2.28E-07  1.02E-06  5.28E-12  0.00
 7006 3.5030E+07    4 17516     184   1.0  2.28E-07  1.02E-06  9.00E-14  0.00
 7007 3.5035E+07    4 17518     184   1.0  2.28E-07  1.02E-06  8.04E-13  0.00
 7008 3.5040E+07    4 17521     184   1.0  2.28E-07  1.02E-06  6.27E-13  0.00
 7009 3.5045E+07    4 17523     184   1.0  2.28E-07  1.02E-06  7.71E-12  0.00
 7010 3.5050E+07    4 17526     184   1.0  2.28E-07  1.02E-06  1.27E-11  0.00
 7011 3.5055E+07    4 17528     184   1.0  2.28E-07  1.02E-06  5.19E-13  0.00
 7012 3.5060E+07    4 17531     184   1.0  2.27E-07  1.02E-06  3.91E-13  0.00
 7013 3.5065E+07    4 17533     184   1.0  2.27E-07  1.02E-06  5.87E-13  0.00
 7014 3.5070E+07    4 17536     184   1.0  2.27E-07  1.02E-06  1.27E-12  0.00
 7015 3.5075E+07    4 17538     184   1.0  2.27E-07  1.01E-06  3.69E-11  0.00
 7016 3.5080E+07    4 17541     184   1.0  2.27E-07  1.01E-06  1.08E-12  0.00
 7017 3.5085E+07    4 17543     184   1.0  2.34E-07  1.02E-06  7.09E-11  0.00
 7018 3.5090E+07    4 17546     184   1.0  2.35E-07  1.02E-06  3.06E-12  0.00
 7019 3.5095E+07    4 17548     184   1.0  2.35E-07  1.02E-06  3.88E-14  0.00
 7020 3.5100E+07    4 17551     184   1.0  2.35E-07  1.02E-06  3.24E-12  0.00
 7021 3.5105E+07    4 17553     184   1.0  2.35E-07  1.02E-06  2.48E-12  0.00
 7022 3.5110E+07    4 17556     184   1.0  2.35E-07  1.02E-06  9.43E-13  0.00
 7023 3.5115E+07    4 17558     184   1.0  6.32E-07  3.08E-06  5.61E-10  0.00
 7024 3.5120E+07    4 17561     184   1.0  8.54E-06  4.44E-05  2.40E-07  0.00
 7025 3.5125E+07    4 17563     184   1.0  7.54E-06  3.98E-05  1.05E-11  0.00
 7026 3.5130E+07    4 17566     184   1.0  4.89E-08  2.57E-07  5.47E-12  0.00
 7027 3.5135E+07    4 17568     184   1.0  5.96E-08  3.05E-07  1.12E-12  0.00
 7028 3.5140E+07    4 17571     184   1.0  6.64E-08  3.67E-07  1.10E-11  0.00
 7029 3.5145E+07    4 17573     184   1.0  7.49E-08  4.27E-07  2.21E-10  0.00
 7030 3.5150E+07    4 17576     184   1.0  8.42E-08  4.79E-07  3.32E-13  0.00
 7031 3.5155E+07    4 17578     184   1.0  9.25E-08  5.22E-07  4.32E-11  0.00
 7032 3.5160E+07    4 17581     184   1.0  1.48E-07  7.93E-07  2.45E-12  0.00
 7033 3.5165E+07    4 17583     184   1.0  1.48E-07  7.92E-07  1.85E-13  0.00
 7034 3.5170E+07    4 17586     184   1.0  1.50E-07  7.98E-07  1.52E-12  0.00
 7035 3.5175E+07    4 17588     184   1.0  1.57E-07  8.25E-07  2.92E-13  0.00
 7036 3.5180E+07    4 17591     184   1.0  1.71E-07  8.78E-07  7.60E-13  0.00
 7037 3.5185E+07    4 17593     184   1.0  1.70E-07  8.78E-07  2.84E-13  0.00
 7038 3.5190E+07    4 17596     184   1.0  1.70E-07  8.77E-07  1.50E-12  0.00
 7039 3.5195E+07    4 17598     184   1.0  1.70E-07  8.77E-07  1.67E-12  0.00
 7040 3.5200E+07    4 17601     184   1.0  1.70E-07  8.77E-07  1.09E-12  0.00
 7041 3.5205E+07    4 17603     184   1.0  1.70E-07  8.77E-07  2.62E-13  0.00
 7042 3.5210E+07    4 17606     184   1.0  1.70E-07  8.76E-07  1.17E-12  0.00
 7043 3.5215E+07    4 17608     184   1.0  1.70E-07  8.76E-07  1.25E-12  0.00
 7044 3.5220E+07    4 17611     184   1.0  1.70E-07  8.76E-07  3.08E-12  0.00
 7045 3.5225E+07    4 17613     184   1.0  1.70E-07  8.76E-07  1.35E-13  0.00
 7046 3.5230E+07    4 17616     184   1.0  1.70E-07  8.75E-07  4.82E-12  0.00
 7047 3.5235E+07    4 17618     184   1.0  1.70E-07  8.75E-07  6.28E-12  0.00
 7048 3.5240E+07    4 17621     184   1.0  1.70E-07  8.75E-07  6.66E-14  0.00
 7049 3.5245E+07    4 17623     184   1.0  1.70E-07  8.74E-07  8.01E-13  0.00
 7050 3.5250E+07    4 17626     184   1.0  1.70E-07  8.74E-07  2.87E-12  0.00
 7051 3.5255E+07    4 17628     184   1.0  1.70E-07  8.74E-07  1.59E-13  0.00
 7052 3.5260E+07    4 17631     184   1.0  1.74E-07  8.97E-07  8.67E-13  0.00
 7053 3.5265E+07    4 17633     184   1.0  1.79E-07  9.32E-07  1.36E-11  0.00
 7054 3.5270E+07    4 17636     184   1.0  1.79E-07  9.32E-07  4.13E-14  0.00
 7055 3.5275E+07    4 17638     184   1.0  1.79E-07  9.32E-07  1.42E-11  0.00
 7056 3.5280E+07    4 17641     184   1.0  1.79E-07  9.31E-07  1.13E-12  0.00
 7057 3.5285E+07    4 17643     184   1.0  1.79E-07  9.31E-07  6.18E-13  0.00
 7058 3.5290E+07    4 17646     184   1.0  1.79E-07  9.31E-07  3.74E-13  0.00
 7059 3.5295E+07    4 17648     184   1.0  1.79E-07  9.30E-07  3.21E-13  0.00
 7060 3.5300E+07    4 17651     184   1.0  1.79E-07  9.30E-07  1.08E-11  0.00
 7061 3.5305E+07    4 17653     184   1.0  1.79E-07  9.30E-07  7.78E-13  0.00
 7062 3.5310E+07    4 17656     184   1.0  1.79E-07  9.29E-07  3.53E-11  0.00
 7063 3.5315E+07    4 17658     184   1.0  1.79E-07  9.29E-07  1.50E-11  0.00
 7064 3.5320E+07    4 17661     184   1.0  1.79E-07  9.29E-07  2.11E-13  0.00
 7065 3.5325E+07    4 17663     184   1.0  1.79E-07  9.28E-07  5.75E-12  0.00
 7066 3.5330E+07    4 17666     184   1.0  1.79E-07  9.28E-07  2.14E-13  0.00
 7067 3.5335E+07    4 17668     184   1.0  1.79E-07  9.28E-07  1.03E-12  0.00
 7068 3.5340E+07    4 17671     184   1.0  1.78E-07  9.27E-07  1.84E-12  0.00
 7069 3.5345E+07    4 17673     184   1.0  1.78E-07  9.27E-07  2.02E-12  0.00
 7070 3.5350E+07    4 17676     184   1.0  1.78E-07  9.27E-07  8.02E-13  0.00
 7071 3.5355E+07    4 17678     184   1.0  1.78E-07  9.26E-07  6.61E-13  0.00
 7072 3.5360E+07    4 17681     184   1.0  1.78E-07  9.26E-07  1.06E-11  0.00
 7073 3.5365E+07    4 17683     184   1.0  1.78E-07  9.26E-07  1.70E-12  0.00
 7074 3.5370E+07    4 17686     184   1.0  1.42E-07  6.80E-07  3.60E-13  0.00
 7075 3.5375E+07    4 17688     184   1.0  1.41E-07  6.77E-07  3.69E-12  0.00
 7076 3.5380E+07    4 17691     184   1.0  1.41E-07  6.77E-07  1.75E-12  0.00
 7077 3.5385E+07    4 17693     184   1.0  1.41E-07  6.77E-07  2.12E-12  0.00
 7078 3.5390E+07    4 17696     184   1.0  1.41E-07  6.77E-07  6.16E-13  0.00
 7079 3.5395E+07    4 17698     184   1.0  1.41E-07  6.77E-07  1.32E-12  0.00
 7080 3.5400E+07    4 17701     184   1.0  1.41E-07  6.77E-07  1.13E-12  0.00
 7081 3.5405E+07    4 17703     184   1.0  1.41E-07  6.77E-07  1.69E-12  0.00
 7082 3.5410E+07    4 17706     184   1.0  1.41E-07  6.76E-07  1.42E-12  0.00
 7083 3.5415E+07    4 17708     184   1.0  1.41E-07  6.76E-07  2.12E-12  0.00
 7084 3.5420E+07    4 17711     184   1.0  1.41E-07  6.76E-07  3.23E-13  0.00
 7085 3.5425E+07    4 17713     184   1.0  1.45E-07  6.90E-07  2.01E-10  0.00
 7086 3.5430E+07    4 17716     184   1.0  4.02E-07  1.87E-06  8.96E-13  0.00
 7087 3.5435E+07    4 17718     184   1.0  4.00E-07  1.86E-06  1.11E-12  0.00
 7088 3.5440E+07    4 17721     184   1.0  4.00E-07  1.86E-06  1.11E-12  0.00
 7089 3.5445E+07    4 17723     184   1.0  3.99E-07  1.86E-06  4.59E-13  0.00
 7090 3.5450E+07    4 17726     184   1.0  4.01E-07  1.86E-06  8.42E-12  0.00
 7091 3.5455E+07    4 17728     184   1.0  4.01E-07  1.87E-06  2.53E-13  0.00
 7092 3.5460E+07    4 17731     184   1.0  4.01E-07  1.86E-06  2.35E-12  0.00
 7093 3.5465E+07    4 17733     184   1.0  4.00E-07  1.86E-06  6.11E-13  0.00
 7094 3.5470E+07    4 17736     184   1.0  4.00E-07  1.86E-06  2.30E-13  0.00
 7095 3.5475E+07    4 17738     184   1.0  4.00E-07  1.86E-06  1.43E-12  0.00
 7096 3.5480E+07    4 17741     184   1.0  3.99E-07  1.86E-06  8.94E-13  0.00
 7097 3.5485E+07    4 17743     184   1.0  3.99E-07  1.86E-06  5.81E-13  0.00
 7098 3.5490E+07    4 17746     184   1.0  3.98E-07  1.85E-06  4.85E-13  0.00
 7099 3.5495E+07    4 17748     184   1.0  3.98E-07  1.85E-06  1.71E-12  0.00
 7100 3.5500E+07    4 17751     184   1.0  3.98E-07  1.85E-06  1.62E-12  0.00
 7101 3.5505E+07    4 17753     184   1.0  3.97E-07  1.85E-06  1.63E-12  0.00
 7102 3.5510E+07    4 17756     184   1.0  3.97E-07  1.85E-06  1.25E-12  0.00
 7103 3.5515E+07    4 17758     184   1.0  3.97E-07  1.85E-06  1.08E-12  0.00
 7104 3.5520E+07    4 17761     184   1.0  3.96E-07  1.84E-06  1.46E-12  0.00
 7105 3.5525E+07    4 17763     184   1.0  3.96E-07  1.84E-06  7.35E-13  0.00
 7106 3.5530E+07    4 17766     184   1.0  3.95E-07  1.84E-06  4.14E-13  0.00
 7107 3.5535E+07    4 17768     184   1.0  3.95E-07  1.84E-06  1.16E-11  0.00
 7108 3.5540E+07    4 17771     184   1.0  3.95E-07  1.84E-06  7.31E-13  0.00
 7109 3.5545E+07    4 17773     184   1.0  3.94E-07  1.84E-06  1.92E-12  0.00
 7110 3.5550E+07    4 17776     184   1.0  3.94E-07  1.83E-06  2.82E-12  0.00
 7111 3.5555E+07    4 17778     184   1.0  3.94E-07  1.83E-06  4.73E-11  0.00
 7112 3.5560E+07    4 17781     184   1.0  3.93E-07  1.83E-06  2.97E-13  0.00
 7113 3.5565E+07    4 17783     184   1.0  3.93E-07  1.83E-06  8.23E-13  0.00
 7114 3.5570E+07    4 17786     184   1.0  3.93E-07  1.83E-06  1.03E-13  0.00
 7115 3.5575E+07    4 17788     184   1.0  3.92E-07  1.83E-06  1.54E-13  0.00
 7116 3.5580E+07    4 17791     184   1.0  3.92E-07  1.82E-06  2.79E-12  0.00
 7117 3.5585E+07    4 17793     184   1.0  3.92E-07  1.82E-06  5.88E-13  0.00
 7118 3.5590E+07    4 17796     184   1.0  3.91E-07  1.82E-06  4.22E-12  0.00
 7119 3.5595E+07    4 17798     184   1.0  3.91E-07  1.82E-06  9.62E-14  0.00
 7120 3.5600E+07    4 17801     184   1.0  3.90E-07  1.82E-06  3.20E-12  0.00
 7121 3.5605E+07    4 17803     184   1.0  3.90E-07  1.82E-06  1.86E-12  0.00
 7122 3.5610E+07    4 17806     184   1.0  3.90E-07  1.81E-06  3.14E-13  0.00
 7123 3.5615E+07    4 17808     184   1.0  3.89E-07  1.81E-06  6.41E-13  0.00
 7124 3.5620E+07    4 17811     184   1.0  3.89E-07  1.81E-06  9.19E-13  0.00
 7125 3.5625E+07    4 17813     184   1.0  3.89E-07  1.81E-06  4.37E-12  0.00
 7126 3.5630E+07    4 17816     184   1.0  3.88E-07  1.81E-06  6.84E-12  0.00
 7127 3.5635E+07    4 17818     184   1.0  3.88E-07  1.81E-06  7.05E-12  0.00
 7128 3.5640E+07    4 17821     184   1.0  3.88E-07  1.81E-06  3.10E-11  0.00
 7129 3.5645E+07    4 17823     184   1.0  3.87E-07  1.80E-06  7.74E-14  0.00
 7130 3.5650E+07    4 17826     184   1.0  3.87E-07  1.80E-06  8.84E-13  0.00
 7131 3.5655E+07    4 17828     184   1.0  3.87E-07  1.80E-06  8.40E-14  0.00
 7132 3.5660E+07    4 17831     184   1.0  3.86E-07  1.80E-06  6.74E-13  0.00
 7133 3.5665E+07    4 17833     184   1.0  3.86E-07  1.80E-06  5.77E-13  0.00
 7134 3.5670E+07    4 17836     184   1.0  3.86E-07  1.80E-06  1.29E-12  0.00
 7135 3.5675E+07    4 17838     184   1.0  3.85E-07  1.79E-06  2.04E-13  0.00
 7136 3.5680E+07    4 17841     184   1.0  3.85E-07  1.79E-06  1.31E-12  0.00
 7137 3.5685E+07    4 17843     184   1.0  3.85E-07  1.79E-06  7.54E-12  0.00
 7138 3.5690E+07    4 17846     184   1.0  3.84E-07  1.79E-06  5.99E-13  0.00
 7139 3.5695E+07    4 17848     184   1.0  3.84E-07  1.79E-06  9.77E-14  0.00
 7140 3.5700E+07    4 17851     184   1.0  3.32E-07  1.61E-06  1.48E-11  0.00
 7141 3.5705E+07    4 17853     184   1.0  3.25E-07  1.58E-06  6.35E-13  0.00
 7142 3.5710E+07    4 17856     184   1.0  3.24E-07  1.58E-06  6.77E-14  0.00
 7143 3.5715E+07    4 17858     184   1.0  3.24E-07  1.58E-06  8.92E-13  0.00
 7144 3.5720E+07    4 17861     184   1.0  3.24E-07  1.58E-06  1.41E-11  0.00
 7145 3.5725E+07    4 17863     184   1.0  3.24E-07  1.58E-06  2.04E-11  0.00
 7146 3.5730E+07    4 17866     184   1.0  3.24E-07  1.58E-06  1.09E-12  0.00
 7147 3.5735E+07    4 17868     184   1.0  3.23E-07  1.58E-06  1.24E-13  0.00
 7148 3.5740E+07    4 17871     184   1.0  3.23E-07  1.57E-06  4.61E-13  0.00
 7149 3.5745E+07    4 17873     184   1.0  3.23E-07  1.57E-06  5.51E-13  0.00
 7150 3.5750E+07    4 17876     184   1.0  3.23E-07  1.57E-06  4.11E-13  0.00
 7151 3.5755E+07    4 17878     184   1.0  3.22E-07  1.57E-06  1.18E-12  0.00
 7152 3.5760E+07    4 17881     184   1.0  3.22E-07  1.57E-06  1.56E-12  0.00
 7153 3.5765E+07    4 17883     184   1.0  3.22E-07  1.57E-06  7.19E-13  0.00
 7154 3.5770E+07    4 17886     184   1.0  3.22E-07  1.57E-06  3.78E-12  0.00
 7155 3.5775E+07    4 17888     184   1.0  3.21E-07  1.57E-06  1.18E-12  0.00
 7156 3.5780E+07    4 17891     184   1.0  3.21E-07  1.57E-06  3.15E-13  0.00
 7157 3.5785E+07    4 17893     184   1.0  3.21E-07  1.57E-06  5.50E-13  0.00
 7158 3.5790E+07    4 17896     184   1.0  3.21E-07  1.56E-06  2.60E-12  0.00
 7159 3.5795E+07    4 17898     184   1.0  3.21E-07  1.56E-06  5.84E-12  0.00
 7160 3.5800E+07    4 17901     184   1.0  3.20E-07  1.56E-06  9.03E-12  0.00
 7161 3.5805E+07    4 17903     184   1.0  3.20E-07  1.56E-06  1.40E-12  0.00
 7162 3.5810E+07    4 17906     184   1.0  3.20E-07  1.56E-06  1.76E-12  0.00
 7163 3.5815E+07    4 17908     184   1.0  3.20E-07  1.56E-06  5.53E-13  0.00
 7164 3.5820E+07    4 17911     184   1.0  3.19E-07  1.56E-06  1.60E-13  0.00
 7165 3.5825E+07    4 17913     184   1.0  3.19E-07  1.56E-06  2.65E-11  0.00
 7166 3.5830E+07    4 17916     184   1.0  3.19E-07  1.56E-06  5.24E-14  0.00
 7167 3.5835E+07    4 17918     184   1.0  3.19E-07  1.56E-06  5.89E-13  0.00
 7168 3.5840E+07    4 17921     184   1.0  3.19E-07  1.55E-06  3.83E-13  0.00
 7169 3.5845E+07    4 17923     184   1.0  3.18E-07  1.55E-06  4.65E-14  0.00
 7170 3.5850E+07    4 17926     184   1.0  3.18E-07  1.55E-06  8.21E-13  0.00
 7171 3.5855E+07    4 17928     184   1.0  3.18E-07  1.55E-06  3.19E-12  0.00
 7172 3.5860E+07    4 17931     184   1.0  3.18E-07  1.55E-06  3.44E-11  0.00
 7173 3.5865E+07    4 17933     184   1.0  3.17E-07  1.55E-06  2.79E-11  0.00
 7174 3.5870E+07    4 17936     184   1.0  2.80E-07  1.39E-06  1.94E-13  0.00
 7175 3.5875E+07    4 17938     184   1.0  2.47E-07  1.27E-06  1.59E-11  0.00
 7176 3.5880E+07    4 17941     184   1.0  2.47E-07  1.27E-06  1.17E-12  0.00
 7177 3.5885E+07    4 17943     184   1.0  2.47E-07  1.27E-06  4.07E-12  0.00
 7178 3.5890E+07    4 17946     184   1.0  2.47E-07  1.27E-06  1.95E-11  0.00
 7179 3.5895E+07    4 17948     184   1.0  2.46E-07  1.27E-06  2.54E-13  0.00
 7180 3.5900E+07    4 17951     184   1.0  2.46E-07  1.27E-06  4.27E-12  0.00
 7181 3.5905E+07    4 17953     184   1.0  2.46E-07  1.27E-06  3.30E-13  0.00
 7182 3.5910E+07    4 17956     184   1.0  2.46E-07  1.27E-06  9.81E-13  0.00
 7183 3.5915E+07    4 17958     184   1.0  2.46E-07  1.27E-06  4.81E-12  0.00
 7184 3.5920E+07    4 17961     184   1.0  2.46E-07  1.27E-06  5.90E-13  0.00
 7185 3.5925E+07    4 17963     184   1.0  2.46E-07  1.27E-06  2.74E-12  0.00
 7186 3.5930E+07    4 17966     184   1.0  2.46E-07  1.27E-06  6.38E-13  0.00
 7187 3.5935E+07    4 17968     184   1.0  2.46E-07  1.27E-06  4.26E-12  0.00
 7188 3.5940E+07    4 17971     184   1.0  2.45E-07  1.27E-06  1.82E-13  0.00
 7189 3.5945E+07    4 17973     184   1.0  2.45E-07  1.26E-06  2.48E-13  0.00
 7190 3.5950E+07    4 17976     184   1.0  2.45E-07  1.26E-06  7.91E-13  0.00
 7191 3.5955E+07    4 17978     184   1.0  2.45E-07  1.26E-06  6.07E-13  0.00
 7192 3.5960E+07    4 17981     184   1.0  2.45E-07  1.26E-06  8.31E-13  0.00
 7193 3.5965E+07    4 17983     184   1.0  2.45E-07  1.26E-06  2.20E-12  0.00
 7194 3.5970E+07    4 17986     184   1.0  2.45E-07  1.26E-06  8.57E-13  0.00
 7195 3.5975E+07    4 17988     184   1.0  2.45E-07  1.26E-06  6.36E-13  0.00
 7196 3.5980E+07    4 17991     184   1.0  2.45E-07  1.26E-06  2.55E-12  0.00
 7197 3.5985E+07    4 17993     184   1.0  2.44E-07  1.26E-06  1.68E-14  0.00
 7198 3.5990E+07    4 17996     184   1.0  2.44E-07  1.26E-06  5.74E-13  0.00
 7199 3.5995E+07    4 17998     184   1.0  2.44E-07  1.26E-06  2.98E-13  0.00
 7200 3.6000E+07    4 18001     184   1.0  2.44E-07  1.26E-06  5.23E-13  0.00
 7201 3.6005E+07    4 18003     184   1.0  2.44E-07  1.26E-06  2.96E-12  0.00
 7202 3.6010E+07    4 18006     184   1.0  2.44E-07  1.26E-06  6.49E-13  0.00
 7203 3.6015E+07    4 18008     184   1.0  2.44E-07  1.26E-06  2.23E-13  0.00
 7204 3.6020E+07    4 18011     184   1.0  2.44E-07  1.26E-06  2.92E-13  0.00
 7205 3.6025E+07    4 18013     184   1.0  2.44E-07  1.26E-06  9.50E-14  0.00
 7206 3.6030E+07    4 18016     184   1.0  2.43E-07  1.26E-06  2.24E-13  0.00
 7207 3.6035E+07    4 18018     184   1.0  2.43E-07  1.26E-06  4.41E-13  0.00
 7208 3.6040E+07    4 18021     184   1.0  2.43E-07  1.26E-06  1.70E-11  0.00
 7209 3.6045E+07    4 18023     184   1.0  2.43E-07  1.26E-06  3.90E-13  0.00
 7210 3.6050E+07    4 18026     184   1.0  2.43E-07  1.26E-06  1.30E-11  0.00
 7211 3.6055E+07    4 18028     184   1.0  2.43E-07  1.25E-06  4.22E-13  0.00
 7212 3.6060E+07    4 18031     184   1.0  2.43E-07  1.25E-06  6.72E-12  0.00
 7213 3.6065E+07    4 18033     184   1.0  2.43E-07  1.25E-06  4.07E-14  0.00
 7214 3.6070E+07    4 18036     184   1.0  2.43E-07  1.25E-06  6.13E-13  0.00
 7215 3.6075E+07    4 18038     184   1.0  2.42E-07  1.25E-06  6.06E-13  0.00
 7216 3.6080E+07    4 18041     184   1.0  2.42E-07  1.25E-06  6.67E-13  0.00
 7217 3.6085E+07    4 18043     184   1.0  2.42E-07  1.25E-06  6.43E-13  0.00
 7218 3.6090E+07    4 18046     184   1.0  2.42E-07  1.25E-06  1.79E-13  0.00
 7219 3.6095E+07    4 18048     184   1.0  2.42E-07  1.25E-06  4.74E-13  0.00
 7220 3.6100E+07    4 18051     184   1.0  2.42E-07  1.25E-06  9.77E-13  0.00
 7221 3.6105E+07    4 18053     184   1.0  2.42E-07  1.25E-06  2.55E-12  0.00
 7222 3.6110E+07    4 18056     184   1.0  2.42E-07  1.25E-06  3.68E-13  0.00
 7223 3.6115E+07    4 18058     184   1.0  2.42E-07  1.25E-06  8.03E-12  0.00
 7224 3.6120E+07    4 18061     184   1.0  2.41E-07  1.25E-06  1.11E-11  0.00
 7225 3.6125E+07    4 18063     184   1.0  2.41E-07  1.25E-06  2.26E-12  0.00
 7226 3.6130E+07    4 18066     184   1.0  2.41E-07  1.25E-06  1.47E-13  0.00
 7227 3.6135E+07    4 18068     184   1.0  2.41E-07  1.25E-06  2.47E-12  0.00
 7228 3.6140E+07    4 18071     184   1.0  2.41E-07  1.25E-06  1.27E-12  0.00
 7229 3.6145E+07    4 18073     184   1.0  2.41E-07  1.25E-06  1.09E-12  0.00
 7230 3.6150E+07    4 18076     184   1.0  2.41E-07  1.25E-06  3.41E-12  0.00
 7231 3.6155E+07    4 18078     184   1.0  2.41E-07  1.25E-06  6.33E-12  0.00
 7232 3.6160E+07    4 18081     184   1.0  2.41E-07  1.25E-06  4.08E-13  0.00
 7233 3.6165E+07    4 18083     184   1.0  2.40E-07  1.25E-06  3.19E-12  0.00
 7234 3.6170E+07    4 18086     184   1.0  2.40E-07  1.25E-06  1.41E-13  0.00
 7235 3.6175E+07    4 18088     184   1.0  2.40E-07  1.24E-06  2.32E-13  0.00
 7236 3.6180E+07    4 18091     184   1.0  2.40E-07  1.24E-06  3.59E-12  0.00
 7237 3.6185E+07    4 18093     184   1.0  2.40E-07  1.24E-06  4.35E-13  0.00
 7238 3.6190E+07    4 18096     184   1.0  2.40E-07  1.24E-06  6.49E-13  0.00
 7239 3.6195E+07    4 18098     184   1.0  2.40E-07  1.24E-06  1.05E-11  0.00
 7240 3.6200E+07    4 18101     184   1.0  2.40E-07  1.24E-06  2.05E-13  0.00
 7241 3.6205E+07    4 18103     184   1.0  2.39E-07  1.24E-06  9.32E-13  0.00
 7242 3.6210E+07    4 18106     184   1.0  2.39E-07  1.24E-06  1.63E-14  0.00
 7243 3.6215E+07    4 18108     184   1.0  2.39E-07  1.24E-06  4.24E-13  0.00
 7244 3.6220E+07    4 18111     184   1.0  2.39E-07  1.24E-06  1.76E-12  0.00
 7245 3.6225E+07    4 18113     184   1.0  2.39E-07  1.24E-06  3.67E-12  0.00
 7246 3.6230E+07    4 18116     184   1.0  2.39E-07  1.23E-06  1.31E-12  0.00
 7247 3.6235E+07    4 18118     184   1.0  2.39E-07  1.23E-06  4.34E-12  0.00
 7248 3.6240E+07    4 18121     184   1.0  2.39E-07  1.23E-06  7.24E-15  0.00
 7249 3.6245E+07    4 18123     184   1.0  2.39E-07  1.23E-06  1.01E-11  0.00
 7250 3.6250E+07    4 18126     184   1.0  2.39E-07  1.23E-06  4.64E-13  0.00
 7251 3.6255E+07    4 18128     184   1.0  2.38E-07  1.23E-06  9.09E-13  0.00
 7252 3.6260E+07    4 18131     184   1.0  2.38E-07  1.23E-06  1.45E-12  0.00
 7253 3.6265E+07    4 18133     184   1.0  2.45E-07  1.30E-06  7.04E-13  0.00
 7254 3.6270E+07    4 18136     184   1.0  2.76E-07  1.59E-06  7.31E-12  0.00
 7255 3.6275E+07    4 18138     184   1.0  2.76E-07  1.59E-06  2.03E-13  0.00
 7256 3.6280E+07    4 18141     184   1.0  2.76E-07  1.59E-06  4.41E-13  0.00
 7257 3.6285E+07    4 18143     184   1.0  2.76E-07  1.59E-06  8.20E-13  0.00
 7258 3.6290E+07    4 18146     184   1.0  2.76E-07  1.59E-06  1.18E-12  0.00
 7259 3.6295E+07    4 18148     184   1.0  2.76E-07  1.59E-06  2.61E-13  0.00
 7260 3.6300E+07    4 18151     184   1.0  2.76E-07  1.59E-06  8.41E-13  0.00
 7261 3.6305E+07    4 18153     184   1.0  2.75E-07  1.59E-06  2.64E-11  0.00
 7262 3.6310E+07    4 18156     184   1.0  2.75E-07  1.59E-06  8.25E-14  0.00
 7263 3.6315E+07    4 18158     184   1.0  2.75E-07  1.59E-06  6.96E-12  0.00
 7264 3.6320E+07    4 18161     184   1.0  2.75E-07  1.59E-06  1.01E-12  0.00
 7265 3.6325E+07    4 18163     184   1.0  2.75E-07  1.59E-06  6.04E-13  0.00
 7266 3.6330E+07    4 18166     184   1.0  2.75E-07  1.59E-06  1.34E-11  0.00
 7267 3.6335E+07    4 18168     184   1.0  2.75E-07  1.59E-06  1.24E-10  0.00
 7268 3.6340E+07    4 18171     184   1.0  2.75E-07  1.59E-06  1.43E-12  0.00
 7269 3.6345E+07    4 18173     184   1.0  2.75E-07  1.59E-06  2.52E-12  0.00
 7270 3.6350E+07    4 18176     184   1.0  2.75E-07  1.59E-06  1.13E-12  0.00
 7271 3.6355E+07    4 18178     184   1.0  2.75E-07  1.59E-06  1.14E-11  0.00
 7272 3.6360E+07    4 18181     184   1.0  2.75E-07  1.59E-06  1.17E-11  0.00
 7273 3.6365E+07    4 18183     184   1.0  2.75E-07  1.59E-06  4.99E-13  0.00
 7274 3.6370E+07    4 18186     184   1.0  2.75E-07  1.59E-06  9.93E-14  0.00
 7275 3.6375E+07    4 18188     184   1.0  2.75E-07  1.59E-06  1.17E-13  0.00
 7276 3.6380E+07    4 18191     184   1.0  2.75E-07  1.59E-06  6.93E-13  0.00
 7277 3.6385E+07    4 18193     184   1.0  2.74E-07  1.59E-06  4.96E-13  0.00
 7278 3.6390E+07    4 18196     184   1.0  2.74E-07  1.59E-06  1.01E-13  0.00
 7279 3.6395E+07    4 18198     184   1.0  2.63E-07  1.50E-06  3.52E-13  0.00
 7280 3.6400E+07    4 18201     184   1.0  2.61E-07  1.48E-06  1.11E-09  0.00
 7281 3.6405E+07    4 18203     184   1.0  2.61E-07  1.48E-06  7.49E-14  0.00
 7282 3.6410E+07    4 18206     184   1.0  2.61E-07  1.48E-06  7.99E-13  0.00
 7283 3.6415E+07    4 18208     184   1.0  2.61E-07  1.48E-06  2.62E-13  0.00
 7284 3.6420E+07    4 18211     184   1.0  2.61E-07  1.48E-06  1.02E-12  0.00
 7285 3.6425E+07    4 18213     184   1.0  2.61E-07  1.48E-06  2.83E-13  0.00
 7286 3.6430E+07    4 18216     184   1.0  2.61E-07  1.48E-06  2.77E-12  0.00
 7287 3.6435E+07    4 18218     184   1.0  2.61E-07  1.48E-06  6.87E-13  0.00
 7288 3.6440E+07    4 18221     184   1.0  2.61E-07  1.48E-06  1.18E-14  0.00
 7289 3.6445E+07    4 18223     184   1.0  2.61E-07  1.48E-06  4.13E-13  0.00
 7290 3.6450E+07    4 18226     184   1.0  2.60E-07  1.48E-06  7.98E-12  0.00
 7291 3.6455E+07    4 18228     184   1.0  2.60E-07  1.48E-06  1.81E-14  0.00
 7292 3.6460E+07    4 18231     184   1.0  2.60E-07  1.48E-06  1.73E-13  0.00
 7293 3.6465E+07    4 18233     184   1.0  2.60E-07  1.48E-06  3.01E-11  0.00
 7294 3.6470E+07    4 18236     184   1.0  2.60E-07  1.48E-06  1.15E-13  0.00
 7295 3.6475E+07    4 18238     184   1.0  2.60E-07  1.48E-06  5.60E-12  0.00
 7296 3.6480E+07    4 18241     184   1.0  2.60E-07  1.48E-06  1.25E-12  0.00
 7297 3.6485E+07    4 18243     184   1.0  2.60E-07  1.48E-06  7.85E-12  0.00
 7298 3.6490E+07    4 18246     184   1.0  2.60E-07  1.48E-06  5.37E-13  0.00
 7299 3.6495E+07    4 18248     184   1.0  2.60E-07  1.48E-06  8.12E-13  0.00
 7300 3.6500E+07    4 18251     184   1.0  2.60E-07  1.48E-06  7.90E-13  0.00
 7301 3.6505E+07    4 18253     184   1.0  2.60E-07  1.48E-06  9.81E-13  0.00
 7302 3.6510E+07    4 18256     184   1.0  2.60E-07  1.48E-06  1.23E-12  0.00
 7303 3.6515E+07    4 18258     184   1.0  2.60E-07  1.48E-06  2.90E-13  0.00
 7304 3.6520E+07    4 18261     184   1.0  2.60E-07  1.48E-06  4.22E-13  0.00
 7305 3.6525E+07    4 18263     184   1.0  2.59E-07  1.48E-06  1.64E-12  0.00
 7306 3.6530E+07    4 18266     184   1.0  2.59E-07  1.48E-06  4.16E-14  0.00
 7307 3.6535E+07    4 18268     184   1.0  2.59E-07  1.48E-06  3.77E-12  0.00
 7308 3.6540E+07    4 18271     184   1.0  2.59E-07  1.48E-06  3.54E-12  0.00
 7309 3.6545E+07    4 18273     184   1.0  2.59E-07  1.48E-06  9.41E-13  0.00
 7310 3.6550E+07    4 18276     184   1.0  2.59E-07  1.48E-06  1.05E-13  0.00
 7311 3.6555E+07    4 18278     184   1.0  2.76E-07  1.56E-06  2.00E-12  0.00
 7312 3.6560E+07    4 18281     184   1.0  2.82E-07  1.59E-06  1.06E-13  0.00
 7313 3.6565E+07    4 18283     184   1.0  2.82E-07  1.59E-06  4.77E-13  0.00
 7314 3.6570E+07    4 18286     184   1.0  2.82E-07  1.59E-06  4.53E-12  0.00
 7315 3.6575E+07    4 18288     184   1.0  2.82E-07  1.59E-06  3.75E-12  0.00
 7316 3.6580E+07    4 18291     184   1.0  2.82E-07  1.59E-06  8.37E-13  0.00
 7317 3.6585E+07    4 18293     184   1.0  2.82E-07  1.59E-06  9.31E-13  0.00
 7318 3.6590E+07    4 18296     184   1.0  2.82E-07  1.58E-06  4.29E-12  0.00
 7319 3.6595E+07    4 18298     184   1.0  2.81E-07  1.58E-06  8.83E-12  0.00
 7320 3.6600E+07    4 18301     184   1.0  2.81E-07  1.58E-06  2.19E-12  0.00
 7321 3.6605E+07    4 18303     184   1.0  2.81E-07  1.58E-06  6.57E-13  0.00
 7322 3.6610E+07    4 18306     184   1.0  2.81E-07  1.58E-06  3.31E-12  0.00
 7323 3.6615E+07    4 18308     184   1.0  2.81E-07  1.58E-06  3.42E-13  0.00
 7324 3.6620E+07    4 18311     184   1.0  2.71E-07  1.53E-06  1.75E-11  0.00
 7325 3.6625E+07    4 18313     184   1.0  1.96E-07  1.13E-06  1.06E-11  0.00
 7326 3.6630E+07    4 18316     184   1.0  1.96E-07  1.13E-06  3.91E-13  0.00
 7327 3.6635E+07    4 18318     184   1.0  1.96E-07  1.13E-06  1.27E-12  0.00
 7328 3.6640E+07    4 18321     184   1.0  1.96E-07  1.13E-06  2.04E-13  0.00
 7329 3.6645E+07    4 18323     184   1.0  1.96E-07  1.13E-06  4.09E-13  0.00
 7330 3.6650E+07    4 18326     184   1.0  1.96E-07  1.13E-06  9.76E-14  0.00
 7331 3.6655E+07    4 18328     184   1.0  1.96E-07  1.13E-06  7.78E-13  0.00
 7332 3.6660E+07    4 18331     184   1.0  1.96E-07  1.13E-06  1.16E-13  0.00
 7333 3.6665E+07    4 18333     184   1.0  1.96E-07  1.13E-06  1.33E-13  0.00
 7334 3.6670E+07    4 18336     184   1.0  1.96E-07  1.13E-06  3.64E-13  0.00
 7335 3.6675E+07    4 18338     184   1.0  1.96E-07  1.13E-06  4.18E-13  0.00
 7336 3.6680E+07    4 18341     184   1.0  1.96E-07  1.13E-06  1.68E-11  0.00
 7337 3.6685E+07    4 18343     184   1.0  1.96E-07  1.13E-06  1.72E-13  0.00
 7338 3.6690E+07    4 18346     184   1.0  1.96E-07  1.13E-06  2.68E-14  0.00
 7339 3.6695E+07    4 18348     184   1.0  1.96E-07  1.12E-06  1.24E-12  0.00
 7340 3.6700E+07    4 18351     184   1.0  1.96E-07  1.12E-06  2.74E-13  0.00
 7341 3.6705E+07    4 18353     184   1.0  1.95E-07  1.12E-06  3.20E-13  0.00
 7342 3.6710E+07    4 18356     184   1.0  1.95E-07  1.12E-06  4.91E-13  0.00
 7343 3.6715E+07    4 18358     184   1.0  1.95E-07  1.12E-06  4.88E-14  0.00
 7344 3.6720E+07    4 18361     184   1.0  1.85E-07  1.07E-06  2.20E-12  0.00
 7345 3.6725E+07    4 18363     184   1.0  1.74E-07  1.00E-06  2.42E-10  0.00
 7346 3.6730E+07    4 18366     184   1.0  1.74E-07  1.00E-06  1.98E-12  0.00
 7347 3.6735E+07    4 18368     184   1.0  1.74E-07  1.00E-06  1.30E-12  0.00
 7348 3.6740E+07    4 18371     184   1.0  1.74E-07  1.00E-06  1.72E-13  0.00
 7349 3.6745E+07    4 18373     184   1.0  1.73E-07  1.00E-06  5.29E-13  0.00
 7350 3.6750E+07    4 18376     184   1.0  1.73E-07  1.00E-06  5.73E-13  0.00
 7351 3.6755E+07    4 18378     184   1.0  1.73E-07  1.00E-06  1.78E-12  0.00
 7352 3.6760E+07    4 18381     184   1.0  1.73E-07  1.00E-06  1.18E-11  0.00
 7353 3.6765E+07    4 18383     184   1.0  1.73E-07  1.00E-06  3.53E-13  0.00
 7354 3.6770E+07    4 18386     184   1.0  1.73E-07  1.00E-06  3.06E-12  0.00
 7355 3.6775E+07    4 18388     184   1.0  1.73E-07  1.00E-06  1.07E-13  0.00
 7356 3.6780E+07    4 18391     184   1.0  1.73E-07  1.00E-06  7.40E-13  0.00
 7357 3.6785E+07    4 18393     184   1.0  1.73E-07  1.00E-06  1.37E-12  0.00
 7358 3.6790E+07    4 18396     184   1.0  1.73E-07  1.00E-06  2.07E-13  0.00
 7359 3.6795E+07    4 18398     184   1.0  1.73E-07  1.00E-06  9.39E-14  0.00
 7360 3.6800E+07    4 18401     184   1.0  1.73E-07  1.00E-06  7.66E-13  0.00
 7361 3.6805E+07    4 18403     184   1.0  1.73E-07  1.00E-06  1.31E-11  0.00
 7362 3.6810E+07    4 18406     184   1.0  1.73E-07  1.00E-06  1.14E-12  0.00
 7363 3.6815E+07    4 18408     184   1.0  1.73E-07  1.00E-06  5.99E-14  0.00
 7364 3.6820E+07    4 18411     184   1.0  1.73E-07  1.00E-06  6.49E-14  0.00
 7365 3.6825E+07    4 18413     184   1.0  1.73E-07  9.99E-07  1.55E-12  0.00
 7366 3.6830E+07    4 18416     184   1.0  1.73E-07  9.99E-07  2.04E-12  0.00
 7367 3.6835E+07    4 18418     184   1.0  1.73E-07  9.99E-07  1.25E-13  0.00
 7368 3.6840E+07    4 18421     184   1.0  1.73E-07  9.99E-07  5.88E-13  0.00
 7369 3.6845E+07    4 18423     184   1.0  1.87E-07  1.10E-06  6.55E-12  0.00
 7370 3.6850E+07    4 18426     184   1.0  1.99E-07  1.19E-06  1.62E-12  0.00
 7371 3.6855E+07    4 18428     184   1.0  1.99E-07  1.19E-06  4.09E-12  0.00
 7372 3.6860E+07    4 18431     184   1.0  1.99E-07  1.19E-06  2.23E-13  0.00
 7373 3.6865E+07    4 18433     184   1.0  1.99E-07  1.19E-06  1.26E-12  0.00
 7374 3.6870E+07    4 18436     184   1.0  1.99E-07  1.19E-06  1.92E-13  0.00
 7375 3.6875E+07    4 18438     184   1.0  1.99E-07  1.19E-06  4.01E-12  0.00
 7376 3.6880E+07    4 18441     184   1.0  1.99E-07  1.19E-06  2.21E-12  0.00
 7377 3.6885E+07    4 18443     184   1.0  1.97E-07  1.18E-06  1.84E-12  0.00
 7378 3.6890E+07    4 18446     184   1.0  1.92E-07  1.15E-06  1.23E-12  0.00
 7379 3.6895E+07    4 18448     184   1.0  1.89E-07  1.13E-06  2.01E-13  0.00
 7380 3.6900E+07    4 18451     184   1.0  1.89E-07  1.13E-06  6.38E-15  0.00
 7381 3.6905E+07    4 18453     184   1.0  1.89E-07  1.13E-06  3.64E-14  0.00
 7382 3.6910E+07    4 18456     184   1.0  1.89E-07  1.13E-06  7.15E-12  0.00
 7383 3.6915E+07    4 18458     184   1.0  1.89E-07  1.13E-06  5.61E-13  0.00
 7384 3.6920E+07    4 18461     184   1.0  1.89E-07  1.13E-06  1.11E-11  0.00
 7385 3.6925E+07    4 18463     184   1.0  1.89E-07  1.13E-06  2.20E-13  0.00
 7386 3.6930E+07    4 18466     184   1.0  1.91E-07  1.14E-06  7.23E-11  0.00
 7387 3.6935E+07    4 18468     184   1.0  2.65E-07  1.48E-06  3.02E-12  0.00
 7388 3.6940E+07    4 18471     184   1.0  2.74E-07  1.52E-06  1.96E-12  0.00
 7389 3.6945E+07    4 18473     184   1.0  2.74E-07  1.52E-06  9.06E-14  0.00
 7390 3.6950E+07    4 18476     184   1.0  2.74E-07  1.52E-06  1.29E-14  0.00
 7391 3.6955E+07    4 18478     184   1.0  2.74E-07  1.53E-06  7.15E-11  0.00
 7392 3.6960E+07    4 18481     184   1.0  2.99E-07  1.69E-06  4.61E-12  0.00
 7393 3.6965E+07    4 18483     184   1.0  2.99E-07  1.69E-06  3.55E-13  0.00
 7394 3.6970E+07    4 18486     184   1.0  2.98E-07  1.69E-06  2.66E-12  0.00
 7395 3.6975E+07    4 18488     184   1.0  2.98E-07  1.69E-06  1.52E-12  0.00
 7396 3.6980E+07    4 18491     184   1.0  2.98E-07  1.69E-06  8.26E-13  0.00
 7397 3.6985E+07    4 18493     184   1.0  2.98E-07  1.69E-06  1.04E-12  0.00
 7398 3.6990E+07    4 18496     184   1.0  2.98E-07  1.69E-06  6.00E-13  0.00
 7399 3.6995E+07    4 18498     184   1.0  2.98E-07  1.69E-06  1.05E-09  0.00
 7400 3.7000E+07    4 18501     184   1.0  2.97E-07  1.68E-06  3.18E-13  0.00
 7401 3.7005E+07    4 18503     184   1.0  2.97E-07  1.68E-06  7.06E-13  0.00
 7402 3.7010E+07    4 18506     184   1.0  2.44E-07  1.36E-06  3.24E-12  0.00
 7403 3.7015E+07    4 18508     184   1.0  2.28E-07  1.28E-06  6.37E-13  0.00
 7404 3.7020E+07    4 18511     184   1.0  2.28E-07  1.28E-06  1.02E-13  0.00
 7405 3.7025E+07    4 18513     184   1.0  2.28E-07  1.28E-06  5.33E-13  0.00
 7406 3.7030E+07    4 18516     184   1.0  2.28E-07  1.28E-06  1.42E-12  0.00
 7407 3.7035E+07    4 18518     184   1.0  2.28E-07  1.28E-06  2.22E-12  0.00
 7408 3.7040E+07    4 18521     184   1.0  2.28E-07  1.28E-06  9.68E-12  0.00
 7409 3.7045E+07    4 18523     184   1.0  2.28E-07  1.28E-06  7.86E-14  0.00
 7410 3.7050E+07    4 18526     184   1.0  2.28E-07  1.28E-06  1.60E-11  0.00
 7411 3.7055E+07    4 18528     184   1.0  2.28E-07  1.28E-06  1.06E-11  0.00
 7412 3.7060E+07    4 18531     184   1.0  2.28E-07  1.28E-06  5.15E-14  0.00
 7413 3.7065E+07    4 18533     184   1.0  2.28E-07  1.28E-06  1.20E-11  0.00
 7414 3.7070E+07    4 18536     184   1.0  2.28E-07  1.28E-06  1.02E-11  0.00
 7415 3.7075E+07    4 18538     183   1.0  2.28E-07  1.28E-06  3.35E-13  0.00
 7416 3.7080E+07    4 18541     183   1.0  2.28E-07  1.28E-06  1.28E-12  0.00
 7417 3.7085E+07    4 18543     183   1.0  2.54E-07  1.40E-06  1.61E-12  0.00
 7418 3.7090E+07    4 18546     183   1.0  2.86E-07  1.56E-06  2.66E-14  0.00
 7419 3.7095E+07    4 18548     183   1.0  2.86E-07  1.56E-06  1.89E-14  0.00
 7420 3.7100E+07    4 18551     183   1.0  2.86E-07  1.56E-06  8.59E-12  0.00
 7421 3.7105E+07    4 18553     183   1.0  2.86E-07  1.56E-06  2.68E-13  0.00
 7422 3.7110E+07    4 18556     183   1.0  2.86E-07  1.55E-06  4.67E-12  0.00
 7423 3.7115E+07    4 18558     183   1.0  2.86E-07  1.55E-06  1.57E-12  0.00
 7424 3.7120E+07    4 18561     183   1.0  2.86E-07  1.55E-06  3.22E-13  0.00
 7425 3.7125E+07    4 18563     183   1.0  2.86E-07  1.55E-06  2.92E-12  0.00
 7426 3.7130E+07    4 18566     183   1.0  2.86E-07  1.55E-06  7.10E-13  0.00
 7427 3.7135E+07    4 18568     183   1.0  2.85E-07  1.55E-06  1.80E-11  0.00
 7428 3.7140E+07    4 18571     183   1.0  2.85E-07  1.55E-06  4.59E-13  0.00
 7429 3.7145E+07    4 18573     183   1.0  2.85E-07  1.55E-06  4.36E-11  0.00
 7430 3.7150E+07    4 18576     183   1.0  2.85E-07  1.55E-06  1.59E-13  0.00
 7431 3.7155E+07    4 18578     183   1.0  2.85E-07  1.55E-06  7.31E-13  0.00
 7432 3.7160E+07    4 18581     183   1.0  2.85E-07  1.55E-06  4.81E-12  0.00
 7433 3.7165E+07    4 18583     183   1.0  2.85E-07  1.55E-06  6.38E-13  0.00
 7434 3.7170E+07    4 18586     183   1.0  2.85E-07  1.55E-06  4.94E-13  0.00
 7435 3.7175E+07    4 18588     183   1.0  2.85E-07  1.55E-06  7.86E-13  0.00
 7436 3.7180E+07    4 18591     183   1.0  2.85E-07  1.55E-06  2.09E-13  0.00
 7437 3.7185E+07    4 18593     183   1.0  2.84E-07  1.55E-06  1.82E-13  0.00
 7438 3.7190E+07    4 18596     183   1.0  2.84E-07  1.55E-06  1.32E-12  0.00
 7439 3.7195E+07    4 18598     183   1.0  2.84E-07  1.55E-06  1.68E-13  0.00
 7440 3.7200E+07    4 18601     183   1.0  2.84E-07  1.55E-06  9.95E-14  0.00
 7441 3.7205E+07    4 18603     183   1.0  2.84E-07  1.55E-06  4.00E-12  0.00
 7442 3.7210E+07    4 18606     183   1.0  3.70E-07  2.22E-06  3.77E-11  0.00
 7443 3.7215E+07    4 18608     183   1.0  4.03E-07  2.46E-06  1.84E-12  0.00
 7444 3.7220E+07    4 18611     183   1.0  4.03E-07  2.46E-06  4.09E-13  0.00
 7445 3.7225E+07    4 18613     183   1.0  4.03E-07  2.46E-06  2.48E-11  0.00
 7446 3.7230E+07    4 18616     183   1.0  4.02E-07  2.46E-06  2.29E-13  0.00
 7447 3.7235E+07    4 18618     183   1.0  4.02E-07  2.46E-06  3.94E-13  0.00
 7448 3.7240E+07    4 18621     183   1.0  4.02E-07  2.45E-06  8.17E-14  0.00
 7449 3.7245E+07    4 18623     183   1.0  4.02E-07  2.45E-06  9.58E-14  0.00
 7450 3.7250E+07    4 18626     183   1.0  4.01E-07  2.45E-06  4.12E-14  0.00
 7451 3.7255E+07    4 18628     183   1.0  4.01E-07  2.45E-06  1.55E-15  0.00
 7452 3.7260E+07    4 18631     183   1.0  4.01E-07  2.45E-06  3.46E-13  0.00
 7453 3.7265E+07    4 18633     183   1.0  3.94E-07  2.38E-06  4.56E-10  0.00
 7454 3.7270E+07    4 18636     183   1.0  2.30E-07  1.58E-06  3.76E-11  0.00
 7455 3.7275E+07    4 18638     183   1.0  2.30E-07  1.58E-06  2.51E-12  0.00
 7456 3.7280E+07    4 18641     183   1.0  2.30E-07  1.58E-06  4.75E-12  0.00
 7457 3.7285E+07    4 18643     183   1.0  2.30E-07  1.58E-06  7.97E-13  0.00
 7458 3.7290E+07    4 18646     183   1.0  2.30E-07  1.58E-06  4.68E-14  0.00
 7459 3.7295E+07    4 18648     183   1.0  2.22E-07  1.51E-06  8.01E-12  0.00
 7460 3.7300E+07    4 18651     183   1.0  1.49E-07  9.59E-07  1.41E-13  0.00
 7461 3.7305E+07    4 18653     183   1.0  1.49E-07  9.59E-07  8.86E-13  0.00
 7462 3.7310E+07    4 18656     183   1.0  1.49E-07  9.59E-07  4.02E-12  0.00
 7463 3.7315E+07    4 18658     183   1.0  1.49E-07  9.60E-07  5.17E-13  0.00
 7464 3.7320E+07    4 18661     183   1.0  1.49E-07  9.60E-07  2.50E-13  0.00
 7465 3.7325E+07    4 18663     183   1.0  1.49E-07  9.60E-07  7.16E-13  0.00
 7466 3.7330E+07    4 18666     183   1.0  1.49E-07  9.60E-07  2.17E-13  0.00
 7467 3.7335E+07    4 18668     183   1.0  1.50E-07  9.61E-07  2.06E-12  0.00
 7468 3.7340E+07    4 18671     183   1.0  1.50E-07  9.61E-07  6.16E-12  0.00
 7469 3.7345E+07    4 18673     183   1.0  1.50E-07  9.61E-07  2.84E-11  0.00
 7470 3.7350E+07    4 18676     183   1.0  1.50E-07  9.61E-07  5.76E-13  0.00
 7471 3.7355E+07    4 18678     183   1.0  1.50E-07  9.61E-07  2.60E-12  0.00
 7472 3.7360E+07    4 18681     183   1.0  1.50E-07  9.62E-07  1.49E-13  0.00
 7473 3.7365E+07    4 18683     183   1.0  1.50E-07  9.62E-07  9.83E-13  0.00
 7474 3.7370E+07    4 18686     183   1.0  1.50E-07  9.62E-07  3.30E-12  0.00
 7475 3.7375E+07    4 18688     183   1.0  1.50E-07  9.62E-07  8.80E-12  0.00
 7476 3.7380E+07    4 18691     183   1.0  1.50E-07  9.63E-07  6.72E-13  0.00
 7477 3.7385E+07    4 18693     183   1.0  1.50E-07  9.63E-07  1.27E-12  0.00
 7478 3.7390E+07    4 18696     183   1.0  1.50E-07  9.63E-07  5.88E-12  0.00
 7479 3.7395E+07    4 18698     183   1.0  1.50E-07  9.63E-07  5.90E-12  0.00
 7480 3.7400E+07    4 18701     183   1.0  1.50E-07  9.63E-07  7.66E-13  0.00
 7481 3.7405E+07    4 18703     183   1.0  1.50E-07  9.64E-07  1.75E-12  0.00
 7482 3.7410E+07    4 18706     183   1.0  1.50E-07  9.64E-07  6.87E-12  0.00
 7483 3.7415E+07    4 18708     183   1.0  1.50E-07  9.64E-07  5.56E-14  0.00
 7484 3.7420E+07    4 18711     183   1.0  1.50E-07  9.64E-07  2.00E-13  0.00
 7485 3.7425E+07    4 18713     183   1.0  1.50E-07  9.64E-07  3.47E-12  0.00
 7486 3.7430E+07    4 18716     183   1.0  1.50E-07  9.65E-07  6.37E-13  0.00
 7487 3.7435E+07    4 18718     183   1.0  1.50E-07  9.65E-07  4.83E-13  0.00
 7488 3.7440E+07    4 18721     183   1.0  1.50E-07  9.65E-07  1.20E-12  0.00
 7489 3.7445E+07    4 18723     183   1.0  1.50E-07  9.65E-07  1.73E-13  0.00
 7490 3.7450E+07    4 18726     183   1.0  1.50E-07  9.66E-07  7.48E-13  0.00
 7491 3.7455E+07    4 18728     183   1.0  1.50E-07  9.66E-07  3.81E-13  0.00
 7492 3.7460E+07    4 18731     183   1.0  1.50E-07  9.66E-07  3.70E-12  0.00
 7493 3.7465E+07    4 18733     183   1.0  1.50E-07  9.66E-07  5.96E-13  0.00
 7494 3.7470E+07    4 18736     183   1.0  1.50E-07  9.66E-07  3.28E-14  0.00
 7495 3.7475E+07    4 18738     183   1.0  1.50E-07  9.67E-07  6.58E-12  0.00
 7496 3.7480E+07    4 18741     183   1.0  1.65E-07  1.06E-06  3.92E-11  0.00
 7497 3.7485E+07    4 18743     183   1.0  1.69E-07  1.09E-06  3.35E-13  0.00
 7498 3.7490E+07    4 18746     183   1.0  1.69E-07  1.09E-06  1.32E-13  0.00
 7499 3.7495E+07    4 18748     183   1.0  1.69E-07  1.09E-06  2.83E-12  0.00
 7500 3.7500E+07    4 18751     183   1.0  1.69E-07  1.09E-06  3.53E-13  0.00
 7501 3.7505E+07    4 18753     183   1.0  1.69E-07  1.09E-06  1.52E-11  0.00
 7502 3.7510E+07    4 18756     183   1.0  1.69E-07  1.09E-06  7.64E-12  0.00
 7503 3.7515E+07    4 18758     183   1.0  1.69E-07  1.09E-06  1.34E-12  0.00
 7504 3.7520E+07    4 18761     183   1.0  1.69E-07  1.09E-06  1.21E-12  0.00
 7505 3.7525E+07    4 18763     183   1.0  1.69E-07  1.09E-06  1.49E-12  0.00
 7506 3.7530E+07    4 18766     183   1.0  1.69E-07  1.09E-06  2.25E-12  0.00
 7507 3.7535E+07    4 18768     183   1.0  1.69E-07  1.09E-06  2.47E-12  0.00
 7508 3.7540E+07    4 18771     183   1.0  1.69E-07  1.09E-06  3.06E-12  0.00
 7509 3.7545E+07    4 18773     183   1.0  1.69E-07  1.09E-06  1.18E-12  0.00
 7510 3.7550E+07    4 18776     183   1.0  1.69E-07  1.09E-06  1.79E-12  0.00
 7511 3.7555E+07    4 18778     183   1.0  1.69E-07  1.09E-06  7.43E-13  0.00
 7512 3.7560E+07    4 18781     183   1.0  1.69E-07  1.09E-06  6.68E-13  0.00
 7513 3.7565E+07    4 18783     183   1.0  1.69E-07  1.09E-06  2.96E-13  0.00
 7514 3.7570E+07    4 18786     183   1.0  1.69E-07  1.09E-06  4.02E-13  0.00
 7515 3.7575E+07    4 18788     183   1.0  1.69E-07  1.09E-06  8.22E-12  0.00
 7516 3.7580E+07    4 18791     183   1.0  1.70E-07  1.09E-06  2.22E-12  0.00
 7517 3.7585E+07    4 18793     183   1.0  1.70E-07  1.09E-06  8.10E-13  0.00
 7518 3.7590E+07    4 18796     183   1.0  1.70E-07  1.09E-06  4.73E-13  0.00
 7519 3.7595E+07    4 18798     183   1.0  1.70E-07  1.09E-06  3.76E-13  0.00
 7520 3.7600E+07    4 18801     183   1.0  1.70E-07  1.09E-06  1.31E-11  0.00
 7521 3.7605E+07    4 18803     183   1.0  1.70E-07  1.09E-06  3.89E-13  0.00
 7522 3.7610E+07    4 18806     183   1.0  1.70E-07  1.09E-06  2.33E-12  0.00
 7523 3.7615E+07    4 18808     183   1.0  1.70E-07  1.09E-06  1.13E-13  0.00
 7524 3.7620E+07    4 18811     183   1.0  1.70E-07  1.09E-06  1.53E-13  0.00
 7525 3.7625E+07    4 18813     183   1.0  1.70E-07  1.09E-06  2.52E-11  0.00
 7526 3.7630E+07    4 18816     183   1.0  1.70E-07  1.09E-06  1.42E-13  0.00
 7527 3.7635E+07    4 18818     183   1.0  1.70E-07  1.10E-06  3.61E-12  0.00
 7528 3.7640E+07    4 18821     183   1.0  1.70E-07  1.10E-06  9.20E-13  0.00
 7529 3.7645E+07    4 18823     183   1.0  1.70E-07  1.10E-06  4.98E-12  0.00
 7530 3.7650E+07    4 18826     183   1.0  1.70E-07  1.10E-06  7.44E-13  0.00
 7531 3.7655E+07    4 18828     183   1.0  1.70E-07  1.10E-06  1.80E-12  0.00
 7532 3.7660E+07    4 18831     183   1.0  1.70E-07  1.10E-06  2.46E-13  0.00
 7533 3.7665E+07    4 18833     183   1.0  1.70E-07  1.10E-06  3.44E-12  0.00
 7534 3.7670E+07    4 18836     183   1.0  8.18E-07  5.69E-06  4.38E-09  0.00
 7535 3.7675E+07    4 18838     183   1.0  7.94E-06  5.29E-05  1.96E-08  0.00
 7536 3.7680E+07    4 18841     184   1.0  9.76E-06  6.12E-05  2.29E-08  0.00
 7537 3.7685E+07    4 18843     184   1.0  2.51E-06  1.56E-05  4.33E-08  0.00
 7538 3.7690E+07    4 18846     184   1.0  2.26E-06  1.40E-05  2.97E-09  0.00
 7539 3.7695E+07    4 18848     184   1.0  2.17E-06  1.35E-05  1.12E-07  0.00
 7540 3.7700E+07    4 18851     184   1.0  1.95E-06  1.21E-05  3.05E-09  0.00
 7541 3.7705E+07    4 18853     184   1.0  1.69E-06  1.04E-05  1.30E-08  0.00
 7542 3.7710E+07    4 18856     184   1.0  1.66E-06  1.03E-05  2.43E-08  0.00
 7543 3.7715E+07    4 18858     184   1.0  1.64E-06  1.01E-05  1.04E-08  0.00
 7544 3.7720E+07    4 18861     184   1.0  1.62E-06  9.99E-06  4.41E-08  0.00
 7545 3.7725E+07    4 18863     184   1.0  1.61E-06  9.86E-06  7.36E-09  0.00
 7546 3.7730E+07    4 18866     184   1.0  2.86E-06  1.57E-05  4.09E-10  0.00
 7547 3.7735E+07    4 18868     184   1.0  2.84E-06  1.44E-05  1.39E-10  0.00
 7548 3.7740E+07    4 18871     184   1.0  9.77E-07  4.88E-06  7.09E-12  0.00
 7549 3.7745E+07    4 18873     184   1.0  9.64E-07  4.81E-06  1.19E-12  0.00
 7550 3.7750E+07    4 18876     184   1.0  9.51E-07  4.75E-06  8.38E-13  0.00
 7551 3.7755E+07    4 18878     184   1.0  9.39E-07  4.69E-06  1.07E-12  0.00
 7552 3.7760E+07    4 18881     184   1.0  1.53E-06  7.62E-06  1.21E-09  0.00
 7553 3.7765E+07    4 18883     184   1.0  2.51E-06  1.28E-05  2.15E-11  0.00
 7554 3.7770E+07    4 18886     184   1.0  8.61E-07  4.56E-06  1.19E-10  0.00
 7555 3.7775E+07    4 18888     184   1.0  1.09E-06  5.73E-06  3.93E-12  0.00
 7556 3.7780E+07    4 18891     184   1.0  7.57E-06  3.10E-05  2.84E-11  0.00
 7557 3.7785E+07    4 18893     184   1.0  8.30E-08  4.77E-07  6.45E-13  0.00
 7558 3.7790E+07    4 18896     184   1.0  9.50E-08  5.56E-07  2.69E-12  0.00
 7559 3.7795E+07    4 18898     184   1.0  1.27E-07  7.54E-07  3.62E-13  0.00
 7560 3.7800E+07    4 18901     184   1.0  1.28E-07  7.58E-07  9.46E-14  0.00
 7561 3.7805E+07    4 18903     184   1.0  1.29E-07  7.64E-07  8.47E-14  0.00
 7562 3.7810E+07    4 18906     184   1.0  1.29E-07  7.64E-07  3.73E-13  0.00
 7563 3.7815E+07    4 18908     184   1.0  1.07E-07  6.46E-07  2.85E-13  0.00
 7564 3.7820E+07    4 18911     184   1.0  8.91E-08  5.50E-07  7.98E-14  0.00
 7565 3.7825E+07    4 18913     184   1.0  8.91E-08  5.50E-07  2.79E-13  0.00
 7566 3.7830E+07    4 18916     184   1.0  8.91E-08  5.50E-07  2.14E-13  0.00
 7567 3.7835E+07    4 18918     184   1.0  8.91E-08  5.50E-07  1.58E-12  0.00
 7568 3.7840E+07    4 18921     184   1.0  8.91E-08  5.50E-07  3.12E-13  0.00
 7569 3.7845E+07    4 18923     184   1.0  8.91E-08  5.50E-07  3.83E-13  0.00
 7570 3.7850E+07    4 18926     184   1.0  8.91E-08  5.50E-07  2.39E-12  0.00
 7571 3.7855E+07    4 18928     184   1.0  8.91E-08  5.50E-07  2.77E-12  0.00
 7572 3.7860E+07    4 18931     184   1.0  8.91E-08  5.50E-07  2.94E-12  0.00
 7573 3.7865E+07    4 18933     184   1.0  8.91E-08  5.50E-07  9.41E-13  0.00
 7574 3.7870E+07    4 18936     184   1.0  8.91E-08  5.50E-07  2.11E-12  0.00
 7575 3.7875E+07    4 18938     184   1.0  8.91E-08  5.50E-07  2.87E-12  0.00
 7576 3.7880E+07    4 18941     184   1.0  8.90E-08  5.50E-07  2.21E-12  0.00
 7577 3.7885E+07    4 18943     184   1.0  8.90E-08  5.50E-07  9.59E-13  0.00
 7578 3.7890E+07    4 18946     184   1.0  8.90E-08  5.50E-07  1.10E-12  0.00
 7579 3.7895E+07    4 18948     184   1.0  8.90E-08  5.50E-07  2.71E-12  0.00
 7580 3.7900E+07    4 18951     184   1.0  8.90E-08  5.50E-07  1.50E-12  0.00
 7581 3.7905E+07    4 18953     184   1.0  8.90E-08  5.50E-07  1.64E-12  0.00
 7582 3.7910E+07    4 18956     184   1.0  8.90E-08  5.50E-07  2.32E-13  0.00
 7583 3.7915E+07    4 18958     184   1.0  9.00E-08  5.57E-07  6.30E-13  0.00
 7584 3.7920E+07    4 18961     184   1.0  9.54E-08  5.92E-07  2.36E-12  0.00
 7585 3.7925E+07    4 18963     184   1.0  9.54E-08  5.92E-07  2.00E-13  0.00
 7586 3.7930E+07    4 18966     184   1.0  9.54E-08  5.92E-07  1.10E-12  0.00
 7587 3.7935E+07    4 18968     184   1.0  9.54E-08  5.92E-07  1.21E-12  0.00
 7588 3.7940E+07    4 18971     184   1.0  9.54E-08  5.92E-07  3.49E-13  0.00
 7589 3.7945E+07    4 18973     184   1.0  9.54E-08  5.92E-07  3.19E-13  0.00
 7590 3.7950E+07    4 18976     184   1.0  9.54E-08  5.92E-07  1.41E-12  0.00
 7591 3.7955E+07    4 18978     184   1.0  9.54E-08  5.92E-07  3.58E-13  0.00
 7592 3.7960E+07    4 18981     184   1.0  9.71E-08  6.00E-07  7.09E-13  0.00
 7593 3.7965E+07    4 18983     184   1.0  9.96E-08  6.12E-07  3.58E-13  0.00
 7594 3.7970E+07    4 18986     184   1.0  9.96E-08  6.12E-07  2.69E-12  0.00
 7595 3.7975E+07    4 18988     184   1.0  9.96E-08  6.12E-07  1.31E-12  0.00
 7596 3.7980E+07    4 18991     184   1.0  9.96E-08  6.13E-07  1.15E-13  0.00
 7597 3.7985E+07    4 18993     184   1.0  9.96E-08  6.13E-07  2.41E-12  0.00
 7598 3.7990E+07    4 18996     184   1.0  9.96E-08  6.13E-07  7.69E-14  0.00
 7599 3.7995E+07    4 18998     184   1.0  9.96E-08  6.13E-07  6.85E-13  0.00
 7600 3.8000E+07    4 19001     184   1.0  1.00E-07  6.15E-07  1.67E-12  0.00
 7601 3.8005E+07    4 19003     184   1.0  1.00E-07  6.16E-07  2.28E-12  0.00
 7602 3.8010E+07    4 19006     184   1.0  1.00E-07  6.16E-07  2.48E-12  0.00
 7603 3.8015E+07    4 19008     184   1.0  1.00E-07  6.17E-07  2.38E-12  0.00
 7604 3.8020E+07    4 19011     184   1.0  1.00E-07  6.17E-07  2.64E-12  0.00
 7605 3.8025E+07    4 19013     184   1.0  1.00E-07  6.17E-07  2.15E-12  0.00
 7606 3.8030E+07    4 19016     184   1.0  1.00E-07  6.17E-07  2.19E-12  0.00
 7607 3.8035E+07    4 19018     184   1.0  1.00E-07  6.17E-07  3.64E-13  0.00
 7608 3.8040E+07    4 19021     184   1.0  1.00E-07  6.17E-07  1.21E-13  0.00
 7609 3.8045E+07    4 19023     184   1.0  1.00E-07  6.17E-07  4.49E-13  0.00
 7610 3.8050E+07    4 19026     184   1.0  1.00E-07  6.17E-07  2.02E-12  0.00
 7611 3.8055E+07    4 19028     184   1.0  1.00E-07  6.17E-07  1.44E-12  0.00
 7612 3.8060E+07    4 19031     184   1.0  1.00E-07  6.17E-07  9.17E-13  0.00
 7613 3.8065E+07    4 19033     184   1.0  1.00E-07  6.17E-07  7.74E-14  0.00
 7614 3.8070E+07    4 19036     184   1.0  1.00E-07  6.17E-07  5.30E-14  0.00
 7615 3.8075E+07    4 19038     184   1.0  1.00E-07  6.17E-07  1.49E-12  0.00
 7616 3.8080E+07    4 19041     184   1.0  1.00E-07  6.17E-07  9.28E-13  0.00
 7617 3.8085E+07    4 19043     184   1.0  1.00E-07  6.17E-07  4.41E-13  0.00
 7618 3.8090E+07    4 19046     184   1.0  1.00E-07  6.17E-07  2.44E-13  0.00
 7619 3.8095E+07    4 19048     184   1.0  1.00E-07  6.17E-07  2.34E-12  0.00
 7620 3.8100E+07    4 19051     184   1.0  1.00E-07  6.17E-07  4.69E-13  0.00
 7621 3.8105E+07    4 19053     184   1.0  1.00E-07  6.17E-07  1.30E-12  0.00
 7622 3.8110E+07    4 19056     184   1.0  1.01E-07  6.17E-07  1.44E-12  0.00
 7623 3.8115E+07    4 19058     184   1.0  1.01E-07  6.17E-07  2.71E-12  0.00
 7624 3.8120E+07    4 19061     184   1.0  1.00E-07  6.10E-07  4.53E-11  0.00
 7625 3.8125E+07    4 19063     184   1.0  9.87E-08  5.61E-07  2.48E-12  0.00
 7626 3.8130E+07    4 19066     184   1.0  9.87E-08  5.61E-07  6.31E-13  0.00
 7627 3.8135E+07    4 19068     184   1.0  9.87E-08  5.61E-07  2.10E-13  0.00
 7628 3.8140E+07    4 19071     184   1.0  9.87E-08  5.61E-07  1.22E-12  0.00
 7629 3.8145E+07    4 19073     184   1.0  9.86E-08  5.61E-07  8.48E-13  0.00
 7630 3.8150E+07    4 19076     184   1.0  9.86E-08  5.61E-07  7.60E-13  0.00
 7631 3.8155E+07    4 19078     184   1.0  9.86E-08  5.61E-07  8.08E-13  0.00
 7632 3.8160E+07    4 19081     184   1.0  9.86E-08  5.61E-07  2.34E-12  0.00
 7633 3.8165E+07    4 19083     184   1.0  9.86E-08  5.61E-07  9.80E-13  0.00
 7634 3.8170E+07    4 19086     184   1.0  9.86E-08  5.61E-07  2.24E-12  0.00
 7635 3.8175E+07    4 19088     184   1.0  9.86E-08  5.61E-07  2.76E-12  0.00
 7636 3.8180E+07    4 19091     184   1.0  9.86E-08  5.61E-07  1.14E-12  0.00
 7637 3.8185E+07    4 19093     184   1.0  9.86E-08  5.61E-07  2.56E-13  0.00
 7638 3.8190E+07    4 19096     184   1.0  9.86E-08  5.61E-07  4.23E-13  0.00
 7639 3.8195E+07    4 19098     184   1.0  8.37E-08  4.19E-07  2.61E-12  0.00
 7640 3.8200E+07    4 19101     184   1.0  8.15E-08  4.00E-07  2.78E-13  0.00
 7641 3.8205E+07    4 19103     184   1.0  8.15E-08  4.00E-07  1.81E-12  0.00
 7642 3.8210E+07    4 19106     184   1.0  8.14E-08  4.00E-07  1.21E-13  0.00
 7643 3.8215E+07    4 19108     184   1.0  8.14E-08  4.00E-07  2.73E-13  0.00
 7644 3.8220E+07    4 19111     184   1.0  9.58E-08  4.93E-07  6.51E-13  0.00
 7645 3.8225E+07    4 19113     184   1.0  1.23E-07  6.67E-07  5.56E-13  0.00
 7646 3.8230E+07    4 19116     184   1.0  1.23E-07  6.67E-07  2.22E-12  0.00
 7647 3.8235E+07    4 19118     184   1.0  1.23E-07  6.67E-07  3.91E-13  0.00
 7648 3.8240E+07    4 19121     184   1.0  1.23E-07  6.67E-07  3.29E-13  0.00
 7649 3.8245E+07    4 19123     184   1.0  1.23E-07  6.67E-07  9.15E-14  0.00
 7650 3.8250E+07    4 19126     184   1.0  1.23E-07  6.67E-07  1.06E-12  0.00
 7651 3.8255E+07    4 19128     184   1.0  1.23E-07  6.66E-07  1.27E-13  0.00
 7652 3.8260E+07    4 19131     184   1.0  1.33E-07  7.14E-07  4.05E-13  0.00
 7653 3.8265E+07    4 19133     184   1.0  1.47E-07  7.81E-07  6.97E-14  0.00
 7654 3.8270E+07    4 19136     184   1.0  1.47E-07  7.81E-07  1.42E-12  0.00
 7655 3.8275E+07    4 19138     184   1.0  1.47E-07  7.80E-07  2.21E-12  0.00
 7656 3.8280E+07    4 19141     184   1.0  1.47E-07  7.80E-07  2.36E-13  0.00
 7657 3.8285E+07    4 19143     184   1.0  1.47E-07  7.80E-07  1.43E-13  0.00
 7658 3.8290E+07    4 19146     184   1.0  1.47E-07  7.80E-07  1.83E-13  0.00
 7659 3.8295E+07    4 19148     184   1.0  1.47E-07  7.80E-07  1.67E-13  0.00
 7660 3.8300E+07    4 19151     184   1.0  1.47E-07  7.80E-07  2.16E-13  0.00
 7661 3.8305E+07    4 19153     184   1.0  1.47E-07  7.79E-07  8.02E-14  0.00
 7662 3.8310E+07    4 19156     184   1.0  1.50E-07  8.02E-07  8.43E-14  0.00
 7663 3.8315E+07    4 19158     184   1.0  1.52E-07  8.20E-07  3.26E-13  0.00
 7664 3.8320E+07    4 19161     184   1.0  1.52E-07  8.20E-07  4.26E-13  0.00
 7665 3.8325E+07    4 19163     184   1.0  1.52E-07  8.20E-07  9.63E-14  0.00
 7666 3.8330E+07    4 19166     184   1.0  1.52E-07  8.20E-07  1.87E-12  0.00
 7667 3.8335E+07    4 19168     184   1.0  1.52E-07  8.20E-07  1.99E-12  0.00
 7668 3.8340E+07    4 19171     184   1.0  1.52E-07  8.20E-07  7.53E-13  0.00
 7669 3.8345E+07    4 19173     184   1.0  1.52E-07  8.19E-07  1.67E-13  0.00
 7670 3.8350E+07    4 19176     184   1.0  1.52E-07  8.19E-07  1.11E-12  0.00
 7671 3.8355E+07    4 19178     184   1.0  1.52E-07  8.19E-07  4.72E-13  0.00
 7672 3.8360E+07    4 19181     184   1.0  1.52E-07  8.19E-07  6.70E-13  0.00
 7673 3.8365E+07    4 19183     184   1.0  1.52E-07  8.19E-07  1.51E-13  0.00
 7674 3.8370E+07    4 19186     184   1.0  1.47E-07  8.12E-07  9.08E-14  0.00
 7675 3.8375E+07    4 19188     184   1.0  1.54E-07  8.73E-07  1.67E-12  0.00
 7676 3.8380E+07    4 19191     184   1.0  1.66E-07  9.55E-07  2.58E-12  0.00
 7677 3.8385E+07    4 19193     184   1.0  1.66E-07  9.55E-07  2.23E-12  0.00
 7678 3.8390E+07    4 19196     184   1.0  1.66E-07  9.55E-07  9.05E-14  0.00
 7679 3.8395E+07    4 19198     184   1.0  1.66E-07  9.55E-07  2.98E-12  0.00
 7680 3.8400E+07    4 19201     184   1.0  1.66E-07  9.55E-07  2.48E-13  0.00
 7681 3.8405E+07    4 19203     184   1.0  1.66E-07  9.54E-07  1.89E-13  0.00
 7682 3.8410E+07    4 19206     184   1.0  1.66E-07  9.54E-07  7.13E-13  0.00
 7683 3.8415E+07    4 19208     184   1.0  1.66E-07  9.54E-07  9.53E-13  0.00
 7684 3.8420E+07    4 19211     184   1.0  1.66E-07  9.54E-07  1.48E-12  0.00
 7685 3.8425E+07    4 19213     184   1.0  1.66E-07  9.54E-07  6.23E-13  0.00
 7686 3.8430E+07    4 19216     184   1.0  1.66E-07  9.54E-07  2.82E-14  0.00
 7687 3.8435E+07    4 19218     184   1.0  1.65E-07  9.53E-07  1.12E-13  0.00
 7688 3.8440E+07    4 19221     184   1.0  1.65E-07  9.53E-07  4.49E-13  0.00
 7689 3.8445E+07    4 19223     184   1.0  1.65E-07  9.53E-07  1.22E-12  0.00
 7690 3.8450E+07    4 19226     184   1.0  1.65E-07  9.53E-07  9.09E-13  0.00
 7691 3.8455E+07    4 19228     184   1.0  1.65E-07  9.53E-07  9.98E-14  0.00
 7692 3.8460E+07    4 19231     184   1.0  1.65E-07  9.53E-07  8.65E-14  0.00
 7693 3.8465E+07    4 19233     184   1.0  1.65E-07  9.53E-07  1.26E-13  0.00
 7694 3.8470E+07    4 19236     184   1.0  1.65E-07  9.52E-07  2.14E-12  0.00
 7695 3.8475E+07    4 19238     184   1.0  1.65E-07  9.52E-07  1.15E-12  0.00
 7696 3.8480E+07    4 19241     184   1.0  1.65E-07  9.52E-07  1.09E-13  0.00
 7697 3.8485E+07    4 19243     184   1.0  1.65E-07  9.52E-07  2.92E-13  0.00
 7698 3.8490E+07    4 19246     184   1.0  1.65E-07  9.52E-07  4.16E-14  0.00
 7699 3.8495E+07    4 19248     184   1.0  1.65E-07  9.52E-07  1.65E-13  0.00
 7700 3.8500E+07    4 19251     184   1.0  1.65E-07  9.51E-07  2.10E-13  0.00
 7701 3.8505E+07    4 19253     184   1.0  1.65E-07  9.51E-07  3.16E-12  0.00
 7702 3.8510E+07    4 19256     184   1.0  1.51E-07  8.54E-07  1.28E-12  0.00
 7703 3.8515E+07    4 19258     184   1.0  1.44E-07  8.07E-07  1.09E-13  0.00
 7704 3.8520E+07    4 19261     184   1.0  1.44E-07  8.07E-07  2.90E-13  0.00
 7705 3.8525E+07    4 19263     184   1.0  1.44E-07  8.07E-07  1.17E-12  0.00
 7706 3.8530E+07    4 19266     184   1.0  1.44E-07  8.07E-07  7.55E-13  0.00
 7707 3.8535E+07    4 19268     184   1.0  1.44E-07  8.07E-07  1.18E-12  0.00
 7708 3.8540E+07    4 19271     184   1.0  1.44E-07  8.07E-07  3.56E-13  0.00
 7709 3.8545E+07    4 19273     184   1.0  1.44E-07  8.06E-07  2.31E-12  0.00
 7710 3.8550E+07    4 19276     184   1.0  1.44E-07  8.06E-07  8.64E-13  0.00
 7711 3.8555E+07    4 19278     184   1.0  1.44E-07  8.06E-07  2.16E-12  0.00
 7712 3.8560E+07    4 19281     184   1.0  1.44E-07  8.06E-07  1.38E-14  0.00
 7713 3.8565E+07    4 19283     184   1.0  1.44E-07  8.06E-07  2.14E-12  0.00
 7714 3.8570E+07    4 19286     184   1.0  1.44E-07  8.06E-07  8.88E-13  0.00
 7715 3.8575E+07    4 19288     184   1.0  1.44E-07  8.06E-07  1.83E-12  0.00
 7716 3.8580E+07    4 19291     184   1.0  1.44E-07  8.06E-07  2.20E-12  0.00
 7717 3.8585E+07    4 19293     184   1.0  1.44E-07  8.06E-07  6.98E-13  0.00
 7718 3.8590E+07    4 19296     184   1.0  1.44E-07  8.05E-07  2.82E-13  0.00
 7719 3.8595E+07    4 19298     184   1.0  1.44E-07  8.05E-07  1.21E-12  0.00
 7720 3.8600E+07    4 19301     184   1.0  1.44E-07  8.05E-07  1.09E-12  0.00
 7721 3.8605E+07    4 19303     184   1.0  1.44E-07  8.05E-07  4.61E-13  0.00
 7722 3.8610E+07    4 19306     184   1.0  1.44E-07  8.05E-07  2.04E-13  0.00
 7723 3.8615E+07    4 19308     184   1.0  1.44E-07  8.05E-07  1.39E-12  0.00
 7724 3.8620E+07    4 19311     184   1.0  1.44E-07  8.05E-07  1.07E-13  0.00
 7725 3.8625E+07    4 19313     184   1.0  1.44E-07  8.05E-07  1.24E-12  0.00
 7726 3.8630E+07    4 19316     184   1.0  1.44E-07  8.05E-07  1.60E-13  0.00
 7727 3.8635E+07    4 19318     184   1.0  1.44E-07  8.04E-07  3.23E-13  0.00
 7728 3.8640E+07    4 19321     184   1.0  1.44E-07  8.04E-07  2.72E-12  0.00
 7729 3.8645E+07    4 19323     184   1.0  1.44E-07  8.04E-07  2.04E-12  0.00
 7730 3.8650E+07    4 19326     184   1.0  1.44E-07  8.04E-07  2.26E-13  0.00
 7731 3.8655E+07    4 19328     184   1.0  1.44E-07  8.04E-07  1.50E-12  0.00
 7732 3.8660E+07    4 19331     184   1.0  1.44E-07  8.04E-07  1.67E-13  0.00
 7733 3.8665E+07    4 19333     184   1.0  1.44E-07  8.04E-07  3.94E-13  0.00
 7734 3.8670E+07    4 19336     184   1.0  1.44E-07  8.04E-07  1.31E-13  0.00
 7735 3.8675E+07    4 19338     184   1.0  1.44E-07  8.04E-07  8.96E-13  0.00
 7736 3.8680E+07    4 19341     184   1.0  1.44E-07  8.03E-07  4.21E-13  0.00
 7737 3.8685E+07    4 19343     184   1.0  1.43E-07  8.03E-07  1.74E-14  0.00
 7738 3.8690E+07    4 19346     184   1.0  1.43E-07  8.03E-07  3.10E-13  0.00
 7739 3.8695E+07    4 19348     184   1.0  1.43E-07  8.03E-07  9.88E-13  0.00
 7740 3.8700E+07    4 19351     184   1.0  1.43E-07  8.03E-07  1.98E-13  0.00
 7741 3.8705E+07    4 19353     184   1.0  1.43E-07  8.03E-07  1.45E-12  0.00
 7742 3.8710E+07    4 19356     184   1.0  1.43E-07  8.03E-07  1.13E-13  0.00
 7743 3.8715E+07    4 19358     184   1.0  1.43E-07  8.03E-07  2.34E-12  0.00
 7744 3.8720E+07    4 19361     184   1.0  1.43E-07  8.03E-07  8.78E-13  0.00
 7745 3.8725E+07    4 19363     184   1.0  1.43E-07  8.02E-07  2.87E-13  0.00
 7746 3.8730E+07    4 19366     184   1.0  1.43E-07  8.02E-07  1.53E-13  0.00
 7747 3.8735E+07    4 19368     184   1.0  1.43E-07  8.02E-07  1.93E-12  0.00
 7748 3.8740E+07    4 19371     184   1.0  1.43E-07  8.02E-07  2.68E-12  0.00
 7749 3.8745E+07    4 19373     184   1.0  1.43E-07  8.02E-07  3.70E-13  0.00
 7750 3.8750E+07    4 19376     184   1.0  1.43E-07  8.02E-07  6.96E-14  0.00
 7751 3.8755E+07    4 19378     184   1.0  1.43E-07  8.02E-07  2.09E-12  0.00
 7752 3.8760E+07    4 19381     184   1.0  1.43E-07  8.02E-07  3.70E-13  0.00
 7753 3.8765E+07    4 19383     184   1.0  1.43E-07  8.02E-07  1.49E-12  0.00
 7754 3.8770E+07    4 19386     184   1.0  1.43E-07  8.01E-07  6.03E-14  0.00
 7755 3.8775E+07    4 19388     184   1.0  1.43E-07  8.01E-07  1.90E-12  0.00
 7756 3.8780E+07    4 19391     184   1.0  1.43E-07  8.01E-07  1.12E-12  0.00
 7757 3.8785E+07    4 19393     184   1.0  1.43E-07  8.01E-07  9.48E-13  0.00
 7758 3.8790E+07    4 19396     184   1.0  1.43E-07  8.01E-07  2.41E-12  0.00
 7759 3.8795E+07    4 19398     184   1.0  1.43E-07  8.01E-07  1.00E-12  0.00
 7760 3.8800E+07    4 19401     184   1.0  1.43E-07  8.01E-07  2.64E-12  0.00
 7761 3.8805E+07    4 19403     184   1.0  1.43E-07  8.01E-07  1.10E-13  0.00
 7762 3.8810E+07    4 19406     184   1.0  1.43E-07  8.01E-07  2.43E-12  0.00
 7763 3.8815E+07    4 19408     184   1.0  1.43E-07  8.00E-07  1.15E-13  0.00
 7764 3.8820E+07    4 19411     184   1.0  1.43E-07  8.00E-07  2.21E-12  0.00
 7765 3.8825E+07    4 19413     184   1.0  1.43E-07  8.00E-07  2.72E-13  0.00
 7766 3.8830E+07    4 19416     184   1.0  1.43E-07  8.00E-07  1.98E-12  0.00
 7767 3.8835E+07    4 19418     184   1.0  1.43E-07  8.00E-07  8.46E-13  0.00
 7768 3.8840E+07    4 19421     184   1.0  1.43E-07  8.00E-07  1.53E-13  0.00
 7769 3.8845E+07    4 19423     184   1.0  1.43E-07  8.00E-07  1.50E-13  0.00
 7770 3.8850E+07    4 19426     184   1.0  1.43E-07  8.00E-07  7.62E-13  0.00
 7771 3.8855E+07    4 19428     184   1.0  1.43E-07  7.99E-07  1.07E-12  0.00
 7772 3.8860E+07    4 19431     184   1.0  1.35E-07  7.84E-07  9.09E-13  0.00
 7773 3.8865E+07    4 19433     184   1.0  1.34E-07  7.85E-07  2.85E-13  0.00
 7774 3.8870E+07    4 19436     184   1.0  1.34E-07  7.85E-07  4.25E-14  0.00
 7775 3.8875E+07    4 19438     184   1.0  1.34E-07  7.85E-07  1.12E-12  0.00
 7776 3.8880E+07    4 19441     184   1.0  1.34E-07  7.85E-07  2.65E-13  0.00
 7777 3.8885E+07    4 19443     184   1.0  1.34E-07  7.85E-07  2.57E-13  0.00
 7778 3.8890E+07    4 19446     184   1.0  1.34E-07  7.85E-07  2.52E-14  0.00
 7779 3.8895E+07    4 19448     184   1.0  1.34E-07  7.84E-07  2.27E-12  0.00
 7780 3.8900E+07    4 19451     184   1.0  1.34E-07  7.84E-07  2.29E-13  0.00
 7781 3.8905E+07    4 19453     184   1.0  1.34E-07  7.84E-07  1.20E-13  0.00
 7782 3.8910E+07    4 19456     184   1.0  1.34E-07  7.84E-07  1.47E-13  0.00
 7783 3.8915E+07    4 19458     184   1.0  1.34E-07  7.84E-07  9.37E-14  0.00
 7784 3.8920E+07    4 19461     184   1.0  1.34E-07  7.84E-07  2.09E-13  0.00
 7785 3.8925E+07    4 19463     184   1.0  1.34E-07  7.84E-07  2.92E-13  0.00
 7786 3.8930E+07    4 19466     184   1.0  1.34E-07  7.84E-07  3.55E-13  0.00
 7787 3.8935E+07    4 19468     184   1.0  1.34E-07  7.84E-07  3.76E-13  0.00
 7788 3.8940E+07    4 19471     184   1.0  1.34E-07  7.84E-07  2.72E-13  0.00
 7789 3.8945E+07    4 19473     184   1.0  1.34E-07  7.84E-07  2.09E-12  0.00
 7790 3.8950E+07    4 19476     184   1.0  1.34E-07  7.83E-07  2.82E-12  0.00
 7791 3.8955E+07    4 19478     184   1.0  1.34E-07  7.83E-07  3.45E-14  0.00
 7792 3.8960E+07    4 19481     184   1.0  1.34E-07  7.83E-07  1.81E-12  0.00
 7793 3.8965E+07    4 19483     184   1.0  1.34E-07  7.83E-07  4.35E-13  0.00
 7794 3.8970E+07    4 19486     184   1.0  1.34E-07  7.83E-07  8.19E-13  0.00
 7795 3.8975E+07    4 19488     184   1.0  1.34E-07  7.83E-07  2.23E-13  0.00
 7796 3.8980E+07    4 19491     184   1.0  1.34E-07  7.83E-07  8.91E-13  0.00
 7797 3.8985E+07    4 19493     184   1.0  1.34E-07  7.83E-07  1.56E-13  0.00
 7798 3.8990E+07    4 19496     184   1.0  1.34E-07  7.83E-07  9.90E-13  0.00
 7799 3.8995E+07    4 19498     184   1.0  1.34E-07  7.83E-07  2.86E-12  0.00
 7800 3.9000E+07    4 19501     184   1.0  1.34E-07  7.82E-07  2.60E-12  0.00
 7801 3.9005E+07    4 19503     184   1.0  1.34E-07  7.82E-07  6.96E-14  0.00
 7802 3.9010E+07    4 19506     184   1.0  1.34E-07  7.82E-07  7.19E-13  0.00
 7803 3.9015E+07    4 19508     184   1.0  1.34E-07  7.82E-07  9.19E-13  0.00
 7804 3.9020E+07    4 19511     184   1.0  1.34E-07  7.82E-07  9.00E-13  0.00
 7805 3.9025E+07    4 19513     184   1.0  1.34E-07  7.82E-07  1.68E-13  0.00
 7806 3.9030E+07    4 19516     184   1.0  1.34E-07  7.82E-07  1.33E-12  0.00
 7807 3.9035E+07    4 19518     184   1.0  1.34E-07  7.82E-07  6.39E-14  0.00
 7808 3.9040E+07    4 19521     184   1.0  1.34E-07  7.82E-07  6.30E-13  0.00
 7809 3.9045E+07    4 19523     184   1.0  1.34E-07  7.82E-07  1.11E-12  0.00
 7810 3.9050E+07    4 19526     184   1.0  1.34E-07  7.82E-07  5.80E-13  0.00
 7811 3.9055E+07    4 19528     184   1.0  1.34E-07  7.81E-07  2.74E-14  0.00
 7812 3.9060E+07    4 19531     184   1.0  1.34E-07  7.81E-07  1.11E-13  0.00
 7813 3.9065E+07    4 19533     184   1.0  1.34E-07  7.81E-07  1.50E-13  0.00
 7814 3.9070E+07    4 19536     184   1.0  1.34E-07  7.81E-07  8.11E-14  0.00
 7815 3.9075E+07    4 19538     184   1.0  1.34E-07  7.81E-07  2.09E-13  0.00
 7816 3.9080E+07    4 19541     184   1.0  1.34E-07  7.81E-07  1.46E-13  0.00
 7817 3.9085E+07    4 19543     184   1.0  1.33E-07  7.81E-07  2.67E-12  0.00
 7818 3.9090E+07    4 19546     184   1.0  1.33E-07  7.81E-07  1.95E-12  0.00
 7819 3.9095E+07    4 19548     184   1.0  1.33E-07  7.81E-07  2.27E-12  0.00
 7820 3.9100E+07    4 19551     184   1.0  1.33E-07  7.81E-07  2.01E-13  0.00
 7821 3.9105E+07    4 19553     184   1.0  1.33E-07  7.80E-07  2.82E-12  0.00
 7822 3.9110E+07    4 19556     184   1.0  1.33E-07  7.80E-07  4.06E-13  0.00
 7823 3.9115E+07    4 19558     184   1.0  1.33E-07  7.80E-07  7.17E-13  0.00
 7824 3.9120E+07    4 19561     184   1.0  1.33E-07  7.80E-07  1.44E-13  0.00
 7825 3.9125E+07    4 19563     184   1.0  1.33E-07  7.80E-07  1.15E-12  0.00
 7826 3.9130E+07    4 19566     184   1.0  1.33E-07  7.80E-07  1.31E-12  0.00
 7827 3.9135E+07    4 19568     184   1.0  1.33E-07  7.80E-07  1.57E-12  0.00
 7828 3.9140E+07    4 19571     184   1.0  1.33E-07  7.80E-07  1.23E-13  0.00
 7829 3.9145E+07    4 19573     184   1.0  1.33E-07  7.80E-07  1.75E-12  0.00
 7830 3.9150E+07    4 19576     184   1.0  1.33E-07  7.80E-07  3.10E-13  0.00
 7831 3.9155E+07    4 19578     184   1.0  1.33E-07  7.79E-07  2.74E-13  0.00
 7832 3.9160E+07    4 19581     184   1.0  1.33E-07  7.79E-07  2.71E-12  0.00
 7833 3.9165E+07    4 19583     184   1.0  1.33E-07  7.79E-07  2.09E-12  0.00
 7834 3.9170E+07    4 19586     184   1.0  1.33E-07  7.79E-07  1.60E-12  0.00
 7835 3.9175E+07    4 19588     184   1.0  1.33E-07  7.79E-07  1.26E-12  0.00
 7836 3.9180E+07    4 19591     184   1.0  1.33E-07  7.79E-07  4.09E-13  0.00
 7837 3.9185E+07    4 19593     184   1.0  1.33E-07  7.79E-07  2.35E-12  0.00
 7838 3.9190E+07    4 19596     184   1.0  1.33E-07  7.79E-07  1.44E-13  0.00
 7839 3.9195E+07    4 19598     184   1.0  1.33E-07  7.79E-07  3.21E-13  0.00
 7840 3.9200E+07    4 19601     184   1.0  1.33E-07  7.79E-07  2.57E-12  0.00
 7841 3.9205E+07    4 19603     184   1.0  1.33E-07  7.79E-07  5.62E-13  0.00
 7842 3.9210E+07    4 19606     184   1.0  1.33E-07  7.78E-07  1.85E-12  0.00
 7843 3.9215E+07    4 19608     184   1.0  1.33E-07  7.78E-07  3.83E-13  0.00
 7844 3.9220E+07    4 19611     184   1.0  1.33E-07  7.78E-07  2.37E-12  0.00
 7845 3.9225E+07    4 19613     184   1.0  1.33E-07  7.78E-07  2.65E-12  0.00
 7846 3.9230E+07    4 19616     184   1.0  1.33E-07  7.78E-07  1.39E-12  0.00
 7847 3.9235E+07    4 19618     184   1.0  1.33E-07  7.78E-07  1.26E-13  0.00
 7848 3.9240E+07    4 19621     184   1.0  1.33E-07  7.78E-07  3.03E-12  0.00
 7849 3.9245E+07    4 19623     184   1.0  1.33E-07  7.78E-07  6.20E-13  0.00
 7850 3.9250E+07    4 19626     184   1.0  1.33E-07  7.78E-07  2.19E-13  0.00
 7851 3.9255E+07    4 19628     184   1.0  1.33E-07  7.78E-07  6.00E-13  0.00
 7852 3.9260E+07    4 19631     184   1.0  1.33E-07  7.77E-07  1.47E-12  0.00
 7853 3.9265E+07    4 19633     184   1.0  1.30E-07  7.53E-07  1.52E-13  0.00
 7854 3.9270E+07    4 19636     184   1.0  1.30E-07  7.50E-07  1.79E-13  0.00
 7855 3.9275E+07    4 19638     184   1.0  1.30E-07  7.50E-07  1.36E-12  0.00
 7856 3.9280E+07    4 19641     184   1.0  1.30E-07  7.50E-07  4.00E-13  0.00
 7857 3.9285E+07    4 19643     184   1.0  1.30E-07  7.50E-07  1.94E-12  0.00
 7858 3.9290E+07    4 19646     184   1.0  1.30E-07  7.50E-07  7.27E-14  0.00
 7859 3.9295E+07    4 19648     184   1.0  1.29E-07  7.50E-07  2.33E-12  0.00
 7860 3.9300E+07    4 19651     184   1.0  1.29E-07  7.50E-07  2.13E-12  0.00
 7861 3.9305E+07    4 19653     184   1.0  1.29E-07  7.49E-07  1.30E-12  0.00
 7862 3.9310E+07    4 19656     184   1.0  1.29E-07  7.49E-07  7.22E-13  0.00
 7863 3.9315E+07    4 19658     184   1.0  1.29E-07  7.49E-07  1.13E-12  0.00
 7864 3.9320E+07    4 19661     184   1.0  1.29E-07  7.49E-07  5.59E-13  0.00
 7865 3.9325E+07    4 19663     184   1.0  1.29E-07  7.49E-07  4.45E-14  0.00
 7866 3.9330E+07    4 19666     184   1.0  1.29E-07  7.49E-07  2.84E-13  0.00
 7867 3.9335E+07    4 19668     184   1.0  1.29E-07  7.49E-07  1.99E-13  0.00
 7868 3.9340E+07    4 19671     184   1.0  1.29E-07  7.49E-07  2.97E-12  0.00
 7869 3.9345E+07    4 19673     184   1.0  1.29E-07  7.49E-07  1.11E-13  0.00
 7870 3.9350E+07    4 19676     184   1.0  1.29E-07  7.49E-07  1.57E-12  0.00
 7871 3.9355E+07    4 19678     184   1.0  1.29E-07  7.48E-07  2.40E-12  0.00
 7872 3.9360E+07    4 19681     184   1.0  1.29E-07  7.48E-07  1.25E-12  0.00
 7873 3.9365E+07    4 19683     184   1.0  1.29E-07  7.48E-07  1.95E-12  0.00
 7874 3.9370E+07    4 19686     184   1.0  1.29E-07  7.48E-07  1.41E-12  0.00
 7875 3.9375E+07    4 19688     184   1.0  1.29E-07  7.48E-07  1.64E-12  0.00
 7876 3.9380E+07    4 19691     184   1.0  1.29E-07  7.48E-07  1.80E-12  0.00
 7877 3.9385E+07    4 19693     184   1.0  1.29E-07  7.48E-07  2.50E-12  0.00
 7878 3.9390E+07    4 19696     184   1.0  1.29E-07  7.48E-07  3.16E-12  0.00
 7879 3.9395E+07    4 19698     184   1.0  1.29E-07  7.48E-07  1.68E-12  0.00
 7880 3.9400E+07    4 19701     184   1.0  1.29E-07  7.48E-07  5.82E-13  0.00
 7881 3.9405E+07    4 19703     184   1.0  1.29E-07  7.47E-07  9.30E-13  0.00
 7882 3.9410E+07    4 19706     184   1.0  1.29E-07  7.47E-07  8.74E-14  0.00
 7883 3.9415E+07    4 19708     184   1.0  1.29E-07  7.47E-07  3.00E-13  0.00
 7884 3.9420E+07    4 19711     184   1.0  1.29E-07  7.47E-07  1.98E-12  0.00
 7885 3.9425E+07    4 19713     184   1.0  1.29E-07  7.47E-07  1.64E-13  0.00
 7886 3.9430E+07    4 19716     184   1.0  1.29E-07  7.47E-07  1.42E-14  0.00
 7887 3.9435E+07    4 19718     184   1.0  1.29E-07  7.47E-07  1.06E-12  0.00
 7888 3.9440E+07    4 19721     184   1.0  1.29E-07  7.47E-07  7.86E-13  0.00
 7889 3.9445E+07    4 19723     184   1.0  1.29E-07  7.47E-07  6.90E-14  0.00
 7890 3.9450E+07    4 19726     184   1.0  1.29E-07  7.47E-07  5.16E-14  0.00
 7891 3.9455E+07    4 19728     184   1.0  1.29E-07  7.46E-07  1.39E-12  0.00
 7892 3.9460E+07    4 19731     184   1.0  1.29E-07  7.46E-07  2.99E-13  0.00
 7893 3.9465E+07    4 19733     184   1.0  1.29E-07  7.46E-07  0.00E+00  0.00
 7894 3.9470E+07    4 19736     184   1.0  1.29E-07  7.46E-07  1.80E-13  0.00
 7895 3.9475E+07    4 19738     184   1.0  1.29E-07  7.46E-07  1.42E-12  0.00
 7896 3.9480E+07    4 19741     184   1.0  1.29E-07  7.46E-07  1.72E-12  0.00
 7897 3.9485E+07    4 19743     184   1.0  1.29E-07  7.46E-07  6.49E-13  0.00
 7898 3.9490E+07    4 19746     184   1.0  1.29E-07  7.46E-07  1.57E-12  0.00
 7899 3.9495E+07    4 19748     184   1.0  1.29E-07  7.46E-07  7.15E-14  0.00
 7900 3.9500E+07    4 19751     184   1.0  1.29E-07  7.46E-07  1.92E-13  0.00
 7901 3.9505E+07    4 19753     184   1.0  1.34E-07  7.22E-07  2.94E-11  0.00
 7902 3.9510E+07    4 19756     184   1.0  1.35E-07  7.19E-07  2.73E-11  0.00
 7903 3.9515E+07    4 19758     184   1.0  1.35E-07  7.18E-07  8.51E-11  0.00
 7904 3.9520E+07    4 19761     184   1.0  1.37E-07  7.19E-07  5.32E-12  0.00
 7905 3.9525E+07    4 19763     184   1.0  1.34E-07  7.18E-07  9.45E-11  0.00
 7906 3.9530E+07    4 19766     184   1.0  1.34E-07  7.18E-07  1.28E-10  0.00
 7907 3.9535E+07    4 19768     184   1.0  1.35E-07  7.18E-07  6.27E-10  0.00
 7908 3.9540E+07    4 19771     184   1.0  1.35E-07  7.18E-07  5.95E-12  0.00
 7909 3.9545E+07    4 19773     184   1.0  1.35E-07  7.18E-07  1.60E-10  0.00
 7910 3.9550E+07    4 19776     184   1.0  1.34E-07  7.18E-07  1.06E-10  0.00
 7911 3.9555E+07    4 19778     184   1.0  1.34E-07  7.17E-07  1.07E-10  0.00
 7912 3.9560E+07    4 19781     184   1.0  1.34E-07  7.17E-07  1.65E-10  0.00
 7913 3.9565E+07    4 19783     184   1.0  1.34E-07  7.17E-07  3.62E-12  0.00
 7914 3.9570E+07    4 19786     184   1.0  1.34E-07  7.17E-07  1.06E-10  0.00
 7915 3.9575E+07    4 19788     184   1.0  1.34E-07  7.17E-07  8.13E-12  0.00
 7916 3.9580E+07    4 19791     184   1.0  1.34E-07  7.17E-07  3.79E-11  0.00
 7917 3.9585E+07    4 19793     184   1.0  1.34E-07  7.17E-07  4.71E-11  0.00
 7918 3.9590E+07    4 19796     184   1.0  1.36E-07  7.17E-07  3.19E-09  0.00
 7919 3.9595E+07    4 19798     184   1.0  1.35E-07  7.17E-07  9.86E-11  0.00
 7920 3.9600E+07    4 19801     184   1.0  1.35E-07  7.16E-07  2.87E-11  0.00
 7921 3.9605E+07    4 19803     184   1.0  1.34E-07  7.17E-07  4.67E-11  0.00
 7922 3.9610E+07    4 19806     184   1.0  1.35E-07  7.16E-07  4.20E-11  0.00
 7923 3.9615E+07    4 19808     184   1.0  1.34E-07  7.16E-07  1.48E-11  0.00
 7924 3.9620E+07    4 19811     184   1.0  1.34E-07  7.16E-07  4.07E-11  0.00
 7925 3.9625E+07    4 19813     184   1.0  1.34E-07  7.16E-07  3.39E-09  0.00
 7926 3.9630E+07    4 19816     184   1.0  1.34E-07  7.16E-07  7.03E-11  0.00
 7927 3.9635E+07    4 19818     184   1.0  1.35E-07  7.16E-07  7.88E-10  0.00
 7928 3.9640E+07    4 19821     184   1.0  1.34E-07  7.16E-07  1.12E-10  0.00
 7929 3.9645E+07    4 19823     184   1.0  1.35E-07  7.16E-07  8.87E-11  0.00
 7930 3.9650E+07    5 19826     184   1.0  1.34E-07  7.16E-07  3.12E-12  0.00
 7931 3.9655E+07    5 19828     184   1.0  1.34E-07  7.15E-07  9.11E-11  0.00
 7932 3.9660E+07    5 19831     184   1.0  1.34E-07  7.15E-07  3.14E-11  0.00
 7933 3.9665E+07    5 19833     184   1.0  1.34E-07  7.15E-07  3.61E-12  0.00
 7934 3.9670E+07    5 19836     184   1.0  1.34E-07  7.15E-07  3.35E-11  0.00
 7935 3.9675E+07    5 19838     184   1.0  1.36E-07  7.15E-07  6.76E-11  0.00
 7936 3.9680E+07    5 19841     184   1.0  1.34E-07  7.15E-07  4.23E-11  0.00
 7937 3.9685E+07    5 19843     184   1.0  1.34E-07  7.15E-07  8.89E-13  0.00
 7938 3.9690E+07    5 19846     184   1.0  1.36E-07  7.15E-07  1.18E-10  0.00
 7939 3.9695E+07    5 19848     184   1.0  1.46E-07  8.07E-07  2.67E-13  0.00
 7940 3.9700E+07    5 19851     184   1.0  1.46E-07  8.11E-07  1.32E-12  0.00
 7941 3.9705E+07    5 19853     184   1.0  1.46E-07  8.11E-07  3.46E-13  0.00
 7942 3.9710E+07    5 19856     184   1.0  1.46E-07  8.11E-07  2.92E-13  0.00
 7943 3.9715E+07    5 19858     184   1.0  1.46E-07  8.11E-07  2.22E-12  0.00
 7944 3.9720E+07    5 19861     184   1.0  1.46E-07  8.10E-07  2.26E-13  0.00
 7945 3.9725E+07    5 19863     184   1.0  1.46E-07  8.10E-07  3.62E-14  0.00
 7946 3.9730E+07    5 19866     184   1.0  1.46E-07  8.10E-07  3.64E-12  0.00
 7947 3.9735E+07    5 19868     184   1.0  1.46E-07  8.10E-07  1.76E-12  0.00
 7948 3.9740E+07    5 19871     184   1.0  1.46E-07  8.10E-07  2.63E-12  0.00
 7949 3.9745E+07    5 19873     184   1.0  1.46E-07  8.10E-07  8.81E-15  0.00
 7950 3.9750E+07    5 19876     184   1.0  1.46E-07  8.10E-07  1.19E-12  0.00
 7951 3.9755E+07    5 19878     184   1.0  1.46E-07  8.09E-07  3.42E-14  0.00
 7952 3.9760E+07    5 19881     184   1.0  1.46E-07  8.09E-07  1.73E-14  0.00
 7953 3.9765E+07    5 19883     184   1.0  1.46E-07  8.09E-07  5.80E-13  0.00
 7954 3.9770E+07    5 19886     184   1.0  1.46E-07  8.09E-07  8.03E-14  0.00
 7955 3.9775E+07    5 19888     184   1.0  1.46E-07  8.09E-07  3.03E-12  0.00
 7956 3.9780E+07    5 19891     184   1.0  1.46E-07  8.09E-07  2.44E-12  0.00
 7957 3.9785E+07    5 19893     185   1.0  1.46E-07  8.09E-07  1.74E-12  0.00
 7958 3.9790E+07    5 19896     185   1.0  1.46E-07  8.09E-07  4.03E-13  0.00
 7959 3.9795E+07    5 19898     185   1.0  1.46E-07  8.08E-07  9.21E-13  0.00
 7960 3.9800E+07    5 19901     185   1.0  1.46E-07  8.08E-07  1.91E-13  0.00
 7961 3.9805E+07    5 19903     185   1.0  1.46E-07  8.08E-07  1.90E-12  0.00
 7962 3.9810E+07    5 19906     185   1.0  1.46E-07  8.08E-07  2.82E-14  0.00
 7963 3.9815E+07    5 19908     185   1.0  1.45E-07  8.08E-07  1.08E-12  0.00
 7964 3.9820E+07    5 19911     185   1.0  1.45E-07  8.08E-07  9.99E-14  0.00
 7965 3.9825E+07    5 19913     185   1.0  1.45E-07  8.08E-07  6.91E-13  0.00
 7966 3.9830E+07    5 19916     185   1.0  1.45E-07  8.07E-07  1.46E-12  0.00
 7967 3.9835E+07    5 19918     185   1.0  1.45E-07  8.07E-07  2.12E-12  0.00
 7968 3.9840E+07    5 19921     185   1.0  1.45E-07  8.07E-07  2.16E-12  0.00
 7969 3.9845E+07    5 19923     185   1.0  1.45E-07  8.07E-07  1.87E-12  0.00
 7970 3.9850E+07    5 19926     185   1.0  1.45E-07  8.07E-07  5.86E-14  0.00
 7971 3.9855E+07    5 19928     185   1.0  1.45E-07  8.07E-07  2.93E-13  0.00
 7972 3.9860E+07    5 19931     185   1.0  1.45E-07  8.07E-07  6.68E-14  0.00
 7973 3.9865E+07    5 19933     185   1.0  1.45E-07  8.07E-07  1.86E-12  0.00
 7974 3.9870E+07    5 19936     185   1.0  1.45E-07  8.06E-07  1.01E-12  0.00
 7975 3.9875E+07    5 19938     185   1.0  1.45E-07  8.06E-07  1.45E-13  0.00
 7976 3.9880E+07    5 19941     185   1.0  1.45E-07  8.06E-07  1.11E-12  0.00
 7977 3.9885E+07    5 19943     185   1.0  1.45E-07  8.06E-07  2.06E-12  0.00
 7978 3.9890E+07    5 19946     185   1.0  1.45E-07  8.06E-07  2.85E-13  0.00
 7979 3.9895E+07    5 19948     185   1.0  1.45E-07  8.06E-07  2.36E-12  0.00
 7980 3.9900E+07    5 19951     185   1.0  1.45E-07  8.06E-07  7.60E-13  0.00
 7981 3.9905E+07    5 19953     185   1.0  1.45E-07  8.05E-07  1.28E-12  0.00
 7982 3.9910E+07    5 19956     185   1.0  1.45E-07  8.05E-07  6.80E-14  0.00
 7983 3.9915E+07    5 19958     185   1.0  1.45E-07  8.05E-07  9.29E-13  0.00
 7984 3.9920E+07    5 19961     185   1.0  1.45E-07  8.05E-07  7.55E-14  0.00
 7985 3.9925E+07    5 19963     185   1.0  1.45E-07  8.05E-07  3.36E-13  0.00
 7986 3.9930E+07    5 19966     185   1.0  1.45E-07  8.05E-07  1.09E-12  0.00
 7987 3.9935E+07    5 19968     185   1.0  1.45E-07  8.05E-07  1.02E-13  0.00
 7988 3.9940E+07    5 19971     185   1.0  1.45E-07  8.05E-07  2.86E-13  0.00
 7989 3.9945E+07    5 19973     185   1.0  1.45E-07  8.04E-07  2.53E-13  0.00
 7990 3.9950E+07    5 19976     185   1.0  1.45E-07  8.04E-07  1.07E-12  0.00
 7991 3.9955E+07    5 19978     185   1.0  1.45E-07  8.04E-07  4.25E-13  0.00
 7992 3.9960E+07    5 19981     185   1.0  1.45E-07  8.04E-07  2.62E-12  0.00
 7993 3.9965E+07    5 19983     185   1.0  1.45E-07  8.04E-07  1.69E-12  0.00
 7994 3.9970E+07    5 19986     185   1.0  1.45E-07  8.04E-07  1.48E-12  0.00
 7995 3.9975E+07    5 19988     185   1.0  1.45E-07  8.04E-07  5.46E-13  0.00
 7996 3.9980E+07    5 19991     185   1.0  1.45E-07  8.03E-07  9.67E-14  0.00
 7997 3.9985E+07    5 19993     185   1.0  1.44E-07  8.03E-07  5.56E-13  0.00
 7998 3.9990E+07    5 19996     185   1.0  1.44E-07  8.03E-07  6.48E-14  0.00
 7999 3.9995E+07    5 19998     185   1.0  1.44E-07  8.03E-07  1.30E-12  0.00
 8000 4.0000E+07    5 20001     185   1.0  1.44E-07  8.03E-07  1.86E-12  0.00
 8001 4.0005E+07    5 20003     185   1.0  1.44E-07  8.03E-07  1.94E-12  0.00
 8002 4.0010E+07    5 20006     185   1.0  1.44E-07  8.03E-07  2.07E-12  0.00
 8003 4.0015E+07    5 20008     185   1.0  1.44E-07  8.03E-07  3.12E-12  0.00
 8004 4.0020E+07    5 20011     185   1.0  1.44E-07  8.02E-07  1.08E-12  0.00
 8005 4.0025E+07    5 20013     185   1.0  1.44E-07  8.02E-07  1.59E-13  0.00
 8006 4.0030E+07    5 20016     185   1.0  1.44E-07  8.02E-07  2.33E-12  0.00
 8007 4.0035E+07    5 20018     185   1.0  1.44E-07  8.02E-07  1.54E-13  0.00
 8008 4.0040E+07    5 20021     185   1.0  1.44E-07  8.02E-07  4.00E-13  0.00
 8009 4.0045E+07    5 20023     185   1.0  1.44E-07  8.02E-07  3.42E-13  0.00
 8010 4.0050E+07    5 20026     185   1.0  1.44E-07  8.02E-07  5.31E-14  0.00
 8011 4.0055E+07    5 20028     185   1.0  1.44E-07  8.01E-07  3.00E-12  0.00
 8012 4.0060E+07    5 20031     185   1.0  1.44E-07  8.01E-07  2.74E-12  0.00
 8013 4.0065E+07    5 20033     185   1.0  1.44E-07  8.01E-07  3.79E-14  0.00
 8014 4.0070E+07    5 20036     185   1.0  1.44E-07  8.01E-07  7.08E-13  0.00
 8015 4.0075E+07    5 20038     185   1.0  1.44E-07  8.01E-07  4.59E-14  0.00
 8016 4.0080E+07    5 20041     185   1.0  1.62E-07  8.94E-07  1.90E-12  0.00
 8017 4.0085E+07    5 20043     185   1.0  1.64E-07  9.04E-07  2.03E-14  0.00
 8018 4.0090E+07    5 20046     185   1.0  3.85E-07  2.07E-06  1.58E-08  0.00
 8019 4.0095E+07    5 20048     184   1.0  1.17E-04  4.56E-04  1.17E-10  0.00
 8020 4.0100E+07    5 20051     184   1.0  5.21E-08  2.50E-07  4.66E-11  0.00
 8021 4.0105E+07    5 20053     184   1.0  5.41E-08  2.62E-07  2.24E-11  0.00
 8022 4.0110E+07    5 20056     184   1.0  7.10E-08  3.22E-07  9.66E-11  0.00
 8023 4.0115E+07    5 20058     184   1.0  7.18E-08  3.23E-07  3.74E-11  0.00
 8024 4.0120E+07    5 20061     184   1.0  7.18E-08  3.23E-07  3.13E-11  0.00
 8025 4.0125E+07    5 20063     184   1.0  9.95E-08  4.38E-07  3.24E-11  0.00
 8026 4.0130E+07    5 20066     184   1.0  1.09E-07  4.71E-07  7.77E-12  0.00
 8027 4.0135E+07    5 20068     184   1.0  1.09E-07  4.71E-07  8.63E-11  0.00
 8028 4.0140E+07    5 20071     184   1.0  1.09E-07  4.71E-07  1.98E-10  0.00
 8029 4.0145E+07    5 20073     184   1.0  1.10E-07  4.74E-07  3.45E-11  0.00
 8030 4.0150E+07    5 20076     184   1.0  1.10E-07  4.74E-07  4.43E-11  0.00
 8031 4.0155E+07    5 20078     184   1.0  1.15E-07  4.77E-07  1.29E-13  0.00
 8032 4.0160E+07    5 20081     184   1.0  1.15E-07  4.77E-07  4.21E-11  0.00
 8033 4.0165E+07    5 20083     184   1.0  1.15E-07  4.77E-07  5.06E-11  0.00
 8034 4.0170E+07    5 20086     184   1.0  1.15E-07  4.77E-07  3.82E-11  0.00
 8035 4.0175E+07    5 20088     184   1.0  1.15E-07  4.76E-07  4.86E-12  0.00
 8036 4.0180E+07    5 20091     184   1.0  1.23E-07  5.07E-07  4.17E-12  0.00
 8037 4.0185E+07    5 20093     184   1.0  1.34E-07  5.52E-07  4.32E-11  0.00
 8038 4.0190E+07    5 20096     184   1.0  1.33E-07  5.49E-07  1.50E-13  0.00
 8039 4.0195E+07    5 20098     184   1.0  1.33E-07  5.49E-07  5.01E-12  0.00
 8040 4.0200E+07    5 20101     184   1.0  1.40E-07  5.72E-07  2.82E-11  0.00
 8041 4.0205E+07    5 20103     184   1.0  1.55E-07  6.17E-07  7.36E-12  0.00
 8042 4.0210E+07    5 20106     184   1.0  1.59E-07  6.20E-07  1.41E-11  0.00
 8043 4.0215E+07    5 20108     184   1.0  1.59E-07  6.21E-07  5.81E-11  0.00
 8044 4.0220E+07    5 20111     184   1.0  1.59E-07  6.21E-07  3.66E-12  0.00
 8045 4.0225E+07    5 20113     184   1.0  1.59E-07  6.21E-07  9.67E-12  0.00
 8046 4.0230E+07    5 20116     184   1.0  1.58E-07  6.21E-07  7.35E-13  0.00
 8047 4.0235E+07    5 20118     184   1.0  1.58E-07  6.21E-07  1.90E-11  0.00
 8048 4.0240E+07    5 20121     184   1.0  1.58E-07  6.21E-07  5.22E-12  0.00
 8049 4.0245E+07    5 20123     184   1.0  1.58E-07  6.21E-07  3.68E-11  0.00
 8050 4.0250E+07    5 20126     184   1.0  1.58E-07  6.21E-07  1.43E-12  0.00
 8051 4.0255E+07    5 20128     184   1.0  1.58E-07  6.21E-07  3.42E-12  0.00
 8052 4.0260E+07    5 20131     184   1.0  1.58E-07  6.20E-07  4.95E-12  0.00
 8053 4.0265E+07    5 20133     184   1.0  1.58E-07  6.20E-07  1.59E-12  0.00
 8054 4.0270E+07    5 20136     184   1.0  1.58E-07  6.20E-07  6.84E-11  0.00
 8055 4.0275E+07    5 20138     184   1.0  1.58E-07  6.20E-07  2.64E-11  0.00
 8056 4.0280E+07    5 20141     184   1.0  1.58E-07  6.20E-07  1.74E-11  0.00
 8057 4.0285E+07    5 20143     184   1.0  1.58E-07  6.20E-07  1.08E-11  0.00
 8058 4.0290E+07    5 20146     184   1.0  1.58E-07  6.20E-07  2.58E-11  0.00
 8059 4.0295E+07    5 20148     184   1.0  1.58E-07  6.20E-07  2.70E-11  0.00
 8060 4.0300E+07    5 20151     184   1.0  1.58E-07  6.20E-07  4.70E-12  0.00
 8061 4.0305E+07    5 20153     184   1.0  1.58E-07  6.20E-07  4.65E-13  0.00
 8062 4.0310E+07    5 20156     184   1.0  1.58E-07  6.20E-07  4.54E-11  0.00
 8063 4.0315E+07    5 20158     184   1.0  1.58E-07  6.20E-07  1.10E-11  0.00
 8064 4.0320E+07    5 20161     184   1.0  1.58E-07  6.20E-07  1.02E-11  0.00
 8065 4.0325E+07    5 20163     184   1.0  1.58E-07  6.20E-07  7.32E-12  0.00
 8066 4.0330E+07    5 20166     184   1.0  1.58E-07  6.20E-07  2.03E-12  0.00
 8067 4.0335E+07    5 20168     184   1.0  1.58E-07  6.19E-07  1.60E-11  0.00
 8068 4.0340E+07    5 20171     184   1.0  1.58E-07  6.19E-07  1.67E-11  0.00
 8069 4.0345E+07    5 20173     184   1.0  1.58E-07  6.19E-07  2.95E-11  0.00
 8070 4.0350E+07    5 20176     184   1.0  1.58E-07  6.19E-07  9.05E-12  0.00
 8071 4.0355E+07    5 20178     184   1.0  1.58E-07  6.19E-07  6.60E-11  0.00
 8072 4.0360E+07    5 20181     184   1.0  1.58E-07  6.19E-07  8.64E-11  0.00
 8073 4.0365E+07    5 20183     184   1.0  1.58E-07  6.19E-07  6.55E-12  0.00
 8074 4.0370E+07    5 20186     184   1.0  1.59E-07  6.24E-07  3.28E-11  0.00
 8075 4.0375E+07    5 20188     184   1.0  1.59E-07  6.24E-07  1.53E-11  0.00
 8076 4.0380E+07    5 20191     184   1.0  1.59E-07  6.23E-07  1.78E-11  0.00
 8077 4.0385E+07    5 20193     184   1.0  1.59E-07  6.23E-07  1.02E-11  0.00
 8078 4.0390E+07    5 20196     184   1.0  1.59E-07  6.23E-07  1.41E-11  0.00
 8079 4.0395E+07    5 20198     184   1.0  1.68E-07  6.68E-07  1.92E-11  0.00
 8080 4.0400E+07    5 20201     184   1.0  1.71E-07  6.84E-07  5.85E-12  0.00
 8081 4.0405E+07    5 20203     184   1.0  1.71E-07  6.84E-07  9.32E-11  0.00
 8082 4.0410E+07    5 20206     184   1.0  1.71E-07  6.84E-07  6.53E-13  0.00
 8083 4.0415E+07    5 20208     184   1.0  1.70E-07  6.83E-07  9.73E-12  0.00
 8084 4.0420E+07    5 20211     184   1.0  1.70E-07  6.83E-07  6.82E-12  0.00
 8085 4.0425E+07    5 20213     184   1.0  1.70E-07  6.83E-07  1.86E-11  0.00
 8086 4.0430E+07    5 20216     184   1.0  1.70E-07  6.83E-07  1.15E-11  0.00
 8087 4.0435E+07    5 20218     184   1.0  1.70E-07  6.83E-07  2.50E-12  0.00
 8088 4.0440E+07    5 20221     184   1.0  1.70E-07  6.83E-07  9.33E-11  0.00
 8089 4.0445E+07    5 20223     184   1.0  1.70E-07  6.83E-07  5.11E-11  0.00
 8090 4.0450E+07    5 20226     184   1.0  1.70E-07  6.83E-07  3.51E-12  0.00
 8091 4.0455E+07    5 20228     184   1.0  1.70E-07  6.83E-07  3.17E-11  0.00
 8092 4.0460E+07    5 20231     184   1.0  1.70E-07  6.83E-07  9.16E-12  0.00
 8093 4.0465E+07    5 20233     184   1.0  1.70E-07  6.82E-07  1.13E-11  0.00
 8094 4.0470E+07    5 20236     184   1.0  1.70E-07  6.82E-07  3.49E-11  0.00
 8095 4.0475E+07    5 20238     184   1.0  1.70E-07  6.82E-07  2.29E-12  0.00
 8096 4.0480E+07    5 20241     184   1.0  1.70E-07  6.82E-07  2.07E-11  0.00
 8097 4.0485E+07    5 20243     184   1.0  1.70E-07  6.82E-07  3.37E-12  0.00
 8098 4.0490E+07    5 20246     184   1.0  1.70E-07  6.82E-07  5.06E-11  0.00
 8099 4.0495E+07    5 20248     184   1.0  1.70E-07  6.82E-07  5.35E-12  0.00
 8100 4.0500E+07    5 20251     184   1.0  1.70E-07  6.82E-07  3.72E-11  0.00
 8101 4.0505E+07    5 20253     184   1.0  1.70E-07  6.82E-07  7.56E-12  0.00
 8102 4.0510E+07    5 20256     184   1.0  1.70E-07  6.82E-07  1.52E-11  0.00
 8103 4.0515E+07    5 20258     184   1.0  1.70E-07  6.81E-07  1.70E-12  0.00
 8104 4.0520E+07    5 20261     184   1.0  1.70E-07  6.81E-07  1.23E-11  0.00
 8105 4.0525E+07    5 20263     184   1.0  1.70E-07  6.81E-07  1.24E-12  0.00
 8106 4.0530E+07    5 20266     184   1.0  1.70E-07  6.81E-07  6.77E-13  0.00
 8107 4.0535E+07    5 20268     184   1.0  1.70E-07  6.81E-07  3.00E-11  0.00
 8108 4.0540E+07    5 20271     184   1.0  1.70E-07  6.81E-07  2.18E-12  0.00
 8109 4.0545E+07    5 20273     184   1.0  1.70E-07  6.81E-07  4.30E-11  0.00
 8110 4.0550E+07    5 20276     184   1.0  1.70E-07  6.81E-07  1.61E-12  0.00
 8111 4.0555E+07    5 20278     184   1.0  1.70E-07  6.81E-07  3.10E-11  0.00
 8112 4.0560E+07    5 20281     184   1.0  1.70E-07  6.81E-07  4.39E-11  0.00
 8113 4.0565E+07    5 20283     184   1.0  1.70E-07  6.80E-07  1.98E-11  0.00
 8114 4.0570E+07    5 20286     184   1.0  1.70E-07  6.80E-07  1.37E-12  0.00
 8115 4.0575E+07    5 20288     184   1.0  1.70E-07  6.80E-07  1.74E-12  0.00
 8116 4.0580E+07    5 20291     184   1.0  1.70E-07  6.80E-07  3.51E-12  0.00
 8117 4.0585E+07    5 20293     184   1.0  1.70E-07  6.80E-07  1.28E-10  0.00
 8118 4.0590E+07    5 20296     184   1.0  1.70E-07  6.80E-07  2.48E-11  0.00
 8119 4.0595E+07    5 20298     184   1.0  1.70E-07  6.80E-07  3.82E-11  0.00
 8120 4.0600E+07    5 20301     184   1.0  1.70E-07  6.80E-07  2.76E-12  0.00
 8121 4.0605E+07    5 20303     184   1.0  1.70E-07  6.80E-07  9.37E-11  0.00
 8122 4.0610E+07    5 20306     184   1.0  1.69E-07  6.80E-07  1.06E-11  0.00
 8123 4.0615E+07    5 20308     184   1.0  1.69E-07  6.79E-07  9.37E-12  0.00
 8124 4.0620E+07    5 20311     184   1.0  1.69E-07  6.79E-07  5.14E-11  0.00
 8125 4.0625E+07    5 20313     184   1.0  1.69E-07  6.79E-07  2.99E-11  0.00
 8126 4.0630E+07    5 20316     184   1.0  1.69E-07  6.79E-07  6.92E-11  0.00
 8127 4.0635E+07    5 20318     184   1.0  1.69E-07  6.79E-07  2.54E-12  0.00
 8128 4.0640E+07    5 20321     184   1.0  1.69E-07  6.79E-07  4.87E-12  0.00
 8129 4.0645E+07    5 20323     184   1.0  1.69E-07  6.79E-07  3.63E-12  0.00
 8130 4.0650E+07    5 20326     184   1.0  1.69E-07  6.79E-07  1.95E-11  0.00
 8131 4.0655E+07    5 20328     184   1.0  1.69E-07  6.79E-07  5.28E-11  0.00
 8132 4.0660E+07    5 20331     184   1.0  1.69E-07  6.79E-07  2.40E-12  0.00
 8133 4.0665E+07    5 20333     184   1.0  1.69E-07  6.78E-07  2.92E-12  0.00
 8134 4.0670E+07    5 20336     184   1.0  1.69E-07  6.78E-07  3.63E-11  0.00
 8135 4.0675E+07    5 20338     184   1.0  1.69E-07  6.78E-07  4.11E-13  0.00
 8136 4.0680E+07    5 20341     184   1.0  1.69E-07  6.78E-07  3.97E-12  0.00
 8137 4.0685E+07    5 20343     184   1.0  1.49E-07  6.00E-07  1.91E-12  0.00
 8138 4.0690E+07    5 20346     184   1.0  1.46E-07  5.88E-07  4.59E-11  0.00
 8139 4.0695E+07    5 20348     184   1.0  1.46E-07  5.88E-07  3.80E-11  0.00
 8140 4.0700E+07    5 20351     184   1.0  1.46E-07  5.88E-07  4.10E-11  0.00
 8141 4.0705E+07    5 20353     184   1.0  1.45E-07  5.88E-07  3.31E-11  0.00
 8142 4.0710E+07    5 20356     184   1.0  1.32E-07  5.55E-07  8.40E-12  0.00
 8143 4.0715E+07    5 20358     184   1.0  1.21E-07  5.37E-07  4.95E-11  0.00
 8144 4.0720E+07    5 20361     184   1.0  1.24E-07  5.57E-07  3.44E-12  0.00
 8145 4.0725E+07    5 20363     184   1.0  1.24E-07  5.57E-07  1.65E-12  0.00
 8146 4.0730E+07    5 20366     184   1.0  1.24E-07  5.57E-07  3.68E-12  0.00
 8147 4.0735E+07    5 20368     184   1.0  1.24E-07  5.57E-07  8.23E-12  0.00
 8148 4.0740E+07    5 20371     184   1.0  1.24E-07  5.57E-07  1.85E-11  0.00
 8149 4.0745E+07    5 20373     184   1.0  1.24E-07  5.57E-07  2.62E-12  0.00
 8150 4.0750E+07    5 20376     184   1.0  1.24E-07  5.57E-07  1.14E-12  0.00
 8151 4.0755E+07    5 20378     184   1.0  1.24E-07  5.56E-07  9.78E-12  0.00
 8152 4.0760E+07    5 20381     184   1.0  1.24E-07  5.56E-07  1.99E-11  0.00
 8153 4.0765E+07    5 20383     184   1.0  1.24E-07  5.56E-07  1.78E-11  0.00
 8154 4.0770E+07    5 20386     184   1.0  1.24E-07  5.56E-07  2.34E-11  0.00
 8155 4.0775E+07    5 20388     184   1.0  1.24E-07  5.56E-07  3.52E-12  0.00
 8156 4.0780E+07    5 20391     184   1.0  1.24E-07  5.56E-07  1.55E-11  0.00
 8157 4.0785E+07    5 20393     184   1.0  1.24E-07  5.56E-07  1.17E-11  0.00
 8158 4.0790E+07    5 20396     184   1.0  1.24E-07  5.56E-07  3.41E-11  0.00
 8159 4.0795E+07    5 20398     184   1.0  1.24E-07  5.56E-07  2.99E-11  0.00
 8160 4.0800E+07    5 20401     184   1.0  1.24E-07  5.56E-07  5.58E-11  0.00
 8161 4.0805E+07    5 20403     184   1.0  1.24E-07  5.56E-07  9.40E-12  0.00
 8162 4.0810E+07    5 20406     184   1.0  1.24E-07  5.56E-07  2.48E-12  0.00
 8163 4.0815E+07    5 20408     184   1.0  1.24E-07  5.56E-07  2.08E-12  0.00
 8164 4.0820E+07    5 20411     184   1.0  1.24E-07  5.55E-07  8.63E-12  0.00
 8165 4.0825E+07    5 20413     184   1.0  1.24E-07  5.55E-07  2.68E-11  0.00
 8166 4.0830E+07    5 20416     184   1.0  1.24E-07  5.55E-07  8.48E-12  0.00
 8167 4.0835E+07    5 20418     184   1.0  1.24E-07  5.55E-07  8.06E-12  0.00
 8168 4.0840E+07    5 20421     184   1.0  1.24E-07  5.55E-07  5.63E-11  0.00
 8169 4.0845E+07    5 20423     184   1.0  1.24E-07  5.55E-07  4.31E-11  0.00
 8170 4.0850E+07    5 20426     184   1.0  1.24E-07  5.55E-07  1.02E-12  0.00
 8171 4.0855E+07    5 20428     184   1.0  1.24E-07  5.55E-07  1.16E-12  0.00
 8172 4.0860E+07    5 20431     184   1.0  1.24E-07  5.55E-07  3.35E-12  0.00
 8173 4.0865E+07    5 20433     184   1.0  1.24E-07  5.55E-07  5.79E-12  0.00
 8174 4.0870E+07    5 20436     184   1.0  1.24E-07  5.55E-07  1.31E-11  0.00
 8175 4.0875E+07    5 20438     184   1.0  1.24E-07  5.55E-07  7.14E-13  0.00
 8176 4.0880E+07    5 20441     184   1.0  1.24E-07  5.54E-07  5.79E-11  0.00
 8177 4.0885E+07    5 20443     184   1.0  1.24E-07  5.54E-07  3.50E-11  0.00
 8178 4.0890E+07    5 20446     184   1.0  1.24E-07  5.54E-07  3.81E-11  0.00
 8179 4.0895E+07    5 20448     184   1.0  1.24E-07  5.54E-07  2.64E-12  0.00
 8180 4.0900E+07    5 20451     184   1.0  1.24E-07  5.54E-07  3.59E-12  0.00
 8181 4.0905E+07    5 20453     184   1.0  1.23E-07  5.54E-07  2.64E-12  0.00
 8182 4.0910E+07    5 20456     184   1.0  1.22E-07  5.43E-07  4.00E-12  0.00
 8183 4.0915E+07    5 20458     184   1.0  1.18E-07  5.24E-07  4.94E-11  0.00
 8184 4.0920E+07    5 20461     184   1.0  1.18E-07  5.24E-07  1.79E-12  0.00
 8185 4.0925E+07    5 20463     184   1.0  1.18E-07  5.24E-07  3.37E-11  0.00
 8186 4.0930E+07    5 20466     184   1.0  1.18E-07  5.24E-07  3.36E-12  0.00
 8187 4.0935E+07    5 20468     184   1.0  1.18E-07  5.24E-07  1.63E-12  0.00
 8188 4.0940E+07    5 20471     184   1.0  1.18E-07  5.24E-07  4.15E-11  0.00
 8189 4.0945E+07    5 20473     184   1.0  1.18E-07  5.24E-07  5.46E-11  0.00
 8190 4.0950E+07    5 20476     184   1.0  1.18E-07  5.23E-07  2.80E-13  0.00
 8191 4.0955E+07    5 20478     184   1.0  1.18E-07  5.23E-07  6.12E-12  0.00
 8192 4.0960E+07    5 20481     184   1.0  1.18E-07  5.23E-07  3.97E-12  0.00
 8193 4.0965E+07    5 20483     184   1.0  1.18E-07  5.23E-07  2.45E-11  0.00
 8194 4.0970E+07    5 20486     184   1.0  1.18E-07  5.23E-07  2.38E-11  0.00
 8195 4.0975E+07    5 20488     184   1.0  1.18E-07  5.23E-07  6.53E-12  0.00
 8196 4.0980E+07    5 20491     184   1.0  1.18E-07  5.23E-07  1.07E-11  0.00
 8197 4.0985E+07    5 20493     184   1.0  1.18E-07  5.23E-07  2.83E-12  0.00
 8198 4.0990E+07    5 20496     184   1.0  1.18E-07  5.23E-07  6.26E-11  0.00
 8199 4.0995E+07    5 20498     184   1.0  1.18E-07  5.23E-07  1.74E-11  0.00
 8200 4.1000E+07    5 20501     184   1.0  1.18E-07  5.23E-07  3.21E-11  0.00
 8201 4.1005E+07    5 20503     184   1.0  1.18E-07  5.23E-07  3.35E-11  0.00
 8202 4.1010E+07    5 20506     184   1.0  1.18E-07  5.22E-07  1.95E-11  0.00
 8203 4.1015E+07    5 20508     184   1.0  1.18E-07  5.22E-07  1.61E-11  0.00
 8204 4.1020E+07    5 20511     184   1.0  1.18E-07  5.22E-07  6.66E-13  0.00
 8205 4.1025E+07    5 20513     184   1.0  1.18E-07  5.22E-07  1.88E-11  0.00
 8206 4.1030E+07    5 20516     184   1.0  1.18E-07  5.22E-07  2.20E-13  0.00
 8207 4.1035E+07    5 20518     184   1.0  1.18E-07  5.22E-07  6.52E-11  0.00
 8208 4.1040E+07    5 20521     184   1.0  1.18E-07  5.22E-07  2.79E-12  0.00
 8209 4.1045E+07    5 20523     184   1.0  1.18E-07  5.22E-07  3.99E-11  0.00
 8210 4.1050E+07    5 20526     184   1.0  1.18E-07  5.22E-07  3.20E-13  0.00
 8211 4.1055E+07    5 20528     184   1.0  1.18E-07  5.22E-07  5.89E-12  0.00
 8212 4.1060E+07    5 20531     184   1.0  1.18E-07  5.22E-07  7.39E-12  0.00
 8213 4.1065E+07    5 20533     184   1.0  1.17E-07  5.22E-07  4.89E-11  0.00
 8214 4.1070E+07    5 20536     184   1.0  1.17E-07  5.21E-07  3.06E-11  0.00
 8215 4.1075E+07    5 20538     184   1.0  1.17E-07  5.21E-07  4.03E-12  0.00
 8216 4.1080E+07    5 20541     184   1.0  1.17E-07  5.21E-07  5.36E-12  0.00
 8217 4.1085E+07    5 20543     184   1.0  1.17E-07  5.21E-07  1.12E-11  0.00
 8218 4.1090E+07    5 20546     184   1.0  1.17E-07  5.21E-07  8.63E-13  0.00
 8219 4.1095E+07    5 20548     184   1.0  1.17E-07  5.21E-07  3.87E-11  0.00
 8220 4.1100E+07    5 20551     184   1.0  1.17E-07  5.21E-07  5.98E-11  0.00
 8221 4.1105E+07    5 20553     184   1.0  1.17E-07  5.21E-07  1.89E-11  0.00
 8222 4.1110E+07    5 20556     184   1.0  1.17E-07  5.21E-07  3.50E-11  0.00
 8223 4.1115E+07    5 20558     184   1.0  1.17E-07  5.21E-07  9.81E-13  0.00
 8224 4.1120E+07    5 20561     184   1.0  1.17E-07  5.21E-07  5.60E-12  0.00
 8225 4.1125E+07    5 20563     184   1.0  1.17E-07  5.21E-07  4.57E-11  0.00
 8226 4.1130E+07    5 20566     184   1.0  1.17E-07  5.20E-07  1.87E-11  0.00
 8227 4.1135E+07    5 20568     184   1.0  1.17E-07  5.20E-07  4.31E-11  0.00
 8228 4.1140E+07    5 20571     184   1.0  1.17E-07  5.20E-07  2.19E-11  0.00
 8229 4.1145E+07    5 20573     184   1.0  1.17E-07  5.20E-07  3.59E-11  0.00
 8230 4.1150E+07    5 20576     184   1.0  1.17E-07  5.20E-07  3.33E-11  0.00
 8231 4.1155E+07    5 20578     184   1.0  1.17E-07  5.20E-07  6.55E-12  0.00
 8232 4.1160E+07    5 20581     184   1.0  1.17E-07  5.20E-07  2.03E-11  0.00
 8233 4.1165E+07    5 20583     184   1.0  1.17E-07  5.20E-07  6.48E-12  0.00
 8234 4.1170E+07    5 20586     184   1.0  1.17E-07  5.20E-07  3.80E-11  0.00
 8235 4.1175E+07    5 20588     184   1.0  1.17E-07  5.20E-07  3.48E-11  0.00
 8236 4.1180E+07    5 20591     184   1.0  1.17E-07  5.20E-07  2.90E-11  0.00
 8237 4.1185E+07    5 20593     184   1.0  1.17E-07  5.20E-07  2.04E-10  0.00
 8238 4.1190E+07    5 20596     184   1.0  1.17E-07  5.19E-07  6.91E-12  0.00
 8239 4.1195E+07    5 20598     184   1.0  1.17E-07  5.19E-07  5.43E-11  0.00
 8240 4.1200E+07    5 20601     184   1.0  1.17E-07  5.19E-07  6.18E-11  0.00
 8241 4.1205E+07    5 20603     184   1.0  1.17E-07  5.19E-07  3.07E-13  0.00
 8242 4.1210E+07    5 20606     184   1.0  1.17E-07  5.19E-07  2.44E-11  0.00
 8243 4.1215E+07    5 20608     184   1.0  1.17E-07  5.19E-07  2.87E-11  0.00
 8244 4.1220E+07    5 20611     184   1.0  1.17E-07  5.19E-07  1.12E-12  0.00
 8245 4.1225E+07    5 20613     184   1.0  1.17E-07  5.19E-07  6.80E-13  0.00
 8246 4.1230E+07    5 20616     184   1.0  1.17E-07  5.19E-07  6.35E-11  0.00
 8247 4.1235E+07    5 20618     184   1.0  1.17E-07  5.19E-07  9.64E-12  0.00
 8248 4.1240E+07    5 20621     184   1.0  1.17E-07  5.19E-07  1.44E-11  0.00
 8249 4.1245E+07    5 20623     184   1.0  1.17E-07  5.19E-07  8.68E-11  0.00
 8250 4.1250E+07    5 20626     184   1.0  1.17E-07  5.18E-07  4.59E-11  0.00
 8251 4.1255E+07    5 20628     184   1.0  1.17E-07  5.18E-07  1.97E-11  0.00
 8252 4.1260E+07    5 20631     184   1.0  1.17E-07  5.18E-07  6.39E-11  0.00
 8253 4.1265E+07    5 20633     184   1.0  1.26E-07  5.66E-07  1.88E-12  0.00
 8254 4.1270E+07    5 20636     184   1.0  1.37E-07  6.19E-07  4.02E-12  0.00
 8255 4.1275E+07    5 20638     184   1.0  1.37E-07  6.19E-07  2.36E-12  0.00
 8256 4.1280E+07    5 20641     184   1.0  1.37E-07  6.19E-07  1.45E-12  0.00
 8257 4.1285E+07    5 20643     184   1.0  1.37E-07  6.19E-07  6.56E-11  0.00
 8258 4.1290E+07    5 20646     184   1.0  1.37E-07  6.19E-07  3.27E-11  0.00
 8259 4.1295E+07    5 20648     184   1.0  1.37E-07  6.19E-07  3.53E-11  0.00
 8260 4.1300E+07    5 20651     184   1.0  1.37E-07  6.18E-07  1.44E-11  0.00
 8261 4.1305E+07    5 20653     184   1.0  1.37E-07  6.18E-07  1.69E-10  0.00
 8262 4.1310E+07    5 20656     184   1.0  1.37E-07  6.18E-07  5.25E-11  0.00
 8263 4.1315E+07    5 20658     184   1.0  1.37E-07  6.18E-07  8.50E-11  0.00
 8264 4.1320E+07    5 20661     184   1.0  1.37E-07  6.18E-07  6.03E-11  0.00
 8265 4.1325E+07    5 20663     184   1.0  1.37E-07  6.18E-07  9.45E-12  0.00
 8266 4.1330E+07    5 20666     184   1.0  1.37E-07  6.18E-07  4.24E-12  0.00
 8267 4.1335E+07    5 20668     184   1.0  1.37E-07  6.18E-07  1.17E-13  0.00
 8268 4.1340E+07    5 20671     184   1.0  1.37E-07  6.18E-07  1.17E-11  0.00
 8269 4.1345E+07    5 20673     184   1.0  1.37E-07  6.18E-07  3.47E-12  0.00
 8270 4.1350E+07    5 20676     184   1.0  1.37E-07  6.18E-07  1.68E-11  0.00
 8271 4.1355E+07    5 20678     184   1.0  1.37E-07  6.18E-07  8.13E-12  0.00
 8272 4.1360E+07    5 20681     184   1.0  1.37E-07  6.18E-07  7.67E-11  0.00
 8273 4.1365E+07    5 20683     184   1.0  1.37E-07  6.18E-07  2.03E-11  0.00
 8274 4.1370E+07    5 20686     184   1.0  1.37E-07  6.17E-07  1.43E-11  0.00
 8275 4.1375E+07    5 20688     184   1.0  1.37E-07  6.17E-07  3.25E-12  0.00
 8276 4.1380E+07    5 20691     184   1.0  1.37E-07  6.17E-07  3.52E-11  0.00
 8277 4.1385E+07    5 20693     184   1.0  1.37E-07  6.17E-07  1.02E-11  0.00
 8278 4.1390E+07    5 20696     184   1.0  1.37E-07  6.17E-07  3.42E-13  0.00
 8279 4.1395E+07    5 20698     184   1.0  1.37E-07  6.17E-07  1.45E-12  0.00
 8280 4.1400E+07    5 20701     184   1.0  1.37E-07  6.17E-07  2.01E-12  0.00
 8281 4.1405E+07    5 20703     184   1.0  1.37E-07  6.17E-07  1.38E-11  0.00
 8282 4.1410E+07    5 20706     184   1.0  1.37E-07  6.17E-07  4.33E-11  0.00
 8283 4.1415E+07    5 20708     184   1.0  1.37E-07  6.17E-07  3.74E-11  0.00
 8284 4.1420E+07    5 20711     184   1.0  1.37E-07  6.17E-07  3.88E-11  0.00
 8285 4.1425E+07    5 20713     184   1.0  1.37E-07  6.17E-07  7.85E-12  0.00
 8286 4.1430E+07    5 20716     184   1.0  1.37E-07  6.17E-07  2.17E-12  0.00
 8287 4.1435E+07    5 20718     184   1.0  1.37E-07  6.16E-07  1.95E-12  0.00
 8288 4.1440E+07    5 20721     184   1.0  1.37E-07  6.16E-07  1.35E-11  0.00
 8289 4.1445E+07    5 20723     184   1.0  1.37E-07  6.16E-07  1.27E-11  0.00
 8290 4.1450E+07    5 20726     184   1.0  1.37E-07  6.16E-07  1.57E-11  0.00
 8291 4.1455E+07    5 20728     184   1.0  1.36E-07  6.16E-07  1.99E-11  0.00
 8292 4.1460E+07    5 20731     184   1.0  1.36E-07  6.16E-07  7.84E-11  0.00
 8293 4.1465E+07    5 20733     184   1.0  1.36E-07  6.16E-07  4.26E-12  0.00
 8294 4.1470E+07    5 20736     184   1.0  1.36E-07  6.16E-07  1.49E-11  0.00
 8295 4.1475E+07    5 20738     184   1.0  1.36E-07  6.16E-07  1.06E-10  0.00
 8296 4.1480E+07    5 20741     184   1.0  1.36E-07  6.16E-07  6.46E-11  0.00
 8297 4.1485E+07    5 20743     184   1.0  1.36E-07  6.16E-07  4.28E-11  0.00
 8298 4.1490E+07    5 20746     184   1.0  1.36E-07  6.16E-07  1.39E-11  0.00
 8299 4.1495E+07    5 20748     184   1.0  1.36E-07  6.16E-07  1.57E-11  0.00
 8300 4.1500E+07    5 20751     184   1.0  1.36E-07  6.16E-07  6.06E-14  0.00
 8301 4.1505E+07    5 20753     184   1.0  1.36E-07  6.15E-07  4.15E-11  0.00
 8302 4.1510E+07    5 20756     184   1.0  1.36E-07  6.15E-07  9.35E-12  0.00
 8303 4.1515E+07    5 20758     184   1.0  1.36E-07  6.15E-07  7.79E-12  0.00
 8304 4.1520E+07    5 20761     184   1.0  1.36E-07  6.15E-07  1.50E-10  0.00
 8305 4.1525E+07    5 20763     184   1.0  1.36E-07  6.15E-07  6.98E-11  0.00
 8306 4.1530E+07    5 20766     184   1.0  1.36E-07  6.15E-07  3.89E-12  0.00
 8307 4.1535E+07    5 20768     184   1.0  1.36E-07  6.15E-07  6.93E-12  0.00
 8308 4.1540E+07    5 20771     184   1.0  1.36E-07  6.15E-07  2.98E-12  0.00
 8309 4.1545E+07    5 20773     184   1.0  1.36E-07  6.15E-07  2.13E-12  0.00
 8310 4.1550E+07    5 20776     184   1.0  1.36E-07  6.15E-07  1.16E-10  0.00
 8311 4.1555E+07    5 20778     184   1.0  1.36E-07  6.15E-07  1.65E-11  0.00
 8312 4.1560E+07    5 20781     184   1.0  1.36E-07  6.15E-07  3.30E-11  0.00
 8313 4.1565E+07    5 20783     184   1.0  1.36E-07  6.15E-07  2.65E-11  0.00
 8314 4.1570E+07    5 20786     184   1.0  1.36E-07  6.15E-07  5.21E-11  0.00
 8315 4.1575E+07    5 20788     184   1.0  1.36E-07  6.14E-07  4.66E-12  0.00
 8316 4.1580E+07    5 20791     184   1.0  1.36E-07  6.14E-07  2.47E-11  0.00
 8317 4.1585E+07    5 20793     184   1.0  1.36E-07  6.14E-07  1.84E-12  0.00
 8318 4.1590E+07    5 20796     184   1.0  1.36E-07  6.14E-07  3.74E-12  0.00
 8319 4.1595E+07    5 20798     184   1.0  1.36E-07  6.14E-07  8.78E-12  0.00
 8320 4.1600E+07    5 20801     184   1.0  1.36E-07  6.14E-07  1.25E-11  0.00
 8321 4.1605E+07    5 20803     184   1.0  1.36E-07  6.14E-07  2.08E-11  0.00
 8322 4.1610E+07    5 20806     184   1.0  1.36E-07  6.14E-07  8.70E-11  0.00
 8323 4.1615E+07    5 20808     184   1.0  1.44E-07  6.53E-07  1.23E-11  0.00
 8324 4.1620E+07    5 20811     184   1.0  1.49E-07  6.77E-07  3.13E-13  0.00
 8325 4.1625E+07    5 20813     184   1.0  1.48E-07  6.75E-07  1.08E-11  0.00
 8326 4.1630E+07    5 20816     184   1.0  1.46E-07  6.72E-07  4.90E-11  0.00
 8327 4.1635E+07    5 20818     184   1.0  1.46E-07  6.72E-07  8.97E-12  0.00
 8328 4.1640E+07    5 20821     184   1.0  1.46E-07  6.72E-07  2.34E-11  0.00
 8329 4.1645E+07    5 20823     184   1.0  1.46E-07  6.72E-07  3.74E-11  0.00
 8330 4.1650E+07    5 20826     184   1.0  1.46E-07  6.72E-07  8.44E-11  0.00
 8331 4.1655E+07    5 20828     184   1.0  1.46E-07  6.72E-07  3.90E-12  0.00
 8332 4.1660E+07    5 20831     184   1.0  1.46E-07  6.72E-07  1.22E-13  0.00
 8333 4.1665E+07    5 20833     184   1.0  1.46E-07  6.72E-07  6.52E-12  0.00
 8334 4.1670E+07    5 20836     184   1.0  1.46E-07  6.72E-07  2.55E-12  0.00
 8335 4.1675E+07    5 20838     184   1.0  1.46E-07  6.72E-07  4.70E-12  0.00
 8336 4.1680E+07    5 20841     184   1.0  1.46E-07  6.72E-07  1.34E-11  0.00
 8337 4.1685E+07    5 20843     184   1.0  1.46E-07  6.72E-07  5.18E-11  0.00
 8338 4.1690E+07    5 20846     184   1.0  1.46E-07  6.71E-07  1.45E-11  0.00
 8339 4.1695E+07    5 20848     184   1.0  1.46E-07  6.71E-07  5.88E-12  0.00
 8340 4.1700E+07    5 20851     184   1.0  1.46E-07  6.71E-07  1.18E-12  0.00
 8341 4.1705E+07    5 20853     184   1.0  1.46E-07  6.71E-07  6.83E-11  0.00
 8342 4.1710E+07    5 20856     184   1.0  1.46E-07  6.71E-07  3.70E-12  0.00
 8343 4.1715E+07    5 20858     184   1.0  1.46E-07  6.71E-07  5.34E-11  0.00
 8344 4.1720E+07    5 20861     184   1.0  1.46E-07  6.71E-07  1.24E-11  0.00
 8345 4.1725E+07    5 20863     184   1.0  1.46E-07  6.71E-07  8.68E-13  0.00
 8346 4.1730E+07    5 20866     184   1.0  1.46E-07  6.71E-07  1.02E-11  0.00
 8347 4.1735E+07    5 20868     184   1.0  1.46E-07  6.71E-07  4.23E-11  0.00
 8348 4.1740E+07    5 20871     184   1.0  1.46E-07  6.71E-07  4.22E-13  0.00
 8349 4.1745E+07    5 20873     184   1.0  1.46E-07  6.71E-07  6.24E-11  0.00
 8350 4.1750E+07    5 20876     184   1.0  1.46E-07  6.70E-07  4.11E-11  0.00
 8351 4.1755E+07    5 20878     184   1.0  1.46E-07  6.70E-07  9.75E-12  0.00
 8352 4.1760E+07    5 20881     184   1.0  1.46E-07  6.70E-07  3.12E-12  0.00
 8353 4.1765E+07    5 20883     184   1.0  1.46E-07  6.70E-07  1.14E-10  0.00
 8354 4.1770E+07    5 20886     184   1.0  1.46E-07  6.70E-07  3.51E-11  0.00
 8355 4.1775E+07    5 20888     184   1.0  1.46E-07  6.70E-07  3.31E-11  0.00
 8356 4.1780E+07    5 20891     184   1.0  1.46E-07  6.70E-07  4.96E-12  0.00
 8357 4.1785E+07    5 20893     184   1.0  1.46E-07  6.70E-07  2.73E-11  0.00
 8358 4.1790E+07    5 20896     184   1.0  1.46E-07  6.70E-07  4.62E-13  0.00
 8359 4.1795E+07    5 20898     184   1.0  1.46E-07  6.70E-07  1.63E-12  0.00
 8360 4.1800E+07    5 20901     184   1.0  1.46E-07  6.70E-07  4.70E-13  0.00
 8361 4.1805E+07    5 20903     184   1.0  1.46E-07  6.70E-07  7.77E-11  0.00
 8362 4.1810E+07    5 20906     184   1.0  1.46E-07  6.69E-07  3.82E-11  0.00
 8363 4.1815E+07    5 20908     184   1.0  1.46E-07  6.69E-07  1.81E-12  0.00
 8364 4.1820E+07    5 20911     184   1.0  1.46E-07  6.69E-07  2.45E-11  0.00
 8365 4.1825E+07    5 20913     184   1.0  1.46E-07  6.69E-07  4.95E-12  0.00
 8366 4.1830E+07    5 20916     184   1.0  1.46E-07  6.69E-07  2.22E-11  0.00
 8367 4.1835E+07    5 20918     184   1.0  1.46E-07  6.69E-07  2.53E-11  0.00
 8368 4.1840E+07    5 20921     184   1.0  1.46E-07  6.69E-07  1.67E-11  0.00
 8369 4.1845E+07    5 20923     184   1.0  1.45E-07  6.69E-07  4.87E-12  0.00
 8370 4.1850E+07    5 20926     184   1.0  1.45E-07  6.69E-07  8.25E-12  0.00
 8371 4.1855E+07    5 20928     184   1.0  1.45E-07  6.69E-07  2.54E-12  0.00
 8372 4.1860E+07    5 20931     184   1.0  1.45E-07  6.69E-07  2.73E-11  0.00
 8373 4.1865E+07    5 20933     184   1.0  1.45E-07  6.69E-07  1.76E-11  0.00
 8374 4.1870E+07    5 20936     184   1.0  1.45E-07  6.68E-07  9.64E-12  0.00
 8375 4.1875E+07    5 20938     184   1.0  1.45E-07  6.68E-07  4.45E-11  0.00
 8376 4.1880E+07    5 20941     184   1.0  1.45E-07  6.68E-07  3.63E-11  0.00
 8377 4.1885E+07    5 20943     184   1.0  1.45E-07  6.68E-07  3.75E-11  0.00
 8378 4.1890E+07    5 20946     184   1.0  1.45E-07  6.68E-07  4.91E-11  0.00
 8379 4.1895E+07    5 20948     184   1.0  1.45E-07  6.68E-07  7.77E-13  0.00
 8380 4.1900E+07    5 20951     184   1.0  1.45E-07  6.68E-07  1.62E-12  0.00
 8381 4.1905E+07    5 20953     184   1.0  1.45E-07  6.68E-07  3.14E-11  0.00
 8382 4.1910E+07    5 20956     184   1.0  1.45E-07  6.68E-07  7.69E-11  0.00
 8383 4.1915E+07    5 20958     184   1.0  1.45E-07  6.68E-07  7.39E-12  0.00
 8384 4.1920E+07    5 20961     184   1.0  1.45E-07  6.68E-07  1.67E-12  0.00
 8385 4.1925E+07    5 20963     184   1.0  1.45E-07  6.68E-07  3.08E-11  0.00
 8386 4.1930E+07    5 20966     184   1.0  1.45E-07  6.67E-07  4.86E-11  0.00
 8387 4.1935E+07    5 20968     184   1.0  1.45E-07  6.67E-07  7.39E-12  0.00
 8388 4.1940E+07    5 20971     184   1.0  1.45E-07  6.67E-07  7.32E-11  0.00
 8389 4.1945E+07    5 20973     184   1.0  1.45E-07  6.67E-07  2.67E-11  0.00
 8390 4.1950E+07    5 20976     184   1.0  1.45E-07  6.67E-07  4.90E-13  0.00
 8391 4.1955E+07    5 20978     184   1.0  1.45E-07  6.67E-07  1.23E-11  0.00
 8392 4.1960E+07    5 20981     184   1.0  1.45E-07  6.67E-07  2.95E-11  0.00
 8393 4.1965E+07    5 20983     184   1.0  1.45E-07  6.67E-07  6.54E-12  0.00
 8394 4.1970E+07    5 20986     184   1.0  1.45E-07  6.67E-07  2.08E-12  0.00
 8395 4.1975E+07    5 20988     184   1.0  1.45E-07  6.67E-07  1.07E-11  0.00
 8396 4.1980E+07    5 20991     184   1.0  1.45E-07  6.67E-07  1.62E-12  0.00
 8397 4.1985E+07    5 20993     184   1.0  1.45E-07  6.67E-07  1.60E-12  0.00
 8398 4.1990E+07    5 20996     184   1.0  1.45E-07  6.66E-07  1.88E-12  0.00
 8399 4.1995E+07    5 20998     184   1.0  1.45E-07  6.66E-07  1.84E-11  0.00
 8400 4.2000E+07    5 21001     184   1.0  1.45E-07  6.66E-07  6.98E-12  0.00
 8401 4.2005E+07    5 21003     184   1.0  1.45E-07  6.66E-07  3.67E-11  0.00
 8402 4.2010E+07    5 21006     184   1.0  1.45E-07  6.66E-07  8.62E-12  0.00
 8403 4.2015E+07    5 21008     184   1.0  1.45E-07  6.66E-07  1.50E-12  0.00
 8404 4.2020E+07    5 21011     184   1.0  1.45E-07  6.66E-07  1.41E-10  0.00
 8405 4.2025E+07    5 21013     184   1.0  1.45E-07  6.66E-07  3.31E-11  0.00
 8406 4.2030E+07    5 21016     184   1.0  1.45E-07  6.66E-07  1.53E-11  0.00
 8407 4.2035E+07    5 21018     184   1.0  1.45E-07  6.66E-07  7.44E-12  0.00
 8408 4.2040E+07    5 21021     184   1.0  1.45E-07  6.66E-07  3.83E-12  0.00
 8409 4.2045E+07    5 21023     184   1.0  1.45E-07  6.66E-07  2.22E-12  0.00
 8410 4.2050E+07    5 21026     184   1.0  1.45E-07  6.65E-07  3.67E-11  0.00
 8411 4.2055E+07    5 21028     184   1.0  1.45E-07  6.65E-07  4.30E-11  0.00
 8412 4.2060E+07    5 21031     184   1.0  1.45E-07  6.65E-07  4.62E-12  0.00
 8413 4.2065E+07    5 21033     184   1.0  1.45E-07  6.65E-07  2.57E-12  0.00
 8414 4.2070E+07    5 21036     184   1.0  1.45E-07  6.65E-07  6.95E-11  0.00
 8415 4.2075E+07    5 21038     184   1.0  1.44E-07  6.65E-07  7.49E-11  0.00
 8416 4.2080E+07    5 21041     184   1.0  1.44E-07  6.65E-07  1.60E-12  0.00
 8417 4.2085E+07    5 21043     184   1.0  1.44E-07  6.65E-07  2.57E-12  0.00
 8418 4.2090E+07    5 21046     184   1.0  1.44E-07  6.65E-07  3.37E-12  0.00
 8419 4.2095E+07    5 21048     184   1.0  1.44E-07  6.65E-07  1.19E-11  0.00
 8420 4.2100E+07    5 21051     184   1.0  1.44E-07  6.65E-07  3.91E-11  0.00
 8421 4.2105E+07    5 21053     184   1.0  1.44E-07  6.65E-07  3.32E-12  0.00
 8422 4.2110E+07    5 21056     184   1.0  1.44E-07  6.64E-07  1.56E-11  0.00
 8423 4.2115E+07    5 21058     183   1.0  1.44E-07  6.64E-07  7.55E-12  0.00
 8424 4.2120E+07    5 21061     183   1.0  1.44E-07  6.64E-07  3.24E-11  0.00
 8425 4.2125E+07    5 21063     183   1.0  1.44E-07  6.64E-07  2.56E-12  0.00
 8426 4.2130E+07    5 21066     183   1.0  1.44E-07  6.64E-07  2.68E-11  0.00
 8427 4.2135E+07    5 21068     183   1.0  1.44E-07  6.64E-07  2.46E-11  0.00
 8428 4.2140E+07    5 21071     183   1.0  1.44E-07  6.64E-07  3.42E-12  0.00
 8429 4.2145E+07    5 21073     183   1.0  1.44E-07  6.64E-07  2.01E-12  0.00
 8430 4.2150E+07    5 21076     183   1.0  1.44E-07  6.64E-07  3.72E-11  0.00
 8431 4.2155E+07    5 21078     183   1.0  1.44E-07  6.64E-07  3.96E-12  0.00
 8432 4.2160E+07    5 21081     183   1.0  1.44E-07  6.64E-07  4.02E-12  0.00
 8433 4.2165E+07    5 21083     183   1.0  1.44E-07  6.64E-07  2.79E-11  0.00
 8434 4.2170E+07    5 21086     183   1.0  1.44E-07  6.63E-07  2.71E-13  0.00
 8435 4.2175E+07    5 21088     183   1.0  1.44E-07  6.63E-07  8.09E-12  0.00
 8436 4.2180E+07    5 21091     183   1.0  1.44E-07  6.63E-07  4.37E-12  0.00
 8437 4.2185E+07    5 21093     183   1.0  1.44E-07  6.63E-07  2.19E-12  0.00
 8438 4.2190E+07    5 21096     183   1.0  1.44E-07  6.63E-07  5.84E-12  0.00
 8439 4.2195E+07    5 21098     183   1.0  1.44E-07  6.63E-07  4.76E-11  0.00
 8440 4.2200E+07    5 21101     183   1.0  1.44E-07  6.63E-07  1.51E-12  0.00
 8441 4.2205E+07    5 21103     183   1.0  1.44E-07  6.63E-07  2.26E-11  0.00
 8442 4.2210E+07    5 21106     183   1.0  1.44E-07  6.63E-07  2.97E-11  0.00
 8443 4.2215E+07    5 21108     183   1.0  1.44E-07  6.63E-07  2.29E-11  0.00
 8444 4.2220E+07    5 21111     183   1.0  1.44E-07  6.63E-07  4.20E-11  0.00
 8445 4.2225E+07    5 21113     183   1.0  1.44E-07  6.62E-07  1.26E-12  0.00
 8446 4.2230E+07    5 21116     183   1.0  1.44E-07  6.62E-07  1.05E-12  0.00
 8447 4.2235E+07    5 21118     183   1.0  1.44E-07  6.62E-07  1.34E-11  0.00
 8448 4.2240E+07    5 21121     183   1.0  1.44E-07  6.62E-07  1.10E-12  0.00
 8449 4.2245E+07    5 21123     183   1.0  1.44E-07  6.62E-07  1.29E-12  0.00
 8450 4.2250E+07    5 21126     183   1.0  1.44E-07  6.62E-07  2.25E-12  0.00
 8451 4.2255E+07    5 21128     183   1.0  1.44E-07  6.62E-07  3.68E-11  0.00
 8452 4.2260E+07    5 21131     183   1.0  1.44E-07  6.62E-07  5.76E-11  0.00
 8453 4.2265E+07    5 21133     183   1.0  1.44E-07  6.62E-07  5.72E-12  0.00
 8454 4.2270E+07    5 21136     183   1.0  1.44E-07  6.62E-07  7.23E-12  0.00
 8455 4.2275E+07    5 21138     183   1.0  1.44E-07  6.62E-07  1.35E-11  0.00
 8456 4.2280E+07    5 21141     183   1.0  1.44E-07  6.62E-07  4.61E-12  0.00
 8457 4.2285E+07    5 21143     183   1.0  1.44E-07  6.61E-07  1.41E-12  0.00
 8458 4.2290E+07    5 21146     183   1.0  1.44E-07  6.61E-07  2.77E-11  0.00
 8459 4.2295E+07    5 21148     183   1.0  1.44E-07  6.61E-07  3.34E-11  0.00
 8460 4.2300E+07    5 21151     183   1.0  1.43E-07  6.61E-07  4.60E-11  0.00
 8461 4.2305E+07    5 21153     183   1.0  1.43E-07  6.61E-07  4.45E-12  0.00
 8462 4.2310E+07    5 21156     183   1.0  1.43E-07  6.61E-07  1.76E-11  0.00
 8463 4.2315E+07    5 21158     183   1.0  1.43E-07  6.61E-07  5.98E-11  0.00
 8464 4.2320E+07    5 21161     183   1.0  1.43E-07  6.61E-07  1.72E-11  0.00
 8465 4.2325E+07    5 21163     183   1.0  1.43E-07  6.61E-07  2.80E-13  0.00
 8466 4.2330E+07    5 21166     183   1.0  1.43E-07  6.61E-07  3.37E-11  0.00
 8467 4.2335E+07    5 21168     183   1.0  1.43E-07  6.61E-07  5.05E-11  0.00
 8468 4.2340E+07    5 21171     183   1.0  1.43E-07  6.60E-07  4.00E-11  0.00
 8469 4.2345E+07    5 21173     183   1.0  1.43E-07  6.60E-07  3.07E-12  0.00
 8470 4.2350E+07    5 21176     183   1.0  1.43E-07  6.60E-07  6.80E-12  0.00
 8471 4.2355E+07    5 21178     183   1.0  1.43E-07  6.60E-07  1.36E-11  0.00
 8472 4.2360E+07    5 21181     183   1.0  1.43E-07  6.60E-07  1.33E-11  0.00
 8473 4.2365E+07    5 21183     183   1.0  1.43E-07  6.60E-07  2.02E-11  0.00
 8474 4.2370E+07    5 21186     183   1.0  1.43E-07  6.60E-07  3.55E-12  0.00
 8475 4.2375E+07    5 21188     183   1.0  1.43E-07  6.60E-07  1.92E-12  0.00
 8476 4.2380E+07    5 21191     183   1.0  1.43E-07  6.60E-07  3.75E-11  0.00
 8477 4.2385E+07    5 21193     183   1.0  1.43E-07  6.60E-07  1.23E-11  0.00
 8478 4.2390E+07    5 21196     183   1.0  1.43E-07  6.60E-07  1.66E-12  0.00
 8479 4.2395E+07    5 21198     183   1.0  1.43E-07  6.60E-07  2.45E-12  0.00
 8480 4.2400E+07    5 21201     183   1.0  1.43E-07  6.59E-07  4.07E-11  0.00
 8481 4.2405E+07    5 21203     183   1.0  1.43E-07  6.59E-07  6.12E-11  0.00
 8482 4.2410E+07    5 21206     183   1.0  1.43E-07  6.59E-07  2.07E-13  0.00
 8483 4.2415E+07    5 21208     183   1.0  1.43E-07  6.59E-07  5.30E-12  0.00
 8484 4.2420E+07    5 21211     183   1.0  1.43E-07  6.59E-07  4.70E-11  0.00
 8485 4.2425E+07    5 21213     183   1.0  1.43E-07  6.59E-07  3.67E-11  0.00
 8486 4.2430E+07    5 21216     183   1.0  1.43E-07  6.59E-07  8.14E-11  0.00
 8487 4.2435E+07    5 21218     183   1.0  1.43E-07  6.59E-07  1.20E-12  0.00
 8488 4.2440E+07    5 21221     183   1.0  1.43E-07  6.59E-07  4.55E-11  0.00
 8489 4.2445E+07    5 21223     183   1.0  1.43E-07  6.59E-07  1.06E-11  0.00
 8490 4.2450E+07    5 21226     183   1.0  1.43E-07  6.59E-07  4.94E-12  0.00
 8491 4.2455E+07    5 21228     183   1.0  1.43E-07  6.58E-07  1.14E-11  0.00
 8492 4.2460E+07    5 21231     183   1.0  1.43E-07  6.58E-07  8.34E-12  0.00
 8493 4.2465E+07    5 21233     183   1.0  1.43E-07  6.58E-07  1.48E-13  0.00
 8494 4.2470E+07    5 21236     183   1.0  1.43E-07  6.58E-07  8.68E-12  0.00
 8495 4.2475E+07    5 21238     183   1.0  1.43E-07  6.58E-07  2.61E-11  0.00
 8496 4.2480E+07    5 21241     183   1.0  1.43E-07  6.58E-07  2.36E-11  0.00
 8497 4.2485E+07    5 21243     183   1.0  1.43E-07  6.58E-07  1.06E-10  0.00
 8498 4.2490E+07    5 21246     183   1.0  1.43E-07  6.58E-07  6.68E-11  0.00
 8499 4.2495E+07    5 21248     183   1.0  1.43E-07  6.58E-07  1.98E-12  0.00
 8500 4.2500E+07    5 21251     183   1.0  1.43E-07  6.58E-07  1.18E-11  0.00
 8501 4.2505E+07    5 21253     183   1.0  1.43E-07  6.58E-07  1.36E-11  0.00
 8502 4.2510E+07    5 21256     183   1.0  1.43E-07  6.58E-07  3.93E-13  0.00
 8503 4.2515E+07    5 21258     183   1.0  1.43E-07  6.57E-07  6.09E-12  0.00
 8504 4.2520E+07    5 21261     183   1.0  1.43E-07  6.57E-07  2.45E-11  0.00
 8505 4.2525E+07    5 21263     183   1.0  1.43E-07  6.57E-07  3.12E-11  0.00
 8506 4.2530E+07    5 21266     183   1.0  1.40E-07  6.66E-07  1.12E-11  0.00
 8507 4.2535E+07    5 21268     183   1.0  1.39E-07  6.69E-07  2.26E-11  0.00
 8508 4.2540E+07    5 21271     183   1.0  1.39E-07  6.69E-07  6.55E-12  0.00
 8509 4.2545E+07    5 21273     183   1.0  1.39E-07  6.69E-07  1.68E-11  0.00
 8510 4.2550E+07    5 21276     183   1.0  1.39E-07  6.69E-07  2.03E-11  0.00
 8511 4.2555E+07    5 21278     183   1.0  1.39E-07  6.69E-07  1.65E-11  0.00
 8512 4.2560E+07    5 21281     183   1.0  1.39E-07  6.69E-07  5.29E-11  0.00
 8513 4.2565E+07    5 21283     183   1.0  1.39E-07  6.68E-07  1.29E-11  0.00
 8514 4.2570E+07    5 21286     183   1.0  1.39E-07  6.68E-07  2.93E-11  0.00
 8515 4.2575E+07    5 21288     183   1.0  1.42E-07  6.83E-07  5.87E-14  0.00
 8516 4.2580E+07    5 21291     183   1.0  1.49E-07  7.26E-07  6.27E-12  0.00
 8517 4.2585E+07    5 21293     183   1.0  1.49E-07  7.26E-07  2.08E-11  0.00
 8518 4.2590E+07    5 21296     183   1.0  1.49E-07  7.26E-07  7.40E-11  0.00
 8519 4.2595E+07    5 21298     183   1.0  1.51E-07  7.39E-07  6.31E-12  0.00
 8520 4.2600E+07    5 21301     183   1.0  1.51E-07  7.44E-07  1.07E-11  0.00
 8521 4.2605E+07    5 21303     183   1.0  1.51E-07  7.44E-07  1.36E-11  0.00
 8522 4.2610E+07    5 21306     183   1.0  1.51E-07  7.44E-07  4.86E-11  0.00
 8523 4.2615E+07    5 21308     183   1.0  1.51E-07  7.44E-07  1.25E-11  0.00
 8524 4.2620E+07    5 21311     183   1.0  1.51E-07  7.44E-07  8.62E-12  0.00
 8525 4.2625E+07    5 21313     183   1.0  1.51E-07  7.44E-07  6.83E-11  0.00
 8526 4.2630E+07    5 21316     183   1.0  1.51E-07  7.44E-07  2.52E-11  0.00
 8527 4.2635E+07    5 21318     183   1.0  1.51E-07  7.44E-07  3.11E-12  0.00
 8528 4.2640E+07    5 21321     183   1.0  1.51E-07  7.43E-07  5.67E-11  0.00
 8529 4.2645E+07    5 21323     183   1.0  1.51E-07  7.43E-07  3.07E-11  0.00
 8530 4.2650E+07    5 21326     183   1.0  1.51E-07  7.43E-07  4.80E-11  0.00
 8531 4.2655E+07    5 21328     183   1.0  1.51E-07  7.43E-07  1.36E-11  0.00
 8532 4.2660E+07    5 21331     183   1.0  1.51E-07  7.43E-07  2.48E-12  0.00
 8533 4.2665E+07    5 21333     183   1.0  1.51E-07  7.43E-07  1.80E-11  0.00
 8534 4.2670E+07    5 21336     183   1.0  1.51E-07  7.43E-07  7.78E-11  0.00
 8535 4.2675E+07    5 21338     183   1.0  1.51E-07  7.43E-07  9.42E-11  0.00
 8536 4.2680E+07    5 21341     183   1.0  1.51E-07  7.43E-07  6.30E-11  0.00
 8537 4.2685E+07    5 21343     183   1.0  1.51E-07  7.43E-07  4.37E-11  0.00
 8538 4.2690E+07    5 21346     183   1.0  1.51E-07  7.43E-07  4.19E-11  0.00
 8539 4.2695E+07    5 21348     183   1.0  1.51E-07  7.43E-07  7.84E-11  0.00
 8540 4.2700E+07    5 21351     183   1.0  1.51E-07  7.43E-07  3.37E-12  0.00
 8541 4.2705E+07    5 21353     183   1.0  1.51E-07  7.43E-07  1.15E-11  0.00
 8542 4.2710E+07    5 21356     183   1.0  1.51E-07  7.43E-07  1.30E-11  0.00
 8543 4.2715E+07    5 21358     183   1.0  1.51E-07  7.43E-07  7.40E-11  0.00
 8544 4.2720E+07    5 21361     183   1.0  1.51E-07  7.43E-07  2.61E-12  0.00
 8545 4.2725E+07    5 21363     183   1.0  1.51E-07  7.43E-07  5.35E-11  0.00
 8546 4.2730E+07    5 21366     183   1.0  1.51E-07  7.43E-07  5.67E-11  0.00
 8547 4.2735E+07    5 21368     183   1.0  1.51E-07  7.43E-07  6.32E-11  0.00
 8548 4.2740E+07    5 21371     183   1.0  1.51E-07  7.42E-07  5.98E-11  0.00
 8549 4.2745E+07    5 21373     183   1.0  1.51E-07  7.42E-07  5.33E-12  0.00
 8550 4.2750E+07    5 21376     183   1.0  1.51E-07  7.42E-07  3.58E-11  0.00
 8551 4.2755E+07    5 21378     183   1.0  1.51E-07  7.42E-07  9.10E-12  0.00
 8552 4.2760E+07    5 21381     183   1.0  1.51E-07  7.42E-07  2.04E-11  0.00
 8553 4.2765E+07    5 21383     183   1.0  1.51E-07  7.42E-07  1.70E-11  0.00
 8554 4.2770E+07    5 21386     183   1.0  1.51E-07  7.42E-07  3.77E-12  0.00
 8555 4.2775E+07    5 21388     183   1.0  1.51E-07  7.42E-07  3.90E-11  0.00
 8556 4.2780E+07    5 21391     183   1.0  1.51E-07  7.42E-07  5.57E-11  0.00
 8557 4.2785E+07    5 21393     183   1.0  1.51E-07  7.42E-07  4.54E-11  0.00
 8558 4.2790E+07    5 21396     183   1.0  1.51E-07  7.42E-07  4.33E-11  0.00
 8559 4.2795E+07    5 21398     183   1.0  1.50E-07  7.42E-07  2.36E-12  0.00
 8560 4.2800E+07    5 21401     183   1.0  1.50E-07  7.42E-07  2.88E-11  0.00
 8561 4.2805E+07    5 21403     183   1.0  1.50E-07  7.42E-07  8.18E-11  0.00
 8562 4.2810E+07    5 21406     183   1.0  1.50E-07  7.42E-07  2.70E-12  0.00
 8563 4.2815E+07    5 21408     183   1.0  1.50E-07  7.42E-07  9.15E-11  0.00
 8564 4.2820E+07    5 21411     183   1.0  1.50E-07  7.42E-07  1.37E-11  0.00
 8565 4.2825E+07    5 21413     183   1.0  1.50E-07  7.42E-07  1.74E-12  0.00
 8566 4.2830E+07    5 21416     183   1.0  1.50E-07  7.42E-07  2.31E-12  0.00
 8567 4.2835E+07    5 21418     183   1.0  1.50E-07  7.42E-07  3.68E-11  0.00
 8568 4.2840E+07    5 21421     183   1.0  1.50E-07  7.41E-07  1.00E-12  0.00
 8569 4.2845E+07    5 21423     183   1.0  1.55E-07  7.39E-07  9.87E-11  0.00
 8570 4.2850E+07    5 21426     183   1.0  1.62E-07  7.33E-07  2.05E-11  0.00
 8571 4.2855E+07    5 21428     183   1.0  1.62E-07  7.33E-07  1.51E-11  0.00
 8572 4.2860E+07    5 21431     183   1.0  1.62E-07  7.33E-07  2.45E-12  0.00
 8573 4.2865E+07    5 21433     183   1.0  1.62E-07  7.33E-07  3.31E-11  0.00
 8574 4.2870E+07    5 21436     183   1.0  1.62E-07  7.33E-07  3.29E-11  0.00
 8575 4.2875E+07    5 21438     183   1.0  1.62E-07  7.33E-07  1.09E-12  0.00
 8576 4.2880E+07    5 21441     183   1.0  1.62E-07  7.33E-07  5.60E-11  0.00
 8577 4.2885E+07    5 21443     183   1.0  1.62E-07  7.33E-07  1.55E-12  0.00
 8578 4.2890E+07    5 21446     183   1.0  1.62E-07  7.33E-07  1.83E-11  0.00
 8579 4.2895E+07    5 21448     183   1.0  1.62E-07  7.32E-07  8.61E-11  0.00
 8580 4.2900E+07    5 21451     183   1.0  1.62E-07  7.32E-07  1.09E-12  0.00
 8581 4.2905E+07    5 21453     183   1.0  1.62E-07  7.32E-07  3.06E-13  0.00
 8582 4.2910E+07    5 21456     183   1.0  1.62E-07  7.32E-07  1.55E-12  0.00
 8583 4.2915E+07    5 21458     183   1.0  1.62E-07  7.32E-07  1.62E-11  0.00
 8584 4.2920E+07    5 21461     183   1.0  1.76E-07  8.21E-07  3.25E-12  0.00
 8585 4.2925E+07    5 21463     183   1.0  1.88E-07  8.90E-07  1.13E-12  0.00
 8586 4.2930E+07    5 21466     183   1.0  1.88E-07  8.90E-07  2.78E-11  0.00
 8587 4.2935E+07    5 21468     183   1.0  1.88E-07  8.89E-07  3.10E-11  0.00
 8588 4.2940E+07    5 21471     183   1.0  1.88E-07  8.89E-07  6.96E-13  0.00
 8589 4.2945E+07    5 21473     183   1.0  1.88E-07  8.89E-07  2.38E-12  0.00
 8590 4.2950E+07    5 21476     183   1.0  1.88E-07  8.89E-07  5.74E-11  0.00
 8591 4.2955E+07    5 21478     183   1.0  1.88E-07  8.89E-07  5.79E-11  0.00
 8592 4.2960E+07    5 21481     183   1.0  1.88E-07  8.89E-07  2.99E-11  0.00
 8593 4.2965E+07    5 21483     183   1.0  1.88E-07  8.89E-07  3.44E-12  0.00
 8594 4.2970E+07    5 21486     183   1.0  1.88E-07  8.89E-07  6.31E-13  0.00
 8595 4.2975E+07    5 21488     183   1.0  1.88E-07  8.89E-07  5.71E-11  0.00
 8596 4.2980E+07    5 21491     183   1.0  1.88E-07  8.89E-07  2.93E-12  0.00
 8597 4.2985E+07    5 21493     183   1.0  1.88E-07  8.89E-07  3.81E-12  0.00
 8598 4.2990E+07    5 21496     183   1.0  1.88E-07  8.89E-07  1.61E-11  0.00
 8599 4.2995E+07    5 21498     183   1.0  1.88E-07  8.89E-07  2.53E-13  0.00
 8600 4.3000E+07    5 21501     183   1.0  1.88E-07  8.89E-07  4.72E-12  0.00
 8601 4.3005E+07    5 21503     183   1.0  1.88E-07  8.88E-07  4.83E-12  0.00
 8602 4.3010E+07    5 21506     183   1.0  1.88E-07  8.88E-07  7.79E-12  0.00
 8603 4.3015E+07    5 21508     183   1.0  1.88E-07  8.88E-07  4.08E-12  0.00
 8604 4.3020E+07    5 21511     183   1.0  1.88E-07  8.88E-07  7.09E-11  0.00
 8605 4.3025E+07    5 21513     183   1.0  1.87E-07  8.88E-07  7.42E-11  0.00
 8606 4.3030E+07    5 21516     183   1.0  1.87E-07  8.88E-07  6.22E-12  0.00
 8607 4.3035E+07    5 21518     183   1.0  1.87E-07  8.88E-07  3.33E-11  0.00
 8608 4.3040E+07    5 21521     183   1.0  1.87E-07  8.88E-07  4.33E-11  0.00
 8609 4.3045E+07    5 21523     183   1.0  1.87E-07  8.88E-07  3.49E-11  0.00
 8610 4.3050E+07    5 21526     183   1.0  1.87E-07  8.88E-07  1.30E-11  0.00
 8611 4.3055E+07    5 21528     183   1.0  1.87E-07  8.88E-07  5.09E-11  0.00
 8612 4.3060E+07    5 21531     183   1.0  1.87E-07  8.88E-07  5.04E-12  0.00
 8613 4.3065E+07    5 21533     183   1.0  1.87E-07  8.88E-07  1.91E-11  0.00
 8614 4.3070E+07    5 21536     183   1.0  1.87E-07  8.87E-07  1.23E-11  0.00
 8615 4.3075E+07    5 21538     183   1.0  1.87E-07  8.87E-07  2.86E-12  0.00
 8616 4.3080E+07    5 21541     183   1.0  1.87E-07  8.87E-07  3.06E-11  0.00
 8617 4.3085E+07    5 21543     183   1.0  1.87E-07  8.87E-07  6.04E-12  0.00
 8618 4.3090E+07    5 21546     183   1.0  1.87E-07  8.87E-07  3.77E-11  0.00
 8619 4.3095E+07    5 21548     183   1.0  1.87E-07  8.87E-07  5.21E-12  0.00
 8620 4.3100E+07    5 21551     183   1.0  1.87E-07  8.87E-07  2.02E-11  0.00
 8621 4.3105E+07    5 21553     183   1.0  1.87E-07  8.87E-07  6.34E-12  0.00
 8622 4.3110E+07    5 21556     183   1.0  1.87E-07  8.87E-07  4.64E-11  0.00
 8623 4.3115E+07    5 21558     183   1.0  1.87E-07  8.87E-07  1.17E-11  0.00
 8624 4.3120E+07    5 21561     183   1.0  1.87E-07  8.87E-07  1.18E-10  0.00
 8625 4.3125E+07    5 21563     183   1.0  1.87E-07  8.87E-07  1.21E-11  0.00
 8626 4.3130E+07    5 21566     183   1.0  1.87E-07  8.87E-07  4.52E-12  0.00
 8627 4.3135E+07    5 21568     183   1.0  1.87E-07  8.86E-07  5.03E-11  0.00
 8628 4.3140E+07    5 21571     183   1.0  1.87E-07  8.86E-07  7.22E-11  0.00
 8629 4.3145E+07    5 21573     183   1.0  1.87E-07  8.86E-07  4.89E-11  0.00
 8630 4.3150E+07    5 21576     183   1.0  1.87E-07  8.86E-07  7.48E-12  0.00
 8631 4.3155E+07    5 21578     183   1.0  1.87E-07  8.86E-07  6.21E-12  0.00
 8632 4.3160E+07    5 21581     183   1.0  1.87E-07  8.86E-07  3.56E-12  0.00
 8633 4.3165E+07    5 21583     183   1.0  1.87E-07  8.86E-07  3.51E-12  0.00
 8634 4.3170E+07    5 21586     183   1.0  1.87E-07  8.86E-07  1.40E-11  0.00
 8635 4.3175E+07    5 21588     183   1.0  1.87E-07  8.86E-07  8.92E-12  0.00
 8636 4.3180E+07    5 21591     183   1.0  1.87E-07  8.86E-07  5.88E-11  0.00
 8637 4.3185E+07    5 21593     183   1.0  1.86E-07  8.72E-07  6.58E-12  0.00
 8638 4.3190E+07    5 21596     183   1.0  1.83E-07  8.35E-07  6.49E-13  0.00
 8639 4.3195E+07    5 21598     183   1.0  1.83E-07  8.35E-07  3.09E-12  0.00
 8640 4.3200E+07    5 21601     183   1.0  1.83E-07  8.35E-07  4.70E-11  0.00
 8641 4.3205E+07    5 21603     183   1.0  1.83E-07  8.35E-07  3.16E-11  0.00
 8642 4.3210E+07    5 21606     183   1.0  1.83E-07  8.35E-07  8.10E-12  0.00
 8643 4.3215E+07    5 21608     183   1.0  1.83E-07  8.35E-07  4.94E-12  0.00
 8644 4.3220E+07    5 21611     183   1.0  1.83E-07  8.35E-07  1.31E-11  0.00
 8645 4.3225E+07    5 21613     183   1.0  1.83E-07  8.35E-07  8.01E-13  0.00
 8646 4.3230E+07    5 21616     183   1.0  1.83E-07  8.35E-07  4.56E-11  0.00
 8647 4.3235E+07    5 21618     183   1.0  1.83E-07  8.35E-07  8.24E-12  0.00
 8648 4.3240E+07    5 21621     183   1.0  1.83E-07  8.35E-07  1.24E-12  0.00
 8649 4.3245E+07    5 21623     183   1.0  1.83E-07  8.35E-07  1.03E-11  0.00
 8650 4.3250E+07    5 21626     183   1.0  1.83E-07  8.35E-07  1.40E-12  0.00
 8651 4.3255E+07    5 21628     183   1.0  1.83E-07  8.35E-07  1.26E-12  0.00
 8652 4.3260E+07    5 21631     183   1.0  1.83E-07  8.34E-07  2.78E-11  0.00
 8653 4.3265E+07    5 21633     183   1.0  1.83E-07  8.34E-07  1.72E-13  0.00
 8654 4.3270E+07    5 21636     183   1.0  1.83E-07  8.34E-07  1.76E-12  0.00
 8655 4.3275E+07    5 21638     183   1.0  1.83E-07  8.34E-07  9.38E-12  0.00
 8656 4.3280E+07    5 21641     183   1.0  1.83E-07  8.34E-07  3.47E-11  0.00
 8657 4.3285E+07    5 21643     183   1.0  1.83E-07  8.34E-07  5.86E-11  0.00
 8658 4.3290E+07    5 21646     183   1.0  1.83E-07  8.34E-07  4.00E-12  0.00
 8659 4.3295E+07    5 21648     183   1.0  1.83E-07  8.34E-07  7.98E-13  0.00
 8660 4.3300E+07    5 21651     183   1.0  1.83E-07  8.34E-07  1.22E-11  0.00
 8661 4.3305E+07    5 21653     183   1.0  1.83E-07  8.34E-07  3.99E-12  0.00
 8662 4.3310E+07    5 21656     183   1.0  1.83E-07  8.34E-07  4.93E-12  0.00
 8663 4.3315E+07    5 21658     183   1.0  1.83E-07  8.34E-07  5.71E-11  0.00
 8664 4.3320E+07    5 21661     183   1.0  1.83E-07  8.34E-07  8.07E-13  0.00
 8665 4.3325E+07    5 21663     183   1.0  1.83E-07  8.34E-07  4.95E-11  0.00
 8666 4.3330E+07    5 21666     183   1.0  1.83E-07  8.34E-07  5.70E-11  0.00
 8667 4.3335E+07    5 21668     183   1.0  1.83E-07  8.34E-07  5.73E-11  0.00
 8668 4.3340E+07    5 21671     183   1.0  1.83E-07  8.34E-07  6.32E-11  0.00
 8669 4.3345E+07    5 21673     183   1.0  1.83E-07  8.34E-07  1.01E-12  0.00
 8670 4.3350E+07    5 21676     183   1.0  1.83E-07  8.34E-07  1.07E-12  0.00
 8671 4.3355E+07    5 21678     183   1.0  1.83E-07  8.34E-07  7.26E-12  0.00
 8672 4.3360E+07    5 21681     182   1.0  1.83E-07  8.34E-07  9.41E-11  0.00
 8673 4.3365E+07    5 21683     182   1.0  1.83E-07  8.34E-07  6.46E-12  0.00
 8674 4.3370E+07    5 21686     182   1.0  1.83E-07  8.34E-07  1.76E-12  0.00
 8675 4.3375E+07    5 21688     182   1.0  1.83E-07  8.34E-07  2.94E-11  0.00
 8676 4.3380E+07    5 21691     182   1.0  1.83E-07  8.34E-07  3.52E-11  0.00
 8677 4.3385E+07    5 21693     182   1.0  1.83E-07  8.34E-07  2.29E-12  0.00
 8678 4.3390E+07    5 21696     182   1.0  1.83E-07  8.34E-07  5.89E-11  0.00
 8679 4.3395E+07    5 21698     182   1.0  1.83E-07  8.34E-07  1.57E-11  0.00
 8680 4.3400E+07    5 21701     181   1.0  1.83E-07  8.34E-07  3.48E-12  0.00
 8681 4.3405E+07    5 21703     181   1.0  1.83E-07  8.34E-07  2.18E-12  0.00
 8682 4.3410E+07    5 21706     181   1.0  1.83E-07  8.34E-07  7.37E-11  0.00
 8683 4.3415E+07    5 21708     181   1.0  1.83E-07  8.34E-07  4.13E-11  0.00
 8684 4.3420E+07    5 21711     181   1.0  1.83E-07  8.34E-07  1.71E-12  0.00
 8685 4.3425E+07    5 21713     181   1.0  1.83E-07  8.34E-07  8.62E-11  0.00
 8686 4.3430E+07    5 21716     181   1.0  1.83E-07  8.34E-07  8.30E-12  0.00
 8687 4.3435E+07    5 21718     181   1.0  1.83E-07  8.34E-07  3.93E-11  0.00
 8688 4.3440E+07    5 21721     181   1.0  1.83E-07  8.34E-07  1.40E-11  0.00
 8689 4.3445E+07    5 21723     181   1.0  1.83E-07  8.34E-07  1.28E-11  0.00
 8690 4.3450E+07    5 21726     181   1.0  1.82E-07  8.34E-07  7.80E-11  0.00
 8691 4.3455E+07    5 21728     181   1.0  1.82E-07  8.34E-07  3.76E-12  0.00
 8692 4.3460E+07    5 21731     181   1.0  1.82E-07  8.34E-07  8.54E-11  0.00
 8693 4.3465E+07    5 21733     181   1.0  1.82E-07  8.34E-07  9.73E-12  0.00
 8694 4.3470E+07    5 21736     181   1.0  1.82E-07  8.34E-07  1.76E-11  0.00
 8695 4.3475E+07    5 21738     181   1.0  1.82E-07  8.34E-07  6.25E-11  0.00
 8696 4.3480E+07    5 21741     181   1.0  1.82E-07  8.34E-07  4.89E-12  0.00
 8697 4.3485E+07    5 21743     181   1.0  1.82E-07  8.34E-07  3.25E-12  0.00
 8698 4.3490E+07    5 21746     181   1.0  1.82E-07  8.34E-07  2.41E-11  0.00
 8699 4.3495E+07    5 21748     181   1.0  1.82E-07  8.34E-07  4.44E-13  0.00
 8700 4.3500E+07    5 21751     181   1.0  1.82E-07  8.34E-07  2.73E-12  0.00
 8701 4.3505E+07    5 21753     181   1.0  1.82E-07  8.34E-07  1.17E-11  0.00
 8702 4.3510E+07    5 21756     181   1.0  1.82E-07  8.34E-07  6.00E-12  0.00
 8703 4.3515E+07    5 21758     181   1.0  1.82E-07  8.34E-07  4.98E-11  0.00
 8704 4.3520E+07    5 21761     181   1.0  1.82E-07  8.34E-07  1.80E-12  0.00
 8705 4.3525E+07    5 21763     181   1.0  1.82E-07  8.34E-07  9.31E-12  0.00
 8706 4.3530E+07    5 21766     181   1.0  1.82E-07  8.34E-07  7.63E-12  0.00
 8707 4.3535E+07    5 21768     181   1.0  1.82E-07  8.34E-07  1.87E-11  0.00
 8708 4.3540E+07    5 21771     181   1.0  1.82E-07  8.34E-07  5.20E-12  0.00
 8709 4.3545E+07    5 21773     181   1.0  1.82E-07  8.34E-07  9.00E-12  0.00
 8710 4.3550E+07    5 21776     181   1.0  1.82E-07  8.34E-07  3.06E-12  0.00
 8711 4.3555E+07    5 21778     181   1.0  1.82E-07  8.34E-07  3.79E-11  0.00
 8712 4.3560E+07    5 21781     181   1.0  1.82E-07  8.33E-07  2.68E-12  0.00
 8713 4.3565E+07    5 21783     181   1.0  1.82E-07  8.33E-07  5.78E-11  0.00
 8714 4.3570E+07    5 21786     181   1.0  1.82E-07  8.33E-07  2.49E-11  0.00
 8715 4.3575E+07    5 21788     181   1.0  1.82E-07  8.33E-07  7.07E-11  0.00
 8716 4.3580E+07    5 21791     181   1.0  1.82E-07  8.33E-07  7.44E-12  0.00
 8717 4.3585E+07    5 21793     181   1.0  1.82E-07  8.33E-07  4.19E-12  0.00
 8718 4.3590E+07    5 21796     181   1.0  1.82E-07  8.33E-07  4.19E-11  0.00
 8719 4.3595E+07    5 21798     181   1.0  1.82E-07  8.33E-07  3.69E-12  0.00
 8720 4.3600E+07    5 21801     181   1.0  1.82E-07  8.33E-07  2.46E-12  0.00
 8721 4.3605E+07    5 21803     181   1.0  1.82E-07  8.33E-07  5.89E-11  0.00
 8722 4.3610E+07    5 21806     181   1.0  1.82E-07  8.33E-07  1.39E-11  0.00
 8723 4.3615E+07    5 21808     181   1.0  1.82E-07  8.33E-07  4.93E-14  0.00
 8724 4.3620E+07    5 21811     181   1.0  1.82E-07  8.33E-07  1.01E-11  0.00
 8725 4.3625E+07    5 21813     181   1.0  1.82E-07  8.33E-07  3.84E-11  0.00
 8726 4.3630E+07    5 21816     181   1.0  1.82E-07  8.33E-07  3.55E-11  0.00
 8727 4.3635E+07    5 21818     181   1.0  1.82E-07  8.33E-07  1.45E-11  0.00
 8728 4.3640E+07    5 21821     181   1.0  1.82E-07  8.33E-07  4.51E-11  0.00
 8729 4.3645E+07    5 21823     181   1.0  1.82E-07  8.33E-07  2.01E-11  0.00
 8730 4.3650E+07    5 21826     181   1.0  1.82E-07  8.33E-07  1.46E-10  0.00
 8731 4.3655E+07    5 21828     181   1.0  1.82E-07  8.33E-07  1.87E-12  0.00
 8732 4.3660E+07    5 21831     181   1.0  1.82E-07  8.33E-07  4.29E-11  0.00
 8733 4.3665E+07    5 21833     181   1.0  1.82E-07  8.33E-07  3.24E-11  0.00
 8734 4.3670E+07    5 21836     181   1.0  1.82E-07  8.33E-07  6.35E-11  0.00
 8735 4.3675E+07    5 21838     181   1.0  1.82E-07  8.33E-07  2.91E-11  0.00
 8736 4.3680E+07    5 21841     181   1.0  1.82E-07  8.33E-07  8.43E-11  0.00
 8737 4.3685E+07    5 21843     181   1.0  1.82E-07  8.33E-07  2.05E-12  0.00
 8738 4.3690E+07    5 21846     181   1.0  1.82E-07  8.33E-07  9.08E-11  0.00
 8739 4.3695E+07    5 21848     181   1.0  1.82E-07  8.33E-07  2.40E-11  0.00
 8740 4.3700E+07    5 21851     181   1.0  1.82E-07  8.33E-07  4.45E-12  0.00
 8741 4.3705E+07    5 21853     181   1.0  1.82E-07  8.33E-07  8.64E-11  0.00
 8742 4.3710E+07    5 21856     181   1.0  1.82E-07  8.33E-07  8.14E-11  0.00
 8743 4.3715E+07    5 21858     181   1.0  1.81E-07  8.33E-07  3.21E-11  0.00
 8744 4.3720E+07    5 21861     181   1.0  1.81E-07  8.33E-07  1.66E-12  0.00
 8745 4.3725E+07    5 21863     181   1.0  1.81E-07  8.33E-07  2.91E-11  0.00
 8746 4.3730E+07    5 21866     181   1.0  1.81E-07  8.33E-07  6.41E-12  0.00
 8747 4.3735E+07    5 21868     181   1.0  1.81E-07  8.33E-07  2.31E-11  0.00
 8748 4.3740E+07    5 21871     181   1.0  1.81E-07  8.33E-07  6.71E-12  0.00
 8749 4.3745E+07    5 21873     181   1.0  1.81E-07  8.33E-07  2.72E-11  0.00
 8750 4.3750E+07    5 21876     181   1.0  1.81E-07  8.33E-07  1.21E-11  0.00
 8751 4.3755E+07    5 21878     181   1.0  1.81E-07  8.33E-07  1.28E-12  0.00
 8752 4.3760E+07    5 21881     181   1.0  1.81E-07  8.33E-07  1.44E-11  0.00
 8753 4.3765E+07    5 21883     181   1.0  1.81E-07  8.33E-07  6.61E-12  0.00
 8754 4.3770E+07    5 21886     181   1.0  1.81E-07  8.33E-07  6.19E-11  0.00
 8755 4.3775E+07    5 21888     181   1.0  1.81E-07  8.33E-07  1.89E-11  0.00
 8756 4.3780E+07    5 21891     181   1.0  1.81E-07  8.33E-07  1.57E-11  0.00
 8757 4.3785E+07    5 21893     181   1.0  1.81E-07  8.33E-07  7.31E-11  0.00
 8758 4.3790E+07    5 21896     181   1.0  1.81E-07  8.33E-07  2.99E-11  0.00
 8759 4.3795E+07    5 21898     181   1.0  1.81E-07  8.33E-07  6.07E-12  0.00
 8760 4.3800E+07    5 21901     181   1.0  1.81E-07  8.33E-07  8.79E-13  0.00
 8761 4.3805E+07    5 21903     181   1.0  1.81E-07  8.32E-07  2.43E-12  0.00
 8762 4.3810E+07    5 21906     181   1.0  1.81E-07  8.32E-07  1.56E-11  0.00
 8763 4.3815E+07    5 21908     181   1.0  1.81E-07  8.32E-07  6.68E-11  0.00
 8764 4.3820E+07    5 21911     181   1.0  1.81E-07  8.32E-07  3.34E-11  0.00
 8765 4.3825E+07    5 21913     181   1.0  1.81E-07  8.32E-07  6.64E-12  0.00
 8766 4.3830E+07    5 21916     181   1.0  1.81E-07  8.32E-07  6.05E-12  0.00
 8767 4.3835E+07    5 21918     181   1.0  1.81E-07  8.32E-07  4.50E-11  0.00
 8768 4.3840E+07    5 21921     181   1.0  1.81E-07  8.32E-07  4.41E-13  0.00
 8769 4.3845E+07    5 21923     181   1.0  1.81E-07  8.32E-07  1.83E-12  0.00
 8770 4.3850E+07    5 21926     181   1.0  1.81E-07  8.32E-07  5.26E-11  0.00
 8771 4.3855E+07    5 21928     181   1.0  1.81E-07  8.32E-07  5.91E-11  0.00
 8772 4.3860E+07    5 21931     181   1.0  1.81E-07  8.32E-07  5.95E-11  0.00
 8773 4.3865E+07    5 21933     181   1.0  1.81E-07  8.32E-07  2.65E-11  0.00
 8774 4.3870E+07    5 21936     181   1.0  1.81E-07  8.32E-07  8.91E-12  0.00
 8775 4.3875E+07    5 21938     181   1.0  1.81E-07  8.32E-07  3.06E-12  0.00
 8776 4.3880E+07    5 21941     181   1.0  1.81E-07  8.32E-07  1.16E-11  0.00
 8777 4.3885E+07    5 21943     181   1.0  1.81E-07  8.32E-07  1.42E-11  0.00
 8778 4.3890E+07    5 21946     181   1.0  1.81E-07  8.32E-07  2.41E-11  0.00
 8779 4.3895E+07    5 21948     181   1.0  1.81E-07  8.32E-07  1.84E-12  0.00
 8780 4.3900E+07    5 21951     181   1.0  1.81E-07  8.32E-07  3.08E-14  0.00
 8781 4.3905E+07    5 21953     181   1.0  1.81E-07  8.32E-07  6.15E-11  0.00
 8782 4.3910E+07    5 21956     181   1.0  1.81E-07  8.32E-07  4.77E-11  0.00
 8783 4.3915E+07    5 21958     181   1.0  1.81E-07  8.32E-07  5.84E-12  0.00
 8784 4.3920E+07    5 21961     181   1.0  1.81E-07  8.32E-07  4.06E-12  0.00
 8785 4.3925E+07    5 21963     181   1.0  1.81E-07  8.32E-07  3.32E-11  0.00
 8786 4.3930E+07    5 21966     181   1.0  1.81E-07  8.32E-07  1.53E-11  0.00
 8787 4.3935E+07    5 21968     181   1.0  1.81E-07  8.32E-07  4.19E-11  0.00
 8788 4.3940E+07    5 21971     181   1.0  1.81E-07  8.32E-07  4.98E-11  0.00
 8789 4.3945E+07    5 21973     181   1.0  1.81E-07  8.32E-07  2.83E-12  0.00
 8790 4.3950E+07    5 21976     181   1.0  1.81E-07  8.32E-07  1.99E-11  0.00
 8791 4.3955E+07    5 21978     181   1.0  1.81E-07  8.32E-07  4.49E-11  0.00
 8792 4.3960E+07    5 21981     181   1.0  1.81E-07  8.32E-07  2.48E-11  0.00
 8793 4.3965E+07    5 21983     181   1.0  1.81E-07  8.32E-07  3.56E-12  0.00
 8794 4.3970E+07    5 21986     181   1.0  1.81E-07  8.32E-07  8.37E-12  0.00
 8795 4.3975E+07    5 21988     181   1.0  1.81E-07  8.32E-07  5.61E-11  0.00
 8796 4.3980E+07    5 21991     181   1.0  1.80E-07  8.32E-07  2.50E-11  0.00
 8797 4.3985E+07    5 21993     181   1.0  1.80E-07  8.32E-07  3.23E-12  0.00
 8798 4.3990E+07    5 21996     181   1.0  1.80E-07  8.32E-07  4.41E-11  0.00
 8799 4.3995E+07    5 21998     181   1.0  1.80E-07  8.32E-07  7.18E-12  0.00
 8800 4.4000E+07    5 22001     181   1.0  1.80E-07  8.32E-07  6.72E-11  0.00
 8801 4.4005E+07    5 22003     181   1.0  1.80E-07  8.32E-07  4.60E-11  0.00
 8802 4.4010E+07    5 22006     181   1.0  1.68E-07  7.14E-07  1.74E-11  0.00
 8803 4.4015E+07    5 22008     181   1.0  1.67E-07  7.00E-07  4.53E-12  0.00
 8804 4.4020E+07    5 22011     181   1.0  1.67E-07  7.00E-07  1.59E-11  0.00
 8805 4.4025E+07    5 22013     181   1.0  1.67E-07  7.00E-07  1.52E-11  0.00
 8806 4.4030E+07    5 22016     181   1.0  1.67E-07  7.00E-07  1.54E-12  0.00
 8807 4.4035E+07    5 22018     181   1.0  1.67E-07  7.00E-07  9.62E-12  0.00
 8808 4.4040E+07    5 22021     181   1.0  1.67E-07  7.00E-07  3.28E-12  0.00
 8809 4.4045E+07    5 22023     181   1.0  1.67E-07  7.00E-07  3.32E-11  0.00
 8810 4.4050E+07    5 22026     181   1.0  1.67E-07  7.00E-07  1.02E-10  0.00
 8811 4.4055E+07    5 22028     181   1.0  1.67E-07  7.00E-07  8.30E-12  0.00
 8812 4.4060E+07    5 22031     181   1.0  1.67E-07  7.00E-07  7.02E-11  0.00
 8813 4.4065E+07    5 22033     181   1.0  1.67E-07  7.00E-07  5.31E-11  0.00
 8814 4.4070E+07    5 22036     181   1.0  1.67E-07  7.00E-07  1.76E-12  0.00
 8815 4.4075E+07    5 22038     181   1.0  1.67E-07  7.00E-07  7.07E-14  0.00
 8816 4.4080E+07    5 22041     181   1.0  1.67E-07  7.00E-07  7.30E-12  0.00
 8817 4.4085E+07    5 22043     181   1.0  1.67E-07  7.00E-07  5.63E-11  0.00
 8818 4.4090E+07    5 22046     181   1.0  1.67E-07  7.00E-07  2.70E-11  0.00
 8819 4.4095E+07    5 22048     181   1.0  1.67E-07  7.00E-07  5.67E-11  0.00
 8820 4.4100E+07    5 22051     181   1.0  1.67E-07  7.00E-07  1.72E-11  0.00
 8821 4.4105E+07    5 22053     181   1.0  1.67E-07  7.00E-07  9.88E-12  0.00
 8822 4.4110E+07    5 22056     181   1.0  1.67E-07  7.00E-07  2.72E-12  0.00
 8823 4.4115E+07    5 22058     181   1.0  1.67E-07  7.00E-07  1.40E-13  0.00
 8824 4.4120E+07    5 22061     181   1.0  1.67E-07  7.00E-07  3.17E-11  0.00
 8825 4.4125E+07    5 22063     181   1.0  1.67E-07  7.00E-07  4.65E-12  0.00
 8826 4.4130E+07    5 22066     181   1.0  1.67E-07  7.00E-07  5.86E-12  0.00
 8827 4.4135E+07    5 22068     181   1.0  1.67E-07  7.00E-07  2.22E-12  0.00
 8828 4.4140E+07    5 22071     181   1.0  1.67E-07  7.00E-07  4.00E-11  0.00
 8829 4.4145E+07    5 22073     181   1.0  1.67E-07  7.00E-07  4.58E-11  0.00
 8830 4.4150E+07    5 22076     181   1.0  1.67E-07  7.00E-07  2.76E-12  0.00
 8831 4.4155E+07    5 22078     181   1.0  1.66E-07  7.00E-07  4.54E-11  0.00
 8832 4.4160E+07    5 22081     181   1.0  1.66E-07  7.00E-07  3.12E-11  0.00
 8833 4.4165E+07    5 22083     181   1.0  1.66E-07  7.00E-07  8.94E-13  0.00
 8834 4.4170E+07    5 22086     181   1.0  1.66E-07  7.00E-07  1.01E-11  0.00
 8835 4.4175E+07    5 22088     181   1.0  1.66E-07  7.00E-07  3.83E-12  0.00
 8836 4.4180E+07    5 22091     181   1.0  1.66E-07  6.99E-07  3.56E-11  0.00
 8837 4.4185E+07    5 22093     181   1.0  1.66E-07  6.99E-07  1.46E-12  0.00
 8838 4.4190E+07    5 22096     181   1.0  1.66E-07  6.99E-07  1.76E-11  0.00
 8839 4.4195E+07    5 22098     181   1.0  1.66E-07  6.95E-07  9.48E-12  0.00
 8840 4.4200E+07    5 22101     181   1.0  1.58E-07  6.66E-07  5.02E-11  0.00
 8841 4.4205E+07    5 22103     181   1.0  1.58E-07  6.66E-07  5.53E-11  0.00
 8842 4.4210E+07    5 22106     181   1.0  1.58E-07  6.66E-07  5.33E-11  0.00
 8843 4.4215E+07    5 22108     181   1.0  1.58E-07  6.66E-07  3.84E-12  0.00
 8844 4.4220E+07    5 22111     181   1.0  1.58E-07  6.66E-07  2.55E-11  0.00
 8845 4.4225E+07    5 22113     181   1.0  1.58E-07  6.66E-07  2.88E-12  0.00
 8846 4.4230E+07    5 22116     181   1.0  1.58E-07  6.65E-07  8.00E-11  0.00
 8847 4.4235E+07    5 22118     181   1.0  1.58E-07  6.65E-07  1.56E-11  0.00
 8848 4.4240E+07    5 22121     181   1.0  1.58E-07  6.65E-07  2.38E-11  0.00
 8849 4.4245E+07    5 22123     181   1.0  1.58E-07  6.65E-07  6.74E-12  0.00
 8850 4.4250E+07    5 22126     181   1.0  1.58E-07  6.65E-07  3.72E-11  0.00
 8851 4.4255E+07    5 22128     181   1.0  1.58E-07  6.65E-07  2.31E-11  0.00
 8852 4.4260E+07    5 22131     181   1.0  1.58E-07  6.65E-07  3.01E-11  0.00
 8853 4.4265E+07    5 22133     181   1.0  1.57E-07  6.65E-07  4.70E-12  0.00
 8854 4.4270E+07    5 22136     181   1.0  1.57E-07  6.65E-07  3.39E-12  0.00
 8855 4.4275E+07    5 22138     181   1.0  1.57E-07  6.65E-07  1.52E-12  0.00
 8856 4.4280E+07    5 22141     181   1.0  1.57E-07  6.65E-07  4.03E-11  0.00
 8857 4.4285E+07    5 22143     181   1.0  1.57E-07  6.65E-07  1.16E-11  0.00
 8858 4.4290E+07    5 22146     181   1.0  1.74E-07  6.81E-07  1.34E-11  0.00
 8859 4.4295E+07    5 22148     181   1.0  1.78E-07  6.84E-07  6.18E-12  0.00
 8860 4.4300E+07    5 22151     181   1.0  1.78E-07  6.84E-07  1.03E-10  0.00
 8861 4.4305E+07    5 22153     181   1.0  1.78E-07  6.84E-07  1.41E-11  0.00
 8862 4.4310E+07    5 22156     181   1.0  1.78E-07  6.84E-07  3.30E-11  0.00
 8863 4.4315E+07    5 22158     181   1.0  1.78E-07  6.84E-07  1.01E-10  0.00
 8864 4.4320E+07    5 22161     181   1.0  1.78E-07  6.84E-07  6.51E-11  0.00
 8865 4.4325E+07    5 22163     181   1.0  1.78E-07  6.84E-07  1.41E-12  0.00
 8866 4.4330E+07    5 22166     181   1.0  1.78E-07  6.84E-07  4.42E-11  0.00
 8867 4.4335E+07    5 22168     181   1.0  1.78E-07  6.84E-07  3.76E-12  0.00
 8868 4.4340E+07    5 22171     181   1.0  1.78E-07  6.84E-07  2.57E-12  0.00
 8869 4.4345E+07    5 22173     181   1.0  1.78E-07  6.83E-07  7.26E-11  0.00
 8870 4.4350E+07    5 22176     181   1.0  1.78E-07  6.83E-07  1.73E-11  0.00
 8871 4.4355E+07    5 22178     181   1.0  1.78E-07  6.83E-07  2.99E-11  0.00
 8872 4.4360E+07    5 22181     181   1.0  1.77E-07  6.83E-07  2.60E-11  0.00
 8873 4.4365E+07    5 22183     181   1.0  1.77E-07  6.83E-07  2.76E-11  0.00
 8874 4.4370E+07    5 22186     181   1.0  1.77E-07  6.83E-07  3.54E-11  0.00
 8875 4.4375E+07    5 22188     181   1.0  1.77E-07  6.83E-07  1.58E-12  0.00
 8876 4.4380E+07    5 22191     181   1.0  1.77E-07  6.83E-07  1.06E-12  0.00
 8877 4.4385E+07    5 22193     181   1.0  1.77E-07  6.83E-07  3.65E-11  0.00
 8878 4.4390E+07    5 22196     181   1.0  1.77E-07  6.83E-07  4.63E-11  0.00
 8879 4.4395E+07    5 22198     181   1.0  1.77E-07  6.83E-07  1.21E-11  0.00
 8880 4.4400E+07    5 22201     181   1.0  1.77E-07  6.82E-07  3.63E-12  0.00
 8881 4.4405E+07    5 22203     181   1.0  1.77E-07  6.82E-07  2.28E-10  0.00
 8882 4.4410E+07    5 22206     181   1.0  1.77E-07  6.82E-07  3.23E-11  0.00
 8883 4.4415E+07    5 22208     181   1.0  1.77E-07  6.82E-07  1.31E-11  0.00
 8884 4.4420E+07    5 22211     181   1.0  1.77E-07  6.82E-07  5.06E-11  0.00
 8885 4.4425E+07    5 22213     181   1.0  1.77E-07  6.82E-07  1.29E-12  0.00
 8886 4.4430E+07    5 22216     181   1.0  1.77E-07  6.82E-07  3.58E-11  0.00
 8887 4.4435E+07    5 22218     181   1.0  1.77E-07  6.82E-07  1.84E-11  0.00
 8888 4.4440E+07    5 22221     181   1.0  1.77E-07  6.82E-07  2.82E-11  0.00
 8889 4.4445E+07    5 22223     181   1.0  1.77E-07  6.82E-07  4.89E-12  0.00
 8890 4.4450E+07    5 22226     181   1.0  1.77E-07  6.82E-07  8.28E-11  0.00
 8891 4.4455E+07    5 22228     181   1.0  1.77E-07  6.81E-07  4.07E-12  0.00
 8892 4.4460E+07    5 22231     181   1.0  1.77E-07  6.81E-07  4.73E-12  0.00
 8893 4.4465E+07    5 22233     181   1.0  1.77E-07  6.81E-07  2.43E-12  0.00
 8894 4.4470E+07    5 22236     181   1.0  1.77E-07  6.81E-07  9.20E-12  0.00
 8895 4.4475E+07    5 22238     181   1.0  1.77E-07  6.81E-07  7.87E-12  0.00
 8896 4.4480E+07    5 22241     181   1.0  1.77E-07  6.81E-07  8.71E-11  0.00
 8897 4.4485E+07    5 22243     181   1.0  1.77E-07  6.81E-07  3.70E-11  0.00
 8898 4.4490E+07    5 22246     181   1.0  1.77E-07  6.81E-07  4.96E-12  0.00
 8899 4.4495E+07    5 22248     181   1.0  1.77E-07  6.81E-07  5.20E-12  0.00
 8900 4.4500E+07    5 22251     181   1.0  1.77E-07  6.81E-07  4.31E-12  0.00
 8901 4.4505E+07    5 22253     181   1.0  1.77E-07  6.81E-07  3.92E-11  0.00
 8902 4.4510E+07    5 22256     181   1.0  1.76E-07  6.80E-07  3.57E-11  0.00
 8903 4.4515E+07    5 22258     181   1.0  1.76E-07  6.80E-07  2.81E-11  0.00
 8904 4.4520E+07    5 22261     181   1.0  1.76E-07  6.80E-07  6.38E-12  0.00
 8905 4.4525E+07    5 22263     181   1.0  1.76E-07  6.80E-07  4.14E-12  0.00
 8906 4.4530E+07    5 22266     181   1.0  1.76E-07  6.80E-07  3.66E-13  0.00
 8907 4.4535E+07    5 22268     181   1.0  1.76E-07  6.80E-07  5.21E-11  0.00
 8908 4.4540E+07    5 22271     181   1.0  1.76E-07  6.80E-07  8.75E-12  0.00
 8909 4.4545E+07    5 22273     181   1.0  1.76E-07  6.80E-07  4.90E-11  0.00
 8910 4.4550E+07    5 22276     181   1.0  1.76E-07  6.80E-07  2.63E-12  0.00
 8911 4.4555E+07    5 22278     181   1.0  1.76E-07  6.80E-07  2.98E-11  0.00
 8912 4.4560E+07    5 22281     181   1.0  1.76E-07  6.80E-07  3.02E-11  0.00
 8913 4.4565E+07    5 22283     181   1.0  1.76E-07  6.79E-07  1.58E-11  0.00
 8914 4.4570E+07    5 22286     181   1.0  1.76E-07  6.79E-07  1.63E-12  0.00
 8915 4.4575E+07    5 22288     181   1.0  1.76E-07  6.79E-07  5.85E-11  0.00
 8916 4.4580E+07    5 22291     181   1.0  1.76E-07  6.79E-07  2.91E-12  0.00
 8917 4.4585E+07    5 22293     181   1.0  1.76E-07  6.79E-07  5.14E-12  0.00
 8918 4.4590E+07    5 22296     181   1.0  1.76E-07  6.79E-07  1.86E-11  0.00
 8919 4.4595E+07    5 22298     181   1.0  1.76E-07  6.79E-07  2.49E-11  0.00
 8920 4.4600E+07    5 22301     181   1.0  1.76E-07  6.79E-07  1.73E-10  0.00
 8921 4.4605E+07    5 22303     181   1.0  1.76E-07  6.79E-07  2.05E-11  0.00
 8922 4.4610E+07    5 22306     181   1.0  1.76E-07  6.79E-07  9.63E-12  0.00
 8923 4.4615E+07    5 22308     181   1.0  1.76E-07  6.79E-07  8.98E-13  0.00
 8924 4.4620E+07    5 22311     181   1.0  1.76E-07  6.78E-07  2.61E-11  0.00
 8925 4.4625E+07    5 22313     181   1.0  1.76E-07  6.78E-07  1.30E-12  0.00
 8926 4.4630E+07    5 22316     181   1.0  1.76E-07  6.78E-07  1.62E-12  0.00
 8927 4.4635E+07    5 22318     181   1.0  1.76E-07  6.78E-07  6.81E-11  0.00
 8928 4.4640E+07    5 22321     181   1.0  1.76E-07  6.78E-07  1.46E-10  0.00
 8929 4.4645E+07    5 22323     181   1.0  1.76E-07  6.78E-07  1.66E-12  0.00
 8930 4.4650E+07    5 22326     181   1.0  1.76E-07  6.78E-07  4.64E-11  0.00
 8931 4.4655E+07    5 22328     181   1.0  1.76E-07  6.78E-07  1.84E-11  0.00
 8932 4.4660E+07    5 22331     181   1.0  1.76E-07  6.78E-07  1.36E-11  0.00
 8933 4.4665E+07    5 22333     181   1.0  1.75E-07  6.78E-07  4.22E-11  0.00
 8934 4.4670E+07    5 22336     181   1.0  1.75E-07  6.78E-07  3.83E-12  0.00
 8935 4.4675E+07    5 22338     181   1.0  1.75E-07  6.77E-07  5.72E-12  0.00
 8936 4.4680E+07    5 22341     181   1.0  1.75E-07  6.77E-07  4.41E-11  0.00
 8937 4.4685E+07    5 22343     181   1.0  1.75E-07  6.77E-07  3.50E-11  0.00
 8938 4.4690E+07    5 22346     181   1.0  1.75E-07  6.77E-07  2.36E-11  0.00
 8939 4.4695E+07    5 22348     180   1.0  1.75E-07  6.77E-07  9.32E-13  0.00
 8940 4.4700E+07    5 22351     180   1.0  1.75E-07  6.77E-07  1.16E-11  0.00
 8941 4.4705E+07    5 22353     180   1.0  1.75E-07  6.77E-07  5.63E-11  0.00
 8942 4.4710E+07    5 22356     180   1.0  1.75E-07  6.77E-07  1.87E-14  0.00
 8943 4.4715E+07    5 22358     180   1.0  1.75E-07  6.77E-07  5.55E-13  0.00
 8944 4.4720E+07    5 22361     180   1.0  1.75E-07  6.77E-07  4.33E-12  0.00
 8945 4.4725E+07    5 22363     180   1.0  1.75E-07  6.77E-07  6.23E-11  0.00
 8946 4.4730E+07    5 22366     180   1.0  1.75E-07  6.76E-07  5.49E-11  0.00
 8947 4.4735E+07    5 22368     180   1.0  1.75E-07  6.76E-07  3.14E-11  0.00
 8948 4.4740E+07    5 22371     180   1.0  1.75E-07  6.76E-07  2.83E-12  0.00
 8949 4.4745E+07    5 22373     180   1.0  1.75E-07  6.76E-07  5.67E-12  0.00
 8950 4.4750E+07    5 22376     180   1.0  1.75E-07  6.76E-07  5.17E-12  0.00
 8951 4.4755E+07    5 22378     180   1.0  1.75E-07  6.76E-07  1.67E-11  0.00
 8952 4.4760E+07    5 22381     180   1.0  1.75E-07  6.76E-07  2.08E-11  0.00
 8953 4.4765E+07    5 22383     180   1.0  1.75E-07  6.76E-07  2.03E-12  0.00
 8954 4.4770E+07    5 22386     180   1.0  1.75E-07  6.76E-07  2.38E-11  0.00
 8955 4.4775E+07    5 22388     180   1.0  1.75E-07  6.76E-07  5.46E-11  0.00
 8956 4.4780E+07    5 22391     180   1.0  1.75E-07  6.76E-07  1.10E-12  0.00
 8957 4.4785E+07    5 22393     180   1.0  1.75E-07  6.75E-07  1.36E-12  0.00
 8958 4.4790E+07    5 22396     180   1.0  1.75E-07  6.75E-07  9.06E-12  0.00
 8959 4.4795E+07    5 22398     180   1.0  1.75E-07  6.75E-07  7.00E-11  0.00
 8960 4.4800E+07    5 22401     180   1.0  1.75E-07  6.75E-07  7.31E-13  0.00
 8961 4.4805E+07    5 22403     180   1.0  1.75E-07  6.75E-07  4.20E-11  0.00
 8962 4.4810E+07    5 22406     180   1.0  1.75E-07  6.75E-07  3.03E-11  0.00
 8963 4.4815E+07    5 22408     180   1.0  1.75E-07  6.75E-07  1.39E-11  0.00
 8964 4.4820E+07    5 22411     180   1.0  1.74E-07  6.75E-07  8.80E-11  0.00
 8965 4.4825E+07    5 22413     180   1.0  1.74E-07  6.75E-07  7.21E-14  0.00
 8966 4.4830E+07    5 22416     180   1.0  1.74E-07  6.75E-07  2.70E-11  0.00
 8967 4.4835E+07    5 22418     180   1.0  1.74E-07  6.75E-07  1.39E-11  0.00
 8968 4.4840E+07    5 22421     180   1.0  1.74E-07  6.75E-07  1.15E-11  0.00
 8969 4.4845E+07    5 22423     180   1.0  1.74E-07  6.74E-07  2.39E-12  0.00
 8970 4.4850E+07    5 22426     180   1.0  1.74E-07  6.74E-07  2.61E-12  0.00
 8971 4.4855E+07    5 22428     180   1.0  1.74E-07  6.74E-07  6.74E-12  0.00
 8972 4.4860E+07    5 22431     180   1.0  1.74E-07  6.74E-07  2.31E-11  0.00
 8973 4.4865E+07    5 22433     180   1.0  1.74E-07  6.74E-07  9.08E-13  0.00
 8974 4.4870E+07    5 22436     180   1.0  1.74E-07  6.74E-07  3.50E-13  0.00
 8975 4.4875E+07    5 22438     180   1.0  1.74E-07  6.74E-07  5.81E-11  0.00
 8976 4.4880E+07    5 22441     180   1.0  1.74E-07  6.74E-07  2.04E-12  0.00
 8977 4.4885E+07    5 22443     180   1.0  1.74E-07  6.74E-07  5.44E-11  0.00
 8978 4.4890E+07    5 22446     180   1.0  1.74E-07  6.74E-07  2.42E-11  0.00
 8979 4.4895E+07    5 22448     180   1.0  1.74E-07  6.74E-07  4.58E-13  0.00
 8980 4.4900E+07    5 22451     180   1.0  1.74E-07  6.73E-07  1.58E-11  0.00
 8981 4.4905E+07    5 22453     180   1.0  1.74E-07  6.73E-07  2.36E-11  0.00
 8982 4.4910E+07    5 22456     180   1.0  1.74E-07  6.73E-07  1.19E-11  0.00
 8983 4.4915E+07    5 22458     180   1.0  1.74E-07  6.73E-07  3.69E-11  0.00
 8984 4.4920E+07    5 22461     180   1.0  1.74E-07  6.73E-07  2.17E-12  0.00
 8985 4.4925E+07    5 22463     180   1.0  1.74E-07  6.73E-07  1.09E-11  0.00
 8986 4.4930E+07    5 22466     180   1.0  1.74E-07  6.73E-07  4.03E-11  0.00
 8987 4.4935E+07    5 22468     180   1.0  1.74E-07  6.73E-07  3.24E-12  0.00
 8988 4.4940E+07    5 22471     180   1.0  1.74E-07  6.73E-07  8.01E-13  0.00
 8989 4.4945E+07    5 22473     180   1.0  1.74E-07  6.73E-07  1.86E-12  0.00
 8990 4.4950E+07    5 22476     180   1.0  1.74E-07  6.73E-07  1.21E-11  0.00
 8991 4.4955E+07    5 22478     180   1.0  1.74E-07  6.72E-07  1.31E-11  0.00
 8992 4.4960E+07    5 22481     180   1.0  1.74E-07  6.72E-07  5.64E-11  0.00
 8993 4.4965E+07    5 22483     180   1.0  1.74E-07  6.72E-07  2.81E-14  0.00
 8994 4.4970E+07    5 22486     180   1.0  1.74E-07  6.72E-07  3.26E-12  0.00
 8995 4.4975E+07    5 22488     180   1.0  1.74E-07  6.72E-07  2.15E-11  0.00
 8996 4.4980E+07    5 22491     180   1.0  1.73E-07  6.72E-07  9.26E-13  0.00
 8997 4.4985E+07    5 22493     180   1.0  1.73E-07  6.72E-07  2.19E-12  0.00
 8998 4.4990E+07    5 22496     180   1.0  1.73E-07  6.72E-07  2.70E-11  0.00
 8999 4.4995E+07    5 22498     180   1.0  1.73E-07  6.72E-07  2.05E-12  0.00
 9000 4.5000E+07    5 22501     180   1.0  1.73E-07  6.72E-07  1.18E-12  0.00
 9001 4.5005E+07    5 22503     180   1.0  1.73E-07  6.72E-07  5.79E-11  0.00
 9002 4.5010E+07    5 22506     180   1.0  1.73E-07  6.71E-07  5.02E-14  0.00
 9003 4.5015E+07    5 22508     180   1.0  1.73E-07  6.71E-07  1.67E-12  0.00
 9004 4.5020E+07    5 22511     180   1.0  1.73E-07  6.71E-07  6.22E-11  0.00
 9005 4.5025E+07    5 22513     180   1.0  1.73E-07  6.71E-07  7.23E-12  0.00
 9006 4.5030E+07    5 22516     180   1.0  1.73E-07  6.71E-07  3.04E-11  0.00
 9007 4.5035E+07    5 22518     180   1.0  1.73E-07  6.71E-07  5.89E-12  0.00
 9008 4.5040E+07    5 22521     180   1.0  1.73E-07  6.71E-07  1.37E-11  0.00
 9009 4.5045E+07    5 22523     180   1.0  1.73E-07  6.71E-07  8.96E-12  0.00
 9010 4.5050E+07    5 22526     180   1.0  1.73E-07  6.71E-07  4.01E-12  0.00
 9011 4.5055E+07    5 22528     180   1.0  1.73E-07  6.71E-07  7.92E-12  0.00
 9012 4.5060E+07    5 22531     180   1.0  1.73E-07  6.71E-07  8.75E-12  0.00
 9013 4.5065E+07    5 22533     180   1.0  1.73E-07  6.71E-07  3.41E-12  0.00
 9014 4.5070E+07    5 22536     180   1.0  1.73E-07  6.70E-07  1.97E-11  0.00
 9015 4.5075E+07    5 22538     180   1.0  1.71E-07  6.70E-07  4.36E-12  0.00
 9016 4.5080E+07    5 22541     180   1.0  1.66E-07  6.68E-07  5.30E-13  0.00
 9017 4.5085E+07    5 22543     180   1.0  1.65E-07  6.68E-07  1.50E-12  0.00
 9018 4.5090E+07    5 22546     180   1.0  1.65E-07  6.68E-07  2.05E-12  0.00
 9019 4.5095E+07    5 22548     180   1.0  1.65E-07  6.67E-07  1.93E-12  0.00
 9020 4.5100E+07    5 22551     180   1.0  1.65E-07  6.67E-07  6.19E-11  0.00
 9021 4.5105E+07    5 22553     180   1.0  1.65E-07  6.67E-07  1.01E-12  0.00
 9022 4.5110E+07    5 22556     180   1.0  1.65E-07  6.67E-07  4.61E-11  0.00
 9023 4.5115E+07    5 22558     180   1.0  1.65E-07  6.67E-07  1.12E-11  0.00
 9024 4.5120E+07    5 22561     180   1.0  1.65E-07  6.67E-07  3.37E-13  0.00
 9025 4.5125E+07    5 22563     180   1.0  1.65E-07  6.67E-07  1.22E-11  0.00
 9026 4.5130E+07    5 22566     180   1.0  1.65E-07  6.67E-07  5.61E-12  0.00
 9027 4.5135E+07    5 22568     180   1.0  1.65E-07  6.67E-07  3.50E-12  0.00
 9028 4.5140E+07    5 22571     180   1.0  1.65E-07  6.67E-07  1.33E-12  0.00
 9029 4.5145E+07    5 22573     180   1.0  1.65E-07  6.67E-07  2.04E-14  0.00
 9030 4.5150E+07    5 22576     180   1.0  1.65E-07  6.67E-07  8.89E-12  0.00
 9031 4.5155E+07    5 22578     180   1.0  1.65E-07  6.67E-07  2.78E-11  0.00
 9032 4.5160E+07    5 22581     180   1.0  1.65E-07  6.67E-07  2.45E-11  0.00
 9033 4.5165E+07    5 22583     180   1.0  1.65E-07  6.67E-07  1.58E-11  0.00
 9034 4.5170E+07    5 22586     180   1.0  1.65E-07  6.67E-07  2.62E-12  0.00
 9035 4.5175E+07    5 22588     180   1.0  1.65E-07  6.67E-07  1.51E-11  0.00
 9036 4.5180E+07    5 22591     180   1.0  1.65E-07  6.66E-07  1.67E-11  0.00
 9037 4.5185E+07    5 22593     180   1.0  1.65E-07  6.66E-07  2.43E-12  0.00
 9038 4.5190E+07    5 22596     180   1.0  1.65E-07  6.66E-07  1.27E-12  0.00
 9039 4.5195E+07    5 22598     180   1.0  1.65E-07  6.66E-07  1.77E-11  0.00
 9040 4.5200E+07    5 22601     180   1.0  1.65E-07  6.66E-07  1.21E-11  0.00
 9041 4.5205E+07    5 22603     180   1.0  1.65E-07  6.66E-07  3.07E-12  0.00
 9042 4.5210E+07    5 22606     180   1.0  1.65E-07  6.66E-07  4.36E-11  0.00
 9043 4.5215E+07    5 22608     180   1.0  1.65E-07  6.66E-07  8.20E-13  0.00
 9044 4.5220E+07    5 22611     180   1.0  1.65E-07  6.66E-07  1.39E-11  0.00
 9045 4.5225E+07    5 22613     180   1.0  1.65E-07  6.66E-07  4.59E-11  0.00
 9046 4.5230E+07    5 22616     180   1.0  1.65E-07  6.66E-07  9.75E-11  0.00
 9047 4.5235E+07    5 22618     180   1.0  1.65E-07  6.66E-07  2.35E-11  0.00
 9048 4.5240E+07    5 22621     180   1.0  1.65E-07  6.66E-07  9.34E-12  0.00
 9049 4.5245E+07    5 22623     180   1.0  1.65E-07  6.66E-07  8.44E-11  0.00
 9050 4.5250E+07    5 22626     180   1.0  1.65E-07  6.66E-07  3.64E-11  0.00
 9051 4.5255E+07    5 22628     180   1.0  1.65E-07  6.66E-07  1.70E-12  0.00
 9052 4.5260E+07    5 22631     180   1.0  1.65E-07  6.65E-07  5.92E-13  0.00
 9053 4.5265E+07    5 22633     180   1.0  1.65E-07  6.65E-07  7.96E-12  0.00
 9054 4.5270E+07    5 22636     180   1.0  1.65E-07  6.65E-07  3.44E-12  0.00
 9055 4.5275E+07    5 22638     180   1.0  1.65E-07  6.65E-07  3.90E-11  0.00
 9056 4.5280E+07    5 22641     180   1.0  1.65E-07  6.65E-07  1.88E-11  0.00
 9057 4.5285E+07    5 22643     180   1.0  1.65E-07  6.65E-07  4.65E-11  0.00
 9058 4.5290E+07    5 22646     180   1.0  1.64E-07  6.65E-07  4.36E-11  0.00
 9059 4.5295E+07    5 22648     180   1.0  1.64E-07  6.65E-07  6.02E-11  0.00
 9060 4.5300E+07    5 22651     180   1.0  1.64E-07  6.65E-07  4.44E-12  0.00
 9061 4.5305E+07    5 22653     180   1.0  1.64E-07  6.65E-07  4.96E-12  0.00
 9062 4.5310E+07    5 22656     180   1.0  1.64E-07  6.65E-07  2.20E-12  0.00
 9063 4.5315E+07    5 22658     180   1.0  1.64E-07  6.65E-07  7.26E-11  0.00
 9064 4.5320E+07    5 22661     180   1.0  1.64E-07  6.65E-07  1.38E-11  0.00
 9065 4.5325E+07    5 22663     180   1.0  1.64E-07  6.65E-07  4.60E-12  0.00
 9066 4.5330E+07    5 22666     180   1.0  1.64E-07  6.65E-07  2.53E-12  0.00
 9067 4.5335E+07    5 22668     180   1.0  1.64E-07  6.65E-07  1.58E-11  0.00
 9068 4.5340E+07    5 22671     180   1.0  1.64E-07  6.65E-07  3.89E-11  0.00
 9069 4.5345E+07    5 22673     180   1.0  1.64E-07  6.64E-07  4.50E-11  0.00
 9070 4.5350E+07    5 22676     180   1.0  1.64E-07  6.64E-07  2.23E-11  0.00
 9071 4.5355E+07    5 22678     180   1.0  1.64E-07  6.64E-07  7.09E-11  0.00
 9072 4.5360E+07    5 22681     180   1.0  1.64E-07  6.64E-07  1.98E-11  0.00
 9073 4.5365E+07    5 22683     180   1.0  1.64E-07  6.64E-07  4.18E-11  0.00
 9074 4.5370E+07    5 22686     180   1.0  1.64E-07  6.64E-07  1.54E-12  0.00
 9075 4.5375E+07    5 22688     180   1.0  1.64E-07  6.64E-07  8.84E-11  0.00
 9076 4.5380E+07    5 22691     180   1.0  1.64E-07  6.64E-07  6.70E-11  0.00
 9077 4.5385E+07    5 22693     180   1.0  1.64E-07  6.64E-07  4.82E-11  0.00
 9078 4.5390E+07    5 22696     180   1.0  1.64E-07  6.64E-07  8.27E-11  0.00
 9079 4.5395E+07    5 22698     180   1.0  1.64E-07  6.64E-07  2.80E-12  0.00
 9080 4.5400E+07    5 22701     180   1.0  1.64E-07  6.64E-07  2.70E-11  0.00
 9081 4.5405E+07    5 22703     180   1.0  1.64E-07  6.64E-07  2.93E-12  0.00
 9082 4.5410E+07    5 22706     180   1.0  1.64E-07  6.64E-07  3.40E-12  0.00
 9083 4.5415E+07    5 22708     180   1.0  1.64E-07  6.66E-07  1.33E-11  0.00
 9084 4.5420E+07    5 22711     180   1.0  1.65E-07  6.68E-07  2.52E-11  0.00
 9085 4.5425E+07    5 22713     180   1.0  1.65E-07  6.68E-07  3.31E-11  0.00
 9086 4.5430E+07    5 22716     180   1.0  1.65E-07  6.67E-07  5.87E-11  0.00
 9087 4.5435E+07    5 22718     180   1.0  1.65E-07  6.67E-07  3.79E-12  0.00
 9088 4.5440E+07    5 22721     180   1.0  1.65E-07  6.67E-07  9.93E-12  0.00
 9089 4.5445E+07    5 22723     180   1.0  1.65E-07  6.67E-07  5.57E-12  0.00
 9090 4.5450E+07    5 22726     180   1.0  1.65E-07  6.67E-07  2.86E-11  0.00
 9091 4.5455E+07    5 22728     180   1.0  1.65E-07  6.67E-07  3.00E-11  0.00
 9092 4.5460E+07    5 22731     180   1.0  1.65E-07  6.67E-07  6.74E-12  0.00
 9093 4.5465E+07    5 22733     180   1.0  1.65E-07  6.67E-07  3.42E-12  0.00
 9094 4.5470E+07    5 22736     180   1.0  1.65E-07  6.67E-07  2.79E-13  0.00
 9095 4.5475E+07    5 22738     180   1.0  1.65E-07  6.67E-07  1.60E-11  0.00
 9096 4.5480E+07    5 22741     180   1.0  1.65E-07  6.67E-07  3.96E-11  0.00
 9097 4.5485E+07    5 22743     180   1.0  1.65E-07  6.67E-07  6.13E-11  0.00
 9098 4.5490E+07    5 22746     180   1.0  1.65E-07  6.67E-07  7.37E-12  0.00
 9099 4.5495E+07    5 22748     180   1.0  1.64E-07  6.67E-07  5.39E-11  0.00
 9100 4.5500E+07    5 22751     180   1.0  1.64E-07  6.67E-07  6.48E-13  0.00
 9101 4.5505E+07    5 22753     180   1.0  1.64E-07  6.67E-07  4.00E-11  0.00
 9102 4.5510E+07    5 22756     180   1.0  1.64E-07  6.67E-07  3.35E-12  0.00
 9103 4.5515E+07    5 22758     180   1.0  1.64E-07  6.66E-07  1.51E-11  0.00
 9104 4.5520E+07    5 22761     180   1.0  1.64E-07  6.66E-07  4.65E-11  0.00
 9105 4.5525E+07    5 22763     180   1.0  1.64E-07  6.66E-07  2.92E-12  0.00
 9106 4.5530E+07    5 22766     180   1.0  1.64E-07  6.66E-07  5.86E-11  0.00
 9107 4.5535E+07    5 22768     180   1.0  1.64E-07  6.66E-07  3.33E-11  0.00
 9108 4.5540E+07    5 22771     180   1.0  1.64E-07  6.66E-07  2.66E-12  0.00
 9109 4.5545E+07    5 22773     180   1.0  1.64E-07  6.66E-07  3.09E-11  0.00
 9110 4.5550E+07    5 22776     180   1.0  1.64E-07  6.66E-07  6.54E-12  0.00
 9111 4.5555E+07    5 22778     180   1.0  1.64E-07  6.66E-07  4.83E-12  0.00
 9112 4.5560E+07    5 22781     180   1.0  1.64E-07  6.66E-07  2.92E-11  0.00
 9113 4.5565E+07    5 22783     180   1.0  1.64E-07  6.66E-07  8.06E-12  0.00
 9114 4.5570E+07    5 22786     180   1.0  1.64E-07  6.66E-07  5.17E-12  0.00
 9115 4.5575E+07    5 22788     180   1.0  1.64E-07  6.66E-07  7.47E-12  0.00
 9116 4.5580E+07    5 22791     180   1.0  1.64E-07  6.66E-07  3.70E-11  0.00
 9117 4.5585E+07    5 22793     180   1.0  1.64E-07  6.66E-07  1.25E-10  0.00
 9118 4.5590E+07    5 22796     180   1.0  1.64E-07  6.66E-07  6.67E-12  0.00
 9119 4.5595E+07    5 22798     180   1.0  1.64E-07  6.65E-07  7.36E-14  0.00
 9120 4.5600E+07    5 22801     180   1.0  1.64E-07  6.65E-07  2.18E-11  0.00
 9121 4.5605E+07    5 22803     180   1.0  1.64E-07  6.65E-07  3.59E-11  0.00
 9122 4.5610E+07    5 22806     180   1.0  1.64E-07  6.65E-07  2.19E-11  0.00
 9123 4.5615E+07    5 22808     180   1.0  1.64E-07  6.65E-07  1.62E-12  0.00
 9124 4.5620E+07    5 22811     180   1.0  1.64E-07  6.65E-07  1.78E-12  0.00
 9125 4.5625E+07    5 22813     180   1.0  1.71E-07  6.83E-07  5.80E-11  0.00
 9126 4.5630E+07    5 22816     180   1.0  1.75E-07  6.93E-07  3.99E-11  0.00
 9127 4.5635E+07    5 22818     180   1.0  1.75E-07  6.93E-07  2.20E-11  0.00
 9128 4.5640E+07    5 22821     180   1.0  1.75E-07  6.93E-07  2.23E-11  0.00
 9129 4.5645E+07    5 22823     180   1.0  1.75E-07  6.93E-07  3.99E-13  0.00
 9130 4.5650E+07    5 22826     180   1.0  1.75E-07  6.93E-07  1.68E-10  0.00
 9131 4.5655E+07    5 22828     180   1.0  1.74E-07  6.92E-07  1.41E-11  0.00
 9132 4.5660E+07    5 22831     180   1.0  1.74E-07  6.92E-07  1.50E-11  0.00
 9133 4.5665E+07    5 22833     180   1.0  1.74E-07  6.92E-07  4.23E-11  0.00
 9134 4.5670E+07    5 22836     180   1.0  1.74E-07  6.92E-07  6.20E-11  0.00
 9135 4.5675E+07    5 22838     180   1.0  1.74E-07  6.92E-07  2.52E-12  0.00
 9136 4.5680E+07    5 22841     180   1.0  1.74E-07  6.92E-07  3.64E-12  0.00
 9137 4.5685E+07    5 22843     180   1.0  1.74E-07  6.92E-07  2.64E-11  0.00
 9138 4.5690E+07    5 22846     180   1.0  1.74E-07  6.92E-07  3.29E-12  0.00
 9139 4.5695E+07    5 22848     180   1.0  1.74E-07  6.92E-07  6.01E-11  0.00
 9140 4.5700E+07    5 22851     180   1.0  1.74E-07  6.92E-07  6.25E-12  0.00
 9141 4.5705E+07    5 22853     180   1.0  1.74E-07  6.92E-07  4.51E-12  0.00
 9142 4.5710E+07    5 22856     180   1.0  1.74E-07  6.92E-07  9.94E-11  0.00
 9143 4.5715E+07    5 22858     180   1.0  1.74E-07  6.92E-07  6.86E-12  0.00
 9144 4.5720E+07    5 22861     180   1.0  1.74E-07  6.92E-07  7.78E-11  0.00
 9145 4.5725E+07    5 22863     180   1.0  1.74E-07  6.92E-07  3.23E-11  0.00
 9146 4.5730E+07    5 22866     180   1.0  1.74E-07  6.92E-07  1.23E-11  0.00
 9147 4.5735E+07    5 22868     180   1.0  1.74E-07  6.92E-07  1.80E-11  0.00
 9148 4.5740E+07    5 22871     180   1.0  1.74E-07  6.92E-07  3.00E-11  0.00
 9149 4.5745E+07    5 22873     180   1.0  1.74E-07  6.92E-07  2.48E-14  0.00
 9150 4.5750E+07    5 22876     180   1.0  1.74E-07  6.91E-07  5.47E-13  0.00
 9151 4.5755E+07    5 22878     180   1.0  1.74E-07  6.91E-07  1.03E-11  0.00
 9152 4.5760E+07    5 22881     180   1.0  1.74E-07  6.91E-07  7.26E-12  0.00
 9153 4.5765E+07    5 22883     180   1.0  1.74E-07  6.91E-07  7.49E-11  0.00
 9154 4.5770E+07    5 22886     180   1.0  1.74E-07  6.91E-07  1.03E-11  0.00
 9155 4.5775E+07    5 22888     180   1.0  1.74E-07  6.91E-07  7.32E-12  0.00
 9156 4.5780E+07    5 22891     180   1.0  1.74E-07  6.91E-07  8.63E-11  0.00
 9157 4.5785E+07    5 22893     180   1.0  1.74E-07  6.91E-07  1.48E-12  0.00
 9158 4.5790E+07    5 22896     180   1.0  1.74E-07  6.91E-07  3.12E-11  0.00
 9159 4.5795E+07    5 22898     180   1.0  1.74E-07  6.91E-07  7.06E-11  0.00
 9160 4.5800E+07    5 22901     180   1.0  1.74E-07  6.91E-07  3.04E-11  0.00
 9161 4.5805E+07    5 22903     180   1.0  1.74E-07  6.91E-07  6.85E-12  0.00
 9162 4.5810E+07    5 22906     180   1.0  1.74E-07  6.91E-07  8.96E-12  0.00
 9163 4.5815E+07    5 22908     180   1.0  1.74E-07  6.91E-07  4.83E-13  0.00
 9164 4.5820E+07    5 22911     181   1.0  1.74E-07  6.91E-07  6.89E-11  0.00
 9165 4.5825E+07    5 22913     181   1.0  1.74E-07  6.91E-07  7.85E-13  0.00
 9166 4.5830E+07    5 22916     181   1.0  1.74E-07  6.91E-07  1.02E-12  0.00
 9167 4.5835E+07    5 22918     181   1.0  1.74E-07  6.91E-07  3.01E-11  0.00
 9168 4.5840E+07    5 22921     181   1.0  1.74E-07  6.91E-07  3.74E-12  0.00
 9169 4.5845E+07    5 22923     181   1.0  1.74E-07  6.90E-07  1.86E-12  0.00
 9170 4.5850E+07    5 22926     181   1.0  1.74E-07  6.90E-07  6.12E-11  0.00
 9171 4.5855E+07    5 22928     181   1.0  1.74E-07  6.90E-07  8.93E-11  0.00
 9172 4.5860E+07    5 22931     181   1.0  1.74E-07  6.90E-07  3.85E-12  0.00
 9173 4.5865E+07    5 22933     181   1.0  1.74E-07  6.90E-07  2.16E-12  0.00
 9174 4.5870E+07    5 22936     181   1.0  1.73E-07  6.90E-07  5.15E-11  0.00
 9175 4.5875E+07    5 22938     181   1.0  1.73E-07  6.90E-07  1.73E-11  0.00
 9176 4.5880E+07    5 22941     181   1.0  1.73E-07  6.90E-07  3.13E-11  0.00
 9177 4.5885E+07    5 22943     181   1.0  1.73E-07  6.90E-07  1.15E-10  0.00
 9178 4.5890E+07    5 22946     181   1.0  1.76E-07  6.98E-07  3.66E-11  0.00
 9179 4.5895E+07    5 22948     181   1.0  1.77E-07  6.98E-07  2.79E-12  0.00
 9180 4.5900E+07    5 22951     181   1.0  1.76E-07  6.98E-07  1.81E-12  0.00
 9181 4.5905E+07    5 22953     181   1.0  1.76E-07  6.98E-07  4.19E-11  0.00
 9182 4.5910E+07    5 22956     181   1.0  1.76E-07  6.98E-07  1.12E-11  0.00
 9183 4.5915E+07    5 22958     181   1.0  1.76E-07  6.98E-07  4.11E-11  0.00
 9184 4.5920E+07    5 22961     181   1.0  1.76E-07  6.98E-07  7.02E-11  0.00
 9185 4.5925E+07    5 22963     181   1.0  1.76E-07  6.98E-07  2.50E-11  0.00
 9186 4.5930E+07    5 22966     181   1.0  1.76E-07  6.97E-07  4.13E-11  0.00
 9187 4.5935E+07    5 22968     181   1.0  1.76E-07  6.97E-07  5.61E-13  0.00
 9188 4.5940E+07    5 22971     181   1.0  1.76E-07  6.97E-07  1.03E-11  0.00
 9189 4.5945E+07    5 22973     181   1.0  1.76E-07  6.97E-07  4.23E-11  0.00
 9190 4.5950E+07    5 22976     181   1.0  1.76E-07  6.97E-07  3.94E-11  0.00
 9191 4.5955E+07    5 22978     181   1.0  1.76E-07  6.97E-07  5.78E-11  0.00
 9192 4.5960E+07    5 22981     181   1.0  1.76E-07  6.97E-07  6.28E-12  0.00
 9193 4.5965E+07    5 22983     181   1.0  1.76E-07  6.97E-07  3.07E-11  0.00
 9194 4.5970E+07    5 22986     181   1.0  1.76E-07  6.97E-07  6.84E-11  0.00
 9195 4.5975E+07    5 22988     181   1.0  1.76E-07  6.97E-07  2.83E-12  0.00
 9196 4.5980E+07    5 22991     181   1.0  1.76E-07  6.97E-07  3.90E-12  0.00
 9197 4.5985E+07    5 22993     181   1.0  1.76E-07  6.97E-07  7.49E-11  0.00
 9198 4.5990E+07    5 22996     181   1.0  1.76E-07  6.97E-07  3.39E-11  0.00
 9199 4.5995E+07    5 22998     181   1.0  1.76E-07  6.97E-07  2.35E-11  0.00
 9200 4.6000E+07    5 23001     181   1.0  1.76E-07  6.97E-07  5.09E-12  0.00
 9201 4.6005E+07    5 23003     181   1.0  1.76E-07  6.97E-07  4.00E-11  0.00
 9202 4.6010E+07    5 23006     181   1.0  1.76E-07  6.96E-07  2.11E-11  0.00
 9203 4.6015E+07    5 23008     181   1.0  1.76E-07  6.96E-07  1.01E-11  0.00
 9204 4.6020E+07    5 23011     181   1.0  1.76E-07  6.96E-07  2.03E-11  0.00
 9205 4.6025E+07    5 23013     181   1.0  1.76E-07  6.96E-07  2.14E-11  0.00
 9206 4.6030E+07    5 23016     181   1.0  1.76E-07  6.96E-07  4.03E-12  0.00
 9207 4.6035E+07    5 23018     181   1.0  1.76E-07  6.96E-07  9.31E-12  0.00
 9208 4.6040E+07    5 23021     181   1.0  1.76E-07  6.96E-07  2.56E-11  0.00
 9209 4.6045E+07    5 23023     181   1.0  1.76E-07  6.96E-07  2.02E-11  0.00
 9210 4.6050E+07    5 23026     181   1.0  1.76E-07  6.96E-07  4.54E-11  0.00
 9211 4.6055E+07    5 23028     181   1.0  1.76E-07  6.96E-07  8.23E-13  0.00
 9212 4.6060E+07    5 23031     181   1.0  1.76E-07  6.96E-07  8.92E-12  0.00
 9213 4.6065E+07    5 23033     181   1.0  1.76E-07  6.96E-07  4.80E-11  0.00
 9214 4.6070E+07    5 23036     181   1.0  1.84E-07  7.22E-07  1.50E-12  0.00
 9215 4.6075E+07    5 23038     181   1.0  1.91E-07  7.41E-07  7.28E-11  0.00
 9216 4.6080E+07    5 23041     181   1.0  1.91E-07  7.41E-07  6.49E-11  0.00
 9217 4.6085E+07    5 23043     181   1.0  1.91E-07  7.41E-07  2.59E-11  0.00
 9218 4.6090E+07    5 23046     181   1.0  1.91E-07  7.41E-07  8.32E-11  0.00
 9219 4.6095E+07    5 23048     181   1.0  1.90E-07  7.41E-07  4.42E-11  0.00
 9220 4.6100E+07    5 23051     181   1.0  1.90E-07  7.41E-07  3.41E-11  0.00
 9221 4.6105E+07    5 23053     181   1.0  1.90E-07  7.41E-07  6.36E-11  0.00
 9222 4.6110E+07    5 23056     181   1.0  1.90E-07  7.41E-07  2.00E-12  0.00
 9223 4.6115E+07    5 23058     181   1.0  1.90E-07  7.41E-07  4.71E-12  0.00
 9224 4.6120E+07    5 23061     181   1.0  1.90E-07  7.41E-07  2.63E-11  0.00
 9225 4.6125E+07    5 23063     181   1.0  1.90E-07  7.41E-07  6.28E-12  0.00
 9226 4.6130E+07    5 23066     181   1.0  1.90E-07  7.41E-07  5.04E-12  0.00
 9227 4.6135E+07    5 23068     181   1.0  1.90E-07  7.41E-07  6.18E-11  0.00
 9228 4.6140E+07    5 23071     181   1.0  1.90E-07  7.40E-07  2.69E-12  0.00
 9229 4.6145E+07    5 23073     181   1.0  1.90E-07  7.40E-07  2.56E-11  0.00
 9230 4.6150E+07    5 23076     181   1.0  1.90E-07  7.40E-07  5.50E-11  0.00
 9231 4.6155E+07    5 23078     181   1.0  1.90E-07  7.40E-07  1.72E-12  0.00
 9232 4.6160E+07    5 23081     181   1.0  1.90E-07  7.40E-07  2.15E-11  0.00
 9233 4.6165E+07    5 23083     181   1.0  1.90E-07  7.40E-07  3.76E-12  0.00
 9234 4.6170E+07    5 23086     181   1.0  1.90E-07  7.40E-07  2.90E-12  0.00
 9235 4.6175E+07    5 23088     181   1.0  1.90E-07  7.40E-07  2.76E-11  0.00
 9236 4.6180E+07    5 23091     181   1.0  1.90E-07  7.40E-07  1.09E-11  0.00
 9237 4.6185E+07    5 23093     181   1.0  1.90E-07  7.40E-07  2.37E-11  0.00
 9238 4.6190E+07    5 23096     181   1.0  1.90E-07  7.40E-07  7.06E-11  0.00
 9239 4.6195E+07    5 23098     181   1.0  1.90E-07  7.40E-07  4.34E-12  0.00
 9240 4.6200E+07    5 23101     181   1.0  1.90E-07  7.40E-07  3.09E-11  0.00
 9241 4.6205E+07    5 23103     181   1.0  1.90E-07  7.39E-07  1.80E-11  0.00
 9242 4.6210E+07    5 23106     181   1.0  1.90E-07  7.39E-07  1.69E-12  0.00
 9243 4.6215E+07    5 23108     181   1.0  1.90E-07  7.39E-07  8.51E-12  0.00
 9244 4.6220E+07    5 23111     181   1.0  1.90E-07  7.39E-07  2.97E-11  0.00
 9245 4.6225E+07    5 23113     181   1.0  1.90E-07  7.39E-07  7.01E-12  0.00
 9246 4.6230E+07    5 23116     181   1.0  1.90E-07  7.39E-07  8.89E-12  0.00
 9247 4.6235E+07    5 23118     181   1.0  1.90E-07  7.39E-07  3.32E-12  0.00
 9248 4.6240E+07    5 23121     181   1.0  1.90E-07  7.39E-07  6.37E-12  0.00
 9249 4.6245E+07    5 23123     181   1.0  1.90E-07  7.39E-07  1.44E-12  0.00
 9250 4.6250E+07    5 23126     181   1.0  1.90E-07  7.39E-07  6.56E-12  0.00
 9251 4.6255E+07    5 23128     181   1.0  1.90E-07  7.39E-07  3.05E-12  0.00
 9252 4.6260E+07    5 23131     181   1.0  1.89E-07  7.39E-07  1.97E-11  0.00
 9253 4.6265E+07    5 23133     181   1.0  1.89E-07  7.39E-07  2.16E-11  0.00
 9254 4.6270E+07    5 23136     181   1.0  1.89E-07  7.38E-07  4.72E-13  0.00
 9255 4.6275E+07    5 23138     181   1.0  1.89E-07  7.38E-07  4.87E-11  0.00
 9256 4.6280E+07    5 23141     181   1.0  1.89E-07  7.38E-07  1.71E-12  0.00
 9257 4.6285E+07    5 23143     181   1.0  1.89E-07  7.38E-07  5.73E-11  0.00
 9258 4.6290E+07    5 23146     181   1.0  1.89E-07  7.38E-07  3.24E-11  0.00
 9259 4.6295E+07    5 23148     181   1.0  1.89E-07  7.38E-07  9.37E-13  0.00
 9260 4.6300E+07    5 23151     181   1.0  1.89E-07  7.38E-07  1.53E-11  0.00
 9261 4.6305E+07    5 23153     181   1.0  1.89E-07  7.38E-07  3.24E-12  0.00
 9262 4.6310E+07    5 23156     181   1.0  1.89E-07  7.38E-07  1.02E-10  0.00
 9263 4.6315E+07    5 23158     181   1.0  1.89E-07  7.38E-07  8.44E-11  0.00
 9264 4.6320E+07    5 23161     181   1.0  1.89E-07  7.38E-07  4.33E-12  0.00
 9265 4.6325E+07    5 23163     181   1.0  1.89E-07  7.38E-07  2.15E-11  0.00
 9266 4.6330E+07    5 23166     181   1.0  1.89E-07  7.38E-07  2.87E-12  0.00
 9267 4.6335E+07    5 23168     181   1.0  1.89E-07  7.37E-07  6.81E-11  0.00
 9268 4.6340E+07    5 23171     181   1.0  1.89E-07  7.37E-07  6.23E-12  0.00
 9269 4.6345E+07    5 23173     181   1.0  1.89E-07  7.37E-07  5.22E-11  0.00
 9270 4.6350E+07    5 23176     181   1.0  1.89E-07  7.37E-07  4.95E-12  0.00
 9271 4.6355E+07    5 23178     181   1.0  1.89E-07  7.37E-07  2.73E-11  0.00
 9272 4.6360E+07    5 23181     181   1.0  1.89E-07  7.37E-07  1.05E-11  0.00
 9273 4.6365E+07    5 23183     181   1.0  1.89E-07  7.37E-07  1.58E-13  0.00
 9274 4.6370E+07    5 23186     181   1.0  1.89E-07  7.37E-07  9.71E-12  0.00
 9275 4.6375E+07    5 23188     181   1.0  1.89E-07  7.37E-07  2.55E-13  0.00
 9276 4.6380E+07    5 23191     181   1.0  1.89E-07  7.37E-07  6.42E-11  0.00
 9277 4.6385E+07    5 23193     181   1.0  1.89E-07  7.37E-07  6.83E-12  0.00
 9278 4.6390E+07    5 23196     181   1.0  1.89E-07  7.37E-07  5.12E-11  0.00
 9279 4.6395E+07    5 23198     181   1.0  1.89E-07  7.37E-07  3.92E-13  0.00
 9280 4.6400E+07    5 23201     181   1.0  1.89E-07  7.36E-07  2.13E-11  0.00
 9281 4.6405E+07    5 23203     181   1.0  1.89E-07  7.36E-07  2.86E-11  0.00
 9282 4.6410E+07    5 23206     181   1.0  1.89E-07  7.36E-07  8.64E-12  0.00
 9283 4.6415E+07    5 23208     181   1.0  1.89E-07  7.36E-07  3.93E-11  0.00
 9284 4.6420E+07    5 23211     181   1.0  1.89E-07  7.36E-07  4.81E-12  0.00
 9285 4.6425E+07    5 23213     181   1.0  1.88E-07  7.36E-07  4.45E-12  0.00
 9286 4.6430E+07    5 23216     181   1.0  1.88E-07  7.36E-07  5.74E-11  0.00
 9287 4.6435E+07    5 23218     181   1.0  1.88E-07  7.36E-07  5.68E-12  0.00
 9288 4.6440E+07    5 23221     181   1.0  1.88E-07  7.36E-07  2.03E-11  0.00
 9289 4.6445E+07    5 23223     181   1.0  1.88E-07  7.36E-07  2.67E-11  0.00
 9290 4.6450E+07    5 23226     181   1.0  1.88E-07  7.36E-07  5.82E-11  0.00
 9291 4.6455E+07    5 23228     181   1.0  1.88E-07  7.36E-07  2.19E-12  0.00
 9292 4.6460E+07    5 23231     181   1.0  1.88E-07  7.36E-07  7.37E-11  0.00
 9293 4.6465E+07    5 23233     181   1.0  1.88E-07  7.35E-07  6.62E-11  0.00
 9294 4.6470E+07    5 23236     181   1.0  1.88E-07  7.35E-07  8.63E-13  0.00
 9295 4.6475E+07    5 23238     181   1.0  1.88E-07  7.35E-07  3.66E-12  0.00
 9296 4.6480E+07    5 23241     181   1.0  1.88E-07  7.35E-07  1.49E-11  0.00
 9297 4.6485E+07    5 23243     181   1.0  1.88E-07  7.35E-07  4.42E-11  0.00
 9298 4.6490E+07    5 23246     181   1.0  1.88E-07  7.35E-07  4.45E-12  0.00
 9299 4.6495E+07    5 23248     181   1.0  1.88E-07  7.35E-07  4.02E-11  0.00
 9300 4.6500E+07    5 23251     181   1.0  1.88E-07  7.35E-07  6.33E-11  0.00
 9301 4.6505E+07    5 23253     181   1.0  1.88E-07  7.35E-07  9.62E-11  0.00
 9302 4.6510E+07    5 23256     181   1.0  1.88E-07  7.35E-07  1.24E-11  0.00
 9303 4.6515E+07    5 23258     181   1.0  1.88E-07  7.35E-07  1.92E-12  0.00
 9304 4.6520E+07    5 23261     181   1.0  1.88E-07  7.35E-07  3.80E-11  0.00
 9305 4.6525E+07    5 23263     181   1.0  1.86E-07  7.31E-07  3.12E-11  0.00
 9306 4.6530E+07    5 23266     181   1.0  1.82E-07  7.23E-07  4.86E-11  0.00
 9307 4.6535E+07    5 23268     181   1.0  1.82E-07  7.23E-07  3.77E-11  0.00
 9308 4.6540E+07    5 23271     181   1.0  1.82E-07  7.23E-07  3.44E-12  0.00
 9309 4.6545E+07    5 23273     181   1.0  1.82E-07  7.23E-07  2.33E-12  0.00
 9310 4.6550E+07    5 23276     181   1.0  1.82E-07  7.23E-07  8.07E-12  0.00
 9311 4.6555E+07    5 23278     181   1.0  1.82E-07  7.23E-07  2.14E-11  0.00
 9312 4.6560E+07    5 23281     181   1.0  1.82E-07  7.23E-07  3.10E-14  0.00
 9313 4.6565E+07    5 23283     181   1.0  1.82E-07  7.22E-07  3.17E-11  0.00
 9314 4.6570E+07    5 23286     181   1.0  1.82E-07  7.22E-07  9.80E-12  0.00
 9315 4.6575E+07    5 23288     181   1.0  1.82E-07  7.22E-07  8.55E-11  0.00
 9316 4.6580E+07    5 23291     181   1.0  1.82E-07  7.22E-07  1.30E-12  0.00
 9317 4.6585E+07    5 23293     181   1.0  1.82E-07  7.22E-07  3.11E-12  0.00
 9318 4.6590E+07    5 23296     181   1.0  1.82E-07  7.22E-07  1.71E-11  0.00
 9319 4.6595E+07    5 23298     181   1.0  1.82E-07  7.22E-07  8.03E-11  0.00
 9320 4.6600E+07    5 23301     181   1.0  1.82E-07  7.22E-07  6.86E-12  0.00
 9321 4.6605E+07    5 23303     181   1.0  1.82E-07  7.22E-07  4.15E-12  0.00
 9322 4.6610E+07    5 23306     181   1.0  1.82E-07  7.22E-07  1.89E-11  0.00
 9323 4.6615E+07    5 23308     181   1.0  1.82E-07  7.22E-07  4.73E-12  0.00
 9324 4.6620E+07    5 23311     181   1.0  1.82E-07  7.22E-07  6.30E-11  0.00
 9325 4.6625E+07    5 23313     181   1.0  1.82E-07  7.22E-07  1.88E-11  0.00
 9326 4.6630E+07    5 23316     181   1.0  1.82E-07  7.22E-07  8.95E-14  0.00
 9327 4.6635E+07    5 23318     181   1.0  1.82E-07  7.21E-07  2.33E-11  0.00
 9328 4.6640E+07    5 23321     181   1.0  1.82E-07  7.21E-07  1.31E-11  0.00
 9329 4.6645E+07    5 23323     181   1.0  1.82E-07  7.21E-07  1.67E-11  0.00
 9330 4.6650E+07    5 23326     181   1.0  1.82E-07  7.21E-07  3.96E-11  0.00
 9331 4.6655E+07    5 23328     181   1.0  1.81E-07  7.21E-07  1.39E-11  0.00
 9332 4.6660E+07    5 23331     181   1.0  1.81E-07  7.21E-07  1.57E-11  0.00
 9333 4.6665E+07    5 23333     181   1.0  1.81E-07  7.21E-07  8.97E-12  0.00
 9334 4.6670E+07    5 23336     181   1.0  1.81E-07  7.21E-07  2.75E-11  0.00
 9335 4.6675E+07    5 23338     181   1.0  1.81E-07  7.21E-07  2.80E-11  0.00
 9336 4.6680E+07    5 23341     181   1.0  1.81E-07  7.21E-07  7.18E-11  0.00
 9337 4.6685E+07    5 23343     181   1.0  1.81E-07  7.21E-07  2.52E-12  0.00
 9338 4.6690E+07    5 23346     181   1.0  1.81E-07  7.21E-07  6.00E-11  0.00
 9339 4.6695E+07    5 23348     181   1.0  1.81E-07  7.21E-07  2.92E-11  0.00
 9340 4.6700E+07    5 23351     181   1.0  1.81E-07  7.21E-07  1.23E-11  0.00
 9341 4.6705E+07    5 23353     181   1.0  1.81E-07  7.20E-07  7.67E-12  0.00
 9342 4.6710E+07    5 23356     181   1.0  1.81E-07  7.20E-07  3.48E-11  0.00
 9343 4.6715E+07    5 23358     181   1.0  1.81E-07  7.20E-07  3.41E-11  0.00
 9344 4.6720E+07    5 23361     181   1.0  1.81E-07  7.20E-07  5.29E-12  0.00
 9345 4.6725E+07    5 23363     181   1.0  1.81E-07  7.20E-07  3.37E-12  0.00
 9346 4.6730E+07    5 23366     181   1.0  1.81E-07  7.20E-07  4.43E-13  0.00
 9347 4.6735E+07    5 23368     181   1.0  1.81E-07  7.20E-07  6.00E-11  0.00
 9348 4.6740E+07    5 23371     181   1.0  1.81E-07  7.20E-07  2.48E-12  0.00
 9349 4.6745E+07    5 23373     181   1.0  1.81E-07  7.20E-07  2.19E-11  0.00
 9350 4.6750E+07    5 23376     181   1.0  1.81E-07  7.20E-07  4.43E-12  0.00
 9351 4.6755E+07    5 23378     181   1.0  1.81E-07  7.20E-07  5.84E-11  0.00
 9352 4.6760E+07    5 23381     181   1.0  1.81E-07  7.20E-07  1.74E-11  0.00
 9353 4.6765E+07    5 23383     181   1.0  1.81E-07  7.20E-07  5.02E-11  0.00
 9354 4.6770E+07    5 23386     181   1.0  1.81E-07  7.20E-07  2.01E-12  0.00
 9355 4.6775E+07    5 23388     181   1.0  1.81E-07  7.19E-07  7.84E-11  0.00
 9356 4.6780E+07    5 23391     181   1.0  1.81E-07  7.19E-07  3.86E-12  0.00
 9357 4.6785E+07    5 23393     181   1.0  1.81E-07  7.19E-07  2.46E-11  0.00
 9358 4.6790E+07    5 23396     181   1.0  1.81E-07  7.19E-07  3.50E-12  0.00
 9359 4.6795E+07    5 23398     181   1.0  1.81E-07  7.19E-07  2.16E-12  0.00
 9360 4.6800E+07    5 23401     181   1.0  1.81E-07  7.19E-07  4.14E-13  0.00
 9361 4.6805E+07    5 23403     181   1.0  1.81E-07  7.19E-07  5.16E-12  0.00
 9362 4.6810E+07    5 23406     181   1.0  1.81E-07  7.19E-07  7.02E-11  0.00
 9363 4.6815E+07    5 23408     181   1.0  1.81E-07  7.19E-07  2.68E-11  0.00
 9364 4.6820E+07    5 23411     181   1.0  1.81E-07  7.19E-07  3.05E-11  0.00
 9365 4.6825E+07    5 23413     181   1.0  1.80E-07  7.19E-07  4.65E-12  0.00
 9366 4.6830E+07    5 23416     181   1.0  1.80E-07  7.19E-07  5.39E-12  0.00
 9367 4.6835E+07    5 23418     181   1.0  1.80E-07  7.19E-07  4.84E-11  0.00
 9368 4.6840E+07    5 23421     181   1.0  1.80E-07  7.19E-07  3.19E-11  0.00
 9369 4.6845E+07    5 23423     181   1.0  1.80E-07  7.18E-07  8.28E-12  0.00
 9370 4.6850E+07    5 23426     181   1.0  1.80E-07  7.18E-07  2.87E-11  0.00
 9371 4.6855E+07    5 23428     181   1.0  1.80E-07  7.18E-07  3.40E-11  0.00
 9372 4.6860E+07    5 23431     181   1.0  1.80E-07  7.18E-07  2.14E-11  0.00
 9373 4.6865E+07    5 23433     181   1.0  1.80E-07  7.18E-07  3.82E-13  0.00
 9374 4.6870E+07    5 23436     181   1.0  1.80E-07  7.18E-07  1.29E-12  0.00
 9375 4.6875E+07    5 23438     181   1.0  1.80E-07  7.18E-07  4.47E-11  0.00
 9376 4.6880E+07    5 23441     181   1.0  1.80E-07  7.18E-07  1.52E-12  0.00
 9377 4.6885E+07    5 23443     181   1.0  1.80E-07  7.18E-07  3.78E-11  0.00
 9378 4.6890E+07    5 23446     181   1.0  1.80E-07  7.18E-07  3.43E-11  0.00
 9379 4.6895E+07    5 23448     181   1.0  1.80E-07  7.18E-07  2.95E-12  0.00
 9380 4.6900E+07    5 23451     181   1.0  1.80E-07  7.18E-07  4.71E-11  0.00
 9381 4.6905E+07    5 23453     181   1.0  1.80E-07  7.18E-07  2.36E-11  0.00
 9382 4.6910E+07    5 23456     181   1.0  1.80E-07  7.18E-07  6.93E-13  0.00
 9383 4.6915E+07    5 23458     181   1.0  1.80E-07  7.18E-07  7.10E-11  0.00
 9384 4.6920E+07    5 23461     181   1.0  1.80E-07  7.17E-07  1.72E-11  0.00
 9385 4.6925E+07    5 23463     181   1.0  1.80E-07  7.17E-07  2.32E-12  0.00
 9386 4.6930E+07    5 23466     181   1.0  1.80E-07  7.17E-07  1.47E-11  0.00
 9387 4.6935E+07    5 23468     181   1.0  1.80E-07  7.17E-07  6.66E-11  0.00
 9388 4.6940E+07    5 23471     181   1.0  1.80E-07  7.17E-07  3.52E-11  0.00
 9389 4.6945E+07    5 23473     181   1.0  1.80E-07  7.17E-07  5.04E-12  0.00
 9390 4.6950E+07    5 23476     181   1.0  1.80E-07  7.17E-07  3.09E-11  0.00
 9391 4.6955E+07    5 23478     181   1.0  1.80E-07  7.17E-07  2.90E-11  0.00
 9392 4.6960E+07    5 23481     181   1.0  1.80E-07  7.17E-07  2.97E-12  0.00
 9393 4.6965E+07    5 23483     181   1.0  1.80E-07  7.17E-07  7.98E-12  0.00
 9394 4.6970E+07    5 23486     181   1.0  1.80E-07  7.17E-07  2.82E-11  0.00
 9395 4.6975E+07    5 23488     181   1.0  1.80E-07  7.17E-07  3.24E-11  0.00
 9396 4.6980E+07    5 23491     181   1.0  1.80E-07  7.17E-07  1.28E-10  0.00
 9397 4.6985E+07    5 23493     181   1.0  1.80E-07  7.17E-07  6.02E-12  0.00
 9398 4.6990E+07    5 23496     181   1.0  1.80E-07  7.16E-07  7.69E-11  0.00
 9399 4.6995E+07    5 23498     181   1.0  1.80E-07  7.16E-07  2.96E-13  0.00
 9400 4.7000E+07    5 23501     181   1.0  1.79E-07  7.16E-07  9.05E-11  0.00
 9401 4.7005E+07    5 23503     181   1.0  1.79E-07  7.16E-07  4.82E-11  0.00
 9402 4.7010E+07    5 23506     181   1.0  1.79E-07  7.16E-07  3.81E-13  0.00
 9403 4.7015E+07    5 23508     181   1.0  1.79E-07  7.16E-07  3.36E-11  0.00
 9404 4.7020E+07    5 23511     181   1.0  1.79E-07  7.16E-07  5.87E-12  0.00
 9405 4.7025E+07    5 23513     181   1.0  1.79E-07  7.16E-07  4.25E-11  0.00
 9406 4.7030E+07    5 23516     181   1.0  1.79E-07  7.16E-07  1.44E-11  0.00
 9407 4.7035E+07    5 23518     181   1.0  1.79E-07  7.16E-07  3.92E-12  0.00
 9408 4.7040E+07    5 23521     181   1.0  1.79E-07  7.16E-07  4.80E-11  0.00
 9409 4.7045E+07    5 23523     181   1.0  1.79E-07  7.16E-07  1.95E-11  0.00
 9410 4.7050E+07    5 23526     181   1.0  1.79E-07  7.16E-07  8.53E-12  0.00
 9411 4.7055E+07    5 23528     181   1.0  1.79E-07  7.16E-07  2.21E-11  0.00
 9412 4.7060E+07    5 23531     181   1.0  1.79E-07  7.15E-07  4.94E-12  0.00
 9413 4.7065E+07    5 23533     181   1.0  1.79E-07  7.15E-07  2.00E-12  0.00
 9414 4.7070E+07    5 23536     181   1.0  1.79E-07  7.15E-07  1.17E-11  0.00
 9415 4.7075E+07    5 23538     181   1.0  1.79E-07  7.15E-07  6.85E-11  0.00
 9416 4.7080E+07    5 23541     181   1.0  1.79E-07  7.15E-07  2.93E-11  0.00
 9417 4.7085E+07    5 23543     181   1.0  1.79E-07  7.15E-07  1.37E-12  0.00
 9418 4.7090E+07    5 23546     181   1.0  1.79E-07  7.15E-07  3.44E-11  0.00
 9419 4.7095E+07    5 23548     181   1.0  1.79E-07  7.15E-07  1.46E-11  0.00
 9420 4.7100E+07    5 23551     181   1.0  1.79E-07  7.15E-07  2.77E-11  0.00
 9421 4.7105E+07    5 23553     181   1.0  1.79E-07  7.15E-07  4.79E-11  0.00
 9422 4.7110E+07    5 23556     181   1.0  1.79E-07  7.15E-07  1.82E-11  0.00
 9423 4.7115E+07    5 23558     181   1.0  1.79E-07  7.15E-07  6.68E-11  0.00
 9424 4.7120E+07    5 23561     181   1.0  1.79E-07  7.15E-07  2.30E-11  0.00
 9425 4.7125E+07    5 23563     181   1.0  1.79E-07  7.15E-07  2.69E-11  0.00
 9426 4.7130E+07    5 23566     181   1.0  1.79E-07  7.15E-07  2.87E-11  0.00
 9427 4.7135E+07    5 23568     181   1.0  1.79E-07  7.14E-07  3.87E-11  0.00
 9428 4.7140E+07    5 23571     181   1.0  1.79E-07  7.14E-07  4.08E-11  0.00
 9429 4.7145E+07    5 23573     181   1.0  1.79E-07  7.14E-07  4.30E-12  0.00
 9430 4.7150E+07    5 23576     181   1.0  1.79E-07  7.14E-07  4.81E-11  0.00
 9431 4.7155E+07    5 23578     181   1.0  1.79E-07  7.14E-07  8.01E-11  0.00
 9432 4.7160E+07    5 23581     181   1.0  1.79E-07  7.14E-07  2.06E-13  0.00
 9433 4.7165E+07    5 23583     181   1.0  1.79E-07  7.14E-07  5.24E-11  0.00
 9434 4.7170E+07    5 23586     181   1.0  1.79E-07  7.14E-07  3.86E-11  0.00
 9435 4.7175E+07    5 23588     181   1.0  1.78E-07  7.14E-07  8.13E-12  0.00
 9436 4.7180E+07    5 23591     181   1.0  1.78E-07  7.14E-07  8.48E-13  0.00
 9437 4.7185E+07    5 23593     181   1.0  1.78E-07  7.14E-07  5.99E-11  0.00
 9438 4.7190E+07    5 23596     181   1.0  1.78E-07  7.14E-07  3.38E-11  0.00
 9439 4.7195E+07    5 23598     181   1.0  1.78E-07  7.14E-07  6.85E-12  0.00
 9440 4.7200E+07    5 23601     181   1.0  1.78E-07  7.14E-07  4.29E-12  0.00
 9441 4.7205E+07    5 23603     181   1.0  1.78E-07  7.13E-07  5.72E-11  0.00
 9442 4.7210E+07    5 23606     181   1.0  1.78E-07  7.13E-07  1.67E-11  0.00
 9443 4.7215E+07    5 23608     181   1.0  1.78E-07  7.13E-07  3.67E-13  0.00
 9444 4.7220E+07    5 23611     181   1.0  1.78E-07  7.13E-07  2.88E-11  0.00
 9445 4.7225E+07    5 23613     181   1.0  1.78E-07  7.13E-07  1.68E-11  0.00
 9446 4.7230E+07    5 23616     181   1.0  1.78E-07  7.13E-07  2.56E-11  0.00
 9447 4.7235E+07    5 23618     181   1.0  1.78E-07  7.13E-07  7.27E-12  0.00
 9448 4.7240E+07    5 23621     181   1.0  1.78E-07  7.13E-07  1.09E-12  0.00
 9449 4.7245E+07    5 23623     181   1.0  1.78E-07  7.13E-07  3.36E-12  0.00
 9450 4.7250E+07    5 23626     181   1.0  1.78E-07  7.13E-07  4.90E-12  0.00
 9451 4.7255E+07    5 23628     181   1.0  1.78E-07  7.13E-07  6.01E-11  0.00
 9452 4.7260E+07    5 23631     181   1.0  1.78E-07  7.13E-07  6.39E-12  0.00
 9453 4.7265E+07    5 23633     181   1.0  1.78E-07  7.13E-07  6.68E-11  0.00
 9454 4.7270E+07    5 23636     181   1.0  1.78E-07  7.13E-07  4.70E-11  0.00
 9455 4.7275E+07    5 23638     181   1.0  1.78E-07  7.12E-07  3.70E-13  0.00
 9456 4.7280E+07    5 23641     181   1.0  1.78E-07  7.12E-07  6.74E-12  0.00
 9457 4.7285E+07    5 23643     181   1.0  1.78E-07  7.12E-07  6.45E-13  0.00
 9458 4.7290E+07    5 23646     181   1.0  1.78E-07  7.12E-07  9.97E-13  0.00
 9459 4.7295E+07    5 23648     181   1.0  1.78E-07  7.12E-07  1.10E-12  0.00
 9460 4.7300E+07    5 23651     181   1.0  1.78E-07  7.12E-07  3.16E-11  0.00
 9461 4.7305E+07    5 23653     181   1.0  1.78E-07  7.12E-07  8.96E-11  0.00
 9462 4.7310E+07    5 23656     181   1.0  1.78E-07  7.12E-07  2.48E-11  0.00
 9463 4.7315E+07    5 23658     181   1.0  1.78E-07  7.12E-07  1.22E-10  0.00
 9464 4.7320E+07    5 23661     181   1.0  1.78E-07  7.12E-07  1.42E-11  0.00
 9465 4.7325E+07    5 23663     181   1.0  1.78E-07  7.12E-07  4.20E-13  0.00
 9466 4.7330E+07    5 23666     181   1.0  1.78E-07  7.12E-07  8.13E-11  0.00
 9467 4.7335E+07    5 23668     181   1.0  1.78E-07  7.12E-07  2.44E-11  0.00
 9468 4.7340E+07    5 23671     181   1.0  1.78E-07  7.12E-07  3.42E-11  0.00
 9469 4.7345E+07    5 23673     181   1.0  1.78E-07  7.12E-07  2.21E-12  0.00
 9470 4.7350E+07    5 23676     181   1.0  1.77E-07  7.11E-07  1.30E-11  0.00
 9471 4.7355E+07    5 23678     181   1.0  1.77E-07  7.11E-07  6.40E-12  0.00
 9472 4.7360E+07    5 23681     181   1.0  1.77E-07  7.11E-07  2.76E-12  0.00
 9473 4.7365E+07    5 23683     181   1.0  1.77E-07  7.11E-07  4.57E-11  0.00
 9474 4.7370E+07    5 23686     181   1.0  1.77E-07  7.11E-07  2.27E-12  0.00
 9475 4.7375E+07    5 23688     181   1.0  1.77E-07  7.11E-07  1.05E-11  0.00
 9476 4.7380E+07    5 23691     181   1.0  1.77E-07  7.11E-07  7.91E-12  0.00
 9477 4.7385E+07    5 23693     181   1.0  1.77E-07  7.11E-07  1.01E-12  0.00
 9478 4.7390E+07    5 23696     181   1.0  1.77E-07  7.11E-07  7.02E-12  0.00
 9479 4.7395E+07    5 23698     181   1.0  1.77E-07  7.11E-07  1.55E-12  0.00
 9480 4.7400E+07    5 23701     181   1.0  1.77E-07  7.11E-07  5.50E-11  0.00
 9481 4.7405E+07    5 23703     181   1.0  2.50E-07  1.05E-06  4.09E-11  0.00
 9482 4.7410E+07    5 23706     181   1.0  2.83E-07  1.21E-06  6.97E-13  0.00
 9483 4.7415E+07    5 23708     181   1.0  2.83E-07  1.21E-06  1.05E-12  0.00
 9484 4.7420E+07    5 23711     181   1.0  2.83E-07  1.21E-06  4.62E-12  0.00
 9485 4.7425E+07    5 23713     181   1.0  2.83E-07  1.21E-06  1.04E-11  0.00
 9486 4.7430E+07    5 23716     181   1.0  2.83E-07  1.21E-06  3.98E-12  0.00
 9487 4.7435E+07    5 23718     181   1.0  2.83E-07  1.21E-06  1.97E-11  0.00
 9488 4.7440E+07    5 23721     181   1.0  2.83E-07  1.21E-06  4.42E-11  0.00
 9489 4.7445E+07    5 23723     181   1.0  2.83E-07  1.21E-06  2.80E-12  0.00
 9490 4.7450E+07    5 23726     181   1.0  2.82E-07  1.21E-06  9.20E-11  0.00
 9491 4.7455E+07    5 23728     181   1.0  2.82E-07  1.21E-06  4.83E-12  0.00
 9492 4.7460E+07    5 23731     181   1.0  2.77E-07  1.18E-06  2.75E-11  0.00
 9493 4.7465E+07    5 23733     181   1.0  2.51E-07  1.07E-06  5.48E-13  0.00
 9494 4.7470E+07    5 23736     181   1.0  2.51E-07  1.07E-06  4.34E-12  0.00
 9495 4.7475E+07    5 23738     181   1.0  2.51E-07  1.07E-06  4.16E-11  0.00
 9496 4.7480E+07    5 23741     181   1.0  2.51E-07  1.06E-06  6.51E-12  0.00
 9497 4.7485E+07    5 23743     181   1.0  2.51E-07  1.06E-06  2.34E-11  0.00
 9498 4.7490E+07    5 23746     181   1.0  2.51E-07  1.06E-06  1.73E-11  0.00
 9499 4.7495E+07    5 23748     181   1.0  2.51E-07  1.06E-06  3.26E-11  0.00
 9500 4.7500E+07    5 23751     181   1.0  2.51E-07  1.06E-06  1.98E-12  0.00
 9501 4.7505E+07    5 23753     181   1.0  2.51E-07  1.06E-06  5.87E-12  0.00
 9502 4.7510E+07    5 23756     181   1.0  2.51E-07  1.06E-06  2.09E-11  0.00
 9503 4.7515E+07    5 23758     181   1.0  2.51E-07  1.06E-06  4.78E-12  0.00
 9504 4.7520E+07    5 23761     181   1.0  2.51E-07  1.06E-06  6.47E-12  0.00
 9505 4.7525E+07    5 23763     181   1.0  2.50E-07  1.06E-06  1.97E-11  0.00
 9506 4.7530E+07    5 23766     181   1.0  2.50E-07  1.06E-06  3.14E-11  0.00
 9507 4.7535E+07    5 23768     181   1.0  2.50E-07  1.06E-06  3.90E-11  0.00
 9508 4.7540E+07    5 23771     181   1.0  2.50E-07  1.06E-06  2.68E-13  0.00
 9509 4.7545E+07    5 23773     181   1.0  2.50E-07  1.06E-06  3.72E-11  0.00
 9510 4.7550E+07    5 23776     181   1.0  2.50E-07  1.06E-06  3.15E-12  0.00
 9511 4.7555E+07    5 23778     181   1.0  2.50E-07  1.06E-06  5.31E-11  0.00
 9512 4.7560E+07    5 23781     181   1.0  2.50E-07  1.06E-06  5.49E-11  0.00
 9513 4.7565E+07    5 23783     181   1.0  2.50E-07  1.06E-06  1.71E-11  0.00
 9514 4.7570E+07    5 23786     181   1.0  2.50E-07  1.06E-06  9.19E-12  0.00
 9515 4.7575E+07    5 23788     181   1.0  2.50E-07  1.06E-06  4.00E-11  0.00
 9516 4.7580E+07    5 23791     181   1.0  2.50E-07  1.06E-06  3.66E-11  0.00
 9517 4.7585E+07    5 23793     181   1.0  2.49E-07  1.05E-06  5.79E-11  0.00
 9518 4.7590E+07    5 23796     181   1.0  2.49E-07  1.05E-06  1.37E-11  0.00
 9519 4.7595E+07    5 23798     181   1.0  2.48E-07  1.05E-06  3.05E-12  0.00
 9520 4.7600E+07    5 23801     181   1.0  2.48E-07  1.05E-06  7.74E-11  0.00
 9521 4.7605E+07    5 23803     181   1.0  2.48E-07  1.05E-06  5.45E-13  0.00
 9522 4.7610E+07    5 23806     181   1.0  2.48E-07  1.05E-06  3.94E-11  0.00
 9523 4.7615E+07    5 23808     181   1.0  2.48E-07  1.05E-06  5.87E-12  0.00
 9524 4.7620E+07    5 23811     181   1.0  2.48E-07  1.05E-06  2.75E-11  0.00
 9525 4.7625E+07    5 23813     181   1.0  2.48E-07  1.05E-06  7.65E-12  0.00
 9526 4.7630E+07    5 23816     181   1.0  2.48E-07  1.05E-06  3.64E-11  0.00
 9527 4.7635E+07    5 23818     181   1.0  2.48E-07  1.05E-06  1.20E-11  0.00
 9528 4.7640E+07    5 23821     181   1.0  2.48E-07  1.05E-06  3.67E-12  0.00
 9529 4.7645E+07    5 23823     181   1.0  2.48E-07  1.05E-06  3.38E-11  0.00
 9530 4.7650E+07    5 23826     181   1.0  2.48E-07  1.05E-06  9.83E-12  0.00
 9531 4.7655E+07    5 23828     181   1.0  2.48E-07  1.05E-06  2.76E-11  0.00
 9532 4.7660E+07    5 23831     181   1.0  2.47E-07  1.05E-06  9.76E-13  0.00
 9533 4.7665E+07    5 23833     181   1.0  2.47E-07  1.05E-06  1.57E-12  0.00
 9534 4.7670E+07    5 23836     180   1.0  2.47E-07  1.05E-06  1.04E-11  0.00
 9535 4.7675E+07    5 23838     180   1.0  2.47E-07  1.04E-06  2.39E-12  0.00
 9536 4.7680E+07    5 23841     180   1.0  2.47E-07  1.04E-06  2.32E-11  0.00
 9537 4.7685E+07    5 23843     180   1.0  2.47E-07  1.04E-06  3.68E-11  0.00
 9538 4.7690E+07    5 23846     180   1.0  2.47E-07  1.04E-06  3.21E-12  0.00
 9539 4.7695E+07    5 23848     180   1.0  2.47E-07  1.04E-06  4.00E-11  0.00
 9540 4.7700E+07    5 23851     180   1.0  2.47E-07  1.04E-06  6.67E-12  0.00
 9541 4.7705E+07    5 23853     180   1.0  2.47E-07  1.04E-06  2.44E-12  0.00
 9542 4.7710E+07    5 23856     180   1.0  2.47E-07  1.04E-06  5.50E-11  0.00
 9543 4.7715E+07    5 23858     180   1.0  2.47E-07  1.04E-06  3.69E-11  0.00
 9544 4.7720E+07    5 23861     180   1.0  2.47E-07  1.04E-06  7.99E-11  0.00
 9545 4.7725E+07    5 23863     180   1.0  2.46E-07  1.04E-06  1.10E-11  0.00
 9546 4.7730E+07    5 23866     180   1.0  2.46E-07  1.04E-06  2.26E-12  0.00
 9547 4.7735E+07    5 23868     180   1.0  2.46E-07  1.04E-06  3.44E-12  0.00
 9548 4.7740E+07    5 23871     180   1.0  2.46E-07  1.04E-06  2.03E-11  0.00
 9549 4.7745E+07    5 23873     180   1.0  2.46E-07  1.04E-06  4.21E-11  0.00
 9550 4.7750E+07    5 23876     180   1.0  2.46E-07  1.04E-06  2.24E-12  0.00
 9551 4.7755E+07    5 23878     180   1.0  2.46E-07  1.04E-06  6.86E-12  0.00
 9552 4.7760E+07    5 23881     180   1.0  2.82E-07  1.11E-06  2.83E-12  0.00
 9553 4.7765E+07    5 23883     180   1.0  2.84E-07  1.11E-06  5.54E-13  0.00
 9554 4.7770E+07    5 23886     180   1.0  2.84E-07  1.11E-06  3.93E-11  0.00
 9555 4.7775E+07    5 23888     180   1.0  2.84E-07  1.11E-06  6.35E-12  0.00
 9556 4.7780E+07    5 23891     180   1.0  2.84E-07  1.11E-06  9.25E-12  0.00
 9557 4.7785E+07    5 23893     180   1.0  2.84E-07  1.11E-06  1.30E-11  0.00
 9558 4.7790E+07    5 23896     180   1.0  2.84E-07  1.11E-06  2.79E-12  0.00
 9559 4.7795E+07    5 23898     180   1.0  2.83E-07  1.11E-06  6.84E-11  0.00
 9560 4.7800E+07    5 23901     180   1.0  2.83E-07  1.11E-06  3.22E-11  0.00
 9561 4.7805E+07    5 23903     180   1.0  2.89E-07  1.13E-06  1.07E-12  0.00
 9562 4.7810E+07    5 23906     180   1.0  2.90E-07  1.13E-06  1.89E-11  0.00
 9563 4.7815E+07    5 23908     180   1.0  2.90E-07  1.13E-06  7.48E-12  0.00
 9564 4.7820E+07    5 23911     180   1.0  2.89E-07  1.13E-06  4.65E-11  0.00
 9565 4.7825E+07    5 23913     180   1.0  2.89E-07  1.12E-06  6.86E-11  0.00
 9566 4.7830E+07    5 23916     180   1.0  2.89E-07  1.12E-06  1.14E-11  0.00
 9567 4.7835E+07    5 23918     180   1.0  2.89E-07  1.12E-06  5.75E-11  0.00
 9568 4.7840E+07    5 23921     180   1.0  2.89E-07  1.12E-06  5.04E-11  0.00
 9569 4.7845E+07    5 23923     180   1.0  2.89E-07  1.12E-06  6.09E-12  0.00
 9570 4.7850E+07    5 23926     180   1.0  2.89E-07  1.12E-06  7.41E-11  0.00
 9571 4.7855E+07    5 23928     180   1.0  2.89E-07  1.12E-06  7.20E-12  0.00
 9572 4.7860E+07    5 23931     180   1.0  2.89E-07  1.12E-06  4.13E-11  0.00
 9573 4.7865E+07    5 23933     180   1.0  2.89E-07  1.12E-06  4.60E-11  0.00
 9574 4.7870E+07    5 23936     180   1.0  2.89E-07  1.12E-06  1.60E-11  0.00
 9575 4.7875E+07    5 23938     180   1.0  2.88E-07  1.12E-06  2.66E-11  0.00
 9576 4.7880E+07    5 23941     180   1.0  2.88E-07  1.12E-06  6.31E-12  0.00
 9577 4.7885E+07    5 23943     180   1.0  2.88E-07  1.12E-06  7.33E-12  0.00
 9578 4.7890E+07    5 23946     180   1.0  2.88E-07  1.12E-06  2.57E-11  0.00
 9579 4.7895E+07    5 23948     180   1.0  2.88E-07  1.12E-06  6.00E-13  0.00
 9580 4.7900E+07    5 23951     180   1.0  2.88E-07  1.12E-06  2.54E-12  0.00
 9581 4.7905E+07    5 23953     180   1.0  2.88E-07  1.12E-06  4.60E-11  0.00
 9582 4.7910E+07    5 23956     180   1.0  2.88E-07  1.12E-06  4.58E-11  0.00
 9583 4.7915E+07    5 23958     180   1.0  2.88E-07  1.12E-06  4.00E-12  0.00
 9584 4.7920E+07    5 23961     180   1.0  2.88E-07  1.12E-06  2.32E-12  0.00
 9585 4.7925E+07    5 23963     180   1.0  2.88E-07  1.12E-06  2.86E-12  0.00
 9586 4.7930E+07    5 23966     180   1.0  2.88E-07  1.12E-06  3.64E-11  0.00
 9587 4.7935E+07    5 23968     180   1.0  2.88E-07  1.12E-06  3.36E-11  0.00
 9588 4.7940E+07    5 23971     180   1.0  2.88E-07  1.12E-06  7.40E-12  0.00
 9589 4.7945E+07    5 23973     180   1.0  2.88E-07  1.12E-06  1.98E-11  0.00
 9590 4.7950E+07    5 23976     180   1.0  2.88E-07  1.12E-06  4.91E-11  0.00
 9591 4.7955E+07    5 23978     180   1.0  2.88E-07  1.12E-06  5.64E-12  0.00
 9592 4.7960E+07    5 23981     180   1.0  2.88E-07  1.12E-06  4.51E-12  0.00
 9593 4.7965E+07    5 23983     180   1.0  2.87E-07  1.12E-06  7.04E-11  0.00
 9594 4.7970E+07    5 23986     180   1.0  2.87E-07  1.12E-06  2.20E-11  0.00
 9595 4.7975E+07    5 23988     180   1.0  2.87E-07  1.12E-06  2.64E-11  0.00
 9596 4.7980E+07    5 23991     180   1.0  2.87E-07  1.12E-06  4.65E-11  0.00
 9597 4.7985E+07    5 23993     180   1.0  2.87E-07  1.12E-06  1.36E-11  0.00
 9598 4.7990E+07    5 23996     180   1.0  2.87E-07  1.12E-06  5.77E-11  0.00
 9599 4.7995E+07    5 23998     180   1.0  2.87E-07  1.12E-06  3.46E-11  0.00
 9600 4.8000E+07    5 24001     180   1.0  2.87E-07  1.12E-06  6.52E-13  0.00
 9601 4.8005E+07    5 24003     180   1.0  2.87E-07  1.12E-06  5.97E-11  0.00
 9602 4.8010E+07    5 24006     180   1.0  2.87E-07  1.12E-06  3.66E-12  0.00
 9603 4.8015E+07    5 24008     180   1.0  2.87E-07  1.12E-06  4.05E-13  0.00
 9604 4.8020E+07    5 24011     180   1.0  2.87E-07  1.12E-06  4.45E-11  0.00
 9605 4.8025E+07    5 24013     180   1.0  2.87E-07  1.12E-06  8.53E-11  0.00
 9606 4.8030E+07    5 24016     180   1.0  2.87E-07  1.12E-06  3.23E-12  0.00
 9607 4.8035E+07    5 24018     180   1.0  2.86E-07  1.12E-06  2.46E-11  0.00
 9608 4.8040E+07    5 24021     180   1.0  2.86E-07  1.12E-06  2.20E-12  0.00
 9609 4.8045E+07    5 24023     180   1.0  2.86E-07  1.12E-06  4.02E-11  0.00
 9610 4.8050E+07    5 24026     180   1.0  2.86E-07  1.11E-06  2.70E-11  0.00
 9611 4.8055E+07    5 24028     180   1.0  2.86E-07  1.11E-06  1.38E-11  0.00
 9612 4.8060E+07    5 24031     180   1.0  2.86E-07  1.11E-06  5.27E-11  0.00
 9613 4.8065E+07    5 24033     180   1.0  2.86E-07  1.11E-06  2.87E-11  0.00
 9614 4.8070E+07    5 24036     180   1.0  2.86E-07  1.11E-06  2.18E-12  0.00
 9615 4.8075E+07    5 24038     180   1.0  2.86E-07  1.11E-06  4.71E-12  0.00
 9616 4.8080E+07    5 24041     180   1.0  2.86E-07  1.11E-06  6.68E-12  0.00
 9617 4.8085E+07    5 24043     180   1.0  2.86E-07  1.11E-06  4.69E-11  0.00
 9618 4.8090E+07    5 24046     180   1.0  2.86E-07  1.11E-06  1.72E-14  0.00
 9619 4.8095E+07    5 24048     180   1.0  2.86E-07  1.11E-06  5.63E-12  0.00
 9620 4.8100E+07    5 24051     180   1.0  2.86E-07  1.11E-06  1.49E-12  0.00
 9621 4.8105E+07    5 24053     180   1.0  2.85E-07  1.11E-06  4.32E-11  0.00
 9622 4.8110E+07    5 24056     180   1.0  2.85E-07  1.11E-06  6.06E-11  0.00
 9623 4.8115E+07    5 24058     180   1.0  2.85E-07  1.11E-06  1.73E-12  0.00
 9624 4.8120E+07    5 24061     180   1.0  2.85E-07  1.11E-06  3.43E-12  0.00
 9625 4.8125E+07    5 24063     180   1.0  2.85E-07  1.11E-06  6.11E-12  0.00
 9626 4.8130E+07    5 24066     180   1.0  2.85E-07  1.11E-06  4.09E-12  0.00
 9627 4.8135E+07    5 24068     180   1.0  2.85E-07  1.11E-06  1.67E-12  0.00
 9628 4.8140E+07    5 24071     180   1.0  2.85E-07  1.11E-06  1.31E-11  0.00
 9629 4.8145E+07    5 24073     180   1.0  2.85E-07  1.11E-06  1.29E-11  0.00
 9630 4.8150E+07    5 24076     180   1.0  2.85E-07  1.11E-06  2.69E-11  0.00
 9631 4.8155E+07    5 24078     180   1.0  2.85E-07  1.11E-06  4.08E-11  0.00
 9632 4.8160E+07    5 24081     180   1.0  2.85E-07  1.11E-06  7.23E-12  0.00
 9633 4.8165E+07    5 24083     180   1.0  2.85E-07  1.11E-06  5.26E-11  0.00
 9634 4.8170E+07    5 24086     180   1.0  2.85E-07  1.11E-06  3.89E-12  0.00
 9635 4.8175E+07    5 24088     180   1.0  2.84E-07  1.11E-06  2.13E-11  0.00
 9636 4.8180E+07    5 24091     180   1.0  2.84E-07  1.11E-06  1.94E-11  0.00
 9637 4.8185E+07    5 24093     180   1.0  2.84E-07  1.11E-06  2.05E-11  0.00
 9638 4.8190E+07    5 24096     180   1.0  2.84E-07  1.11E-06  4.63E-12  0.00
 9639 4.8195E+07    5 24098     180   1.0  2.84E-07  1.11E-06  7.83E-12  0.00
 9640 4.8200E+07    5 24101     180   1.0  2.84E-07  1.11E-06  3.46E-11  0.00
 9641 4.8205E+07    5 24103     180   1.0  2.84E-07  1.11E-06  6.37E-11  0.00
 9642 4.8210E+07    5 24106     180   1.0  2.84E-07  1.11E-06  1.45E-11  0.00
 9643 4.8215E+07    5 24108     180   1.0  2.84E-07  1.11E-06  1.09E-11  0.00
 9644 4.8220E+07    5 24111     180   1.0  2.84E-07  1.11E-06  7.27E-11  0.00
 9645 4.8225E+07    5 24113     180   1.0  2.84E-07  1.11E-06  8.63E-11  0.00
 9646 4.8230E+07    5 24116     180   1.0  2.84E-07  1.11E-06  5.91E-11  0.00
 9647 4.8235E+07    5 24118     180   1.0  2.84E-07  1.11E-06  4.04E-11  0.00
 9648 4.8240E+07    5 24121     180   1.0  2.84E-07  1.11E-06  3.19E-12  0.00
 9649 4.8245E+07    5 24123     180   1.0  2.84E-07  1.11E-06  3.12E-12  0.00
 9650 4.8250E+07    5 24126     180   1.0  2.83E-07  1.10E-06  5.17E-12  0.00
 9651 4.8255E+07    5 24128     180   1.0  2.83E-07  1.10E-06  3.48E-11  0.00
 9652 4.8260E+07    5 24131     180   1.0  2.83E-07  1.10E-06  3.01E-11  0.00
 9653 4.8265E+07    5 24133     180   1.0  2.83E-07  1.10E-06  6.77E-11  0.00
 9654 4.8270E+07    5 24136     180   1.0  2.83E-07  1.10E-06  4.21E-11  0.00
 9655 4.8275E+07    5 24138     180   1.0  2.83E-07  1.10E-06  3.26E-13  0.00
 9656 4.8280E+07    5 24141     180   1.0  2.83E-07  1.10E-06  1.27E-11  0.00
 9657 4.8285E+07    5 24143     180   1.0  2.83E-07  1.10E-06  5.98E-11  0.00
 9658 4.8290E+07    5 24146     180   1.0  2.83E-07  1.10E-06  2.53E-12  0.00
 9659 4.8295E+07    5 24148     180   1.0  2.83E-07  1.10E-06  4.60E-12  0.00
 9660 4.8300E+07    5 24151     180   1.0  2.83E-07  1.10E-06  1.40E-11  0.00
 9661 4.8305E+07    5 24153     180   1.0  2.83E-07  1.10E-06  5.02E-11  0.00
 9662 4.8310E+07    5 24156     180   1.0  2.83E-07  1.10E-06  5.35E-11  0.00
 9663 4.8315E+07    5 24158     180   1.0  2.37E-07  9.78E-07  1.01E-10  0.00
 9664 4.8320E+07    5 24161     180   1.0  2.32E-07  9.65E-07  3.85E-11  0.00
 9665 4.8325E+07    5 24163     180   1.0  2.32E-07  9.65E-07  8.27E-12  0.00
 9666 4.8330E+07    5 24166     180   1.0  2.32E-07  9.64E-07  2.66E-12  0.00
 9667 4.8335E+07    5 24168     180   1.0  2.32E-07  9.64E-07  4.80E-13  0.00
 9668 4.8340E+07    5 24171     180   1.0  2.31E-07  9.64E-07  7.57E-13  0.00
 9669 4.8345E+07    5 24173     180   1.0  2.31E-07  9.64E-07  1.75E-11  0.00
 9670 4.8350E+07    5 24176     180   1.0  2.31E-07  9.63E-07  4.58E-12  0.00
 9671 4.8355E+07    5 24178     180   1.0  2.31E-07  9.63E-07  4.92E-11  0.00
 9672 4.8360E+07    5 24181     180   1.0  2.31E-07  9.63E-07  9.74E-13  0.00
 9673 4.8365E+07    5 24183     180   1.0  2.31E-07  9.63E-07  3.51E-11  0.00
 9674 4.8370E+07    5 24186     180   1.0  2.34E-07  9.57E-07  3.93E-11  0.00
 9675 4.8375E+07    5 24188     180   1.0  2.36E-07  9.54E-07  7.03E-12  0.00
 9676 4.8380E+07    5 24191     180   1.0  2.36E-07  9.54E-07  2.53E-11  0.00
 9677 4.8385E+07    5 24193     180   1.0  2.36E-07  9.53E-07  1.94E-11  0.00
 9678 4.8390E+07    5 24196     180   1.0  2.36E-07  9.53E-07  7.71E-11  0.00
 9679 4.8395E+07    5 24198     180   1.0  2.36E-07  9.53E-07  6.71E-11  0.00
 9680 4.8400E+07    5 24201     180   1.0  2.36E-07  9.52E-07  4.20E-11  0.00
 9681 4.8405E+07    5 24203     180   1.0  2.36E-07  9.52E-07  3.00E-11  0.00
 9682 4.8410E+07    5 24206     180   1.0  2.36E-07  9.52E-07  1.45E-12  0.00
 9683 4.8415E+07    5 24208     180   1.0  2.36E-07  9.52E-07  2.80E-12  0.00
 9684 4.8420E+07    5 24211     180   1.0  2.36E-07  9.51E-07  2.71E-11  0.00
 9685 4.8425E+07    5 24213     180   1.0  2.35E-07  9.51E-07  4.03E-12  0.00
 9686 4.8430E+07    5 24216     180   1.0  2.35E-07  9.51E-07  4.95E-11  0.00
 9687 4.8435E+07    5 24218     180   1.0  2.35E-07  9.51E-07  2.37E-12  0.00
 9688 4.8440E+07    5 24221     180   1.0  2.35E-07  9.50E-07  2.03E-11  0.00
 9689 4.8445E+07    5 24223     180   1.0  2.35E-07  9.50E-07  5.20E-13  0.00
 9690 4.8450E+07    5 24226     180   1.0  2.35E-07  9.50E-07  2.15E-11  0.00
 9691 4.8455E+07    5 24228     180   1.0  2.35E-07  9.49E-07  5.41E-12  0.00
 9692 4.8460E+07    5 24231     180   1.0  2.35E-07  9.49E-07  6.58E-11  0.00
 9693 4.8465E+07    5 24233     180   1.0  2.35E-07  9.49E-07  1.58E-11  0.00
 9694 4.8470E+07    5 24236     180   1.0  2.35E-07  9.49E-07  5.28E-12  0.00
 9695 4.8475E+07    5 24238     180   1.0  2.35E-07  9.48E-07  3.54E-11  0.00
 9696 4.8480E+07    5 24241     179   1.0  2.35E-07  9.48E-07  4.47E-11  0.00
 9697 4.8485E+07    5 24243     179   1.0  2.34E-07  9.48E-07  2.31E-12  0.00
 9698 4.8490E+07    5 24246     179   1.0  2.34E-07  9.48E-07  1.15E-10  0.00
 9699 4.8495E+07    5 24248     179   1.0  2.34E-07  9.47E-07  1.37E-11  0.00
 9700 4.8500E+07    5 24251     179   1.0  2.34E-07  9.47E-07  2.69E-11  0.00
 9701 4.8505E+07    5 24253     179   1.0  2.34E-07  9.47E-07  7.02E-11  0.00
 9702 4.8510E+07    5 24256     179   1.0  2.34E-07  9.46E-07  3.59E-12  0.00
 9703 4.8515E+07    5 24258     179   1.0  2.34E-07  9.46E-07  5.92E-12  0.00
 9704 4.8520E+07    5 24261     179   1.0  2.34E-07  9.46E-07  3.44E-12  0.00
 9705 4.8525E+07    5 24263     179   1.0  2.34E-07  9.46E-07  6.58E-12  0.00
 9706 4.8530E+07    5 24266     179   1.0  2.34E-07  9.45E-07  3.21E-11  0.00
 9707 4.8535E+07    5 24268     179   1.0  2.34E-07  9.45E-07  1.96E-11  0.00
 9708 4.8540E+07    5 24271     179   1.0  2.34E-07  9.45E-07  2.69E-12  0.00
 9709 4.8545E+07    5 24273     179   1.0  2.33E-07  9.45E-07  4.11E-12  0.00
 9710 4.8550E+07    5 24276     179   1.0  2.33E-07  9.44E-07  3.40E-11  0.00
 9711 4.8555E+07    5 24278     179   1.0  2.33E-07  9.44E-07  2.11E-11  0.00
 9712 4.8560E+07    5 24281     179   1.0  2.33E-07  9.44E-07  2.11E-11  0.00
 9713 4.8565E+07    5 24283     179   1.0  2.33E-07  9.44E-07  4.09E-13  0.00
 9714 4.8570E+07    5 24286     179   1.0  2.33E-07  9.43E-07  7.96E-11  0.00
 9715 4.8575E+07    5 24288     179   1.0  2.33E-07  9.43E-07  3.53E-12  0.00
 9716 4.8580E+07    5 24291     179   1.0  2.33E-07  9.43E-07  1.04E-11  0.00
 9717 4.8585E+07    5 24293     179   1.0  2.33E-07  9.42E-07  2.17E-11  0.00
 9718 4.8590E+07    5 24296     179   1.0  2.33E-07  9.42E-07  5.86E-12  0.00
 9719 4.8595E+07    5 24298     179   1.0  2.33E-07  9.42E-07  1.06E-10  0.00
 9720 4.8600E+07    5 24301     179   1.0  2.33E-07  9.42E-07  1.38E-10  0.00
 9721 4.8605E+07    5 24303     179   1.0  2.33E-07  9.41E-07  1.76E-11  0.00
 9722 4.8610E+07    5 24306     179   1.0  2.32E-07  9.41E-07  4.22E-11  0.00
 9723 4.8615E+07    5 24308     179   1.0  2.32E-07  9.41E-07  1.51E-11  0.00
 9724 4.8620E+07    5 24311     179   1.0  2.32E-07  9.41E-07  1.11E-11  0.00
 9725 4.8625E+07    5 24313     179   1.0  2.32E-07  9.40E-07  3.18E-12  0.00
 9726 4.8630E+07    5 24316     179   1.0  2.32E-07  9.40E-07  5.94E-11  0.00
 9727 4.8635E+07    5 24318     179   1.0  2.32E-07  9.40E-07  6.20E-11  0.00
 9728 4.8640E+07    5 24321     179   1.0  2.32E-07  9.40E-07  4.02E-12  0.00
 9729 4.8645E+07    5 24323     179   1.0  2.32E-07  9.39E-07  9.46E-13  0.00
 9730 4.8650E+07    5 24326     179   1.0  2.32E-07  9.39E-07  2.21E-11  0.00
 9731 4.8655E+07    5 24328     179   1.0  2.32E-07  9.39E-07  1.42E-13  0.00
 9732 4.8660E+07    5 24331     179   1.0  2.32E-07  9.39E-07  3.98E-12  0.00
 9733 4.8665E+07    5 24333     179   1.0  2.32E-07  9.38E-07  2.70E-11  0.00
 9734 4.8670E+07    5 24336     179   1.0  2.31E-07  9.38E-07  1.02E-10  0.00
 9735 4.8675E+07    5 24338     179   1.0  2.31E-07  9.38E-07  2.11E-11  0.00
 9736 4.8680E+07    5 24341     179   1.0  2.31E-07  9.37E-07  5.93E-12  0.00
 9737 4.8685E+07    5 24343     179   1.0  2.31E-07  9.37E-07  5.98E-12  0.00
 9738 4.8690E+07    5 24346     179   1.0  2.31E-07  9.37E-07  6.23E-12  0.00
 9739 4.8695E+07    5 24348     179   1.0  2.31E-07  9.37E-07  1.93E-11  0.00
 9740 4.8700E+07    5 24351     179   1.0  2.31E-07  9.36E-07  6.17E-11  0.00
 9741 4.8705E+07    5 24353     179   1.0  2.31E-07  9.36E-07  6.63E-13  0.00
 9742 4.8710E+07    5 24356     179   1.0  2.31E-07  9.36E-07  1.28E-11  0.00
 9743 4.8715E+07    5 24358     179   1.0  2.31E-07  9.36E-07  5.94E-11  0.00
 9744 4.8720E+07    5 24361     179   1.0  2.31E-07  9.35E-07  1.29E-12  0.00
 9745 4.8725E+07    5 24363     179   1.0  2.31E-07  9.35E-07  1.45E-11  0.00
 9746 4.8730E+07    5 24366     179   1.0  2.30E-07  9.35E-07  1.55E-11  0.00
 9747 4.8735E+07    5 24368     179   1.0  2.30E-07  9.35E-07  5.11E-12  0.00
 9748 4.8740E+07    5 24371     179   1.0  2.30E-07  9.34E-07  6.19E-11  0.00
 9749 4.8745E+07    5 24373     179   1.0  2.30E-07  9.34E-07  9.94E-12  0.00
 9750 4.8750E+07    5 24376     179   1.0  2.30E-07  9.34E-07  9.44E-12  0.00
 9751 4.8755E+07    5 24378     179   1.0  2.30E-07  9.34E-07  2.75E-12  0.00
 9752 4.8760E+07    5 24381     179   1.0  2.30E-07  9.33E-07  9.23E-12  0.00
 9753 4.8765E+07    5 24383     179   1.0  2.30E-07  9.33E-07  1.03E-10  0.00
 9754 4.8770E+07    5 24386     179   1.0  2.30E-07  9.33E-07  9.96E-11  0.00
 9755 4.8775E+07    5 24388     179   1.0  2.30E-07  9.33E-07  3.43E-11  0.00
 9756 4.8780E+07    5 24391     179   1.0  2.30E-07  9.32E-07  7.75E-13  0.00
 9757 4.8785E+07    5 24393     179   1.0  2.30E-07  9.32E-07  8.52E-11  0.00
 9758 4.8790E+07    5 24396     179   1.0  2.30E-07  9.32E-07  6.56E-13  0.00
 9759 4.8795E+07    5 24398     179   1.0  2.29E-07  9.32E-07  5.39E-12  0.00
 9760 4.8800E+07    5 24401     179   1.0  2.29E-07  9.31E-07  5.15E-11  0.00
 9761 4.8805E+07    5 24403     179   1.0  2.29E-07  9.31E-07  5.29E-11  0.00
 9762 4.8810E+07    5 24406     179   1.0  2.29E-07  9.31E-07  1.98E-11  0.00
 9763 4.8815E+07    5 24408     179   1.0  2.29E-07  9.30E-07  8.94E-11  0.00
 9764 4.8820E+07    5 24411     179   1.0  2.29E-07  9.30E-07  1.96E-12  0.00
 9765 4.8825E+07    5 24413     179   1.0  2.29E-07  9.30E-07  3.67E-11  0.00
 9766 4.8830E+07    5 24416     179   1.0  2.29E-07  9.30E-07  8.13E-12  0.00
 9767 4.8835E+07    5 24418     179   1.0  2.29E-07  9.29E-07  1.70E-11  0.00
 9768 4.8840E+07    5 24421     179   1.0  2.29E-07  9.29E-07  7.39E-12  0.00
 9769 4.8845E+07    5 24423     179   1.0  2.29E-07  9.29E-07  5.48E-12  0.00
 9770 4.8850E+07    5 24426     179   1.0  2.29E-07  9.29E-07  5.57E-12  0.00
 9771 4.8855E+07    5 24428     179   1.0  2.27E-07  9.22E-07  5.14E-11  0.00
 9772 4.8860E+07    5 24431     179   1.0  2.23E-07  9.05E-07  3.18E-11  0.00
 9773 4.8865E+07    5 24433     179   1.0  2.23E-07  9.05E-07  8.56E-12  0.00
 9774 4.8870E+07    5 24436     179   1.0  2.23E-07  9.05E-07  1.78E-11  0.00
 9775 4.8875E+07    5 24438     179   1.0  2.23E-07  9.04E-07  8.24E-11  0.00
 9776 4.8880E+07    5 24441     179   1.0  2.22E-07  9.04E-07  4.01E-12  0.00
 9777 4.8885E+07    5 24443     179   1.0  2.22E-07  9.04E-07  7.93E-12  0.00
 9778 4.8890E+07    5 24446     179   1.0  2.22E-07  9.04E-07  1.22E-11  0.00
 9779 4.8895E+07    5 24448     179   1.0  2.22E-07  9.03E-07  2.00E-11  0.00
 9780 4.8900E+07    5 24451     179   1.0  2.22E-07  9.03E-07  1.89E-12  0.00
 9781 4.8905E+07    5 24453     179   1.0  2.22E-07  9.03E-07  2.28E-11  0.00
 9782 4.8910E+07    5 24456     179   1.0  2.22E-07  9.03E-07  3.00E-12  0.00
 9783 4.8915E+07    5 24458     179   1.0  2.22E-07  9.02E-07  3.16E-11  0.00
 9784 4.8920E+07    5 24461     179   1.0  2.22E-07  9.02E-07  4.73E-12  0.00
 9785 4.8925E+07    5 24463     179   1.0  2.22E-07  9.02E-07  1.80E-10  0.00
 9786 4.8930E+07    5 24466     179   1.0  2.22E-07  9.02E-07  7.28E-11  0.00
 9787 4.8935E+07    5 24468     179   1.0  2.22E-07  9.01E-07  6.32E-12  0.00
 9788 4.8940E+07    5 24471     179   1.0  2.22E-07  9.01E-07  2.55E-11  0.00
 9789 4.8945E+07    5 24473     179   1.0  2.21E-07  9.01E-07  7.21E-12  0.00
 9790 4.8950E+07    5 24476     179   1.0  2.21E-07  9.01E-07  3.66E-11  0.00
 9791 4.8955E+07    5 24478     179   1.0  2.21E-07  9.00E-07  9.93E-13  0.00
 9792 4.8960E+07    5 24481     179   1.0  2.21E-07  9.00E-07  3.98E-12  0.00
 9793 4.8965E+07    5 24483     179   1.0  2.21E-07  9.00E-07  1.15E-12  0.00
 9794 4.8970E+07    5 24486     179   1.0  2.21E-07  9.00E-07  5.81E-13  0.00
 9795 4.8975E+07    5 24488     179   1.0  2.21E-07  8.99E-07  4.40E-12  0.00
 9796 4.8980E+07    5 24491     179   1.0  2.21E-07  8.99E-07  9.76E-12  0.00
 9797 4.8985E+07    5 24493     179   1.0  2.21E-07  8.99E-07  3.53E-11  0.00
 9798 4.8990E+07    5 24496     179   1.0  2.21E-07  8.99E-07  4.92E-12  0.00
 9799 4.8995E+07    5 24498     179   1.0  2.21E-07  8.98E-07  6.49E-11  0.00
 9800 4.9000E+07    5 24501     179   1.0  2.21E-07  8.98E-07  6.42E-11  0.00
 9801 4.9005E+07    5 24503     179   1.0  2.21E-07  8.98E-07  6.62E-12  0.00
 9802 4.9010E+07    5 24506     179   1.0  2.20E-07  8.98E-07  3.14E-11  0.00
 9803 4.9015E+07    5 24508     179   1.0  2.20E-07  8.97E-07  7.97E-12  0.00
 9804 4.9020E+07    5 24511     179   1.0  2.20E-07  8.97E-07  2.12E-12  0.00
 9805 4.9025E+07    5 24513     179   1.0  2.20E-07  8.97E-07  2.78E-11  0.00
 9806 4.9030E+07    5 24516     179   1.0  2.20E-07  8.97E-07  2.24E-12  0.00
 9807 4.9035E+07    5 24518     179   1.0  2.20E-07  8.96E-07  2.13E-12  0.00
 9808 4.9040E+07    5 24521     179   1.0  2.20E-07  8.96E-07  2.56E-11  0.00
 9809 4.9045E+07    5 24523     179   1.0  2.20E-07  8.96E-07  5.22E-11  0.00
 9810 4.9050E+07    5 24526     179   1.0  2.20E-07  8.96E-07  3.83E-11  0.00
 9811 4.9055E+07    5 24528     179   1.0  2.20E-07  8.95E-07  2.17E-12  0.00
 9812 4.9060E+07    5 24531     179   1.0  2.20E-07  8.95E-07  2.01E-11  0.00
 9813 4.9065E+07    5 24533     179   1.0  2.20E-07  8.95E-07  8.72E-12  0.00
 9814 4.9070E+07    5 24536     179   1.0  2.20E-07  8.95E-07  1.43E-12  0.00
 9815 4.9075E+07    5 24538     179   1.0  2.20E-07  8.94E-07  1.67E-12  0.00
 9816 4.9080E+07    5 24541     179   1.0  2.19E-07  8.94E-07  6.87E-12  0.00
 9817 4.9085E+07    5 24543     179   1.0  2.19E-07  8.94E-07  1.89E-11  0.00
 9818 4.9090E+07    5 24546     179   1.0  2.19E-07  8.94E-07  5.87E-11  0.00
 9819 4.9095E+07    5 24548     179   1.0  2.19E-07  8.93E-07  6.88E-12  0.00
 9820 4.9100E+07    5 24551     179   1.0  2.19E-07  8.93E-07  2.46E-12  0.00
 9821 4.9105E+07    5 24553     179   1.0  2.19E-07  8.93E-07  1.36E-12  0.00
 9822 4.9110E+07    5 24556     179   1.0  2.19E-07  8.93E-07  1.96E-11  0.00
 9823 4.9115E+07    5 24558     179   1.0  2.19E-07  8.92E-07  2.86E-11  0.00
 9824 4.9120E+07    5 24561     179   1.0  2.19E-07  8.92E-07  1.45E-12  0.00
 9825 4.9125E+07    5 24563     179   1.0  2.19E-07  8.92E-07  1.52E-12  0.00
 9826 4.9130E+07    5 24566     179   1.0  2.19E-07  8.92E-07  1.38E-12  0.00
 9827 4.9135E+07    5 24568     179   1.0  2.19E-07  8.92E-07  2.99E-12  0.00
 9828 4.9140E+07    5 24571     179   1.0  2.19E-07  8.91E-07  8.14E-12  0.00
 9829 4.9145E+07    5 24573     179   1.0  2.18E-07  8.91E-07  1.03E-11  0.00
 9830 4.9150E+07    5 24576     179   1.0  2.18E-07  8.91E-07  1.21E-12  0.00
 9831 4.9155E+07    5 24578     179   1.0  2.18E-07  8.91E-07  2.33E-12  0.00
 9832 4.9160E+07    5 24581     179   1.0  2.18E-07  8.90E-07  5.48E-13  0.00
 9833 4.9165E+07    5 24583     179   1.0  2.18E-07  8.90E-07  5.48E-11  0.00
 9834 4.9170E+07    5 24586     179   1.0  2.18E-07  8.90E-07  4.47E-11  0.00
 9835 4.9175E+07    5 24588     179   1.0  2.18E-07  8.90E-07  2.76E-11  0.00
 9836 4.9180E+07    5 24591     179   1.0  2.18E-07  8.89E-07  3.00E-12  0.00
 9837 4.9185E+07    5 24593     179   1.0  2.18E-07  8.89E-07  4.46E-11  0.00
 9838 4.9190E+07    5 24596     179   1.0  2.18E-07  8.89E-07  2.81E-11  0.00
 9839 4.9195E+07    5 24598     179   1.0  2.18E-07  8.89E-07  1.22E-11  0.00
 9840 4.9200E+07    5 24601     179   1.0  2.18E-07  8.88E-07  3.82E-12  0.00
 9841 4.9205E+07    5 24603     179   1.0  2.18E-07  8.88E-07  1.22E-12  0.00
 9842 4.9210E+07    5 24606     179   1.0  2.18E-07  8.88E-07  5.74E-12  0.00
 9843 4.9215E+07    5 24608     179   1.0  2.17E-07  8.88E-07  1.92E-11  0.00
 9844 4.9220E+07    5 24611     179   1.0  2.17E-07  8.87E-07  2.62E-12  0.00
 9845 4.9225E+07    5 24613     179   1.0  2.17E-07  8.87E-07  3.08E-11  0.00
 9846 4.9230E+07    5 24616     179   1.0  2.17E-07  8.87E-07  2.41E-11  0.00
 9847 4.9235E+07    5 24618     179   1.0  2.17E-07  8.87E-07  4.18E-12  0.00
 9848 4.9240E+07    5 24621     179   1.0  2.17E-07  8.86E-07  1.35E-10  0.00
 9849 4.9245E+07    5 24623     179   1.0  2.17E-07  8.86E-07  6.08E-12  0.00
 9850 4.9250E+07    5 24626     179   1.0  2.17E-07  8.86E-07  7.35E-12  0.00
 9851 4.9255E+07    5 24628     179   1.0  2.17E-07  8.86E-07  2.16E-11  0.00
 9852 4.9260E+07    5 24631     179   1.0  2.17E-07  8.85E-07  3.10E-12  0.00
 9853 4.9265E+07    5 24633     179   1.0  2.17E-07  8.85E-07  1.03E-11  0.00
 9854 4.9270E+07    5 24636     179   1.0  2.17E-07  8.85E-07  3.88E-12  0.00
 9855 4.9275E+07    5 24638     179   1.0  2.17E-07  8.85E-07  4.59E-11  0.00
 9856 4.9280E+07    5 24641     179   1.0  2.16E-07  8.84E-07  7.26E-11  0.00
 9857 4.9285E+07    5 24643     179   1.0  2.29E-07  9.17E-07  2.02E-11  0.00
 9858 4.9290E+07    5 24646     179   1.0  2.33E-07  9.30E-07  9.57E-12  0.00
 9859 4.9295E+07    5 24648     179   1.0  2.33E-07  9.30E-07  2.76E-11  0.00
 9860 4.9300E+07    5 24651     179   1.0  2.33E-07  9.29E-07  2.45E-11  0.00
 9861 4.9305E+07    5 24653     179   1.0  2.33E-07  9.29E-07  1.56E-11  0.00
 9862 4.9310E+07    5 24656     179   1.0  2.33E-07  9.29E-07  4.00E-11  0.00
 9863 4.9315E+07    5 24658     179   1.0  2.33E-07  9.29E-07  1.35E-11  0.00
 9864 4.9320E+07    5 24661     179   1.0  2.33E-07  9.28E-07  3.31E-12  0.00
 9865 4.9325E+07    5 24663     179   1.0  2.33E-07  9.28E-07  5.53E-12  0.00
 9866 4.9330E+07    5 24666     179   1.0  2.33E-07  9.28E-07  3.36E-12  0.00
 9867 4.9335E+07    5 24668     179   1.0  2.33E-07  9.28E-07  2.25E-11  0.00
 9868 4.9340E+07    5 24671     179   1.0  2.33E-07  9.27E-07  2.42E-11  0.00
 9869 4.9345E+07    5 24673     179   1.0  2.32E-07  9.27E-07  6.54E-12  0.00
 9870 4.9350E+07    5 24676     179   1.0  2.32E-07  9.27E-07  4.44E-11  0.00
 9871 4.9355E+07    5 24678     179   1.0  2.32E-07  9.27E-07  4.21E-11  0.00
 9872 4.9360E+07    5 24681     179   1.0  2.32E-07  9.26E-07  6.78E-11  0.00
 9873 4.9365E+07    5 24683     179   1.0  2.32E-07  9.26E-07  2.58E-12  0.00
 9874 4.9370E+07    5 24686     179   1.0  2.32E-07  9.26E-07  1.40E-12  0.00
 9875 4.9375E+07    5 24688     179   1.0  2.32E-07  9.26E-07  5.86E-12  0.00
 9876 4.9380E+07    5 24691     179   1.0  2.32E-07  9.25E-07  1.22E-10  0.00
 9877 4.9385E+07    5 24693     179   1.0  2.32E-07  9.25E-07  7.17E-12  0.00
 9878 4.9390E+07    5 24696     179   1.0  2.32E-07  9.25E-07  1.27E-11  0.00
 9879 4.9395E+07    5 24698     179   1.0  2.32E-07  9.25E-07  3.07E-11  0.00
 9880 4.9400E+07    5 24701     179   1.0  2.32E-07  9.24E-07  8.80E-13  0.00
 9881 4.9405E+07    5 24703     179   1.0  2.32E-07  9.24E-07  5.79E-13  0.00
 9882 4.9410E+07    5 24706     179   1.0  2.31E-07  9.24E-07  3.76E-11  0.00
 9883 4.9415E+07    5 24708     179   1.0  2.31E-07  9.24E-07  2.91E-11  0.00
 9884 4.9420E+07    5 24711     179   1.0  2.31E-07  9.23E-07  1.94E-11  0.00
 9885 4.9425E+07    5 24713     179   1.0  2.31E-07  9.23E-07  9.08E-11  0.00
 9886 4.9430E+07    5 24716     179   1.0  2.31E-07  9.23E-07  5.11E-12  0.00
 9887 4.9435E+07    5 24718     179   1.0  2.31E-07  9.23E-07  3.52E-11  0.00
 9888 4.9440E+07    5 24721     179   1.0  2.31E-07  9.23E-07  9.54E-13  0.00
 9889 4.9445E+07    5 24723     179   1.0  2.31E-07  9.22E-07  3.43E-12  0.00
 9890 4.9450E+07    5 24726     179   1.0  2.31E-07  9.22E-07  2.71E-11  0.00
 9891 4.9455E+07    5 24728     179   1.0  2.31E-07  9.22E-07  7.04E-11  0.00
 9892 4.9460E+07    5 24731     179   1.0  2.31E-07  9.22E-07  5.90E-11  0.00
 9893 4.9465E+07    5 24733     179   1.0  2.31E-07  9.21E-07  4.82E-12  0.00
 9894 4.9470E+07    5 24736     179   1.0  2.31E-07  9.21E-07  4.30E-11  0.00
 9895 4.9475E+07    5 24738     179   1.0  2.31E-07  9.21E-07  1.81E-12  0.00
 9896 4.9480E+07    5 24741     179   1.0  2.30E-07  9.21E-07  5.44E-11  0.00
 9897 4.9485E+07    5 24743     179   1.0  2.30E-07  9.20E-07  1.19E-11  0.00
 9898 4.9490E+07    5 24746     179   1.0  2.30E-07  9.20E-07  9.12E-13  0.00
 9899 4.9495E+07    5 24748     179   1.0  2.30E-07  9.20E-07  3.10E-11  0.00
 9900 4.9500E+07    5 24751     179   1.0  2.30E-07  9.20E-07  1.37E-11  0.00
 9901 4.9505E+07    5 24753     179   1.0  2.30E-07  9.19E-07  2.97E-12  0.00
 9902 4.9510E+07    5 24756     179   1.0  2.30E-07  9.19E-07  1.01E-12  0.00
 9903 4.9515E+07    5 24758     179   1.0  2.30E-07  9.19E-07  3.74E-11  0.00
 9904 4.9520E+07    5 24761     179   1.0  2.30E-07  9.19E-07  7.35E-12  0.00
 9905 4.9525E+07    5 24763     179   1.0  2.30E-07  9.18E-07  6.94E-11  0.00
 9906 4.9530E+07    5 24766     179   1.0  2.30E-07  9.18E-07  5.79E-11  0.00
 9907 4.9535E+07    5 24768     179   1.0  2.30E-07  9.18E-07  2.66E-11  0.00
 9908 4.9540E+07    5 24771     179   1.0  2.30E-07  9.18E-07  2.20E-11  0.00
 9909 4.9545E+07    5 24773     179   1.0  2.30E-07  9.17E-07  4.65E-14  0.00
 9910 4.9550E+07    5 24776     179   1.0  2.29E-07  9.17E-07  2.95E-11  0.00
 9911 4.9555E+07    5 24778     179   1.0  2.29E-07  9.17E-07  3.70E-12  0.00
 9912 4.9560E+07    5 24781     179   1.0  2.29E-07  9.17E-07  1.72E-11  0.00
 9913 4.9565E+07    5 24783     179   1.0  2.29E-07  9.17E-07  2.94E-11  0.00
 9914 4.9570E+07    5 24786     179   1.0  2.29E-07  9.16E-07  2.93E-11  0.00
 9915 4.9575E+07    5 24788     179   1.0  2.29E-07  9.16E-07  1.04E-10  0.00
 9916 4.9580E+07    5 24791     179   1.0  2.29E-07  9.16E-07  6.23E-11  0.00
 9917 4.9585E+07    5 24793     179   1.0  2.29E-07  9.16E-07  6.34E-12  0.00
 9918 4.9590E+07    5 24796     179   1.0  2.29E-07  9.15E-07  3.93E-11  0.00
 9919 4.9595E+07    5 24798     179   1.0  2.29E-07  9.15E-07  1.50E-12  0.00
 9920 4.9600E+07    5 24801     179   1.0  2.29E-07  9.15E-07  1.35E-11  0.00
 9921 4.9605E+07    5 24803     179   1.0  2.29E-07  9.15E-07  3.42E-12  0.00
 9922 4.9610E+07    5 24806     179   1.0  2.29E-07  9.14E-07  4.74E-12  0.00
 9923 4.9615E+07    5 24808     179   1.0  2.29E-07  9.14E-07  3.04E-11  0.00
 9924 4.9620E+07    5 24811     179   1.0  2.28E-07  9.14E-07  8.84E-11  0.00
 9925 4.9625E+07    5 24813     179   1.0  2.28E-07  9.14E-07  4.15E-11  0.00
 9926 4.9630E+07    5 24816     179   1.0  2.28E-07  9.13E-07  4.14E-12  0.00
 9927 4.9635E+07    5 24818     179   1.0  2.28E-07  9.13E-07  1.52E-11  0.00
 9928 4.9640E+07    5 24821     179   1.0  2.28E-07  9.13E-07  2.37E-13  0.00
 9929 4.9645E+07    5 24823     179   1.0  2.28E-07  9.13E-07  3.42E-11  0.00
 9930 4.9650E+07    5 24826     179   1.0  2.28E-07  9.12E-07  2.36E-12  0.00
 9931 4.9655E+07    5 24828     179   1.0  2.28E-07  9.12E-07  2.34E-12  0.00
 9932 4.9660E+07    5 24831     179   1.0  2.28E-07  9.12E-07  1.31E-12  0.00
 9933 4.9665E+07    5 24833     179   1.0  2.28E-07  9.12E-07  2.40E-11  0.00
 9934 4.9670E+07    5 24836     179   1.0  2.28E-07  9.12E-07  3.94E-11  0.00
 9935 4.9675E+07    5 24838     179   1.0  2.28E-07  9.11E-07  7.12E-11  0.00
 9936 4.9680E+07    5 24841     179   1.0  2.28E-07  9.11E-07  1.17E-12  0.00
 9937 4.9685E+07    5 24843     179   1.0  2.28E-07  9.11E-07  5.13E-11  0.00
 9938 4.9690E+07    5 24846     178   1.0  2.27E-07  9.11E-07  5.50E-11  0.00
 9939 4.9695E+07    5 24848     178   1.0  2.27E-07  9.10E-07  1.75E-11  0.00
 9940 4.9700E+07    5 24851     178   1.0  2.27E-07  9.10E-07  4.12E-12  0.00
 9941 4.9705E+07    5 24853     178   1.0  2.27E-07  9.10E-07  5.05E-11  0.00
 9942 4.9710E+07    5 24856     178   1.0  2.27E-07  9.10E-07  6.86E-11  0.00
 9943 4.9715E+07    5 24858     178   1.0  2.27E-07  9.09E-07  5.45E-11  0.00
 9944 4.9720E+07    5 24861     178   1.0  2.27E-07  9.09E-07  3.82E-11  0.00
 9945 4.9725E+07    5 24863     178   1.0  2.27E-07  9.09E-07  5.06E-13  0.00
 9946 4.9730E+07    5 24866     178   1.0  2.27E-07  9.09E-07  1.69E-10  0.00
 9947 4.9735E+07    5 24868     178   1.0  2.27E-07  9.08E-07  1.50E-12  0.00
 9948 4.9740E+07    5 24871     178   1.0  2.27E-07  9.08E-07  2.23E-12  0.00
 9949 4.9745E+07    5 24873     178   1.0  2.27E-07  9.08E-07  1.65E-11  0.00
 9950 4.9750E+07    5 24876     178   1.0  2.27E-07  9.08E-07  9.03E-11  0.00
 9951 4.9755E+07    5 24878     178   1.0  2.27E-07  9.08E-07  1.12E-11  0.00
 9952 4.9760E+07    5 24881     178   1.0  2.26E-07  9.07E-07  1.92E-11  0.00
 9953 4.9765E+07    5 24883     178   1.0  2.26E-07  9.07E-07  7.90E-12  0.00
 9954 4.9770E+07    5 24886     178   1.0  2.26E-07  9.07E-07  7.30E-11  0.00
 9955 4.9775E+07    5 24888     178   1.0  2.26E-07  9.07E-07  2.81E-11  0.00
 9956 4.9780E+07    5 24891     178   1.0  2.26E-07  9.06E-07  5.34E-11  0.00
 9957 4.9785E+07    5 24893     178   1.0  2.26E-07  9.06E-07  9.58E-12  0.00
 9958 4.9790E+07    5 24896     178   1.0  2.26E-07  9.06E-07  9.93E-12  0.00
 9959 4.9795E+07    5 24898     178   1.0  2.26E-07  9.06E-07  3.29E-11  0.00
 9960 4.9800E+07    5 24901     178   1.0  2.26E-07  9.05E-07  5.66E-11  0.00
 9961 4.9805E+07    5 24903     178   1.0  2.26E-07  9.05E-07  1.15E-11  0.00
 9962 4.9810E+07    5 24906     178   1.0  2.26E-07  9.05E-07  6.82E-13  0.00
 9963 4.9815E+07    5 24908     178   1.0  2.26E-07  9.05E-07  3.66E-11  0.00
 9964 4.9820E+07    5 24911     178   1.0  2.26E-07  9.04E-07  6.96E-13  0.00
 9965 4.9825E+07    5 24913     178   1.0  2.26E-07  9.04E-07  2.38E-12  0.00
 9966 4.9830E+07    5 24916     178   1.0  2.25E-07  9.04E-07  4.79E-11  0.00
 9967 4.9835E+07    5 24918     178   1.0  2.25E-07  9.04E-07  1.09E-10  0.00
 9968 4.9840E+07    5 24921     178   1.0  2.25E-07  9.04E-07  9.40E-11  0.00
 9969 4.9845E+07    5 24923     178   1.0  2.25E-07  9.03E-07  8.40E-11  0.00
 9970 4.9850E+07    5 24926     178   1.0  2.25E-07  9.03E-07  2.86E-12  0.00
 9971 4.9855E+07    5 24928     178   1.0  2.25E-07  9.03E-07  1.24E-11  0.00
 9972 4.9860E+07    5 24931     178   1.0  2.25E-07  9.03E-07  8.04E-12  0.00
 9973 4.9865E+07    5 24933     178   1.0  2.25E-07  9.02E-07  8.47E-13  0.00
 9974 4.9870E+07    5 24936     178   1.0  2.25E-07  9.02E-07  1.35E-11  0.00
 9975 4.9875E+07    5 24938     178   1.0  2.25E-07  9.02E-07  3.31E-11  0.00
 9976 4.9880E+07    5 24941     178   1.0  2.25E-07  9.02E-07  2.35E-12  0.00
 9977 4.9885E+07    5 24943     178   1.0  2.25E-07  9.01E-07  1.08E-10  0.00
 9978 4.9890E+07    5 24946     178   1.0  2.25E-07  9.01E-07  9.59E-13  0.00
 9979 4.9895E+07    5 24948     178   1.0  2.25E-07  9.01E-07  1.61E-12  0.00
 9980 4.9900E+07    5 24951     178   1.0  2.25E-07  9.01E-07  3.80E-11  0.00
 9981 4.9905E+07    5 24953     178   1.0  2.24E-07  9.01E-07  1.70E-12  0.00
 9982 4.9910E+07    5 24956     178   1.0  2.24E-07  9.00E-07  3.00E-11  0.00
 9983 4.9915E+07    5 24958     178   1.0  2.24E-07  9.00E-07  4.05E-11  0.00
 9984 4.9920E+07    5 24961     178   1.0  2.24E-07  9.00E-07  6.98E-13  0.00
 9985 4.9925E+07    5 24963     178   1.0  2.24E-07  9.00E-07  9.39E-11  0.00
 9986 4.9930E+07    5 24966     178   1.0  2.24E-07  8.99E-07  4.44E-11  0.00
 9987 4.9935E+07    5 24968     178   1.0  2.24E-07  8.99E-07  1.05E-11  0.00
 9988 4.9940E+07    5 24971     178   1.0  2.24E-07  8.99E-07  6.69E-13  0.00
 9989 4.9945E+07    5 24973     178   1.0  2.24E-07  8.99E-07  1.30E-10  0.00
 9990 4.9950E+07    5 24976     178   1.0  2.24E-07  8.98E-07  2.94E-11  0.00
 9991 4.9955E+07    5 24978     178   1.0  2.24E-07  8.98E-07  2.08E-11  0.00
 9992 4.9960E+07    5 24981     178   1.0  2.24E-07  8.98E-07  1.51E-11  0.00
 9993 4.9965E+07    5 24983     178   1.0  2.24E-07  8.98E-07  2.13E-11  0.00
 9994 4.9970E+07    5 24986     178   1.0  2.24E-07  8.98E-07  5.31E-11  0.00
 9995 4.9975E+07    5 24988     178   1.0  2.23E-07  8.97E-07  1.75E-11  0.00
 9996 4.9980E+07    5 24991     178   1.0  2.23E-07  8.97E-07  5.66E-11  0.00
 9997 4.9985E+07    5 24993     178   1.0  2.23E-07  8.97E-07  7.60E-12  0.00
 9998 4.9990E+07    5 24996     178   1.0  2.23E-07  8.97E-07  4.72E-11  0.00
 9999 4.9995E+07    5 24998     178   1.0  2.23E-07  8.96E-07  7.45E-11  0.00
10000 5.0000E+07    5 25001     178   1.0  2.23E-07  8.96E-07  1.86E-11  0.00
10001 5.0005E+07    5 25003     178   1.0  2.23E-07  8.96E-07  1.17E-12  0.00
10002 5.0010E+07    5 25006     178   1.0  2.23E-07  8.96E-07  4.15E-11  0.00
10003 5.0015E+07    5 25008     178   1.0  2.23E-07  8.95E-07  3.64E-12  0.00
10004 5.0020E+07    5 25011     178   1.0  2.23E-07  8.95E-07  1.89E-12  0.00
10005 5.0025E+07    5 25013     178   1.0  2.23E-07  8.95E-07  4.24E-12  0.00
10006 5.0030E+07    5 25016     178   1.0  2.23E-07  8.95E-07  5.34E-11  0.00
10007 5.0035E+07    5 25018     178   1.0  2.23E-07  8.95E-07  5.88E-11  0.00
10008 5.0040E+07    5 25021     178   1.0  2.23E-07  8.94E-07  8.03E-11  0.00
10009 5.0045E+07    5 25023     178   1.0  2.23E-07  8.94E-07  8.06E-12  0.00
10010 5.0050E+07    5 25026     178   1.0  2.22E-07  8.94E-07  6.75E-13  0.00
10011 5.0055E+07    5 25028     178   1.0  2.22E-07  8.94E-07  7.01E-11  0.00
10012 5.0060E+07    5 25031     178   1.0  2.22E-07  8.93E-07  1.03E-10  0.00
10013 5.0065E+07    5 25033     178   1.0  2.22E-07  8.93E-07  1.18E-10  0.00
10014 5.0070E+07    5 25036     178   1.0  2.22E-07  8.93E-07  1.02E-11  0.00
10015 5.0075E+07    5 25038     178   1.0  2.22E-07  8.93E-07  7.83E-11  0.00
10016 5.0080E+07    5 25041     178   1.0  2.22E-07  8.93E-07  2.60E-12  0.00
10017 5.0085E+07    5 25043     178   1.0  2.22E-07  8.92E-07  1.03E-12  0.00
10018 5.0090E+07    5 25046     178   1.0  2.22E-07  8.92E-07  1.61E-12  0.00
10019 5.0095E+07    5 25048     178   1.0  2.22E-07  8.92E-07  2.45E-12  0.00
10020 5.0100E+07    5 25051     178   1.0  2.22E-07  8.92E-07  5.30E-12  0.00
10021 5.0105E+07    5 25053     178   1.0  2.22E-07  8.91E-07  1.87E-11  0.00
10022 5.0110E+07    5 25056     178   1.0  2.22E-07  8.91E-07  2.82E-12  0.00
10023 5.0115E+07    5 25058     178   1.0  2.22E-07  8.91E-07  1.75E-12  0.00
10024 5.0120E+07    5 25061     178   1.0  2.22E-07  8.91E-07  5.69E-12  0.00
10025 5.0125E+07    5 25063     178   1.0  2.21E-07  8.90E-07  8.58E-12  0.00
10026 5.0130E+07    5 25066     178   1.0  2.21E-07  8.90E-07  8.17E-12  0.00
10027 5.0135E+07    5 25068     178   1.0  2.21E-07  8.90E-07  1.89E-12  0.00
10028 5.0140E+07    5 25071     178   1.0  2.21E-07  8.90E-07  5.59E-11  0.00
10029 5.0145E+07    5 25073     178   1.0  2.21E-07  8.90E-07  2.74E-11  0.00
10030 5.0150E+07    5 25076     178   1.0  2.21E-07  8.89E-07  1.94E-12  0.00
10031 5.0155E+07    5 25078     178   1.0  2.21E-07  8.89E-07  3.85E-11  0.00
10032 5.0160E+07    5 25081     178   1.0  2.21E-07  8.89E-07  5.19E-12  0.00
10033 5.0165E+07    5 25083     178   1.0  2.21E-07  8.89E-07  2.72E-11  0.00
10034 5.0170E+07    5 25086     178   1.0  2.21E-07  8.88E-07  1.74E-12  0.00
10035 5.0175E+07    5 25088     178   1.0  2.21E-07  8.88E-07  2.51E-11  0.00
10036 5.0180E+07    5 25091     178   1.0  2.21E-07  8.88E-07  4.46E-11  0.00
10037 5.0185E+07    5 25093     178   1.0  2.21E-07  8.88E-07  2.95E-12  0.00
10038 5.0190E+07    5 25096     178   1.0  2.21E-07  8.88E-07  2.75E-11  0.00
10039 5.0195E+07    5 25098     178   1.0  2.21E-07  8.87E-07  4.23E-11  0.00
10040 5.0200E+07    5 25101     178   1.0  2.20E-07  8.87E-07  1.61E-11  0.00
10041 5.0205E+07    5 25103     178   1.0  2.20E-07  8.87E-07  1.12E-10  0.00
10042 5.0210E+07    5 25106     178   1.0  2.20E-07  8.87E-07  3.35E-12  0.00
10043 5.0215E+07    5 25108     178   1.0  2.20E-07  8.86E-07  3.04E-12  0.00
10044 5.0220E+07    5 25111     178   1.0  2.20E-07  8.86E-07  1.77E-11  0.00
10045 5.0225E+07    5 25113     178   1.0  2.20E-07  8.86E-07  3.72E-12  0.00
10046 5.0230E+07    5 25116     178   1.0  2.20E-07  8.86E-07  2.81E-12  0.00
10047 5.0235E+07    5 25118     178   1.0  2.20E-07  8.86E-07  1.60E-11  0.00
10048 5.0240E+07    5 25121     178   1.0  2.20E-07  8.85E-07  9.37E-12  0.00
10049 5.0245E+07    5 25123     178   1.0  2.20E-07  8.85E-07  6.18E-11  0.00
10050 5.0250E+07    5 25126     178   1.0  2.20E-07  8.85E-07  7.50E-12  0.00
10051 5.0255E+07    5 25128     178   1.0  2.20E-07  8.85E-07  2.20E-11  0.00
10052 5.0260E+07    5 25131     178   1.0  2.20E-07  8.84E-07  1.87E-12  0.00
10053 5.0265E+07    5 25133     178   1.0  2.20E-07  8.84E-07  8.48E-11  0.00
10054 5.0270E+07    5 25136     178   1.0  2.20E-07  8.84E-07  5.04E-12  0.00
10055 5.0275E+07    5 25138     178   1.0  2.19E-07  8.84E-07  9.05E-11  0.00
10056 5.0280E+07    5 25141     178   1.0  2.19E-07  8.83E-07  1.65E-11  0.00
10057 5.0285E+07    5 25143     178   1.0  2.19E-07  8.83E-07  3.29E-12  0.00
10058 5.0290E+07    5 25146     178   1.0  2.19E-07  8.83E-07  4.90E-11  0.00
10059 5.0295E+07    5 25148     178   1.0  2.19E-07  8.83E-07  3.64E-11  0.00
10060 5.0300E+07    5 25151     178   1.0  2.19E-07  8.83E-07  7.14E-12  0.00
10061 5.0305E+07    5 25153     178   1.0  2.19E-07  8.82E-07  8.30E-11  0.00
10062 5.0310E+07    5 25156     178   1.0  2.19E-07  8.82E-07  4.57E-11  0.00
10063 5.0315E+07    5 25158     178   1.0  2.19E-07  8.82E-07  2.03E-11  0.00
10064 5.0320E+07    5 25161     178   1.0  2.19E-07  8.82E-07  6.60E-13  0.00
10065 5.0325E+07    5 25163     178   1.0  2.19E-07  8.81E-07  4.21E-13  0.00
10066 5.0330E+07    5 25166     178   1.0  2.19E-07  8.81E-07  2.70E-11  0.00
10067 5.0335E+07    5 25168     178   1.0  2.19E-07  8.81E-07  9.42E-12  0.00
10068 5.0340E+07    5 25171     178   1.0  2.19E-07  8.81E-07  6.74E-12  0.00
10069 5.0345E+07    5 25173     178   1.0  2.19E-07  8.81E-07  3.08E-12  0.00
10070 5.0350E+07    6 25176     178   1.0  2.18E-07  8.80E-07  5.24E-11  0.00
10071 5.0355E+07    6 25178     178   1.0  9.05E-08  3.65E-07  9.21E-13  0.00
10072 5.0360E+07    6 25181     178   1.0  8.73E-08  3.52E-07  4.87E-11  0.00
10073 5.0365E+07    6 25183     178   1.0  8.73E-08  3.52E-07  7.31E-11  0.00
10074 5.0370E+07    6 25186     178   1.0  8.73E-08  3.52E-07  1.05E-11  0.00
10075 5.0375E+07    6 25188     178   1.0  8.73E-08  3.52E-07  6.19E-11  0.00
10076 5.0380E+07    6 25191     178   1.0  8.73E-08  3.52E-07  4.94E-11  0.00
10077 5.0385E+07    6 25193     178   1.0  8.73E-08  3.52E-07  7.31E-12  0.00
10078 5.0390E+07    6 25196     178   1.0  8.73E-08  3.52E-07  5.37E-11  0.00
10079 5.0395E+07    6 25198     178   1.0  8.73E-08  3.52E-07  3.44E-12  0.00
10080 5.0400E+07    6 25201     178   1.0  8.73E-08  3.52E-07  5.37E-11  0.00
10081 5.0405E+07    6 25203     178   1.0  8.73E-08  3.52E-07  4.49E-11  0.00
10082 5.0410E+07    6 25206     178   1.0  8.72E-08  3.52E-07  2.04E-12  0.00
10083 5.0415E+07    6 25208     178   1.0  8.72E-08  3.52E-07  6.75E-11  0.00
10084 5.0420E+07    6 25211     178   1.0  9.03E-08  3.64E-07  1.08E-10  0.00
10085 5.0425E+07    6 25213     178   1.0  9.11E-08  3.67E-07  3.23E-12  0.00
10086 5.0430E+07    6 25216     178   1.0  9.11E-08  3.67E-07  1.46E-11  0.00
10087 5.0435E+07    6 25218     178   1.0  9.11E-08  3.67E-07  3.25E-11  0.00
10088 5.0440E+07    6 25221     178   1.0  9.11E-08  3.67E-07  5.78E-12  0.00
10089 5.0445E+07    6 25223     178   1.0  9.10E-08  3.67E-07  6.04E-12  0.00
10090 5.0450E+07    6 25226     178   1.0  9.10E-08  3.66E-07  1.52E-11  0.00
10091 5.0455E+07    6 25228     178   1.0  9.10E-08  3.66E-07  2.11E-12  0.00
10092 5.0460E+07    6 25231     178   1.0  9.10E-08  3.66E-07  3.60E-11  0.00
10093 5.0465E+07    6 25233     178   1.0  9.10E-08  3.66E-07  1.76E-12  0.00
10094 5.0470E+07    6 25236     178   1.0  9.10E-08  3.66E-07  1.07E-12  0.00
10095 5.0475E+07    6 25238     178   1.0  9.10E-08  3.66E-07  1.39E-11  0.00
10096 5.0480E+07    6 25241     178   1.0  9.10E-08  3.66E-07  6.05E-11  0.00
10097 5.0485E+07    6 25243     178   1.0  9.10E-08  3.66E-07  5.06E-12  0.00
10098 5.0490E+07    6 25246     178   1.0  9.10E-08  3.66E-07  2.40E-12  0.00
10099 5.0495E+07    6 25248     178   1.0  9.10E-08  3.66E-07  3.14E-12  0.00
10100 5.0500E+07    6 25251     178   1.0  9.10E-08  3.66E-07  5.31E-11  0.00
10101 5.0505E+07    6 25253     178   1.0  9.10E-08  3.66E-07  1.28E-11  0.00
10102 5.0510E+07    6 25256     178   1.0  9.09E-08  3.66E-07  6.10E-11  0.00
10103 5.0515E+07    6 25258     178   1.0  9.09E-08  3.66E-07  4.85E-11  0.00
10104 5.0520E+07    6 25261     178   1.0  9.09E-08  3.66E-07  1.70E-11  0.00
10105 5.0525E+07    6 25263     178   1.0  9.09E-08  3.66E-07  3.17E-11  0.00
10106 5.0530E+07    6 25266     178   1.0  9.09E-08  3.66E-07  1.05E-11  0.00
10107 5.0535E+07    6 25268     178   1.0  9.09E-08  3.66E-07  6.18E-12  0.00
10108 5.0540E+07    6 25271     178   1.0  9.09E-08  3.66E-07  3.05E-12  0.00
10109 5.0545E+07    6 25273     178   1.0  9.09E-08  3.66E-07  2.86E-11  0.00
10110 5.0550E+07    6 25276     178   1.0  9.09E-08  3.66E-07  2.38E-11  0.00
10111 5.0555E+07    6 25278     178   1.0  9.09E-08  3.66E-07  1.44E-11  0.00
10112 5.0560E+07    6 25281     178   1.0  9.09E-08  3.66E-07  1.12E-12  0.00
10113 5.0565E+07    6 25283     178   1.0  9.09E-08  3.66E-07  4.94E-11  0.00
10114 5.0570E+07    6 25286     178   1.0  9.08E-08  3.66E-07  1.06E-12  0.00
10115 5.0575E+07    6 25288     178   1.0  9.08E-08  3.66E-07  4.05E-11  0.00
10116 5.0580E+07    6 25291     178   1.0  9.08E-08  3.66E-07  7.98E-12  0.00
10117 5.0585E+07    6 25293     178   1.0  9.08E-08  3.66E-07  3.09E-11  0.00
10118 5.0590E+07    6 25296     178   1.0  9.08E-08  3.66E-07  3.66E-12  0.00
10119 5.0595E+07    6 25298     178   1.0  9.08E-08  3.66E-07  3.29E-11  0.00
10120 5.0600E+07    6 25301     178   1.0  9.08E-08  3.66E-07  6.34E-11  0.00
10121 5.0605E+07    6 25303     178   1.0  9.08E-08  3.65E-07  3.66E-12  0.00
10122 5.0610E+07    6 25306     178   1.0  9.08E-08  3.65E-07  3.32E-11  0.00
10123 5.0615E+07    6 25308     178   1.0  9.08E-08  3.65E-07  4.38E-12  0.00
10124 5.0620E+07    6 25311     178   1.0  9.08E-08  3.65E-07  8.40E-12  0.00
10125 5.0625E+07    6 25313     178   1.0  9.08E-08  3.65E-07  3.14E-14  0.00
10126 5.0630E+07    6 25316     178   1.0  9.07E-08  3.65E-07  1.25E-11  0.00
10127 5.0635E+07    6 25318     178   1.0  9.07E-08  3.65E-07  4.32E-12  0.00
10128 5.0640E+07    6 25321     178   1.0  9.07E-08  3.65E-07  2.81E-11  0.00
10129 5.0645E+07    6 25323     178   1.0  9.07E-08  3.65E-07  7.69E-12  0.00
10130 5.0650E+07    6 25326     178   1.0  9.07E-08  3.65E-07  2.04E-12  0.00
10131 5.0655E+07    6 25328     178   1.0  9.07E-08  3.65E-07  3.21E-12  0.00
10132 5.0660E+07    6 25331     178   1.0  9.07E-08  3.65E-07  3.22E-11  0.00
10133 5.0665E+07    6 25333     178   1.0  9.07E-08  3.65E-07  6.29E-12  0.00
10134 5.0670E+07    6 25336     178   1.0  9.07E-08  3.65E-07  2.18E-12  0.00
10135 5.0675E+07    6 25338     178   1.0  9.07E-08  3.65E-07  2.60E-11  0.00
10136 5.0680E+07    6 25341     178   1.0  9.07E-08  3.65E-07  7.18E-11  0.00
10137 5.0685E+07    6 25343     178   1.0  9.07E-08  3.65E-07  4.44E-12  0.00
10138 5.0690E+07    6 25346     178   1.0  9.06E-08  3.65E-07  9.51E-11  0.00
10139 5.0695E+07    6 25348     178   1.0  9.06E-08  3.65E-07  5.80E-12  0.00
10140 5.0700E+07    6 25351     178   1.0  9.06E-08  3.65E-07  4.92E-11  0.00
10141 5.0705E+07    6 25353     178   1.0  9.06E-08  3.65E-07  6.08E-11  0.00
10142 5.0710E+07    6 25356     178   1.0  9.06E-08  3.65E-07  3.90E-13  0.00
10143 5.0715E+07    6 25358     178   1.0  9.06E-08  3.65E-07  6.86E-12  0.00
10144 5.0720E+07    6 25361     178   1.0  9.06E-08  3.65E-07  2.22E-11  0.00
10145 5.0725E+07    6 25363     178   1.0  9.06E-08  3.65E-07  6.06E-11  0.00
10146 5.0730E+07    6 25366     178   1.0  9.06E-08  3.65E-07  1.94E-12  0.00
10147 5.0735E+07    6 25368     178   1.0  9.06E-08  3.65E-07  1.25E-11  0.00
10148 5.0740E+07    6 25371     178   1.0  9.06E-08  3.65E-07  5.96E-11  0.00
10149 5.0745E+07    6 25373     178   1.0  9.06E-08  3.65E-07  3.22E-11  0.00
10150 5.0750E+07    6 25376     178   1.0  9.05E-08  3.65E-07  1.79E-12  0.00
10151 5.0755E+07    6 25378     178   1.0  9.05E-08  3.65E-07  6.72E-13  0.00
10152 5.0760E+07    6 25381     178   1.0  9.05E-08  3.64E-07  2.96E-11  0.00
10153 5.0765E+07    6 25383     178   1.0  9.05E-08  3.64E-07  5.91E-12  0.00
10154 5.0770E+07    6 25386     178   1.0  9.05E-08  3.64E-07  1.46E-13  0.00
10155 5.0775E+07    6 25388     178   1.0  9.05E-08  3.64E-07  4.51E-11  0.00
10156 5.0780E+07    6 25391     178   1.0  9.05E-08  3.64E-07  8.48E-12  0.00
10157 5.0785E+07    6 25393     178   1.0  9.05E-08  3.64E-07  1.11E-12  0.00
10158 5.0790E+07    6 25396     178   1.0  9.05E-08  3.64E-07  3.23E-11  0.00
10159 5.0795E+07    6 25398     178   1.0  9.05E-08  3.64E-07  7.06E-12  0.00
10160 5.0800E+07    6 25401     178   1.0  9.05E-08  3.64E-07  3.19E-12  0.00
10161 5.0805E+07    6 25403     178   1.0  9.05E-08  3.64E-07  4.95E-12  0.00
10162 5.0810E+07    6 25406     178   1.0  9.04E-08  3.64E-07  1.18E-10  0.00
10163 5.0815E+07    6 25408     178   1.0  9.04E-08  3.64E-07  5.85E-11  0.00
10164 5.0820E+07    6 25411     178   1.0  9.04E-08  3.64E-07  5.00E-12  0.00
10165 5.0825E+07    6 25413     178   1.0  9.04E-08  3.64E-07  8.92E-12  0.00
10166 5.0830E+07    6 25416     178   1.0  9.04E-08  3.64E-07  8.74E-12  0.00
10167 5.0835E+07    6 25418     178   1.0  9.04E-08  3.64E-07  7.88E-11  0.00
10168 5.0840E+07    6 25421     178   1.0  9.04E-08  3.64E-07  3.31E-13  0.00
10169 5.0845E+07    6 25423     178   1.0  9.04E-08  3.64E-07  1.67E-13  0.00
10170 5.0850E+07    6 25426     178   1.0  9.04E-08  3.64E-07  4.17E-12  0.00
10171 5.0855E+07    6 25428     178   1.0  9.04E-08  3.64E-07  5.31E-12  0.00
10172 5.0860E+07    6 25431     178   1.0  9.04E-08  3.64E-07  3.50E-12  0.00
10173 5.0865E+07    6 25433     178   1.0  9.04E-08  3.64E-07  2.92E-11  0.00
10174 5.0870E+07    6 25436     178   1.0  9.03E-08  3.64E-07  6.07E-12  0.00
10175 5.0875E+07    6 25438     178   1.0  9.03E-08  3.64E-07  4.20E-11  0.00
10176 5.0880E+07    6 25441     178   1.0  9.03E-08  3.64E-07  1.71E-12  0.00
10177 5.0885E+07    6 25443     178   1.0  9.03E-08  3.64E-07  2.24E-11  0.00
10178 5.0890E+07    6 25446     178   1.0  9.03E-08  3.64E-07  1.37E-11  0.00
10179 5.0895E+07    6 25448     178   1.0  9.03E-08  3.64E-07  4.24E-11  0.00
10180 5.0900E+07    6 25451     178   1.0  9.03E-08  3.64E-07  8.51E-12  0.00
10181 5.0905E+07    6 25453     178   1.0  9.03E-08  3.64E-07  1.35E-12  0.00
10182 5.0910E+07    6 25456     178   1.0  9.03E-08  3.64E-07  9.43E-11  0.00
10183 5.0915E+07    6 25458     178   1.0  9.03E-08  3.63E-07  8.70E-11  0.00
10184 5.0920E+07    6 25461     178   1.0  9.03E-08  3.63E-07  9.01E-14  0.00
10185 5.0925E+07    6 25463     178   1.0  9.03E-08  3.63E-07  7.49E-13  0.00
10186 5.0930E+07    6 25466     178   1.0  9.02E-08  3.63E-07  6.47E-11  0.00
10187 5.0935E+07    6 25468     178   1.0  9.02E-08  3.63E-07  2.53E-11  0.00
10188 5.0940E+07    6 25471     178   1.0  9.02E-08  3.63E-07  4.93E-11  0.00
10189 5.0945E+07    6 25473     178   1.0  9.02E-08  3.63E-07  4.50E-11  0.00
10190 5.0950E+07    6 25476     178   1.0  9.02E-08  3.63E-07  3.70E-11  0.00
10191 5.0955E+07    6 25478     178   1.0  9.02E-08  3.63E-07  6.17E-12  0.00
10192 5.0960E+07    6 25481     178   1.0  9.02E-08  3.63E-07  5.12E-11  0.00
10193 5.0965E+07    6 25483     178   1.0  9.02E-08  3.63E-07  5.97E-11  0.00
10194 5.0970E+07    6 25486     178   1.0  9.02E-08  3.63E-07  6.32E-11  0.00
10195 5.0975E+07    6 25488     178   1.0  9.02E-08  3.63E-07  7.09E-11  0.00
10196 5.0980E+07    6 25491     178   1.0  9.02E-08  3.63E-07  9.91E-12  0.00
10197 5.0985E+07    6 25493     178   1.0  9.02E-08  3.63E-07  5.26E-11  0.00
10198 5.0990E+07    6 25496     178   1.0  9.01E-08  3.63E-07  4.81E-11  0.00
10199 5.0995E+07    6 25498     178   1.0  9.01E-08  3.63E-07  6.23E-12  0.00
10200 5.1000E+07    6 25501     178   1.0  9.07E-08  3.67E-07  4.88E-11  0.00
10201 5.1005E+07    6 25503     178   1.0  9.43E-08  3.96E-07  5.40E-11  0.00
10202 5.1010E+07    6 25506     178   1.0  9.42E-08  3.96E-07  9.24E-12  0.00
10203 5.1015E+07    6 25508     178   1.0  9.42E-08  3.96E-07  3.47E-11  0.00
10204 5.1020E+07    6 25511     178   1.0  9.42E-08  3.96E-07  5.02E-11  0.00
10205 5.1025E+07    6 25513     178   1.0  9.42E-08  3.96E-07  4.84E-11  0.00
10206 5.1030E+07    6 25516     178   1.0  9.42E-08  3.96E-07  1.32E-11  0.00
10207 5.1035E+07    6 25518     178   1.0  9.42E-08  3.96E-07  3.81E-11  0.00
10208 5.1040E+07    6 25521     178   1.0  9.42E-08  3.95E-07  4.68E-12  0.00
10209 5.1045E+07    6 25523     178   1.0  9.42E-08  3.95E-07  1.12E-12  0.00
10210 5.1050E+07    6 25526     178   1.0  9.42E-08  3.95E-07  4.17E-12  0.00
10211 5.1055E+07    6 25528     178   1.0  9.42E-08  3.95E-07  1.49E-11  0.00
10212 5.1060E+07    6 25531     178   1.0  9.42E-08  3.95E-07  3.38E-11  0.00
10213 5.1065E+07    6 25533     178   1.0  9.42E-08  3.95E-07  6.60E-12  0.00
10214 5.1070E+07    6 25536     178   1.0  9.41E-08  3.95E-07  1.78E-12  0.00
10215 5.1075E+07    6 25538     178   1.0  9.41E-08  3.95E-07  3.38E-12  0.00
10216 5.1080E+07    6 25541     178   1.0  9.41E-08  3.95E-07  5.02E-12  0.00
10217 5.1085E+07    6 25543     178   1.0  9.41E-08  3.95E-07  3.16E-12  0.00
10218 5.1090E+07    6 25546     178   1.0  9.41E-08  3.95E-07  4.92E-11  0.00
10219 5.1095E+07    6 25548     178   1.0  9.41E-08  3.95E-07  6.56E-11  0.00
10220 5.1100E+07    6 25551     178   1.0  9.41E-08  3.95E-07  1.78E-11  0.00
10221 5.1105E+07    6 25553     178   1.0  9.41E-08  3.95E-07  1.01E-10  0.00
10222 5.1110E+07    6 25556     178   1.0  9.41E-08  3.95E-07  7.22E-11  0.00
10223 5.1115E+07    6 25558     178   1.0  9.41E-08  3.95E-07  4.60E-11  0.00
10224 5.1120E+07    6 25561     178   1.0  9.41E-08  3.95E-07  2.17E-11  0.00
10225 5.1125E+07    6 25563     178   1.0  9.41E-08  3.95E-07  8.27E-12  0.00
10226 5.1130E+07    6 25566     178   1.0  9.40E-08  3.95E-07  1.35E-10  0.00
10227 5.1135E+07    6 25568     178   1.0  9.40E-08  3.95E-07  1.98E-11  0.00
10228 5.1140E+07    6 25571     178   1.0  9.40E-08  3.95E-07  3.01E-12  0.00
10229 5.1145E+07    6 25573     178   1.0  9.40E-08  3.95E-07  3.38E-12  0.00
10230 5.1150E+07    6 25576     178   1.0  9.40E-08  3.95E-07  5.14E-12  0.00
10231 5.1155E+07    6 25578     178   1.0  9.40E-08  3.95E-07  3.85E-12  0.00
10232 5.1160E+07    6 25581     178   1.0  9.40E-08  3.95E-07  6.90E-11  0.00
10233 5.1165E+07    6 25583     178   1.0  9.40E-08  3.95E-07  8.20E-11  0.00
10234 5.1170E+07    6 25586     178   1.0  9.40E-08  3.95E-07  4.60E-11  0.00
10235 5.1175E+07    6 25588     178   1.0  9.40E-08  3.95E-07  8.85E-12  0.00
10236 5.1180E+07    6 25591     178   1.0  9.40E-08  3.95E-07  7.87E-11  0.00
10237 5.1185E+07    6 25593     178   1.0  9.39E-08  3.95E-07  7.08E-11  0.00
10238 5.1190E+07    6 25596     178   1.0  9.39E-08  3.94E-07  2.34E-11  0.00
10239 5.1195E+07    6 25598     178   1.0  9.39E-08  3.94E-07  7.03E-11  0.00
10240 5.1200E+07    6 25601     178   1.0  9.39E-08  3.94E-07  5.60E-11  0.00
10241 5.1205E+07    6 25603     178   1.0  9.39E-08  3.94E-07  3.70E-11  0.00
10242 5.1210E+07    6 25606     178   1.0  9.58E-08  3.95E-07  9.37E-11  0.00
10243 5.1215E+07    6 25608     178   1.0  9.79E-08  3.97E-07  4.32E-11  0.00
10244 5.1220E+07    6 25611     178   1.0  9.79E-08  3.97E-07  5.10E-11  0.00
10245 5.1225E+07    6 25613     178   1.0  9.79E-08  3.97E-07  4.56E-12  0.00
10246 5.1230E+07    6 25616     178   1.0  9.33E-08  3.79E-07  1.28E-11  0.00
10247 5.1235E+07    6 25618     178   1.0  9.25E-08  3.76E-07  3.25E-14  0.00
10248 5.1240E+07    6 25621     178   1.0  9.25E-08  3.76E-07  6.79E-11  0.00
10249 5.1245E+07    6 25623     178   1.0  9.74E-08  4.16E-07  1.47E-12  0.00
10250 5.1250E+07    6 25626     178   1.0  9.78E-08  4.19E-07  9.69E-12  0.00
10251 5.1255E+07    6 25628     178   1.0  9.78E-08  4.19E-07  3.96E-11  0.00
10252 5.1260E+07    6 25631     178   1.0  9.77E-08  4.19E-07  4.98E-11  0.00
10253 5.1265E+07    6 25633     178   1.0  9.77E-08  4.19E-07  1.01E-11  0.00
10254 5.1270E+07    6 25636     178   1.0  9.77E-08  4.19E-07  2.76E-12  0.00
10255 5.1275E+07    6 25638     178   1.0  9.77E-08  4.19E-07  3.20E-11  0.00
10256 5.1280E+07    6 25641     178   1.0  9.77E-08  4.19E-07  3.12E-11  0.00
10257 5.1285E+07    6 25643     178   1.0  9.77E-08  4.19E-07  2.27E-12  0.00
10258 5.1290E+07    6 25646     178   1.0  9.77E-08  4.19E-07  1.47E-11  0.00
10259 5.1295E+07    6 25648     178   1.0  9.81E-08  4.20E-07  3.08E-12  0.00
10260 5.1300E+07    6 25651     178   1.0  9.85E-08  4.21E-07  3.72E-13  0.00
10261 5.1305E+07    6 25653     178   1.0  9.85E-08  4.21E-07  3.92E-11  0.00
10262 5.1310E+07    6 25656     178   1.0  9.85E-08  4.21E-07  3.40E-11  0.00
10263 5.1315E+07    6 25658     178   1.0  9.84E-08  4.21E-07  2.37E-11  0.00
10264 5.1320E+07    6 25661     178   1.0  9.84E-08  4.21E-07  4.66E-11  0.00
10265 5.1325E+07    6 25663     178   1.0  9.84E-08  4.21E-07  9.74E-12  0.00
10266 5.1330E+07    6 25666     178   1.0  9.84E-08  4.21E-07  2.11E-11  0.00
10267 5.1335E+07    6 25668     178   1.0  9.84E-08  4.21E-07  2.60E-11  0.00
10268 5.1340E+07    6 25671     178   1.0  9.84E-08  4.21E-07  1.94E-12  0.00
10269 5.1345E+07    6 25673     178   1.0  9.84E-08  4.21E-07  4.47E-12  0.00
10270 5.1350E+07    6 25676     178   1.0  9.84E-08  4.21E-07  5.75E-12  0.00
10271 5.1355E+07    6 25678     178   1.0  9.84E-08  4.21E-07  3.82E-11  0.00
10272 5.1360E+07    6 25681     178   1.0  9.84E-08  4.21E-07  5.18E-13  0.00
10273 5.1365E+07    6 25683     178   1.0  9.84E-08  4.21E-07  5.54E-11  0.00
10274 5.1370E+07    6 25686     178   1.0  9.83E-08  4.21E-07  3.60E-12  0.00
10275 5.1375E+07    6 25688     178   1.0  9.83E-08  4.21E-07  7.47E-11  0.00
10276 5.1380E+07    6 25691     178   1.0  9.83E-08  4.21E-07  2.17E-12  0.00
10277 5.1385E+07    6 25693     178   1.0  9.83E-08  4.21E-07  5.02E-12  0.00
10278 5.1390E+07    6 25696     178   1.0  9.83E-08  4.21E-07  3.47E-12  0.00
10279 5.1395E+07    6 25698     178   1.0  9.83E-08  4.21E-07  1.70E-12  0.00
10280 5.1400E+07    6 25701     178   1.0  9.83E-08  4.21E-07  1.61E-11  0.00
10281 5.1405E+07    6 25703     178   1.0  9.83E-08  4.21E-07  9.89E-13  0.00
10282 5.1410E+07    6 25706     178   1.0  9.83E-08  4.21E-07  4.42E-11  0.00
10283 5.1415E+07    6 25708     178   1.0  9.83E-08  4.21E-07  1.11E-11  0.00
10284 5.1420E+07    6 25711     178   1.0  9.83E-08  4.20E-07  4.63E-11  0.00
10285 5.1425E+07    6 25713     178   1.0  9.83E-08  4.20E-07  2.40E-12  0.00
10286 5.1430E+07    6 25716     178   1.0  9.82E-08  4.20E-07  2.84E-11  0.00
10287 5.1435E+07    6 25718     178   1.0  9.82E-08  4.20E-07  3.12E-12  0.00
10288 5.1440E+07    6 25721     178   1.0  9.80E-08  4.19E-07  5.09E-12  0.00
10289 5.1445E+07    6 25723     178   1.0  9.77E-08  4.18E-07  1.12E-12  0.00
10290 5.1450E+07    6 25726     178   1.0  9.77E-08  4.18E-07  3.34E-11  0.00
10291 5.1455E+07    6 25728     178   1.0  9.77E-08  4.18E-07  3.56E-11  0.00
10292 5.1460E+07    6 25731     178   1.0  9.77E-08  4.18E-07  3.12E-12  0.00
10293 5.1465E+07    6 25733     178   1.0  9.77E-08  4.18E-07  2.34E-11  0.00
10294 5.1470E+07    6 25736     178   1.0  9.77E-08  4.18E-07  1.52E-11  0.00
10295 5.1475E+07    6 25738     178   1.0  9.77E-08  4.18E-07  3.26E-12  0.00
10296 5.1480E+07    6 25741     178   1.0  9.77E-08  4.18E-07  7.63E-11  0.00
10297 5.1485E+07    6 25743     178   1.0  9.76E-08  4.17E-07  4.44E-11  0.00
10298 5.1490E+07    6 25746     178   1.0  9.76E-08  4.17E-07  1.17E-10  0.00
10299 5.1495E+07    6 25748     179   1.0  9.76E-08  4.17E-07  4.45E-11  0.00
10300 5.1500E+07    6 25751     179   1.0  9.76E-08  4.17E-07  1.54E-12  0.00
10301 5.1505E+07    6 25753     179   1.0  9.76E-08  4.17E-07  2.58E-11  0.00
10302 5.1510E+07    6 25756     179   1.0  9.76E-08  4.17E-07  3.26E-11  0.00
10303 5.1515E+07    6 25758     179   1.0  9.76E-08  4.17E-07  5.88E-12  0.00
10304 5.1520E+07    6 25761     179   1.0  9.76E-08  4.17E-07  3.15E-12  0.00
10305 5.1525E+07    6 25763     179   1.0  9.76E-08  4.17E-07  4.25E-12  0.00
10306 5.1530E+07    6 25766     179   1.0  9.76E-08  4.17E-07  7.45E-13  0.00
10307 5.1535E+07    6 25768     179   1.0  9.76E-08  4.17E-07  3.97E-11  0.00
10308 5.1540E+07    6 25771     179   1.0  9.75E-08  4.17E-07  4.78E-11  0.00
10309 5.1545E+07    6 25773     179   1.0  9.75E-08  4.17E-07  4.83E-12  0.00
10310 5.1550E+07    6 25776     179   1.0  9.75E-08  4.17E-07  3.22E-12  0.00
10311 5.1555E+07    6 25778     179   1.0  9.75E-08  4.17E-07  8.52E-12  0.00
10312 5.1560E+07    6 25781     179   1.0  9.75E-08  4.17E-07  2.06E-12  0.00
10313 5.1565E+07    6 25783     179   1.0  9.75E-08  4.17E-07  2.82E-11  0.00
10314 5.1570E+07    6 25786     179   1.0  9.75E-08  4.17E-07  3.41E-11  0.00
10315 5.1575E+07    6 25788     179   1.0  9.75E-08  4.17E-07  2.86E-11  0.00
10316 5.1580E+07    6 25791     179   1.0  9.75E-08  4.17E-07  1.14E-11  0.00
10317 5.1585E+07    6 25793     179   1.0  9.75E-08  4.17E-07  6.12E-11  0.00
10318 5.1590E+07    6 25796     179   1.0  9.75E-08  4.17E-07  7.46E-12  0.00
10319 5.1595E+07    6 25798     179   1.0  9.75E-08  4.17E-07  6.86E-11  0.00
10320 5.1600E+07    6 25801     179   1.0  9.74E-08  4.17E-07  3.60E-11  0.00
10321 5.1605E+07    6 25803     179   1.0  9.74E-08  4.17E-07  4.50E-12  0.00
10322 5.1610E+07    6 25806     179   1.0  9.74E-08  4.17E-07  2.82E-11  0.00
10323 5.1615E+07    6 25808     179   1.0  9.74E-08  4.16E-07  2.74E-12  0.00
10324 5.1620E+07    6 25811     179   1.0  9.74E-08  4.16E-07  4.74E-12  0.00
10325 5.1625E+07    6 25813     179   1.0  9.74E-08  4.16E-07  1.92E-14  0.00
10326 5.1630E+07    6 25816     179   1.0  9.74E-08  4.16E-07  7.42E-11  0.00
10327 5.1635E+07    6 25818     179   1.0  9.74E-08  4.16E-07  6.56E-11  0.00
10328 5.1640E+07    6 25821     179   1.0  9.74E-08  4.16E-07  4.39E-12  0.00
10329 5.1645E+07    6 25823     179   1.0  9.74E-08  4.16E-07  5.06E-11  0.00
10330 5.1650E+07    6 25826     179   1.0  9.74E-08  4.16E-07  1.90E-12  0.00
10331 5.1655E+07    6 25828     179   1.0  9.73E-08  4.16E-07  2.92E-11  0.00
10332 5.1660E+07    6 25831     179   1.0  9.73E-08  4.16E-07  3.06E-12  0.00
10333 5.1665E+07    6 25833     179   1.0  9.73E-08  4.16E-07  5.23E-11  0.00
10334 5.1670E+07    6 25836     179   1.0  9.73E-08  4.16E-07  4.30E-11  0.00
10335 5.1675E+07    6 25838     179   1.0  9.73E-08  4.16E-07  1.02E-10  0.00
10336 5.1680E+07    6 25841     179   1.0  9.73E-08  4.16E-07  2.12E-11  0.00
10337 5.1685E+07    6 25843     179   1.0  9.73E-08  4.16E-07  1.91E-11  0.00
10338 5.1690E+07    6 25846     179   1.0  9.73E-08  4.16E-07  3.41E-12  0.00
10339 5.1695E+07    6 25848     179   1.0  9.73E-08  4.16E-07  1.89E-11  0.00
10340 5.1700E+07    6 25851     179   1.0  9.73E-08  4.16E-07  5.21E-12  0.00
10341 5.1705E+07    6 25853     179   1.0  9.73E-08  4.16E-07  2.46E-11  0.00
10342 5.1710E+07    6 25856     179   1.0  9.72E-08  4.16E-07  3.92E-12  0.00
10343 5.1715E+07    6 25858     179   1.0  9.72E-08  4.16E-07  1.36E-11  0.00
10344 5.1720E+07    6 25861     179   1.0  9.72E-08  4.16E-07  7.05E-11  0.00
10345 5.1725E+07    6 25863     179   1.0  9.72E-08  4.16E-07  5.99E-11  0.00
10346 5.1730E+07    6 25866     179   1.0  9.72E-08  4.16E-07  1.04E-11  0.00
10347 5.1735E+07    6 25868     179   1.0  9.72E-08  4.16E-07  1.59E-10  0.00
10348 5.1740E+07    6 25871     179   1.0  9.72E-08  4.16E-07  2.01E-12  0.00
10349 5.1745E+07    6 25873     179   1.0  9.72E-08  4.16E-07  1.84E-11  0.00
10350 5.1750E+07    6 25876     179   1.0  9.72E-08  4.15E-07  6.43E-11  0.00
10351 5.1755E+07    6 25878     179   1.0  9.72E-08  4.15E-07  2.84E-11  0.00
10352 5.1760E+07    6 25881     179   1.0  9.72E-08  4.15E-07  4.33E-11  0.00
10353 5.1765E+07    6 25883     179   1.0  9.71E-08  4.15E-07  1.08E-10  0.00
10354 5.1770E+07    6 25886     179   1.0  9.71E-08  4.15E-07  3.74E-12  0.00
10355 5.1775E+07    6 25888     179   1.0  9.71E-08  4.15E-07  2.56E-12  0.00
10356 5.1780E+07    6 25891     179   1.0  9.71E-08  4.15E-07  6.61E-11  0.00
10357 5.1785E+07    6 25893     179   1.0  9.71E-08  4.15E-07  9.64E-11  0.00
10358 5.1790E+07    6 25896     179   1.0  9.71E-08  4.15E-07  1.56E-11  0.00
10359 5.1795E+07    6 25898     179   1.0  9.71E-08  4.15E-07  4.87E-11  0.00
10360 5.1800E+07    6 25901     179   1.0  9.71E-08  4.15E-07  2.66E-12  0.00
10361 5.1805E+07    6 25903     179   1.0  9.71E-08  4.15E-07  7.38E-11  0.00
10362 5.1810E+07    6 25906     179   1.0  9.71E-08  4.15E-07  3.23E-11  0.00
10363 5.1815E+07    6 25908     179   1.0  9.71E-08  4.15E-07  1.41E-12  0.00
10364 5.1820E+07    6 25911     179   1.0  9.71E-08  4.15E-07  4.95E-11  0.00
10365 5.1825E+07    6 25913     179   1.0  9.70E-08  4.15E-07  1.30E-10  0.00
10366 5.1830E+07    6 25916     179   1.0  9.70E-08  4.15E-07  4.78E-12  0.00
10367 5.1835E+07    6 25918     179   1.0  9.70E-08  4.15E-07  5.01E-12  0.00
10368 5.1840E+07    6 25921     179   1.0  9.70E-08  4.15E-07  3.30E-12  0.00
10369 5.1845E+07    6 25923     179   1.0  9.70E-08  4.15E-07  9.07E-13  0.00
10370 5.1850E+07    7 25926     179   1.0  9.70E-08  4.15E-07  2.83E-12  0.00
10371 5.1855E+07    7 25928     179   1.0  2.42E-07  1.04E-06  9.30E-13  0.00
10372 5.1860E+07    7 25931     179   1.0  2.42E-07  1.04E-06  7.07E-12  0.00
10373 5.1865E+07    7 25933     179   1.0  2.42E-07  1.04E-06  2.91E-12  0.00
10374 5.1870E+07    7 25936     179   1.0  2.42E-07  1.04E-06  4.44E-13  0.00
10375 5.1875E+07    7 25938     179   1.0  2.42E-07  1.04E-06  4.51E-12  0.00
10376 5.1880E+07    7 25941     179   1.0  2.42E-07  1.04E-06  5.08E-12  0.00
10377 5.1885E+07    7 25943     179   1.0  2.42E-07  1.04E-06  5.23E-11  0.00
10378 5.1890E+07    7 25946     179   1.0  2.42E-07  1.03E-06  6.85E-12  0.00
10379 5.1895E+07    7 25948     179   1.0  2.42E-07  1.03E-06  2.19E-11  0.00
10380 5.1900E+07    7 25951     179   1.0  2.42E-07  1.03E-06  3.86E-11  0.00
10381 5.1905E+07    7 25953     179   1.0  2.42E-07  1.03E-06  4.34E-11  0.00
10382 5.1910E+07    7 25956     179   1.0  2.42E-07  1.03E-06  1.23E-12  0.00
10383 5.1915E+07    7 25958     179   1.0  2.42E-07  1.03E-06  1.03E-12  0.00
10384 5.1920E+07    7 25961     179   1.0  2.42E-07  1.03E-06  9.99E-12  0.00
10385 5.1925E+07    7 25963     179   1.0  2.42E-07  1.03E-06  1.47E-11  0.00
10386 5.1930E+07    7 25966     179   1.0  2.42E-07  1.03E-06  2.47E-12  0.00
10387 5.1935E+07    7 25968     179   1.0  2.42E-07  1.03E-06  2.65E-12  0.00
10388 5.1940E+07    7 25971     179   1.0  2.42E-07  1.03E-06  1.67E-12  0.00
10389 5.1945E+07    7 25973     179   1.0  2.41E-07  1.03E-06  8.48E-12  0.00
10390 5.1950E+07    7 25976     179   1.0  2.41E-07  1.03E-06  1.48E-11  0.00
10391 5.1955E+07    7 25978     179   1.0  2.41E-07  1.03E-06  8.89E-11  0.00
10392 5.1960E+07    7 25981     179   1.0  2.41E-07  1.03E-06  2.59E-11  0.00
10393 5.1965E+07    7 25983     179   1.0  2.41E-07  1.03E-06  5.69E-12  0.00
10394 5.1970E+07    7 25986     179   1.0  2.41E-07  1.03E-06  4.22E-11  0.00
10395 5.1975E+07    7 25988     179   1.0  2.41E-07  1.03E-06  4.82E-11  0.00
10396 5.1980E+07    7 25991     179   1.0  2.41E-07  1.03E-06  6.33E-11  0.00
10397 5.1985E+07    7 25993     179   1.0  2.41E-07  1.03E-06  7.15E-12  0.00
10398 5.1990E+07    7 25996     179   1.0  2.41E-07  1.03E-06  6.90E-11  0.00
10399 5.1995E+07    7 25998     179   1.0  2.41E-07  1.03E-06  1.47E-12  0.00
10400 5.2000E+07    7 26001     179   1.0  2.41E-07  1.03E-06  2.92E-12  0.00
10401 5.2005E+07    7 26003     179   1.0  2.41E-07  1.03E-06  3.72E-12  0.00
10402 5.2010E+07    7 26006     179   1.0  2.41E-07  1.03E-06  4.14E-12  0.00
10403 5.2015E+07    7 26008     179   1.0  2.41E-07  1.03E-06  8.18E-13  0.00
10404 5.2020E+07    7 26011     179   1.0  2.41E-07  1.03E-06  8.84E-11  0.00
10405 5.2025E+07    7 26013     179   1.0  2.41E-07  1.03E-06  9.09E-13  0.00
10406 5.2030E+07    7 26016     179   1.0  2.41E-07  1.03E-06  2.20E-11  0.00
10407 5.2035E+07    7 26018     179   1.0  2.40E-07  1.03E-06  2.62E-11  0.00
10408 5.2040E+07    7 26021     179   1.0  2.40E-07  1.03E-06  1.63E-12  0.00
10409 5.2045E+07    7 26023     179   1.0  2.40E-07  1.03E-06  3.77E-11  0.00
10410 5.2050E+07    7 26026     179   1.0  2.40E-07  1.03E-06  2.74E-11  0.00
10411 5.2055E+07    7 26028     180   1.0  1.96E-04  8.16E-04  1.30E-09  0.00
10412 5.2060E+07    7 26031     180   1.0  2.91E-07  1.44E-06  1.08E-10  0.00
10413 5.2065E+07    7 26033     180   1.0  2.46E-07  1.22E-06  3.11E-11  0.00
10414 5.2070E+07    7 26036     180   1.0  2.46E-07  1.22E-06  5.11E-11  0.00
10415 5.2075E+07    7 26038     180   1.0  2.46E-07  1.22E-06  7.06E-12  0.00
10416 5.2080E+07    7 26041     180   1.0  2.46E-07  1.22E-06  3.84E-11  0.00
10417 5.2085E+07    7 26043     180   1.0  2.46E-07  1.22E-06  9.68E-12  0.00
10418 5.2090E+07    7 26046     180   1.0  2.46E-07  1.22E-06  9.40E-12  0.00
10419 5.2095E+07    7 26048     180   1.0  2.46E-07  1.22E-06  9.83E-11  0.00
10420 5.2100E+07    7 26051     180   1.0  2.46E-07  1.22E-06  1.93E-13  0.00
10421 5.2105E+07    7 26053     180   1.0  2.46E-07  1.22E-06  3.79E-11  0.00
10422 5.2110E+07    7 26056     180   1.0  2.46E-07  1.22E-06  5.66E-11  0.00
10423 5.2115E+07    7 26058     180   1.0  2.46E-07  1.22E-06  1.47E-12  0.00
10424 5.2120E+07    7 26061     180   1.0  2.46E-07  1.22E-06  7.88E-11  0.00
10425 5.2125E+07    7 26063     180   1.0  2.46E-07  1.22E-06  2.29E-12  0.00
10426 5.2130E+07    7 26066     180   1.0  2.45E-07  1.22E-06  2.05E-12  0.00
10427 5.2135E+07    7 26068     180   1.0  2.30E-07  1.12E-06  7.43E-11  0.00
10428 5.2140E+07    7 26071     180   1.0  1.66E-07  7.41E-07  4.82E-11  0.00
10429 5.2145E+07    7 26073     180   1.0  1.66E-07  7.41E-07  3.09E-11  0.00
10430 5.2150E+07    7 26076     180   1.0  1.66E-07  7.41E-07  1.52E-12  0.00
10431 5.2155E+07    7 26078     180   1.0  1.66E-07  7.41E-07  1.75E-11  0.00
10432 5.2160E+07    7 26081     180   1.0  1.66E-07  7.41E-07  5.83E-12  0.00
10433 5.2165E+07    7 26083     180   1.0  1.66E-07  7.41E-07  2.50E-12  0.00
10434 5.2170E+07    7 26086     180   1.0  1.66E-07  7.41E-07  2.84E-11  0.00
10435 5.2175E+07    7 26088     180   1.0  1.81E-07  8.15E-07  5.92E-11  0.00
10436 5.2180E+07    7 26091     180   1.0  2.19E-07  1.00E-06  7.78E-11  0.00
10437 5.2185E+07    7 26093     180   1.0  2.19E-07  1.00E-06  1.20E-11  0.00
10438 5.2190E+07    7 26096     180   1.0  2.19E-07  1.00E-06  5.05E-12  0.00
10439 5.2195E+07    7 26098     180   1.0  2.19E-07  1.00E-06  4.51E-13  0.00
10440 5.2200E+07    7 26101     180   1.0  2.19E-07  1.00E-06  1.05E-11  0.00
10441 5.2205E+07    7 26103     180   1.0  2.19E-07  1.00E-06  1.21E-12  0.00
10442 5.2210E+07    7 26106     180   1.0  2.19E-07  1.00E-06  2.50E-12  0.00
10443 5.2215E+07    7 26108     180   1.0  2.19E-07  1.00E-06  4.12E-11  0.00
10444 5.2220E+07    7 26111     180   1.0  2.19E-07  1.00E-06  1.88E-11  0.00
10445 5.2225E+07    7 26113     180   1.0  2.19E-07  1.00E-06  1.19E-11  0.00
10446 5.2230E+07    7 26116     180   1.0  2.19E-07  1.00E-06  9.26E-12  0.00
10447 5.2235E+07    7 26118     180   1.0  2.19E-07  1.00E-06  4.15E-11  0.00
10448 5.2240E+07    7 26121     180   1.0  2.19E-07  1.00E-06  1.52E-10  0.00
10449 5.2245E+07    7 26123     180   1.0  2.19E-07  1.00E-06  5.21E-12  0.00
10450 5.2250E+07    7 26126     180   1.0  2.19E-07  1.00E-06  4.24E-11  0.00
10451 5.2255E+07    7 26128     180   1.0  2.19E-07  1.00E-06  7.90E-12  0.00
10452 5.2260E+07    7 26131     180   1.0  2.19E-07  1.00E-06  6.39E-11  0.00
10453 5.2265E+07    7 26133     180   1.0  2.19E-07  1.00E-06  8.08E-11  0.00
10454 5.2270E+07    7 26136     180   1.0  2.19E-07  1.00E-06  3.95E-11  0.00
10455 5.2275E+07    7 26138     180   1.0  2.20E-07  9.93E-07  3.51E-12  0.00
10456 5.2280E+07    7 26141     180   1.0  2.21E-07  9.89E-07  9.21E-11  0.00
10457 5.2285E+07    7 26143     180   1.0  2.21E-07  9.89E-07  3.29E-11  0.00
10458 5.2290E+07    7 26146     180   1.0  2.37E-07  1.03E-06  2.71E-11  0.00
10459 5.2295E+07    7 26148     180   1.0  2.27E-07  9.67E-07  1.70E-10  0.00
10460 5.2300E+07    7 26151     180   1.0  2.27E-07  9.67E-07  1.48E-10  0.00
10461 5.2305E+07    7 26153     180   1.0  2.27E-07  9.66E-07  6.46E-11  0.00
10462 5.2310E+07    7 26156     180   1.0  2.27E-07  9.66E-07  5.67E-11  0.00
10463 5.2315E+07    7 26158     180   1.0  2.27E-07  9.66E-07  2.81E-11  0.00
10464 5.2320E+07    7 26161     180   1.0  2.26E-07  9.66E-07  1.87E-11  0.00
10465 5.2325E+07    7 26163     180   1.0  2.26E-07  9.66E-07  1.20E-12  0.00
10466 5.2330E+07    7 26166     180   1.0  2.26E-07  9.66E-07  2.28E-10  0.00
10467 5.2335E+07    7 26168     180   1.0  2.26E-07  9.66E-07  9.57E-12  0.00
10468 5.2340E+07    7 26171     180   1.0  2.26E-07  9.66E-07  1.05E-10  0.00
10469 5.2345E+07    7 26173     179   1.0  2.26E-07  9.66E-07  3.77E-11  0.00
10470 5.2350E+07    8 26176     179   1.0  2.26E-07  9.66E-07  4.83E-11  0.00
