
Program OVAL:  version           oval-0.7.296.f

c Matthew R. Kuhn 2001, Licensed under the GPL, version 2

The program was compiled with the following parameters (among others):
   1) 2D or 3D problems. (mdim1=3)
   2) Circular, spherical, elliptical, oval, nobby, bumpy, 
      and ovoid particles. (mpiece=4*mp)
   3) A maximum of   10648 particles. (mp)
Errors will occur if your input data is otherwise (but you can always make
changes to the common-0.7.296 file and recompile).
  
  Name of the RunFile:
  Name of the StartFile:
  
  Warning: Input value of rho was 0. A mass will be automatically assigned.
  Warning: Input value of dt .le. 0. A time step will be automatically assigned.

  Your time step is:                1.00000E+00
  The maximum advised time step is: 1.25000E+00
  The reference particle mass is:   1.25000E+01

  Particle shape =   Circular, 2D particles

  Number of particles     =      49
  Initial void ratio      =  0.175837
  Initial solids fraction =  0.850458
  Initial porosity        =  0.149542
  Volume of the cell      =  3.270054E+01

  Linear contact model:
  Normal (indentation) stiffness    =  2.0000E+00
  Normal contact stiffness          =  1.0000E+00
  Ratio tangential/normal stiffness =  1.0000E+00
  Contact friction coefficient      =  5.0000E-01

  Initial number of contacts       =      92
  Average ratio of ovrlap/diameter =  2.469E-03

Some diagnostic information during this simulation:
 iout     timer  istep nupd   ipt2  xloops   chi1      chi2       psi    sweep
    0 0.0000E+00    1     1     182   1.0  0.00E+00  0.00E+00  0.00E+00  0.00
    1 5.0000E+03    1     3     182   1.0  1.57E-04  1.15E-04  0.00E+00  0.00
    2 1.0000E+04    1     6     182   1.0  7.04E-13  5.40E-13  0.00E+00  0.00
    3 1.5000E+04    1     8     182   1.0  6.93E-13  5.41E-13  0.00E+00  0.00
    4 2.0000E+04    1    11     182   1.0  7.16E-13  5.39E-13  0.00E+00  0.00
    5 2.5000E+04    1    13     182   1.0  7.19E-13  5.47E-13  0.00E+00  0.00
    6 3.0000E+04    1    16     182   1.0  6.95E-13  5.41E-13  0.00E+00  0.00
    7 3.5000E+04    1    18     182   1.0  7.38E-13  5.52E-13  0.00E+00  0.00
    8 4.0000E+04    1    21     182   1.0  6.90E-13  5.39E-13  0.00E+00  0.00
    9 4.5000E+04    1    23     182   1.0  7.13E-13  5.36E-13  0.00E+00  0.00
   10 5.0000E+04    1    26     182   1.0  7.28E-13  5.48E-13  0.00E+00  0.00
   11 5.5000E+04    1    28     182   1.0  7.29E-13  5.44E-13  0.00E+00  0.00
   12 6.0000E+04    1    31     182   1.0  7.03E-13  5.35E-13  0.00E+00  0.00
   13 6.5000E+04    1    33     182   1.0  6.97E-13  5.40E-13  0.00E+00  0.00
   14 7.0000E+04    1    36     182   1.0  7.11E-13  5.42E-13  0.00E+00  0.00
   15 7.5000E+04    1    38     182   1.0  7.14E-13  5.56E-13  0.00E+00  0.00
   16 8.0000E+04    1    41     182   1.0  7.00E-13  5.36E-13  0.00E+00  0.00
   17 8.5000E+04    1    43     182   1.0  7.11E-13  5.38E-13  0.00E+00  0.00
   18 9.0000E+04    1    46     182   1.0  7.29E-13  5.44E-13  0.00E+00  0.00
   19 9.5000E+04    1    48     182   1.0  7.15E-13  5.41E-13  0.00E+00  0.00
   20 1.0000E+05    2    51     182   1.0  7.04E-13  5.43E-13  0.00E+00  0.00
   21 1.0500E+05    2    53     182   1.0  7.21E-08  2.93E-07  2.25E-11  0.00
   22 1.1000E+05    2    56     182   1.0  6.57E-08  2.72E-07  3.31E-12  0.00
   23 1.1500E+05    2    58     182   1.0  6.56E-08  2.71E-07  5.15E-13  0.00
   24 1.2000E+05    2    61     182   1.0  6.55E-08  2.71E-07  3.03E-13  0.00
   25 1.2500E+05    2    63     182   1.0  6.55E-08  2.71E-07  3.10E-13  0.00
   26 1.3000E+05    2    66     182   1.0  6.54E-08  2.70E-07  1.04E-13  0.00
   27 1.3500E+05    2    68     182   1.0  6.53E-08  2.70E-07  1.69E-12  0.00
   28 1.4000E+05    2    71     182   1.0  6.52E-08  2.70E-07  1.67E-12  0.00
   29 1.4500E+05    2    73     182   1.0  6.51E-08  2.69E-07  2.30E-11  0.00
   30 1.5000E+05    2    76     182   1.0  6.50E-08  2.69E-07  1.18E-13  0.00
   31 1.5500E+05    2    78     182   1.0  6.49E-08  2.69E-07  4.68E-13  0.00
   32 1.6000E+05    2    81     182   1.0  6.49E-08  2.68E-07  9.26E-14  0.00
   33 1.6500E+05    2    83     182   1.0  6.48E-08  2.68E-07  1.74E-13  0.00
   34 1.7000E+05    2    86     182   1.0  6.47E-08  2.68E-07  4.17E-14  0.00
   35 1.7500E+05    2    88     182   1.0  6.46E-08  2.67E-07  5.63E-13  0.00
   36 1.8000E+05    2    91     182   1.0  6.48E-08  2.69E-07  1.11E-10  0.00
   37 1.8500E+05    2    93     182   1.0  6.65E-08  2.79E-07  2.47E-13  0.00
   38 1.9000E+05    2    96     182   1.0  6.64E-08  2.79E-07  4.45E-13  0.00
   39 1.9500E+05    2    98     182   1.0  6.63E-08  2.78E-07  1.38E-11  0.00
   40 2.0000E+05    2   101     182   1.0  6.62E-08  2.78E-07  4.90E-14  0.00
   41 2.0500E+05    2   103     182   1.0  6.86E-08  2.90E-07  4.38E-13  0.00
   42 2.1000E+05    2   106     182   1.0  7.23E-08  3.04E-07  2.76E-13  0.00
   43 2.1500E+05    2   108     182   1.0  7.23E-08  3.04E-07  3.71E-12  0.00
   44 2.2000E+05    2   111     182   1.0  7.22E-08  3.03E-07  2.20E-12  0.00
   45 2.2500E+05    2   113     182   1.0  7.21E-08  3.03E-07  2.29E-13  0.00
   46 2.3000E+05    2   116     182   1.0  7.20E-08  3.03E-07  4.03E-13  0.00
   47 2.3500E+05    2   118     182   1.0  7.19E-08  3.02E-07  3.00E-14  0.00
   48 2.4000E+05    2   121     182   1.0  7.18E-08  3.02E-07  2.75E-14  0.00
   49 2.4500E+05    2   123     182   1.0  7.17E-08  3.01E-07  4.85E-13  0.00
   50 2.5000E+05    2   126     182   1.0  7.16E-08  3.01E-07  2.97E-12  0.00
   51 2.5500E+05    2   128     182   1.0  7.15E-08  3.01E-07  1.51E-12  0.00
   52 2.6000E+05    2   131     182   1.0  7.14E-08  3.00E-07  4.27E-13  0.00
   53 2.6500E+05    2   133     182   1.0  7.13E-08  3.00E-07  2.66E-12  0.00
   54 2.7000E+05    2   136     182   1.0  7.12E-08  2.99E-07  5.19E-11  0.00
   55 2.7500E+05    2   138     182   1.0  7.12E-08  2.99E-07  4.94E-13  0.00
   56 2.8000E+05    2   141     182   1.0  7.11E-08  2.99E-07  4.63E-13  0.00
   57 2.8500E+05    2   143     182   1.0  7.10E-08  2.98E-07  3.90E-13  0.00
   58 2.9000E+05    2   146     182   1.0  7.09E-08  2.98E-07  4.57E-14  0.00
   59 2.9500E+05    2   148     182   1.0  7.08E-08  2.98E-07  7.52E-13  0.00
   60 3.0000E+05    2   151     182   1.0  7.07E-08  2.97E-07  5.10E-13  0.00
   61 3.0500E+05    2   153     182   1.0  7.06E-08  2.97E-07  6.17E-13  0.00
   62 3.1000E+05    2   156     182   1.0  7.05E-08  2.96E-07  5.41E-13  0.00
   63 3.1500E+05    2   158     182   1.0  7.04E-08  2.96E-07  3.50E-13  0.00
   64 3.2000E+05    2   161     182   1.0  7.03E-08  2.96E-07  1.05E-13  0.00
   65 3.2500E+05    2   163     182   1.0  7.02E-08  2.95E-07  7.16E-13  0.00
   66 3.3000E+05    2   166     182   1.0  7.02E-08  2.95E-07  4.67E-13  0.00
   67 3.3500E+05    2   168     182   1.0  7.01E-08  2.95E-07  5.50E-13  0.00
   68 3.4000E+05    2   171     182   1.0  7.00E-08  2.94E-07  1.80E-13  0.00
   69 3.4500E+05    2   173     182   1.0  6.99E-08  2.94E-07  1.04E-12  0.00
   70 3.5000E+05    2   176     182   1.0  6.98E-08  2.93E-07  1.87E-13  0.00
   71 3.5500E+05    2   178     182   1.0  6.97E-08  2.93E-07  3.52E-13  0.00
   72 3.6000E+05    2   181     182   1.0  6.96E-08  2.93E-07  2.17E-13  0.00
   73 3.6500E+05    2   183     182   1.0  6.95E-08  2.92E-07  3.24E-13  0.00
   74 3.7000E+05    2   186     182   1.0  6.94E-08  2.92E-07  7.11E-12  0.00
   75 3.7500E+05    2   188     182   1.0  6.93E-08  2.91E-07  2.90E-12  0.00
   76 3.8000E+05    2   191     182   1.0  6.92E-08  2.91E-07  5.96E-13  0.00
   77 3.8500E+05    2   193     182   1.0  6.92E-08  2.91E-07  4.29E-14  0.00
   78 3.9000E+05    2   196     182   1.0  6.91E-08  2.90E-07  1.20E-12  0.00
   79 3.9500E+05    2   198     182   1.0  6.90E-08  2.90E-07  5.80E-13  0.00
   80 4.0000E+05    2   201     182   1.0  6.89E-08  2.90E-07  1.46E-12  0.00
   81 4.0500E+05    2   203     182   1.0  6.88E-08  2.89E-07  5.82E-13  0.00
   82 4.1000E+05    2   206     182   1.0  6.87E-08  2.89E-07  6.17E-13  0.00
   83 4.1500E+05    2   208     182   1.0  6.86E-08  2.88E-07  1.69E-13  0.00
   84 4.2000E+05    2   211     182   1.0  6.85E-08  2.88E-07  1.11E-13  0.00
   85 4.2500E+05    2   213     182   1.0  6.84E-08  2.88E-07  2.17E-12  0.00
   86 4.3000E+05    2   216     182   1.0  6.84E-08  2.87E-07  2.56E-12  0.00
   87 4.3500E+05    2   218     182   1.0  6.83E-08  2.87E-07  3.53E-12  0.00
   88 4.4000E+05    2   221     182   1.0  6.82E-08  2.87E-07  2.21E-12  0.00
   89 4.4500E+05    2   223     182   1.0  6.81E-08  2.86E-07  7.71E-13  0.00
   90 4.5000E+05    2   226     182   1.0  6.80E-08  2.86E-07  4.48E-12  0.00
   91 4.5500E+05    2   228     182   1.0  6.79E-08  2.85E-07  3.72E-13  0.00
   92 4.6000E+05    2   231     182   1.0  6.78E-08  2.85E-07  5.68E-14  0.00
   93 4.6500E+05    2   233     182   1.0  6.77E-08  2.85E-07  6.80E-13  0.00
   94 4.7000E+05    2   236     182   1.0  6.76E-08  2.84E-07  1.21E-11  0.00
   95 4.7500E+05    2   238     182   1.0  6.76E-08  2.84E-07  2.47E-12  0.00
   96 4.8000E+05    2   241     182   1.0  6.66E-08  2.81E-07  1.20E-13  0.00
   97 4.8500E+05    2   243     182   1.0  6.61E-08  2.80E-07  9.85E-13  0.00
   98 4.9000E+05    2   246     182   1.0  6.61E-08  2.79E-07  6.13E-13  0.00
   99 4.9500E+05    2   248     182   1.0  6.60E-08  2.79E-07  2.67E-13  0.00
  100 5.0000E+05    2   251     182   1.0  6.59E-08  2.79E-07  1.97E-13  0.00
  101 5.0500E+05    2   253     182   1.0  6.58E-08  2.78E-07  2.97E-14  0.00
  102 5.1000E+05    2   256     182   1.0  6.57E-08  2.78E-07  5.53E-12  0.00
  103 5.1500E+05    2   258     182   1.0  6.56E-08  2.78E-07  1.24E-12  0.00
  104 5.2000E+05    2   261     182   1.0  6.55E-08  2.77E-07  1.33E-12  0.00
  105 5.2500E+05    2   263     182   1.0  7.22E-08  2.80E-07  4.62E-13  0.00
  106 5.3000E+05    2   266     182   1.0  7.16E-08  2.82E-07  1.64E-12  0.00
  107 5.3500E+05    2   268     182   1.0  7.05E-08  2.83E-07  6.56E-13  0.00
  108 5.4000E+05    2   271     182   1.0  7.04E-08  2.82E-07  6.20E-13  0.00
  109 5.4500E+05    2   273     182   1.0  7.03E-08  2.82E-07  2.57E-13  0.00
  110 5.5000E+05    2   276     182   1.0  7.02E-08  2.81E-07  6.95E-14  0.00
  111 5.5500E+05    2   278     182   1.0  7.02E-08  2.81E-07  8.39E-13  0.00
  112 5.6000E+05    2   281     182   1.0  7.01E-08  2.81E-07  2.00E-13  0.00
  113 5.6500E+05    2   283     182   1.0  7.00E-08  2.80E-07  1.99E-12  0.00
  114 5.7000E+05    2   286     182   1.0  6.99E-08  2.80E-07  8.64E-14  0.00
  115 5.7500E+05    2   288     182   1.0  6.98E-08  2.80E-07  1.37E-13  0.00
  116 5.8000E+05    2   291     182   1.0  6.97E-08  2.79E-07  2.35E-13  0.00
  117 5.8500E+05    2   293     182   1.0  6.96E-08  2.79E-07  1.94E-12  0.00
  118 5.9000E+05    2   296     182   1.0  6.95E-08  2.79E-07  1.92E-13  0.00
  119 5.9500E+05    2   298     182   1.0  6.94E-08  2.78E-07  8.03E-14  0.00
  120 6.0000E+05    2   301     182   1.0  6.93E-08  2.78E-07  3.93E-13  0.00
  121 6.0500E+05    2   303     182   1.0  6.92E-08  2.77E-07  4.33E-12  0.00
  122 6.1000E+05    2   306     182   1.0  6.92E-08  2.77E-07  1.49E-12  0.00
  123 6.1500E+05    2   308     182   1.0  6.91E-08  2.77E-07  1.24E-13  0.00
  124 6.2000E+05    2   311     182   1.0  7.68E-08  3.12E-07  2.05E-12  0.00
  125 6.2500E+05    2   313     182   1.0  9.29E-08  3.90E-07  3.17E-13  0.00
  126 6.3000E+05    2   316     182   1.0  9.28E-08  3.90E-07  3.70E-12  0.00
  127 6.3500E+05    2   318     182   1.0  9.26E-08  3.89E-07  5.04E-13  0.00
  128 6.4000E+05    2   321     182   1.0  9.25E-08  3.89E-07  5.86E-13  0.00
  129 6.4500E+05    2   323     182   1.0  9.24E-08  3.88E-07  2.79E-13  0.00
  130 6.5000E+05    2   326     182   1.0  9.23E-08  3.88E-07  3.97E-12  0.00
  131 6.5500E+05    2   328     182   1.0  9.22E-08  3.87E-07  4.71E-13  0.00
  132 6.6000E+05    2   331     182   1.0  9.36E-08  4.08E-07  5.10E-13  0.00
  133 6.6500E+05    2   333     182   1.0  9.51E-08  4.46E-07  5.91E-12  0.00
  134 6.7000E+05    2   336     182   1.0  9.50E-08  4.46E-07  8.02E-14  0.00
  135 6.7500E+05    2   338     182   1.0  9.48E-08  4.45E-07  3.61E-13  0.00
  136 6.8000E+05    2   341     182   1.0  9.47E-08  4.45E-07  7.18E-12  0.00
  137 6.8500E+05    2   343     182   1.0  9.51E-08  4.43E-07  1.32E-12  0.00
  138 6.9000E+05    2   346     182   1.0  9.50E-08  4.31E-07  8.27E-15  0.00
  139 6.9500E+05    2   348     182   1.0  9.48E-08  4.31E-07  1.05E-12  0.00
  140 7.0000E+05    2   351     182   1.0  9.47E-08  4.30E-07  1.41E-12  0.00
  141 7.0500E+05    2   353     182   1.0  9.46E-08  4.30E-07  4.60E-12  0.00
  142 7.1000E+05    2   356     182   1.0  9.45E-08  4.29E-07  1.05E-13  0.00
  143 7.1500E+05    2   358     182   1.0  9.48E-08  4.29E-07  2.81E-12  0.00
  144 7.2000E+05    2   361     183   1.0  9.43E-08  4.29E-07  2.84E-13  0.00
  145 7.2500E+05    2   363     183   1.0  9.42E-08  4.28E-07  7.03E-13  0.00
  146 7.3000E+05    2   366     183   1.0  9.41E-08  4.28E-07  3.29E-13  0.00
  147 7.3500E+05    2   368     183   1.0  9.40E-08  4.27E-07  8.10E-14  0.00
  148 7.4000E+05    2   371     183   1.0  9.39E-08  4.27E-07  6.17E-13  0.00
  149 7.4500E+05    2   373     183   1.0  9.38E-08  4.26E-07  9.62E-13  0.00
  150 7.5000E+05    2   376     183   1.0  9.37E-08  4.26E-07  3.76E-13  0.00
  151 7.5500E+05    2   378     183   1.0  9.36E-08  4.25E-07  1.20E-13  0.00
  152 7.6000E+05    2   381     183   1.0  9.35E-08  4.25E-07  3.78E-13  0.00
  153 7.6500E+05    2   383     183   1.0  9.34E-08  4.24E-07  3.18E-12  0.00
  154 7.7000E+05    2   386     183   1.0  9.33E-08  4.24E-07  2.26E-13  0.00
  155 7.7500E+05    2   388     183   1.0  9.32E-08  4.23E-07  4.31E-13  0.00
  156 7.8000E+05    2   391     183   1.0  9.31E-08  4.23E-07  8.28E-13  0.00
  157 7.8500E+05    2   393     183   1.0  9.30E-08  4.22E-07  1.13E-11  0.00
  158 7.9000E+05    2   396     183   1.0  9.29E-08  4.22E-07  4.06E-13  0.00
  159 7.9500E+05    2   398     183   1.0  9.28E-08  4.21E-07  6.42E-13  0.00
  160 8.0000E+05    2   401     183   1.0  9.27E-08  4.21E-07  6.11E-12  0.00
  161 8.0500E+05    2   403     183   1.0  9.25E-08  4.20E-07  5.96E-13  0.00
  162 8.1000E+05    2   406     183   1.0  9.24E-08  4.20E-07  2.50E-12  0.00
  163 8.1500E+05    2   408     183   1.0  9.23E-08  4.19E-07  1.83E-11  0.00
  164 8.2000E+05    2   411     183   1.0  9.86E-08  4.72E-07  9.32E-13  0.00
  165 8.2500E+05    2   413     183   1.0  9.90E-08  4.77E-07  3.65E-14  0.00
  166 8.3000E+05    2   416     183   1.0  9.89E-08  4.76E-07  1.46E-13  0.00
  167 8.3500E+05    2   418     183   1.0  9.87E-08  4.76E-07  4.25E-12  0.00
  168 8.4000E+05    2   421     183   1.0  9.86E-08  4.75E-07  1.32E-11  0.00
  169 8.4500E+05    2   423     183   1.0  9.85E-08  4.75E-07  1.76E-12  0.00
  170 8.5000E+05    2   426     183   1.0  9.84E-08  4.74E-07  1.04E-13  0.00
  171 8.5500E+05    2   428     183   1.0  9.83E-08  4.74E-07  2.14E-12  0.00
  172 8.6000E+05    2   431     183   1.0  9.82E-08  4.72E-07  1.30E-13  0.00
  173 8.6500E+05    2   433     183   1.0  9.78E-08  4.67E-07  6.02E-13  0.00
  174 8.7000E+05    2   436     183   1.0  9.77E-08  4.67E-07  4.66E-13  0.00
  175 8.7500E+05    2   438     183   1.0  9.76E-08  4.66E-07  1.09E-13  0.00
  176 8.8000E+05    2   441     183   1.0  9.76E-08  4.66E-07  9.38E-13  0.00
  177 8.8500E+05    2   443     183   1.0  9.74E-08  4.65E-07  3.21E-13  0.00
  178 8.9000E+05    2   446     183   1.0  9.74E-08  4.65E-07  6.68E-13  0.00
  179 8.9500E+05    2   448     183   1.0  9.72E-08  4.64E-07  6.63E-14  0.00
  180 9.0000E+05    2   451     183   1.0  9.71E-08  4.64E-07  1.69E-11  0.00
  181 9.0500E+05    2   453     183   1.0  9.70E-08  4.63E-07  5.11E-13  0.00
  182 9.1000E+05    2   456     183   1.0  9.69E-08  4.63E-07  2.26E-12  0.00
  183 9.1500E+05    2   458     183   1.0  9.68E-08  4.62E-07  1.07E-12  0.00
  184 9.2000E+05    2   461     183   1.0  9.67E-08  4.62E-07  1.75E-14  0.00
  185 9.2500E+05    2   463     183   1.0  9.66E-08  4.61E-07  2.21E-12  0.00
  186 9.3000E+05    2   466     183   1.0  9.65E-08  4.61E-07  4.40E-11  0.00
  187 9.3500E+05    2   468     183   1.0  9.64E-08  4.60E-07  3.56E-12  0.00
  188 9.4000E+05    2   471     183   1.0  9.43E-08  4.56E-07  3.57E-13  0.00
  189 9.4500E+05    2   473     183   1.0  9.25E-08  4.52E-07  7.52E-13  0.00
  190 9.5000E+05    2   476     183   1.0  9.24E-08  4.51E-07  1.19E-12  0.00
  191 9.5500E+05    2   478     183   1.0  9.23E-08  4.51E-07  7.94E-15  0.00
  192 9.6000E+05    2   481     183   1.0  9.22E-08  4.50E-07  2.87E-13  0.00
  193 9.6500E+05    2   483     183   1.0  9.21E-08  4.50E-07  3.05E-12  0.00
  194 9.7000E+05    2   486     183   1.0  9.20E-08  4.49E-07  7.58E-12  0.00
  195 9.7500E+05    2   488     183   1.0  9.19E-08  4.49E-07  9.18E-14  0.00
  196 9.8000E+05    2   491     183   1.0  9.18E-08  4.48E-07  7.95E-13  0.00
  197 9.8500E+05    2   493     183   1.0  9.17E-08  4.48E-07  5.48E-13  0.00
  198 9.9000E+05    2   496     183   1.0  9.16E-08  4.47E-07  1.37E-12  0.00
  199 9.9500E+05    2   498     183   1.0  9.15E-08  4.47E-07  1.50E-12  0.00
  200 1.0000E+06    2   501     183   1.0  9.14E-08  4.46E-07  3.24E-13  0.00
  201 1.0050E+06    2   503     183   1.0  9.13E-08  4.46E-07  4.72E-13  0.00
  202 1.0100E+06    2   506     183   1.0  9.12E-08  4.45E-07  5.89E-13  0.00
  203 1.0150E+06    2   508     183   1.0  9.11E-08  4.45E-07  3.97E-13  0.00
  204 1.0200E+06    2   511     183   1.0  9.10E-08  4.44E-07  5.23E-13  0.00
  205 1.0250E+06    2   513     183   1.0  9.09E-08  4.44E-07  2.75E-12  0.00
  206 1.0300E+06    2   516     184   1.0  9.08E-08  4.43E-07  7.38E-13  0.00
  207 1.0350E+06    2   518     184   1.0  9.07E-08  4.43E-07  2.39E-13  0.00
  208 1.0400E+06    2   521     184   1.0  9.78E-08  4.63E-07  2.38E-13  0.00
  209 1.0450E+06    2   523     184   1.0  9.92E-08  4.65E-07  8.08E-13  0.00
  210 1.0500E+06    2   526     184   1.0  9.90E-08  4.65E-07  4.42E-13  0.00
  211 1.0550E+06    2   528     184   1.0  9.89E-08  4.64E-07  1.51E-13  0.00
  212 1.0600E+06    2   531     184   1.0  9.88E-08  4.64E-07  5.17E-12  0.00
  213 1.0650E+06    2   533     184   1.0  9.87E-08  4.63E-07  4.83E-14  0.00
  214 1.0700E+06    2   536     184   1.0  9.86E-08  4.63E-07  8.50E-13  0.00
  215 1.0750E+06    2   538     184   1.0  9.85E-08  4.62E-07  1.26E-10  0.00
  216 1.0800E+06    2   541     184   1.0  9.84E-08  4.62E-07  9.55E-14  0.00
  217 1.0850E+06    2   543     184   1.0  9.83E-08  4.61E-07  3.81E-13  0.00
  218 1.0900E+06    2   546     184   1.0  9.81E-08  4.62E-07  6.90E-11  0.00
  219 1.0950E+06    2   548     184   1.0  9.72E-08  4.69E-07  3.43E-13  0.00
  220 1.1000E+06    2   551     184   1.0  9.71E-08  4.68E-07  5.34E-13  0.00
  221 1.1050E+06    2   553     184   1.0  9.70E-08  4.68E-07  3.40E-13  0.00
  222 1.1100E+06    2   556     184   1.0  9.69E-08  4.67E-07  1.31E-12  0.00
  223 1.1150E+06    2   558     184   1.0  9.68E-08  4.67E-07  2.14E-12  0.00
  224 1.1200E+06    2   561     184   1.0  9.67E-08  4.66E-07  2.69E-14  0.00
  225 1.1250E+06    2   563     184   1.0  9.66E-08  4.66E-07  6.61E-12  0.00
  226 1.1300E+06    2   566     184   1.0  9.65E-08  4.65E-07  1.44E-12  0.00
  227 1.1350E+06    2   568     184   1.0  9.64E-08  4.65E-07  3.58E-13  0.00
  228 1.1400E+06    2   571     184   1.0  9.63E-08  4.64E-07  3.90E-13  0.00
  229 1.1450E+06    2   573     184   1.0  9.62E-08  4.64E-07  7.03E-12  0.00
  230 1.1500E+06    2   576     184   1.0  9.61E-08  4.63E-07  4.71E-13  0.00
  231 1.1550E+06    2   578     184   1.0  9.60E-08  4.63E-07  1.55E-14  0.00
  232 1.1600E+06    2   581     184   1.0  9.59E-08  4.62E-07  1.08E-13  0.00
  233 1.1650E+06    2   583     184   1.0  9.58E-08  4.62E-07  1.07E-12  0.00
  234 1.1700E+06    2   586     184   1.0  9.57E-08  4.61E-07  4.95E-11  0.00
  235 1.1750E+06    2   588     184   1.0  9.56E-08  4.61E-07  1.12E-12  0.00
  236 1.1800E+06    2   591     184   1.0  9.55E-08  4.60E-07  1.20E-12  0.00
  237 1.1850E+06    2   593     184   1.0  9.48E-08  4.56E-07  1.18E-12  0.00
  238 1.1900E+06    2   596     184   1.0  9.19E-08  4.45E-07  4.86E-13  0.00
  239 1.1950E+06    2   598     184   1.0  9.18E-08  4.44E-07  6.74E-13  0.00
  240 1.2000E+06    2   601     184   1.0  9.17E-08  4.44E-07  3.51E-12  0.00
  241 1.2050E+06    2   603     184   1.0  9.16E-08  4.43E-07  2.90E-13  0.00
  242 1.2100E+06    2   606     184   1.0  9.15E-08  4.43E-07  1.59E-12  0.00
  243 1.2150E+06    2   608     184   1.0  9.14E-08  4.43E-07  1.91E-13  0.00
  244 1.2200E+06    2   611     184   1.0  9.13E-08  4.42E-07  1.81E-14  0.00
  245 1.2250E+06    2   613     184   1.0  9.12E-08  4.42E-07  9.22E-15  0.00
  246 1.2300E+06    2   616     184   1.0  9.11E-08  4.41E-07  7.08E-14  0.00
  247 1.2350E+06    2   618     184   1.0  9.10E-08  4.41E-07  4.12E-13  0.00
  248 1.2400E+06    2   621     184   1.0  9.09E-08  4.40E-07  5.80E-13  0.00
  249 1.2450E+06    2   623     184   1.0  9.08E-08  4.40E-07  1.87E-13  0.00
  250 1.2500E+06    2   626     184   1.0  9.07E-08  4.39E-07  1.01E-13  0.00
  251 1.2550E+06    2   628     184   1.0  9.06E-08  4.39E-07  4.03E-13  0.00
  252 1.2600E+06    2   631     184   1.0  9.15E-08  4.39E-07  1.08E-11  0.00
  253 1.2650E+06    2   633     184   1.0  9.16E-08  4.38E-07  5.22E-13  0.00
  254 1.2700E+06    2   636     184   1.0  9.16E-08  4.37E-07  3.51E-13  0.00
  255 1.2750E+06    2   638     184   1.0  9.15E-08  4.37E-07  4.95E-13  0.00
  256 1.2800E+06    2   641     184   1.0  9.14E-08  4.37E-07  1.38E-12  0.00
  257 1.2850E+06    2   643     184   1.0  9.13E-08  4.36E-07  2.29E-12  0.00
  258 1.2900E+06    2   646     184   1.0  9.13E-08  4.36E-07  8.67E-13  0.00
  259 1.2950E+06    2   648     184   1.0  9.11E-08  4.35E-07  1.54E-12  0.00
  260 1.3000E+06    2   651     184   1.0  9.10E-08  4.35E-07  2.41E-12  0.00
  261 1.3050E+06    2   653     184   1.0  9.09E-08  4.34E-07  4.05E-13  0.00
  262 1.3100E+06    2   656     184   1.0  9.08E-08  4.34E-07  5.48E-13  0.00
  263 1.3150E+06    2   658     184   1.0  9.07E-08  4.33E-07  2.35E-13  0.00
  264 1.3200E+06    2   661     184   1.0  9.06E-08  4.33E-07  1.79E-12  0.00
  265 1.3250E+06    2   663     184   1.0  9.05E-08  4.32E-07  8.21E-13  0.00
  266 1.3300E+06    2   666     184   1.0  9.04E-08  4.32E-07  8.44E-12  0.00
  267 1.3350E+06    2   668     184   1.0  9.03E-08  4.32E-07  4.48E-14  0.00
  268 1.3400E+06    2   671     184   1.0  9.02E-08  4.31E-07  9.17E-13  0.00
  269 1.3450E+06    2   673     184   1.0  9.01E-08  4.31E-07  7.54E-13  0.00
  270 1.3500E+06    2   676     184   1.0  9.00E-08  4.30E-07  6.29E-13  0.00
  271 1.3550E+06    2   678     184   1.0  9.00E-08  4.30E-07  2.08E-13  0.00
  272 1.3600E+06    2   681     184   1.0  8.99E-08  4.29E-07  2.85E-12  0.00
  273 1.3650E+06    2   683     184   1.0  8.98E-08  4.29E-07  5.11E-13  0.00
  274 1.3700E+06    2   686     184   1.0  8.97E-08  4.28E-07  9.09E-13  0.00
  275 1.3750E+06    2   688     184   1.0  8.96E-08  4.28E-07  9.48E-13  0.00
  276 1.3800E+06    2   691     184   1.0  8.95E-08  4.28E-07  1.79E-12  0.00
  277 1.3850E+06    2   693     184   1.0  8.94E-08  4.27E-07  1.07E-13  0.00
  278 1.3900E+06    2   696     184   1.0  8.93E-08  4.27E-07  4.24E-13  0.00
  279 1.3950E+06    2   698     184   1.0  8.92E-08  4.26E-07  3.67E-13  0.00
  280 1.4000E+06    2   701     184   1.0  8.91E-08  4.26E-07  4.20E-14  0.00
  281 1.4050E+06    2   703     184   1.0  8.90E-08  4.25E-07  1.04E-13  0.00
  282 1.4100E+06    2   706     184   1.0  8.89E-08  4.25E-07  4.79E-13  0.00
  283 1.4150E+06    2   708     184   1.0  8.88E-08  4.24E-07  3.44E-13  0.00
  284 1.4200E+06    2   711     184   1.0  8.87E-08  4.24E-07  5.59E-13  0.00
  285 1.4250E+06    2   713     184   1.0  8.87E-08  4.24E-07  2.36E-12  0.00
  286 1.4300E+06    2   716     184   1.0  8.86E-08  4.23E-07  1.14E-12  0.00
  287 1.4350E+06    2   718     184   1.0  8.85E-08  4.23E-07  2.42E-13  0.00
  288 1.4400E+06    2   721     184   1.0  8.84E-08  4.22E-07  2.57E-13  0.00
  289 1.4450E+06    2   723     184   1.0  8.83E-08  4.22E-07  2.35E-13  0.00
  290 1.4500E+06    2   726     184   1.0  8.93E-08  4.16E-07  4.09E-13  0.00
  291 1.4550E+06    2   728     184   1.0  8.98E-08  4.11E-07  2.74E-15  0.00
  292 1.4600E+06    2   731     184   1.0  8.97E-08  4.11E-07  4.51E-13  0.00
  293 1.4650E+06    2   733     184   1.0  8.96E-08  4.11E-07  1.19E-12  0.00
  294 1.4700E+06    2   736     184   1.0  8.96E-08  4.10E-07  7.72E-10  0.00
  295 1.4750E+06    2   738     184   1.0  8.95E-08  4.10E-07  6.43E-14  0.00
  296 1.4800E+06    2   741     184   1.0  8.94E-08  4.09E-07  3.06E-12  0.00
  297 1.4850E+06    2   743     184   1.0  8.93E-08  4.09E-07  3.31E-12  0.00
  298 1.4900E+06    2   746     184   1.0  8.92E-08  4.08E-07  1.31E-13  0.00
  299 1.4950E+06    2   748     184   1.0  8.91E-08  4.08E-07  6.97E-13  0.00
  300 1.5000E+06    2   751     184   1.0  8.90E-08  4.08E-07  8.28E-10  0.00
  301 1.5050E+06    2   753     184   1.0  8.89E-08  4.07E-07  3.72E-13  0.00
  302 1.5100E+06    2   756     184   1.0  8.88E-08  4.07E-07  7.15E-13  0.00
  303 1.5150E+06    2   758     184   1.0  8.87E-08  4.06E-07  4.96E-11  0.00
  304 1.5200E+06    2   761     184   1.0  8.86E-08  4.06E-07  1.85E-12  0.00
  305 1.5250E+06    2   763     184   1.0  8.86E-08  4.06E-07  5.98E-13  0.00
  306 1.5300E+06    2   766     184   1.0  8.85E-08  4.05E-07  7.02E-12  0.00
  307 1.5350E+06    2   768     184   1.0  8.81E-08  4.03E-07  7.32E-14  0.00
  308 1.5400E+06    2   771     184   1.0  8.77E-08  4.01E-07  1.17E-10  0.00
  309 1.5450E+06    2   773     184   1.0  8.77E-08  4.00E-07  9.87E-13  0.00
  310 1.5500E+06    2   776     184   1.0  8.76E-08  4.00E-07  7.66E-13  0.00
  311 1.5550E+06    2   778     184   1.0  8.75E-08  3.99E-07  5.98E-13  0.00
  312 1.5600E+06    2   781     184   1.0  8.74E-08  3.99E-07  2.29E-11  0.00
  313 1.5650E+06    2   783     184   1.0  8.73E-08  3.99E-07  1.21E-12  0.00
  314 1.5700E+06    2   786     184   1.0  8.72E-08  3.98E-07  2.63E-13  0.00
  315 1.5750E+06    2   788     184   1.0  8.71E-08  3.98E-07  4.84E-12  0.00
  316 1.5800E+06    2   791     184   1.0  8.70E-08  3.97E-07  1.44E-13  0.00
  317 1.5850E+06    2   793     184   1.0  8.70E-08  3.97E-07  1.76E-13  0.00
  318 1.5900E+06    2   796     184   1.0  8.69E-08  3.97E-07  2.00E-12  0.00
  319 1.5950E+06    2   798     184   1.0  8.68E-08  3.96E-07  4.99E-13  0.00
  320 1.6000E+06    2   801     184   1.0  8.67E-08  3.96E-07  6.09E-11  0.00
  321 1.6050E+06    2   803     184   1.0  8.66E-08  3.95E-07  5.57E-12  0.00
  322 1.6100E+06    2   806     184   1.0  8.65E-08  3.95E-07  1.90E-13  0.00
  323 1.6150E+06    2   808     184   1.0  8.64E-08  3.95E-07  4.64E-12  0.00
  324 1.6200E+06    2   811     184   1.0  8.63E-08  3.94E-07  3.42E-13  0.00
  325 1.6250E+06    2   813     184   1.0  8.63E-08  3.94E-07  1.56E-13  0.00
  326 1.6300E+06    2   816     184   1.0  8.62E-08  3.93E-07  5.51E-14  0.00
  327 1.6350E+06    2   818     184   1.0  8.61E-08  3.93E-07  2.21E-12  0.00
  328 1.6400E+06    2   821     184   1.0  8.60E-08  3.93E-07  6.59E-12  0.00
  329 1.6450E+06    2   823     184   1.0  8.59E-08  3.92E-07  4.88E-13  0.00
  330 1.6500E+06    2   826     184   1.0  8.58E-08  3.92E-07  2.38E-14  0.00
  331 1.6550E+06    2   828     184   1.0  8.58E-08  3.91E-07  9.33E-13  0.00
  332 1.6600E+06    2   831     184   1.0  8.57E-08  3.91E-07  5.09E-11  0.00
  333 1.6650E+06    2   833     184   1.0  8.37E-08  3.62E-07  2.04E-12  0.00
  334 1.6700E+06    2   836     184   1.0  8.36E-08  3.61E-07  1.28E-12  0.00
  335 1.6750E+06    2   838     184   1.0  8.34E-08  3.61E-07  3.51E-12  0.00
  336 1.6800E+06    2   841     184   1.0  8.33E-08  3.60E-07  5.50E-13  0.00
  337 1.6850E+06    2   843     184   1.0  8.32E-08  3.60E-07  3.37E-14  0.00
  338 1.6900E+06    2   846     184   1.0  8.32E-08  3.60E-07  3.29E-13  0.00
  339 1.6950E+06    2   848     184   1.0  8.31E-08  3.59E-07  6.07E-13  0.00
  340 1.7000E+06    2   851     184   1.0  8.30E-08  3.59E-07  6.77E-14  0.00
  341 1.7050E+06    2   853     184   1.0  8.29E-08  3.59E-07  8.58E-13  0.00
  342 1.7100E+06    2   856     184   1.0  8.28E-08  3.58E-07  2.92E-13  0.00
  343 1.7150E+06    2   858     184   1.0  8.21E-08  3.80E-07  7.56E-13  0.00
  344 1.7200E+06    2   861     184   1.0  8.14E-08  3.79E-07  3.63E-13  0.00
  345 1.7250E+06    2   863     184   1.0  8.14E-08  3.79E-07  7.77E-13  0.00
  346 1.7300E+06    2   866     184   1.0  8.13E-08  3.78E-07  1.31E-12  0.00
  347 1.7350E+06    2   868     184   1.0  8.12E-08  3.78E-07  5.32E-13  0.00
  348 1.7400E+06    2   871     184   1.0  8.11E-08  3.77E-07  2.98E-14  0.00
  349 1.7450E+06    2   873     184   1.0  8.10E-08  3.77E-07  7.51E-12  0.00
  350 1.7500E+06    2   876     184   1.0  8.10E-08  3.77E-07  1.34E-13  0.00
  351 1.7550E+06    2   878     184   1.0  8.09E-08  3.76E-07  1.51E-12  0.00
  352 1.7600E+06    2   881     184   1.0  8.08E-08  3.76E-07  1.91E-13  0.00
  353 1.7650E+06    2   883     184   1.0  8.07E-08  3.76E-07  7.81E-12  0.00
  354 1.7700E+06    2   886     184   1.0  8.06E-08  3.75E-07  1.98E-12  0.00
  355 1.7750E+06    2   888     184   1.0  8.06E-08  3.75E-07  6.76E-13  0.00
  356 1.7800E+06    2   891     184   1.0  8.05E-08  3.74E-07  1.51E-12  0.00
  357 1.7850E+06    2   893     184   1.0  8.04E-08  3.74E-07  4.60E-13  0.00
  358 1.7900E+06    2   896     184   1.0  8.03E-08  3.74E-07  8.16E-12  0.00
  359 1.7950E+06    2   898     184   1.0  8.02E-08  3.73E-07  8.67E-12  0.00
  360 1.8000E+06    2   901     184   1.0  8.02E-08  3.73E-07  3.26E-12  0.00
  361 1.8050E+06    2   903     184   1.0  8.18E-08  3.82E-07  2.55E-12  0.00
  362 1.8100E+06    2   906     184   1.0  8.22E-08  3.85E-07  3.44E-12  0.00
  363 1.8150E+06    2   908     184   1.0  8.21E-08  3.85E-07  7.43E-13  0.00
  364 1.8200E+06    2   911     184   1.0  8.21E-08  3.85E-07  2.11E-12  0.00
  365 1.8250E+06    2   913     184   1.0  8.20E-08  3.84E-07  3.58E-13  0.00
  366 1.8300E+06    2   916     184   1.0  8.19E-08  3.84E-07  1.52E-13  0.00
  367 1.8350E+06    2   918     184   1.0  8.18E-08  3.84E-07  4.79E-13  0.00
  368 1.8400E+06    2   921     184   1.0  8.18E-08  3.83E-07  1.66E-13  0.00
  369 1.8450E+06    2   923     184   1.0  8.17E-08  3.83E-07  5.78E-13  0.00
  370 1.8500E+06    2   926     184   1.0  8.16E-08  3.82E-07  2.64E-12  0.00
  371 1.8550E+06    2   928     184   1.0  8.35E-08  3.84E-07  2.03E-12  0.00
  372 1.8600E+06    2   931     184   1.0  8.32E-08  3.84E-07  3.95E-13  0.00
  373 1.8650E+06    2   933     184   1.0  8.31E-08  3.84E-07  4.74E-12  0.00
  374 1.8700E+06    2   936     184   1.0  8.30E-08  3.83E-07  5.52E-13  0.00
  375 1.8750E+06    2   938     184   1.0  8.29E-08  3.83E-07  6.56E-13  0.00
  376 1.8800E+06    2   941     184   1.0  8.29E-08  3.83E-07  1.90E-12  0.00
  377 1.8850E+06    2   943     184   1.0  8.28E-08  3.82E-07  2.88E-14  0.00
  378 1.8900E+06    2   946     184   1.0  8.28E-08  3.82E-07  1.83E-10  0.00
  379 1.8950E+06    2   948     184   1.0  8.46E-08  3.93E-07  2.78E-13  0.00
  380 1.9000E+06    2   951     184   1.0  8.44E-08  3.90E-07  4.63E-13  0.00
  381 1.9050E+06    2   953     184   1.0  8.43E-08  3.90E-07  2.74E-13  0.00
  382 1.9100E+06    2   956     184   1.0  8.42E-08  3.89E-07  3.07E-14  0.00
  383 1.9150E+06    2   958     184   1.0  8.41E-08  3.89E-07  1.92E-13  0.00
  384 1.9200E+06    2   961     184   1.0  8.40E-08  3.89E-07  1.20E-12  0.00
  385 1.9250E+06    2   963     184   1.0  8.40E-08  3.88E-07  9.68E-13  0.00
  386 1.9300E+06    2   966     184   1.0  8.39E-08  3.88E-07  1.78E-12  0.00
  387 1.9350E+06    2   968     184   1.0  8.38E-08  3.88E-07  1.05E-12  0.00
  388 1.9400E+06    2   971     184   1.0  8.37E-08  3.87E-07  4.52E-13  0.00
  389 1.9450E+06    2   973     184   1.0  8.45E-08  3.90E-07  1.02E-10  0.00
  390 1.9500E+06    2   976     184   1.0  8.82E-08  3.87E-07  1.53E-12  0.00
  391 1.9550E+06    2   978     184   1.0  8.81E-08  3.87E-07  3.11E-14  0.00
  392 1.9600E+06    2   981     184   1.0  8.80E-08  3.87E-07  2.43E-13  0.00
  393 1.9650E+06    2   983     184   1.0  8.80E-08  3.86E-07  1.83E-13  0.00
  394 1.9700E+06    2   986     184   1.0  8.79E-08  3.86E-07  3.93E-12  0.00
  395 1.9750E+06    2   988     184   1.0  8.78E-08  3.85E-07  9.30E-13  0.00
  396 1.9800E+06    2   991     184   1.0  8.77E-08  3.85E-07  5.43E-13  0.00
  397 1.9850E+06    2   993     184   1.0  8.76E-08  3.85E-07  3.11E-13  0.00
  398 1.9900E+06    2   996     184   1.0  8.76E-08  3.84E-07  3.91E-12  0.00
  399 1.9950E+06    2   998     184   1.0  8.75E-08  3.84E-07  1.60E-13  0.00
  400 2.0000E+06    2  1001     184   1.0  8.74E-08  3.84E-07  9.40E-12  0.00
  401 2.0050E+06    2  1003     184   1.0  8.73E-08  3.83E-07  3.00E-12  0.00
  402 2.0100E+06    2  1006     184   1.0  8.73E-08  3.83E-07  1.03E-12  0.00
  403 2.0150E+06    2  1008     184   1.0  8.72E-08  3.83E-07  4.15E-13  0.00
  404 2.0200E+06    2  1011     184   1.0  8.71E-08  3.82E-07  6.89E-13  0.00
  405 2.0250E+06    2  1013     184   1.0  8.70E-08  3.82E-07  1.82E-12  0.00
  406 2.0300E+06    2  1016     184   1.0  8.69E-08  3.82E-07  3.23E-12  0.00
  407 2.0350E+06    2  1018     184   1.0  8.69E-08  3.81E-07  2.43E-13  0.00
  408 2.0400E+06    2  1021     184   1.0  8.68E-08  3.81E-07  8.74E-13  0.00
  409 2.0450E+06    2  1023     184   1.0  8.67E-08  3.81E-07  4.65E-13  0.00
  410 2.0500E+06    2  1026     184   1.0  8.66E-08  3.80E-07  2.06E-14  0.00
  411 2.0550E+06    2  1028     184   1.0  8.66E-08  3.80E-07  6.79E-12  0.00
  412 2.0600E+06    2  1031     184   1.0  8.65E-08  3.80E-07  3.00E-13  0.00
  413 2.0650E+06    2  1033     184   1.0  8.64E-08  3.79E-07  3.26E-13  0.00
  414 2.0700E+06    2  1036     184   1.0  8.63E-08  3.79E-07  8.36E-13  0.00
  415 2.0750E+06    2  1038     184   1.0  8.63E-08  3.79E-07  8.64E-14  0.00
  416 2.0800E+06    2  1041     184   1.0  8.62E-08  3.78E-07  2.77E-13  0.00
  417 2.0850E+06    2  1043     184   1.0  8.83E-08  4.60E-07  1.08E-12  0.00
  418 2.0900E+06    2  1046     184   1.0  8.82E-08  4.66E-07  3.42E-12  0.00
  419 2.0950E+06    2  1048     184   1.0  8.82E-08  4.66E-07  8.76E-12  0.00
  420 2.1000E+06    2  1051     184   1.0  8.81E-08  4.65E-07  1.11E-11  0.00
  421 2.1050E+06    2  1053     184   1.0  8.80E-08  4.65E-07  8.94E-13  0.00
  422 2.1100E+06    2  1056     184   1.0  8.79E-08  4.65E-07  5.36E-12  0.00
  423 2.1150E+06    2  1058     184   1.0  8.79E-08  4.64E-07  4.45E-11  0.00
  424 2.1200E+06    2  1061     184   1.0  8.78E-08  4.64E-07  1.22E-12  0.00
  425 2.1250E+06    2  1063     184   1.0  8.77E-08  4.64E-07  7.59E-12  0.00
  426 2.1300E+06    2  1066     184   1.0  8.77E-08  4.63E-07  2.26E-12  0.00
  427 2.1350E+06    2  1068     184   1.0  8.76E-08  4.63E-07  4.97E-12  0.00
  428 2.1400E+06    2  1071     184   1.0  8.75E-08  4.62E-07  1.34E-12  0.00
  429 2.1450E+06    2  1073     184   1.0  8.74E-08  4.62E-07  9.46E-13  0.00
  430 2.1500E+06    2  1076     184   1.0  8.74E-08  4.62E-07  2.06E-13  0.00
  431 2.1550E+06    2  1078     184   1.0  8.73E-08  4.61E-07  2.94E-13  0.00
  432 2.1600E+06    2  1081     184   1.0  8.72E-08  4.61E-07  2.22E-12  0.00
  433 2.1650E+06    2  1083     184   1.0  8.72E-08  4.61E-07  1.41E-11  0.00
  434 2.1700E+06    2  1086     184   1.0  8.71E-08  4.60E-07  2.70E-13  0.00
  435 2.1750E+06    2  1088     184   1.0  8.70E-08  4.60E-07  8.20E-14  0.00
  436 2.1800E+06    2  1091     184   1.0  8.64E-08  4.56E-07  1.76E-12  0.00
  437 2.1850E+06    2  1093     184   1.0  8.46E-08  4.44E-07  9.06E-13  0.00
  438 2.1900E+06    2  1096     184   1.0  8.45E-08  4.43E-07  9.95E-13  0.00
  439 2.1950E+06    2  1098     184   1.0  8.45E-08  4.43E-07  9.80E-14  0.00
  440 2.2000E+06    2  1101     184   1.0  8.46E-08  4.43E-07  5.93E-13  0.00
  441 2.2050E+06    2  1103     184   1.0  8.43E-08  4.42E-07  1.09E-12  0.00
  442 2.2100E+06    2  1106     184   1.0  9.06E-08  4.59E-07  5.86E-13  0.00
  443 2.2150E+06    2  1108     184   1.0  1.10E-07  5.07E-07  1.02E-11  0.00
  444 2.2200E+06    2  1111     184   1.0  1.21E-07  5.77E-07  4.32E-11  0.00
  445 2.2250E+06    2  1113     184   1.0  1.20E-07  5.78E-07  3.25E-12  0.00
  446 2.2300E+06    2  1116     184   1.0  1.20E-07  5.77E-07  1.59E-12  0.00
  447 2.2350E+06    2  1118     184   1.0  1.19E-07  5.77E-07  1.91E-13  0.00
  448 2.2400E+06    2  1121     184   1.0  1.19E-07  5.77E-07  8.98E-13  0.00
  449 2.2450E+06    2  1123     184   1.0  1.19E-07  5.76E-07  5.52E-12  0.00
  450 2.2500E+06    2  1126     184   1.0  1.19E-07  5.76E-07  2.82E-13  0.00
  451 2.2550E+06    2  1128     184   1.0  1.19E-07  5.75E-07  1.76E-13  0.00
  452 2.2600E+06    2  1131     184   1.0  1.19E-07  5.73E-07  2.01E-13  0.00
  453 2.2650E+06    2  1133     184   1.0  1.18E-07  5.73E-07  8.98E-13  0.00
  454 2.2700E+06    2  1136     184   1.0  1.18E-07  5.72E-07  1.37E-13  0.00
  455 2.2750E+06    2  1138     184   1.0  1.18E-07  5.72E-07  1.26E-12  0.00
  456 2.2800E+06    2  1141     184   1.0  1.18E-07  5.72E-07  6.96E-13  0.00
  457 2.2850E+06    2  1143     184   1.0  1.18E-07  5.71E-07  3.84E-13  0.00
  458 2.2900E+06    2  1146     184   1.0  1.18E-07  5.71E-07  1.90E-12  0.00
  459 2.2950E+06    2  1148     184   1.0  1.18E-07  5.70E-07  1.71E-13  0.00
  460 2.3000E+06    2  1151     184   1.0  1.18E-07  5.70E-07  2.95E-12  0.00
  461 2.3050E+06    2  1153     184   1.0  1.18E-07  5.70E-07  4.40E-12  0.00
  462 2.3100E+06    2  1156     184   1.0  1.18E-07  5.69E-07  8.19E-14  0.00
  463 2.3150E+06    2  1158     184   1.0  1.18E-07  5.69E-07  1.15E-11  0.00
  464 2.3200E+06    2  1161     184   1.0  1.18E-07  5.68E-07  5.34E-13  0.00
  465 2.3250E+06    2  1163     184   1.0  1.17E-07  5.68E-07  4.53E-13  0.00
  466 2.3300E+06    2  1166     184   1.0  1.17E-07  5.67E-07  1.00E-12  0.00
  467 2.3350E+06    2  1168     184   1.0  1.17E-07  5.67E-07  1.46E-12  0.00
  468 2.3400E+06    2  1171     184   1.0  1.17E-07  5.67E-07  8.17E-14  0.00
  469 2.3450E+06    2  1173     184   1.0  1.17E-07  5.66E-07  6.84E-13  0.00
  470 2.3500E+06    2  1176     184   1.0  1.17E-07  5.66E-07  1.14E-12  0.00
  471 2.3550E+06    2  1178     184   1.0  1.17E-07  5.65E-07  3.21E-13  0.00
  472 2.3600E+06    2  1181     184   1.0  1.17E-07  5.65E-07  2.44E-12  0.00
  473 2.3650E+06    2  1183     184   1.0  1.17E-07  5.65E-07  2.23E-12  0.00
  474 2.3700E+06    2  1186     184   1.0  1.17E-07  5.64E-07  1.87E-11  0.00
  475 2.3750E+06    2  1188     184   1.0  1.17E-07  5.64E-07  3.19E-13  0.00
  476 2.3800E+06    2  1191     184   1.0  1.17E-07  5.63E-07  7.43E-12  0.00
  477 2.3850E+06    2  1193     184   1.0  1.16E-07  5.63E-07  1.02E-12  0.00
  478 2.3900E+06    2  1196     184   1.0  1.16E-07  5.63E-07  1.48E-13  0.00
  479 2.3950E+06    2  1198     184   1.0  1.16E-07  5.62E-07  1.64E-14  0.00
  480 2.4000E+06    2  1201     184   1.0  1.16E-07  5.62E-07  6.99E-15  0.00
  481 2.4050E+06    2  1203     184   1.0  1.16E-07  5.61E-07  7.14E-13  0.00
  482 2.4100E+06    2  1206     184   1.0  1.16E-07  5.61E-07  4.52E-12  0.00
  483 2.4150E+06    2  1208     184   1.0  1.16E-07  5.60E-07  7.55E-13  0.00
  484 2.4200E+06    2  1211     184   1.0  1.16E-07  5.60E-07  7.45E-12  0.00
  485 2.4250E+06    2  1213     184   1.0  1.16E-07  5.60E-07  4.72E-14  0.00
  486 2.4300E+06    2  1216     184   1.0  1.16E-07  5.59E-07  6.16E-13  0.00
  487 2.4350E+06    2  1218     184   1.0  1.16E-07  5.59E-07  1.24E-12  0.00
  488 2.4400E+06    2  1221     184   1.0  1.15E-07  5.58E-07  4.38E-11  0.00
  489 2.4450E+06    2  1223     184   1.0  1.16E-07  5.58E-07  2.11E-13  0.00
  490 2.4500E+06    2  1226     184   1.0  1.15E-07  5.58E-07  1.42E-11  0.00
  491 2.4550E+06    2  1228     184   1.0  1.15E-07  5.57E-07  9.73E-13  0.00
  492 2.4600E+06    2  1231     184   1.0  1.15E-07  5.57E-07  3.47E-13  0.00
  493 2.4650E+06    2  1233     184   1.0  1.15E-07  5.56E-07  5.07E-13  0.00
  494 2.4700E+06    2  1236     184   1.0  1.15E-07  5.56E-07  7.94E-13  0.00
  495 2.4750E+06    2  1238     184   1.0  1.15E-07  5.56E-07  1.52E-13  0.00
  496 2.4800E+06    2  1241     184   1.0  1.15E-07  5.55E-07  7.09E-13  0.00
  497 2.4850E+06    2  1243     184   1.0  1.15E-07  5.55E-07  3.22E-13  0.00
  498 2.4900E+06    2  1246     184   1.0  1.15E-07  5.54E-07  1.60E-12  0.00
  499 2.4950E+06    2  1248     184   1.0  1.15E-07  5.54E-07  6.29E-13  0.00
  500 2.5000E+06    2  1251     184   1.0  1.15E-07  5.54E-07  1.72E-11  0.00
  501 2.5050E+06    2  1253     184   1.0  1.14E-07  5.53E-07  1.76E-12  0.00
  502 2.5100E+06    2  1256     184   1.0  1.14E-07  5.53E-07  4.78E-15  0.00
  503 2.5150E+06    2  1258     184   1.0  1.14E-07  5.52E-07  1.76E-12  0.00
  504 2.5200E+06    2  1261     184   1.0  1.14E-07  5.52E-07  1.44E-13  0.00
  505 2.5250E+06    2  1263     184   1.0  1.14E-07  5.52E-07  6.09E-13  0.00
  506 2.5300E+06    2  1266     184   1.0  1.14E-07  5.51E-07  2.56E-12  0.00
  507 2.5350E+06    2  1268     184   1.0  1.14E-07  5.51E-07  5.09E-13  0.00
  508 2.5400E+06    2  1271     184   1.0  1.14E-07  5.50E-07  2.98E-12  0.00
  509 2.5450E+06    2  1273     184   1.0  1.14E-07  5.50E-07  2.82E-13  0.00
  510 2.5500E+06    2  1276     184   1.0  1.14E-07  5.50E-07  2.73E-13  0.00
  511 2.5550E+06    2  1278     184   1.0  1.14E-07  5.49E-07  4.49E-13  0.00
  512 2.5600E+06    2  1281     184   1.0  1.14E-07  5.49E-07  9.24E-13  0.00
  513 2.5650E+06    2  1283     184   1.0  1.13E-07  5.48E-07  1.04E-12  0.00
  514 2.5700E+06    2  1286     184   1.0  1.21E-07  5.59E-07  6.19E-13  0.00
  515 2.5750E+06    2  1288     184   1.0  1.35E-07  5.75E-07  9.93E-14  0.00
  516 2.5800E+06    2  1291     184   1.0  1.34E-07  5.75E-07  2.31E-12  0.00
  517 2.5850E+06    2  1293     184   1.0  1.34E-07  5.75E-07  4.69E-12  0.00
  518 2.5900E+06    2  1296     184   1.0  1.34E-07  5.74E-07  1.63E-13  0.00
  519 2.5950E+06    2  1298     184   1.0  1.34E-07  5.74E-07  4.65E-14  0.00
  520 2.6000E+06    2  1301     184   1.0  1.34E-07  5.73E-07  1.88E-13  0.00
  521 2.6050E+06    2  1303     184   1.0  1.34E-07  5.73E-07  2.34E-12  0.00
  522 2.6100E+06    2  1306     184   1.0  1.34E-07  5.73E-07  5.57E-12  0.00
  523 2.6150E+06    2  1308     184   1.0  1.34E-07  5.72E-07  3.06E-13  0.00
  524 2.6200E+06    2  1311     184   1.0  1.34E-07  5.72E-07  4.39E-12  0.00
  525 2.6250E+06    2  1313     184   1.0  1.34E-07  5.71E-07  5.97E-13  0.00
  526 2.6300E+06    2  1316     184   1.0  1.34E-07  5.71E-07  1.75E-12  0.00
  527 2.6350E+06    2  1318     184   1.0  1.33E-07  5.71E-07  9.19E-13  0.00
  528 2.6400E+06    2  1321     184   1.0  1.33E-07  5.70E-07  1.79E-12  0.00
  529 2.6450E+06    2  1323     184   1.0  1.33E-07  5.70E-07  9.25E-12  0.00
  530 2.6500E+06    2  1326     184   1.0  1.33E-07  5.70E-07  3.31E-13  0.00
  531 2.6550E+06    2  1328     184   1.0  1.33E-07  5.69E-07  7.29E-13  0.00
  532 2.6600E+06    2  1331     184   1.0  1.33E-07  5.69E-07  3.04E-12  0.00
  533 2.6650E+06    2  1333     184   1.0  1.27E-07  5.38E-07  8.24E-12  0.00
  534 2.6700E+06    2  1336     184   1.0  1.27E-07  5.34E-07  3.55E-12  0.00
  535 2.6750E+06    2  1338     184   1.0  1.26E-07  5.34E-07  1.51E-13  0.00
  536 2.6800E+06    2  1341     184   1.0  1.26E-07  5.33E-07  9.02E-13  0.00
  537 2.6850E+06    2  1343     184   1.0  1.26E-07  5.33E-07  2.02E-13  0.00
  538 2.6900E+06    2  1346     184   1.0  1.26E-07  5.33E-07  6.44E-13  0.00
  539 2.6950E+06    2  1348     184   1.0  1.26E-07  5.32E-07  2.31E-12  0.00
  540 2.7000E+06    2  1351     184   1.0  1.26E-07  5.32E-07  6.74E-12  0.00
  541 2.7050E+06    2  1353     184   1.0  1.26E-07  5.32E-07  4.88E-12  0.00
  542 2.7100E+06    2  1356     184   1.0  1.26E-07  5.31E-07  5.94E-14  0.00
  543 2.7150E+06    2  1358     184   1.0  1.26E-07  5.31E-07  5.22E-12  0.00
  544 2.7200E+06    2  1361     184   1.0  1.26E-07  5.30E-07  1.13E-13  0.00
  545 2.7250E+06    2  1363     184   1.0  1.26E-07  5.30E-07  7.70E-13  0.00
  546 2.7300E+06    2  1366     184   1.0  1.26E-07  5.30E-07  5.96E-13  0.00
  547 2.7350E+06    2  1368     184   1.0  1.25E-07  5.29E-07  2.85E-12  0.00
  548 2.7400E+06    2  1371     184   1.0  1.25E-07  5.29E-07  1.03E-12  0.00
  549 2.7450E+06    2  1373     184   1.0  1.25E-07  5.29E-07  1.34E-13  0.00
  550 2.7500E+06    2  1376     184   1.0  1.25E-07  5.28E-07  1.92E-12  0.00
  551 2.7550E+06    2  1378     184   1.0  1.25E-07  5.28E-07  4.53E-12  0.00
  552 2.7600E+06    2  1381     184   1.0  1.25E-07  5.28E-07  1.42E-12  0.00
  553 2.7650E+06    2  1383     184   1.0  1.25E-07  5.27E-07  1.70E-11  0.00
  554 2.7700E+06    2  1386     184   1.0  1.25E-07  5.27E-07  2.96E-12  0.00
  555 2.7750E+06    2  1388     184   1.0  1.25E-07  5.27E-07  3.74E-11  0.00
  556 2.7800E+06    2  1391     184   1.0  1.25E-07  5.26E-07  2.78E-13  0.00
  557 2.7850E+06    2  1393     184   1.0  1.25E-07  5.26E-07  1.36E-13  0.00
  558 2.7900E+06    2  1396     184   1.0  1.25E-07  5.26E-07  1.66E-12  0.00
  559 2.7950E+06    2  1398     184   1.0  1.24E-07  5.25E-07  4.26E-12  0.00
  560 2.8000E+06    2  1401     184   1.0  1.24E-07  5.25E-07  5.60E-12  0.00
  561 2.8050E+06    2  1403     184   1.0  1.24E-07  5.24E-07  2.27E-12  0.00
  562 2.8100E+06    2  1406     184   1.0  1.24E-07  5.24E-07  8.82E-13  0.00
  563 2.8150E+06    2  1408     184   1.0  1.24E-07  5.24E-07  1.05E-12  0.00
  564 2.8200E+06    2  1411     184   1.0  1.24E-07  5.23E-07  8.60E-13  0.00
  565 2.8250E+06    2  1413     184   1.0  1.24E-07  5.23E-07  1.94E-12  0.00
  566 2.8300E+06    2  1416     184   1.0  1.24E-07  5.23E-07  8.93E-13  0.00
  567 2.8350E+06    2  1418     184   1.0  1.24E-07  5.22E-07  1.22E-11  0.00
  568 2.8400E+06    2  1421     184   1.0  1.24E-07  5.23E-07  1.41E-12  0.00
  569 2.8450E+06    2  1423     184   1.0  1.27E-07  5.23E-07  3.48E-13  0.00
  570 2.8500E+06    2  1426     184   1.0  1.26E-07  5.23E-07  2.95E-13  0.00
  571 2.8550E+06    2  1428     184   1.0  1.26E-07  5.22E-07  9.59E-12  0.00
  572 2.8600E+06    2  1431     184   1.0  1.26E-07  5.22E-07  2.34E-11  0.00
  573 2.8650E+06    2  1433     184   1.0  1.26E-07  5.22E-07  2.18E-11  0.00
  574 2.8700E+06    2  1436     184   1.0  1.26E-07  5.21E-07  5.35E-13  0.00
  575 2.8750E+06    2  1438     184   1.0  1.26E-07  5.21E-07  5.15E-13  0.00
  576 2.8800E+06    2  1441     184   1.0  1.26E-07  5.21E-07  5.20E-13  0.00
  577 2.8850E+06    2  1443     184   1.0  1.26E-07  5.20E-07  2.59E-12  0.00
  578 2.8900E+06    2  1446     184   1.0  1.26E-07  5.20E-07  5.88E-12  0.00
  579 2.8950E+06    2  1448     184   1.0  1.26E-07  5.20E-07  7.69E-13  0.00
  580 2.9000E+06    2  1451     184   1.0  1.26E-07  5.19E-07  6.98E-13  0.00
  581 2.9050E+06    2  1453     184   1.0  1.26E-07  5.19E-07  2.65E-13  0.00
  582 2.9100E+06    2  1456     184   1.0  1.25E-07  5.19E-07  1.02E-13  0.00
  583 2.9150E+06    2  1458     184   1.0  1.25E-07  5.18E-07  1.03E-12  0.00
  584 2.9200E+06    2  1461     184   1.0  1.25E-07  5.18E-07  4.67E-14  0.00
  585 2.9250E+06    2  1463     184   1.0  1.25E-07  5.18E-07  2.43E-15  0.00
  586 2.9300E+06    2  1466     184   1.0  1.25E-07  5.17E-07  1.33E-13  0.00
  587 2.9350E+06    2  1468     184   1.0  1.25E-07  5.17E-07  1.57E-12  0.00
  588 2.9400E+06    2  1471     184   1.0  1.25E-07  5.17E-07  2.09E-14  0.00
  589 2.9450E+06    2  1473     184   1.0  1.25E-07  5.16E-07  5.51E-12  0.00
  590 2.9500E+06    2  1476     184   1.0  1.25E-07  5.16E-07  1.72E-11  0.00
  591 2.9550E+06    2  1478     184   1.0  1.25E-07  5.16E-07  2.09E-13  0.00
  592 2.9600E+06    2  1481     184   1.0  1.25E-07  5.15E-07  2.72E-12  0.00
  593 2.9650E+06    2  1483     184   1.0  1.25E-07  5.15E-07  5.77E-13  0.00
  594 2.9700E+06    2  1486     184   1.0  1.24E-07  5.15E-07  4.32E-12  0.00
  595 2.9750E+06    2  1488     184   1.0  1.24E-07  5.14E-07  7.42E-13  0.00
  596 2.9800E+06    2  1491     184   1.0  1.24E-07  5.14E-07  2.39E-12  0.00
  597 2.9850E+06    2  1493     184   1.0  1.24E-07  5.14E-07  2.78E-13  0.00
  598 2.9900E+06    2  1496     184   1.0  1.24E-07  5.13E-07  1.22E-12  0.00
  599 2.9950E+06    2  1498     184   1.0  1.24E-07  5.13E-07  8.30E-13  0.00
  600 3.0000E+06    2  1501     184   1.0  1.24E-07  5.12E-07  1.82E-13  0.00
  601 3.0050E+06    2  1503     184   1.0  1.24E-07  5.12E-07  1.89E-13  0.00
  602 3.0100E+06    2  1506     184   1.0  1.26E-07  6.00E-07  6.88E-13  0.00
  603 3.0150E+06    2  1508     184   1.0  1.27E-07  6.44E-07  3.49E-12  0.00
  604 3.0200E+06    2  1511     184   1.0  1.27E-07  6.44E-07  7.26E-13  0.00
  605 3.0250E+06    2  1513     184   1.0  1.27E-07  6.44E-07  3.80E-13  0.00
  606 3.0300E+06    2  1516     184   1.0  1.27E-07  6.43E-07  2.86E-13  0.00
  607 3.0350E+06    2  1518     184   1.0  1.26E-07  6.43E-07  1.99E-12  0.00
  608 3.0400E+06    2  1521     184   1.0  1.26E-07  6.43E-07  4.73E-13  0.00
  609 3.0450E+06    2  1523     184   1.0  1.26E-07  6.42E-07  1.13E-12  0.00
  610 3.0500E+06    2  1526     184   1.0  1.26E-07  6.42E-07  6.41E-13  0.00
  611 3.0550E+06    2  1528     184   1.0  1.26E-07  6.41E-07  1.31E-12  0.00
  612 3.0600E+06    2  1531     184   1.0  1.34E-07  7.93E-07  3.06E-13  0.00
  613 3.0650E+06    2  1533     184   1.0  1.48E-07  1.08E-06  2.51E-13  0.00
  614 3.0700E+06    2  1536     184   1.0  1.48E-07  1.08E-06  5.35E-14  0.00
  615 3.0750E+06    2  1538     184   1.0  1.48E-07  1.08E-06  2.19E-12  0.00
  616 3.0800E+06    2  1541     184   1.0  5.96E-07  3.90E-06  6.22E-13  0.00
  617 3.0850E+06    2  1543     184   1.0  7.85E-07  5.10E-06  1.65E-11  0.00
  618 3.0900E+06    2  1546     184   1.0  9.53E-07  5.47E-06  2.95E-13  0.00
  619 3.0950E+06    2  1548     184   1.0  1.11E-06  7.15E-06  5.26E-13  0.00
  620 3.1000E+06    2  1551     184   1.0  1.13E-06  7.54E-06  1.39E-11  0.00
  621 3.1050E+06    2  1553     184   1.0  1.13E-06  7.54E-06  1.28E-10  0.00
  622 3.1100E+06    2  1556     184   1.0  6.35E-07  4.12E-06  2.00E-12  0.00
  623 3.1150E+06    2  1558     184   1.0  2.51E-07  1.48E-06  5.44E-12  0.00
  624 3.1200E+06    2  1561     184   1.0  2.52E-07  1.48E-06  1.75E-12  0.00
  625 3.1250E+06    2  1563     184   1.0  2.53E-07  1.49E-06  2.74E-12  0.00
  626 3.1300E+06    2  1566     184   1.0  2.53E-07  1.49E-06  1.86E-12  0.00
  627 3.1350E+06    2  1568     184   1.0  2.53E-07  1.49E-06  1.87E-13  0.00
  628 3.1400E+06    2  1571     184   1.0  2.53E-07  1.49E-06  7.37E-12  0.00
  629 3.1450E+06    2  1573     184   1.0  2.53E-07  1.49E-06  2.79E-12  0.00
  630 3.1500E+06    2  1576     184   1.0  2.53E-07  1.49E-06  5.29E-14  0.00
  631 3.1550E+06    2  1578     184   1.0  2.51E-07  1.46E-06  5.76E-14  0.00
  632 3.1600E+06    2  1581     184   1.0  2.49E-07  1.44E-06  1.76E-12  0.00
  633 3.1650E+06    2  1583     184   1.0  2.49E-07  1.44E-06  2.56E-13  0.00
  634 3.1700E+06    2  1586     184   1.0  2.49E-07  1.44E-06  1.39E-12  0.00
  635 3.1750E+06    2  1588     184   1.0  2.49E-07  1.44E-06  3.82E-13  0.00
  636 3.1800E+06    2  1591     184   1.0  2.49E-07  1.44E-06  2.26E-11  0.00
  637 3.1850E+06    2  1593     184   1.0  2.48E-07  1.44E-06  3.55E-12  0.00
  638 3.1900E+06    2  1596     184   1.0  2.48E-07  1.44E-06  3.84E-13  0.00
  639 3.1950E+06    2  1598     184   1.0  2.48E-07  1.44E-06  7.43E-13  0.00
  640 3.2000E+06    2  1601     184   1.0  2.48E-07  1.44E-06  1.76E-13  0.00
  641 3.2050E+06    2  1603     184   1.0  2.48E-07  1.44E-06  9.35E-13  0.00
  642 3.2100E+06    2  1606     184   1.0  2.48E-07  1.44E-06  1.51E-12  0.00
  643 3.2150E+06    2  1608     184   1.0  2.48E-07  1.44E-06  4.01E-13  0.00
  644 3.2200E+06    2  1611     184   1.0  2.48E-07  1.44E-06  1.07E-12  0.00
  645 3.2250E+06    2  1613     184   1.0  2.48E-07  1.44E-06  5.62E-13  0.00
  646 3.2300E+06    2  1616     184   1.0  2.48E-07  1.43E-06  4.59E-13  0.00
  647 3.2350E+06    2  1618     184   1.0  2.47E-07  1.43E-06  2.19E-12  0.00
  648 3.2400E+06    2  1621     184   1.0  2.47E-07  1.43E-06  1.06E-11  0.00
  649 3.2450E+06    2  1623     184   1.0  2.47E-07  1.43E-06  9.82E-13  0.00
  650 3.2500E+06    2  1626     184   1.0  2.47E-07  1.43E-06  1.43E-11  0.00
  651 3.2550E+06    2  1628     184   1.0  2.47E-07  1.43E-06  8.34E-13  0.00
  652 3.2600E+06    2  1631     184   1.0  2.47E-07  1.43E-06  1.74E-12  0.00
  653 3.2650E+06    2  1633     184   1.0  2.47E-07  1.43E-06  7.98E-13  0.00
  654 3.2700E+06    2  1636     184   1.0  2.47E-07  1.43E-06  2.71E-12  0.00
  655 3.2750E+06    2  1638     184   1.0  2.47E-07  1.43E-06  4.30E-13  0.00
  656 3.2800E+06    2  1641     184   1.0  2.47E-07  1.43E-06  1.27E-11  0.00
  657 3.2850E+06    2  1643     184   1.0  2.46E-07  1.43E-06  8.08E-12  0.00
  658 3.2900E+06    2  1646     184   1.0  2.46E-07  1.43E-06  9.32E-13  0.00
  659 3.2950E+06    2  1648     184   1.0  2.46E-07  1.43E-06  3.40E-14  0.00
  660 3.3000E+06    2  1651     184   1.0  2.46E-07  1.43E-06  8.75E-12  0.00
  661 3.3050E+06    2  1653     184   1.0  2.46E-07  1.43E-06  5.12E-14  0.00
  662 3.3100E+06    2  1656     184   1.0  2.43E-07  1.39E-06  3.82E-14  0.00
  663 3.3150E+06    2  1658     184   1.0  2.42E-07  1.38E-06  5.34E-13  0.00
  664 3.3200E+06    2  1661     184   1.0  2.42E-07  1.38E-06  5.99E-13  0.00
  665 3.3250E+06    2  1663     184   1.0  2.42E-07  1.38E-06  3.02E-12  0.00
  666 3.3300E+06    2  1666     184   1.0  2.41E-07  1.38E-06  9.25E-13  0.00
  667 3.3350E+06    2  1668     184   1.0  2.41E-07  1.38E-06  1.32E-13  0.00
  668 3.3400E+06    2  1671     184   1.0  2.41E-07  1.38E-06  3.12E-13  0.00
  669 3.3450E+06    2  1673     184   1.0  2.59E-07  1.39E-06  2.66E-12  0.00
  670 3.3500E+06    2  1676     184   1.0  2.54E-07  1.39E-06  1.90E-13  0.00
  671 3.3550E+06    2  1678     184   1.0  2.54E-07  1.39E-06  4.47E-13  0.00
  672 3.3600E+06    2  1681     184   1.0  2.54E-07  1.39E-06  1.96E-13  0.00
  673 3.3650E+06    2  1683     184   1.0  2.54E-07  1.38E-06  2.92E-13  0.00
  674 3.3700E+06    2  1686     184   1.0  2.54E-07  1.38E-06  8.80E-13  0.00
  675 3.3750E+06    2  1688     184   1.0  2.54E-07  1.38E-06  7.95E-13  0.00
  676 3.3800E+06    2  1691     184   1.0  2.54E-07  1.38E-06  7.55E-12  0.00
  677 3.3850E+06    2  1693     184   1.0  2.53E-07  1.38E-06  1.07E-13  0.00
  678 3.3900E+06    2  1696     184   1.0  1.99E-07  1.05E-06  2.04E-12  0.00
  679 3.3950E+06    2  1698     184   1.0  1.89E-07  1.00E-06  1.10E-11  0.00
  680 3.4000E+06    2  1701     184   1.0  1.89E-07  1.00E-06  7.32E-13  0.00
  681 3.4050E+06    2  1703     184   1.0  1.89E-07  9.99E-07  5.31E-12  0.00
  682 3.4100E+06    2  1706     184   1.0  1.89E-07  9.99E-07  1.16E-12  0.00
  683 3.4150E+06    2  1708     184   1.0  1.89E-07  9.98E-07  6.00E-12  0.00
  684 3.4200E+06    2  1711     184   1.0  1.89E-07  9.98E-07  1.75E-12  0.00
  685 3.4250E+06    2  1713     184   1.0  1.89E-07  9.97E-07  1.02E-11  0.00
  686 3.4300E+06    2  1716     184   1.0  1.89E-07  9.97E-07  1.11E-12  0.00
  687 3.4350E+06    2  1718     184   1.0  1.89E-07  9.96E-07  4.62E-13  0.00
  688 3.4400E+06    2  1721     184   1.0  1.89E-07  9.96E-07  1.35E-12  0.00
  689 3.4450E+06    2  1723     184   1.0  1.87E-07  9.84E-07  2.38E-12  0.00
  690 3.4500E+06    2  1726     184   1.0  1.86E-07  9.70E-07  1.26E-12  0.00
  691 3.4550E+06    2  1728     184   1.0  1.86E-07  9.69E-07  2.66E-13  0.00
  692 3.4600E+06    2  1731     184   1.0  1.86E-07  9.69E-07  3.65E-13  0.00
  693 3.4650E+06    2  1733     184   1.0  1.86E-07  9.69E-07  2.12E-12  0.00
  694 3.4700E+06    2  1736     184   1.0  1.85E-07  9.68E-07  2.42E-13  0.00
  695 3.4750E+06    2  1738     184   1.0  1.85E-07  9.68E-07  6.88E-12  0.00
  696 3.4800E+06    2  1741     184   1.0  1.85E-07  9.67E-07  1.79E-12  0.00
  697 3.4850E+06    2  1743     184   1.0  1.85E-07  9.67E-07  9.38E-13  0.00
  698 3.4900E+06    2  1746     184   1.0  1.85E-07  9.66E-07  2.55E-12  0.00
  699 3.4950E+06    2  1748     184   1.0  1.85E-07  9.68E-07  9.04E-10  0.00
  700 3.5000E+06    2  1751     184   1.0  2.11E-07  1.08E-06  1.76E-12  0.00
  701 3.5050E+06    2  1753     184   1.0  2.11E-07  1.08E-06  8.68E-13  0.00
  702 3.5100E+06    2  1756     184   1.0  2.11E-07  1.08E-06  2.16E-12  0.00
  703 3.5150E+06    2  1758     184   1.0  2.11E-07  1.08E-06  5.61E-14  0.00
  704 3.5200E+06    2  1761     184   1.0  2.11E-07  1.08E-06  7.43E-13  0.00
  705 3.5250E+06    2  1763     184   1.0  2.11E-07  1.08E-06  2.96E-13  0.00
  706 3.5300E+06    2  1766     184   1.0  2.11E-07  1.08E-06  6.27E-11  0.00
  707 3.5350E+06    2  1768     184   1.0  2.11E-07  1.08E-06  6.55E-15  0.00
  708 3.5400E+06    2  1771     184   1.0  2.11E-07  1.08E-06  1.39E-11  0.00
  709 3.5450E+06    2  1773     184   1.0  2.10E-07  1.08E-06  3.35E-12  0.00
  710 3.5500E+06    2  1776     184   1.0  2.10E-07  1.08E-06  7.94E-12  0.00
  711 3.5550E+06    2  1778     184   1.0  2.10E-07  1.08E-06  6.85E-13  0.00
  712 3.5600E+06    2  1781     184   1.0  2.10E-07  1.08E-06  1.50E-12  0.00
  713 3.5650E+06    2  1783     184   1.0  2.10E-07  1.07E-06  2.03E-12  0.00
  714 3.5700E+06    2  1786     184   1.0  2.10E-07  1.07E-06  2.81E-12  0.00
  715 3.5750E+06    2  1788     184   1.0  2.10E-07  1.07E-06  1.54E-14  0.00
  716 3.5800E+06    2  1791     184   1.0  2.10E-07  1.07E-06  2.12E-13  0.00
  717 3.5850E+06    2  1793     184   1.0  2.10E-07  1.07E-06  2.20E-13  0.00
  718 3.5900E+06    2  1796     184   1.0  2.10E-07  1.07E-06  8.38E-12  0.00
  719 3.5950E+06    2  1798     184   1.0  2.10E-07  1.07E-06  6.71E-13  0.00
  720 3.6000E+06    2  1801     184   1.0  2.10E-07  1.07E-06  9.81E-12  0.00
  721 3.6050E+06    2  1803     184   1.0  2.09E-07  1.07E-06  9.34E-13  0.00
  722 3.6100E+06    2  1806     184   1.0  2.09E-07  1.07E-06  9.31E-13  0.00
  723 3.6150E+06    2  1808     184   1.0  2.09E-07  1.07E-06  5.04E-13  0.00
  724 3.6200E+06    2  1811     184   1.0  2.09E-07  1.07E-06  7.06E-13  0.00
  725 3.6250E+06    2  1813     184   1.0  2.09E-07  1.07E-06  6.23E-13  0.00
  726 3.6300E+06    2  1816     184   1.0  2.09E-07  1.07E-06  9.16E-13  0.00
  727 3.6350E+06    2  1818     184   1.0  2.09E-07  1.07E-06  2.63E-12  0.00
  728 3.6400E+06    2  1821     184   1.0  2.09E-07  1.07E-06  4.78E-16  0.00
  729 3.6450E+06    2  1823     184   1.0  2.09E-07  1.07E-06  6.47E-13  0.00
  730 3.6500E+06    2  1826     184   1.0  2.09E-07  1.07E-06  8.65E-14  0.00
  731 3.6550E+06    2  1828     184   1.0  2.09E-07  1.07E-06  2.05E-12  0.00
  732 3.6600E+06    2  1831     184   1.0  2.09E-07  1.07E-06  3.45E-12  0.00
  733 3.6650E+06    2  1833     184   1.0  2.08E-07  1.07E-06  2.51E-13  0.00
  734 3.6700E+06    2  1836     184   1.0  2.08E-07  1.07E-06  9.12E-13  0.00
  735 3.6750E+06    2  1838     184   1.0  2.08E-07  1.07E-06  5.27E-13  0.00
  736 3.6800E+06    2  1841     184   1.0  2.08E-07  1.06E-06  1.95E-12  0.00
  737 3.6850E+06    2  1843     184   1.0  2.08E-07  1.07E-06  2.50E-13  0.00
  738 3.6900E+06    2  1846     184   1.0  2.08E-07  1.07E-06  1.12E-12  0.00
  739 3.6950E+06    2  1848     184   1.0  2.08E-07  1.07E-06  6.89E-13  0.00
  740 3.7000E+06    2  1851     184   1.0  2.08E-07  1.07E-06  5.25E-12  0.00
  741 3.7050E+06    2  1853     184   1.0  2.08E-07  1.07E-06  8.17E-11  0.00
  742 3.7100E+06    2  1856     184   1.0  2.07E-07  1.07E-06  4.28E-12  0.00
  743 3.7150E+06    2  1858     184   1.0  2.07E-07  1.07E-06  3.49E-12  0.00
  744 3.7200E+06    2  1861     184   1.0  2.07E-07  1.07E-06  2.57E-12  0.00
  745 3.7250E+06    2  1863     184   1.0  2.07E-07  1.06E-06  1.00E-12  0.00
  746 3.7300E+06    2  1866     184   1.0  2.07E-07  1.06E-06  2.04E-12  0.00
  747 3.7350E+06    2  1868     184   1.0  2.07E-07  1.06E-06  4.41E-13  0.00
  748 3.7400E+06    2  1871     184   1.0  2.07E-07  1.06E-06  2.68E-13  0.00
  749 3.7450E+06    2  1873     184   1.0  2.07E-07  1.06E-06  2.63E-13  0.00
  750 3.7500E+06    2  1876     184   1.0  2.07E-07  1.06E-06  1.40E-13  0.00
  751 3.7550E+06    2  1878     184   1.0  2.07E-07  1.06E-06  2.44E-12  0.00
  752 3.7600E+06    2  1881     184   1.0  2.07E-07  1.06E-06  6.01E-13  0.00
  753 3.7650E+06    2  1883     184   1.0  2.06E-07  1.06E-06  1.19E-12  0.00
  754 3.7700E+06    2  1886     184   1.0  2.06E-07  1.06E-06  1.43E-12  0.00
  755 3.7750E+06    2  1888     184   1.0  2.06E-07  1.06E-06  2.90E-11  0.00
  756 3.7800E+06    2  1891     184   1.0  2.06E-07  1.06E-06  2.55E-13  0.00
  757 3.7850E+06    2  1893     184   1.0  2.06E-07  1.06E-06  8.90E-15  0.00
  758 3.7900E+06    2  1896     184   1.0  2.06E-07  1.06E-06  9.14E-13  0.00
  759 3.7950E+06    2  1898     184   1.0  2.06E-07  1.06E-06  2.27E-13  0.00
  760 3.8000E+06    2  1901     184   1.0  2.06E-07  1.06E-06  2.91E-13  0.00
  761 3.8050E+06    2  1903     184   1.0  2.06E-07  1.06E-06  1.31E-13  0.00
  762 3.8100E+06    2  1906     184   1.0  2.06E-07  1.06E-06  9.48E-13  0.00
  763 3.8150E+06    2  1908     184   1.0  2.06E-07  1.06E-06  1.23E-12  0.00
  764 3.8200E+06    2  1911     184   1.0  2.06E-07  1.06E-06  3.33E-13  0.00
  765 3.8250E+06    2  1913     184   1.0  2.05E-07  1.06E-06  5.64E-14  0.00
  766 3.8300E+06    2  1916     184   1.0  2.05E-07  1.06E-06  2.95E-13  0.00
  767 3.8350E+06    2  1918     184   1.0  2.05E-07  1.06E-06  1.11E-12  0.00
  768 3.8400E+06    2  1921     184   1.0  2.05E-07  1.05E-06  5.04E-12  0.00
  769 3.8450E+06    2  1923     184   1.0  2.05E-07  1.05E-06  4.65E-14  0.00
  770 3.8500E+06    2  1926     184   1.0  2.05E-07  1.05E-06  1.26E-14  0.00
  771 3.8550E+06    2  1928     184   1.0  2.05E-07  1.05E-06  7.54E-13  0.00
  772 3.8600E+06    2  1931     184   1.0  2.05E-07  1.05E-06  5.05E-13  0.00
  773 3.8650E+06    2  1933     184   1.0  2.05E-07  1.05E-06  1.08E-12  0.00
  774 3.8700E+06    2  1936     184   1.0  2.05E-07  1.05E-06  2.20E-13  0.00
  775 3.8750E+06    2  1938     184   1.0  2.05E-07  1.05E-06  3.37E-11  0.00
  776 3.8800E+06    2  1941     184   1.0  2.05E-07  1.05E-06  1.59E-12  0.00
  777 3.8850E+06    2  1943     184   1.0  2.04E-07  1.05E-06  5.97E-13  0.00
  778 3.8900E+06    2  1946     184   1.0  2.04E-07  1.05E-06  1.98E-12  0.00
  779 3.8950E+06    2  1948     184   1.0  2.11E-07  1.05E-06  1.83E-12  0.00
  780 3.9000E+06    2  1951     184   1.0  2.11E-07  1.05E-06  5.81E-12  0.00
  781 3.9050E+06    2  1953     184   1.0  2.11E-07  1.05E-06  1.22E-12  0.00
  782 3.9100E+06    2  1956     184   1.0  2.11E-07  1.05E-06  1.15E-12  0.00
  783 3.9150E+06    2  1958     184   1.0  2.11E-07  1.05E-06  3.24E-13  0.00
  784 3.9200E+06    2  1961     184   1.0  2.11E-07  1.05E-06  1.43E-12  0.00
  785 3.9250E+06    2  1963     184   1.0  2.11E-07  1.05E-06  7.49E-13  0.00
  786 3.9300E+06    2  1966     184   1.0  2.10E-07  1.05E-06  6.19E-12  0.00
  787 3.9350E+06    2  1968     184   1.0  2.07E-07  1.06E-06  5.79E-12  0.00
  788 3.9400E+06    2  1971     184   1.0  2.05E-07  1.07E-06  1.71E-11  0.00
  789 3.9450E+06    2  1973     184   1.0  2.03E-07  1.06E-06  3.65E-12  0.00
  790 3.9500E+06    2  1976     184   1.0  2.02E-07  1.06E-06  1.12E-12  0.00
  791 3.9550E+06    2  1978     184   1.0  2.02E-07  1.05E-06  3.18E-13  0.00
  792 3.9600E+06    2  1981     184   1.0  2.02E-07  1.05E-06  7.34E-13  0.00
  793 3.9650E+06    2  1983     184   1.0  2.02E-07  1.05E-06  6.95E-13  0.00
  794 3.9700E+06    2  1986     184   1.0  2.02E-07  1.05E-06  1.10E-11  0.00
  795 3.9750E+06    2  1988     184   1.0  2.02E-07  1.05E-06  9.42E-13  0.00
  796 3.9800E+06    2  1991     184   1.0  2.01E-07  1.05E-06  2.32E-12  0.00
  797 3.9850E+06    2  1993     184   1.0  2.01E-07  1.05E-06  2.24E-12  0.00
  798 3.9900E+06    2  1996     184   1.0  2.01E-07  1.05E-06  2.14E-12  0.00
  799 3.9950E+06    2  1998     184   1.0  2.01E-07  1.05E-06  4.67E-13  0.00
  800 4.0000E+06    2  2001     184   1.0  2.01E-07  1.05E-06  1.16E-13  0.00
  801 4.0050E+06    2  2003     184   1.0  2.01E-07  1.05E-06  1.41E-12  0.00
  802 4.0100E+06    2  2006     184   1.0  2.01E-07  1.05E-06  2.39E-13  0.00
  803 4.0150E+06    2  2008     184   1.0  2.01E-07  1.05E-06  3.13E-13  0.00
  804 4.0200E+06    2  2011     184   1.0  2.02E-07  1.06E-06  4.44E-12  0.00
  805 4.0250E+06    2  2013     184   1.0  2.08E-07  1.10E-06  4.93E-11  0.00
  806 4.0300E+06    2  2016     184   1.0  2.08E-07  1.10E-06  1.79E-12  0.00
  807 4.0350E+06    2  2018     184   1.0  2.08E-07  1.10E-06  4.10E-13  0.00
  808 4.0400E+06    2  2021     184   1.0  2.08E-07  1.10E-06  9.19E-13  0.00
  809 4.0450E+06    2  2023     184   1.0  2.08E-07  1.09E-06  3.80E-14  0.00
  810 4.0500E+06    2  2026     184   1.0  2.08E-07  1.09E-06  1.95E-13  0.00
  811 4.0550E+06    2  2028     184   1.0  2.08E-07  1.09E-06  3.04E-11  0.00
  812 4.0600E+06    2  2031     184   1.0  2.08E-07  1.09E-06  6.16E-13  0.00
  813 4.0650E+06    2  2033     184   1.0  2.08E-07  1.09E-06  1.78E-12  0.00
  814 4.0700E+06    2  2036     184   1.0  2.08E-07  1.09E-06  7.46E-13  0.00
  815 4.0750E+06    2  2038     184   1.0  2.08E-07  1.09E-06  9.85E-13  0.00
  816 4.0800E+06    2  2041     184   1.0  2.08E-07  1.09E-06  7.81E-13  0.00
  817 4.0850E+06    2  2043     184   1.0  2.08E-07  1.09E-06  1.55E-12  0.00
  818 4.0900E+06    2  2046     184   1.0  2.07E-07  1.09E-06  8.32E-14  0.00
  819 4.0950E+06    2  2048     184   1.0  2.07E-07  1.09E-06  8.14E-12  0.00
  820 4.1000E+06    2  2051     184   1.0  2.07E-07  1.09E-06  1.85E-13  0.00
  821 4.1050E+06    2  2053     184   1.0  2.07E-07  1.09E-06  5.48E-13  0.00
  822 4.1100E+06    2  2056     184   1.0  2.07E-07  1.09E-06  1.08E-11  0.00
  823 4.1150E+06    2  2058     184   1.0  2.07E-07  1.09E-06  2.69E-13  0.00
  824 4.1200E+06    2  2061     184   1.0  2.07E-07  1.09E-06  7.83E-13  0.00
  825 4.1250E+06    2  2063     184   1.0  2.07E-07  1.09E-06  1.03E-11  0.00
  826 4.1300E+06    2  2066     184   1.0  2.07E-07  1.09E-06  9.60E-13  0.00
  827 4.1350E+06    2  2068     184   1.0  2.07E-07  1.09E-06  6.14E-13  0.00
  828 4.1400E+06    2  2071     184   1.0  2.07E-07  1.09E-06  1.10E-11  0.00
  829 4.1450E+06    2  2073     184   1.0  2.07E-07  1.09E-06  1.57E-13  0.00
  830 4.1500E+06    2  2076     184   1.0  2.07E-07  1.09E-06  6.85E-13  0.00
  831 4.1550E+06    2  2078     184   1.0  2.06E-07  1.09E-06  1.09E-12  0.00
  832 4.1600E+06    2  2081     184   1.0  2.06E-07  1.09E-06  3.35E-12  0.00
  833 4.1650E+06    2  2083     184   1.0  2.06E-07  1.09E-06  4.42E-12  0.00
  834 4.1700E+06    2  2086     184   1.0  2.06E-07  1.08E-06  7.73E-12  0.00
  835 4.1750E+06    2  2088     184   1.0  2.06E-07  1.08E-06  1.92E-12  0.00
  836 4.1800E+06    2  2091     184   1.0  2.06E-07  1.08E-06  2.72E-10  0.00
  837 4.1850E+06    2  2093     184   1.0  2.13E-07  1.14E-06  2.08E-12  0.00
  838 4.1900E+06    2  2096     184   1.0  2.26E-07  1.28E-06  3.59E-13  0.00
  839 4.1950E+06    2  2098     184   1.0  2.26E-07  1.28E-06  1.07E-12  0.00
  840 4.2000E+06    2  2101     184   1.0  2.18E-07  1.27E-06  6.40E-13  0.00
  841 4.2050E+06    2  2103     184   1.0  2.05E-07  1.24E-06  9.04E-14  0.00
  842 4.2100E+06    2  2106     184   1.0  2.05E-07  1.24E-06  3.94E-13  0.00
  843 4.2150E+06    2  2108     184   1.0  2.03E-07  1.23E-06  4.43E-11  0.00
  844 4.2200E+06    2  2111     184   1.0  2.02E-07  1.23E-06  2.92E-13  0.00
  845 4.2250E+06    2  2113     184   1.0  2.02E-07  1.23E-06  2.27E-10  0.00
  846 4.2300E+06    2  2116     184   1.0  2.02E-07  1.23E-06  2.14E-13  0.00
  847 4.2350E+06    2  2118     184   1.0  2.02E-07  1.23E-06  1.74E-12  0.00
  848 4.2400E+06    2  2121     184   1.0  2.02E-07  1.23E-06  3.34E-13  0.00
  849 4.2450E+06    2  2123     184   1.0  2.02E-07  1.23E-06  5.75E-13  0.00
  850 4.2500E+06    2  2126     184   1.0  2.02E-07  1.23E-06  3.74E-13  0.00
  851 4.2550E+06    2  2128     184   1.0  2.02E-07  1.23E-06  9.72E-13  0.00
  852 4.2600E+06    2  2131     184   1.0  2.02E-07  1.23E-06  2.24E-12  0.00
  853 4.2650E+06    2  2133     184   1.0  1.98E-07  1.22E-06  1.73E-11  0.00
  854 4.2700E+06    2  2136     184   1.0  1.98E-07  1.21E-06  9.99E-12  0.00
  855 4.2750E+06    2  2138     184   1.0  2.08E-07  1.19E-06  2.45E-12  0.00
  856 4.2800E+06    2  2141     184   1.0  2.08E-07  1.19E-06  1.63E-12  0.00
  857 4.2850E+06    2  2143     184   1.0  2.08E-07  1.19E-06  2.15E-12  0.00
  858 4.2900E+06    2  2146     184   1.0  2.08E-07  1.19E-06  2.01E-13  0.00
  859 4.2950E+06    2  2148     184   1.0  2.08E-07  1.19E-06  4.12E-12  0.00
  860 4.3000E+06    2  2151     184   1.0  2.08E-07  1.19E-06  4.73E-12  0.00
  861 4.3050E+06    2  2153     184   1.0  2.08E-07  1.19E-06  1.17E-12  0.00
  862 4.3100E+06    2  2156     184   1.0  2.08E-07  1.19E-06  6.06E-13  0.00
  863 4.3150E+06    2  2158     184   1.0  2.08E-07  1.23E-06  1.48E-12  0.00
  864 4.3200E+06    2  2161     184   1.0  2.08E-07  1.25E-06  4.08E-13  0.00
  865 4.3250E+06    2  2163     184   1.0  2.11E-07  1.27E-06  1.50E-10  0.00
  866 4.3300E+06    2  2166     184   1.0  2.24E-07  1.37E-06  7.39E-14  0.00
  867 4.3350E+06    2  2168     184   1.0  2.24E-07  1.37E-06  1.03E-12  0.00
  868 4.3400E+06    2  2171     184   1.0  2.31E-07  1.40E-06  1.79E-13  0.00
  869 4.3450E+06    2  2173     184   1.0  2.32E-07  1.41E-06  8.69E-12  0.00
  870 4.3500E+06    2  2176     184   1.0  2.32E-07  1.41E-06  2.58E-13  0.00
  871 4.3550E+06    2  2178     184   1.0  2.32E-07  1.41E-06  9.22E-14  0.00
  872 4.3600E+06    2  2181     184   1.0  2.32E-07  1.41E-06  9.41E-14  0.00
  873 4.3650E+06    2  2183     184   1.0  2.32E-07  1.41E-06  2.93E-13  0.00
  874 4.3700E+06    2  2186     184   1.0  2.32E-07  1.41E-06  1.41E-12  0.00
  875 4.3750E+06    2  2188     184   1.0  2.32E-07  1.41E-06  1.70E-12  0.00
  876 4.3800E+06    2  2191     184   1.0  2.31E-07  1.41E-06  1.21E-12  0.00
  877 4.3850E+06    2  2193     184   1.0  2.31E-07  1.41E-06  7.23E-13  0.00
  878 4.3900E+06    2  2196     184   1.0  2.31E-07  1.41E-06  1.05E-12  0.00
  879 4.3950E+06    2  2198     184   1.0  2.31E-07  1.41E-06  5.04E-12  0.00
  880 4.4000E+06    2  2201     184   1.0  2.31E-07  1.41E-06  3.84E-13  0.00
  881 4.4050E+06    2  2203     184   1.0  2.31E-07  1.41E-06  1.79E-12  0.00
  882 4.4100E+06    2  2206     184   1.0  2.31E-07  1.41E-06  7.31E-13  0.00
  883 4.4150E+06    2  2208     184   1.0  2.31E-07  1.41E-06  3.03E-12  0.00
  884 4.4200E+06    2  2211     184   1.0  2.31E-07  1.41E-06  1.25E-12  0.00
  885 4.4250E+06    2  2213     184   1.0  2.31E-07  1.41E-06  6.08E-13  0.00
  886 4.4300E+06    2  2216     184   1.0  2.31E-07  1.41E-06  3.26E-11  0.00
  887 4.4350E+06    2  2218     184   1.0  2.31E-07  1.41E-06  2.77E-13  0.00
  888 4.4400E+06    2  2221     184   1.0  2.31E-07  1.41E-06  1.44E-12  0.00
  889 4.4450E+06    2  2223     184   1.0  2.30E-07  1.40E-06  3.15E-13  0.00
  890 4.4500E+06    2  2226     184   1.0  2.30E-07  1.40E-06  6.80E-13  0.00
  891 4.4550E+06    2  2228     184   1.0  2.30E-07  1.40E-06  2.90E-12  0.00
  892 4.4600E+06    2  2231     184   1.0  2.30E-07  1.40E-06  1.36E-13  0.00
  893 4.4650E+06    2  2233     184   1.0  2.30E-07  1.40E-06  1.28E-11  0.00
  894 4.4700E+06    2  2236     184   1.0  2.30E-07  1.40E-06  5.57E-14  0.00
  895 4.4750E+06    2  2238     184   1.0  2.30E-07  1.40E-06  1.71E-12  0.00
  896 4.4800E+06    2  2241     184   1.0  2.30E-07  1.40E-06  1.51E-11  0.00
  897 4.4850E+06    2  2243     184   1.0  2.30E-07  1.40E-06  6.76E-12  0.00
  898 4.4900E+06    2  2246     184   1.0  2.61E-07  1.47E-06  1.85E-11  0.00
  899 4.4950E+06    2  2248     184   1.0  2.90E-07  1.54E-06  2.35E-13  0.00
  900 4.5000E+06    2  2251     184   1.0  2.90E-07  1.54E-06  2.66E-13  0.00
  901 4.5050E+06    2  2253     184   1.0  2.82E-07  1.51E-06  2.50E-12  0.00
  902 4.5100E+06    2  2256     184   1.0  2.69E-07  1.46E-06  5.90E-12  0.00
  903 4.5150E+06    2  2258     184   1.0  2.69E-07  1.46E-06  4.78E-13  0.00
  904 4.5200E+06    2  2261     184   1.0  2.69E-07  1.46E-06  7.18E-13  0.00
  905 4.5250E+06    2  2263     184   1.0  2.69E-07  1.46E-06  3.33E-13  0.00
  906 4.5300E+06    2  2266     184   1.0  2.69E-07  1.46E-06  5.98E-12  0.00
  907 4.5350E+06    2  2268     184   1.0  2.69E-07  1.46E-06  2.74E-12  0.00
  908 4.5400E+06    2  2271     184   1.0  2.68E-07  1.46E-06  5.19E-12  0.00
  909 4.5450E+06    2  2273     184   1.0  2.68E-07  1.46E-06  1.85E-12  0.00
  910 4.5500E+06    2  2276     184   1.0  2.68E-07  1.46E-06  1.15E-11  0.00
  911 4.5550E+06    2  2278     184   1.0  2.68E-07  1.46E-06  5.15E-15  0.00
  912 4.5600E+06    2  2281     184   1.0  2.68E-07  1.46E-06  1.45E-12  0.00
  913 4.5650E+06    2  2283     184   1.0  2.69E-07  1.46E-06  3.15E-10  0.00
  914 4.5700E+06    2  2286     184   1.0  2.82E-07  1.48E-06  4.47E-13  0.00
  915 4.5750E+06    2  2288     184   1.0  2.82E-07  1.48E-06  2.32E-13  0.00
  916 4.5800E+06    2  2291     184   1.0  2.84E-07  1.48E-06  1.25E-11  0.00
  917 4.5850E+06    2  2293     184   1.0  2.84E-07  1.48E-06  7.72E-13  0.00
  918 4.5900E+06    2  2296     184   1.0  2.84E-07  1.48E-06  9.48E-13  0.00
  919 4.5950E+06    2  2298     184   1.0  2.84E-07  1.48E-06  6.47E-13  0.00
  920 4.6000E+06    2  2301     184   1.0  2.83E-07  1.48E-06  4.36E-12  0.00
  921 4.6050E+06    2  2303     184   1.0  2.83E-07  1.48E-06  2.39E-13  0.00
  922 4.6100E+06    2  2306     184   1.0  2.83E-07  1.48E-06  1.29E-12  0.00
  923 4.6150E+06    2  2308     184   1.0  2.83E-07  1.48E-06  4.61E-13  0.00
  924 4.6200E+06    2  2311     184   1.0  2.83E-07  1.48E-06  4.52E-11  0.00
  925 4.6250E+06    2  2313     184   1.0  2.83E-07  1.48E-06  4.07E-11  0.00
  926 4.6300E+06    2  2316     184   1.0  2.83E-07  1.48E-06  3.45E-13  0.00
  927 4.6350E+06    2  2318     184   1.0  2.83E-07  1.48E-06  4.08E-13  0.00
  928 4.6400E+06    2  2321     184   1.0  2.82E-07  1.47E-06  4.25E-12  0.00
  929 4.6450E+06    2  2323     184   1.0  3.14E-07  1.68E-06  1.08E-12  0.00
  930 4.6500E+06    2  2326     184   1.0  3.19E-07  1.71E-06  1.26E-13  0.00
  931 4.6550E+06    2  2328     184   1.0  3.19E-07  1.70E-06  2.93E-12  0.00
  932 4.6600E+06    2  2331     184   1.0  3.19E-07  1.70E-06  4.19E-12  0.00
  933 4.6650E+06    2  2333     184   1.0  3.19E-07  1.70E-06  7.86E-11  0.00
  934 4.6700E+06    2  2336     184   1.0  3.19E-07  1.70E-06  1.06E-12  0.00
  935 4.6750E+06    2  2338     184   1.0  3.18E-07  1.70E-06  4.34E-12  0.00
  936 4.6800E+06    2  2341     184   1.0  3.18E-07  1.70E-06  1.93E-12  0.00
  937 4.6850E+06    2  2343     184   1.0  3.18E-07  1.70E-06  7.92E-13  0.00
  938 4.6900E+06    2  2346     184   1.0  3.18E-07  1.70E-06  1.72E-13  0.00
  939 4.6950E+06    2  2348     184   1.0  3.18E-07  1.70E-06  9.32E-13  0.00
  940 4.7000E+06    2  2351     184   1.0  3.18E-07  1.70E-06  3.35E-13  0.00
  941 4.7050E+06    2  2353     184   1.0  3.18E-07  1.70E-06  5.00E-13  0.00
  942 4.7100E+06    2  2356     184   1.0  3.17E-07  1.70E-06  3.19E-13  0.00
  943 4.7150E+06    2  2358     184   1.0  3.17E-07  1.70E-06  2.85E-10  0.00
  944 4.7200E+06    2  2361     184   1.0  3.17E-07  1.69E-06  2.91E-11  0.00
  945 4.7250E+06    2  2363     184   1.0  3.17E-07  1.69E-06  6.92E-14  0.00
  946 4.7300E+06    2  2366     184   1.0  3.17E-07  1.69E-06  5.45E-13  0.00
  947 4.7350E+06    2  2368     184   1.0  3.17E-07  1.69E-06  1.30E-13  0.00
  948 4.7400E+06    2  2371     184   1.0  3.17E-07  1.69E-06  3.04E-13  0.00
  949 4.7450E+06    2  2373     184   1.0  3.40E-07  1.84E-06  3.46E-11  0.00
  950 4.7500E+06    2  2376     184   1.0  5.18E-07  2.94E-06  2.12E-13  0.00
  951 4.7550E+06    2  2378     184   1.0  5.18E-07  2.94E-06  9.75E-12  0.00
  952 4.7600E+06    2  2381     184   1.0  5.18E-07  2.94E-06  1.80E-14  0.00
  953 4.7650E+06    2  2383     184   1.0  5.17E-07  2.94E-06  1.03E-12  0.00
  954 4.7700E+06    2  2386     184   1.0  5.17E-07  2.93E-06  4.05E-13  0.00
  955 4.7750E+06    2  2388     184   1.0  5.16E-07  2.93E-06  2.45E-12  0.00
  956 4.7800E+06    2  2391     184   1.0  5.16E-07  2.93E-06  6.57E-12  0.00
  957 4.7850E+06    2  2393     184   1.0  5.15E-07  2.93E-06  1.45E-12  0.00
  958 4.7900E+06    2  2396     184   1.0  5.15E-07  2.92E-06  9.42E-13  0.00
  959 4.7950E+06    2  2398     184   1.0  5.14E-07  2.92E-06  1.13E-12  0.00
  960 4.8000E+06    2  2401     184   1.0  5.14E-07  2.92E-06  2.53E-12  0.00
  961 4.8050E+06    2  2403     184   1.0  5.14E-07  2.92E-06  9.25E-12  0.00
  962 4.8100E+06    2  2406     184   1.0  5.13E-07  2.91E-06  1.09E-12  0.00
  963 4.8150E+06    2  2408     184   1.0  5.13E-07  2.91E-06  7.50E-12  0.00
  964 4.8200E+06    2  2411     184   1.0  5.12E-07  2.91E-06  3.29E-15  0.00
  965 4.8250E+06    2  2413     184   1.0  5.12E-07  2.91E-06  2.52E-13  0.00
  966 4.8300E+06    2  2416     184   1.0  5.11E-07  2.91E-06  1.64E-12  0.00
  967 4.8350E+06    2  2418     184   1.0  4.03E-07  2.26E-06  4.86E-12  0.00
  968 4.8400E+06    2  2421     184   1.0  3.83E-07  2.14E-06  1.06E-12  0.00
  969 4.8450E+06    2  2423     184   1.0  3.82E-07  2.14E-06  2.21E-12  0.00
  970 4.8500E+06    2  2426     184   1.0  3.82E-07  2.14E-06  1.36E-11  0.00
  971 4.8550E+06    2  2428     184   1.0  3.82E-07  2.14E-06  2.65E-13  0.00
  972 4.8600E+06    2  2431     184   1.0  3.82E-07  2.14E-06  1.35E-11  0.00
  973 4.8650E+06    2  2433     184   1.0  3.82E-07  2.14E-06  4.73E-12  0.00
  974 4.8700E+06    2  2436     184   1.0  3.81E-07  2.14E-06  3.63E-12  0.00
  975 4.8750E+06    2  2438     184   1.0  3.81E-07  2.13E-06  1.26E-12  0.00
  976 4.8800E+06    2  2441     184   1.0  3.81E-07  2.13E-06  3.44E-13  0.00
  977 4.8850E+06    2  2443     184   1.0  3.81E-07  2.13E-06  1.12E-12  0.00
  978 4.8900E+06    2  2446     184   1.0  3.80E-07  2.13E-06  1.74E-13  0.00
  979 4.8950E+06    2  2448     184   1.0  3.80E-07  2.13E-06  5.63E-13  0.00
  980 4.9000E+06    2  2451     184   1.0  3.80E-07  2.13E-06  9.10E-13  0.00
  981 4.9050E+06    2  2453     184   1.0  3.80E-07  2.13E-06  1.31E-12  0.00
  982 4.9100E+06    2  2456     184   1.0  3.76E-07  2.08E-06  5.64E-09  0.00
  983 4.9150E+06    2  2458     184   1.0  2.95E-07  1.55E-06  6.63E-13  0.00
  984 4.9200E+06    2  2461     184   1.0  3.03E-07  1.56E-06  3.95E-10  0.00
  985 4.9250E+06    2  2463     184   1.0  3.06E-07  1.56E-06  8.38E-13  0.00
  986 4.9300E+06    2  2466     184   1.0  3.06E-07  1.56E-06  1.36E-12  0.00
  987 4.9350E+06    2  2468     184   1.0  3.06E-07  1.56E-06  1.67E-12  0.00
  988 4.9400E+06    2  2471     184   1.0  3.05E-07  1.56E-06  4.76E-12  0.00
  989 4.9450E+06    2  2473     184   1.0  3.05E-07  1.56E-06  1.53E-13  0.00
  990 4.9500E+06    2  2476     184   1.0  3.05E-07  1.56E-06  1.69E-12  0.00
  991 4.9550E+06    2  2478     184   1.0  3.05E-07  1.56E-06  4.58E-12  0.00
  992 4.9600E+06    2  2481     184   1.0  3.05E-07  1.56E-06  6.67E-13  0.00
  993 4.9650E+06    2  2483     184   1.0  3.04E-07  1.55E-06  1.06E-12  0.00
  994 4.9700E+06    2  2486     184   1.0  3.04E-07  1.55E-06  1.57E-12  0.00
  995 4.9750E+06    2  2488     184   1.0  3.04E-07  1.55E-06  8.99E-13  0.00
  996 4.9800E+06    2  2491     184   1.0  2.95E-07  1.51E-06  6.42E-11  0.00
  997 4.9850E+06    2  2493     184   1.0  2.63E-07  1.39E-06  3.18E-13  0.00
  998 4.9900E+06    2  2496     184   1.0  2.63E-07  1.39E-06  9.52E-13  0.00
  999 4.9950E+06    2  2498     184   1.0  2.63E-07  1.39E-06  2.68E-12  0.00
 1000 5.0000E+06    2  2501     184   1.0  2.63E-07  1.39E-06  4.58E-11  0.00
 1001 5.0050E+06    2  2503     184   1.0  2.63E-07  1.39E-06  1.57E-12  0.00
 1002 5.0100E+06    2  2506     184   1.0  2.63E-07  1.39E-06  4.78E-12  0.00
 1003 5.0150E+06    2  2508     184   1.0  2.62E-07  1.39E-06  5.42E-13  0.00
 1004 5.0200E+06    2  2511     184   1.0  2.62E-07  1.39E-06  3.94E-13  0.00
 1005 5.0250E+06    2  2513     184   1.0  2.62E-07  1.39E-06  6.65E-14  0.00
 1006 5.0300E+06    2  2516     184   1.0  2.62E-07  1.39E-06  9.89E-12  0.00
 1007 5.0350E+06    2  2518     184   1.0  2.62E-07  1.39E-06  1.33E-12  0.00
 1008 5.0400E+06    2  2521     184   1.0  2.62E-07  1.39E-06  1.90E-12  0.00
 1009 5.0450E+06    2  2523     184   1.0  2.61E-07  1.38E-06  1.39E-12  0.00
 1010 5.0500E+06    2  2526     184   1.0  2.61E-07  1.38E-06  5.34E-13  0.00
 1011 5.0550E+06    2  2528     184   1.0  2.61E-07  1.38E-06  4.90E-12  0.00
 1012 5.0600E+06    2  2531     184   1.0  2.61E-07  1.38E-06  1.25E-12  0.00
 1013 5.0650E+06    2  2533     184   1.0  2.65E-07  1.41E-06  1.76E-12  0.00
 1014 5.0700E+06    2  2536     184   1.0  2.66E-07  1.41E-06  1.59E-13  0.00
 1015 5.0750E+06    2  2538     184   1.0  2.66E-07  1.41E-06  1.00E-12  0.00
 1016 5.0800E+06    2  2541     184   1.0  2.66E-07  1.41E-06  6.86E-12  0.00
 1017 5.0850E+06    2  2543     184   1.0  2.66E-07  1.41E-06  1.74E-12  0.00
 1018 5.0900E+06    2  2546     184   1.0  2.65E-07  1.41E-06  3.54E-13  0.00
 1019 5.0950E+06    2  2548     184   1.0  2.65E-07  1.41E-06  2.43E-12  0.00
 1020 5.1000E+06    3  2551     184   1.0  2.65E-07  1.41E-06  6.15E-12  0.00
 1021 5.1050E+06    3  2553     184   1.0  1.35E-07  7.10E-07  1.71E-12  0.00
 1022 5.1100E+06    3  2556     184   1.0  1.33E-07  7.04E-07  1.30E-13  0.00
 1023 5.1150E+06    3  2558     184   1.0  1.32E-07  7.03E-07  2.68E-12  0.00
 1024 5.1200E+06    3  2561     184   1.0  1.34E-07  7.19E-07  8.50E-13  0.00
 1025 5.1250E+06    3  2563     184   1.0  1.35E-07  7.25E-07  5.30E-10  0.00
 1026 5.1300E+06    3  2566     184   1.0  1.40E-07  7.49E-07  3.66E-13  0.00
 1027 5.1350E+06    3  2568     184   1.0  1.40E-07  7.48E-07  8.11E-14  0.00
 1028 5.1400E+06    3  2571     184   1.0  1.40E-07  7.48E-07  2.35E-13  0.00
 1029 5.1450E+06    3  2573     184   1.0  1.40E-07  7.48E-07  2.67E-13  0.00
 1030 5.1500E+06    3  2576     184   1.0  1.40E-07  7.48E-07  1.23E-12  0.00
 1031 5.1550E+06    3  2578     184   1.0  1.40E-07  7.47E-07  2.35E-14  0.00
 1032 5.1600E+06    3  2581     184   1.0  1.40E-07  7.47E-07  4.83E-11  0.00
 1033 5.1650E+06    3  2583     184   1.0  1.39E-07  7.47E-07  7.03E-14  0.00
 1034 5.1700E+06    3  2586     184   1.0  1.39E-07  7.47E-07  2.72E-12  0.00
 1035 5.1750E+06    3  2588     184   1.0  1.39E-07  7.47E-07  1.33E-13  0.00
 1036 5.1800E+06    3  2591     184   1.0  1.39E-07  7.46E-07  2.75E-11  0.00
 1037 5.1850E+06    3  2593     184   1.0  1.39E-07  7.46E-07  1.11E-11  0.00
 1038 5.1900E+06    3  2596     184   1.0  1.39E-07  7.46E-07  6.60E-13  0.00
 1039 5.1950E+06    3  2598     184   1.0  1.39E-07  7.46E-07  1.45E-12  0.00
 1040 5.2000E+06    3  2601     184   1.0  1.39E-07  7.46E-07  1.04E-11  0.00
 1041 5.2050E+06    3  2603     184   1.0  1.39E-07  7.45E-07  3.04E-13  0.00
 1042 5.2100E+06    3  2606     184   1.0  1.39E-07  7.45E-07  4.08E-13  0.00
 1043 5.2150E+06    3  2608     184   1.0  1.39E-07  7.45E-07  4.14E-14  0.00
 1044 5.2200E+06    3  2611     184   1.0  1.39E-07  7.45E-07  9.71E-14  0.00
 1045 5.2250E+06    3  2613     184   1.0  1.39E-07  7.44E-07  5.09E-13  0.00
 1046 5.2300E+06    3  2616     184   1.0  1.39E-07  7.44E-07  8.61E-14  0.00
 1047 5.2350E+06    3  2618     184   1.0  1.39E-07  7.44E-07  2.24E-12  0.00
 1048 5.2400E+06    3  2621     184   1.0  1.39E-07  7.44E-07  2.82E-11  0.00
 1049 5.2450E+06    3  2623     184   1.0  1.39E-07  7.44E-07  5.08E-10  0.00
 1050 5.2500E+06    3  2626     184   1.0  1.39E-07  7.43E-07  4.41E-14  0.00
 1051 5.2550E+06    3  2628     184   1.0  1.39E-07  7.43E-07  1.64E-12  0.00
 1052 5.2600E+06    3  2631     184   1.0  1.39E-07  7.43E-07  5.17E-13  0.00
 1053 5.2650E+06    3  2633     184   1.0  1.39E-07  7.43E-07  3.50E-14  0.00
 1054 5.2700E+06    3  2636     184   1.0  1.39E-07  7.42E-07  2.40E-14  0.00
 1055 5.2750E+06    3  2638     184   1.0  1.39E-07  7.42E-07  1.15E-12  0.00
 1056 5.2800E+06    3  2641     184   1.0  1.39E-07  7.42E-07  1.05E-12  0.00
 1057 5.2850E+06    3  2643     184   1.0  1.39E-07  7.42E-07  3.36E-13  0.00
 1058 5.2900E+06    3  2646     184   1.0  1.39E-07  7.42E-07  3.60E-15  0.00
 1059 5.2950E+06    3  2648     184   1.0  1.38E-07  7.41E-07  2.87E-12  0.00
 1060 5.3000E+06    3  2651     184   1.0  1.38E-07  7.41E-07  2.41E-13  0.00
 1061 5.3050E+06    3  2653     184   1.0  1.38E-07  7.41E-07  1.58E-12  0.00
 1062 5.3100E+06    3  2656     184   1.0  1.38E-07  7.41E-07  1.02E-13  0.00
 1063 5.3150E+06    3  2658     184   1.0  1.38E-07  7.41E-07  3.45E-13  0.00
 1064 5.3200E+06    3  2661     184   1.0  1.38E-07  7.40E-07  4.56E-13  0.00
 1065 5.3250E+06    3  2663     184   1.0  1.38E-07  7.40E-07  2.55E-13  0.00
 1066 5.3300E+06    3  2666     184   1.0  1.38E-07  7.40E-07  1.04E-12  0.00
 1067 5.3350E+06    3  2668     184   1.0  1.38E-07  7.40E-07  3.04E-13  0.00
 1068 5.3400E+06    3  2671     184   1.0  1.38E-07  7.39E-07  3.78E-12  0.00
 1069 5.3450E+06    3  2673     184   1.0  1.38E-07  7.39E-07  4.38E-13  0.00
 1070 5.3500E+06    3  2676     184   1.0  1.38E-07  7.39E-07  1.10E-12  0.00
 1071 5.3550E+06    3  2678     184   1.0  1.38E-07  7.39E-07  5.58E-13  0.00
 1072 5.3600E+06    3  2681     184   1.0  1.38E-07  7.39E-07  8.98E-15  0.00
 1073 5.3650E+06    3  2683     184   1.0  1.38E-07  7.38E-07  2.87E-13  0.00
 1074 5.3700E+06    3  2686     184   1.0  1.38E-07  7.38E-07  4.36E-13  0.00
 1075 5.3750E+06    3  2688     184   1.0  1.38E-07  7.38E-07  9.42E-14  0.00
 1076 5.3800E+06    3  2691     184   1.0  1.38E-07  7.38E-07  7.52E-13  0.00
 1077 5.3850E+06    3  2693     184   1.0  1.38E-07  7.37E-07  1.22E-12  0.00
 1078 5.3900E+06    3  2696     184   1.0  1.38E-07  7.37E-07  7.42E-14  0.00
 1079 5.3950E+06    3  2698     184   1.0  1.38E-07  7.37E-07  3.94E-13  0.00
 1080 5.4000E+06    3  2701     184   1.0  1.38E-07  7.37E-07  1.14E-13  0.00
 1081 5.4050E+06    3  2703     184   1.0  1.38E-07  7.37E-07  5.87E-14  0.00
 1082 5.4100E+06    3  2706     184   1.0  1.38E-07  7.36E-07  2.14E-13  0.00
 1083 5.4150E+06    3  2708     184   1.0  1.38E-07  7.36E-07  9.86E-14  0.00
 1084 5.4200E+06    3  2711     184   1.0  1.37E-07  7.36E-07  2.46E-13  0.00
 1085 5.4250E+06    3  2713     184   1.0  1.37E-07  7.36E-07  4.85E-13  0.00
 1086 5.4300E+06    3  2716     184   1.0  1.37E-07  7.35E-07  2.07E-13  0.00
 1087 5.4350E+06    3  2718     184   1.0  1.37E-07  7.35E-07  2.23E-13  0.00
 1088 5.4400E+06    3  2721     184   1.0  1.37E-07  7.35E-07  2.47E-14  0.00
 1089 5.4450E+06    3  2723     184   1.0  1.37E-07  7.35E-07  1.11E-13  0.00
 1090 5.4500E+06    3  2726     184   1.0  1.37E-07  7.35E-07  3.62E-12  0.00
 1091 5.4550E+06    3  2728     184   1.0  1.37E-07  7.34E-07  9.47E-14  0.00
 1092 5.4600E+06    3  2731     184   1.0  1.37E-07  7.34E-07  3.60E-13  0.00
 1093 5.4650E+06    3  2733     184   1.0  1.37E-07  7.34E-07  1.23E-11  0.00
 1094 5.4700E+06    3  2736     184   1.0  1.37E-07  7.34E-07  8.31E-13  0.00
 1095 5.4750E+06    3  2738     184   1.0  1.37E-07  7.34E-07  6.82E-13  0.00
 1096 5.4800E+06    3  2741     184   1.0  1.37E-07  7.33E-07  8.39E-13  0.00
 1097 5.4850E+06    3  2743     184   1.0  1.37E-07  7.33E-07  1.04E-12  0.00
 1098 5.4900E+06    3  2746     184   1.0  1.37E-07  7.33E-07  4.48E-13  0.00
 1099 5.4950E+06    3  2748     184   1.0  1.37E-07  7.33E-07  1.19E-13  0.00
 1100 5.5000E+06    3  2751     184   1.0  1.37E-07  7.34E-07  3.28E-13  0.00
 1101 5.5050E+06    3  2753     184   1.0  1.38E-07  7.36E-07  3.95E-13  0.00
 1102 5.5100E+06    3  2756     184   1.0  1.38E-07  7.36E-07  2.16E-13  0.00
 1103 5.5150E+06    3  2758     184   1.0  1.38E-07  7.36E-07  2.39E-13  0.00
 1104 5.5200E+06    3  2761     184   1.0  1.37E-07  7.36E-07  2.80E-11  0.00
 1105 5.5250E+06    3  2763     184   1.0  1.37E-07  7.35E-07  1.80E-12  0.00
 1106 5.5300E+06    3  2766     184   1.0  1.33E-07  7.12E-07  1.87E-12  0.00
 1107 5.5350E+06    3  2768     184   1.0  1.20E-07  6.48E-07  3.72E-13  0.00
 1108 5.5400E+06    3  2771     184   1.0  1.20E-07  6.48E-07  1.09E-12  0.00
 1109 5.5450E+06    3  2773     184   1.0  1.20E-07  6.48E-07  1.77E-13  0.00
 1110 5.5500E+06    3  2776     184   1.0  1.20E-07  6.47E-07  1.64E-12  0.00
 1111 5.5550E+06    3  2778     184   1.0  1.20E-07  6.47E-07  4.69E-13  0.00
 1112 5.5600E+06    3  2781     184   1.0  1.20E-07  6.47E-07  7.28E-13  0.00
 1113 5.5650E+06    3  2783     184   1.0  1.20E-07  6.47E-07  1.37E-13  0.00
 1114 5.5700E+06    3  2786     184   1.0  1.20E-07  6.47E-07  4.76E-13  0.00
 1115 5.5750E+06    3  2788     184   1.0  1.20E-07  6.47E-07  4.65E-12  0.00
 1116 5.5800E+06    3  2791     184   1.0  1.20E-07  6.46E-07  9.77E-13  0.00
 1117 5.5850E+06    3  2793     184   1.0  1.21E-07  6.53E-07  7.69E-14  0.00
 1118 5.5900E+06    3  2796     184   1.0  1.21E-07  6.54E-07  1.00E-12  0.00
 1119 5.5950E+06    3  2798     184   1.0  1.21E-07  6.54E-07  3.45E-13  0.00
 1120 5.6000E+06    3  2801     184   1.0  1.21E-07  6.54E-07  2.13E-12  0.00
 1121 5.6050E+06    3  2803     184   1.0  1.21E-07  6.53E-07  1.51E-13  0.00
 1122 5.6100E+06    3  2806     184   1.0  1.21E-07  6.53E-07  2.06E-13  0.00
 1123 5.6150E+06    3  2808     184   1.0  1.21E-07  6.53E-07  2.71E-14  0.00
 1124 5.6200E+06    3  2811     184   1.0  1.21E-07  6.53E-07  4.98E-14  0.00
 1125 5.6250E+06    3  2813     184   1.0  1.21E-07  6.53E-07  6.05E-13  0.00
 1126 5.6300E+06    3  2816     184   1.0  1.20E-07  6.52E-07  4.73E-13  0.00
 1127 5.6350E+06    3  2818     184   1.0  1.26E-07  6.84E-07  2.51E-12  0.00
 1128 5.6400E+06    3  2821     184   1.0  1.28E-07  6.96E-07  4.32E-13  0.00
 1129 5.6450E+06    3  2823     184   1.0  1.28E-07  6.96E-07  1.11E-12  0.00
 1130 5.6500E+06    3  2826     184   1.0  1.28E-07  6.96E-07  6.05E-13  0.00
 1131 5.6550E+06    3  2828     184   1.0  1.28E-07  6.95E-07  1.24E-12  0.00
 1132 5.6600E+06    3  2831     184   1.0  1.28E-07  6.95E-07  1.91E-13  0.00
 1133 5.6650E+06    3  2833     184   1.0  1.28E-07  6.95E-07  5.21E-13  0.00
 1134 5.6700E+06    3  2836     184   1.0  1.28E-07  6.95E-07  9.03E-13  0.00
 1135 5.6750E+06    3  2838     184   1.0  1.28E-07  6.95E-07  2.90E-14  0.00
 1136 5.6800E+06    3  2841     184   1.0  1.28E-07  6.95E-07  2.12E-13  0.00
 1137 5.6850E+06    3  2843     184   1.0  1.28E-07  6.94E-07  9.38E-12  0.00
 1138 5.6900E+06    3  2846     184   1.0  1.28E-07  6.94E-07  1.92E-13  0.00
 1139 5.6950E+06    3  2848     184   1.0  1.28E-07  6.94E-07  8.41E-12  0.00
 1140 5.7000E+06    3  2851     184   1.0  1.28E-07  6.94E-07  9.75E-13  0.00
 1141 5.7050E+06    3  2853     184   1.0  1.28E-07  6.94E-07  8.01E-13  0.00
 1142 5.7100E+06    3  2856     184   1.0  1.28E-07  6.94E-07  9.49E-13  0.00
 1143 5.7150E+06    3  2858     184   1.0  1.28E-07  6.94E-07  3.34E-13  0.00
 1144 5.7200E+06    3  2861     184   1.0  1.28E-07  6.93E-07  3.11E-13  0.00
 1145 5.7250E+06    3  2863     184   1.0  1.28E-07  6.93E-07  2.39E-13  0.00
 1146 5.7300E+06    3  2866     184   1.0  1.28E-07  6.93E-07  1.14E-13  0.00
 1147 5.7350E+06    3  2868     184   1.0  1.28E-07  6.93E-07  8.19E-12  0.00
 1148 5.7400E+06    3  2871     184   1.0  1.28E-07  6.93E-07  1.83E-12  0.00
 1149 5.7450E+06    3  2873     184   1.0  1.28E-07  6.93E-07  8.85E-13  0.00
 1150 5.7500E+06    3  2876     184   1.0  1.42E-07  7.50E-07  1.59E-12  0.00
 1151 5.7550E+06    3  2878     184   1.0  1.45E-07  7.62E-07  2.12E-12  0.00
 1152 5.7600E+06    3  2881     184   1.0  1.45E-07  7.62E-07  2.62E-13  0.00
 1153 5.7650E+06    3  2883     184   1.0  1.45E-07  7.61E-07  3.66E-13  0.00
 1154 5.7700E+06    3  2886     184   1.0  1.45E-07  7.61E-07  2.75E-12  0.00
 1155 5.7750E+06    3  2888     184   1.0  1.45E-07  7.61E-07  3.05E-13  0.00
 1156 5.7800E+06    3  2891     184   1.0  1.44E-07  7.61E-07  5.95E-13  0.00
 1157 5.7850E+06    3  2893     184   1.0  1.44E-07  7.61E-07  9.12E-13  0.00
 1158 5.7900E+06    3  2896     184   1.0  1.44E-07  7.61E-07  4.02E-13  0.00
 1159 5.7950E+06    3  2898     184   1.0  1.44E-07  7.60E-07  9.98E-13  0.00
 1160 5.8000E+06    3  2901     184   1.0  1.44E-07  7.60E-07  2.50E-12  0.00
 1161 5.8050E+06    3  2903     184   1.0  1.44E-07  7.60E-07  2.96E-13  0.00
 1162 5.8100E+06    3  2906     184   1.0  1.44E-07  7.60E-07  7.08E-13  0.00
 1163 5.8150E+06    3  2908     184   1.0  1.44E-07  7.60E-07  6.89E-13  0.00
 1164 5.8200E+06    3  2911     184   1.0  1.44E-07  7.59E-07  1.52E-12  0.00
 1165 5.8250E+06    3  2913     184   1.0  1.44E-07  7.59E-07  7.27E-13  0.00
 1166 5.8300E+06    3  2916     184   1.0  1.44E-07  7.59E-07  1.68E-13  0.00
 1167 5.8350E+06    3  2918     184   1.0  1.44E-07  7.59E-07  3.29E-13  0.00
 1168 5.8400E+06    3  2921     184   1.0  1.44E-07  7.59E-07  2.78E-12  0.00
 1169 5.8450E+06    3  2923     184   1.0  1.44E-07  7.59E-07  4.75E-13  0.00
 1170 5.8500E+06    3  2926     184   1.0  1.44E-07  7.58E-07  1.38E-13  0.00
 1171 5.8550E+06    3  2928     184   1.0  1.44E-07  7.58E-07  1.41E-12  0.00
 1172 5.8600E+06    3  2931     184   1.0  1.44E-07  7.58E-07  2.85E-12  0.00
 1173 5.8650E+06    3  2933     184   1.0  1.44E-07  7.58E-07  3.66E-13  0.00
 1174 5.8700E+06    3  2936     184   1.0  1.44E-07  7.58E-07  8.93E-13  0.00
 1175 5.8750E+06    3  2938     184   1.0  1.44E-07  7.57E-07  9.22E-13  0.00
 1176 5.8800E+06    3  2941     184   1.0  1.44E-07  7.57E-07  1.62E-09  0.00
 1177 5.8850E+06    3  2943     184   1.0  1.71E-07  8.80E-07  6.40E-11  0.00
 1178 5.8900E+06    3  2946     184   1.0  1.70E-07  8.73E-07  2.10E-10  0.00
 1179 5.8950E+06    3  2948     184   1.0  1.69E-07  8.71E-07  6.37E-11  0.00
 1180 5.9000E+06    3  2951     184   1.0  1.69E-07  8.70E-07  1.03E-11  0.00
 1181 5.9050E+06    3  2953     184   1.0  1.69E-07  8.70E-07  2.41E-11  0.00
 1182 5.9100E+06    3  2956     184   1.0  1.69E-07  8.69E-07  1.20E-11  0.00
 1183 5.9150E+06    3  2958     184   1.0  1.69E-07  8.69E-07  3.82E-12  0.00
 1184 5.9200E+06    3  2961     184   1.0  1.69E-07  8.69E-07  2.18E-11  0.00
 1185 5.9250E+06    3  2963     184   1.0  1.69E-07  8.68E-07  8.16E-12  0.00
 1186 5.9300E+06    3  2966     184   1.0  1.69E-07  8.68E-07  1.42E-11  0.00
 1187 5.9350E+06    3  2968     184   1.0  1.68E-07  8.68E-07  1.83E-12  0.00
 1188 5.9400E+06    3  2971     184   1.0  1.68E-07  8.68E-07  2.02E-12  0.00
 1189 5.9450E+06    3  2973     184   1.0  1.69E-07  8.69E-07  2.83E-11  0.00
 1190 5.9500E+06    3  2976     184   1.0  1.73E-07  8.77E-07  8.49E-11  0.00
 1191 5.9550E+06    3  2978     184   1.0  1.73E-07  8.77E-07  2.02E-11  0.00
 1192 5.9600E+06    3  2981     184   1.0  1.73E-07  8.76E-07  8.24E-12  0.00
 1193 5.9650E+06    3  2983     184   1.0  1.73E-07  8.76E-07  1.74E-12  0.00
 1194 5.9700E+06    3  2986     184   1.0  1.73E-07  8.76E-07  3.10E-12  0.00
 1195 5.9750E+06    3  2988     184   1.0  1.73E-07  8.76E-07  2.92E-12  0.00
 1196 5.9800E+06    3  2991     184   1.0  1.87E-07  9.78E-07  7.05E-13  0.00
 1197 5.9850E+06    3  2993     184   1.0  1.98E-07  1.05E-06  3.37E-13  0.00
 1198 5.9900E+06    3  2996     184   1.0  1.98E-07  1.05E-06  3.79E-13  0.00
 1199 5.9950E+06    3  2998     184   1.0  1.97E-07  1.05E-06  6.70E-13  0.00
 1200 6.0000E+06    3  3001     184   1.0  1.97E-07  1.05E-06  3.60E-13  0.00
 1201 6.0050E+06    3  3003     184   1.0  1.97E-07  1.05E-06  1.87E-13  0.00
 1202 6.0100E+06    3  3006     184   1.0  1.97E-07  1.05E-06  1.60E-12  0.00
 1203 6.0150E+06    3  3008     184   1.0  1.97E-07  1.05E-06  3.78E-13  0.00
 1204 6.0200E+06    3  3011     184   1.0  1.97E-07  1.05E-06  1.25E-12  0.00
 1205 6.0250E+06    3  3013     184   1.0  1.97E-07  1.05E-06  6.52E-12  0.00
 1206 6.0300E+06    3  3016     184   1.0  1.97E-07  1.05E-06  7.58E-13  0.00
 1207 6.0350E+06    3  3018     184   1.0  1.97E-07  1.04E-06  1.13E-12  0.00
 1208 6.0400E+06    3  3021     184   1.0  1.97E-07  1.04E-06  1.57E-13  0.00
 1209 6.0450E+06    3  3023     184   1.0  1.97E-07  1.04E-06  1.32E-13  0.00
 1210 6.0500E+06    3  3026     184   1.0  1.97E-07  1.04E-06  1.06E-12  0.00
 1211 6.0550E+06    3  3028     184   1.0  1.97E-07  1.04E-06  6.41E-13  0.00
 1212 6.0600E+06    3  3031     184   1.0  1.97E-07  1.04E-06  2.17E-13  0.00
 1213 6.0650E+06    3  3033     184   1.0  1.97E-07  1.04E-06  3.00E-12  0.00
 1214 6.0700E+06    3  3036     184   1.0  1.97E-07  1.04E-06  1.53E-12  0.00
 1215 6.0750E+06    3  3038     184   1.0  1.97E-07  1.04E-06  2.57E-13  0.00
 1216 6.0800E+06    3  3041     184   1.0  1.97E-07  1.04E-06  3.54E-10  0.00
 1217 6.0850E+06    3  3043     184   1.0  1.96E-07  1.04E-06  7.48E-11  0.00
 1218 6.0900E+06    3  3046     184   1.0  2.12E-07  1.16E-06  1.56E-12  0.00
 1219 6.0950E+06    3  3048     184   1.0  2.56E-07  1.47E-06  1.44E-10  0.00
 1220 6.1000E+06    3  3051     184   1.0  2.70E-07  1.55E-06  3.10E-13  0.00
 1221 6.1050E+06    3  3053     184   1.0  2.70E-07  1.55E-06  4.60E-13  0.00
 1222 6.1100E+06    3  3056     184   1.0  2.70E-07  1.55E-06  1.12E-12  0.00
 1223 6.1150E+06    3  3058     184   1.0  2.70E-07  1.55E-06  3.35E-14  0.00
 1224 6.1200E+06    3  3061     184   1.0  2.69E-07  1.55E-06  2.00E-11  0.00
 1225 6.1250E+06    3  3063     184   1.0  2.69E-07  1.55E-06  8.16E-13  0.00
 1226 6.1300E+06    3  3066     184   1.0  2.69E-07  1.55E-06  5.48E-11  0.00
 1227 6.1350E+06    3  3068     184   1.0  2.69E-07  1.55E-06  4.78E-13  0.00
 1228 6.1400E+06    3  3071     184   1.0  2.69E-07  1.55E-06  4.58E-12  0.00
 1229 6.1450E+06    3  3073     184   1.0  2.69E-07  1.54E-06  9.91E-13  0.00
 1230 6.1500E+06    3  3076     184   1.0  2.69E-07  1.54E-06  5.68E-13  0.00
 1231 6.1550E+06    3  3078     184   1.0  2.69E-07  1.54E-06  3.30E-12  0.00
 1232 6.1600E+06    3  3081     184   1.0  2.69E-07  1.54E-06  3.92E-13  0.00
 1233 6.1650E+06    3  3083     184   1.0  2.69E-07  1.54E-06  8.45E-13  0.00
 1234 6.1700E+06    3  3086     184   1.0  2.68E-07  1.54E-06  1.78E-12  0.00
 1235 6.1750E+06    3  3088     184   1.0  2.68E-07  1.54E-06  3.31E-13  0.00
 1236 6.1800E+06    3  3091     184   1.0  2.68E-07  1.54E-06  7.77E-13  0.00
 1237 6.1850E+06    3  3093     184   1.0  2.68E-07  1.54E-06  1.54E-12  0.00
 1238 6.1900E+06    3  3096     184   1.0  2.68E-07  1.54E-06  4.96E-13  0.00
 1239 6.1950E+06    3  3098     184   1.0  2.68E-07  1.54E-06  3.31E-13  0.00
 1240 6.2000E+06    3  3101     184   1.0  2.68E-07  1.54E-06  8.44E-12  0.00
 1241 6.2050E+06    3  3103     184   1.0  2.68E-07  1.54E-06  1.75E-12  0.00
 1242 6.2100E+06    3  3106     184   1.0  2.68E-07  1.54E-06  6.48E-13  0.00
 1243 6.2150E+06    3  3108     184   1.0  2.68E-07  1.54E-06  3.16E-12  0.00
 1244 6.2200E+06    3  3111     184   1.0  2.68E-07  1.54E-06  5.91E-13  0.00
 1245 6.2250E+06    3  3113     184   1.0  2.68E-07  1.54E-06  3.95E-13  0.00
 1246 6.2300E+06    3  3116     184   1.0  2.68E-07  1.54E-06  2.52E-12  0.00
 1247 6.2350E+06    3  3118     184   1.0  2.68E-07  1.54E-06  2.89E-13  0.00
 1248 6.2400E+06    3  3121     184   1.0  2.67E-07  1.54E-06  3.69E-13  0.00
 1249 6.2450E+06    3  3123     184   1.0  2.67E-07  1.54E-06  1.60E-11  0.00
 1250 6.2500E+06    3  3126     184   1.0  2.67E-07  1.54E-06  1.63E-11  0.00
 1251 6.2550E+06    3  3128     184   1.0  2.67E-07  1.54E-06  1.71E-13  0.00
 1252 6.2600E+06    3  3131     184   1.0  2.67E-07  1.54E-06  1.21E-12  0.00
 1253 6.2650E+06    3  3133     184   1.0  2.67E-07  1.54E-06  4.68E-13  0.00
 1254 6.2700E+06    3  3136     184   1.0  2.67E-07  1.53E-06  8.14E-13  0.00
 1255 6.2750E+06    3  3138     184   1.0  2.67E-07  1.53E-06  1.52E-12  0.00
 1256 6.2800E+06    3  3141     184   1.0  2.67E-07  1.53E-06  6.08E-13  0.00
 1257 6.2850E+06    3  3143     184   1.0  2.67E-07  1.53E-06  1.18E-12  0.00
 1258 6.2900E+06    3  3146     184   1.0  2.67E-07  1.53E-06  2.75E-13  0.00
 1259 6.2950E+06    3  3148     184   1.0  2.67E-07  1.53E-06  8.50E-13  0.00
 1260 6.3000E+06    3  3151     184   1.0  2.67E-07  1.53E-06  1.39E-11  0.00
 1261 6.3050E+06    3  3153     184   1.0  2.66E-07  1.53E-06  1.56E-12  0.00
 1262 6.3100E+06    3  3156     184   1.0  2.66E-07  1.53E-06  2.05E-13  0.00
 1263 6.3150E+06    3  3158     184   1.0  2.66E-07  1.53E-06  5.03E-12  0.00
 1264 6.3200E+06    3  3161     184   1.0  2.66E-07  1.53E-06  7.61E-15  0.00
 1265 6.3250E+06    3  3163     184   1.0  2.66E-07  1.53E-06  1.14E-12  0.00
 1266 6.3300E+06    3  3166     184   1.0  2.66E-07  1.53E-06  5.51E-13  0.00
 1267 6.3350E+06    3  3168     184   1.0  2.66E-07  1.53E-06  3.65E-13  0.00
 1268 6.3400E+06    3  3171     184   1.0  2.66E-07  1.53E-06  2.84E-13  0.00
 1269 6.3450E+06    3  3173     184   1.0  2.66E-07  1.53E-06  4.24E-13  0.00
 1270 6.3500E+06    3  3176     184   1.0  2.66E-07  1.53E-06  3.69E-13  0.00
 1271 6.3550E+06    3  3178     184   1.0  2.66E-07  1.53E-06  8.61E-13  0.00
 1272 6.3600E+06    3  3181     184   1.0  2.66E-07  1.53E-06  1.78E-12  0.00
 1273 6.3650E+06    3  3183     184   1.0  2.66E-07  1.53E-06  2.90E-12  0.00
 1274 6.3700E+06    3  3186     184   1.0  2.66E-07  1.53E-06  1.33E-12  0.00
 1275 6.3750E+06    3  3188     184   1.0  2.65E-07  1.53E-06  5.26E-12  0.00
 1276 6.3800E+06    3  3191     184   1.0  2.65E-07  1.53E-06  1.44E-12  0.00
 1277 6.3850E+06    3  3193     184   1.0  2.65E-07  1.53E-06  3.67E-13  0.00
 1278 6.3900E+06    3  3196     184   1.0  2.65E-07  1.53E-06  1.44E-12  0.00
 1279 6.3950E+06    3  3198     184   1.0  2.65E-07  1.53E-06  6.17E-13  0.00
 1280 6.4000E+06    3  3201     184   1.0  2.65E-07  1.52E-06  1.40E-12  0.00
 1281 6.4050E+06    3  3203     184   1.0  2.65E-07  1.52E-06  4.72E-13  0.00
 1282 6.4100E+06    3  3206     184   1.0  2.65E-07  1.52E-06  1.04E-13  0.00
 1283 6.4150E+06    3  3208     184   1.0  2.58E-07  1.54E-06  1.32E-12  0.00
 1284 6.4200E+06    3  3211     184   1.0  2.57E-07  1.54E-06  7.86E-13  0.00
 1285 6.4250E+06    3  3213     184   1.0  2.57E-07  1.54E-06  1.15E-12  0.00
 1286 6.4300E+06    3  3216     184   1.0  2.57E-07  1.54E-06  5.62E-13  0.00
 1287 6.4350E+06    3  3218     184   1.0  2.57E-07  1.54E-06  1.40E-12  0.00
 1288 6.4400E+06    3  3221     184   1.0  2.57E-07  1.54E-06  2.12E-12  0.00
 1289 6.4450E+06    3  3223     184   1.0  2.57E-07  1.54E-06  3.65E-11  0.00
 1290 6.4500E+06    3  3226     184   1.0  2.57E-07  1.54E-06  5.95E-12  0.00
 1291 6.4550E+06    3  3228     184   1.0  2.57E-07  1.54E-06  2.60E-13  0.00
 1292 6.4600E+06    3  3231     184   1.0  2.57E-07  1.54E-06  1.02E-12  0.00
 1293 6.4650E+06    3  3233     184   1.0  2.57E-07  1.54E-06  3.92E-13  0.00
 1294 6.4700E+06    3  3236     184   1.0  2.57E-07  1.54E-06  2.64E-12  0.00
 1295 6.4750E+06    3  3238     184   1.0  2.57E-07  1.54E-06  1.11E-12  0.00
 1296 6.4800E+06    3  3241     184   1.0  2.57E-07  1.54E-06  3.56E-12  0.00
 1297 6.4850E+06    3  3243     184   1.0  2.57E-07  1.54E-06  3.85E-11  0.00
 1298 6.4900E+06    3  3246     184   1.0  2.57E-07  1.54E-06  6.73E-13  0.00
 1299 6.4950E+06    3  3248     184   1.0  2.56E-07  1.53E-06  1.51E-12  0.00
 1300 6.5000E+06    3  3251     184   1.0  2.56E-07  1.53E-06  1.76E-12  0.00
 1301 6.5050E+06    3  3253     184   1.0  2.56E-07  1.53E-06  1.21E-14  0.00
 1302 6.5100E+06    3  3256     184   1.0  2.56E-07  1.53E-06  1.05E-12  0.00
 1303 6.5150E+06    3  3258     184   1.0  2.56E-07  1.53E-06  3.32E-13  0.00
 1304 6.5200E+06    3  3261     184   1.0  2.56E-07  1.53E-06  1.59E-12  0.00
 1305 6.5250E+06    3  3263     184   1.0  2.56E-07  1.53E-06  5.42E-13  0.00
 1306 6.5300E+06    3  3266     184   1.0  2.56E-07  1.53E-06  1.38E-11  0.00
 1307 6.5350E+06    3  3268     184   1.0  2.56E-07  1.53E-06  8.06E-12  0.00
 1308 6.5400E+06    3  3271     184   1.0  2.56E-07  1.53E-06  2.12E-13  0.00
 1309 6.5450E+06    3  3273     184   1.0  2.56E-07  1.53E-06  1.92E-12  0.00
 1310 6.5500E+06    3  3276     184   1.0  2.56E-07  1.53E-06  9.21E-13  0.00
 1311 6.5550E+06    3  3278     184   1.0  2.56E-07  1.53E-06  1.93E-13  0.00
 1312 6.5600E+06    3  3281     184   1.0  2.56E-07  1.53E-06  2.14E-12  0.00
 1313 6.5650E+06    3  3283     184   1.0  2.56E-07  1.53E-06  2.78E-13  0.00
 1314 6.5700E+06    3  3286     184   1.0  2.55E-07  1.53E-06  4.47E-13  0.00
 1315 6.5750E+06    3  3288     184   1.0  2.55E-07  1.53E-06  2.54E-12  0.00
 1316 6.5800E+06    3  3291     184   1.0  2.55E-07  1.53E-06  5.32E-12  0.00
 1317 6.5850E+06    3  3293     184   1.0  2.55E-07  1.53E-06  6.03E-13  0.00
 1318 6.5900E+06    3  3296     184   1.0  2.55E-07  1.53E-06  3.37E-13  0.00
 1319 6.5950E+06    3  3298     184   1.0  2.55E-07  1.53E-06  3.00E-12  0.00
 1320 6.6000E+06    3  3301     184   1.0  2.55E-07  1.53E-06  3.69E-13  0.00
 1321 6.6050E+06    3  3303     184   1.0  2.55E-07  1.53E-06  6.03E-12  0.00
 1322 6.6100E+06    3  3306     184   1.0  2.55E-07  1.53E-06  1.78E-13  0.00
 1323 6.6150E+06    3  3308     184   1.0  2.55E-07  1.53E-06  7.34E-11  0.00
 1324 6.6200E+06    3  3311     184   1.0  2.55E-07  1.53E-06  2.23E-12  0.00
 1325 6.6250E+06    3  3313     184   1.0  2.55E-07  1.52E-06  1.73E-13  0.00
 1326 6.6300E+06    3  3316     184   1.0  2.55E-07  1.52E-06  1.95E-11  0.00
 1327 6.6350E+06    3  3318     184   1.0  2.55E-07  1.52E-06  8.72E-13  0.00
 1328 6.6400E+06    3  3321     184   1.0  2.55E-07  1.52E-06  8.16E-12  0.00
 1329 6.6450E+06    3  3323     184   1.0  2.54E-07  1.52E-06  1.30E-13  0.00
 1330 6.6500E+06    3  3326     184   1.0  2.54E-07  1.52E-06  1.49E-12  0.00
 1331 6.6550E+06    3  3328     184   1.0  2.54E-07  1.52E-06  1.96E-12  0.00
 1332 6.6600E+06    3  3331     184   1.0  2.54E-07  1.52E-06  7.53E-13  0.00
 1333 6.6650E+06    3  3333     184   1.0  2.54E-07  1.52E-06  5.85E-12  0.00
 1334 6.6700E+06    3  3336     184   1.0  2.54E-07  1.52E-06  9.12E-10  0.00
 1335 6.6750E+06    3  3338     184   1.0  2.54E-07  1.52E-06  7.59E-13  0.00
 1336 6.6800E+06    3  3341     184   1.0  2.54E-07  1.52E-06  4.33E-13  0.00
 1337 6.6850E+06    3  3343     184   1.0  2.54E-07  1.52E-06  4.28E-12  0.00
 1338 6.6900E+06    3  3346     184   1.0  2.54E-07  1.52E-06  3.44E-13  0.00
 1339 6.6950E+06    3  3348     184   1.0  2.54E-07  1.52E-06  2.06E-13  0.00
 1340 6.7000E+06    3  3351     184   1.0  2.54E-07  1.52E-06  3.49E-13  0.00
 1341 6.7050E+06    3  3353     184   1.0  2.54E-07  1.52E-06  3.52E-13  0.00
 1342 6.7100E+06    3  3356     184   1.0  2.54E-07  1.52E-06  5.78E-12  0.00
 1343 6.7150E+06    3  3358     184   1.0  2.54E-07  1.52E-06  1.90E-12  0.00
 1344 6.7200E+06    3  3361     184   1.0  1.99E-07  1.12E-06  7.72E-11  0.00
 1345 6.7250E+06    3  3363     184   1.0  1.67E-07  9.18E-07  5.04E-13  0.00
 1346 6.7300E+06    3  3366     184   1.0  1.67E-07  9.18E-07  8.10E-13  0.00
 1347 6.7350E+06    3  3368     184   1.0  1.67E-07  9.17E-07  1.34E-12  0.00
 1348 6.7400E+06    3  3371     184   1.0  1.67E-07  9.17E-07  2.69E-12  0.00
 1349 6.7450E+06    3  3373     184   1.0  1.68E-07  9.17E-07  6.99E-12  0.00
 1350 6.7500E+06    3  3376     184   1.0  1.67E-07  9.17E-07  2.04E-13  0.00
 1351 6.7550E+06    3  3378     184   1.0  1.67E-07  9.17E-07  1.33E-12  0.00
 1352 6.7600E+06    3  3381     184   1.0  1.67E-07  9.17E-07  1.24E-12  0.00
 1353 6.7650E+06    3  3383     184   1.0  1.67E-07  9.16E-07  2.94E-13  0.00
 1354 6.7700E+06    3  3386     184   1.0  1.67E-07  9.16E-07  7.40E-12  0.00
 1355 6.7750E+06    3  3388     184   1.0  1.67E-07  9.16E-07  2.30E-11  0.00
 1356 6.7800E+06    3  3391     184   1.0  1.69E-07  9.16E-07  1.43E-12  0.00
 1357 6.7850E+06    3  3393     184   1.0  1.70E-07  9.16E-07  3.60E-13  0.00
 1358 6.7900E+06    3  3396     184   1.0  1.69E-07  9.16E-07  6.58E-12  0.00
 1359 6.7950E+06    3  3398     184   1.0  1.69E-07  9.16E-07  5.46E-13  0.00
 1360 6.8000E+06    3  3401     184   1.0  1.69E-07  9.15E-07  2.88E-12  0.00
 1361 6.8050E+06    3  3403     184   1.0  1.69E-07  9.15E-07  2.42E-12  0.00
 1362 6.8100E+06    3  3406     184   1.0  1.69E-07  9.15E-07  8.10E-13  0.00
 1363 6.8150E+06    3  3408     184   1.0  1.69E-07  9.15E-07  7.15E-13  0.00
 1364 6.8200E+06    3  3411     184   1.0  1.69E-07  9.15E-07  5.03E-12  0.00
 1365 6.8250E+06    3  3413     184   1.0  1.69E-07  9.14E-07  1.68E-12  0.00
 1366 6.8300E+06    3  3416     184   1.0  1.69E-07  9.14E-07  1.03E-11  0.00
 1367 6.8350E+06    3  3418     184   1.0  1.69E-07  9.14E-07  5.39E-13  0.00
 1368 6.8400E+06    3  3421     184   1.0  1.69E-07  9.14E-07  7.80E-14  0.00
 1369 6.8450E+06    3  3423     184   1.0  1.69E-07  9.14E-07  1.15E-12  0.00
 1370 6.8500E+06    3  3426     184   1.0  1.69E-07  9.14E-07  4.70E-13  0.00
 1371 6.8550E+06    3  3428     184   1.0  1.69E-07  9.13E-07  1.15E-13  0.00
 1372 6.8600E+06    3  3431     184   1.0  1.69E-07  9.13E-07  5.59E-13  0.00
 1373 6.8650E+06    3  3433     184   1.0  1.69E-07  9.13E-07  1.88E-11  0.00
 1374 6.8700E+06    3  3436     184   1.0  1.69E-07  9.13E-07  9.90E-13  0.00
 1375 6.8750E+06    3  3438     184   1.0  1.69E-07  9.13E-07  5.38E-12  0.00
 1376 6.8800E+06    3  3441     184   1.0  1.69E-07  9.12E-07  1.20E-11  0.00
 1377 6.8850E+06    3  3443     184   1.0  1.69E-07  9.12E-07  7.15E-13  0.00
 1378 6.8900E+06    3  3446     184   1.0  1.69E-07  9.12E-07  1.37E-13  0.00
 1379 6.8950E+06    3  3448     184   1.0  1.69E-07  9.12E-07  1.98E-12  0.00
 1380 6.9000E+06    3  3451     184   1.0  1.69E-07  9.12E-07  1.00E-12  0.00
 1381 6.9050E+06    3  3453     184   1.0  1.69E-07  9.12E-07  2.08E-13  0.00
 1382 6.9100E+06    3  3456     184   1.0  1.69E-07  9.11E-07  5.73E-13  0.00
 1383 6.9150E+06    3  3458     184   1.0  1.69E-07  9.11E-07  5.72E-13  0.00
 1384 6.9200E+06    3  3461     184   1.0  1.69E-07  9.11E-07  1.09E-12  0.00
 1385 6.9250E+06    3  3463     184   1.0  1.69E-07  9.11E-07  1.11E-12  0.00
 1386 6.9300E+06    3  3466     184   1.0  1.69E-07  9.11E-07  8.32E-14  0.00
 1387 6.9350E+06    3  3468     184   1.0  1.68E-07  9.10E-07  3.37E-12  0.00
 1388 6.9400E+06    3  3471     184   1.0  1.68E-07  9.10E-07  2.04E-13  0.00
 1389 6.9450E+06    3  3473     184   1.0  1.68E-07  9.10E-07  2.41E-10  0.00
 1390 6.9500E+06    3  3476     184   1.0  1.68E-07  9.10E-07  6.36E-13  0.00
 1391 6.9550E+06    3  3478     184   1.0  1.68E-07  9.10E-07  2.41E-12  0.00
 1392 6.9600E+06    3  3481     184   1.0  1.68E-07  9.10E-07  2.22E-12  0.00
 1393 6.9650E+06    3  3483     184   1.0  1.68E-07  9.09E-07  2.45E-13  0.00
 1394 6.9700E+06    3  3486     184   1.0  1.68E-07  9.09E-07  2.58E-13  0.00
 1395 6.9750E+06    3  3488     184   1.0  1.68E-07  9.09E-07  9.13E-13  0.00
 1396 6.9800E+06    3  3491     184   1.0  1.68E-07  9.09E-07  2.88E-13  0.00
 1397 6.9850E+06    3  3493     184   1.0  1.68E-07  9.09E-07  1.16E-12  0.00
 1398 6.9900E+06    3  3496     184   1.0  1.68E-07  9.09E-07  9.21E-12  0.00
 1399 6.9950E+06    3  3498     184   1.0  1.68E-07  9.08E-07  5.56E-12  0.00
 1400 7.0000E+06    3  3501     184   1.0  1.68E-07  9.08E-07  2.28E-12  0.00
 1401 7.0050E+06    3  3503     184   1.0  1.68E-07  9.08E-07  1.43E-12  0.00
 1402 7.0100E+06    3  3506     184   1.0  1.68E-07  9.08E-07  1.92E-12  0.00
 1403 7.0150E+06    3  3508     184   1.0  1.68E-07  9.08E-07  1.41E-13  0.00
 1404 7.0200E+06    3  3511     184   1.0  1.68E-07  9.07E-07  1.09E-12  0.00
 1405 7.0250E+06    3  3513     184   1.0  1.68E-07  9.07E-07  2.00E-12  0.00
 1406 7.0300E+06    3  3516     184   1.0  1.68E-07  9.07E-07  1.11E-12  0.00
 1407 7.0350E+06    3  3518     184   1.0  1.68E-07  9.07E-07  1.83E-12  0.00
 1408 7.0400E+06    3  3521     184   1.0  1.68E-07  9.07E-07  1.82E-12  0.00
 1409 7.0450E+06    3  3523     184   1.0  1.68E-07  9.07E-07  2.86E-12  0.00
 1410 7.0500E+06    3  3526     184   1.0  1.68E-07  9.06E-07  1.41E-10  0.00
 1411 7.0550E+06    3  3528     184   1.0  1.68E-07  9.06E-07  8.15E-13  0.00
 1412 7.0600E+06    3  3531     184   1.0  1.68E-07  9.06E-07  9.07E-13  0.00
 1413 7.0650E+06    3  3533     184   1.0  1.68E-07  9.06E-07  4.65E-12  0.00
 1414 7.0700E+06    3  3536     184   1.0  1.68E-07  9.06E-07  4.12E-12  0.00
 1415 7.0750E+06    3  3538     184   1.0  1.68E-07  9.05E-07  6.04E-12  0.00
 1416 7.0800E+06    3  3541     184   1.0  1.67E-07  9.05E-07  2.15E-12  0.00
 1417 7.0850E+06    3  3543     184   1.0  1.68E-07  9.05E-07  1.01E-12  0.00
 1418 7.0900E+06    3  3546     184   1.0  1.67E-07  9.05E-07  3.99E-13  0.00
 1419 7.0950E+06    3  3548     184   1.0  1.67E-07  9.05E-07  7.83E-12  0.00
 1420 7.1000E+06    3  3551     184   1.0  1.67E-07  9.05E-07  8.14E-16  0.00
 1421 7.1050E+06    3  3553     184   1.0  1.67E-07  9.04E-07  5.82E-13  0.00
 1422 7.1100E+06    3  3556     184   1.0  1.67E-07  9.04E-07  2.86E-13  0.00
 1423 7.1150E+06    3  3558     184   1.0  1.67E-07  9.04E-07  1.15E-13  0.00
 1424 7.1200E+06    3  3561     184   1.0  1.67E-07  9.04E-07  5.96E-14  0.00
 1425 7.1250E+06    3  3563     184   1.0  1.67E-07  9.04E-07  2.99E-13  0.00
 1426 7.1300E+06    3  3566     184   1.0  1.67E-07  9.03E-07  2.38E-13  0.00
 1427 7.1350E+06    3  3568     184   1.0  1.67E-07  9.03E-07  4.85E-13  0.00
 1428 7.1400E+06    3  3571     183   1.0  1.67E-07  9.03E-07  4.58E-12  0.00
 1429 7.1450E+06    3  3573     183   1.0  1.67E-07  9.03E-07  1.61E-10  0.00
 1430 7.1500E+06    3  3576     183   1.0  1.67E-07  9.03E-07  5.76E-13  0.00
 1431 7.1550E+06    3  3578     183   1.0  1.67E-07  9.03E-07  3.28E-13  0.00
 1432 7.1600E+06    3  3581     183   1.0  1.67E-07  9.02E-07  1.05E-12  0.00
 1433 7.1650E+06    3  3583     183   1.0  1.67E-07  9.02E-07  8.12E-13  0.00
 1434 7.1700E+06    3  3586     183   1.0  1.67E-07  9.02E-07  1.53E-11  0.00
 1435 7.1750E+06    3  3588     183   1.0  1.67E-07  9.02E-07  4.04E-12  0.00
 1436 7.1800E+06    3  3591     183   1.0  1.67E-07  9.02E-07  2.16E-12  0.00
 1437 7.1850E+06    3  3593     183   1.0  1.67E-07  9.01E-07  1.94E-12  0.00
 1438 7.1900E+06    3  3596     183   1.0  1.67E-07  9.01E-07  2.11E-13  0.00
 1439 7.1950E+06    3  3598     183   1.0  1.67E-07  9.01E-07  1.63E-12  0.00
 1440 7.2000E+06    3  3601     183   1.0  1.67E-07  9.01E-07  2.16E-12  0.00
 1441 7.2050E+06    3  3603     183   1.0  1.67E-07  9.01E-07  4.98E-13  0.00
 1442 7.2100E+06    3  3606     183   1.0  1.67E-07  9.01E-07  4.56E-10  0.00
 1443 7.2150E+06    3  3608     183   1.0  1.67E-07  9.00E-07  3.71E-12  0.00
 1444 7.2200E+06    3  3611     183   1.0  1.66E-07  9.00E-07  3.73E-12  0.00
 1445 7.2250E+06    3  3613     183   1.0  1.66E-07  9.00E-07  9.79E-13  0.00
 1446 7.2300E+06    3  3616     183   1.0  1.66E-07  9.00E-07  1.80E-12  0.00
 1447 7.2350E+06    3  3618     183   1.0  1.66E-07  9.00E-07  6.20E-12  0.00
 1448 7.2400E+06    3  3621     183   1.0  1.66E-07  8.99E-07  9.01E-12  0.00
 1449 7.2450E+06    3  3623     183   1.0  1.66E-07  8.99E-07  9.57E-13  0.00
 1450 7.2500E+06    3  3626     183   1.0  1.66E-07  8.98E-07  1.59E-10  0.00
 1451 7.2550E+06    3  3628     183   1.0  1.64E-07  8.89E-07  1.37E-12  0.00
 1452 7.2600E+06    3  3631     183   1.0  1.64E-07  8.88E-07  4.00E-13  0.00
 1453 7.2650E+06    3  3633     183   1.0  1.64E-07  8.88E-07  1.07E-12  0.00
 1454 7.2700E+06    3  3636     183   1.0  1.64E-07  8.88E-07  5.57E-13  0.00
 1455 7.2750E+06    3  3638     183   1.0  1.64E-07  8.88E-07  6.87E-12  0.00
 1456 7.2800E+06    3  3641     183   1.0  1.64E-07  8.88E-07  2.75E-13  0.00
 1457 7.2850E+06    3  3643     183   1.0  1.64E-07  8.88E-07  2.69E-13  0.00
 1458 7.2900E+06    3  3646     183   1.0  1.64E-07  8.87E-07  1.65E-12  0.00
 1459 7.2950E+06    3  3648     183   1.0  1.64E-07  8.87E-07  1.94E-12  0.00
 1460 7.3000E+06    3  3651     183   1.0  1.64E-07  8.87E-07  1.23E-13  0.00
 1461 7.3050E+06    3  3653     183   1.0  1.64E-07  8.87E-07  1.41E-12  0.00
 1462 7.3100E+06    3  3656     183   1.0  1.64E-07  8.87E-07  2.56E-11  0.00
 1463 7.3150E+06    3  3658     183   1.0  1.64E-07  8.86E-07  6.12E-14  0.00
 1464 7.3200E+06    3  3661     183   1.0  1.64E-07  8.86E-07  2.31E-13  0.00
 1465 7.3250E+06    3  3663     183   1.0  1.64E-07  8.86E-07  1.13E-12  0.00
 1466 7.3300E+06    3  3666     183   1.0  1.63E-07  8.86E-07  2.53E-14  0.00
 1467 7.3350E+06    3  3668     183   1.0  1.63E-07  8.86E-07  6.86E-13  0.00
 1468 7.3400E+06    3  3671     183   1.0  1.63E-07  8.86E-07  1.53E-13  0.00
 1469 7.3450E+06    3  3673     183   1.0  1.63E-07  8.85E-07  1.15E-12  0.00
 1470 7.3500E+06    3  3676     183   1.0  1.63E-07  8.85E-07  2.29E-11  0.00
 1471 7.3550E+06    3  3678     183   1.0  1.63E-07  8.85E-07  9.56E-13  0.00
 1472 7.3600E+06    3  3681     183   1.0  1.63E-07  8.85E-07  4.42E-13  0.00
 1473 7.3650E+06    3  3683     183   1.0  1.64E-07  8.85E-07  2.27E-11  0.00
 1474 7.3700E+06    3  3686     183   1.0  1.63E-07  8.85E-07  1.04E-12  0.00
 1475 7.3750E+06    3  3688     183   1.0  1.63E-07  8.84E-07  3.77E-12  0.00
 1476 7.3800E+06    3  3691     183   1.0  1.63E-07  8.84E-07  4.21E-13  0.00
 1477 7.3850E+06    3  3693     183   1.0  1.63E-07  8.84E-07  4.00E-12  0.00
 1478 7.3900E+06    3  3696     183   1.0  1.63E-07  8.84E-07  1.57E-13  0.00
 1479 7.3950E+06    3  3698     183   1.0  1.63E-07  8.84E-07  4.19E-13  0.00
 1480 7.4000E+06    3  3701     183   1.0  1.63E-07  8.83E-07  1.08E-12  0.00
 1481 7.4050E+06    3  3703     183   1.0  1.63E-07  8.83E-07  3.47E-14  0.00
 1482 7.4100E+06    3  3706     183   1.0  1.63E-07  8.83E-07  6.72E-14  0.00
 1483 7.4150E+06    3  3708     183   1.0  1.63E-07  8.83E-07  6.72E-13  0.00
 1484 7.4200E+06    3  3711     183   1.0  1.63E-07  8.83E-07  9.90E-13  0.00
 1485 7.4250E+06    3  3713     183   1.0  1.63E-07  8.83E-07  2.30E-13  0.00
 1486 7.4300E+06    3  3716     183   1.0  1.63E-07  8.82E-07  1.98E-12  0.00
 1487 7.4350E+06    3  3718     183   1.0  1.63E-07  8.82E-07  3.85E-12  0.00
 1488 7.4400E+06    3  3721     183   1.0  1.63E-07  8.82E-07  2.49E-13  0.00
 1489 7.4450E+06    3  3723     183   1.0  1.63E-07  8.82E-07  2.48E-13  0.00
 1490 7.4500E+06    3  3726     183   1.0  1.63E-07  8.82E-07  7.08E-13  0.00
 1491 7.4550E+06    3  3728     183   1.0  1.63E-07  8.81E-07  3.69E-13  0.00
 1492 7.4600E+06    3  3731     183   1.0  1.63E-07  8.81E-07  4.80E-13  0.00
 1493 7.4650E+06    3  3733     183   1.0  1.63E-07  8.81E-07  1.25E-13  0.00
 1494 7.4700E+06    3  3736     183   1.0  1.63E-07  8.81E-07  3.66E-13  0.00
 1495 7.4750E+06    3  3738     183   1.0  1.62E-07  8.81E-07  2.93E-13  0.00
 1496 7.4800E+06    3  3741     183   1.0  1.62E-07  8.81E-07  2.57E-13  0.00
 1497 7.4850E+06    3  3743     183   1.0  1.62E-07  8.80E-07  1.02E-13  0.00
 1498 7.4900E+06    3  3746     183   1.0  1.62E-07  8.80E-07  7.72E-11  0.00
 1499 7.4950E+06    3  3748     183   1.0  1.62E-07  8.80E-07  3.63E-13  0.00
 1500 7.5000E+06    3  3751     183   1.0  1.62E-07  8.80E-07  1.81E-12  0.00
 1501 7.5050E+06    3  3753     183   1.0  1.62E-07  8.80E-07  6.31E-13  0.00
 1502 7.5100E+06    3  3756     183   1.0  1.62E-07  8.80E-07  1.38E-13  0.00
 1503 7.5150E+06    3  3758     183   1.0  1.62E-07  8.79E-07  1.84E-12  0.00
 1504 7.5200E+06    3  3761     183   1.0  1.62E-07  8.79E-07  6.98E-12  0.00
 1505 7.5250E+06    3  3763     183   1.0  1.62E-07  8.79E-07  3.93E-13  0.00
 1506 7.5300E+06    3  3766     183   1.0  1.62E-07  8.79E-07  6.84E-12  0.00
 1507 7.5350E+06    3  3768     183   1.0  1.62E-07  8.79E-07  1.08E-11  0.00
 1508 7.5400E+06    3  3771     183   1.0  1.62E-07  8.78E-07  3.22E-13  0.00
 1509 7.5450E+06    3  3773     183   1.0  1.62E-07  8.78E-07  5.55E-13  0.00
 1510 7.5500E+06    3  3776     183   1.0  1.62E-07  8.78E-07  6.32E-12  0.00
 1511 7.5550E+06    3  3778     183   1.0  1.62E-07  8.78E-07  2.77E-13  0.00
 1512 7.5600E+06    3  3781     183   1.0  1.62E-07  8.78E-07  6.06E-13  0.00
 1513 7.5650E+06    3  3783     183   1.0  1.62E-07  8.78E-07  1.51E-12  0.00
 1514 7.5700E+06    3  3786     183   1.0  1.62E-07  8.77E-07  1.53E-12  0.00
 1515 7.5750E+06    3  3788     183   1.0  1.62E-07  8.77E-07  9.46E-12  0.00
 1516 7.5800E+06    3  3791     183   1.0  1.62E-07  8.77E-07  1.97E-13  0.00
 1517 7.5850E+06    3  3793     183   1.0  1.62E-07  8.77E-07  5.36E-12  0.00
 1518 7.5900E+06    3  3796     183   1.0  1.63E-07  8.95E-07  3.23E-10  0.00
 1519 7.5950E+06    3  3798     183   1.0  1.67E-07  9.37E-07  2.35E-10  0.00
 1520 7.6000E+06    3  3801     183   1.0  1.67E-07  9.37E-07  3.92E-11  0.00
 1521 7.6050E+06    3  3803     183   1.0  1.68E-07  9.38E-07  5.56E-11  0.00
 1522 7.6100E+06    3  3806     183   1.0  1.68E-07  9.39E-07  1.18E-10  0.00
 1523 7.6150E+06    3  3808     183   1.0  1.71E-07  9.42E-07  1.58E-09  0.00
 1524 7.6200E+06    3  3811     183   1.0  1.69E-07  9.46E-07  2.76E-10  0.00
 1525 7.6250E+06    3  3813     183   1.0  1.70E-07  9.48E-07  3.18E-10  0.00
 1526 7.6300E+06    3  3816     183   1.0  1.70E-07  9.49E-07  5.93E-10  0.00
 1527 7.6350E+06    3  3818     183   1.0  1.74E-07  9.49E-07  8.22E-10  0.00
 1528 7.6400E+06    3  3821     183   1.0  1.71E-07  9.49E-07  3.01E-10  0.00
 1529 7.6450E+06    3  3823     183   1.0  1.72E-07  9.49E-07  2.70E-09  0.00
 1530 7.6500E+06    3  3826     183   1.0  1.71E-07  9.48E-07  3.90E-09  0.00
 1531 7.6550E+06    3  3828     183   1.0  1.71E-07  9.49E-07  3.73E-10  0.00
 1532 7.6600E+06    3  3831     183   1.0  1.72E-07  9.49E-07  6.52E-09  0.00
 1533 7.6650E+06    3  3833     183   1.0  1.73E-07  9.49E-07  9.03E-11  0.00
 1534 7.6700E+06    3  3836     183   1.0  1.74E-07  9.47E-07  8.81E-10  0.00
 1535 7.6750E+06    3  3838     183   1.0  1.72E-07  9.49E-07  1.84E-09  0.00
 1536 7.6800E+06    3  3841     183   1.0  1.70E-07  9.49E-07  8.41E-10  0.00
 1537 7.6850E+06    3  3843     183   1.0  1.71E-07  9.51E-07  2.06E-10  0.00
 1538 7.6900E+06    3  3846     183   1.0  1.75E-07  9.53E-07  1.91E-10  0.00
 1539 7.6950E+06    3  3848     183   1.0  1.72E-07  9.51E-07  2.35E-12  0.00
 1540 7.7000E+06    3  3851     183   1.0  1.69E-07  9.48E-07  1.35E-13  0.00
 1541 7.7050E+06    3  3853     183   1.0  1.69E-07  9.47E-07  2.01E-13  0.00
 1542 7.7100E+06    3  3856     183   1.0  1.69E-07  9.47E-07  5.70E-14  0.00
 1543 7.7150E+06    3  3858     183   1.0  1.69E-07  9.47E-07  6.86E-14  0.00
 1544 7.7200E+06    3  3861     183   1.0  1.69E-07  9.47E-07  8.45E-12  0.00
 1545 7.7250E+06    3  3863     183   1.0  1.69E-07  9.47E-07  1.03E-13  0.00
 1546 7.7300E+06    3  3866     183   1.0  1.69E-07  9.47E-07  3.81E-14  0.00
 1547 7.7350E+06    3  3868     183   1.0  1.69E-07  9.46E-07  4.27E-12  0.00
 1548 7.7400E+06    3  3871     183   1.0  1.69E-07  9.46E-07  5.65E-13  0.00
 1549 7.7450E+06    3  3873     183   1.0  1.69E-07  9.46E-07  1.10E-08  0.00
 1550 7.7500E+06    3  3876     183   1.0  1.69E-07  9.46E-07  4.12E-13  0.00
 1551 7.7550E+06    3  3878     183   1.0  1.68E-07  9.46E-07  4.33E-13  0.00
 1552 7.7600E+06    3  3881     183   1.0  1.68E-07  9.45E-07  2.14E-13  0.00
 1553 7.7650E+06    3  3883     183   1.0  1.68E-07  9.45E-07  3.39E-12  0.00
 1554 7.7700E+06    3  3886     183   1.0  1.68E-07  9.45E-07  1.20E-12  0.00
 1555 7.7750E+06    3  3888     183   1.0  1.68E-07  9.45E-07  2.37E-13  0.00
 1556 7.7800E+06    3  3891     183   1.0  1.68E-07  9.45E-07  3.47E-14  0.00
 1557 7.7850E+06    3  3893     183   1.0  1.68E-07  9.44E-07  9.54E-12  0.00
 1558 7.7900E+06    3  3896     184   1.0  1.68E-07  9.44E-07  3.43E-13  0.00
 1559 7.7950E+06    3  3898     184   1.0  1.68E-07  9.44E-07  7.73E-13  0.00
 1560 7.8000E+06    3  3901     184   1.0  1.68E-07  9.44E-07  3.43E-12  0.00
 1561 7.8050E+06    3  3903     184   1.0  1.68E-07  9.44E-07  1.76E-13  0.00
 1562 7.8100E+06    3  3906     184   1.0  1.68E-07  9.44E-07  1.19E-13  0.00
 1563 7.8150E+06    3  3908     184   1.0  1.68E-07  9.43E-07  1.62E-12  0.00
 1564 7.8200E+06    3  3911     184   1.0  1.68E-07  9.43E-07  3.14E-11  0.00
 1565 7.8250E+06    3  3913     184   1.0  1.68E-07  9.43E-07  7.02E-13  0.00
 1566 7.8300E+06    3  3916     184   1.0  1.68E-07  9.43E-07  2.80E-12  0.00
 1567 7.8350E+06    3  3918     184   1.0  1.68E-07  9.43E-07  1.39E-12  0.00
 1568 7.8400E+06    3  3921     184   1.0  1.68E-07  9.42E-07  1.68E-12  0.00
 1569 7.8450E+06    3  3923     184   1.0  1.68E-07  9.42E-07  8.68E-12  0.00
 1570 7.8500E+06    3  3926     184   1.0  1.68E-07  9.42E-07  4.55E-12  0.00
 1571 7.8550E+06    3  3928     184   1.0  1.68E-07  9.42E-07  5.33E-12  0.00
 1572 7.8600E+06    3  3931     184   1.0  1.68E-07  9.42E-07  5.40E-13  0.00
 1573 7.8650E+06    3  3933     184   1.0  1.68E-07  9.41E-07  1.41E-12  0.00
 1574 7.8700E+06    3  3936     184   1.0  1.65E-07  9.41E-07  1.77E-12  0.00
 1575 7.8750E+06    3  3938     184   1.0  1.64E-07  9.42E-07  9.34E-13  0.00
 1576 7.8800E+06    3  3941     184   1.0  1.64E-07  9.42E-07  9.35E-13  0.00
 1577 7.8850E+06    3  3943     184   1.0  1.64E-07  9.42E-07  1.07E-12  0.00
 1578 7.8900E+06    3  3946     184   1.0  1.64E-07  9.41E-07  2.32E-12  0.00
 1579 7.8950E+06    3  3948     184   1.0  1.64E-07  9.41E-07  1.15E-12  0.00
 1580 7.9000E+06    3  3951     184   1.0  1.64E-07  9.41E-07  2.86E-13  0.00
 1581 7.9050E+06    3  3953     184   1.0  1.64E-07  9.41E-07  3.80E-13  0.00
 1582 7.9100E+06    3  3956     184   1.0  1.65E-07  9.51E-07  1.88E-13  0.00
 1583 7.9150E+06    3  3958     184   1.0  1.65E-07  9.52E-07  1.11E-12  0.00
 1584 7.9200E+06    3  3961     184   1.0  1.65E-07  9.52E-07  6.46E-13  0.00
 1585 7.9250E+06    3  3963     184   1.0  1.65E-07  9.51E-07  9.48E-12  0.00
 1586 7.9300E+06    3  3966     184   1.0  1.65E-07  9.51E-07  8.77E-13  0.00
 1587 7.9350E+06    3  3968     184   1.0  1.65E-07  9.51E-07  1.62E-13  0.00
 1588 7.9400E+06    3  3971     184   1.0  1.68E-07  9.72E-07  3.91E-13  0.00
 1589 7.9450E+06    3  3973     184   1.0  1.72E-07  9.93E-07  8.45E-12  0.00
 1590 7.9500E+06    3  3976     184   1.0  1.72E-07  9.93E-07  2.66E-13  0.00
 1591 7.9550E+06    3  3978     184   1.0  1.72E-07  9.92E-07  4.40E-12  0.00
 1592 7.9600E+06    3  3981     184   1.0  1.72E-07  9.92E-07  7.03E-12  0.00
 1593 7.9650E+06    3  3983     184   1.0  1.72E-07  9.92E-07  3.81E-13  0.00
 1594 7.9700E+06    3  3986     184   1.0  1.72E-07  9.92E-07  2.58E-12  0.00
 1595 7.9750E+06    3  3988     184   1.0  1.72E-07  9.92E-07  2.55E-11  0.00
 1596 7.9800E+06    3  3991     184   1.0  1.71E-07  9.91E-07  4.91E-12  0.00
 1597 7.9850E+06    3  3993     184   1.0  1.71E-07  9.91E-07  1.15E-13  0.00
 1598 7.9900E+06    3  3996     184   1.0  1.71E-07  9.91E-07  9.42E-14  0.00
 1599 7.9950E+06    3  3998     184   1.0  1.71E-07  9.91E-07  9.17E-15  0.00
 1600 8.0000E+06    3  4001     184   1.0  1.71E-07  9.91E-07  5.06E-13  0.00
 1601 8.0050E+06    3  4003     184   1.0  1.71E-07  9.90E-07  5.56E-13  0.00
 1602 8.0100E+06    3  4006     184   1.0  1.71E-07  9.90E-07  3.45E-13  0.00
 1603 8.0150E+06    3  4008     184   1.0  1.71E-07  9.90E-07  9.53E-14  0.00
 1604 8.0200E+06    3  4011     184   1.0  1.60E-07  8.57E-07  1.08E-12  0.00
 1605 8.0250E+06    3  4013     184   1.0  9.10E-08  4.35E-07  6.84E-13  0.00
 1606 8.0300E+06    3  4016     184   1.0  9.10E-08  4.35E-07  2.20E-13  0.00
 1607 8.0350E+06    3  4018     184   1.0  9.10E-08  4.35E-07  9.39E-14  0.00
 1608 8.0400E+06    3  4021     184   1.0  9.10E-08  4.35E-07  3.49E-14  0.00
 1609 8.0450E+06    3  4023     184   1.0  9.09E-08  4.35E-07  2.09E-13  0.00
 1610 8.0500E+06    3  4026     184   1.0  9.09E-08  4.35E-07  2.74E-12  0.00
 1611 8.0550E+06    3  4028     184   1.0  9.09E-08  4.35E-07  7.19E-14  0.00
 1612 8.0600E+06    3  4031     184   1.0  9.09E-08  4.35E-07  3.62E-13  0.00
 1613 8.0650E+06    3  4033     184   1.0  9.09E-08  4.34E-07  1.79E-12  0.00
 1614 8.0700E+06    3  4036     184   1.0  9.09E-08  4.34E-07  3.08E-12  0.00
 1615 8.0750E+06    3  4038     184   1.0  9.09E-08  4.34E-07  2.90E-13  0.00
 1616 8.0800E+06    3  4041     184   1.0  9.08E-08  4.34E-07  7.33E-14  0.00
 1617 8.0850E+06    3  4043     184   1.0  9.08E-08  4.34E-07  3.55E-13  0.00
 1618 8.0900E+06    3  4046     184   1.0  9.08E-08  4.34E-07  5.35E-14  0.00
 1619 8.0950E+06    3  4048     184   1.0  9.08E-08  4.34E-07  1.55E-12  0.00
 1620 8.1000E+06    3  4051     184   1.0  9.08E-08  4.34E-07  1.69E-12  0.00
 1621 8.1050E+06    3  4053     184   1.0  9.08E-08  4.34E-07  6.05E-14  0.00
 1622 8.1100E+06    3  4056     184   1.0  9.07E-08  4.34E-07  2.32E-13  0.00
 1623 8.1150E+06    3  4058     184   1.0  9.07E-08  4.34E-07  4.39E-13  0.00
 1624 8.1200E+06    3  4061     184   1.0  9.07E-08  4.34E-07  1.05E-12  0.00
 1625 8.1250E+06    3  4063     184   1.0  9.07E-08  4.33E-07  1.48E-13  0.00
 1626 8.1300E+06    3  4066     184   1.0  9.07E-08  4.33E-07  1.55E-13  0.00
 1627 8.1350E+06    3  4068     184   1.0  9.07E-08  4.33E-07  7.98E-13  0.00
 1628 8.1400E+06    3  4071     184   1.0  9.06E-08  4.33E-07  2.16E-14  0.00
 1629 8.1450E+06    3  4073     184   1.0  9.06E-08  4.33E-07  4.41E-13  0.00
 1630 8.1500E+06    3  4076     184   1.0  9.06E-08  4.33E-07  1.29E-12  0.00
 1631 8.1550E+06    3  4078     184   1.0  9.06E-08  4.33E-07  1.64E-13  0.00
 1632 8.1600E+06    3  4081     184   1.0  9.06E-08  4.33E-07  3.05E-12  0.00
 1633 8.1650E+06    3  4083     184   1.0  9.06E-08  4.33E-07  4.43E-13  0.00
 1634 8.1700E+06    3  4086     184   1.0  9.05E-08  4.33E-07  1.74E-11  0.00
 1635 8.1750E+06    3  4088     184   1.0  9.05E-08  4.33E-07  2.95E-13  0.00
 1636 8.1800E+06    3  4091     184   1.0  9.05E-08  4.33E-07  3.40E-13  0.00
 1637 8.1850E+06    3  4093     184   1.0  9.05E-08  4.32E-07  3.85E-13  0.00
 1638 8.1900E+06    3  4096     184   1.0  9.05E-08  4.32E-07  2.16E-13  0.00
 1639 8.1950E+06    3  4098     184   1.0  9.05E-08  4.32E-07  5.21E-13  0.00
 1640 8.2000E+06    3  4101     184   1.0  9.04E-08  4.32E-07  2.16E-11  0.00
 1641 8.2050E+06    3  4103     184   1.0  9.04E-08  4.32E-07  1.32E-12  0.00
 1642 8.2100E+06    3  4106     184   1.0  9.04E-08  4.32E-07  4.75E-14  0.00
 1643 8.2150E+06    3  4108     184   1.0  9.04E-08  4.32E-07  4.37E-15  0.00
 1644 8.2200E+06    3  4111     184   1.0  9.04E-08  4.32E-07  4.03E-14  0.00
 1645 8.2250E+06    3  4113     184   1.0  9.04E-08  4.32E-07  4.81E-13  0.00
 1646 8.2300E+06    3  4116     184   1.0  9.04E-08  4.32E-07  1.60E-13  0.00
 1647 8.2350E+06    3  4118     184   1.0  9.03E-08  4.32E-07  5.15E-13  0.00
 1648 8.2400E+06    3  4121     184   1.0  9.03E-08  4.32E-07  3.49E-12  0.00
 1649 8.2450E+06    3  4123     184   1.0  9.03E-08  4.32E-07  3.78E-12  0.00
 1650 8.2500E+06    3  4126     184   1.0  9.03E-08  4.31E-07  4.39E-12  0.00
 1651 8.2550E+06    3  4128     184   1.0  9.03E-08  4.31E-07  2.07E-12  0.00
 1652 8.2600E+06    3  4131     184   1.0  9.02E-08  4.31E-07  2.42E-12  0.00
 1653 8.2650E+06    3  4133     184   1.0  9.02E-08  4.30E-07  1.34E-13  0.00
 1654 8.2700E+06    3  4136     184   1.0  8.98E-08  4.26E-07  6.70E-13  0.00
 1655 8.2750E+06    3  4138     184   1.0  8.98E-08  4.26E-07  2.31E-14  0.00
 1656 8.2800E+06    3  4141     184   1.0  8.98E-08  4.26E-07  4.78E-13  0.00
 1657 8.2850E+06    3  4143     184   1.0  8.98E-08  4.26E-07  4.06E-13  0.00
 1658 8.2900E+06    3  4146     184   1.0  8.97E-08  4.25E-07  1.58E-12  0.00
 1659 8.2950E+06    3  4148     184   1.0  8.97E-08  4.25E-07  5.05E-13  0.00
 1660 8.3000E+06    3  4151     184   1.0  9.40E-08  4.57E-07  6.84E-13  0.00
 1661 8.3050E+06    3  4153     184   1.0  1.08E-07  5.59E-07  5.94E-13  0.00
 1662 8.3100E+06    3  4156     184   1.0  1.08E-07  5.59E-07  2.20E-13  0.00
 1663 8.3150E+06    3  4158     184   1.0  1.09E-07  5.66E-07  1.06E-13  0.00
 1664 8.3200E+06    3  4161     184   1.0  1.09E-07  5.69E-07  4.39E-13  0.00
 1665 8.3250E+06    3  4163     184   1.0  1.09E-07  5.69E-07  1.67E-13  0.00
 1666 8.3300E+06    3  4166     184   1.0  1.09E-07  5.69E-07  2.67E-13  0.00
 1667 8.3350E+06    3  4168     184   1.0  1.09E-07  5.68E-07  5.22E-13  0.00
 1668 8.3400E+06    3  4171     184   1.0  1.09E-07  5.68E-07  1.35E-13  0.00
 1669 8.3450E+06    3  4173     184   1.0  1.09E-07  5.68E-07  5.39E-13  0.00
 1670 8.3500E+06    3  4176     184   1.0  1.09E-07  5.68E-07  3.49E-13  0.00
 1671 8.3550E+06    3  4178     184   1.0  1.09E-07  5.68E-07  3.06E-10  0.00
 1672 8.3600E+06    3  4181     184   1.0  1.18E-07  6.33E-07  5.06E-13  0.00
 1673 8.3650E+06    3  4183     184   1.0  1.18E-07  6.33E-07  2.65E-14  0.00
 1674 8.3700E+06    3  4186     184   1.0  1.18E-07  6.32E-07  1.15E-13  0.00
 1675 8.3750E+06    3  4188     184   1.0  1.18E-07  6.32E-07  2.03E-12  0.00
 1676 8.3800E+06    3  4191     184   1.0  1.18E-07  6.32E-07  4.17E-12  0.00
 1677 8.3850E+06    3  4193     184   1.0  1.18E-07  6.32E-07  6.03E-13  0.00
 1678 8.3900E+06    3  4196     184   1.0  1.18E-07  6.32E-07  9.23E-14  0.00
 1679 8.3950E+06    3  4198     184   1.0  1.18E-07  6.32E-07  1.77E-13  0.00
 1680 8.4000E+06    3  4201     184   1.0  1.18E-07  6.32E-07  2.10E-13  0.00
 1681 8.4050E+06    3  4203     184   1.0  1.18E-07  6.31E-07  7.10E-13  0.00
 1682 8.4100E+06    3  4206     184   1.0  1.18E-07  6.31E-07  7.44E-12  0.00
 1683 8.4150E+06    3  4208     184   1.0  1.18E-07  6.31E-07  8.21E-13  0.00
 1684 8.4200E+06    3  4211     184   1.0  1.18E-07  6.31E-07  1.08E-12  0.00
 1685 8.4250E+06    3  4213     184   1.0  1.18E-07  6.31E-07  3.62E-14  0.00
 1686 8.4300E+06    3  4216     184   1.0  1.18E-07  6.31E-07  2.37E-13  0.00
 1687 8.4350E+06    3  4218     184   1.0  1.31E-07  7.16E-07  1.71E-13  0.00
 1688 8.4400E+06    3  4221     184   1.0  1.51E-07  8.36E-07  1.27E-13  0.00
 1689 8.4450E+06    3  4223     184   1.0  1.51E-07  8.36E-07  1.25E-12  0.00
 1690 8.4500E+06    3  4226     184   1.0  1.51E-07  8.36E-07  2.31E-13  0.00
 1691 8.4550E+06    3  4228     184   1.0  1.51E-07  8.36E-07  4.80E-13  0.00
 1692 8.4600E+06    3  4231     184   1.0  1.51E-07  8.35E-07  4.81E-13  0.00
 1693 8.4650E+06    3  4233     184   1.0  1.51E-07  8.35E-07  5.83E-11  0.00
 1694 8.4700E+06    3  4236     184   1.0  1.50E-07  8.26E-07  6.42E-13  0.00
 1695 8.4750E+06    3  4238     184   1.0  1.50E-07  8.23E-07  1.48E-11  0.00
 1696 8.4800E+06    3  4241     184   1.0  1.50E-07  8.23E-07  1.12E-12  0.00
 1697 8.4850E+06    3  4243     184   1.0  1.51E-07  8.26E-07  1.99E-12  0.00
 1698 8.4900E+06    3  4246     184   1.0  1.50E-07  8.27E-07  1.34E-12  0.00
 1699 8.4950E+06    3  4248     184   1.0  1.50E-07  8.27E-07  2.48E-13  0.00
 1700 8.5000E+06    3  4251     184   1.0  1.50E-07  8.27E-07  7.11E-12  0.00
 1701 8.5050E+06    3  4253     184   1.0  1.50E-07  8.26E-07  8.19E-13  0.00
 1702 8.5100E+06    3  4256     184   1.0  1.50E-07  8.26E-07  3.64E-12  0.00
 1703 8.5150E+06    3  4258     184   1.0  1.50E-07  8.26E-07  3.34E-12  0.00
 1704 8.5200E+06    3  4261     184   1.0  1.50E-07  8.26E-07  1.92E-13  0.00
 1705 8.5250E+06    3  4263     184   1.0  1.50E-07  8.26E-07  2.47E-13  0.00
 1706 8.5300E+06    3  4266     184   1.0  1.50E-07  8.26E-07  9.72E-13  0.00
 1707 8.5350E+06    3  4268     184   1.0  1.50E-07  8.25E-07  3.92E-13  0.00
 1708 8.5400E+06    3  4271     184   1.0  1.50E-07  8.25E-07  2.98E-12  0.00
 1709 8.5450E+06    3  4273     184   1.0  1.50E-07  8.25E-07  1.84E-12  0.00
 1710 8.5500E+06    3  4276     184   1.0  1.50E-07  8.25E-07  1.02E-12  0.00
 1711 8.5550E+06    3  4278     184   1.0  1.50E-07  8.25E-07  1.50E-12  0.00
 1712 8.5600E+06    3  4281     184   1.0  1.50E-07  8.25E-07  1.10E-12  0.00
 1713 8.5650E+06    3  4283     184   1.0  1.50E-07  8.24E-07  4.49E-13  0.00
 1714 8.5700E+06    3  4286     184   1.0  1.50E-07  8.24E-07  7.78E-12  0.00
 1715 8.5750E+06    3  4288     184   1.0  1.50E-07  8.24E-07  1.06E-12  0.00
 1716 8.5800E+06    3  4291     184   1.0  1.50E-07  8.24E-07  2.04E-12  0.00
 1717 8.5850E+06    3  4293     184   1.0  1.50E-07  8.24E-07  3.49E-13  0.00
 1718 8.5900E+06    3  4296     184   1.0  1.50E-07  8.24E-07  3.11E-13  0.00
 1719 8.5950E+06    3  4298     184   1.0  1.50E-07  8.23E-07  3.42E-13  0.00
 1720 8.6000E+06    3  4301     184   1.0  1.50E-07  8.23E-07  1.42E-12  0.00
 1721 8.6050E+06    3  4303     184   1.0  1.50E-07  8.23E-07  1.47E-12  0.00
 1722 8.6100E+06    3  4306     184   1.0  1.50E-07  8.23E-07  1.82E-12  0.00
 1723 8.6150E+06    3  4308     184   1.0  1.50E-07  8.23E-07  1.79E-13  0.00
 1724 8.6200E+06    3  4311     184   1.0  1.50E-07  8.23E-07  2.28E-12  0.00
 1725 8.6250E+06    3  4313     184   1.0  1.50E-07  8.23E-07  9.14E-13  0.00
 1726 8.6300E+06    3  4316     184   1.0  1.50E-07  8.22E-07  4.63E-12  0.00
 1727 8.6350E+06    3  4318     184   1.0  1.50E-07  8.22E-07  8.61E-14  0.00
 1728 8.6400E+06    3  4321     184   1.0  1.50E-07  8.22E-07  2.46E-14  0.00
 1729 8.6450E+06    3  4323     184   1.0  1.50E-07  8.22E-07  2.24E-12  0.00
 1730 8.6500E+06    3  4326     184   1.0  1.50E-07  8.22E-07  1.59E-13  0.00
 1731 8.6550E+06    3  4328     184   1.0  1.50E-07  8.22E-07  1.27E-13  0.00
 1732 8.6600E+06    3  4331     184   1.0  1.50E-07  8.21E-07  1.04E-12  0.00
 1733 8.6650E+06    3  4333     184   1.0  1.50E-07  8.21E-07  2.90E-10  0.00
 1734 8.6700E+06    3  4336     184   1.0  1.49E-07  8.21E-07  2.64E-13  0.00
 1735 8.6750E+06    3  4338     184   1.0  1.49E-07  8.21E-07  9.16E-13  0.00
 1736 8.6800E+06    3  4341     184   1.0  1.49E-07  8.21E-07  5.90E-12  0.00
 1737 8.6850E+06    3  4343     184   1.0  1.49E-07  8.21E-07  5.85E-13  0.00
 1738 8.6900E+06    3  4346     184   1.0  1.49E-07  8.20E-07  2.07E-13  0.00
 1739 8.6950E+06    3  4348     184   1.0  1.49E-07  8.20E-07  7.60E-12  0.00
 1740 8.7000E+06    3  4351     184   1.0  1.49E-07  8.20E-07  3.87E-13  0.00
 1741 8.7050E+06    3  4353     184   1.0  1.49E-07  8.20E-07  9.19E-14  0.00
 1742 8.7100E+06    3  4356     184   1.0  1.49E-07  8.20E-07  1.99E-12  0.00
 1743 8.7150E+06    3  4358     184   1.0  1.49E-07  8.20E-07  3.84E-13  0.00
 1744 8.7200E+06    3  4361     184   1.0  1.49E-07  8.19E-07  4.71E-12  0.00
 1745 8.7250E+06    3  4363     184   1.0  1.49E-07  8.19E-07  7.56E-13  0.00
 1746 8.7300E+06    3  4366     184   1.0  1.49E-07  8.19E-07  1.88E-12  0.00
 1747 8.7350E+06    3  4368     184   1.0  1.49E-07  8.19E-07  1.70E-12  0.00
 1748 8.7400E+06    3  4371     184   1.0  1.49E-07  8.19E-07  1.54E-12  0.00
 1749 8.7450E+06    3  4373     184   1.0  1.49E-07  8.19E-07  6.12E-13  0.00
 1750 8.7500E+06    3  4376     184   1.0  1.49E-07  8.18E-07  4.92E-13  0.00
 1751 8.7550E+06    3  4378     184   1.0  1.49E-07  8.18E-07  1.47E-13  0.00
 1752 8.7600E+06    3  4381     184   1.0  1.49E-07  8.18E-07  5.78E-14  0.00
 1753 8.7650E+06    3  4383     184   1.0  1.49E-07  8.18E-07  2.65E-13  0.00
 1754 8.7700E+06    3  4386     184   1.0  1.49E-07  8.18E-07  1.94E-13  0.00
 1755 8.7750E+06    3  4388     184   1.0  1.49E-07  8.18E-07  3.95E-13  0.00
 1756 8.7800E+06    3  4391     184   1.0  1.49E-07  8.17E-07  1.88E-12  0.00
 1757 8.7850E+06    3  4393     184   1.0  1.49E-07  8.17E-07  2.09E-13  0.00
 1758 8.7900E+06    3  4396     183   1.0  1.49E-07  8.17E-07  2.33E-12  0.00
 1759 8.7950E+06    3  4398     183   1.0  1.49E-07  8.17E-07  3.04E-13  0.00
 1760 8.8000E+06    3  4401     183   1.0  1.49E-07  8.17E-07  2.08E-13  0.00
 1761 8.8050E+06    3  4403     183   1.0  1.49E-07  8.17E-07  8.19E-13  0.00
 1762 8.8100E+06    3  4406     183   1.0  1.49E-07  8.16E-07  8.45E-13  0.00
 1763 8.8150E+06    3  4408     183   1.0  1.49E-07  8.16E-07  1.34E-11  0.00
 1764 8.8200E+06    3  4411     183   1.0  1.49E-07  8.16E-07  1.04E-12  0.00
 1765 8.8250E+06    3  4413     183   1.0  1.49E-07  8.16E-07  1.99E-11  0.00
 1766 8.8300E+06    3  4416     183   1.0  1.49E-07  8.16E-07  3.22E-12  0.00
 1767 8.8350E+06    3  4418     183   1.0  1.49E-07  8.16E-07  2.79E-12  0.00
 1768 8.8400E+06    3  4421     183   1.0  1.49E-07  8.15E-07  3.24E-12  0.00
 1769 8.8450E+06    3  4423     183   1.0  1.48E-07  8.15E-07  4.24E-12  0.00
 1770 8.8500E+06    3  4426     183   1.0  1.48E-07  8.15E-07  2.34E-12  0.00
 1771 8.8550E+06    3  4428     183   1.0  1.48E-07  8.15E-07  1.49E-12  0.00
 1772 8.8600E+06    3  4431     183   1.0  1.48E-07  8.15E-07  1.62E-13  0.00
 1773 8.8650E+06    3  4433     183   1.0  1.48E-07  8.15E-07  8.75E-11  0.00
 1774 8.8700E+06    3  4436     183   1.0  1.48E-07  8.14E-07  2.04E-11  0.00
 1775 8.8750E+06    3  4438     183   1.0  1.48E-07  8.14E-07  1.60E-12  0.00
 1776 8.8800E+06    3  4441     183   1.0  1.48E-07  8.14E-07  1.78E-13  0.00
 1777 8.8850E+06    3  4443     183   1.0  1.48E-07  8.14E-07  1.43E-12  0.00
 1778 8.8900E+06    3  4446     183   1.0  1.48E-07  8.14E-07  8.25E-14  0.00
 1779 8.8950E+06    3  4448     183   1.0  1.48E-07  8.14E-07  8.14E-14  0.00
 1780 8.9000E+06    3  4451     183   1.0  1.48E-07  8.13E-07  1.47E-12  0.00
 1781 8.9050E+06    3  4453     183   1.0  1.48E-07  8.13E-07  4.51E-13  0.00
 1782 8.9100E+06    3  4456     183   1.0  1.48E-07  8.13E-07  9.14E-13  0.00
 1783 8.9150E+06    3  4458     183   1.0  1.48E-07  8.13E-07  2.74E-12  0.00
 1784 8.9200E+06    3  4461     183   1.0  1.48E-07  8.13E-07  1.82E-13  0.00
 1785 8.9250E+06    3  4463     183   1.0  1.48E-07  8.12E-07  4.01E-13  0.00
 1786 8.9300E+06    3  4466     183   1.0  1.48E-07  8.12E-07  6.23E-11  0.00
 1787 8.9350E+06    3  4468     183   1.0  1.48E-07  8.12E-07  6.53E-13  0.00
 1788 8.9400E+06    3  4471     183   1.0  1.48E-07  8.12E-07  6.19E-13  0.00
 1789 8.9450E+06    3  4473     183   1.0  1.48E-07  8.12E-07  1.89E-13  0.00
 1790 8.9500E+06    3  4476     183   1.0  1.48E-07  8.12E-07  2.37E-13  0.00
 1791 8.9550E+06    3  4478     183   1.0  1.48E-07  8.11E-07  2.15E-12  0.00
 1792 8.9600E+06    3  4481     183   1.0  1.48E-07  8.11E-07  6.44E-12  0.00
 1793 8.9650E+06    3  4483     183   1.0  1.48E-07  8.11E-07  2.32E-14  0.00
 1794 8.9700E+06    3  4486     183   1.0  1.48E-07  8.11E-07  4.86E-13  0.00
 1795 8.9750E+06    3  4488     183   1.0  1.48E-07  8.11E-07  4.65E-13  0.00
 1796 8.9800E+06    3  4491     183   1.0  1.48E-07  8.11E-07  3.22E-13  0.00
 1797 8.9850E+06    3  4493     183   1.0  1.48E-07  8.10E-07  1.33E-12  0.00
 1798 8.9900E+06    3  4496     183   1.0  1.48E-07  8.10E-07  6.16E-13  0.00
 1799 8.9950E+06    3  4498     183   1.0  1.48E-07  8.10E-07  2.98E-12  0.00
 1800 9.0000E+06    3  4501     183   1.0  1.48E-07  8.10E-07  8.73E-13  0.00
 1801 9.0050E+06    3  4503     183   1.0  1.48E-07  8.10E-07  5.80E-13  0.00
 1802 9.0100E+06    3  4506     183   1.0  1.48E-07  8.10E-07  2.60E-13  0.00
 1803 9.0150E+06    3  4508     183   1.0  1.48E-07  8.09E-07  3.01E-13  0.00
 1804 9.0200E+06    3  4511     183   1.0  1.47E-07  8.09E-07  4.61E-14  0.00
 1805 9.0250E+06    3  4513     183   1.0  1.47E-07  8.09E-07  3.51E-12  0.00
 1806 9.0300E+06    3  4516     183   1.0  1.47E-07  8.09E-07  3.23E-13  0.00
 1807 9.0350E+06    3  4518     183   1.0  1.47E-07  8.09E-07  9.81E-13  0.00
 1808 9.0400E+06    3  4521     183   1.0  1.47E-07  8.09E-07  1.67E-13  0.00
 1809 9.0450E+06    3  4523     183   1.0  1.47E-07  8.08E-07  3.73E-13  0.00
 1810 9.0500E+06    3  4526     183   1.0  1.47E-07  8.08E-07  6.65E-12  0.00
 1811 9.0550E+06    3  4528     183   1.0  1.47E-07  8.08E-07  4.17E-12  0.00
 1812 9.0600E+06    3  4531     183   1.0  1.47E-07  8.08E-07  3.21E-12  0.00
 1813 9.0650E+06    3  4533     183   1.0  1.47E-07  8.08E-07  9.13E-13  0.00
 1814 9.0700E+06    3  4536     183   1.0  1.47E-07  8.08E-07  2.74E-12  0.00
 1815 9.0750E+06    3  4538     183   1.0  1.47E-07  8.07E-07  3.35E-13  0.00
 1816 9.0800E+06    3  4541     183   1.0  1.47E-07  8.07E-07  8.21E-13  0.00
 1817 9.0850E+06    3  4543     183   1.0  1.47E-07  8.07E-07  5.50E-13  0.00
 1818 9.0900E+06    3  4546     183   1.0  1.47E-07  8.07E-07  2.67E-11  0.00
 1819 9.0950E+06    3  4548     183   1.0  1.47E-07  8.07E-07  4.19E-12  0.00
 1820 9.1000E+06    3  4551     183   1.0  1.47E-07  8.07E-07  2.01E-13  0.00
 1821 9.1050E+06    3  4553     183   1.0  1.47E-07  8.06E-07  1.10E-10  0.00
 1822 9.1100E+06    3  4556     183   1.0  1.47E-07  8.06E-07  1.36E-12  0.00
 1823 9.1150E+06    3  4558     183   1.0  1.47E-07  8.06E-07  1.81E-13  0.00
 1824 9.1200E+06    3  4561     183   1.0  1.47E-07  8.06E-07  2.60E-13  0.00
 1825 9.1250E+06    3  4563     183   1.0  1.47E-07  8.06E-07  8.27E-12  0.00
 1826 9.1300E+06    3  4566     183   1.0  1.47E-07  8.06E-07  1.27E-12  0.00
 1827 9.1350E+06    3  4568     183   1.0  1.47E-07  8.05E-07  4.01E-13  0.00
 1828 9.1400E+06    3  4571     183   1.0  1.47E-07  8.05E-07  6.86E-12  0.00
 1829 9.1450E+06    3  4573     183   1.0  1.47E-07  8.05E-07  7.40E-13  0.00
 1830 9.1500E+06    3  4576     183   1.0  1.47E-07  8.05E-07  1.97E-12  0.00
 1831 9.1550E+06    3  4578     183   1.0  1.47E-07  8.05E-07  1.52E-13  0.00
 1832 9.1600E+06    3  4581     183   1.0  1.47E-07  8.05E-07  9.14E-13  0.00
 1833 9.1650E+06    3  4583     183   1.0  1.47E-07  8.04E-07  1.10E-12  0.00
 1834 9.1700E+06    3  4586     183   1.0  1.47E-07  8.04E-07  8.33E-14  0.00
 1835 9.1750E+06    3  4588     183   1.0  1.47E-07  8.04E-07  7.77E-14  0.00
 1836 9.1800E+06    3  4591     183   1.0  1.47E-07  8.04E-07  1.72E-13  0.00
 1837 9.1850E+06    3  4593     183   1.0  1.47E-07  8.04E-07  5.08E-13  0.00
 1838 9.1900E+06    3  4596     184   1.0  1.47E-07  8.04E-07  1.27E-12  0.00
 1839 9.1950E+06    3  4598     184   1.0  1.46E-07  8.03E-07  5.53E-13  0.00
 1840 9.2000E+06    3  4601     184   1.0  1.46E-07  8.03E-07  1.43E-13  0.00
 1841 9.2050E+06    3  4603     184   1.0  1.46E-07  8.03E-07  1.00E-12  0.00
 1842 9.2100E+06    3  4606     184   1.0  1.46E-07  8.03E-07  2.69E-13  0.00
 1843 9.2150E+06    3  4608     184   1.0  1.46E-07  8.03E-07  5.09E-12  0.00
 1844 9.2200E+06    3  4611     184   1.0  1.46E-07  8.02E-07  1.70E-12  0.00
 1845 9.2250E+06    3  4613     184   1.0  1.46E-07  8.02E-07  2.60E-12  0.00
 1846 9.2300E+06    3  4616     184   1.0  1.46E-07  8.02E-07  2.30E-13  0.00
 1847 9.2350E+06    3  4618     184   1.0  1.46E-07  8.02E-07  1.26E-13  0.00
 1848 9.2400E+06    3  4621     184   1.0  1.46E-07  8.02E-07  5.84E-13  0.00
 1849 9.2450E+06    3  4623     184   1.0  1.46E-07  8.02E-07  2.27E-12  0.00
 1850 9.2500E+06    3  4626     184   1.0  1.46E-07  8.01E-07  3.96E-13  0.00
 1851 9.2550E+06    3  4628     184   1.0  1.46E-07  8.01E-07  4.30E-13  0.00
 1852 9.2600E+06    3  4631     184   1.0  1.46E-07  8.01E-07  2.29E-12  0.00
 1853 9.2650E+06    3  4633     184   1.0  1.46E-07  8.01E-07  1.92E-12  0.00
 1854 9.2700E+06    3  4636     184   1.0  1.46E-07  8.01E-07  2.14E-10  0.00
 1855 9.2750E+06    3  4638     184   1.0  1.46E-07  8.01E-07  5.45E-13  0.00
 1856 9.2800E+06    3  4641     184   1.0  1.46E-07  8.00E-07  5.08E-13  0.00
 1857 9.2850E+06    3  4643     184   1.0  1.46E-07  8.00E-07  6.74E-13  0.00
 1858 9.2900E+06    3  4646     184   1.0  1.46E-07  8.00E-07  5.04E-13  0.00
 1859 9.2950E+06    3  4648     184   1.0  1.46E-07  8.00E-07  1.74E-12  0.00
 1860 9.3000E+06    3  4651     184   1.0  1.46E-07  8.00E-07  4.85E-13  0.00
 1861 9.3050E+06    3  4653     184   1.0  1.46E-07  8.00E-07  7.42E-13  0.00
 1862 9.3100E+06    3  4656     184   1.0  1.46E-07  7.99E-07  2.73E-13  0.00
 1863 9.3150E+06    3  4658     184   1.0  1.46E-07  7.99E-07  4.64E-13  0.00
 1864 9.3200E+06    3  4661     184   1.0  1.46E-07  7.99E-07  3.91E-13  0.00
 1865 9.3250E+06    3  4663     184   1.0  1.46E-07  7.99E-07  1.09E-12  0.00
 1866 9.3300E+06    3  4666     184   1.0  1.46E-07  7.99E-07  3.10E-14  0.00
 1867 9.3350E+06    3  4668     184   1.0  1.46E-07  7.99E-07  2.93E-13  0.00
 1868 9.3400E+06    3  4671     184   1.0  1.46E-07  7.98E-07  1.05E-12  0.00
 1869 9.3450E+06    3  4673     184   1.0  1.46E-07  7.98E-07  1.17E-12  0.00
 1870 9.3500E+06    3  4676     184   1.0  1.46E-07  7.98E-07  8.30E-12  0.00
 1871 9.3550E+06    3  4678     184   1.0  1.46E-07  7.98E-07  9.73E-13  0.00
 1872 9.3600E+06    3  4681     184   1.0  1.46E-07  7.98E-07  1.00E-13  0.00
 1873 9.3650E+06    3  4683     184   1.0  1.45E-07  7.98E-07  8.67E-14  0.00
 1874 9.3700E+06    3  4686     184   1.0  1.45E-07  7.97E-07  1.45E-12  0.00
 1875 9.3750E+06    3  4688     184   1.0  1.45E-07  7.97E-07  9.17E-13  0.00
 1876 9.3800E+06    3  4691     184   1.0  1.45E-07  7.97E-07  1.14E-13  0.00
 1877 9.3850E+06    3  4693     184   1.0  1.45E-07  7.97E-07  6.79E-13  0.00
 1878 9.3900E+06    3  4696     184   1.0  1.45E-07  7.97E-07  8.00E-13  0.00
 1879 9.3950E+06    3  4698     184   1.0  1.45E-07  7.96E-07  5.95E-12  0.00
 1880 9.4000E+06    3  4701     184   1.0  1.45E-07  7.96E-07  8.69E-12  0.00
 1881 9.4050E+06    3  4703     184   1.0  1.45E-07  7.96E-07  2.49E-11  0.00
 1882 9.4100E+06    3  4706     184   1.0  1.45E-07  7.96E-07  8.54E-13  0.00
 1883 9.4150E+06    3  4708     184   1.0  1.45E-07  7.96E-07  3.46E-12  0.00
 1884 9.4200E+06    3  4711     184   1.0  1.45E-07  7.96E-07  2.64E-13  0.00
 1885 9.4250E+06    3  4713     184   1.0  1.45E-07  7.95E-07  2.03E-12  0.00
 1886 9.4300E+06    3  4716     184   1.0  1.45E-07  7.95E-07  6.57E-13  0.00
 1887 9.4350E+06    3  4718     184   1.0  1.45E-07  7.95E-07  1.42E-12  0.00
 1888 9.4400E+06    3  4721     184   1.0  1.45E-07  7.95E-07  2.32E-13  0.00
 1889 9.4450E+06    3  4723     184   1.0  1.45E-07  7.95E-07  2.62E-12  0.00
 1890 9.4500E+06    3  4726     184   1.0  1.45E-07  7.95E-07  1.02E-12  0.00
 1891 9.4550E+06    3  4728     184   1.0  1.45E-07  7.94E-07  9.07E-13  0.00
 1892 9.4600E+06    3  4731     184   1.0  1.45E-07  7.94E-07  8.05E-14  0.00
 1893 9.4650E+06    3  4733     184   1.0  1.45E-07  7.94E-07  5.61E-13  0.00
 1894 9.4700E+06    3  4736     184   1.0  1.45E-07  7.94E-07  7.45E-13  0.00
 1895 9.4750E+06    3  4738     184   1.0  1.45E-07  7.94E-07  5.10E-11  0.00
 1896 9.4800E+06    3  4741     184   1.0  1.45E-07  7.94E-07  1.09E-12  0.00
 1897 9.4850E+06    3  4743     184   1.0  1.45E-07  7.93E-07  6.04E-13  0.00
 1898 9.4900E+06    3  4746     184   1.0  1.45E-07  7.93E-07  1.56E-11  0.00
 1899 9.4950E+06    3  4748     184   1.0  1.45E-07  7.93E-07  4.60E-13  0.00
 1900 9.5000E+06    3  4751     184   1.0  1.45E-07  7.93E-07  4.65E-13  0.00
 1901 9.5050E+06    3  4753     184   1.0  1.45E-07  7.93E-07  2.54E-14  0.00
 1902 9.5100E+06    3  4756     184   1.0  1.45E-07  7.93E-07  1.66E-13  0.00
 1903 9.5150E+06    3  4758     184   1.0  1.45E-07  7.92E-07  9.64E-13  0.00
 1904 9.5200E+06    3  4761     184   1.0  1.45E-07  7.92E-07  5.22E-13  0.00
 1905 9.5250E+06    3  4763     184   1.0  1.45E-07  7.92E-07  8.88E-13  0.00
 1906 9.5300E+06    3  4766     184   1.0  1.44E-07  7.92E-07  2.16E-13  0.00
 1907 9.5350E+06    3  4768     184   1.0  1.44E-07  7.92E-07  7.34E-13  0.00
 1908 9.5400E+06    3  4771     184   1.0  1.44E-07  7.91E-07  3.47E-12  0.00
 1909 9.5450E+06    3  4773     184   1.0  1.44E-07  7.91E-07  5.40E-13  0.00
 1910 9.5500E+06    3  4776     184   1.0  1.44E-07  7.91E-07  1.59E-13  0.00
 1911 9.5550E+06    3  4778     184   1.0  1.44E-07  7.91E-07  5.76E-13  0.00
 1912 9.5600E+06    3  4781     184   1.0  1.44E-07  7.91E-07  8.38E-13  0.00
 1913 9.5650E+06    3  4783     184   1.0  1.44E-07  7.91E-07  2.83E-11  0.00
 1914 9.5700E+06    3  4786     184   1.0  1.44E-07  7.90E-07  3.99E-13  0.00
 1915 9.5750E+06    3  4788     184   1.0  1.44E-07  7.90E-07  7.41E-13  0.00
 1916 9.5800E+06    3  4791     184   1.0  1.44E-07  7.90E-07  3.97E-14  0.00
 1917 9.5850E+06    3  4793     184   1.0  1.44E-07  7.90E-07  5.02E-14  0.00
 1918 9.5900E+06    3  4796     184   1.0  1.44E-07  7.90E-07  3.59E-13  0.00
 1919 9.5950E+06    3  4798     184   1.0  1.44E-07  7.90E-07  2.48E-13  0.00
 1920 9.6000E+06    3  4801     184   1.0  1.44E-07  7.89E-07  1.08E-12  0.00
 1921 9.6050E+06    3  4803     184   1.0  1.44E-07  7.89E-07  8.71E-14  0.00
 1922 9.6100E+06    3  4806     184   1.0  1.44E-07  7.89E-07  2.75E-13  0.00
 1923 9.6150E+06    3  4808     184   1.0  1.44E-07  7.89E-07  9.51E-13  0.00
 1924 9.6200E+06    3  4811     184   1.0  1.44E-07  7.89E-07  7.98E-13  0.00
 1925 9.6250E+06    3  4813     184   1.0  1.44E-07  7.89E-07  7.79E-13  0.00
 1926 9.6300E+06    3  4816     184   1.0  1.44E-07  7.88E-07  2.44E-13  0.00
 1927 9.6350E+06    3  4818     184   1.0  1.44E-07  7.88E-07  3.06E-13  0.00
 1928 9.6400E+06    3  4821     184   1.0  1.44E-07  7.88E-07  1.57E-12  0.00
 1929 9.6450E+06    3  4823     184   1.0  1.44E-07  7.88E-07  8.93E-14  0.00
 1930 9.6500E+06    3  4826     184   1.0  1.44E-07  7.88E-07  6.52E-14  0.00
 1931 9.6550E+06    3  4828     184   1.0  1.44E-07  7.87E-07  4.89E-13  0.00
 1932 9.6600E+06    3  4831     184   1.0  1.44E-07  7.87E-07  3.93E-13  0.00
 1933 9.6650E+06    3  4833     184   1.0  1.44E-07  7.87E-07  1.51E-11  0.00
 1934 9.6700E+06    3  4836     184   1.0  1.44E-07  7.87E-07  2.93E-13  0.00
 1935 9.6750E+06    3  4838     184   1.0  1.44E-07  7.87E-07  4.21E-11  0.00
 1936 9.6800E+06    3  4841     184   1.0  1.44E-07  7.87E-07  3.41E-13  0.00
 1937 9.6850E+06    3  4843     184   1.0  1.44E-07  7.86E-07  7.54E-11  0.00
 1938 9.6900E+06    3  4846     184   1.0  1.44E-07  7.86E-07  1.67E-12  0.00
 1939 9.6950E+06    3  4848     184   1.0  1.44E-07  7.86E-07  2.92E-14  0.00
 1940 9.7000E+06    3  4851     184   1.0  1.43E-07  7.86E-07  9.37E-14  0.00
 1941 9.7050E+06    3  4853     184   1.0  1.43E-07  7.86E-07  2.58E-11  0.00
 1942 9.7100E+06    3  4856     184   1.0  1.43E-07  7.86E-07  3.25E-13  0.00
 1943 9.7150E+06    3  4858     184   1.0  1.43E-07  7.85E-07  9.46E-14  0.00
 1944 9.7200E+06    3  4861     184   1.0  1.43E-07  7.85E-07  2.94E-13  0.00
 1945 9.7250E+06    3  4863     184   1.0  1.43E-07  7.85E-07  1.34E-11  0.00
 1946 9.7300E+06    3  4866     184   1.0  1.43E-07  7.85E-07  2.43E-13  0.00
 1947 9.7350E+06    3  4868     184   1.0  1.43E-07  7.85E-07  4.42E-12  0.00
 1948 9.7400E+06    3  4871     184   1.0  1.43E-07  7.85E-07  4.37E-13  0.00
 1949 9.7450E+06    3  4873     184   1.0  1.43E-07  7.84E-07  6.83E-14  0.00
 1950 9.7500E+06    3  4876     184   1.0  1.43E-07  7.84E-07  9.05E-13  0.00
 1951 9.7550E+06    3  4878     184   1.0  1.43E-07  7.84E-07  1.53E-12  0.00
 1952 9.7600E+06    3  4881     184   1.0  1.43E-07  7.84E-07  4.06E-14  0.00
 1953 9.7650E+06    3  4883     184   1.0  1.43E-07  7.84E-07  6.65E-13  0.00
 1954 9.7700E+06    3  4886     184   1.0  1.43E-07  7.84E-07  2.15E-11  0.00
 1955 9.7750E+06    3  4888     184   1.0  1.43E-07  7.83E-07  2.48E-13  0.00
 1956 9.7800E+06    3  4891     184   1.0  1.43E-07  7.83E-07  5.01E-12  0.00
 1957 9.7850E+06    3  4893     184   1.0  1.43E-07  7.83E-07  6.02E-13  0.00
 1958 9.7900E+06    3  4896     184   1.0  1.43E-07  7.83E-07  3.44E-13  0.00
 1959 9.7950E+06    3  4898     184   1.0  1.43E-07  7.83E-07  3.85E-12  0.00
 1960 9.8000E+06    3  4901     184   1.0  1.43E-07  7.82E-07  1.39E-12  0.00
 1961 9.8050E+06    3  4903     184   1.0  1.43E-07  7.82E-07  6.54E-13  0.00
 1962 9.8100E+06    3  4906     184   1.0  1.43E-07  7.82E-07  1.32E-12  0.00
 1963 9.8150E+06    3  4908     184   1.0  1.43E-07  7.82E-07  7.93E-11  0.00
 1964 9.8200E+06    3  4911     183   1.0  1.43E-07  7.82E-07  1.91E-12  0.00
 1965 9.8250E+06    3  4913     183   1.0  1.43E-07  7.82E-07  1.90E-12  0.00
 1966 9.8300E+06    3  4916     183   1.0  1.43E-07  7.81E-07  4.27E-13  0.00
 1967 9.8350E+06    3  4918     183   1.0  1.43E-07  7.81E-07  8.13E-12  0.00
 1968 9.8400E+06    3  4921     183   1.0  1.43E-07  7.81E-07  6.85E-13  0.00
 1969 9.8450E+06    3  4923     183   1.0  1.43E-07  7.81E-07  6.24E-13  0.00
 1970 9.8500E+06    3  4926     183   1.0  1.43E-07  7.81E-07  6.21E-13  0.00
 1971 9.8550E+06    3  4928     183   1.0  1.43E-07  7.81E-07  7.27E-13  0.00
 1972 9.8600E+06    3  4931     183   1.0  1.43E-07  7.80E-07  2.63E-10  0.00
 1973 9.8650E+06    3  4933     183   1.0  1.42E-07  7.80E-07  1.12E-12  0.00
 1974 9.8700E+06    3  4936     183   1.0  1.15E-07  5.83E-07  1.38E-12  0.00
 1975 9.8750E+06    3  4938     183   1.0  1.04E-07  5.10E-07  3.35E-12  0.00
 1976 9.8800E+06    3  4941     183   1.0  1.04E-07  5.10E-07  1.86E-13  0.00
 1977 9.8850E+06    3  4943     183   1.0  1.04E-07  5.09E-07  2.04E-13  0.00
 1978 9.8900E+06    3  4946     183   1.0  1.04E-07  5.09E-07  5.34E-13  0.00
 1979 9.8950E+06    3  4948     183   1.0  1.04E-07  5.09E-07  2.70E-13  0.00
 1980 9.9000E+06    3  4951     183   1.0  1.04E-07  5.09E-07  9.32E-14  0.00
 1981 9.9050E+06    3  4953     183   1.0  1.04E-07  5.09E-07  5.37E-12  0.00
 1982 9.9100E+06    3  4956     183   1.0  1.04E-07  5.09E-07  1.50E-13  0.00
 1983 9.9150E+06    3  4958     183   1.0  1.04E-07  5.09E-07  1.78E-12  0.00
 1984 9.9200E+06    3  4961     183   1.0  1.04E-07  5.09E-07  4.76E-13  0.00
 1985 9.9250E+06    3  4963     183   1.0  1.04E-07  5.09E-07  1.36E-12  0.00
 1986 9.9300E+06    3  4966     183   1.0  1.04E-07  5.08E-07  1.40E-14  0.00
 1987 9.9350E+06    3  4968     183   1.0  1.04E-07  5.08E-07  2.25E-13  0.00
 1988 9.9400E+06    3  4971     183   1.0  1.04E-07  5.08E-07  8.83E-13  0.00
 1989 9.9450E+06    3  4973     183   1.0  1.04E-07  5.08E-07  3.69E-13  0.00
 1990 9.9500E+06    3  4976     183   1.0  1.04E-07  5.08E-07  2.56E-14  0.00
 1991 9.9550E+06    3  4978     183   1.0  1.04E-07  5.08E-07  7.98E-13  0.00
 1992 9.9600E+06    3  4981     183   1.0  1.04E-07  5.08E-07  5.16E-12  0.00
 1993 9.9650E+06    3  4983     183   1.0  1.04E-07  5.08E-07  8.55E-13  0.00
 1994 9.9700E+06    3  4986     183   1.0  1.03E-07  5.08E-07  5.92E-13  0.00
 1995 9.9750E+06    3  4988     183   1.0  1.03E-07  5.08E-07  1.06E-12  0.00
 1996 9.9800E+06    3  4991     183   1.0  1.03E-07  5.07E-07  1.40E-12  0.00
 1997 9.9850E+06    3  4993     183   1.0  1.03E-07  5.07E-07  8.59E-13  0.00
 1998 9.9900E+06    3  4996     183   1.0  1.03E-07  5.07E-07  8.39E-12  0.00
 1999 9.9950E+06    3  4998     183   1.0  1.03E-07  5.07E-07  1.50E-12  0.00
 2000 1.0000E+07    3  5001     183   1.0  1.03E-07  5.07E-07  1.75E-13  0.00
 2001 1.0005E+07    3  5003     183   1.0  1.03E-07  5.07E-07  1.03E-12  0.00
 2002 1.0010E+07    3  5006     183   1.0  1.03E-07  5.07E-07  1.08E-12  0.00
 2003 1.0015E+07    3  5008     183   1.0  1.03E-07  5.07E-07  8.69E-13  0.00
 2004 1.0020E+07    3  5011     183   1.0  1.03E-07  5.07E-07  6.23E-14  0.00
 2005 1.0025E+07    3  5013     183   1.0  1.03E-07  5.06E-07  1.64E-14  0.00
 2006 1.0030E+07    3  5016     183   1.0  1.03E-07  5.06E-07  8.42E-14  0.00
 2007 1.0035E+07    3  5018     183   1.0  1.03E-07  5.06E-07  6.67E-13  0.00
 2008 1.0040E+07    3  5021     183   1.0  1.03E-07  5.06E-07  9.37E-14  0.00
 2009 1.0045E+07    3  5023     183   1.0  1.03E-07  5.06E-07  1.02E-10  0.00
 2010 1.0050E+07    3  5026     183   1.0  1.03E-07  5.06E-07  1.69E-12  0.00
 2011 1.0055E+07    3  5028     183   1.0  1.03E-07  5.06E-07  2.46E-13  0.00
 2012 1.0060E+07    3  5031     183   1.0  1.03E-07  5.06E-07  1.99E-13  0.00
 2013 1.0065E+07    3  5033     183   1.0  1.03E-07  5.06E-07  5.26E-14  0.00
 2014 1.0070E+07    3  5036     183   1.0  1.03E-07  5.06E-07  6.65E-14  0.00
 2015 1.0075E+07    3  5038     183   1.0  1.03E-07  5.05E-07  3.71E-13  0.00
 2016 1.0080E+07    3  5041     183   1.0  1.03E-07  5.05E-07  3.86E-13  0.00
 2017 1.0085E+07    3  5043     183   1.0  1.03E-07  5.05E-07  6.30E-13  0.00
 2018 1.0090E+07    3  5046     183   1.0  1.03E-07  5.05E-07  1.49E-12  0.00
 2019 1.0095E+07    3  5048     183   1.0  1.03E-07  5.05E-07  2.41E-12  0.00
 2020 1.0100E+07    3  5051     183   1.0  1.03E-07  5.05E-07  1.59E-10  0.00
 2021 1.0105E+07    3  5053     183   1.0  1.03E-07  5.05E-07  7.83E-13  0.00
 2022 1.0110E+07    3  5056     183   1.0  1.03E-07  5.05E-07  4.19E-12  0.00
 2023 1.0115E+07    3  5058     183   1.0  1.03E-07  5.05E-07  5.90E-13  0.00
 2024 1.0120E+07    3  5061     183   1.0  1.03E-07  5.04E-07  7.16E-14  0.00
 2025 1.0125E+07    3  5063     183   1.0  1.03E-07  5.04E-07  1.09E-13  0.00
 2026 1.0130E+07    3  5066     183   1.0  1.03E-07  5.04E-07  7.54E-13  0.00
 2027 1.0135E+07    3  5068     183   1.0  1.03E-07  5.04E-07  3.82E-12  0.00
 2028 1.0140E+07    3  5071     183   1.0  1.03E-07  5.04E-07  2.57E-13  0.00
 2029 1.0145E+07    3  5073     183   1.0  1.03E-07  5.04E-07  9.06E-13  0.00
 2030 1.0150E+07    3  5076     183   1.0  1.03E-07  5.04E-07  6.47E-12  0.00
 2031 1.0155E+07    3  5078     183   1.0  1.03E-07  5.04E-07  1.39E-13  0.00
 2032 1.0160E+07    3  5081     183   1.0  1.03E-07  5.04E-07  2.55E-12  0.00
 2033 1.0165E+07    3  5083     183   1.0  1.03E-07  5.04E-07  1.29E-12  0.00
 2034 1.0170E+07    3  5086     183   1.0  1.03E-07  5.03E-07  7.81E-13  0.00
 2035 1.0175E+07    3  5088     183   1.0  1.03E-07  5.03E-07  4.24E-13  0.00
 2036 1.0180E+07    3  5091     183   1.0  1.03E-07  5.03E-07  1.04E-12  0.00
 2037 1.0185E+07    3  5093     183   1.0  1.03E-07  5.03E-07  5.30E-12  0.00
 2038 1.0190E+07    3  5096     183   1.0  1.03E-07  5.03E-07  6.28E-13  0.00
 2039 1.0195E+07    3  5098     183   1.0  1.03E-07  5.03E-07  5.66E-13  0.00
 2040 1.0200E+07    3  5101     183   1.0  1.03E-07  5.03E-07  1.89E-11  0.00
 2041 1.0205E+07    3  5103     183   1.0  1.02E-07  5.03E-07  7.11E-13  0.00
 2042 1.0210E+07    3  5106     183   1.0  1.02E-07  5.03E-07  8.69E-13  0.00
 2043 1.0215E+07    3  5108     183   1.0  1.02E-07  5.03E-07  9.23E-14  0.00
 2044 1.0220E+07    3  5111     183   1.0  1.03E-07  5.02E-07  1.02E-13  0.00
 2045 1.0225E+07    3  5113     183   1.0  1.02E-07  5.02E-07  3.13E-14  0.00
 2046 1.0230E+07    3  5116     183   1.0  1.02E-07  5.02E-07  2.68E-13  0.00
 2047 1.0235E+07    3  5118     183   1.0  1.02E-07  5.02E-07  1.60E-13  0.00
 2048 1.0240E+07    3  5121     183   1.0  1.02E-07  5.02E-07  5.02E-13  0.00
 2049 1.0245E+07    3  5123     183   1.0  1.02E-07  5.02E-07  5.40E-13  0.00
 2050 1.0250E+07    3  5126     183   1.0  1.02E-07  5.02E-07  3.08E-12  0.00
 2051 1.0255E+07    3  5128     183   1.0  1.02E-07  5.02E-07  1.61E-12  0.00
 2052 1.0260E+07    3  5131     183   1.0  1.02E-07  5.02E-07  2.27E-11  0.00
 2053 1.0265E+07    3  5133     183   1.0  1.02E-07  5.01E-07  9.63E-13  0.00
 2054 1.0270E+07    3  5136     183   1.0  1.02E-07  5.01E-07  4.17E-13  0.00
 2055 1.0275E+07    3  5138     183   1.0  1.02E-07  5.01E-07  9.42E-13  0.00
 2056 1.0280E+07    3  5141     183   1.0  1.02E-07  5.01E-07  3.42E-13  0.00
 2057 1.0285E+07    3  5143     183   1.0  1.02E-07  5.01E-07  5.10E-14  0.00
 2058 1.0290E+07    3  5146     183   1.0  1.02E-07  5.01E-07  3.65E-13  0.00
 2059 1.0295E+07    3  5148     183   1.0  1.02E-07  5.01E-07  1.84E-10  0.00
 2060 1.0300E+07    3  5151     183   1.0  1.02E-07  5.01E-07  1.08E-12  0.00
 2061 1.0305E+07    3  5153     183   1.0  1.02E-07  5.01E-07  1.33E-12  0.00
 2062 1.0310E+07    3  5156     183   1.0  1.02E-07  5.01E-07  9.47E-13  0.00
 2063 1.0315E+07    3  5158     183   1.0  1.02E-07  5.00E-07  1.32E-13  0.00
 2064 1.0320E+07    3  5161     183   1.0  1.02E-07  5.00E-07  5.33E-12  0.00
 2065 1.0325E+07    3  5163     183   1.0  1.02E-07  5.00E-07  6.65E-13  0.00
 2066 1.0330E+07    3  5166     183   1.0  1.02E-07  5.00E-07  2.70E-13  0.00
 2067 1.0335E+07    3  5168     183   1.0  1.02E-07  5.00E-07  2.70E-12  0.00
 2068 1.0340E+07    3  5171     183   1.0  1.02E-07  5.00E-07  3.35E-13  0.00
 2069 1.0345E+07    3  5173     183   1.0  1.02E-07  5.00E-07  2.03E-12  0.00
 2070 1.0350E+07    3  5176     183   1.0  1.02E-07  5.00E-07  3.96E-13  0.00
 2071 1.0355E+07    3  5178     183   1.0  1.02E-07  5.00E-07  1.24E-12  0.00
 2072 1.0360E+07    3  5181     183   1.0  1.02E-07  4.99E-07  4.94E-13  0.00
 2073 1.0365E+07    3  5183     183   1.0  1.02E-07  4.99E-07  2.32E-13  0.00
 2074 1.0370E+07    3  5186     183   1.0  1.02E-07  4.99E-07  4.21E-13  0.00
 2075 1.0375E+07    3  5188     183   1.0  1.02E-07  4.99E-07  6.62E-13  0.00
 2076 1.0380E+07    3  5191     183   1.0  1.02E-07  4.99E-07  5.22E-14  0.00
 2077 1.0385E+07    3  5193     183   1.0  1.02E-07  4.99E-07  7.25E-13  0.00
 2078 1.0390E+07    3  5196     183   1.0  1.02E-07  4.99E-07  3.14E-13  0.00
 2079 1.0395E+07    3  5198     183   1.0  1.02E-07  4.99E-07  6.62E-11  0.00
 2080 1.0400E+07    3  5201     183   1.0  1.02E-07  4.99E-07  1.49E-13  0.00
 2081 1.0405E+07    3  5203     183   1.0  1.02E-07  4.99E-07  3.62E-13  0.00
 2082 1.0410E+07    3  5206     183   1.0  1.02E-07  4.98E-07  4.07E-13  0.00
 2083 1.0415E+07    3  5208     183   1.0  1.02E-07  4.98E-07  2.85E-11  0.00
 2084 1.0420E+07    3  5211     183   1.0  1.02E-07  4.98E-07  2.47E-14  0.00
 2085 1.0425E+07    3  5213     183   1.0  1.02E-07  4.98E-07  9.08E-13  0.00
 2086 1.0430E+07    3  5216     183   1.0  1.02E-07  4.98E-07  6.94E-12  0.00
 2087 1.0435E+07    3  5218     183   1.0  1.02E-07  4.98E-07  6.88E-13  0.00
 2088 1.0440E+07    3  5221     183   1.0  1.01E-07  4.98E-07  1.76E-13  0.00
 2089 1.0445E+07    3  5223     183   1.0  1.01E-07  4.98E-07  5.62E-13  0.00
 2090 1.0450E+07    3  5226     183   1.0  1.01E-07  4.98E-07  8.87E-14  0.00
 2091 1.0455E+07    3  5228     183   1.0  1.01E-07  4.97E-07  7.87E-14  0.00
 2092 1.0460E+07    3  5231     183   1.0  1.02E-07  5.00E-07  9.18E-11  0.00
 2093 1.0465E+07    3  5233     183   1.0  1.01E-07  4.95E-07  7.67E-12  0.00
 2094 1.0470E+07    3  5236     183   1.0  1.01E-07  4.94E-07  1.14E-11  0.00
 2095 1.0475E+07    3  5238     183   1.0  1.01E-07  4.94E-07  2.42E-13  0.00
 2096 1.0480E+07    3  5241     183   1.0  1.01E-07  4.94E-07  5.23E-13  0.00
 2097 1.0485E+07    3  5243     183   1.0  1.01E-07  4.94E-07  6.25E-13  0.00
 2098 1.0490E+07    3  5246     183   1.0  1.07E-07  5.13E-07  1.78E-13  0.00
 2099 1.0495E+07    3  5248     183   1.0  1.06E-07  5.13E-07  4.22E-13  0.00
 2100 1.0500E+07    3  5251     183   1.0  1.05E-07  5.13E-07  2.04E-13  0.00
 2101 1.0505E+07    3  5253     183   1.0  1.05E-07  5.13E-07  2.55E-12  0.00
 2102 1.0510E+07    3  5256     183   1.0  1.06E-07  5.13E-07  9.71E-11  0.00
 2103 1.0515E+07    3  5258     183   1.0  1.05E-07  5.13E-07  2.05E-13  0.00
 2104 1.0520E+07    3  5261     183   1.0  1.05E-07  5.13E-07  9.54E-14  0.00
 2105 1.0525E+07    3  5263     183   1.0  1.05E-07  5.13E-07  4.91E-13  0.00
 2106 1.0530E+07    3  5266     183   1.0  1.18E-07  7.44E-07  4.94E-13  0.00
 2107 1.0535E+07    3  5268     183   1.0  1.23E-07  8.43E-07  6.12E-13  0.00
 2108 1.0540E+07    3  5271     183   1.0  1.23E-07  8.43E-07  1.15E-12  0.00
 2109 1.0545E+07    3  5273     183   1.0  1.23E-07  8.43E-07  7.89E-13  0.00
 2110 1.0550E+07    3  5276     183   1.0  1.23E-07  8.43E-07  7.12E-12  0.00
 2111 1.0555E+07    3  5278     183   1.0  1.23E-07  8.43E-07  2.02E-13  0.00
 2112 1.0560E+07    3  5281     183   1.0  1.23E-07  8.43E-07  2.12E-12  0.00
 2113 1.0565E+07    3  5283     183   1.0  1.23E-07  8.43E-07  9.06E-11  0.00
 2114 1.0570E+07    3  5286     183   1.0  1.23E-07  8.43E-07  2.95E-13  0.00
 2115 1.0575E+07    3  5288     183   1.0  1.23E-07  8.43E-07  6.50E-11  0.00
 2116 1.0580E+07    3  5291     183   1.0  1.23E-07  8.42E-07  8.32E-14  0.00
 2117 1.0585E+07    3  5293     183   1.0  1.23E-07  8.42E-07  4.01E-13  0.00
 2118 1.0590E+07    3  5296     183   1.0  1.23E-07  8.42E-07  4.86E-14  0.00
 2119 1.0595E+07    3  5298     183   1.0  1.23E-07  8.42E-07  3.68E-14  0.00
 2120 1.0600E+07    3  5301     183   1.0  1.23E-07  8.42E-07  4.15E-13  0.00
 2121 1.0605E+07    3  5303     183   1.0  1.23E-07  8.42E-07  8.10E-14  0.00
 2122 1.0610E+07    3  5306     183   1.0  1.23E-07  8.42E-07  1.58E-13  0.00
 2123 1.0615E+07    3  5308     183   1.0  1.23E-07  8.42E-07  9.40E-13  0.00
 2124 1.0620E+07    3  5311     183   1.0  1.23E-07  8.42E-07  3.66E-13  0.00
 2125 1.0625E+07    3  5313     183   1.0  1.23E-07  8.41E-07  2.11E-13  0.00
 2126 1.0630E+07    3  5316     183   1.0  1.23E-07  8.41E-07  1.19E-12  0.00
 2127 1.0635E+07    3  5318     183   1.0  1.23E-07  8.41E-07  9.45E-12  0.00
 2128 1.0640E+07    3  5321     183   1.0  1.23E-07  8.41E-07  6.95E-12  0.00
 2129 1.0645E+07    3  5323     183   1.0  1.23E-07  8.41E-07  1.06E-13  0.00
 2130 1.0650E+07    3  5326     183   1.0  1.22E-07  8.41E-07  9.72E-13  0.00
 2131 1.0655E+07    3  5328     183   1.0  1.22E-07  8.41E-07  1.13E-13  0.00
 2132 1.0660E+07    3  5331     183   1.0  1.22E-07  8.41E-07  1.01E-12  0.00
 2133 1.0665E+07    3  5333     183   1.0  1.22E-07  8.41E-07  6.10E-12  0.00
 2134 1.0670E+07    3  5336     183   1.0  1.22E-07  8.40E-07  1.66E-13  0.00
 2135 1.0675E+07    3  5338     183   1.0  1.22E-07  8.40E-07  5.73E-12  0.00
 2136 1.0680E+07    3  5341     183   1.0  1.22E-07  8.40E-07  4.95E-11  0.00
 2137 1.0685E+07    3  5343     183   1.0  1.22E-07  8.40E-07  3.18E-13  0.00
 2138 1.0690E+07    3  5346     183   1.0  1.22E-07  8.40E-07  3.58E-14  0.00
 2139 1.0695E+07    3  5348     183   1.0  1.22E-07  8.40E-07  2.62E-13  0.00
 2140 1.0700E+07    3  5351     183   1.0  1.22E-07  8.40E-07  1.52E-13  0.00
 2141 1.0705E+07    3  5353     183   1.0  1.22E-07  8.40E-07  6.02E-13  0.00
 2142 1.0710E+07    3  5356     183   1.0  1.22E-07  8.40E-07  9.36E-12  0.00
 2143 1.0715E+07    3  5358     183   1.0  1.22E-07  8.39E-07  3.89E-14  0.00
 2144 1.0720E+07    3  5361     183   1.0  1.22E-07  8.39E-07  6.02E-12  0.00
 2145 1.0725E+07    3  5363     183   1.0  1.22E-07  8.39E-07  6.61E-13  0.00
 2146 1.0730E+07    3  5366     183   1.0  1.22E-07  8.39E-07  3.14E-12  0.00
 2147 1.0735E+07    3  5368     183   1.0  1.22E-07  8.39E-07  1.19E-12  0.00
 2148 1.0740E+07    3  5371     183   1.0  1.22E-07  8.39E-07  5.89E-12  0.00
 2149 1.0745E+07    3  5373     183   1.0  1.22E-07  8.39E-07  1.89E-12  0.00
 2150 1.0750E+07    3  5376     183   1.0  1.22E-07  8.39E-07  3.77E-13  0.00
 2151 1.0755E+07    3  5378     183   1.0  1.22E-07  8.39E-07  2.09E-13  0.00
 2152 1.0760E+07    3  5381     183   1.0  1.22E-07  8.38E-07  5.59E-13  0.00
 2153 1.0765E+07    3  5383     183   1.0  1.22E-07  8.38E-07  6.65E-14  0.00
 2154 1.0770E+07    3  5386     183   1.0  1.23E-07  8.43E-07  1.06E-13  0.00
 2155 1.0775E+07    3  5388     183   1.0  1.23E-07  8.43E-07  1.27E-12  0.00
 2156 1.0780E+07    3  5391     183   1.0  1.23E-07  8.43E-07  2.62E-13  0.00
 2157 1.0785E+07    3  5393     183   1.0  1.23E-07  8.43E-07  1.27E-13  0.00
 2158 1.0790E+07    3  5396     183   1.0  1.23E-07  8.42E-07  6.80E-14  0.00
 2159 1.0795E+07    3  5398     183   1.0  1.23E-07  8.42E-07  2.76E-11  0.00
 2160 1.0800E+07    3  5401     183   1.0  1.23E-07  8.42E-07  8.71E-14  0.00
 2161 1.0805E+07    3  5403     183   1.0  1.23E-07  8.42E-07  2.90E-13  0.00
 2162 1.0810E+07    3  5406     183   1.0  1.23E-07  8.42E-07  5.16E-13  0.00
 2163 1.0815E+07    3  5408     183   1.0  1.23E-07  8.42E-07  4.54E-13  0.00
 2164 1.0820E+07    3  5411     183   1.0  1.23E-07  8.42E-07  3.44E-13  0.00
 2165 1.0825E+07    3  5413     183   1.0  1.24E-07  8.54E-07  3.37E-12  0.00
 2166 1.0830E+07    3  5416     183   1.0  1.35E-07  9.44E-07  8.70E-14  0.00
 2167 1.0835E+07    3  5418     183   1.0  1.35E-07  9.44E-07  1.38E-13  0.00
 2168 1.0840E+07    3  5421     183   1.0  1.35E-07  9.44E-07  1.06E-12  0.00
 2169 1.0845E+07    3  5423     183   1.0  1.35E-07  9.44E-07  6.35E-14  0.00
 2170 1.0850E+07    3  5426     183   1.0  1.35E-07  9.44E-07  1.61E-13  0.00
 2171 1.0855E+07    3  5428     183   1.0  1.35E-07  9.43E-07  6.47E-12  0.00
 2172 1.0860E+07    3  5431     183   1.0  1.35E-07  9.43E-07  5.83E-13  0.00
 2173 1.0865E+07    3  5433     183   1.0  1.36E-07  9.40E-07  3.70E-13  0.00
 2174 1.0870E+07    3  5436     183   1.0  1.36E-07  9.39E-07  1.79E-12  0.00
 2175 1.0875E+07    3  5438     183   1.0  1.36E-07  9.39E-07  1.50E-12  0.00
 2176 1.0880E+07    3  5441     183   1.0  1.36E-07  9.39E-07  6.03E-13  0.00
 2177 1.0885E+07    3  5443     183   1.0  1.35E-07  9.39E-07  2.83E-13  0.00
 2178 1.0890E+07    3  5446     183   1.0  1.35E-07  9.38E-07  3.68E-13  0.00
 2179 1.0895E+07    3  5448     183   1.0  1.35E-07  9.38E-07  3.09E-12  0.00
 2180 1.0900E+07    3  5451     183   1.0  1.35E-07  9.38E-07  8.69E-13  0.00
 2181 1.0905E+07    3  5453     183   1.0  1.35E-07  9.38E-07  9.63E-12  0.00
 2182 1.0910E+07    3  5456     183   1.0  1.35E-07  9.38E-07  7.11E-13  0.00
 2183 1.0915E+07    3  5458     183   1.0  1.35E-07  9.38E-07  1.20E-12  0.00
 2184 1.0920E+07    3  5461     183   1.0  1.35E-07  9.38E-07  2.11E-13  0.00
 2185 1.0925E+07    3  5463     183   1.0  1.35E-07  9.37E-07  5.91E-13  0.00
 2186 1.0930E+07    3  5466     183   1.0  1.35E-07  9.37E-07  1.33E-11  0.00
 2187 1.0935E+07    3  5468     183   1.0  1.35E-07  9.37E-07  4.00E-12  0.00
 2188 1.0940E+07    3  5471     183   1.0  1.35E-07  9.37E-07  9.41E-13  0.00
 2189 1.0945E+07    3  5473     183   1.0  1.35E-07  9.37E-07  4.57E-13  0.00
 2190 1.0950E+07    3  5476     183   1.0  1.35E-07  9.37E-07  1.92E-14  0.00
 2191 1.0955E+07    3  5478     183   1.0  1.34E-07  9.21E-07  2.78E-11  0.00
 2192 1.0960E+07    3  5481     183   1.0  1.51E-07  9.11E-07  5.26E-13  0.00
 2193 1.0965E+07    3  5483     183   1.0  1.65E-07  9.76E-07  1.56E-13  0.00
 2194 1.0970E+07    3  5486     183   1.0  1.65E-07  9.76E-07  2.36E-13  0.00
 2195 1.0975E+07    3  5488     183   1.0  1.65E-07  9.76E-07  2.78E-12  0.00
 2196 1.0980E+07    3  5491     183   1.0  1.65E-07  9.76E-07  6.46E-12  0.00
 2197 1.0985E+07    3  5493     183   1.0  1.65E-07  9.76E-07  1.89E-12  0.00
 2198 1.0990E+07    3  5496     183   1.0  1.65E-07  9.75E-07  1.27E-13  0.00
 2199 1.0995E+07    3  5498     183   1.0  1.65E-07  9.75E-07  4.69E-13  0.00
 2200 1.1000E+07    3  5501     183   1.0  1.65E-07  9.75E-07  4.69E-13  0.00
 2201 1.1005E+07    3  5503     183   1.0  1.65E-07  9.75E-07  6.56E-13  0.00
 2202 1.1010E+07    3  5506     183   1.0  1.65E-07  9.75E-07  5.37E-12  0.00
 2203 1.1015E+07    3  5508     183   1.0  1.65E-07  9.75E-07  2.03E-13  0.00
 2204 1.1020E+07    3  5511     183   1.0  1.65E-07  9.75E-07  1.68E-12  0.00
 2205 1.1025E+07    3  5513     183   1.0  1.65E-07  9.75E-07  5.31E-13  0.00
 2206 1.1030E+07    3  5516     183   1.0  1.65E-07  9.74E-07  3.06E-13  0.00
 2207 1.1035E+07    3  5518     183   1.0  1.61E-07  9.57E-07  6.51E-12  0.00
 2208 1.1040E+07    3  5521     183   1.0  1.28E-07  8.77E-07  3.31E-13  0.00
 2209 1.1045E+07    3  5523     183   1.0  1.24E-07  9.09E-07  1.65E-12  0.00
 2210 1.1050E+07    3  5526     183   1.0  1.24E-07  9.09E-07  8.76E-13  0.00
 2211 1.1055E+07    3  5528     183   1.0  1.28E-07  9.35E-07  3.99E-11  0.00
 2212 1.1060E+07    3  5531     183   1.0  1.48E-07  1.09E-06  2.58E-14  0.00
 2213 1.1065E+07    3  5533     183   1.0  1.48E-07  1.09E-06  5.45E-12  0.00
 2214 1.1070E+07    3  5536     183   1.0  1.48E-07  1.09E-06  3.10E-13  0.00
 2215 1.1075E+07    3  5538     183   1.0  1.48E-07  1.09E-06  1.07E-12  0.00
 2216 1.1080E+07    3  5541     183   1.0  1.48E-07  1.09E-06  3.83E-13  0.00
 2217 1.1085E+07    3  5543     183   1.0  1.48E-07  1.09E-06  7.84E-14  0.00
 2218 1.1090E+07    3  5546     183   1.0  1.48E-07  1.08E-06  2.36E-12  0.00
 2219 1.1095E+07    3  5548     183   1.0  1.50E-07  1.07E-06  3.34E-12  0.00
 2220 1.1100E+07    3  5551     183   1.0  1.49E-07  1.07E-06  5.16E-12  0.00
 2221 1.1105E+07    3  5553     183   1.0  1.49E-07  1.07E-06  3.13E-13  0.00
 2222 1.1110E+07    3  5556     183   1.0  1.49E-07  1.07E-06  2.79E-13  0.00
 2223 1.1115E+07    3  5558     183   1.0  1.49E-07  1.07E-06  6.43E-12  0.00
 2224 1.1120E+07    3  5561     183   1.0  1.49E-07  1.07E-06  2.31E-12  0.00
 2225 1.1125E+07    3  5563     183   1.0  1.49E-07  1.07E-06  1.51E-12  0.00
 2226 1.1130E+07    3  5566     183   1.0  1.49E-07  1.07E-06  1.10E-12  0.00
 2227 1.1135E+07    3  5568     183   1.0  1.49E-07  1.07E-06  7.03E-13  0.00
 2228 1.1140E+07    3  5571     183   1.0  1.49E-07  1.07E-06  1.38E-12  0.00
 2229 1.1145E+07    3  5573     183   1.0  1.49E-07  1.07E-06  9.22E-13  0.00
 2230 1.1150E+07    3  5576     183   1.0  1.49E-07  1.07E-06  7.11E-13  0.00
 2231 1.1155E+07    3  5578     183   1.0  1.49E-07  1.07E-06  1.77E-12  0.00
 2232 1.1160E+07    3  5581     183   1.0  1.49E-07  1.07E-06  7.22E-14  0.00
 2233 1.1165E+07    3  5583     183   1.0  1.49E-07  1.07E-06  1.44E-12  0.00
 2234 1.1170E+07    3  5586     183   1.0  1.49E-07  1.07E-06  8.94E-13  0.00
 2235 1.1175E+07    3  5588     183   1.0  1.49E-07  1.07E-06  4.27E-13  0.00
 2236 1.1180E+07    3  5591     183   1.0  1.49E-07  1.07E-06  4.50E-12  0.00
 2237 1.1185E+07    3  5593     183   1.0  1.49E-07  1.07E-06  1.33E-11  0.00
 2238 1.1190E+07    3  5596     183   1.0  1.49E-07  1.07E-06  6.98E-13  0.00
 2239 1.1195E+07    3  5598     183   1.0  1.49E-07  1.07E-06  2.88E-13  0.00
 2240 1.1200E+07    3  5601     183   1.0  1.49E-07  1.07E-06  3.65E-13  0.00
 2241 1.1205E+07    3  5603     183   1.0  1.49E-07  1.07E-06  5.83E-13  0.00
 2242 1.1210E+07    3  5606     183   1.0  1.49E-07  1.07E-06  2.83E-13  0.00
 2243 1.1215E+07    3  5608     183   1.0  1.49E-07  1.07E-06  3.76E-13  0.00
 2244 1.1220E+07    3  5611     183   1.0  1.49E-07  1.07E-06  9.66E-12  0.00
 2245 1.1225E+07    3  5613     183   1.0  1.49E-07  1.07E-06  3.33E-13  0.00
 2246 1.1230E+07    3  5616     183   1.0  1.49E-07  1.07E-06  8.57E-13  0.00
 2247 1.1235E+07    3  5618     183   1.0  1.49E-07  1.07E-06  3.68E-12  0.00
 2248 1.1240E+07    3  5621     183   1.0  1.49E-07  1.07E-06  4.92E-13  0.00
 2249 1.1245E+07    3  5623     183   1.0  1.49E-07  1.07E-06  4.61E-13  0.00
 2250 1.1250E+07    3  5626     183   1.0  1.49E-07  1.07E-06  1.58E-13  0.00
 2251 1.1255E+07    3  5628     183   1.0  1.49E-07  1.07E-06  1.90E-12  0.00
 2252 1.1260E+07    3  5631     183   1.0  1.49E-07  1.07E-06  4.16E-11  0.00
 2253 1.1265E+07    3  5633     183   1.0  1.49E-07  1.07E-06  5.14E-12  0.00
 2254 1.1270E+07    3  5636     183   1.0  1.49E-07  1.07E-06  7.84E-12  0.00
 2255 1.1275E+07    3  5638     183   1.0  1.49E-07  1.07E-06  4.51E-12  0.00
 2256 1.1280E+07    3  5641     183   1.0  1.49E-07  1.07E-06  1.12E-12  0.00
 2257 1.1285E+07    3  5643     183   1.0  1.49E-07  1.07E-06  1.09E-13  0.00
 2258 1.1290E+07    3  5646     183   1.0  1.49E-07  1.07E-06  3.10E-12  0.00
 2259 1.1295E+07    3  5648     183   1.0  1.49E-07  1.07E-06  4.91E-13  0.00
 2260 1.1300E+07    3  5651     183   1.0  1.49E-07  1.07E-06  2.82E-12  0.00
 2261 1.1305E+07    3  5653     183   1.0  1.49E-07  1.07E-06  4.51E-13  0.00
 2262 1.1310E+07    3  5656     183   1.0  1.49E-07  1.07E-06  4.58E-13  0.00
 2263 1.1315E+07    3  5658     183   1.0  1.49E-07  1.07E-06  4.44E-13  0.00
 2264 1.1320E+07    3  5661     183   1.0  1.49E-07  1.07E-06  5.62E-14  0.00
 2265 1.1325E+07    3  5663     183   1.0  1.49E-07  1.07E-06  2.79E-12  0.00
 2266 1.1330E+07    3  5666     183   1.0  1.49E-07  1.07E-06  4.75E-13  0.00
 2267 1.1335E+07    3  5668     183   1.0  1.49E-07  1.07E-06  3.69E-14  0.00
 2268 1.1340E+07    3  5671     183   1.0  1.49E-07  1.07E-06  2.79E-13  0.00
 2269 1.1345E+07    3  5673     183   1.0  1.49E-07  1.07E-06  1.09E-12  0.00
 2270 1.1350E+07    3  5676     183   1.0  1.49E-07  1.07E-06  2.56E-12  0.00
 2271 1.1355E+07    3  5678     183   1.0  1.49E-07  1.07E-06  1.96E-12  0.00
 2272 1.1360E+07    3  5681     183   1.0  2.42E-07  1.68E-06  1.14E-12  0.00
 2273 1.1365E+07    3  5683     183   1.0  2.64E-07  1.83E-06  8.73E-13  0.00
 2274 1.1370E+07    3  5686     183   1.0  2.63E-07  1.82E-06  3.68E-12  0.00
 2275 1.1375E+07    3  5688     183   1.0  2.64E-07  1.89E-06  3.86E-12  0.00
 2276 1.1380E+07    3  5691     183   1.0  2.66E-07  1.91E-06  2.55E-12  0.00
 2277 1.1385E+07    3  5693     183   1.0  2.65E-07  1.90E-06  4.90E-12  0.00
 2278 1.1390E+07    3  5696     183   1.0  2.64E-07  1.90E-06  5.61E-13  0.00
 2279 1.1395E+07    3  5698     183   1.0  2.63E-07  1.89E-06  2.47E-12  0.00
 2280 1.1400E+07    3  5701     183   1.0  2.62E-07  1.88E-06  1.85E-12  0.00
 2281 1.1405E+07    3  5703     183   1.0  3.24E-07  2.35E-06  1.71E-10  0.00
 2282 1.1410E+07    3  5706     183   1.0  5.08E-07  3.65E-06  1.95E-12  0.00
 2283 1.1415E+07    3  5708     183   1.0  4.99E-07  3.59E-06  1.91E-12  0.00
 2284 1.1420E+07    3  5711     183   1.0  4.91E-07  3.53E-06  5.33E-12  0.00
 2285 1.1425E+07    3  5713     183   1.0  4.83E-07  3.47E-06  8.29E-12  0.00
 2286 1.1430E+07    3  5716     183   1.0  4.76E-07  3.42E-06  7.92E-11  0.00
 2287 1.1435E+07    3  5718     183   1.0  4.70E-07  3.37E-06  1.28E-11  0.00
 2288 1.1440E+07    3  5721     183   1.0  4.62E-07  3.32E-06  1.16E-11  0.00
 2289 1.1445E+07    3  5723     183   1.0  4.56E-07  3.28E-06  3.09E-12  0.00
 2290 1.1450E+07    3  5726     183   1.0  4.50E-07  3.24E-06  2.22E-11  0.00
 2291 1.1455E+07    3  5728     183   1.0  4.44E-07  3.20E-06  1.69E-11  0.00
 2292 1.1460E+07    3  5731     183   1.0  4.39E-07  3.16E-06  5.44E-12  0.00
 2293 1.1465E+07    3  5733     183   1.0  4.34E-07  3.12E-06  7.27E-13  0.00
 2294 1.1470E+07    3  5736     183   1.0  4.29E-07  3.08E-06  1.81E-12  0.00
 2295 1.1475E+07    3  5738     183   1.0  4.24E-07  3.05E-06  3.45E-12  0.00
 2296 1.1480E+07    3  5741     183   1.0  4.23E-07  3.04E-06  5.98E-13  0.00
 2297 1.1485E+07    3  5743     183   1.0  4.25E-07  3.05E-06  1.04E-11  0.00
 2298 1.1490E+07    3  5746     183   1.0  4.21E-07  3.02E-06  6.50E-12  0.00
 2299 1.1495E+07    3  5748     183   1.0  4.17E-07  2.99E-06  3.96E-12  0.00
 2300 1.1500E+07    3  5751     183   1.0  4.13E-07  2.96E-06  2.57E-12  0.00
 2301 1.1505E+07    3  5753     183   1.0  4.12E-07  2.96E-06  2.44E-11  0.00
 2302 1.1510E+07    3  5756     183   1.0  4.09E-07  2.93E-06  2.68E-12  0.00
 2303 1.1515E+07    3  5758     183   1.0  4.05E-07  2.91E-06  3.19E-13  0.00
 2304 1.1520E+07    3  5761     183   1.0  4.02E-07  2.89E-06  1.70E-12  0.00
 2305 1.1525E+07    3  5763     183   1.0  3.99E-07  2.86E-06  3.34E-12  0.00
 2306 1.1530E+07    3  5766     183   1.0  3.96E-07  2.84E-06  1.93E-12  0.00
 2307 1.1535E+07    3  5768     183   1.0  3.93E-07  2.82E-06  1.76E-12  0.00
 2308 1.1540E+07    3  5771     183   1.0  3.90E-07  2.80E-06  1.32E-13  0.00
 2309 1.1545E+07    3  5773     183   1.0  3.87E-07  2.78E-06  1.75E-12  0.00
 2310 1.1550E+07    3  5776     183   1.0  3.85E-07  2.76E-06  3.38E-12  0.00
 2311 1.1555E+07    3  5778     183   1.0  3.82E-07  2.74E-06  4.52E-12  0.00
 2312 1.1560E+07    3  5781     183   1.0  3.79E-07  2.72E-06  1.72E-10  0.00
 2313 1.1565E+07    3  5783     183   1.0  3.77E-07  2.70E-06  1.58E-12  0.00
 2314 1.1570E+07    3  5786     183   1.0  3.75E-07  2.69E-06  5.79E-12  0.00
 2315 1.1575E+07    3  5788     183   1.0  3.72E-07  2.67E-06  4.65E-12  0.00
 2316 1.1580E+07    3  5791     183   1.0  3.70E-07  2.65E-06  2.21E-12  0.00
 2317 1.1585E+07    3  5793     183   1.0  3.68E-07  2.64E-06  9.65E-11  0.00
 2318 1.1590E+07    3  5796     183   1.0  3.65E-07  2.62E-06  5.05E-15  0.00
 2319 1.1595E+07    3  5798     183   1.0  3.63E-07  2.61E-06  4.62E-12  0.00
 2320 1.1600E+07    3  5801     183   1.0  3.61E-07  2.59E-06  3.61E-12  0.00
 2321 1.1605E+07    3  5803     183   1.0  3.59E-07  2.58E-06  1.50E-11  0.00
 2322 1.1610E+07    3  5806     183   1.0  3.57E-07  2.56E-06  5.36E-13  0.00
 2323 1.1615E+07    3  5808     183   1.0  3.55E-07  2.55E-06  8.94E-13  0.00
 2324 1.1620E+07    3  5811     183   1.0  3.53E-07  2.53E-06  1.33E-10  0.00
 2325 1.1625E+07    3  5813     183   1.0  3.51E-07  2.52E-06  3.73E-12  0.00
 2326 1.1630E+07    3  5816     183   1.0  3.49E-07  2.51E-06  8.22E-12  0.00
 2327 1.1635E+07    3  5818     183   1.0  3.47E-07  2.49E-06  2.57E-11  0.00
 2328 1.1640E+07    3  5821     183   1.0  3.46E-07  2.48E-06  4.90E-12  0.00
 2329 1.1645E+07    3  5823     183   1.0  3.44E-07  2.47E-06  1.16E-12  0.00
 2330 1.1650E+07    3  5826     183   1.0  3.42E-07  2.45E-06  8.29E-13  0.00
 2331 1.1655E+07    3  5828     183   1.0  3.41E-07  2.44E-06  2.72E-13  0.00
 2332 1.1660E+07    3  5831     183   1.0  3.39E-07  2.43E-06  1.53E-12  0.00
 2333 1.1665E+07    3  5833     183   1.0  3.37E-07  2.42E-06  2.44E-12  0.00
 2334 1.1670E+07    3  5836     183   1.0  3.36E-07  2.41E-06  3.11E-12  0.00
 2335 1.1675E+07    3  5838     183   1.0  3.34E-07  2.40E-06  3.74E-12  0.00
 2336 1.1680E+07    3  5841     183   1.0  3.33E-07  2.39E-06  2.72E-11  0.00
 2337 1.1685E+07    3  5843     183   1.0  3.31E-07  2.38E-06  2.83E-10  0.00
 2338 1.1690E+07    3  5846     183   1.0  3.30E-07  2.36E-06  8.41E-13  0.00
 2339 1.1695E+07    3  5848     183   1.0  3.28E-07  2.35E-06  7.83E-13  0.00
 2340 1.1700E+07    3  5851     183   1.0  3.27E-07  2.34E-06  1.33E-12  0.00
 2341 1.1705E+07    3  5853     183   1.0  3.25E-07  2.33E-06  3.19E-12  0.00
 2342 1.1710E+07    3  5856     183   1.0  3.24E-07  2.32E-06  5.68E-13  0.00
 2343 1.1715E+07    3  5858     183   1.0  3.23E-07  2.31E-06  9.32E-13  0.00
 2344 1.1720E+07    3  5861     183   1.0  3.21E-07  2.30E-06  1.88E-12  0.00
 2345 1.1725E+07    3  5863     183   1.0  3.28E-07  2.30E-06  6.30E-12  0.00
 2346 1.1730E+07    3  5866     183   1.0  3.19E-07  2.29E-06  5.09E-12  0.00
 2347 1.1735E+07    3  5868     183   1.0  3.18E-07  2.28E-06  6.04E-13  0.00
 2348 1.1740E+07    3  5871     183   1.0  3.16E-07  2.27E-06  1.32E-12  0.00
 2349 1.1745E+07    3  5873     183   1.0  3.15E-07  2.26E-06  4.87E-12  0.00
 2350 1.1750E+07    3  5876     183   1.0  3.14E-07  2.25E-06  2.17E-12  0.00
 2351 1.1755E+07    3  5878     183   1.0  2.01E-07  1.39E-06  9.46E-11  0.00
 2352 1.1760E+07    3  5881     183   1.0  1.28E-07  8.71E-07  3.92E-14  0.00
 2353 1.1765E+07    3  5883     183   1.0  1.28E-07  8.71E-07  3.88E-13  0.00
 2354 1.1770E+07    3  5886     183   1.0  1.28E-07  8.71E-07  7.08E-14  0.00
 2355 1.1775E+07    3  5888     183   1.0  1.28E-07  8.71E-07  4.42E-12  0.00
 2356 1.1780E+07    3  5891     183   1.0  1.28E-07  8.71E-07  6.02E-14  0.00
 2357 1.1785E+07    3  5893     184   1.0  1.28E-07  8.71E-07  4.83E-13  0.00
 2358 1.1790E+07    3  5896     184   1.0  1.28E-07  8.71E-07  1.75E-12  0.00
 2359 1.1795E+07    3  5898     184   1.0  1.28E-07  8.70E-07  6.95E-13  0.00
 2360 1.1800E+07    3  5901     184   1.0  1.28E-07  8.70E-07  2.45E-13  0.00
 2361 1.1805E+07    3  5903     184   1.0  1.28E-07  8.70E-07  8.55E-13  0.00
 2362 1.1810E+07    3  5906     184   1.0  1.28E-07  8.70E-07  5.20E-13  0.00
 2363 1.1815E+07    3  5908     184   1.0  1.28E-07  8.70E-07  1.14E-12  0.00
 2364 1.1820E+07    3  5911     184   1.0  1.28E-07  8.70E-07  1.60E-12  0.00
 2365 1.1825E+07    3  5913     184   1.0  1.28E-07  8.70E-07  1.96E-12  0.00
 2366 1.1830E+07    3  5916     184   1.0  1.28E-07  8.70E-07  6.93E-13  0.00
 2367 1.1835E+07    3  5918     184   1.0  1.23E-07  8.67E-07  4.97E-13  0.00
 2368 1.1840E+07    3  5921     184   1.0  1.22E-07  8.66E-07  7.87E-13  0.00
 2369 1.1845E+07    3  5923     184   1.0  1.22E-07  8.66E-07  3.88E-13  0.00
 2370 1.1850E+07    3  5926     184   1.0  1.14E-07  8.04E-07  2.46E-12  0.00
 2371 1.1855E+07    3  5928     184   1.0  1.04E-07  7.43E-07  7.36E-10  0.00
 2372 1.1860E+07    3  5931     184   1.0  1.12E-07  7.82E-07  3.03E-13  0.00
 2373 1.1865E+07    3  5933     184   1.0  1.12E-07  7.81E-07  1.08E-12  0.00
 2374 1.1870E+07    3  5936     184   1.0  1.12E-07  7.81E-07  1.03E-12  0.00
 2375 1.1875E+07    3  5938     184   1.0  1.12E-07  7.81E-07  5.69E-13  0.00
 2376 1.1880E+07    3  5941     184   1.0  1.12E-07  7.81E-07  1.73E-13  0.00
 2377 1.1885E+07    3  5943     184   1.0  1.12E-07  7.81E-07  1.83E-12  0.00
 2378 1.1890E+07    3  5946     184   1.0  1.12E-07  7.81E-07  8.05E-13  0.00
 2379 1.1895E+07    3  5948     184   1.0  1.12E-07  7.81E-07  1.87E-12  0.00
 2380 1.1900E+07    4  5951     184   1.0  1.12E-07  7.80E-07  1.30E-11  0.00
 2381 1.1905E+07    4  5953     184   1.0  2.24E-07  1.56E-06  4.72E-13  0.00
 2382 1.1910E+07    4  5956     184   1.0  2.23E-07  1.56E-06  5.99E-13  0.00
 2383 1.1915E+07    4  5958     184   1.0  2.23E-07  1.56E-06  2.39E-12  0.00
 2384 1.1920E+07    4  5961     184   1.0  2.23E-07  1.56E-06  3.56E-13  0.00
 2385 1.1925E+07    4  5963     184   1.0  2.23E-07  1.56E-06  2.52E-13  0.00
 2386 1.1930E+07    4  5966     184   1.0  2.23E-07  1.56E-06  1.82E-11  0.00
 2387 1.1935E+07    4  5968     184   1.0  2.23E-07  1.56E-06  8.04E-10  0.00
 2388 1.1940E+07    4  5971     184   1.0  2.34E-07  1.61E-06  2.60E-11  0.00
 2389 1.1945E+07    4  5973     184   1.0  2.57E-07  1.71E-06  1.71E-12  0.00
 2390 1.1950E+07    4  5976     184   1.0  2.57E-07  1.71E-06  5.73E-13  0.00
 2391 1.1955E+07    4  5978     184   1.0  2.57E-07  1.71E-06  1.74E-12  0.00
 2392 1.1960E+07    4  5981     184   1.0  2.56E-07  1.71E-06  6.71E-13  0.00
 2393 1.1965E+07    4  5983     184   1.0  2.56E-07  1.71E-06  1.10E-12  0.00
 2394 1.1970E+07    4  5986     184   1.0  2.56E-07  1.71E-06  7.41E-12  0.00
 2395 1.1975E+07    4  5988     184   1.0  2.56E-07  1.71E-06  1.74E-12  0.00
 2396 1.1980E+07    4  5991     184   1.0  2.56E-07  1.70E-06  4.77E-13  0.00
 2397 1.1985E+07    4  5993     184   1.0  2.56E-07  1.70E-06  2.02E-13  0.00
 2398 1.1990E+07    4  5996     184   1.0  2.56E-07  1.70E-06  2.64E-12  0.00
 2399 1.1995E+07    4  5998     184   1.0  2.56E-07  1.70E-06  2.21E-11  0.00
 2400 1.2000E+07    4  6001     184   1.0  2.56E-07  1.70E-06  1.18E-10  0.00
 2401 1.2005E+07    4  6003     184   1.0  2.56E-07  1.70E-06  1.05E-12  0.00
 2402 1.2010E+07    4  6006     184   1.0  2.56E-07  1.70E-06  5.56E-12  0.00
 2403 1.2015E+07    4  6008     184   1.0  2.56E-07  1.70E-06  6.73E-12  0.00
 2404 1.2020E+07    4  6011     184   1.0  2.55E-07  1.70E-06  2.12E-12  0.00
 2405 1.2025E+07    4  6013     184   1.0  2.55E-07  1.70E-06  5.96E-13  0.00
 2406 1.2030E+07    4  6016     184   1.0  2.55E-07  1.70E-06  1.37E-12  0.00
 2407 1.2035E+07    4  6018     184   1.0  2.55E-07  1.70E-06  1.91E-11  0.00
 2408 1.2040E+07    4  6021     184   1.0  2.55E-07  1.70E-06  3.23E-12  0.00
 2409 1.2045E+07    4  6023     184   1.0  2.55E-07  1.70E-06  1.10E-12  0.00
 2410 1.2050E+07    4  6026     184   1.0  2.55E-07  1.70E-06  3.63E-12  0.00
 2411 1.2055E+07    4  6028     184   1.0  2.55E-07  1.70E-06  6.19E-14  0.00
 2412 1.2060E+07    4  6031     184   1.0  2.55E-07  1.69E-06  6.87E-13  0.00
 2413 1.2065E+07    4  6033     184   1.0  2.55E-07  1.69E-06  4.02E-13  0.00
 2414 1.2070E+07    4  6036     184   1.0  2.55E-07  1.69E-06  1.29E-12  0.00
 2415 1.2075E+07    4  6038     184   1.0  2.54E-07  1.69E-06  7.87E-13  0.00
 2416 1.2080E+07    4  6041     184   1.0  2.54E-07  1.69E-06  2.29E-12  0.00
 2417 1.2085E+07    4  6043     184   1.0  2.54E-07  1.69E-06  1.39E-13  0.00
 2418 1.2090E+07    4  6046     184   1.0  2.54E-07  1.69E-06  6.40E-13  0.00
 2419 1.2095E+07    4  6048     184   1.0  2.54E-07  1.69E-06  1.16E-12  0.00
 2420 1.2100E+07    4  6051     184   1.0  2.54E-07  1.69E-06  6.57E-13  0.00
 2421 1.2105E+07    4  6053     184   1.0  2.54E-07  1.69E-06  2.95E-12  0.00
 2422 1.2110E+07    4  6056     184   1.0  2.54E-07  1.69E-06  5.02E-12  0.00
 2423 1.2115E+07    4  6058     184   1.0  1.79E-07  1.12E-06  1.36E-12  0.00
 2424 1.2120E+07    4  6061     184   1.0  1.53E-07  9.68E-07  8.01E-11  0.00
 2425 1.2125E+07    4  6063     184   1.0  1.09E-07  7.07E-07  3.22E-12  0.00
 2426 1.2130E+07    4  6066     184   1.0  1.08E-07  7.07E-07  7.64E-13  0.00
 2427 1.2135E+07    4  6068     184   1.0  1.08E-07  7.06E-07  4.12E-13  0.00
 2428 1.2140E+07    4  6071     184   1.0  1.08E-07  7.06E-07  1.85E-12  0.00
 2429 1.2145E+07    4  6073     184   1.0  1.14E-07  8.23E-07  2.94E-13  0.00
 2430 1.2150E+07    4  6076     184   1.0  1.15E-07  8.54E-07  3.67E-12  0.00
 2431 1.2155E+07    4  6078     184   1.0  1.15E-07  8.53E-07  3.44E-13  0.00
 2432 1.2160E+07    4  6081     184   1.0  1.15E-07  8.53E-07  1.61E-12  0.00
 2433 1.2165E+07    4  6083     184   1.0  1.15E-07  8.52E-07  5.68E-14  0.00
 2434 1.2170E+07    4  6086     184   1.0  1.25E-07  9.74E-07  5.87E-12  0.00
 2435 1.2175E+07    4  6088     184   1.0  1.44E-07  1.06E-06  6.64E-13  0.00
 2436 1.2180E+07    4  6091     184   1.0  1.48E-07  1.06E-06  8.91E-11  0.00
 2437 1.2185E+07    4  6093     184   1.0  1.51E-07  1.04E-06  6.08E-10  0.00
 2438 1.2190E+07    4  6096     184   1.0  1.16E-07  8.43E-07  8.82E-13  0.00
 2439 1.2195E+07    4  6098     184   1.0  1.16E-07  8.43E-07  9.51E-14  0.00
 2440 1.2200E+07    4  6101     184   1.0  1.16E-07  8.42E-07  4.41E-12  0.00
 2441 1.2205E+07    4  6103     184   1.0  1.16E-07  8.42E-07  1.41E-12  0.00
 2442 1.2210E+07    4  6106     184   1.0  1.16E-07  8.41E-07  4.06E-12  0.00
 2443 1.2215E+07    4  6108     184   1.0  1.16E-07  8.41E-07  1.78E-12  0.00
 2444 1.2220E+07    4  6111     184   1.0  1.16E-07  8.40E-07  2.70E-13  0.00
 2445 1.2225E+07    4  6113     184   1.0  1.16E-07  8.40E-07  5.93E-13  0.00
 2446 1.2230E+07    4  6116     184   1.0  1.16E-07  8.40E-07  2.57E-13  0.00
 2447 1.2235E+07    4  6118     184   1.0  1.16E-07  8.39E-07  5.49E-13  0.00
 2448 1.2240E+07    4  6121     184   1.0  1.16E-07  8.39E-07  2.12E-13  0.00
 2449 1.2245E+07    4  6123     184   1.0  1.16E-07  8.38E-07  1.47E-13  0.00
 2450 1.2250E+07    4  6126     184   1.0  1.16E-07  8.38E-07  7.52E-14  0.00
 2451 1.2255E+07    4  6128     184   1.0  1.16E-07  8.37E-07  1.04E-12  0.00
 2452 1.2260E+07    4  6131     184   1.0  1.15E-07  8.37E-07  5.63E-12  0.00
 2453 1.2265E+07    4  6133     184   1.0  1.15E-07  8.36E-07  6.18E-13  0.00
 2454 1.2270E+07    4  6136     184   1.0  1.15E-07  8.36E-07  5.36E-13  0.00
 2455 1.2275E+07    4  6138     184   1.0  1.15E-07  8.35E-07  1.79E-13  0.00
 2456 1.2280E+07    4  6141     184   1.0  1.15E-07  8.35E-07  5.90E-13  0.00
 2457 1.2285E+07    4  6143     184   1.0  1.15E-07  8.34E-07  4.09E-13  0.00
 2458 1.2290E+07    4  6146     184   1.0  1.15E-07  8.34E-07  4.46E-13  0.00
 2459 1.2295E+07    4  6148     184   1.0  1.15E-07  8.33E-07  1.78E-11  0.00
 2460 1.2300E+07    4  6151     184   1.0  1.15E-07  8.33E-07  5.02E-13  0.00
 2461 1.2305E+07    4  6153     184   1.0  1.24E-07  8.71E-07  5.14E-12  0.00
 2462 1.2310E+07    4  6156     184   1.0  1.54E-07  9.87E-07  4.18E-12  0.00
 2463 1.2315E+07    4  6158     184   1.0  1.55E-07  9.77E-07  5.07E-10  0.00
 2464 1.2320E+07    4  6161     184   1.0  1.50E-07  8.30E-07  6.67E-13  0.00
 2465 1.2325E+07    4  6163     184   1.0  1.50E-07  8.29E-07  1.74E-11  0.00
 2466 1.2330E+07    4  6166     184   1.0  1.50E-07  8.29E-07  2.22E-10  0.00
 2467 1.2335E+07    4  6168     184   1.0  1.50E-07  8.28E-07  4.37E-13  0.00
 2468 1.2340E+07    4  6171     184   1.0  1.50E-07  8.28E-07  8.02E-13  0.00
 2469 1.2345E+07    4  6173     184   1.0  1.49E-07  8.27E-07  7.35E-14  0.00
 2470 1.2350E+07    4  6176     184   1.0  1.49E-07  8.27E-07  2.03E-13  0.00
 2471 1.2355E+07    4  6178     184   1.0  1.49E-07  8.27E-07  6.69E-13  0.00
 2472 1.2360E+07    4  6181     184   1.0  1.49E-07  8.26E-07  3.60E-12  0.00
 2473 1.2365E+07    4  6183     184   1.0  1.49E-07  8.26E-07  5.55E-13  0.00
 2474 1.2370E+07    4  6186     184   1.0  1.47E-07  8.05E-07  6.91E-13  0.00
 2475 1.2375E+07    4  6188     184   1.0  1.46E-07  7.98E-07  1.66E-12  0.00
 2476 1.2380E+07    4  6191     184   1.0  1.46E-07  7.98E-07  3.70E-13  0.00
 2477 1.2385E+07    4  6193     184   1.0  1.46E-07  7.97E-07  2.78E-12  0.00
 2478 1.2390E+07    4  6196     184   1.0  1.46E-07  7.97E-07  1.91E-12  0.00
 2479 1.2395E+07    4  6198     184   1.0  1.46E-07  7.97E-07  5.99E-15  0.00
 2480 1.2400E+07    4  6201     184   1.0  1.46E-07  7.96E-07  6.49E-13  0.00
 2481 1.2405E+07    4  6203     184   1.0  1.46E-07  7.96E-07  2.18E-12  0.00
 2482 1.2410E+07    4  6206     184   1.0  1.46E-07  7.95E-07  6.24E-13  0.00
 2483 1.2415E+07    4  6208     184   1.0  1.46E-07  7.95E-07  5.15E-13  0.00
 2484 1.2420E+07    4  6211     184   1.0  1.46E-07  7.95E-07  9.94E-13  0.00
 2485 1.2425E+07    4  6213     184   1.0  1.45E-07  7.94E-07  1.25E-13  0.00
 2486 1.2430E+07    4  6216     184   1.0  1.45E-07  7.94E-07  1.36E-12  0.00
 2487 1.2435E+07    4  6218     184   1.0  1.45E-07  7.94E-07  6.17E-13  0.00
 2488 1.2440E+07    4  6221     184   1.0  1.45E-07  7.93E-07  2.19E-11  0.00
 2489 1.2445E+07    4  6223     184   1.0  1.45E-07  7.93E-07  1.01E-12  0.00
 2490 1.2450E+07    4  6226     184   1.0  1.45E-07  7.92E-07  1.77E-12  0.00
 2491 1.2455E+07    4  6228     184   1.0  1.45E-07  7.92E-07  8.06E-13  0.00
 2492 1.2460E+07    4  6231     184   1.0  1.45E-07  7.92E-07  3.35E-13  0.00
 2493 1.2465E+07    4  6233     184   1.0  1.45E-07  7.91E-07  8.50E-17  0.00
 2494 1.2470E+07    4  6236     184   1.0  1.45E-07  7.91E-07  5.07E-13  0.00
 2495 1.2475E+07    4  6238     184   1.0  1.45E-07  7.90E-07  2.74E-13  0.00
 2496 1.2480E+07    4  6241     184   1.0  1.45E-07  7.90E-07  2.59E-11  0.00
 2497 1.2485E+07    4  6243     184   1.0  1.45E-07  7.90E-07  1.45E-12  0.00
 2498 1.2490E+07    4  6246     184   1.0  1.45E-07  7.89E-07  6.06E-13  0.00
 2499 1.2495E+07    4  6248     184   1.0  1.45E-07  7.89E-07  9.49E-14  0.00
 2500 1.2500E+07    4  6251     184   1.0  1.44E-07  7.89E-07  1.86E-13  0.00
 2501 1.2505E+07    4  6253     184   1.0  1.44E-07  7.88E-07  2.29E-13  0.00
 2502 1.2510E+07    4  6256     185   1.0  1.44E-07  7.88E-07  5.60E-14  0.00
 2503 1.2515E+07    4  6258     185   1.0  1.44E-07  7.87E-07  1.15E-12  0.00
 2504 1.2520E+07    4  6261     185   1.0  1.44E-07  7.87E-07  1.44E-11  0.00
 2505 1.2525E+07    4  6263     185   1.0  1.44E-07  7.87E-07  6.10E-13  0.00
 2506 1.2530E+07    4  6266     185   1.0  1.44E-07  7.86E-07  5.74E-13  0.00
 2507 1.2535E+07    4  6268     185   1.0  1.44E-07  7.86E-07  1.10E-13  0.00
 2508 1.2540E+07    4  6271     185   1.0  1.44E-07  7.85E-07  4.67E-12  0.00
 2509 1.2545E+07    4  6273     185   1.0  1.44E-07  7.85E-07  2.21E-12  0.00
 2510 1.2550E+07    4  6276     185   1.0  1.44E-07  7.85E-07  3.64E-13  0.00
 2511 1.2555E+07    4  6278     185   1.0  1.44E-07  7.84E-07  1.23E-12  0.00
 2512 1.2560E+07    4  6281     185   1.0  1.44E-07  7.84E-07  4.30E-15  0.00
 2513 1.2565E+07    4  6283     185   1.0  1.44E-07  7.84E-07  8.34E-13  0.00
 2514 1.2570E+07    4  6286     185   1.0  1.43E-07  7.83E-07  7.32E-13  0.00
 2515 1.2575E+07    4  6288     185   1.0  1.43E-07  7.83E-07  4.79E-13  0.00
 2516 1.2580E+07    4  6291     185   1.0  1.42E-07  7.78E-07  1.30E-12  0.00
 2517 1.2585E+07    4  6293     185   1.0  1.31E-07  7.34E-07  8.02E-13  0.00
 2518 1.2590E+07    4  6296     185   1.0  1.31E-07  7.34E-07  1.05E-12  0.00
 2519 1.2595E+07    4  6298     185   1.0  1.31E-07  7.33E-07  1.16E-12  0.00
 2520 1.2600E+07    4  6301     185   1.0  1.31E-07  7.33E-07  1.97E-12  0.00
 2521 1.2605E+07    4  6303     185   1.0  1.31E-07  7.33E-07  9.18E-14  0.00
 2522 1.2610E+07    4  6306     185   1.0  1.31E-07  7.32E-07  2.41E-13  0.00
 2523 1.2615E+07    4  6308     185   1.0  1.31E-07  7.32E-07  4.79E-13  0.00
 2524 1.2620E+07    4  6311     185   1.0  1.31E-07  7.32E-07  5.99E-13  0.00
 2525 1.2625E+07    4  6313     185   1.0  1.30E-07  7.31E-07  1.27E-12  0.00
 2526 1.2630E+07    4  6316     185   1.0  1.30E-07  7.31E-07  3.15E-13  0.00
 2527 1.2635E+07    4  6318     185   1.0  1.30E-07  7.30E-07  3.27E-11  0.00
 2528 1.2640E+07    4  6321     185   1.0  1.30E-07  7.30E-07  2.33E-12  0.00
 2529 1.2645E+07    4  6323     185   1.0  1.30E-07  7.30E-07  5.95E-14  0.00
 2530 1.2650E+07    4  6326     185   1.0  1.30E-07  7.29E-07  2.23E-13  0.00
 2531 1.2655E+07    4  6328     185   1.0  1.30E-07  7.29E-07  7.08E-13  0.00
 2532 1.2660E+07    4  6331     185   1.0  1.30E-07  7.29E-07  4.71E-13  0.00
 2533 1.2665E+07    4  6333     185   1.0  1.30E-07  7.28E-07  2.21E-13  0.00
 2534 1.2670E+07    4  6336     185   1.0  1.30E-07  7.28E-07  6.09E-12  0.00
 2535 1.2675E+07    4  6338     185   1.0  1.30E-07  7.28E-07  1.08E-12  0.00
 2536 1.2680E+07    4  6341     185   1.0  1.30E-07  7.27E-07  3.70E-13  0.00
 2537 1.2685E+07    4  6343     185   1.0  1.30E-07  7.27E-07  3.67E-13  0.00
 2538 1.2690E+07    4  6346     185   1.0  1.30E-07  7.26E-07  2.84E-12  0.00
 2539 1.2695E+07    4  6348     185   1.0  1.30E-07  7.26E-07  2.50E-12  0.00
 2540 1.2700E+07    4  6351     185   1.0  1.29E-07  7.26E-07  9.97E-15  0.00
 2541 1.2705E+07    4  6353     185   1.0  1.29E-07  7.25E-07  5.40E-11  0.00
 2542 1.2710E+07    4  6356     185   1.0  1.29E-07  7.25E-07  2.06E-12  0.00
 2543 1.2715E+07    4  6358     185   1.0  1.29E-07  7.25E-07  6.94E-14  0.00
 2544 1.2720E+07    4  6361     185   1.0  1.29E-07  7.24E-07  1.22E-12  0.00
 2545 1.2725E+07    4  6363     185   1.0  1.29E-07  7.24E-07  6.59E-12  0.00
 2546 1.2730E+07    4  6366     185   1.0  1.29E-07  7.24E-07  3.48E-13  0.00
 2547 1.2735E+07    4  6368     185   1.0  1.22E-07  7.04E-07  3.05E-12  0.00
 2548 1.2740E+07    4  6371     185   1.0  1.21E-07  7.01E-07  9.93E-13  0.00
 2549 1.2745E+07    4  6373     185   1.0  1.21E-07  7.00E-07  1.47E-13  0.00
 2550 1.2750E+07    4  6376     185   1.0  1.21E-07  7.00E-07  1.40E-13  0.00
 2551 1.2755E+07    4  6378     185   1.0  1.21E-07  6.99E-07  1.18E-12  0.00
 2552 1.2760E+07    4  6381     185   1.0  1.21E-07  6.99E-07  2.70E-12  0.00
 2553 1.2765E+07    4  6383     185   1.0  1.21E-07  6.99E-07  1.43E-12  0.00
 2554 1.2770E+07    4  6386     185   1.0  1.21E-07  6.98E-07  8.60E-14  0.00
 2555 1.2775E+07    4  6388     185   1.0  1.21E-07  6.98E-07  1.53E-13  0.00
 2556 1.2780E+07    4  6391     185   1.0  1.21E-07  6.98E-07  3.98E-13  0.00
 2557 1.2785E+07    4  6393     185   1.0  1.21E-07  6.97E-07  8.90E-13  0.00
 2558 1.2790E+07    4  6396     185   1.0  1.21E-07  6.97E-07  7.56E-12  0.00
 2559 1.2795E+07    4  6398     185   1.0  1.21E-07  6.97E-07  6.79E-12  0.00
 2560 1.2800E+07    4  6401     185   1.0  1.21E-07  6.96E-07  1.05E-12  0.00
 2561 1.2805E+07    4  6403     185   1.0  1.21E-07  6.96E-07  7.99E-12  0.00
 2562 1.2810E+07    4  6406     185   1.0  1.21E-07  6.95E-07  7.29E-14  0.00
 2563 1.2815E+07    4  6408     185   1.0  1.20E-07  6.95E-07  9.82E-13  0.00
 2564 1.2820E+07    4  6411     185   1.0  1.20E-07  6.95E-07  1.15E-12  0.00
 2565 1.2825E+07    4  6413     185   1.0  1.20E-07  6.94E-07  8.91E-14  0.00
 2566 1.2830E+07    4  6416     185   1.0  1.20E-07  6.94E-07  5.36E-12  0.00
 2567 1.2835E+07    4  6418     185   1.0  1.20E-07  6.94E-07  4.60E-13  0.00
 2568 1.2840E+07    4  6421     185   1.0  1.20E-07  6.93E-07  1.03E-11  0.00
 2569 1.2845E+07    4  6423     185   1.0  1.20E-07  6.93E-07  5.12E-14  0.00
 2570 1.2850E+07    4  6426     185   1.0  1.20E-07  6.93E-07  6.98E-13  0.00
 2571 1.2855E+07    4  6428     185   1.0  1.20E-07  6.92E-07  5.77E-12  0.00
 2572 1.2860E+07    4  6431     185   1.0  1.20E-07  6.92E-07  6.18E-13  0.00
 2573 1.2865E+07    4  6433     185   1.0  1.20E-07  6.91E-07  5.88E-11  0.00
 2574 1.2870E+07    4  6436     185   1.0  1.20E-07  6.91E-07  1.19E-12  0.00
 2575 1.2875E+07    4  6438     185   1.0  1.20E-07  6.91E-07  7.89E-13  0.00
 2576 1.2880E+07    4  6441     185   1.0  1.20E-07  6.90E-07  1.09E-12  0.00
 2577 1.2885E+07    4  6443     185   1.0  1.20E-07  6.90E-07  2.91E-12  0.00
 2578 1.2890E+07    4  6446     185   1.0  1.20E-07  6.90E-07  1.28E-12  0.00
 2579 1.2895E+07    4  6448     185   1.0  1.19E-07  6.89E-07  7.87E-14  0.00
 2580 1.2900E+07    4  6451     185   1.0  1.19E-07  6.89E-07  1.52E-12  0.00
 2581 1.2905E+07    4  6453     185   1.0  1.19E-07  6.89E-07  8.91E-14  0.00
 2582 1.2910E+07    4  6456     185   1.0  1.19E-07  6.88E-07  1.56E-12  0.00
 2583 1.2915E+07    4  6458     185   1.0  1.19E-07  6.88E-07  4.78E-12  0.00
 2584 1.2920E+07    4  6461     185   1.0  1.19E-07  6.87E-07  5.00E-13  0.00
 2585 1.2925E+07    4  6463     185   1.0  1.19E-07  6.87E-07  3.31E-13  0.00
 2586 1.2930E+07    4  6466     185   1.0  1.19E-07  6.87E-07  1.13E-12  0.00
 2587 1.2935E+07    4  6468     185   1.0  1.19E-07  6.86E-07  6.95E-13  0.00
 2588 1.2940E+07    4  6471     185   1.0  1.19E-07  6.86E-07  1.93E-12  0.00
 2589 1.2945E+07    4  6473     185   1.0  1.19E-07  6.86E-07  1.43E-12  0.00
 2590 1.2950E+07    4  6476     185   1.0  1.19E-07  6.85E-07  7.21E-14  0.00
 2591 1.2955E+07    4  6478     185   1.0  1.19E-07  6.85E-07  1.56E-13  0.00
 2592 1.2960E+07    4  6481     185   1.0  1.19E-07  6.85E-07  2.90E-13  0.00
 2593 1.2965E+07    4  6483     185   1.0  1.19E-07  6.84E-07  3.40E-14  0.00
 2594 1.2970E+07    4  6486     185   1.0  1.19E-07  6.84E-07  6.18E-13  0.00
 2595 1.2975E+07    4  6488     185   1.0  1.18E-07  6.84E-07  1.47E-14  0.00
 2596 1.2980E+07    4  6491     185   1.0  1.23E-07  6.81E-07  8.05E-13  0.00
 2597 1.2985E+07    4  6493     185   1.0  1.26E-07  6.78E-07  2.65E-13  0.00
 2598 1.2990E+07    4  6496     185   1.0  1.26E-07  6.78E-07  1.31E-13  0.00
 2599 1.2995E+07    4  6498     185   1.0  1.26E-07  6.77E-07  2.36E-13  0.00
 2600 1.3000E+07    4  6501     185   1.0  1.26E-07  6.77E-07  3.04E-13  0.00
 2601 1.3005E+07    4  6503     185   1.0  1.26E-07  6.76E-07  3.73E-13  0.00
 2602 1.3010E+07    4  6506     185   1.0  1.26E-07  6.76E-07  3.05E-14  0.00
 2603 1.3015E+07    4  6508     185   1.0  1.25E-07  6.76E-07  2.05E-12  0.00
 2604 1.3020E+07    4  6511     185   1.0  1.25E-07  6.75E-07  7.16E-13  0.00
 2605 1.3025E+07    4  6513     185   1.0  1.25E-07  6.75E-07  7.42E-13  0.00
 2606 1.3030E+07    4  6516     185   1.0  1.25E-07  6.75E-07  5.65E-13  0.00
 2607 1.3035E+07    4  6518     185   1.0  1.25E-07  6.74E-07  4.49E-13  0.00
 2608 1.3040E+07    4  6521     185   1.0  1.25E-07  6.74E-07  2.55E-13  0.00
 2609 1.3045E+07    4  6523     185   1.0  1.25E-07  6.74E-07  1.10E-11  0.00
 2610 1.3050E+07    4  6526     185   1.0  1.25E-07  6.73E-07  3.67E-13  0.00
 2611 1.3055E+07    4  6528     185   1.0  1.25E-07  6.73E-07  1.11E-12  0.00
 2612 1.3060E+07    4  6531     185   1.0  1.25E-07  6.73E-07  9.38E-13  0.00
 2613 1.3065E+07    4  6533     185   1.0  1.25E-07  6.72E-07  7.54E-12  0.00
 2614 1.3070E+07    4  6536     185   1.0  1.25E-07  6.72E-07  1.83E-10  0.00
 2615 1.3075E+07    4  6538     185   1.0  1.25E-07  6.72E-07  1.06E-11  0.00
 2616 1.3080E+07    4  6541     185   1.0  1.25E-07  6.71E-07  1.18E-12  0.00
 2617 1.3085E+07    4  6543     185   1.0  1.25E-07  6.71E-07  4.61E-12  0.00
 2618 1.3090E+07    4  6546     185   1.0  1.25E-07  6.71E-07  7.36E-13  0.00
 2619 1.3095E+07    4  6548     185   1.0  1.24E-07  6.70E-07  3.38E-14  0.00
 2620 1.3100E+07    4  6551     185   1.0  1.24E-07  6.70E-07  2.17E-10  0.00
 2621 1.3105E+07    4  6553     185   1.0  1.24E-07  6.70E-07  1.09E-12  0.00
 2622 1.3110E+07    4  6556     185   1.0  1.24E-07  6.84E-07  5.76E-13  0.00
 2623 1.3115E+07    4  6558     185   1.0  1.25E-07  6.88E-07  2.32E-13  0.00
 2624 1.3120E+07    4  6561     185   1.0  1.24E-07  6.88E-07  1.14E-12  0.00
 2625 1.3125E+07    4  6563     185   1.0  1.24E-07  6.88E-07  1.94E-13  0.00
 2626 1.3130E+07    4  6566     185   1.0  1.24E-07  6.87E-07  2.71E-13  0.00
 2627 1.3135E+07    4  6568     185   1.0  1.24E-07  6.87E-07  2.18E-12  0.00
 2628 1.3140E+07    4  6571     185   1.0  1.24E-07  6.87E-07  8.22E-13  0.00
 2629 1.3145E+07    4  6573     185   1.0  1.24E-07  6.86E-07  2.37E-12  0.00
 2630 1.3150E+07    4  6576     185   1.0  1.24E-07  6.86E-07  3.05E-13  0.00
 2631 1.3155E+07    4  6578     185   1.0  1.23E-07  6.86E-07  7.99E-14  0.00
 2632 1.3160E+07    4  6581     185   1.0  1.23E-07  6.85E-07  1.48E-12  0.00
 2633 1.3165E+07    4  6583     185   1.0  1.23E-07  6.85E-07  8.33E-12  0.00
 2634 1.3170E+07    4  6586     185   1.0  1.23E-07  6.85E-07  2.50E-12  0.00
 2635 1.3175E+07    4  6588     185   1.0  1.23E-07  6.84E-07  6.71E-12  0.00
 2636 1.3180E+07    4  6591     185   1.0  1.23E-07  6.84E-07  3.51E-12  0.00
 2637 1.3185E+07    4  6593     185   1.0  1.21E-07  6.96E-07  1.05E-12  0.00
 2638 1.3190E+07    4  6596     185   1.0  1.21E-07  6.98E-07  2.59E-11  0.00
 2639 1.3195E+07    4  6598     185   1.0  1.11E-07  6.98E-07  1.88E-12  0.00
 2640 1.3200E+07    4  6601     185   1.0  1.07E-07  6.96E-07  5.84E-14  0.00
 2641 1.3205E+07    4  6603     185   1.0  1.06E-07  6.96E-07  7.92E-13  0.00
 2642 1.3210E+07    4  6606     185   1.0  1.06E-07  6.96E-07  9.00E-13  0.00
 2643 1.3215E+07    4  6608     185   1.0  1.06E-07  6.95E-07  2.67E-12  0.00
 2644 1.3220E+07    4  6611     185   1.0  1.06E-07  6.95E-07  9.04E-12  0.00
 2645 1.3225E+07    4  6613     185   1.0  1.06E-07  6.95E-07  6.27E-13  0.00
 2646 1.3230E+07    4  6616     185   1.0  1.07E-07  6.94E-07  3.60E-12  0.00
 2647 1.3235E+07    4  6618     185   1.0  1.06E-07  6.94E-07  4.98E-12  0.00
 2648 1.3240E+07    4  6621     185   1.0  1.06E-07  6.94E-07  2.68E-13  0.00
 2649 1.3245E+07    4  6623     185   1.0  1.06E-07  6.93E-07  4.14E-11  0.00
 2650 1.3250E+07    4  6626     185   1.0  1.06E-07  6.93E-07  2.76E-13  0.00
 2651 1.3255E+07    4  6628     185   1.0  1.06E-07  6.93E-07  1.99E-12  0.00
 2652 1.3260E+07    4  6631     185   1.0  1.06E-07  6.92E-07  3.69E-12  0.00
 2653 1.3265E+07    4  6633     185   1.0  1.06E-07  6.92E-07  1.16E-11  0.00
 2654 1.3270E+07    4  6636     185   1.0  1.06E-07  6.92E-07  2.59E-12  0.00
 2655 1.3275E+07    4  6638     185   1.0  1.57E-07  1.07E-06  6.13E-13  0.00
 2656 1.3280E+07    4  6641     185   1.0  2.21E-07  1.51E-06  3.31E-12  0.00
 2657 1.3285E+07    4  6643     185   1.0  2.21E-07  1.51E-06  1.79E-12  0.00
 2658 1.3290E+07    4  6646     185   1.0  2.21E-07  1.51E-06  1.46E-12  0.00
 2659 1.3295E+07    4  6648     185   1.0  2.21E-07  1.51E-06  9.42E-13  0.00
 2660 1.3300E+07    4  6651     185   1.0  2.21E-07  1.51E-06  3.68E-13  0.00
 2661 1.3305E+07    4  6653     185   1.0  2.21E-07  1.51E-06  3.23E-10  0.00
 2662 1.3310E+07    4  6656     185   1.0  2.21E-07  1.51E-06  1.57E-12  0.00
 2663 1.3315E+07    4  6658     185   1.0  2.21E-07  1.51E-06  4.57E-12  0.00
 2664 1.3320E+07    4  6661     185   1.0  2.21E-07  1.51E-06  2.44E-12  0.00
 2665 1.3325E+07    4  6663     185   1.0  2.21E-07  1.51E-06  4.95E-13  0.00
 2666 1.3330E+07    4  6666     185   1.0  2.48E-07  1.65E-06  1.70E-12  0.00
 2667 1.3335E+07    4  6668     185   1.0  2.76E-07  1.79E-06  3.15E-12  0.00
 2668 1.3340E+07    4  6671     185   1.0  2.76E-07  1.79E-06  3.11E-12  0.00
 2669 1.3345E+07    4  6673     185   1.0  2.76E-07  1.79E-06  1.08E-11  0.00
 2670 1.3350E+07    4  6676     185   1.0  2.76E-07  1.79E-06  3.11E-12  0.00
 2671 1.3355E+07    4  6678     185   1.0  2.76E-07  1.79E-06  8.44E-13  0.00
 2672 1.3360E+07    4  6681     185   1.0  2.44E-07  1.62E-06  7.73E-12  0.00
 2673 1.3365E+07    4  6683     185   1.0  1.80E-07  1.37E-06  8.60E-13  0.00
 2674 1.3370E+07    4  6686     185   1.0  1.80E-07  1.37E-06  1.14E-12  0.00
 2675 1.3375E+07    4  6688     185   1.0  1.80E-07  1.37E-06  1.51E-11  0.00
 2676 1.3380E+07    4  6691     185   1.0  1.80E-07  1.37E-06  2.35E-12  0.00
 2677 1.3385E+07    4  6693     185   1.0  1.80E-07  1.37E-06  9.28E-13  0.00
 2678 1.3390E+07    4  6696     185   1.0  1.80E-07  1.37E-06  9.80E-12  0.00
 2679 1.3395E+07    4  6698     185   1.0  1.80E-07  1.37E-06  4.33E-12  0.00
 2680 1.3400E+07    4  6701     185   1.0  1.80E-07  1.37E-06  5.00E-13  0.00
 2681 1.3405E+07    4  6703     185   1.0  1.80E-07  1.37E-06  9.96E-14  0.00
 2682 1.3410E+07    4  6706     185   1.0  1.80E-07  1.37E-06  2.33E-12  0.00
 2683 1.3415E+07    4  6708     185   1.0  1.80E-07  1.37E-06  2.30E-13  0.00
 2684 1.3420E+07    4  6711     185   1.0  1.80E-07  1.37E-06  8.88E-13  0.00
 2685 1.3425E+07    4  6713     185   1.0  1.80E-07  1.37E-06  6.45E-13  0.00
 2686 1.3430E+07    4  6716     185   1.0  1.80E-07  1.37E-06  9.03E-13  0.00
 2687 1.3435E+07    4  6718     185   1.0  1.80E-07  1.37E-06  5.98E-13  0.00
 2688 1.3440E+07    4  6721     185   1.0  1.80E-07  1.37E-06  1.29E-12  0.00
 2689 1.3445E+07    4  6723     185   1.0  1.80E-07  1.37E-06  2.86E-12  0.00
 2690 1.3450E+07    4  6726     185   1.0  1.80E-07  1.37E-06  7.16E-14  0.00
 2691 1.3455E+07    4  6728     185   1.0  1.80E-07  1.37E-06  2.12E-12  0.00
 2692 1.3460E+07    4  6731     185   1.0  1.80E-07  1.37E-06  8.26E-13  0.00
 2693 1.3465E+07    4  6733     185   1.0  1.80E-07  1.37E-06  9.40E-11  0.00
 2694 1.3470E+07    4  6736     185   1.0  1.80E-07  1.37E-06  1.86E-13  0.00
 2695 1.3475E+07    4  6738     185   1.0  1.80E-07  1.37E-06  2.31E-11  0.00
 2696 1.3480E+07    4  6741     185   1.0  1.80E-07  1.37E-06  1.12E-12  0.00
 2697 1.3485E+07    4  6743     185   1.0  1.80E-07  1.37E-06  7.51E-12  0.00
 2698 1.3490E+07    4  6746     185   1.0  1.80E-07  1.37E-06  6.86E-13  0.00
 2699 1.3495E+07    4  6748     185   1.0  1.80E-07  1.37E-06  4.73E-12  0.00
 2700 1.3500E+07    4  6751     185   1.0  1.80E-07  1.37E-06  8.52E-13  0.00
 2701 1.3505E+07    4  6753     185   1.0  1.80E-07  1.37E-06  1.19E-12  0.00
 2702 1.3510E+07    4  6756     185   1.0  1.80E-07  1.37E-06  5.48E-13  0.00
 2703 1.3515E+07    4  6758     185   1.0  1.80E-07  1.37E-06  8.12E-13  0.00
 2704 1.3520E+07    4  6761     185   1.0  1.80E-07  1.37E-06  2.58E-13  0.00
 2705 1.3525E+07    4  6763     185   1.0  1.80E-07  1.37E-06  1.41E-12  0.00
 2706 1.3530E+07    4  6766     185   1.0  1.80E-07  1.37E-06  1.23E-12  0.00
 2707 1.3535E+07    4  6768     185   1.0  1.80E-07  1.37E-06  5.00E-12  0.00
 2708 1.3540E+07    4  6771     185   1.0  1.80E-07  1.37E-06  1.62E-13  0.00
 2709 1.3545E+07    4  6773     185   1.0  1.80E-07  1.37E-06  5.38E-11  0.00
 2710 1.3550E+07    4  6776     185   1.0  1.80E-07  1.37E-06  5.60E-15  0.00
 2711 1.3555E+07    4  6778     185   1.0  1.80E-07  1.37E-06  1.89E-12  0.00
 2712 1.3560E+07    4  6781     185   1.0  1.80E-07  1.37E-06  5.69E-14  0.00
 2713 1.3565E+07    4  6783     185   1.0  1.80E-07  1.37E-06  7.52E-12  0.00
 2714 1.3570E+07    4  6786     185   1.0  1.86E-07  1.37E-06  2.99E-12  0.00
 2715 1.3575E+07    4  6788     185   1.0  1.86E-07  1.37E-06  5.53E-13  0.00
 2716 1.3580E+07    4  6791     185   1.0  1.86E-07  1.37E-06  1.35E-12  0.00
 2717 1.3585E+07    4  6793     185   1.0  1.89E-07  1.57E-06  8.48E-12  0.00
 2718 1.3590E+07    4  6796     185   1.0  2.28E-07  1.98E-06  4.05E-13  0.00
 2719 1.3595E+07    4  6798     185   1.0  2.96E-07  2.50E-06  1.75E-11  0.00
 2720 1.3600E+07    4  6801     185   1.0  2.95E-07  2.50E-06  2.80E-12  0.00
 2721 1.3605E+07    4  6803     185   1.0  2.95E-07  2.50E-06  1.12E-12  0.00
 2722 1.3610E+07    4  6806     185   1.0  2.95E-07  2.50E-06  1.81E-12  0.00
 2723 1.3615E+07    4  6808     185   1.0  2.95E-07  2.50E-06  2.22E-12  0.00
 2724 1.3620E+07    4  6811     185   1.0  2.96E-07  2.51E-06  4.70E-12  0.00
 2725 1.3625E+07    4  6813     185   1.0  2.97E-07  2.52E-06  9.91E-13  0.00
 2726 1.3630E+07    4  6816     185   1.0  2.97E-07  2.52E-06  7.39E-12  0.00
 2727 1.3635E+07    4  6818     185   1.0  2.97E-07  2.52E-06  8.44E-12  0.00
 2728 1.3640E+07    4  6821     185   1.0  2.97E-07  2.52E-06  7.78E-13  0.00
 2729 1.3645E+07    4  6823     185   1.0  2.97E-07  2.52E-06  1.20E-12  0.00
 2730 1.3650E+07    4  6826     185   1.0  2.97E-07  2.52E-06  2.72E-11  0.00
 2731 1.3655E+07    4  6828     185   1.0  2.97E-07  2.52E-06  9.21E-13  0.00
 2732 1.3660E+07    4  6831     185   1.0  2.97E-07  2.52E-06  1.31E-12  0.00
 2733 1.3665E+07    4  6833     185   1.0  2.97E-07  2.52E-06  1.34E-12  0.00
 2734 1.3670E+07    4  6836     185   1.0  2.97E-07  2.52E-06  6.49E-12  0.00
 2735 1.3675E+07    4  6838     185   1.0  2.97E-07  2.52E-06  2.84E-12  0.00
 2736 1.3680E+07    4  6841     185   1.0  2.97E-07  2.52E-06  1.44E-14  0.00
 2737 1.3685E+07    4  6843     185   1.0  2.97E-07  2.52E-06  1.45E-13  0.00
 2738 1.3690E+07    4  6846     185   1.0  2.97E-07  2.52E-06  5.42E-13  0.00
 2739 1.3695E+07    4  6848     185   1.0  2.97E-07  2.52E-06  1.82E-10  0.00
 2740 1.3700E+07    4  6851     185   1.0  2.97E-07  2.52E-06  1.69E-11  0.00
 2741 1.3705E+07    4  6853     185   1.0  3.29E-07  2.76E-06  1.46E-12  0.00
 2742 1.3710E+07    4  6856     185   1.0  3.36E-07  2.81E-06  1.49E-12  0.00
 2743 1.3715E+07    4  6858     185   1.0  3.36E-07  2.81E-06  1.95E-12  0.00
 2744 1.3720E+07    4  6861     185   1.0  3.36E-07  2.81E-06  8.90E-12  0.00
 2745 1.3725E+07    4  6863     185   1.0  3.36E-07  2.81E-06  1.54E-12  0.00
 2746 1.3730E+07    4  6866     185   1.0  3.36E-07  2.81E-06  5.19E-11  0.00
 2747 1.3735E+07    4  6868     185   1.0  3.36E-07  2.81E-06  4.92E-12  0.00
 2748 1.3740E+07    4  6871     185   1.0  3.36E-07  2.81E-06  1.37E-13  0.00
 2749 1.3745E+07    4  6873     185   1.0  3.36E-07  2.81E-06  9.21E-12  0.00
 2750 1.3750E+07    4  6876     185   1.0  3.36E-07  2.81E-06  3.21E-14  0.00
 2751 1.3755E+07    4  6878     185   1.0  3.36E-07  2.81E-06  1.64E-11  0.00
 2752 1.3760E+07    4  6881     185   1.0  3.36E-07  2.81E-06  2.36E-12  0.00
 2753 1.3765E+07    4  6883     185   1.0  3.36E-07  2.81E-06  2.63E-13  0.00
 2754 1.3770E+07    4  6886     185   1.0  3.36E-07  2.81E-06  5.93E-13  0.00
 2755 1.3775E+07    4  6888     185   1.0  3.36E-07  2.81E-06  3.51E-12  0.00
 2756 1.3780E+07    4  6891     185   1.0  3.36E-07  2.81E-06  6.27E-13  0.00
 2757 1.3785E+07    4  6893     185   1.0  3.36E-07  2.81E-06  4.29E-13  0.00
 2758 1.3790E+07    4  6896     185   1.0  3.36E-07  2.81E-06  5.15E-13  0.00
 2759 1.3795E+07    4  6898     185   1.0  3.36E-07  2.81E-06  1.00E-11  0.00
 2760 1.3800E+07    4  6901     185   1.0  3.36E-07  2.81E-06  4.82E-12  0.00
 2761 1.3805E+07    4  6903     185   1.0  3.36E-07  2.81E-06  7.28E-13  0.00
 2762 1.3810E+07    4  6906     185   1.0  3.36E-07  2.81E-06  1.20E-12  0.00
 2763 1.3815E+07    4  6908     185   1.0  3.36E-07  2.81E-06  1.95E-12  0.00
 2764 1.3820E+07    4  6911     185   1.0  3.35E-07  2.81E-06  2.45E-10  0.00
 2765 1.3825E+07    4  6913     185   1.0  3.35E-07  2.81E-06  1.23E-12  0.00
 2766 1.3830E+07    4  6916     185   1.0  3.35E-07  2.81E-06  3.32E-13  0.00
 2767 1.3835E+07    4  6918     185   1.0  3.35E-07  2.81E-06  2.25E-12  0.00
 2768 1.3840E+07    4  6921     185   1.0  3.35E-07  2.81E-06  3.26E-13  0.00
 2769 1.3845E+07    4  6923     185   1.0  3.35E-07  2.81E-06  1.35E-12  0.00
 2770 1.3850E+07    4  6926     185   1.0  3.35E-07  2.81E-06  4.76E-13  0.00
 2771 1.3855E+07    4  6928     185   1.0  3.35E-07  2.81E-06  9.04E-13  0.00
 2772 1.3860E+07    4  6931     185   1.0  3.35E-07  2.81E-06  2.23E-12  0.00
 2773 1.3865E+07    4  6933     185   1.0  3.35E-07  2.81E-06  1.36E-11  0.00
 2774 1.3870E+07    4  6936     185   1.0  3.35E-07  2.81E-06  4.47E-13  0.00
 2775 1.3875E+07    4  6938     185   1.0  3.35E-07  2.81E-06  1.21E-12  0.00
 2776 1.3880E+07    4  6941     185   1.0  3.35E-07  2.81E-06  2.51E-11  0.00
 2777 1.3885E+07    4  6943     185   1.0  3.35E-07  2.81E-06  1.12E-12  0.00
 2778 1.3890E+07    4  6946     185   1.0  3.35E-07  2.80E-06  1.28E-12  0.00
 2779 1.3895E+07    4  6948     185   1.0  3.77E-07  3.07E-06  2.16E-12  0.00
 2780 1.3900E+07    4  6951     185   1.0  4.19E-07  3.39E-06  2.11E-12  0.00
 2781 1.3905E+07    4  6953     185   1.0  4.19E-07  3.38E-06  1.88E-13  0.00
 2782 1.3910E+07    4  6956     185   1.0  4.19E-07  3.38E-06  1.54E-11  0.00
 2783 1.3915E+07    4  6958     185   1.0  4.19E-07  3.38E-06  2.05E-12  0.00
 2784 1.3920E+07    4  6961     185   1.0  4.19E-07  3.38E-06  1.72E-12  0.00
 2785 1.3925E+07    4  6963     185   1.0  4.19E-07  3.38E-06  1.04E-12  0.00
 2786 1.3930E+07    4  6966     185   1.0  4.18E-07  3.38E-06  4.51E-12  0.00
 2787 1.3935E+07    4  6968     185   1.0  4.18E-07  3.38E-06  1.14E-12  0.00
 2788 1.3940E+07    4  6971     185   1.0  4.18E-07  3.38E-06  6.73E-13  0.00
 2789 1.3945E+07    4  6973     185   1.0  4.18E-07  3.38E-06  3.57E-13  0.00
 2790 1.3950E+07    4  6976     185   1.0  4.18E-07  3.38E-06  1.91E-10  0.00
 2791 1.3955E+07    4  6978     185   1.0  4.18E-07  3.37E-06  2.69E-12  0.00
 2792 1.3960E+07    4  6981     185   1.0  4.18E-07  3.37E-06  1.68E-12  0.00
 2793 1.3965E+07    4  6983     185   1.0  4.18E-07  3.37E-06  1.88E-12  0.00
 2794 1.3970E+07    4  6986     185   1.0  4.17E-07  3.37E-06  9.18E-13  0.00
 2795 1.3975E+07    4  6988     185   1.0  4.17E-07  3.37E-06  1.70E-12  0.00
 2796 1.3980E+07    4  6991     185   1.0  4.17E-07  3.37E-06  2.92E-12  0.00
 2797 1.3985E+07    4  6993     185   1.0  4.17E-07  3.37E-06  3.71E-11  0.00
 2798 1.3990E+07    4  6996     185   1.0  4.17E-07  3.37E-06  1.91E-13  0.00
 2799 1.3995E+07    4  6998     185   1.0  4.17E-07  3.37E-06  1.64E-13  0.00
 2800 1.4000E+07    4  7001     185   1.0  4.26E-07  3.44E-06  3.09E-10  0.00
 2801 1.4005E+07    4  7003     185   1.0  5.38E-07  4.31E-06  2.84E-12  0.00
 2802 1.4010E+07    4  7006     185   1.0  5.38E-07  4.31E-06  9.03E-13  0.00
 2803 1.4015E+07    4  7008     185   1.0  5.37E-07  4.30E-06  2.59E-13  0.00
 2804 1.4020E+07    4  7011     185   1.0  5.37E-07  4.30E-06  2.70E-12  0.00
 2805 1.4025E+07    4  7013     185   1.0  5.36E-07  4.29E-06  9.82E-13  0.00
 2806 1.4030E+07    4  7016     185   1.0  5.35E-07  4.29E-06  6.76E-13  0.00
 2807 1.4035E+07    4  7018     185   1.0  5.35E-07  4.28E-06  1.42E-11  0.00
 2808 1.4040E+07    4  7021     185   1.0  5.34E-07  4.28E-06  7.23E-15  0.00
 2809 1.4045E+07    4  7023     185   1.0  5.34E-07  4.28E-06  1.51E-12  0.00
 2810 1.4050E+07    4  7026     185   1.0  5.33E-07  4.27E-06  4.10E-12  0.00
 2811 1.4055E+07    4  7028     185   1.0  5.33E-07  4.27E-06  2.80E-12  0.00
 2812 1.4060E+07    4  7031     185   1.0  5.32E-07  4.26E-06  7.73E-13  0.00
 2813 1.4065E+07    4  7033     185   1.0  5.32E-07  4.26E-06  1.29E-12  0.00
 2814 1.4070E+07    4  7036     185   1.0  5.31E-07  4.25E-06  5.48E-14  0.00
 2815 1.4075E+07    4  7038     185   1.0  5.30E-07  4.25E-06  3.72E-13  0.00
 2816 1.4080E+07    4  7041     185   1.0  5.30E-07  4.25E-06  2.66E-12  0.00
 2817 1.4085E+07    4  7043     185   1.0  5.29E-07  4.24E-06  6.69E-12  0.00
 2818 1.4090E+07    4  7046     185   1.0  5.30E-07  4.16E-06  4.45E-10  0.00
 2819 1.4095E+07    4  7048     185   1.0  4.82E-07  3.46E-06  2.09E-11  0.00
 2820 1.4100E+07    4  7051     185   1.0  4.82E-07  3.46E-06  1.60E-10  0.00
 2821 1.4105E+07    4  7053     185   1.0  4.52E-07  3.32E-06  1.12E-12  0.00
 2822 1.4110E+07    4  7056     185   1.0  4.19E-07  3.15E-06  7.36E-11  0.00
 2823 1.4115E+07    4  7058     185   1.0  4.19E-07  3.15E-06  2.68E-13  0.00
 2824 1.4120E+07    4  7061     185   1.0  4.19E-07  3.14E-06  7.10E-13  0.00
 2825 1.4125E+07    4  7063     185   1.0  4.18E-07  3.14E-06  2.72E-12  0.00
 2826 1.4130E+07    4  7066     185   1.0  4.18E-07  3.14E-06  4.25E-13  0.00
 2827 1.4135E+07    4  7068     185   1.0  4.17E-07  3.14E-06  1.29E-12  0.00
 2828 1.4140E+07    4  7071     185   1.0  4.17E-07  3.13E-06  6.01E-13  0.00
 2829 1.4145E+07    4  7073     185   1.0  4.17E-07  3.13E-06  1.51E-12  0.00
 2830 1.4150E+07    4  7076     185   1.0  4.16E-07  3.13E-06  9.86E-13  0.00
 2831 1.4155E+07    4  7078     185   1.0  4.16E-07  3.12E-06  1.28E-13  0.00
 2832 1.4160E+07    4  7081     185   1.0  4.16E-07  3.12E-06  7.37E-12  0.00
 2833 1.4165E+07    4  7083     185   1.0  4.15E-07  3.12E-06  1.10E-12  0.00
 2834 1.4170E+07    4  7086     185   1.0  4.15E-07  3.12E-06  1.59E-12  0.00
 2835 1.4175E+07    4  7088     185   1.0  4.15E-07  3.11E-06  3.24E-13  0.00
 2836 1.4180E+07    4  7091     185   1.0  4.14E-07  3.11E-06  3.23E-11  0.00
 2837 1.4185E+07    4  7093     185   1.0  5.61E-07  4.03E-06  4.87E-12  0.00
 2838 1.4190E+07    4  7096     185   1.0  6.63E-07  4.66E-06  5.44E-13  0.00
 2839 1.4195E+07    4  7098     185   1.0  6.61E-07  4.65E-06  2.53E-11  0.00
 2840 1.4200E+07    4  7101     185   1.0  6.59E-07  4.63E-06  2.81E-12  0.00
 2841 1.4205E+07    4  7103     185   1.0  6.57E-07  4.62E-06  2.20E-12  0.00
 2842 1.4210E+07    4  7106     185   1.0  6.55E-07  4.61E-06  1.09E-12  0.00
 2843 1.4215E+07    4  7108     185   1.0  6.53E-07  4.59E-06  2.52E-12  0.00
 2844 1.4220E+07    4  7111     185   1.0  6.51E-07  4.58E-06  1.29E-11  0.00
 2845 1.4225E+07    4  7113     185   1.0  6.49E-07  4.57E-06  8.40E-13  0.00
 2846 1.4230E+07    4  7116     185   1.0  6.48E-07  4.56E-06  1.66E-12  0.00
 2847 1.4235E+07    4  7118     185   1.0  6.46E-07  4.54E-06  4.08E-12  0.00
 2848 1.4240E+07    4  7121     185   1.0  6.44E-07  4.53E-06  4.28E-12  0.00
 2849 1.4245E+07    4  7123     185   1.0  6.42E-07  4.52E-06  2.86E-12  0.00
 2850 1.4250E+07    4  7126     185   1.0  6.40E-07  4.51E-06  2.78E-12  0.00
 2851 1.4255E+07    4  7128     185   1.0  6.38E-07  4.50E-06  9.07E-12  0.00
 2852 1.4260E+07    4  7131     185   1.0  6.37E-07  4.49E-06  5.25E-13  0.00
 2853 1.4265E+07    4  7133     185   1.0  6.35E-07  4.47E-06  3.88E-11  0.00
 2854 1.4270E+07    4  7136     185   1.0  4.46E-07  3.26E-06  1.21E-09  0.00
 2855 1.4275E+07    4  7138     185   1.0  4.32E-07  3.19E-06  5.22E-13  0.00
 2856 1.4280E+07    4  7141     185   1.0  4.31E-07  3.19E-06  7.36E-13  0.00
 2857 1.4285E+07    4  7143     185   1.0  4.31E-07  3.18E-06  4.47E-11  0.00
 2858 1.4290E+07    4  7146     185   1.0  4.31E-07  3.18E-06  1.28E-11  0.00
 2859 1.4295E+07    4  7148     185   1.0  4.30E-07  3.18E-06  4.34E-13  0.00
 2860 1.4300E+07    4  7151     185   1.0  4.30E-07  3.18E-06  3.07E-11  0.00
 2861 1.4305E+07    4  7153     185   1.0  4.30E-07  3.17E-06  5.28E-12  0.00
 2862 1.4310E+07    4  7156     185   1.0  4.29E-07  3.17E-06  2.74E-12  0.00
 2863 1.4315E+07    4  7158     185   1.0  4.29E-07  3.17E-06  1.42E-12  0.00
 2864 1.4320E+07    4  7161     185   1.0  4.28E-07  3.17E-06  3.45E-11  0.00
 2865 1.4325E+07    4  7163     185   1.0  4.28E-07  3.16E-06  4.85E-12  0.00
 2866 1.4330E+07    4  7166     185   1.0  4.28E-07  3.16E-06  6.80E-13  0.00
 2867 1.4335E+07    4  7168     185   1.0  4.27E-07  3.16E-06  8.19E-13  0.00
 2868 1.4340E+07    4  7171     185   1.0  4.27E-07  3.16E-06  3.64E-12  0.00
 2869 1.4345E+07    4  7173     185   1.0  4.27E-07  3.15E-06  3.01E-12  0.00
 2870 1.4350E+07    4  7176     185   1.0  4.26E-07  3.15E-06  6.65E-13  0.00
 2871 1.4355E+07    4  7178     185   1.0  4.26E-07  3.15E-06  5.65E-13  0.00
 2872 1.4360E+07    4  7181     185   1.0  4.26E-07  3.15E-06  1.02E-13  0.00
 2873 1.4365E+07    4  7183     185   1.0  4.25E-07  3.14E-06  2.46E-12  0.00
 2874 1.4370E+07    4  7186     185   1.0  4.25E-07  3.14E-06  2.21E-13  0.00
 2875 1.4375E+07    4  7188     185   1.0  4.25E-07  3.14E-06  7.64E-13  0.00
 2876 1.4380E+07    4  7191     185   1.0  4.24E-07  3.14E-06  2.03E-12  0.00
 2877 1.4385E+07    4  7193     185   1.0  4.24E-07  3.13E-06  5.29E-13  0.00
 2878 1.4390E+07    4  7196     185   1.0  4.24E-07  3.13E-06  8.70E-13  0.00
 2879 1.4395E+07    4  7198     185   1.0  4.23E-07  3.13E-06  3.91E-13  0.00
 2880 1.4400E+07    4  7201     185   1.0  4.16E-07  3.09E-06  1.54E-12  0.00
 2881 1.4405E+07    4  7203     185   1.0  4.11E-07  3.05E-06  1.25E-13  0.00
 2882 1.4410E+07    4  7206     185   1.0  4.11E-07  3.05E-06  1.52E-12  0.00
 2883 1.4415E+07    4  7208     185   1.0  4.10E-07  3.04E-06  3.58E-12  0.00
 2884 1.4420E+07    4  7211     185   1.0  4.10E-07  3.04E-06  1.21E-11  0.00
 2885 1.4425E+07    4  7213     185   1.0  4.09E-07  3.04E-06  6.20E-13  0.00
 2886 1.4430E+07    4  7216     185   1.0  4.09E-07  3.04E-06  1.29E-12  0.00
 2887 1.4435E+07    4  7218     185   1.0  4.09E-07  3.03E-06  7.03E-12  0.00
 2888 1.4440E+07    4  7221     185   1.0  4.08E-07  3.03E-06  1.09E-11  0.00
 2889 1.4445E+07    4  7223     185   1.0  4.08E-07  3.03E-06  3.21E-13  0.00
 2890 1.4450E+07    4  7226     185   1.0  4.08E-07  3.03E-06  2.57E-12  0.00
 2891 1.4455E+07    4  7228     185   1.0  4.07E-07  3.02E-06  4.79E-12  0.00
 2892 1.4460E+07    4  7231     185   1.0  4.07E-07  3.02E-06  1.05E-11  0.00
 2893 1.4465E+07    4  7233     185   1.0  4.07E-07  3.02E-06  8.08E-13  0.00
 2894 1.4470E+07    4  7236     185   1.0  4.06E-07  3.02E-06  1.46E-12  0.00
 2895 1.4475E+07    4  7238     185   1.0  4.06E-07  3.01E-06  6.66E-13  0.00
 2896 1.4480E+07    4  7241     185   1.0  4.06E-07  3.01E-06  9.45E-13  0.00
 2897 1.4485E+07    4  7243     185   1.0  4.05E-07  3.01E-06  2.20E-12  0.00
 2898 1.4490E+07    4  7246     185   1.0  4.05E-07  3.01E-06  1.14E-11  0.00
 2899 1.4495E+07    4  7248     185   1.0  4.05E-07  3.01E-06  1.11E-12  0.00
 2900 1.4500E+07    4  7251     185   1.0  4.04E-07  3.00E-06  1.91E-13  0.00
 2901 1.4505E+07    4  7253     185   1.0  4.04E-07  3.00E-06  1.54E-11  0.00
 2902 1.4510E+07    4  7256     185   1.0  3.64E-07  2.72E-06  2.16E-13  0.00
 2903 1.4515E+07    4  7258     185   1.0  3.30E-07  2.50E-06  1.09E-10  0.00
 2904 1.4520E+07    4  7261     185   1.0  3.30E-07  2.50E-06  9.75E-14  0.00
 2905 1.4525E+07    4  7263     185   1.0  3.30E-07  2.50E-06  1.02E-12  0.00
 2906 1.4530E+07    4  7266     185   1.0  3.30E-07  2.50E-06  1.52E-12  0.00
 2907 1.4535E+07    4  7268     185   1.0  3.29E-07  2.50E-06  3.41E-12  0.00
 2908 1.4540E+07    4  7271     185   1.0  3.29E-07  2.49E-06  2.03E-13  0.00
 2909 1.4545E+07    4  7273     185   1.0  3.29E-07  2.49E-06  2.46E-12  0.00
 2910 1.4550E+07    4  7276     185   1.0  3.29E-07  2.49E-06  9.86E-13  0.00
 2911 1.4555E+07    4  7278     185   1.0  3.28E-07  2.49E-06  4.06E-11  0.00
 2912 1.4560E+07    4  7281     185   1.0  3.28E-07  2.49E-06  1.45E-12  0.00
 2913 1.4565E+07    4  7283     185   1.0  3.17E-07  2.44E-06  2.93E-12  0.00
 2914 1.4570E+07    4  7286     185   1.0  3.16E-07  2.44E-06  7.06E-12  0.00
 2915 1.4575E+07    4  7288     185   1.0  3.16E-07  2.44E-06  3.42E-13  0.00
 2916 1.4580E+07    4  7291     185   1.0  3.16E-07  2.44E-06  2.83E-12  0.00
 2917 1.4585E+07    4  7293     185   1.0  3.16E-07  2.43E-06  3.41E-12  0.00
 2918 1.4590E+07    4  7296     185   1.0  3.16E-07  2.43E-06  1.32E-11  0.00
 2919 1.4595E+07    4  7298     185   1.0  3.15E-07  2.43E-06  4.50E-12  0.00
 2920 1.4600E+07    4  7301     185   1.0  3.15E-07  2.43E-06  3.36E-12  0.00
 2921 1.4605E+07    4  7303     185   1.0  3.15E-07  2.43E-06  3.88E-13  0.00
 2922 1.4610E+07    4  7306     185   1.0  3.15E-07  2.43E-06  2.47E-13  0.00
 2923 1.4615E+07    4  7308     185   1.0  3.15E-07  2.42E-06  3.96E-14  0.00
 2924 1.4620E+07    4  7311     185   1.0  3.14E-07  2.42E-06  1.49E-13  0.00
 2925 1.4625E+07    4  7313     185   1.0  3.14E-07  2.42E-06  7.63E-13  0.00
 2926 1.4630E+07    4  7316     185   1.0  3.14E-07  2.42E-06  7.46E-14  0.00
 2927 1.4635E+07    4  7318     185   1.0  3.14E-07  2.42E-06  6.74E-13  0.00
 2928 1.4640E+07    4  7321     185   1.0  3.14E-07  2.42E-06  1.93E-11  0.00
 2929 1.4645E+07    4  7323     185   1.0  3.13E-07  2.42E-06  1.02E-12  0.00
 2930 1.4650E+07    4  7326     185   1.0  3.13E-07  2.41E-06  1.92E-12  0.00
 2931 1.4655E+07    4  7328     185   1.0  3.13E-07  2.41E-06  5.83E-13  0.00
 2932 1.4660E+07    4  7331     185   1.0  3.13E-07  2.41E-06  5.88E-10  0.00
 2933 1.4665E+07    4  7333     185   1.0  3.12E-07  2.41E-06  1.91E-12  0.00
 2934 1.4670E+07    4  7336     185   1.0  3.12E-07  2.41E-06  3.20E-12  0.00
 2935 1.4675E+07    4  7338     185   1.0  3.12E-07  2.41E-06  6.02E-12  0.00
 2936 1.4680E+07    4  7341     185   1.0  3.12E-07  2.40E-06  9.67E-13  0.00
 2937 1.4685E+07    4  7343     185   1.0  3.06E-07  2.38E-06  3.69E-12  0.00
 2938 1.4690E+07    4  7346     185   1.0  3.04E-07  2.37E-06  1.32E-12  0.00
 2939 1.4695E+07    4  7348     185   1.0  3.03E-07  2.37E-06  2.81E-12  0.00
 2940 1.4700E+07    4  7351     185   1.0  3.03E-07  2.37E-06  2.21E-11  0.00
 2941 1.4705E+07    4  7353     185   1.0  3.03E-07  2.36E-06  1.47E-12  0.00
 2942 1.4710E+07    4  7356     185   1.0  3.03E-07  2.36E-06  6.96E-13  0.00
 2943 1.4715E+07    4  7358     185   1.0  3.03E-07  2.36E-06  2.24E-12  0.00
 2944 1.4720E+07    4  7361     185   1.0  3.02E-07  2.36E-06  4.92E-13  0.00
 2945 1.4725E+07    4  7363     185   1.0  3.02E-07  2.36E-06  3.43E-12  0.00
 2946 1.4730E+07    4  7366     185   1.0  3.46E-07  2.28E-06  1.67E-08  0.00
 2947 1.4735E+07    4  7368     185   1.0  6.17E-06  3.34E-06  2.30E-07  0.00
 2948 1.4740E+07    4  7371     185   1.0  6.68E-06  3.54E-06  2.09E-07  0.00
 2949 1.4745E+07    4  7373     185   1.0  4.79E-06  2.75E-06  1.59E-08  0.00
 2950 1.4750E+07    4  7376     185   1.0  3.12E-06  2.06E-06  1.56E-07  0.00
 2951 1.4755E+07    4  7378     185   1.0  3.20E-06  2.06E-06  1.62E-06  0.00
 2952 1.4760E+07    4  7381     185   1.0  3.14E-06  2.05E-06  2.98E-08  0.00
 2953 1.4765E+07    4  7383     185   1.0  3.03E-06  2.03E-06  1.88E-08  0.00
 2954 1.4770E+07    4  7386     185   1.0  3.15E-06  2.06E-06  2.03E-08  0.00
 2955 1.4775E+07    4  7388     185   1.0  3.05E-06  2.03E-06  2.20E-07  0.00
 2956 1.4780E+07    4  7391     185   1.0  3.09E-06  2.05E-06  9.34E-08  0.00
 2957 1.4785E+07    4  7393     185   1.0  3.14E-06  2.06E-06  8.32E-08  0.00
 2958 1.4790E+07    4  7396     185   1.0  3.20E-06  2.06E-06  1.06E-07  0.00
 2959 1.4795E+07    4  7398     185   1.0  3.11E-06  2.05E-06  1.68E-08  0.00
 2960 1.4800E+07    4  7401     185   1.0  3.06E-06  2.04E-06  1.45E-06  0.00
 2961 1.4805E+07    4  7403     185   1.0  3.06E-06  2.04E-06  1.92E-08  0.00
 2962 1.4810E+07    4  7406     185   1.0  3.20E-06  2.07E-06  1.26E-07  0.00
 2963 1.4815E+07    4  7408     185   1.0  3.21E-06  2.04E-06  3.55E-08  0.00
 2964 1.4820E+07    4  7411     185   1.0  3.06E-06  2.04E-06  2.13E-07  0.00
 2965 1.4825E+07    4  7413     185   1.0  3.22E-06  2.17E-06  1.07E-07  0.00
 2966 1.4830E+07    4  7416     185   1.0  3.11E-06  2.03E-06  1.49E-07  0.00
 2967 1.4835E+07    4  7418     185   1.0  3.19E-06  2.06E-06  3.32E-08  0.00
 2968 1.4840E+07    4  7421     185   1.0  3.09E-06  2.02E-06  1.71E-07  0.00
 2969 1.4845E+07    4  7423     185   1.0  3.10E-06  2.03E-06  6.55E-08  0.00
 2970 1.4850E+07    4  7426     185   1.0  3.08E-06  2.03E-06  1.34E-08  0.00
 2971 1.4855E+07    4  7428     185   1.0  3.04E-06  2.02E-06  3.30E-09  0.00
 2972 1.4860E+07    4  7431     185   1.0  3.17E-06  2.06E-06  5.19E-08  0.00
 2973 1.4865E+07    4  7433     185   1.0  3.07E-06  2.03E-06  8.24E-09  0.00
 2974 1.4870E+07    4  7436     185   1.0  2.93E-06  2.00E-06  8.75E-08  0.00
 2975 1.4875E+07    4  7438     185   1.0  3.09E-06  2.03E-06  1.49E-07  0.00
 2976 1.4880E+07    4  7441     185   1.0  2.94E-06  1.99E-06  4.12E-08  0.00
 2977 1.4885E+07    4  7443     185   1.0  2.95E-06  1.99E-06  5.05E-08  0.00
 2978 1.4890E+07    4  7446     185   1.0  3.18E-06  2.04E-06  1.02E-08  0.00
 2979 1.4895E+07    4  7448     185   1.0  3.13E-06  2.03E-06  9.30E-08  0.00
 2980 1.4900E+07    4  7451     185   1.0  3.11E-06  2.02E-06  1.96E-07  0.00
 2981 1.4905E+07    4  7453     185   1.0  3.16E-06  2.03E-06  8.55E-08  0.00
 2982 1.4910E+07    4  7456     185   1.0  2.86E-06  1.87E-06  3.60E-09  0.00
 2983 1.4915E+07    4  7458     185   1.0  2.51E-06  1.73E-06  3.96E-08  0.00
 2984 1.4920E+07    4  7461     185   1.0  2.57E-06  1.74E-06  8.27E-08  0.00
 2985 1.4925E+07    4  7463     185   1.0  2.55E-06  1.74E-06  8.82E-09  0.00
 2986 1.4930E+07    4  7466     185   1.0  2.54E-06  1.74E-06  3.92E-08  0.00
 2987 1.4935E+07    4  7468     185   1.0  2.56E-06  1.74E-06  9.71E-08  0.00
 2988 1.4940E+07    4  7471     185   1.0  2.53E-06  1.73E-06  1.51E-09  0.00
 2989 1.4945E+07    4  7473     185   1.0  2.59E-06  1.74E-06  3.55E-08  0.00
 2990 1.4950E+07    4  7476     185   1.0  2.58E-06  1.74E-06  6.38E-08  0.00
 2991 1.4955E+07    4  7478     185   1.0  2.53E-06  1.73E-06  2.38E-08  0.00
 2992 1.4960E+07    4  7481     185   1.0  2.52E-06  1.73E-06  6.41E-08  0.00
 2993 1.4965E+07    4  7483     185   1.0  2.56E-06  1.73E-06  5.19E-08  0.00
 2994 1.4970E+07    4  7486     185   1.0  2.55E-06  1.73E-06  3.69E-08  0.00
 2995 1.4975E+07    4  7488     185   1.0  2.55E-06  1.73E-06  9.51E-08  0.00
 2996 1.4980E+07    4  7491     185   1.0  2.54E-06  1.73E-06  1.49E-08  0.00
 2997 1.4985E+07    4  7493     185   1.0  2.54E-06  1.73E-06  3.79E-08  0.00
 2998 1.4990E+07    4  7496     185   1.0  2.55E-06  1.73E-06  1.12E-07  0.00
 2999 1.4995E+07    4  7498     185   1.0  2.53E-06  1.73E-06  4.58E-08  0.00
 3000 1.5000E+07    4  7501     185   1.0  2.53E-06  1.72E-06  2.42E-08  0.00
 3001 1.5005E+07    4  7503     185   1.0  2.52E-06  1.72E-06  2.90E-08  0.00
 3002 1.5010E+07    4  7506     185   1.0  2.48E-06  1.72E-06  2.16E-08  0.00
 3003 1.5015E+07    4  7508     185   1.0  2.52E-06  1.72E-06  2.76E-08  0.00
 3004 1.5020E+07    4  7511     185   1.0  2.53E-06  1.72E-06  4.32E-08  0.00
 3005 1.5025E+07    4  7513     185   1.0  2.50E-06  1.71E-06  7.28E-08  0.00
 3006 1.5030E+07    4  7516     185   1.0  2.52E-06  1.72E-06  3.65E-08  0.00
 3007 1.5035E+07    4  7518     185   1.0  2.53E-06  1.72E-06  1.01E-07  0.00
 3008 1.5040E+07    4  7521     185   1.0  2.56E-06  1.72E-06  1.20E-07  0.00
 3009 1.5045E+07    4  7523     185   1.0  2.53E-06  1.72E-06  3.87E-09  0.00
 3010 1.5050E+07    4  7526     185   1.0  2.52E-06  1.72E-06  3.03E-08  0.00
 3011 1.5055E+07    4  7528     185   1.0  2.52E-06  1.72E-06  9.11E-08  0.00
 3012 1.5060E+07    4  7531     185   1.0  2.53E-06  1.72E-06  3.38E-08  0.00
 3013 1.5065E+07    4  7533     185   1.0  2.51E-06  1.71E-06  5.48E-08  0.00
 3014 1.5070E+07    4  7536     185   1.0  2.49E-06  1.71E-06  1.15E-07  0.00
 3015 1.5075E+07    4  7538     185   1.0  1.67E-06  1.68E-06  2.16E-10  0.00
 3016 1.5080E+07    4  7541     185   1.0  2.03E-07  1.62E-06  7.82E-13  0.00
 3017 1.5085E+07    4  7543     185   1.0  2.03E-07  1.62E-06  7.53E-14  0.00
 3018 1.5090E+07    4  7546     185   1.0  2.03E-07  1.61E-06  5.60E-14  0.00
 3019 1.5095E+07    4  7548     185   1.0  2.03E-07  1.61E-06  3.21E-12  0.00
 3020 1.5100E+07    4  7551     185   1.0  2.03E-07  1.61E-06  1.53E-13  0.00
 3021 1.5105E+07    4  7553     185   1.0  2.02E-07  1.61E-06  2.99E-13  0.00
 3022 1.5110E+07    4  7556     185   1.0  2.02E-07  1.61E-06  4.04E-13  0.00
 3023 1.5115E+07    4  7558     185   1.0  2.02E-07  1.61E-06  9.01E-14  0.00
 3024 1.5120E+07    4  7561     185   1.0  2.02E-07  1.61E-06  7.15E-14  0.00
 3025 1.5125E+07    4  7563     185   1.0  2.02E-07  1.61E-06  2.22E-13  0.00
 3026 1.5130E+07    4  7566     185   1.0  2.02E-07  1.61E-06  2.82E-12  0.00
 3027 1.5135E+07    4  7568     185   1.0  2.02E-07  1.61E-06  5.18E-13  0.00
 3028 1.5140E+07    4  7571     185   1.0  2.02E-07  1.61E-06  2.66E-13  0.00
 3029 1.5145E+07    4  7573     185   1.0  2.02E-07  1.61E-06  8.60E-14  0.00
 3030 1.5150E+07    4  7576     185   1.0  2.10E-07  1.72E-06  4.64E-12  0.00
 3031 1.5155E+07    4  7578     185   1.0  2.10E-07  1.76E-06  6.31E-13  0.00
 3032 1.5160E+07    4  7581     185   1.0  2.10E-07  1.76E-06  5.65E-14  0.00
 3033 1.5165E+07    4  7583     185   1.0  2.10E-07  1.76E-06  1.87E-14  0.00
 3034 1.5170E+07    4  7586     185   1.0  2.10E-07  1.76E-06  2.46E-13  0.00
 3035 1.5175E+07    4  7588     185   1.0  2.09E-07  1.76E-06  2.20E-12  0.00
 3036 1.5180E+07    4  7591     185   1.0  2.09E-07  1.76E-06  3.11E-13  0.00
 3037 1.5185E+07    4  7593     185   1.0  2.09E-07  1.76E-06  4.80E-13  0.00
 3038 1.5190E+07    4  7596     185   1.0  2.09E-07  1.76E-06  5.53E-14  0.00
 3039 1.5195E+07    4  7598     185   1.0  2.09E-07  1.76E-06  7.78E-12  0.00
 3040 1.5200E+07    4  7601     185   1.0  2.09E-07  1.75E-06  2.02E-13  0.00
 3041 1.5205E+07    4  7603     185   1.0  2.09E-07  1.75E-06  4.56E-14  0.00
 3042 1.5210E+07    4  7606     185   1.0  2.09E-07  1.75E-06  2.48E-13  0.00
 3043 1.5215E+07    4  7608     185   1.0  2.09E-07  1.75E-06  3.76E-13  0.00
 3044 1.5220E+07    4  7611     185   1.0  2.09E-07  1.75E-06  2.32E-13  0.00
 3045 1.5225E+07    4  7613     185   1.0  2.09E-07  1.75E-06  2.08E-12  0.00
 3046 1.5230E+07    4  7616     185   1.0  2.08E-07  1.75E-06  1.06E-13  0.00
 3047 1.5235E+07    4  7618     185   1.0  2.08E-07  1.75E-06  8.59E-13  0.00
 3048 1.5240E+07    4  7621     185   1.0  2.08E-07  1.75E-06  1.09E-12  0.00
 3049 1.5245E+07    4  7623     185   1.0  2.08E-07  1.75E-06  1.55E-13  0.00
 3050 1.5250E+07    4  7626     185   1.0  2.08E-07  1.75E-06  3.08E-13  0.00
 3051 1.5255E+07    4  7628     185   1.0  2.08E-07  1.75E-06  1.15E-12  0.00
 3052 1.5260E+07    4  7631     185   1.0  2.08E-07  1.75E-06  6.03E-13  0.00
 3053 1.5265E+07    4  7633     185   1.0  2.08E-07  1.74E-06  1.70E-13  0.00
 3054 1.5270E+07    4  7636     185   1.0  2.08E-07  1.74E-06  1.86E-13  0.00
 3055 1.5275E+07    4  7638     185   1.0  2.08E-07  1.74E-06  1.64E-13  0.00
 3056 1.5280E+07    4  7641     185   1.0  2.08E-07  1.74E-06  2.87E-13  0.00
 3057 1.5285E+07    4  7643     185   1.0  2.08E-07  1.74E-06  4.94E-13  0.00
 3058 1.5290E+07    4  7646     185   1.0  2.07E-07  1.74E-06  1.23E-11  0.00
 3059 1.5295E+07    4  7648     185   1.0  2.07E-07  1.74E-06  9.38E-12  0.00
 3060 1.5300E+07    4  7651     185   1.0  2.07E-07  1.74E-06  6.99E-14  0.00
 3061 1.5305E+07    4  7653     185   1.0  2.07E-07  1.74E-06  2.53E-13  0.00
 3062 1.5310E+07    4  7656     185   1.0  2.07E-07  1.74E-06  3.15E-13  0.00
 3063 1.5315E+07    4  7658     185   1.0  2.07E-07  1.74E-06  1.63E-13  0.00
 3064 1.5320E+07    4  7661     185   1.0  2.07E-07  1.74E-06  8.03E-13  0.00
 3065 1.5325E+07    4  7663     185   1.0  2.07E-07  1.74E-06  7.40E-13  0.00
 3066 1.5330E+07    4  7666     185   1.0  2.07E-07  1.73E-06  1.37E-13  0.00
 3067 1.5335E+07    4  7668     185   1.0  2.07E-07  1.73E-06  4.99E-13  0.00
 3068 1.5340E+07    4  7671     185   1.0  2.07E-07  1.73E-06  3.10E-14  0.00
 3069 1.5345E+07    4  7673     185   1.0  1.98E-07  1.61E-06  2.16E-10  0.00
 3070 1.5350E+07    4  7676     185   1.0  1.75E-07  1.52E-06  9.21E-13  0.00
 3071 1.5355E+07    4  7678     185   1.0  1.74E-07  1.52E-06  3.98E-14  0.00
 3072 1.5360E+07    4  7681     185   1.0  1.74E-07  1.52E-06  1.61E-13  0.00
 3073 1.5365E+07    4  7683     185   1.0  1.74E-07  1.51E-06  7.34E-13  0.00
 3074 1.5370E+07    4  7686     185   1.0  1.74E-07  1.51E-06  2.84E-13  0.00
 3075 1.5375E+07    4  7688     185   1.0  1.74E-07  1.51E-06  3.85E-13  0.00
 3076 1.5380E+07    4  7691     185   1.0  1.74E-07  1.51E-06  9.88E-13  0.00
 3077 1.5385E+07    4  7693     185   1.0  1.74E-07  1.51E-06  1.23E-13  0.00
 3078 1.5390E+07    4  7696     185   1.0  1.74E-07  1.51E-06  1.30E-13  0.00
 3079 1.5395E+07    4  7698     185   1.0  1.74E-07  1.51E-06  2.75E-13  0.00
 3080 1.5400E+07    4  7701     185   1.0  1.74E-07  1.51E-06  2.00E-13  0.00
 3081 1.5405E+07    4  7703     185   1.0  1.74E-07  1.51E-06  1.31E-13  0.00
 3082 1.5410E+07    4  7706     185   1.0  1.74E-07  1.51E-06  8.09E-15  0.00
 3083 1.5415E+07    4  7708     185   1.0  1.73E-07  1.51E-06  2.10E-12  0.00
 3084 1.5420E+07    4  7711     185   1.0  1.73E-07  1.51E-06  2.74E-13  0.00
 3085 1.5425E+07    4  7713     185   1.0  1.73E-07  1.51E-06  4.37E-12  0.00
 3086 1.5430E+07    4  7716     185   1.0  1.73E-07  1.51E-06  1.42E-13  0.00
 3087 1.5435E+07    4  7718     185   1.0  1.73E-07  1.51E-06  2.45E-13  0.00
 3088 1.5440E+07    4  7721     185   1.0  1.73E-07  1.51E-06  1.37E-13  0.00
 3089 1.5445E+07    4  7723     185   1.0  1.73E-07  1.51E-06  4.65E-12  0.00
 3090 1.5450E+07    4  7726     185   1.0  1.73E-07  1.50E-06  6.47E-15  0.00
 3091 1.5455E+07    4  7728     185   1.0  1.73E-07  1.50E-06  8.04E-14  0.00
 3092 1.5460E+07    4  7731     185   1.0  1.73E-07  1.50E-06  8.97E-13  0.00
 3093 1.5465E+07    4  7733     185   1.0  1.73E-07  1.50E-06  5.18E-14  0.00
 3094 1.5470E+07    4  7736     185   1.0  1.73E-07  1.50E-06  1.38E-12  0.00
 3095 1.5475E+07    4  7738     185   1.0  1.73E-07  1.50E-06  3.37E-13  0.00
 3096 1.5480E+07    4  7741     185   1.0  1.73E-07  1.50E-06  7.39E-12  0.00
 3097 1.5485E+07    4  7743     185   1.0  1.73E-07  1.50E-06  9.86E-14  0.00
 3098 1.5490E+07    4  7746     185   1.0  1.72E-07  1.50E-06  1.20E-13  0.00
 3099 1.5495E+07    4  7748     185   1.0  1.72E-07  1.50E-06  6.87E-13  0.00
 3100 1.5500E+07    4  7751     185   1.0  1.72E-07  1.50E-06  1.09E-14  0.00
 3101 1.5505E+07    4  7753     185   1.0  1.72E-07  1.50E-06  1.16E-13  0.00
 3102 1.5510E+07    4  7756     185   1.0  1.72E-07  1.50E-06  1.27E-12  0.00
 3103 1.5515E+07    4  7758     185   1.0  1.72E-07  1.50E-06  4.80E-13  0.00
 3104 1.5520E+07    4  7761     185   1.0  1.72E-07  1.50E-06  8.50E-14  0.00
 3105 1.5525E+07    4  7763     185   1.0  1.72E-07  1.50E-06  1.24E-13  0.00
 3106 1.5530E+07    4  7766     185   1.0  1.72E-07  1.49E-06  1.09E-13  0.00
 3107 1.5535E+07    4  7768     185   1.0  1.72E-07  1.49E-06  1.10E-12  0.00
 3108 1.5540E+07    4  7771     185   1.0  1.77E-07  1.49E-06  1.39E-09  0.00
 3109 1.5545E+07    4  7773     185   1.0  4.85E-06  2.76E-06  2.99E-08  0.00
 3110 1.5550E+07    4  7776     185   1.0  5.17E-06  2.87E-06  7.23E-08  0.00
 3111 1.5555E+07    4  7778     185   1.0  5.19E-06  2.87E-06  6.67E-08  0.00
 3112 1.5560E+07    4  7781     185   1.0  5.19E-06  2.87E-06  8.72E-07  0.00
 3113 1.5565E+07    4  7783     185   1.0  5.19E-06  2.87E-06  4.11E-08  0.00
 3114 1.5570E+07    4  7786     185   1.0  5.24E-06  2.89E-06  9.27E-08  0.00
 3115 1.5575E+07    4  7788     185   1.0  5.20E-06  2.87E-06  4.44E-08  0.00
 3116 1.5580E+07    4  7791     185   1.0  5.18E-06  2.87E-06  8.15E-08  0.00
 3117 1.5585E+07    4  7793     185   1.0  5.18E-06  2.86E-06  1.41E-07  0.00
 3118 1.5590E+07    4  7796     185   1.0  5.17E-06  2.86E-06  5.78E-08  0.00
 3119 1.5595E+07    4  7798     185   1.0  5.15E-06  2.85E-06  6.84E-08  0.00
 3120 1.5600E+07    4  7801     185   1.0  5.19E-06  2.86E-06  8.20E-08  0.00
 3121 1.5605E+07    4  7803     185   1.0  5.20E-06  2.87E-06  5.58E-08  0.00
 3122 1.5610E+07    4  7806     185   1.0  5.15E-06  2.85E-06  2.26E-09  0.00
 3123 1.5615E+07    4  7808     185   1.0  5.16E-06  2.85E-06  7.89E-08  0.00
 3124 1.5620E+07    4  7811     185   1.0  5.13E-06  2.84E-06  1.50E-07  0.00
 3125 1.5625E+07    4  7813     185   1.0  5.17E-06  2.86E-06  1.16E-07  0.00
 3126 1.5630E+07    4  7816     185   1.0  5.14E-06  2.84E-06  1.55E-07  0.00
 3127 1.5635E+07    4  7818     185   1.0  5.17E-06  2.85E-06  1.57E-07  0.00
 3128 1.5640E+07    4  7821     185   1.0  5.19E-06  2.86E-06  4.00E-08  0.00
 3129 1.5645E+07    4  7823     185   1.0  5.13E-06  2.84E-06  3.56E-08  0.00
 3130 1.5650E+07    4  7826     185   1.0  5.12E-06  2.84E-06  7.76E-08  0.00
 3131 1.5655E+07    4  7828     185   1.0  5.14E-06  2.84E-06  4.13E-08  0.00
 3132 1.5660E+07    4  7831     185   1.0  5.15E-06  2.84E-06  5.08E-08  0.00
 3133 1.5665E+07    4  7833     185   1.0  5.13E-06  2.84E-06  2.55E-08  0.00
 3134 1.5670E+07    4  7836     185   1.0  5.20E-06  2.86E-06  5.08E-08  0.00
 3135 1.5675E+07    4  7838     185   1.0  5.14E-06  2.84E-06  5.07E-08  0.00
 3136 1.5680E+07    4  7841     185   1.0  5.10E-06  2.83E-06  3.63E-08  0.00
 3137 1.5685E+07    4  7843     185   1.0  5.09E-06  2.82E-06  1.19E-07  0.00
 3138 1.5690E+07    4  7846     185   1.0  5.12E-06  2.83E-06  1.41E-07  0.00
 3139 1.5695E+07    4  7848     185   1.0  5.13E-06  2.83E-06  8.66E-08  0.00
 3140 1.5700E+07    4  7851     185   1.0  5.12E-06  2.83E-06  1.76E-08  0.00
 3141 1.5705E+07    4  7853     185   1.0  5.14E-06  2.83E-06  2.12E-07  0.00
 3142 1.5710E+07    4  7856     185   1.0  5.08E-06  2.82E-06  1.35E-07  0.00
 3143 1.5715E+07    4  7858     185   1.0  5.09E-06  2.82E-06  8.67E-08  0.00
 3144 1.5720E+07    4  7861     185   1.0  5.03E-06  2.79E-06  6.92E-08  0.00
 3145 1.5725E+07    4  7863     185   1.0  2.07E-06  1.67E-06  5.62E-08  0.00
 3146 1.5730E+07    4  7866     185   1.0  2.05E-06  1.66E-06  2.94E-08  0.00
 3147 1.5735E+07    4  7868     185   1.0  2.04E-06  1.66E-06  2.96E-07  0.00
 3148 1.5740E+07    4  7871     185   1.0  2.01E-06  1.65E-06  4.28E-07  0.00
 3149 1.5745E+07    4  7873     185   1.0  2.07E-06  1.67E-06  2.30E-09  0.00
 3150 1.5750E+07    4  7876     185   1.0  2.02E-06  1.65E-06  5.85E-08  0.00
 3151 1.5755E+07    4  7878     185   1.0  1.99E-06  1.64E-06  3.35E-09  0.00
 3152 1.5760E+07    4  7881     185   1.0  2.04E-06  1.66E-06  2.40E-08  0.00
 3153 1.5765E+07    4  7883     185   1.0  1.95E-06  1.63E-06  1.49E-08  0.00
 3154 1.5770E+07    4  7886     185   1.0  2.02E-06  1.65E-06  1.30E-08  0.00
 3155 1.5775E+07    4  7888     185   1.0  1.02E-06  1.48E-06  1.34E-12  0.00
 3156 1.5780E+07    4  7891     185   1.0  1.82E-07  1.34E-06  6.03E-14  0.00
 3157 1.5785E+07    4  7893     185   1.0  1.82E-07  1.34E-06  1.50E-13  0.00
 3158 1.5790E+07    4  7896     185   1.0  1.82E-07  1.34E-06  9.04E-13  0.00
 3159 1.5795E+07    4  7898     185   1.0  1.82E-07  1.34E-06  3.55E-13  0.00
 3160 1.5800E+07    4  7901     185   1.0  1.82E-07  1.34E-06  2.93E-13  0.00
 3161 1.5805E+07    4  7903     185   1.0  1.82E-07  1.34E-06  3.89E-12  0.00
 3162 1.5810E+07    4  7906     185   1.0  1.82E-07  1.34E-06  1.87E-13  0.00
 3163 1.5815E+07    4  7908     185   1.0  1.82E-07  1.34E-06  1.02E-12  0.00
 3164 1.5820E+07    4  7911     185   1.0  1.82E-07  1.34E-06  2.51E-13  0.00
 3165 1.5825E+07    4  7913     185   1.0  1.82E-07  1.34E-06  1.57E-13  0.00
 3166 1.5830E+07    4  7916     185   1.0  1.82E-07  1.34E-06  2.97E-12  0.00
 3167 1.5835E+07    4  7918     185   1.0  1.82E-07  1.34E-06  1.33E-13  0.00
 3168 1.5840E+07    4  7921     185   1.0  1.82E-07  1.34E-06  2.80E-13  0.00
 3169 1.5845E+07    4  7923     185   1.0  1.82E-07  1.34E-06  3.72E-13  0.00
 3170 1.5850E+07    4  7926     185   1.0  1.82E-07  1.33E-06  2.21E-11  0.00
 3171 1.5855E+07    4  7928     185   1.0  1.86E-07  1.32E-06  8.49E-12  0.00
 3172 1.5860E+07    4  7931     185   1.0  1.86E-07  1.32E-06  6.85E-13  0.00
 3173 1.5865E+07    4  7933     185   1.0  1.86E-07  1.32E-06  7.67E-13  0.00
 3174 1.5870E+07    4  7936     185   1.0  1.86E-07  1.32E-06  4.90E-14  0.00
 3175 1.5875E+07    4  7938     185   1.0  1.86E-07  1.32E-06  4.84E-13  0.00
 3176 1.5880E+07    4  7941     185   1.0  1.85E-07  1.32E-06  1.79E-12  0.00
 3177 1.5885E+07    4  7943     185   1.0  1.85E-07  1.32E-06  1.99E-13  0.00
 3178 1.5890E+07    4  7946     185   1.0  1.85E-07  1.32E-06  3.36E-13  0.00
 3179 1.5895E+07    4  7948     185   1.0  1.85E-07  1.32E-06  1.01E-11  0.00
 3180 1.5900E+07    4  7951     185   1.0  1.85E-07  1.32E-06  2.11E-14  0.00
 3181 1.5905E+07    4  7953     185   1.0  1.85E-07  1.32E-06  5.14E-13  0.00
 3182 1.5910E+07    4  7956     185   1.0  1.85E-07  1.32E-06  1.21E-13  0.00
 3183 1.5915E+07    4  7958     185   1.0  1.85E-07  1.31E-06  8.32E-13  0.00
 3184 1.5920E+07    4  7961     185   1.0  1.85E-07  1.31E-06  2.73E-13  0.00
 3185 1.5925E+07    4  7963     185   1.0  1.85E-07  1.31E-06  1.50E-13  0.00
 3186 1.5930E+07    4  7966     185   1.0  1.85E-07  1.31E-06  1.01E-12  0.00
 3187 1.5935E+07    4  7968     185   1.0  1.85E-07  1.31E-06  4.85E-14  0.00
 3188 1.5940E+07    4  7971     185   1.0  1.85E-07  1.31E-06  1.21E-13  0.00
 3189 1.5945E+07    4  7973     185   1.0  1.84E-07  1.31E-06  1.39E-13  0.00
 3190 1.5950E+07    4  7976     185   1.0  1.84E-07  1.31E-06  2.07E-13  0.00
 3191 1.5955E+07    4  7978     185   1.0  1.84E-07  1.31E-06  3.60E-13  0.00
 3192 1.5960E+07    4  7981     185   1.0  1.84E-07  1.31E-06  9.13E-13  0.00
 3193 1.5965E+07    4  7983     185   1.0  1.84E-07  1.31E-06  6.09E-13  0.00
 3194 1.5970E+07    4  7986     185   1.0  1.84E-07  1.31E-06  1.05E-12  0.00
 3195 1.5975E+07    4  7988     185   1.0  1.84E-07  1.31E-06  1.36E-11  0.00
 3196 1.5980E+07    4  7991     185   1.0  1.84E-07  1.31E-06  3.10E-13  0.00
 3197 1.5985E+07    4  7993     185   1.0  1.84E-07  1.31E-06  2.76E-12  0.00
 3198 1.5990E+07    4  7996     185   1.0  1.84E-07  1.31E-06  5.59E-13  0.00
 3199 1.5995E+07    4  7998     185   1.0  1.84E-07  1.31E-06  7.39E-14  0.00
 3200 1.6000E+07    4  8001     185   1.0  1.84E-07  1.31E-06  2.30E-13  0.00
 3201 1.6005E+07    4  8003     185   1.0  1.83E-07  1.30E-06  2.24E-13  0.00
 3202 1.6010E+07    4  8006     185   1.0  1.83E-07  1.30E-06  4.73E-14  0.00
 3203 1.6015E+07    4  8008     185   1.0  1.83E-07  1.30E-06  9.62E-13  0.00
 3204 1.6020E+07    4  8011     185   1.0  1.83E-07  1.30E-06  3.87E-13  0.00
 3205 1.6025E+07    4  8013     185   1.0  1.83E-07  1.30E-06  3.07E-13  0.00
 3206 1.6030E+07    4  8016     185   1.0  1.83E-07  1.30E-06  6.47E-12  0.00
 3207 1.6035E+07    4  8018     185   1.0  1.83E-07  1.30E-06  1.20E-11  0.00
 3208 1.6040E+07    4  8021     185   1.0  1.83E-07  1.30E-06  2.25E-15  0.00
 3209 1.6045E+07    4  8023     185   1.0  1.83E-07  1.30E-06  6.87E-12  0.00
 3210 1.6050E+07    4  8026     185   1.0  1.83E-07  1.30E-06  3.41E-14  0.00
 3211 1.6055E+07    4  8028     185   1.0  1.83E-07  1.30E-06  2.06E-13  0.00
 3212 1.6060E+07    4  8031     185   1.0  1.83E-07  1.30E-06  9.11E-14  0.00
 3213 1.6065E+07    4  8033     185   1.0  1.83E-07  1.30E-06  1.56E-13  0.00
 3214 1.6070E+07    4  8036     185   1.0  1.82E-07  1.30E-06  3.19E-13  0.00
 3215 1.6075E+07    4  8038     185   1.0  1.82E-07  1.30E-06  4.54E-12  0.00
 3216 1.6080E+07    4  8041     185   1.0  1.82E-07  1.30E-06  7.64E-14  0.00
 3217 1.6085E+07    4  8043     185   1.0  1.82E-07  1.30E-06  2.98E-13  0.00
 3218 1.6090E+07    4  8046     185   1.0  1.82E-07  1.30E-06  1.57E-13  0.00
 3219 1.6095E+07    4  8048     185   1.0  1.82E-07  1.29E-06  3.22E-13  0.00
 3220 1.6100E+07    4  8051     185   1.0  1.82E-07  1.29E-06  1.50E-12  0.00
 3221 1.6105E+07    4  8053     185   1.0  1.82E-07  1.29E-06  4.06E-14  0.00
 3222 1.6110E+07    4  8056     185   1.0  1.82E-07  1.29E-06  1.98E-12  0.00
 3223 1.6115E+07    4  8058     185   1.0  1.82E-07  1.29E-06  1.88E-13  0.00
 3224 1.6120E+07    4  8061     185   1.0  1.82E-07  1.29E-06  3.04E-12  0.00
 3225 1.6125E+07    4  8063     185   1.0  1.82E-07  1.29E-06  3.36E-14  0.00
 3226 1.6130E+07    4  8066     185   1.0  1.82E-07  1.29E-06  2.64E-12  0.00
 3227 1.6135E+07    4  8068     185   1.0  1.81E-07  1.29E-06  1.35E-13  0.00
 3228 1.6140E+07    4  8071     185   1.0  1.81E-07  1.29E-06  5.81E-13  0.00
 3229 1.6145E+07    4  8073     185   1.0  1.81E-07  1.29E-06  4.39E-13  0.00
 3230 1.6150E+07    4  8076     185   1.0  1.81E-07  1.29E-06  6.58E-12  0.00
 3231 1.6155E+07    4  8078     185   1.0  1.81E-07  1.29E-06  5.97E-13  0.00
 3232 1.6160E+07    4  8081     185   1.0  1.81E-07  1.29E-06  6.04E-14  0.00
 3233 1.6165E+07    4  8083     185   1.0  1.81E-07  1.29E-06  6.54E-12  0.00
 3234 1.6170E+07    4  8086     185   1.0  2.46E-07  1.48E-06  1.22E-12  0.00
 3235 1.6175E+07    4  8088     185   1.0  2.80E-07  1.58E-06  4.00E-13  0.00
 3236 1.6180E+07    4  8091     185   1.0  2.80E-07  1.58E-06  2.36E-12  0.00
 3237 1.6185E+07    4  8093     185   1.0  2.79E-07  1.58E-06  4.37E-13  0.00
 3238 1.6190E+07    4  8096     185   1.0  2.79E-07  1.58E-06  7.12E-13  0.00
 3239 1.6195E+07    4  8098     185   1.0  2.79E-07  1.58E-06  2.48E-13  0.00
 3240 1.6200E+07    4  8101     185   1.0  2.79E-07  1.57E-06  4.58E-13  0.00
 3241 1.6205E+07    4  8103     185   1.0  2.79E-07  1.57E-06  3.92E-13  0.00
 3242 1.6210E+07    4  8106     185   1.0  2.79E-07  1.57E-06  5.52E-13  0.00
 3243 1.6215E+07    4  8108     185   1.0  3.47E-07  1.92E-06  1.30E-12  0.00
 3244 1.6220E+07    4  8111     185   1.0  4.07E-07  2.22E-06  1.70E-12  0.00
 3245 1.6225E+07    4  8113     185   1.0  4.06E-07  2.21E-06  3.07E-12  0.00
 3246 1.6230E+07    4  8116     185   1.0  4.06E-07  2.21E-06  2.47E-12  0.00
 3247 1.6235E+07    4  8118     185   1.0  4.05E-07  2.21E-06  6.98E-12  0.00
 3248 1.6240E+07    4  8121     185   1.0  4.04E-07  2.21E-06  7.68E-13  0.00
 3249 1.6245E+07    4  8123     185   1.0  4.04E-07  2.20E-06  7.94E-12  0.00
 3250 1.6250E+07    4  8126     185   1.0  4.03E-07  2.20E-06  3.63E-12  0.00
 3251 1.6255E+07    4  8128     185   1.0  4.03E-07  2.20E-06  3.93E-15  0.00
 3252 1.6260E+07    4  8131     185   1.0  4.02E-07  2.19E-06  1.93E-11  0.00
 3253 1.6265E+07    4  8133     185   1.0  4.02E-07  2.19E-06  1.50E-12  0.00
 3254 1.6270E+07    4  8136     185   1.0  4.01E-07  2.19E-06  5.64E-13  0.00
 3255 1.6275E+07    4  8138     185   1.0  4.01E-07  2.19E-06  8.45E-12  0.00
 3256 1.6280E+07    4  8141     185   1.0  4.00E-07  2.18E-06  2.42E-11  0.00
 3257 1.6285E+07    4  8143     185   1.0  3.99E-07  2.18E-06  2.17E-12  0.00
 3258 1.6290E+07    4  8146     185   1.0  3.99E-07  2.18E-06  3.79E-12  0.00
 3259 1.6295E+07    4  8148     185   1.0  3.98E-07  2.17E-06  4.73E-13  0.00
 3260 1.6300E+07    4  8151     185   1.0  3.98E-07  2.17E-06  2.26E-11  0.00
 3261 1.6305E+07    4  8153     185   1.0  3.97E-07  2.17E-06  1.10E-12  0.00
 3262 1.6310E+07    4  8156     185   1.0  3.97E-07  2.17E-06  2.75E-12  0.00
 3263 1.6315E+07    4  8158     185   1.0  3.49E-07  1.92E-06  3.36E-14  0.00
 3264 1.6320E+07    4  8161     185   1.0  3.01E-07  1.68E-06  1.13E-12  0.00
 3265 1.6325E+07    4  8163     185   1.0  3.01E-07  1.68E-06  3.29E-12  0.00
 3266 1.6330E+07    4  8166     185   1.0  3.00E-07  1.67E-06  1.54E-12  0.00
 3267 1.6335E+07    4  8168     185   1.0  3.00E-07  1.67E-06  4.84E-13  0.00
 3268 1.6340E+07    4  8171     185   1.0  3.00E-07  1.67E-06  6.29E-12  0.00
 3269 1.6345E+07    4  8173     185   1.0  3.00E-07  1.67E-06  9.98E-15  0.00
 3270 1.6350E+07    4  8176     185   1.0  2.99E-07  1.67E-06  3.67E-13  0.00
 3271 1.6355E+07    4  8178     185   1.0  2.99E-07  1.67E-06  1.02E-12  0.00
 3272 1.6360E+07    4  8181     185   1.0  2.99E-07  1.67E-06  9.13E-13  0.00
 3273 1.6365E+07    4  8183     185   1.0  2.99E-07  1.67E-06  6.41E-13  0.00
 3274 1.6370E+07    4  8186     185   1.0  2.99E-07  1.66E-06  2.79E-13  0.00
 3275 1.6375E+07    4  8188     185   1.0  2.98E-07  1.66E-06  4.33E-13  0.00
 3276 1.6380E+07    4  8191     185   1.0  2.98E-07  1.66E-06  1.03E-12  0.00
 3277 1.6385E+07    4  8193     185   1.0  2.95E-07  1.65E-06  1.39E-13  0.00
 3278 1.6390E+07    4  8196     185   1.0  2.95E-07  1.65E-06  4.71E-11  0.00
 3279 1.6395E+07    4  8198     185   1.0  2.95E-07  1.65E-06  6.87E-13  0.00
 3280 1.6400E+07    4  8201     185   1.0  2.94E-07  1.65E-06  2.71E-12  0.00
 3281 1.6405E+07    4  8203     185   1.0  2.94E-07  1.64E-06  6.44E-13  0.00
 3282 1.6410E+07    4  8206     185   1.0  2.94E-07  1.64E-06  4.89E-13  0.00
 3283 1.6415E+07    4  8208     185   1.0  2.94E-07  1.64E-06  4.89E-12  0.00
 3284 1.6420E+07    4  8211     185   1.0  2.94E-07  1.64E-06  3.49E-13  0.00
 3285 1.6425E+07    4  8213     185   1.0  2.93E-07  1.64E-06  3.03E-13  0.00
 3286 1.6430E+07    4  8216     185   1.0  2.97E-07  1.67E-06  4.97E-13  0.00
 3287 1.6435E+07    4  8218     185   1.0  3.00E-07  1.68E-06  2.71E-12  0.00
 3288 1.6440E+07    4  8221     185   1.0  3.00E-07  1.68E-06  2.15E-12  0.00
 3289 1.6445E+07    4  8223     185   1.0  3.00E-07  1.68E-06  1.51E-12  0.00
 3290 1.6450E+07    4  8226     185   1.0  2.90E-07  1.64E-06  8.97E-10  0.00
 3291 1.6455E+07    4  8228     185   1.0  2.53E-07  1.49E-06  4.03E-11  0.00
 3292 1.6460E+07    4  8231     185   1.0  2.53E-07  1.49E-06  6.93E-13  0.00
 3293 1.6465E+07    4  8233     185   1.0  2.53E-07  1.49E-06  2.85E-13  0.00
 3294 1.6470E+07    4  8236     185   1.0  2.53E-07  1.48E-06  5.49E-12  0.00
 3295 1.6475E+07    4  8238     185   1.0  2.53E-07  1.48E-06  2.44E-14  0.00
 3296 1.6480E+07    4  8241     185   1.0  2.52E-07  1.48E-06  6.40E-13  0.00
 3297 1.6485E+07    4  8243     185   1.0  2.52E-07  1.48E-06  1.68E-13  0.00
 3298 1.6490E+07    4  8246     185   1.0  2.52E-07  1.48E-06  5.62E-14  0.00
 3299 1.6495E+07    4  8248     185   1.0  2.52E-07  1.48E-06  3.38E-13  0.00
 3300 1.6500E+07    4  8251     185   1.0  2.53E-07  1.48E-06  3.72E-10  0.00
 3301 1.6505E+07    4  8253     185   1.0  2.61E-07  1.50E-06  2.24E-13  0.00
 3302 1.6510E+07    4  8256     185   1.0  2.61E-07  1.50E-06  6.72E-13  0.00
 3303 1.6515E+07    4  8258     185   1.0  2.61E-07  1.50E-06  4.58E-13  0.00
 3304 1.6520E+07    4  8261     185   1.0  2.61E-07  1.50E-06  5.69E-13  0.00
 3305 1.6525E+07    4  8263     185   1.0  2.61E-07  1.49E-06  1.53E-13  0.00
 3306 1.6530E+07    4  8266     185   1.0  2.61E-07  1.49E-06  2.50E-13  0.00
 3307 1.6535E+07    4  8268     185   1.0  2.61E-07  1.49E-06  5.85E-13  0.00
 3308 1.6540E+07    4  8271     185   1.0  2.60E-07  1.49E-06  3.13E-13  0.00
 3309 1.6545E+07    4  8273     185   1.0  2.60E-07  1.49E-06  9.71E-13  0.00
 3310 1.6550E+07    4  8276     185   1.0  2.60E-07  1.49E-06  1.55E-12  0.00
 3311 1.6555E+07    4  8278     185   1.0  2.60E-07  1.49E-06  6.07E-14  0.00
 3312 1.6560E+07    4  8281     185   1.0  2.60E-07  1.49E-06  9.23E-13  0.00
 3313 1.6565E+07    4  8283     185   1.0  2.60E-07  1.49E-06  2.87E-13  0.00
 3314 1.6570E+07    4  8286     185   1.0  2.60E-07  1.49E-06  3.11E-13  0.00
 3315 1.6575E+07    4  8288     185   1.0  2.60E-07  1.49E-06  3.89E-13  0.00
 3316 1.6580E+07    4  8291     185   1.0  2.59E-07  1.49E-06  1.71E-11  0.00
 3317 1.6585E+07    4  8293     185   1.0  2.59E-07  1.49E-06  1.72E-12  0.00
 3318 1.6590E+07    4  8296     185   1.0  2.59E-07  1.48E-06  5.46E-14  0.00
 3319 1.6595E+07    4  8298     185   1.0  2.59E-07  1.48E-06  8.35E-13  0.00
 3320 1.6600E+07    4  8301     185   1.0  2.59E-07  1.48E-06  6.10E-13  0.00
 3321 1.6605E+07    4  8303     185   1.0  2.59E-07  1.48E-06  7.17E-13  0.00
 3322 1.6610E+07    4  8306     185   1.0  2.59E-07  1.48E-06  1.38E-13  0.00
 3323 1.6615E+07    4  8308     185   1.0  2.59E-07  1.48E-06  3.86E-13  0.00
 3324 1.6620E+07    4  8311     185   1.0  2.58E-07  1.48E-06  3.55E-13  0.00
 3325 1.6625E+07    4  8313     185   1.0  2.58E-07  1.48E-06  4.25E-13  0.00
 3326 1.6630E+07    4  8316     185   1.0  2.58E-07  1.48E-06  1.30E-11  0.00
 3327 1.6635E+07    4  8318     185   1.0  2.58E-07  1.48E-06  3.08E-13  0.00
 3328 1.6640E+07    4  8321     185   1.0  2.58E-07  1.48E-06  4.77E-14  0.00
 3329 1.6645E+07    4  8323     185   1.0  2.58E-07  1.48E-06  2.67E-14  0.00
 3330 1.6650E+07    4  8326     185   1.0  2.58E-07  1.48E-06  8.24E-13  0.00
 3331 1.6655E+07    4  8328     185   1.0  2.58E-07  1.48E-06  7.09E-13  0.00
 3332 1.6660E+07    4  8331     185   1.0  2.57E-07  1.47E-06  1.59E-11  0.00
 3333 1.6665E+07    4  8333     185   1.0  2.57E-07  1.47E-06  5.90E-13  0.00
 3334 1.6670E+07    4  8336     185   1.0  2.57E-07  1.47E-06  7.70E-12  0.00
 3335 1.6675E+07    4  8338     185   1.0  2.57E-07  1.47E-06  4.98E-13  0.00
 3336 1.6680E+07    4  8341     185   1.0  2.57E-07  1.47E-06  1.68E-13  0.00
 3337 1.6685E+07    4  8343     185   1.0  2.57E-07  1.47E-06  4.70E-12  0.00
 3338 1.6690E+07    4  8346     185   1.0  2.57E-07  1.47E-06  5.33E-13  0.00
 3339 1.6695E+07    4  8348     185   1.0  2.57E-07  1.47E-06  6.29E-13  0.00
 3340 1.6700E+07    4  8351     185   1.0  2.56E-07  1.47E-06  6.14E-14  0.00
 3341 1.6705E+07    4  8353     185   1.0  2.56E-07  1.47E-06  4.78E-11  0.00
 3342 1.6710E+07    4  8356     185   1.0  2.56E-07  1.47E-06  7.33E-13  0.00
 3343 1.6715E+07    4  8358     185   1.0  2.56E-07  1.47E-06  5.72E-12  0.00
 3344 1.6720E+07    4  8361     185   1.0  2.56E-07  1.47E-06  5.10E-13  0.00
 3345 1.6725E+07    4  8363     185   1.0  2.56E-07  1.46E-06  4.77E-14  0.00
 3346 1.6730E+07    4  8366     185   1.0  2.56E-07  1.46E-06  9.27E-13  0.00
 3347 1.6735E+07    4  8368     185   1.0  2.56E-07  1.46E-06  6.01E-14  0.00
 3348 1.6740E+07    4  8371     185   1.0  2.55E-07  1.46E-06  4.63E-14  0.00
 3349 1.6745E+07    4  8373     185   1.0  2.55E-07  1.46E-06  2.96E-12  0.00
 3350 1.6750E+07    4  8376     185   1.0  2.55E-07  1.46E-06  1.82E-13  0.00
 3351 1.6755E+07    4  8378     185   1.0  2.55E-07  1.46E-06  1.41E-13  0.00
 3352 1.6760E+07    4  8381     185   1.0  2.55E-07  1.46E-06  3.26E-13  0.00
 3353 1.6765E+07    4  8383     185   1.0  2.55E-07  1.46E-06  1.49E-12  0.00
 3354 1.6770E+07    4  8386     185   1.0  2.55E-07  1.46E-06  7.05E-14  0.00
 3355 1.6775E+07    4  8388     185   1.0  2.55E-07  1.46E-06  3.73E-13  0.00
 3356 1.6780E+07    4  8391     185   1.0  2.54E-07  1.46E-06  2.12E-13  0.00
 3357 1.6785E+07    4  8393     185   1.0  2.54E-07  1.46E-06  2.24E-12  0.00
 3358 1.6790E+07    4  8396     185   1.0  2.54E-07  1.46E-06  3.91E-11  0.00
 3359 1.6795E+07    4  8398     185   1.0  2.54E-07  1.42E-06  1.05E-14  0.00
 3360 1.6800E+07    4  8401     185   1.0  2.55E-07  1.42E-06  1.75E-12  0.00
 3361 1.6805E+07    4  8403     185   1.0  2.55E-07  1.42E-06  6.08E-14  0.00
 3362 1.6810E+07    4  8406     185   1.0  2.54E-07  1.42E-06  5.02E-12  0.00
 3363 1.6815E+07    4  8408     185   1.0  2.54E-07  1.42E-06  9.36E-13  0.00
 3364 1.6820E+07    4  8411     185   1.0  2.54E-07  1.42E-06  1.01E-12  0.00
 3365 1.6825E+07    4  8413     185   1.0  2.54E-07  1.42E-06  3.93E-12  0.00
 3366 1.6830E+07    4  8416     185   1.0  2.54E-07  1.42E-06  2.48E-13  0.00
 3367 1.6835E+07    4  8418     185   1.0  2.54E-07  1.42E-06  7.40E-12  0.00
 3368 1.6840E+07    4  8421     185   1.0  2.54E-07  1.42E-06  4.46E-13  0.00
 3369 1.6845E+07    4  8423     185   1.0  2.54E-07  1.42E-06  7.38E-13  0.00
 3370 1.6850E+07    4  8426     185   1.0  2.54E-07  1.42E-06  1.11E-12  0.00
 3371 1.6855E+07    4  8428     185   1.0  2.53E-07  1.42E-06  2.20E-13  0.00
 3372 1.6860E+07    4  8431     185   1.0  2.53E-07  1.42E-06  1.55E-12  0.00
 3373 1.6865E+07    4  8433     185   1.0  2.53E-07  1.42E-06  6.86E-14  0.00
 3374 1.6870E+07    4  8436     185   1.0  2.53E-07  1.42E-06  7.68E-13  0.00
 3375 1.6875E+07    4  8438     185   1.0  2.53E-07  1.41E-06  4.74E-13  0.00
 3376 1.6880E+07    4  8441     185   1.0  2.53E-07  1.41E-06  1.04E-12  0.00
 3377 1.6885E+07    4  8443     185   1.0  2.53E-07  1.41E-06  4.93E-14  0.00
 3378 1.6890E+07    4  8446     185   1.0  2.53E-07  1.41E-06  1.57E-11  0.00
 3379 1.6895E+07    4  8448     185   1.0  2.53E-07  1.41E-06  3.30E-13  0.00
 3380 1.6900E+07    4  8451     185   1.0  2.52E-07  1.41E-06  1.62E-12  0.00
 3381 1.6905E+07    4  8453     185   1.0  2.55E-07  1.43E-06  6.50E-13  0.00
 3382 1.6910E+07    4  8456     185   1.0  2.56E-07  1.44E-06  4.62E-13  0.00
 3383 1.6915E+07    4  8458     185   1.0  2.56E-07  1.44E-06  5.83E-12  0.00
 3384 1.6920E+07    4  8461     185   1.0  2.55E-07  1.44E-06  1.11E-12  0.00
 3385 1.6925E+07    4  8463     185   1.0  2.55E-07  1.43E-06  1.88E-11  0.00
 3386 1.6930E+07    4  8466     185   1.0  2.55E-07  1.43E-06  1.04E-12  0.00
 3387 1.6935E+07    4  8468     185   1.0  2.55E-07  1.43E-06  8.88E-13  0.00
 3388 1.6940E+07    4  8471     185   1.0  2.55E-07  1.43E-06  3.56E-13  0.00
 3389 1.6945E+07    4  8473     185   1.0  2.55E-07  1.43E-06  5.55E-12  0.00
 3390 1.6950E+07    4  8476     185   1.0  2.55E-07  1.43E-06  5.32E-12  0.00
 3391 1.6955E+07    4  8478     185   1.0  2.55E-07  1.43E-06  3.83E-13  0.00
 3392 1.6960E+07    4  8481     185   1.0  2.55E-07  1.43E-06  8.69E-13  0.00
 3393 1.6965E+07    4  8483     185   1.0  2.54E-07  1.43E-06  2.73E-13  0.00
 3394 1.6970E+07    4  8486     185   1.0  2.54E-07  1.43E-06  1.21E-12  0.00
 3395 1.6975E+07    4  8488     185   1.0  2.54E-07  1.43E-06  4.28E-12  0.00
 3396 1.6980E+07    4  8491     185   1.0  2.54E-07  1.43E-06  9.94E-13  0.00
 3397 1.6985E+07    4  8493     185   1.0  2.54E-07  1.43E-06  1.60E-12  0.00
 3398 1.6990E+07    4  8496     185   1.0  2.54E-07  1.43E-06  5.76E-12  0.00
 3399 1.6995E+07    4  8498     185   1.0  2.54E-07  1.43E-06  1.27E-14  0.00
 3400 1.7000E+07    4  8501     185   1.0  2.58E-07  1.45E-06  1.65E-12  0.00
 3401 1.7005E+07    4  8503     185   1.0  2.71E-07  1.50E-06  7.94E-12  0.00
 3402 1.7010E+07    4  8506     185   1.0  2.71E-07  1.50E-06  2.88E-11  0.00
 3403 1.7015E+07    4  8508     185   1.0  2.71E-07  1.50E-06  1.07E-12  0.00
 3404 1.7020E+07    4  8511     185   1.0  2.71E-07  1.50E-06  1.91E-11  0.00
 3405 1.7025E+07    4  8513     185   1.0  2.73E-07  1.50E-06  8.02E-14  0.00
 3406 1.7030E+07    4  8516     185   1.0  2.73E-07  1.50E-06  7.16E-13  0.00
 3407 1.7035E+07    4  8518     185   1.0  2.73E-07  1.50E-06  9.55E-13  0.00
 3408 1.7040E+07    4  8521     185   1.0  2.73E-07  1.50E-06  1.15E-12  0.00
 3409 1.7045E+07    4  8523     185   1.0  2.94E-07  1.53E-06  1.21E-10  0.00
 3410 1.7050E+07    4  8526     185   1.0  2.99E-07  1.54E-06  1.18E-11  0.00
 3411 1.7055E+07    4  8528     185   1.0  2.99E-07  1.54E-06  3.01E-12  0.00
 3412 1.7060E+07    4  8531     185   1.0  2.99E-07  1.54E-06  1.60E-12  0.00
 3413 1.7065E+07    4  8533     185   1.0  2.99E-07  1.54E-06  1.34E-12  0.00
 3414 1.7070E+07    4  8536     185   1.0  2.99E-07  1.54E-06  7.89E-13  0.00
 3415 1.7075E+07    4  8538     185   1.0  2.99E-07  1.54E-06  5.57E-13  0.00
 3416 1.7080E+07    4  8541     185   1.0  2.98E-07  1.54E-06  8.25E-13  0.00
 3417 1.7085E+07    4  8543     185   1.0  2.98E-07  1.54E-06  8.95E-13  0.00
 3418 1.7090E+07    4  8546     185   1.0  2.98E-07  1.54E-06  2.05E-12  0.00
 3419 1.7095E+07    4  8548     185   1.0  2.98E-07  1.54E-06  5.31E-13  0.00
 3420 1.7100E+07    4  8551     185   1.0  2.98E-07  1.53E-06  4.67E-11  0.00
 3421 1.7105E+07    4  8553     185   1.0  2.98E-07  1.53E-06  5.55E-13  0.00
 3422 1.7110E+07    4  8556     185   1.0  2.98E-07  1.53E-06  2.37E-13  0.00
 3423 1.7115E+07    4  8558     185   1.0  2.97E-07  1.53E-06  1.92E-12  0.00
 3424 1.7120E+07    4  8561     185   1.0  2.98E-07  1.53E-06  6.39E-13  0.00
 3425 1.7125E+07    4  8563     185   1.0  2.97E-07  1.53E-06  4.13E-11  0.00
 3426 1.7130E+07    4  8566     185   1.0  2.97E-07  1.53E-06  1.00E-13  0.00
 3427 1.7135E+07    4  8568     185   1.0  2.97E-07  1.53E-06  6.28E-12  0.00
 3428 1.7140E+07    4  8571     185   1.0  2.97E-07  1.53E-06  1.12E-12  0.00
 3429 1.7145E+07    4  8573     185   1.0  2.97E-07  1.53E-06  1.70E-12  0.00
 3430 1.7150E+07    4  8576     185   1.0  2.97E-07  1.49E-06  1.01E-10  0.00
 3431 1.7155E+07    4  8578     185   1.0  2.48E-07  1.30E-06  2.70E-13  0.00
 3432 1.7160E+07    4  8581     185   1.0  2.48E-07  1.30E-06  1.07E-13  0.00
 3433 1.7165E+07    4  8583     185   1.0  2.66E-07  1.39E-06  1.47E-11  0.00
 3434 1.7170E+07    4  8586     185   1.0  3.33E-07  1.76E-06  2.35E-12  0.00
 3435 1.7175E+07    4  8588     185   1.0  3.35E-07  1.76E-06  1.82E-12  0.00
 3436 1.7180E+07    4  8591     185   1.0  3.52E-07  1.83E-06  6.46E-11  0.00
 3437 1.7185E+07    4  8593     185   1.0  5.25E-07  2.41E-06  1.25E-12  0.00
 3438 1.7190E+07    4  8596     185   1.0  5.25E-07  2.41E-06  1.08E-12  0.00
 3439 1.7195E+07    4  8598     185   1.0  5.24E-07  2.41E-06  8.30E-13  0.00
 3440 1.7200E+07    4  8601     185   1.0  5.23E-07  2.41E-06  3.70E-12  0.00
 3441 1.7205E+07    4  8603     185   1.0  5.23E-07  2.40E-06  1.20E-12  0.00
 3442 1.7210E+07    4  8606     185   1.0  5.22E-07  2.40E-06  1.46E-11  0.00
 3443 1.7215E+07    4  8608     185   1.0  5.22E-07  2.40E-06  2.13E-11  0.00
 3444 1.7220E+07    4  8611     185   1.0  5.21E-07  2.40E-06  5.02E-12  0.00
 3445 1.7225E+07    4  8613     185   1.0  5.21E-07  2.39E-06  1.09E-11  0.00
 3446 1.7230E+07    4  8616     185   1.0  5.20E-07  2.39E-06  3.98E-14  0.00
 3447 1.7235E+07    4  8618     185   1.0  5.20E-07  2.39E-06  1.66E-12  0.00
 3448 1.7240E+07    4  8621     185   1.0  5.19E-07  2.39E-06  2.41E-12  0.00
 3449 1.7245E+07    4  8623     185   1.0  5.18E-07  2.38E-06  1.68E-12  0.00
 3450 1.7250E+07    4  8626     185   1.0  5.18E-07  2.38E-06  4.35E-11  0.00
 3451 1.7255E+07    4  8628     185   1.0  5.17E-07  2.38E-06  3.56E-12  0.00
 3452 1.7260E+07    4  8631     185   1.0  5.17E-07  2.38E-06  3.75E-11  0.00
 3453 1.7265E+07    4  8633     185   1.0  5.16E-07  2.37E-06  3.92E-11  0.00
 3454 1.7270E+07    4  8636     185   1.0  5.16E-07  2.37E-06  9.52E-13  0.00
 3455 1.7275E+07    4  8638     185   1.0  5.15E-07  2.37E-06  4.47E-13  0.00
 3456 1.7280E+07    4  8641     185   1.0  5.15E-07  2.37E-06  7.04E-11  0.00
 3457 1.7285E+07    4  8643     185   1.0  5.14E-07  2.36E-06  4.05E-12  0.00
 3458 1.7290E+07    4  8646     185   1.0  5.14E-07  2.36E-06  1.30E-13  0.00
 3459 1.7295E+07    4  8648     185   1.0  5.13E-07  2.36E-06  2.90E-13  0.00
 3460 1.7300E+07    4  8651     185   1.0  5.13E-07  2.36E-06  1.24E-12  0.00
 3461 1.7305E+07    4  8653     185   1.0  5.04E-07  2.31E-06  4.37E-12  0.00
 3462 1.7310E+07    4  8656     185   1.0  4.99E-07  2.28E-06  3.05E-11  0.00
 3463 1.7315E+07    4  8658     185   1.0  4.98E-07  2.28E-06  8.14E-12  0.00
 3464 1.7320E+07    4  8661     185   1.0  4.98E-07  2.28E-06  3.28E-12  0.00
 3465 1.7325E+07    4  8663     185   1.0  4.97E-07  2.28E-06  2.92E-13  0.00
 3466 1.7330E+07    4  8666     185   1.0  4.97E-07  2.27E-06  7.15E-13  0.00
 3467 1.7335E+07    4  8668     185   1.0  4.96E-07  2.27E-06  6.67E-13  0.00
 3468 1.7340E+07    4  8671     185   1.0  4.96E-07  2.27E-06  8.83E-11  0.00
 3469 1.7345E+07    4  8673     185   1.0  4.95E-07  2.27E-06  1.39E-12  0.00
 3470 1.7350E+07    4  8676     185   1.0  4.95E-07  2.26E-06  7.61E-13  0.00
 3471 1.7355E+07    4  8678     185   1.0  4.94E-07  2.26E-06  8.06E-13  0.00
 3472 1.7360E+07    4  8681     185   1.0  4.94E-07  2.26E-06  1.45E-11  0.00
 3473 1.7365E+07    4  8683     185   1.0  4.93E-07  2.26E-06  4.06E-12  0.00
 3474 1.7370E+07    4  8686     185   1.0  4.93E-07  2.26E-06  1.74E-12  0.00
 3475 1.7375E+07    4  8688     185   1.0  4.92E-07  2.25E-06  1.81E-12  0.00
 3476 1.7380E+07    4  8691     185   1.0  4.92E-07  2.25E-06  2.17E-13  0.00
 3477 1.7385E+07    4  8693     185   1.0  4.91E-07  2.25E-06  1.01E-12  0.00
 3478 1.7390E+07    4  8696     185   1.0  4.91E-07  2.25E-06  4.90E-13  0.00
 3479 1.7395E+07    4  8698     185   1.0  4.90E-07  2.24E-06  3.06E-12  0.00
 3480 1.7400E+07    4  8701     185   1.0  4.90E-07  2.24E-06  1.54E-12  0.00
 3481 1.7405E+07    4  8703     185   1.0  4.89E-07  2.24E-06  4.77E-13  0.00
 3482 1.7410E+07    4  8706     185   1.0  4.89E-07  2.24E-06  3.47E-13  0.00
 3483 1.7415E+07    4  8708     185   1.0  4.89E-07  2.24E-06  6.60E-13  0.00
 3484 1.7420E+07    4  8711     185   1.0  4.88E-07  2.23E-06  1.41E-12  0.00
 3485 1.7425E+07    4  8713     185   1.0  4.88E-07  2.23E-06  2.49E-11  0.00
 3486 1.7430E+07    4  8716     185   1.0  4.87E-07  2.23E-06  6.04E-12  0.00
 3487 1.7435E+07    4  8718     185   1.0  4.87E-07  2.23E-06  6.71E-13  0.00
 3488 1.7440E+07    4  8721     185   1.0  4.86E-07  2.23E-06  2.50E-13  0.00
 3489 1.7445E+07    4  8723     185   1.0  4.86E-07  2.22E-06  3.43E-11  0.00
 3490 1.7450E+07    4  8726     185   1.0  4.85E-07  2.22E-06  7.93E-13  0.00
 3491 1.7455E+07    4  8728     185   1.0  4.85E-07  2.22E-06  2.19E-13  0.00
 3492 1.7460E+07    4  8731     185   1.0  4.84E-07  2.22E-06  9.52E-12  0.00
 3493 1.7465E+07    4  8733     185   1.0  4.84E-07  2.22E-06  3.04E-13  0.00
 3494 1.7470E+07    4  8736     185   1.0  4.76E-07  2.16E-06  3.44E-11  0.00
 3495 1.7475E+07    4  8738     184   1.0  4.63E-07  2.07E-06  8.65E-12  0.00
 3496 1.7480E+07    4  8741     184   1.0  4.63E-07  2.07E-06  1.26E-13  0.00
 3497 1.7485E+07    4  8743     184   1.0  4.63E-07  2.07E-06  8.02E-12  0.00
 3498 1.7490E+07    4  8746     184   1.0  4.62E-07  2.07E-06  2.59E-12  0.00
 3499 1.7495E+07    4  8748     184   1.0  4.62E-07  2.06E-06  2.39E-12  0.00
 3500 1.7500E+07    4  8751     184   1.0  4.61E-07  2.06E-06  2.87E-12  0.00
 3501 1.7505E+07    4  8753     184   1.0  4.61E-07  2.06E-06  6.65E-12  0.00
 3502 1.7510E+07    4  8756     184   1.0  4.61E-07  2.06E-06  3.16E-12  0.00
 3503 1.7515E+07    4  8758     184   1.0  4.60E-07  2.06E-06  1.40E-11  0.00
 3504 1.7520E+07    4  8761     184   1.0  4.60E-07  2.05E-06  2.38E-12  0.00
 3505 1.7525E+07    4  8763     184   1.0  4.59E-07  2.05E-06  3.58E-11  0.00
 3506 1.7530E+07    4  8766     184   1.0  4.59E-07  2.05E-06  2.46E-12  0.00
 3507 1.7535E+07    4  8768     184   1.0  4.59E-07  2.05E-06  1.70E-11  0.00
 3508 1.7540E+07    4  8771     184   1.0  4.58E-07  2.05E-06  2.33E-12  0.00
 3509 1.7545E+07    4  8773     184   1.0  4.58E-07  2.05E-06  1.78E-12  0.00
 3510 1.7550E+07    4  8776     184   1.0  4.57E-07  2.04E-06  2.42E-13  0.00
 3511 1.7555E+07    4  8778     184   1.0  4.57E-07  2.04E-06  9.18E-12  0.00
 3512 1.7560E+07    4  8781     184   1.0  4.57E-07  2.04E-06  1.96E-12  0.00
 3513 1.7565E+07    4  8783     184   1.0  4.56E-07  2.04E-06  9.84E-12  0.00
 3514 1.7570E+07    4  8786     184   1.0  4.56E-07  2.04E-06  1.27E-11  0.00
 3515 1.7575E+07    4  8788     184   1.0  4.55E-07  2.03E-06  1.70E-11  0.00
 3516 1.7580E+07    4  8791     184   1.0  4.55E-07  2.03E-06  9.71E-13  0.00
 3517 1.7585E+07    4  8793     184   1.0  4.55E-07  2.03E-06  1.04E-11  0.00
 3518 1.7590E+07    4  8796     184   1.0  4.54E-07  2.03E-06  6.82E-12  0.00
 3519 1.7595E+07    4  8798     184   1.0  4.74E-07  2.04E-06  4.03E-10  0.00
 3520 1.7600E+07    4  8801     184   1.0  4.70E-07  2.04E-06  1.44E-11  0.00
 3521 1.7605E+07    4  8803     184   1.0  4.70E-07  2.04E-06  2.80E-11  0.00
 3522 1.7610E+07    4  8806     184   1.0  2.60E-06  1.31E-05  5.45E-08  0.00
 3523 1.7615E+07    4  8808     184   1.0  1.46E-05  7.54E-05  1.59E-11  0.00
 3524 1.7620E+07    4  8811     184   1.0  1.26E-07  6.55E-07  3.16E-12  0.00
 3525 1.7625E+07    4  8813     184   1.0  1.54E-07  8.83E-07  3.27E-12  0.00
 3526 1.7630E+07    4  8816     184   1.0  1.93E-07  1.08E-06  6.31E-13  0.00
 3527 1.7635E+07    4  8818     184   1.0  2.95E-07  1.58E-06  1.62E-12  0.00
 3528 1.7640E+07    4  8821     184   1.0  3.12E-07  1.64E-06  4.29E-12  0.00
 3529 1.7645E+07    4  8823     184   1.0  3.41E-07  1.76E-06  2.38E-12  0.00
 3530 1.7650E+07    4  8826     184   1.0  3.41E-07  1.75E-06  4.89E-12  0.00
 3531 1.7655E+07    4  8828     184   1.0  3.40E-07  1.75E-06  1.73E-12  0.00
 3532 1.7660E+07    4  8831     184   1.0  3.40E-07  1.75E-06  2.16E-12  0.00
 3533 1.7665E+07    4  8833     184   1.0  3.40E-07  1.75E-06  3.38E-11  0.00
 3534 1.7670E+07    4  8836     184   1.0  3.40E-07  1.75E-06  6.08E-12  0.00
 3535 1.7675E+07    4  8838     184   1.0  3.40E-07  1.75E-06  1.98E-12  0.00
 3536 1.7680E+07    4  8841     184   1.0  3.43E-07  1.77E-06  3.70E-12  0.00
 3537 1.7685E+07    4  8843     184   1.0  3.59E-07  1.86E-06  2.11E-12  0.00
 3538 1.7690E+07    4  8846     184   1.0  3.59E-07  1.86E-06  7.94E-13  0.00
 3539 1.7695E+07    4  8848     184   1.0  3.58E-07  1.86E-06  9.61E-12  0.00
 3540 1.7700E+07    4  8851     184   1.0  3.58E-07  1.86E-06  2.06E-12  0.00
 3541 1.7705E+07    4  8853     184   1.0  3.58E-07  1.86E-06  1.38E-12  0.00
 3542 1.7710E+07    4  8856     184   1.0  3.58E-07  1.86E-06  4.35E-12  0.00
 3543 1.7715E+07    4  8858     184   1.0  3.57E-07  1.86E-06  1.38E-11  0.00
 3544 1.7720E+07    4  8861     184   1.0  3.57E-07  1.85E-06  7.70E-12  0.00
 3545 1.7725E+07    4  8863     184   1.0  3.57E-07  1.85E-06  1.85E-12  0.00
 3546 1.7730E+07    4  8866     184   1.0  3.56E-07  1.85E-06  1.61E-12  0.00
 3547 1.7735E+07    4  8868     184   1.0  2.89E-07  1.40E-06  4.76E-12  0.00
 3548 1.7740E+07    4  8871     184   1.0  2.83E-07  1.35E-06  3.33E-12  0.00
 3549 1.7745E+07    4  8873     184   1.0  2.83E-07  1.35E-06  2.20E-12  0.00
 3550 1.7750E+07    4  8876     184   1.0  2.83E-07  1.35E-06  4.47E-13  0.00
 3551 1.7755E+07    4  8878     184   1.0  2.82E-07  1.35E-06  3.50E-12  0.00
 3552 1.7760E+07    4  8881     184   1.0  2.82E-07  1.35E-06  9.38E-12  0.00
 3553 1.7765E+07    4  8883     184   1.0  5.92E-07  2.78E-06  2.29E-11  0.00
 3554 1.7770E+07    4  8886     184   1.0  8.00E-07  3.72E-06  1.61E-12  0.00
 3555 1.7775E+07    4  8888     184   1.0  8.01E-07  3.72E-06  5.95E-12  0.00
 3556 1.7780E+07    4  8891     184   1.0  8.02E-07  3.73E-06  1.20E-13  0.00
 3557 1.7785E+07    4  8893     184   1.0  8.00E-07  3.72E-06  4.98E-13  0.00
 3558 1.7790E+07    4  8896     184   1.0  7.99E-07  3.72E-06  1.32E-12  0.00
 3559 1.7795E+07    4  8898     184   1.0  7.97E-07  3.71E-06  3.43E-11  0.00
 3560 1.7800E+07    4  8901     184   1.0  7.96E-07  3.70E-06  1.03E-12  0.00
 3561 1.7805E+07    4  8903     184   1.0  7.94E-07  3.70E-06  7.35E-12  0.00
 3562 1.7810E+07    4  8906     184   1.0  7.93E-07  3.69E-06  6.20E-13  0.00
 3563 1.7815E+07    4  8908     184   1.0  7.91E-07  3.68E-06  1.04E-11  0.00
 3564 1.7820E+07    4  8911     184   1.0  7.90E-07  3.68E-06  2.31E-11  0.00
 3565 1.7825E+07    4  8913     184   1.0  7.88E-07  3.67E-06  9.74E-13  0.00
 3566 1.7830E+07    4  8916     184   1.0  7.87E-07  3.66E-06  6.81E-13  0.00
 3567 1.7835E+07    4  8918     184   1.0  7.85E-07  3.66E-06  6.00E-13  0.00
 3568 1.7840E+07    4  8921     184   1.0  7.84E-07  3.65E-06  1.84E-12  0.00
 3569 1.7845E+07    4  8923     184   1.0  7.83E-07  3.64E-06  2.48E-12  0.00
 3570 1.7850E+07    4  8926     184   1.0  7.81E-07  3.64E-06  8.37E-13  0.00
 3571 1.7855E+07    4  8928     184   1.0  7.80E-07  3.63E-06  8.08E-12  0.00
 3572 1.7860E+07    4  8931     184   1.0  7.78E-07  3.62E-06  4.05E-13  0.00
 3573 1.7865E+07    4  8933     184   1.0  7.77E-07  3.62E-06  1.99E-12  0.00
 3574 1.7870E+07    4  8936     184   1.0  7.76E-07  3.61E-06  1.61E-12  0.00
 3575 1.7875E+07    4  8938     184   1.0  7.74E-07  3.61E-06  4.42E-12  0.00
 3576 1.7880E+07    4  8941     184   1.0  7.73E-07  3.60E-06  9.34E-13  0.00
 3577 1.7885E+07    4  8943     184   1.0  7.71E-07  3.59E-06  3.59E-12  0.00
 3578 1.7890E+07    4  8946     184   1.0  7.70E-07  3.59E-06  7.77E-13  0.00
 3579 1.7895E+07    4  8948     184   1.0  7.69E-07  3.58E-06  1.58E-11  0.00
 3580 1.7900E+07    4  8951     184   1.0  6.99E-07  3.33E-06  1.19E-12  0.00
 3581 1.7905E+07    4  8953     184   1.0  6.49E-07  3.16E-06  2.16E-11  0.00
 3582 1.7910E+07    4  8956     184   1.0  6.48E-07  3.16E-06  3.22E-12  0.00
 3583 1.7915E+07    4  8958     184   1.0  6.47E-07  3.15E-06  6.10E-13  0.00
 3584 1.7920E+07    4  8961     184   1.0  6.46E-07  3.15E-06  3.91E-12  0.00
 3585 1.7925E+07    4  8963     184   1.0  6.45E-07  3.15E-06  7.93E-13  0.00
 3586 1.7930E+07    4  8966     184   1.0  6.44E-07  3.14E-06  2.34E-12  0.00
 3587 1.7935E+07    4  8968     184   1.0  6.44E-07  3.14E-06  1.16E-11  0.00
 3588 1.7940E+07    4  8971     184   1.0  6.43E-07  3.13E-06  8.09E-12  0.00
 3589 1.7945E+07    4  8973     184   1.0  6.42E-07  3.13E-06  4.68E-12  0.00
 3590 1.7950E+07    4  8976     184   1.0  6.41E-07  3.13E-06  1.19E-12  0.00
 3591 1.7955E+07    4  8978     184   1.0  6.40E-07  3.12E-06  5.58E-12  0.00
 3592 1.7960E+07    4  8981     184   1.0  6.39E-07  3.12E-06  2.74E-12  0.00
 3593 1.7965E+07    4  8983     184   1.0  6.38E-07  3.11E-06  3.17E-11  0.00
 3594 1.7970E+07    4  8986     184   1.0  6.37E-07  3.11E-06  3.90E-14  0.00
 3595 1.7975E+07    4  8988     184   1.0  6.36E-07  3.11E-06  9.46E-12  0.00
 3596 1.7980E+07    4  8991     184   1.0  6.36E-07  3.10E-06  1.46E-13  0.00
 3597 1.7985E+07    4  8993     184   1.0  5.87E-07  2.90E-06  1.31E-12  0.00
 3598 1.7990E+07    4  8996     184   1.0  4.94E-07  2.54E-06  5.02E-12  0.00
 3599 1.7995E+07    4  8998     184   1.0  4.93E-07  2.54E-06  1.88E-12  0.00
 3600 1.8000E+07    4  9001     184   1.0  4.93E-07  2.54E-06  4.75E-12  0.00
 3601 1.8005E+07    4  9003     184   1.0  4.92E-07  2.54E-06  5.76E-12  0.00
 3602 1.8010E+07    4  9006     184   1.0  4.92E-07  2.53E-06  1.51E-11  0.00
 3603 1.8015E+07    4  9008     184   1.0  4.91E-07  2.53E-06  1.57E-12  0.00
 3604 1.8020E+07    4  9011     184   1.0  4.91E-07  2.53E-06  2.32E-13  0.00
 3605 1.8025E+07    4  9013     184   1.0  4.91E-07  2.53E-06  7.27E-12  0.00
 3606 1.8030E+07    4  9016     184   1.0  4.90E-07  2.53E-06  2.11E-12  0.00
 3607 1.8035E+07    4  9018     184   1.0  4.90E-07  2.53E-06  1.27E-12  0.00
 3608 1.8040E+07    4  9021     184   1.0  4.89E-07  2.52E-06  7.04E-12  0.00
 3609 1.8045E+07    4  9023     184   1.0  4.89E-07  2.52E-06  7.78E-12  0.00
 3610 1.8050E+07    4  9026     184   1.0  4.88E-07  2.52E-06  3.98E-13  0.00
 3611 1.8055E+07    4  9028     184   1.0  4.88E-07  2.52E-06  8.04E-13  0.00
 3612 1.8060E+07    4  9031     184   1.0  4.87E-07  2.52E-06  1.13E-11  0.00
 3613 1.8065E+07    4  9033     184   1.0  4.87E-07  2.51E-06  6.35E-13  0.00
 3614 1.8070E+07    4  9036     184   1.0  4.86E-07  2.51E-06  1.47E-12  0.00
 3615 1.8075E+07    4  9038     184   1.0  4.86E-07  2.51E-06  4.76E-13  0.00
 3616 1.8080E+07    4  9041     184   1.0  4.86E-07  2.51E-06  5.66E-13  0.00
 3617 1.8085E+07    4  9043     184   1.0  4.85E-07  2.51E-06  2.89E-11  0.00
 3618 1.8090E+07    4  9046     184   1.0  4.85E-07  2.51E-06  1.23E-12  0.00
 3619 1.8095E+07    4  9048     184   1.0  4.84E-07  2.50E-06  1.70E-12  0.00
 3620 1.8100E+07    4  9051     184   1.0  4.84E-07  2.50E-06  3.55E-11  0.00
 3621 1.8105E+07    4  9053     184   1.0  4.83E-07  2.50E-06  8.53E-13  0.00
 3622 1.8110E+07    4  9056     184   1.0  4.83E-07  2.50E-06  1.46E-12  0.00
 3623 1.8115E+07    4  9058     184   1.0  4.82E-07  2.50E-06  3.84E-11  0.00
 3624 1.8120E+07    4  9061     184   1.0  4.82E-07  2.50E-06  3.04E-11  0.00
 3625 1.8125E+07    4  9063     184   1.0  4.82E-07  2.49E-06  1.35E-11  0.00
 3626 1.8130E+07    4  9066     184   1.0  4.81E-07  2.49E-06  1.11E-11  0.00
 3627 1.8135E+07    4  9068     184   1.0  4.81E-07  2.49E-06  3.06E-12  0.00
 3628 1.8140E+07    4  9071     184   1.0  4.80E-07  2.49E-06  3.15E-12  0.00
 3629 1.8145E+07    4  9073     184   1.0  4.80E-07  2.49E-06  1.90E-12  0.00
 3630 1.8150E+07    4  9076     184   1.0  4.79E-07  2.47E-06  8.01E-13  0.00
 3631 1.8155E+07    4  9078     184   1.0  4.79E-07  2.47E-06  3.27E-12  0.00
 3632 1.8160E+07    4  9081     184   1.0  4.78E-07  2.47E-06  1.28E-10  0.00
 3633 1.8165E+07    4  9083     184   1.0  4.78E-07  2.47E-06  7.81E-13  0.00
 3634 1.8170E+07    4  9086     184   1.0  4.78E-07  2.47E-06  2.92E-12  0.00
 3635 1.8175E+07    4  9088     184   1.0  4.77E-07  2.47E-06  1.12E-12  0.00
 3636 1.8180E+07    4  9091     184   1.0  4.77E-07  2.46E-06  2.54E-12  0.00
 3637 1.8185E+07    4  9093     184   1.0  5.20E-07  2.88E-06  4.88E-13  0.00
 3638 1.8190E+07    4  9096     184   1.0  5.52E-07  3.17E-06  2.66E-12  0.00
 3639 1.8195E+07    4  9098     184   1.0  5.51E-07  3.17E-06  6.94E-13  0.00
 3640 1.8200E+07    4  9101     184   1.0  5.51E-07  3.17E-06  3.03E-12  0.00
 3641 1.8205E+07    4  9103     184   1.0  5.51E-07  3.17E-06  5.90E-12  0.00
 3642 1.8210E+07    4  9106     184   1.0  5.51E-07  3.17E-06  7.14E-12  0.00
 3643 1.8215E+07    4  9108     184   1.0  5.50E-07  3.17E-06  3.71E-13  0.00
 3644 1.8220E+07    4  9111     184   1.0  5.50E-07  3.17E-06  1.39E-11  0.00
 3645 1.8225E+07    4  9113     184   1.0  5.50E-07  3.17E-06  2.18E-11  0.00
 3646 1.8230E+07    4  9116     184   1.0  5.50E-07  3.17E-06  2.72E-13  0.00
 3647 1.8235E+07    4  9118     184   1.0  5.49E-07  3.17E-06  5.37E-12  0.00
 3648 1.8240E+07    4  9121     184   1.0  5.49E-07  3.17E-06  1.55E-12  0.00
 3649 1.8245E+07    4  9123     184   1.0  5.45E-07  3.14E-06  5.41E-11  0.00
 3650 1.8250E+07    4  9126     184   1.0  5.22E-07  2.96E-06  4.69E-12  0.00
 3651 1.8255E+07    4  9128     184   1.0  5.22E-07  2.96E-06  1.52E-12  0.00
 3652 1.8260E+07    4  9131     184   1.0  5.22E-07  2.96E-06  1.99E-13  0.00
 3653 1.8265E+07    4  9133     184   1.0  5.22E-07  2.96E-06  7.98E-12  0.00
 3654 1.8270E+07    4  9136     184   1.0  5.21E-07  2.96E-06  5.19E-12  0.00
 3655 1.8275E+07    4  9138     184   1.0  5.21E-07  2.96E-06  1.27E-11  0.00
 3656 1.8280E+07    4  9141     184   1.0  5.21E-07  2.96E-06  2.34E-12  0.00
 3657 1.8285E+07    4  9143     184   1.0  5.21E-07  2.96E-06  8.57E-13  0.00
 3658 1.8290E+07    4  9146     184   1.0  5.20E-07  2.96E-06  1.27E-12  0.00
 3659 1.8295E+07    4  9148     184   1.0  5.20E-07  2.96E-06  8.37E-12  0.00
 3660 1.8300E+07    4  9151     184   1.0  5.20E-07  2.96E-06  1.21E-12  0.00
 3661 1.8305E+07    4  9153     184   1.0  5.19E-07  2.96E-06  3.19E-12  0.00
 3662 1.8310E+07    4  9156     184   1.0  5.19E-07  2.96E-06  5.76E-12  0.00
 3663 1.8315E+07    4  9158     184   1.0  5.19E-07  2.96E-06  4.78E-13  0.00
 3664 1.8320E+07    4  9161     184   1.0  5.19E-07  2.96E-06  1.78E-11  0.00
 3665 1.8325E+07    4  9163     184   1.0  5.18E-07  2.96E-06  2.02E-13  0.00
 3666 1.8330E+07    4  9166     184   1.0  5.56E-07  3.14E-06  7.62E-13  0.00
 3667 1.8335E+07    4  9168     184   1.0  5.64E-07  3.18E-06  2.75E-11  0.00
 3668 1.8340E+07    4  9171     184   1.0  5.64E-07  3.17E-06  7.79E-13  0.00
 3669 1.8345E+07    4  9173     184   1.0  5.63E-07  3.17E-06  1.72E-13  0.00
 3670 1.8350E+07    4  9176     184   1.0  5.62E-07  3.17E-06  5.23E-12  0.00
 3671 1.8355E+07    4  9178     184   1.0  5.62E-07  3.16E-06  8.37E-12  0.00
 3672 1.8360E+07    4  9181     184   1.0  5.56E-07  3.13E-06  1.30E-09  0.00
 3673 1.8365E+07    4  9183     184   1.0  3.92E-07  2.26E-06  8.01E-13  0.00
 3674 1.8370E+07    4  9186     184   1.0  3.93E-07  2.26E-06  5.21E-12  0.00
 3675 1.8375E+07    4  9188     184   1.0  3.92E-07  2.26E-06  6.66E-12  0.00
 3676 1.8380E+07    4  9191     184   1.0  3.92E-07  2.25E-06  7.92E-13  0.00
 3677 1.8385E+07    4  9193     184   1.0  3.92E-07  2.25E-06  2.51E-12  0.00
 3678 1.8390E+07    4  9196     184   1.0  3.92E-07  2.25E-06  1.50E-12  0.00
 3679 1.8395E+07    4  9198     184   1.0  3.91E-07  2.25E-06  2.73E-13  0.00
 3680 1.8400E+07    4  9201     184   1.0  3.91E-07  2.25E-06  4.63E-13  0.00
 3681 1.8405E+07    4  9203     184   1.0  3.91E-07  2.25E-06  4.50E-12  0.00
 3682 1.8410E+07    4  9206     184   1.0  3.86E-07  2.22E-06  3.51E-11  0.00
 3683 1.8415E+07    4  9208     184   1.0  3.47E-07  2.01E-06  5.93E-13  0.00
 3684 1.8420E+07    4  9211     184   1.0  3.47E-07  2.01E-06  6.29E-13  0.00
 3685 1.8425E+07    4  9213     184   1.0  3.47E-07  2.01E-06  3.12E-12  0.00
 3686 1.8430E+07    4  9216     184   1.0  3.47E-07  2.01E-06  6.22E-12  0.00
 3687 1.8435E+07    4  9218     184   1.0  3.47E-07  2.00E-06  2.11E-12  0.00
 3688 1.8440E+07    4  9221     184   1.0  3.46E-07  2.00E-06  6.86E-11  0.00
 3689 1.8445E+07    4  9223     184   1.0  3.46E-07  2.00E-06  2.84E-12  0.00
 3690 1.8450E+07    4  9226     184   1.0  3.46E-07  2.00E-06  2.94E-12  0.00
 3691 1.8455E+07    4  9228     184   1.0  3.46E-07  2.00E-06  2.34E-13  0.00
 3692 1.8460E+07    4  9231     184   1.0  3.46E-07  2.00E-06  3.19E-13  0.00
 3693 1.8465E+07    4  9233     184   1.0  3.46E-07  2.00E-06  5.48E-12  0.00
 3694 1.8470E+07    4  9236     184   1.0  3.45E-07  2.00E-06  1.43E-11  0.00
 3695 1.8475E+07    4  9238     184   1.0  3.82E-07  2.26E-06  1.84E-12  0.00
 3696 1.8480E+07    4  9241     184   1.0  3.98E-07  2.37E-06  1.57E-12  0.00
 3697 1.8485E+07    4  9243     184   1.0  3.98E-07  2.37E-06  2.57E-12  0.00
 3698 1.8490E+07    4  9246     184   1.0  3.97E-07  2.37E-06  1.14E-11  0.00
 3699 1.8495E+07    4  9248     184   1.0  3.88E-07  2.33E-06  3.41E-13  0.00
 3700 1.8500E+07    4  9251     184   1.0  3.78E-07  2.27E-06  6.67E-13  0.00
 3701 1.8505E+07    4  9253     184   1.0  3.78E-07  2.27E-06  3.79E-12  0.00
 3702 1.8510E+07    4  9256     184   1.0  3.78E-07  2.27E-06  3.56E-13  0.00
 3703 1.8515E+07    4  9258     184   1.0  3.78E-07  2.27E-06  8.38E-13  0.00
 3704 1.8520E+07    4  9261     184   1.0  5.10E-07  2.88E-06  3.49E-13  0.00
 3705 1.8525E+07    4  9263     184   1.0  5.47E-07  3.05E-06  3.12E-13  0.00
 3706 1.8530E+07    4  9266     184   1.0  5.62E-07  3.15E-06  1.73E-12  0.00
 3707 1.8535E+07    4  9268     184   1.0  5.97E-07  3.38E-06  1.23E-12  0.00
 3708 1.8540E+07    4  9271     184   1.0  5.96E-07  3.38E-06  3.33E-13  0.00
 3709 1.8545E+07    4  9273     184   1.0  5.96E-07  3.37E-06  3.13E-12  0.00
 3710 1.8550E+07    4  9276     184   1.0  5.95E-07  3.37E-06  3.73E-12  0.00
 3711 1.8555E+07    4  9278     184   1.0  4.90E-07  2.75E-06  3.79E-13  0.00
 3712 1.8560E+07    4  9281     184   1.0  4.57E-07  2.55E-06  3.95E-13  0.00
 3713 1.8565E+07    4  9283     184   1.0  4.57E-07  2.55E-06  2.10E-12  0.00
 3714 1.8570E+07    4  9286     184   1.0  4.57E-07  2.55E-06  1.34E-12  0.00
 3715 1.8575E+07    4  9288     184   1.0  4.56E-07  2.55E-06  2.80E-12  0.00
 3716 1.8580E+07    4  9291     184   1.0  4.56E-07  2.55E-06  1.08E-12  0.00
 3717 1.8585E+07    4  9293     184   1.0  4.56E-07  2.55E-06  2.02E-12  0.00
 3718 1.8590E+07    4  9296     183   1.0  4.56E-07  2.55E-06  3.17E-13  0.00
 3719 1.8595E+07    4  9298     183   1.0  4.96E-07  2.74E-06  2.28E-12  0.00
 3720 1.8600E+07    4  9301     183   1.0  5.73E-07  3.11E-06  1.06E-12  0.00
 3721 1.8605E+07    4  9303     183   1.0  5.72E-07  3.11E-06  9.83E-13  0.00
 3722 1.8610E+07    4  9306     183   1.0  5.72E-07  3.11E-06  5.19E-14  0.00
 3723 1.8615E+07    4  9308     183   1.0  5.71E-07  3.11E-06  9.73E-13  0.00
 3724 1.8620E+07    4  9311     183   1.0  5.71E-07  3.10E-06  4.92E-12  0.00
 3725 1.8625E+07    4  9313     183   1.0  5.71E-07  3.10E-06  1.96E-12  0.00
 3726 1.8630E+07    4  9316     183   1.0  5.70E-07  3.10E-06  8.22E-13  0.00
 3727 1.8635E+07    4  9318     183   1.0  5.70E-07  3.10E-06  2.00E-13  0.00
 3728 1.8640E+07    4  9321     183   1.0  5.69E-07  3.10E-06  2.89E-12  0.00
 3729 1.8645E+07    4  9323     183   1.0  5.69E-07  3.09E-06  1.43E-13  0.00
 3730 1.8650E+07    4  9326     183   1.0  5.69E-07  3.09E-06  3.14E-12  0.00
 3731 1.8655E+07    4  9328     183   1.0  5.69E-07  3.12E-06  2.85E-09  0.00
 3732 1.8660E+07    4  9331     183   1.0  8.01E-07  4.89E-06  5.95E-12  0.00
 3733 1.8665E+07    4  9333     183   1.0  8.05E-07  4.92E-06  2.12E-13  0.00
 3734 1.8670E+07    4  9336     183   1.0  8.04E-07  4.91E-06  8.34E-11  0.00
 3735 1.8675E+07    4  9338     183   1.0  8.03E-07  4.91E-06  1.46E-11  0.00
 3736 1.8680E+07    4  9341     183   1.0  8.02E-07  4.90E-06  1.15E-10  0.00
 3737 1.8685E+07    4  9343     183   1.0  6.60E-07  4.12E-06  1.23E-11  0.00
 3738 1.8690E+07    4  9346     183   1.0  4.59E-07  3.16E-06  3.40E-12  0.00
 3739 1.8695E+07    4  9348     183   1.0  4.59E-07  3.16E-06  7.00E-13  0.00
 3740 1.8700E+07    4  9351     183   1.0  4.07E-07  2.75E-06  8.51E-12  0.00
 3741 1.8705E+07    4  9353     183   1.0  2.99E-07  1.92E-06  1.32E-13  0.00
 3742 1.8710E+07    4  9356     183   1.0  2.99E-07  1.92E-06  4.44E-13  0.00
 3743 1.8715E+07    4  9358     183   1.0  2.99E-07  1.92E-06  1.42E-12  0.00
 3744 1.8720E+07    4  9361     183   1.0  2.99E-07  1.92E-06  6.48E-13  0.00
 3745 1.8725E+07    4  9363     183   1.0  2.99E-07  1.92E-06  1.36E-12  0.00
 3746 1.8730E+07    4  9366     183   1.0  2.99E-07  1.92E-06  1.02E-12  0.00
 3747 1.8735E+07    4  9368     183   1.0  2.99E-07  1.92E-06  5.79E-13  0.00
 3748 1.8740E+07    4  9371     183   1.0  2.99E-07  1.92E-06  1.34E-14  0.00
 3749 1.8745E+07    4  9373     183   1.0  3.00E-07  1.93E-06  8.25E-13  0.00
 3750 1.8750E+07    4  9376     183   1.0  3.00E-07  1.93E-06  1.01E-12  0.00
 3751 1.8755E+07    4  9378     183   1.0  3.00E-07  1.93E-06  1.71E-12  0.00
 3752 1.8760E+07    4  9381     183   1.0  3.00E-07  1.93E-06  5.05E-13  0.00
 3753 1.8765E+07    4  9383     183   1.0  3.00E-07  1.93E-06  1.36E-12  0.00
 3754 1.8770E+07    4  9386     183   1.0  3.00E-07  1.93E-06  1.70E-12  0.00
 3755 1.8775E+07    4  9388     183   1.0  3.00E-07  1.93E-06  2.93E-13  0.00
 3756 1.8780E+07    4  9391     183   1.0  3.00E-07  1.93E-06  1.57E-12  0.00
 3757 1.8785E+07    4  9393     183   1.0  3.01E-07  1.93E-06  3.88E-13  0.00
 3758 1.8790E+07    4  9396     183   1.0  3.30E-07  2.12E-06  4.86E-12  0.00
 3759 1.8795E+07    4  9398     183   1.0  3.38E-07  2.18E-06  4.48E-12  0.00
 3760 1.8800E+07    4  9401     183   1.0  3.38E-07  2.18E-06  3.49E-12  0.00
 3761 1.8805E+07    4  9403     183   1.0  3.38E-07  2.18E-06  3.11E-12  0.00
 3762 1.8810E+07    4  9406     183   1.0  3.38E-07  2.18E-06  1.90E-13  0.00
 3763 1.8815E+07    4  9408     183   1.0  3.38E-07  2.18E-06  1.18E-12  0.00
 3764 1.8820E+07    4  9411     183   1.0  3.38E-07  2.18E-06  1.77E-14  0.00
 3765 1.8825E+07    4  9413     183   1.0  3.39E-07  2.18E-06  1.30E-13  0.00
 3766 1.8830E+07    4  9416     183   1.0  3.39E-07  2.18E-06  3.94E-13  0.00
 3767 1.8835E+07    4  9418     183   1.0  3.39E-07  2.18E-06  2.10E-12  0.00
 3768 1.8840E+07    4  9421     183   1.0  3.39E-07  2.18E-06  1.49E-12  0.00
 3769 1.8845E+07    4  9423     183   1.0  3.39E-07  2.19E-06  4.04E-12  0.00
 3770 1.8850E+07    4  9426     183   1.0  3.39E-07  2.19E-06  1.21E-12  0.00
 3771 1.8855E+07    4  9428     183   1.0  3.39E-07  2.19E-06  1.68E-12  0.00
 3772 1.8860E+07    4  9431     183   1.0  3.39E-07  2.19E-06  5.16E-12  0.00
 3773 1.8865E+07    4  9433     183   1.0  3.40E-07  2.19E-06  1.32E-11  0.00
 3774 1.8870E+07    4  9436     183   1.0  3.40E-07  2.19E-06  4.68E-12  0.00
 3775 1.8875E+07    4  9438     183   1.0  3.40E-07  2.19E-06  6.43E-13  0.00
 3776 1.8880E+07    4  9441     183   1.0  3.40E-07  2.19E-06  9.69E-12  0.00
 3777 1.8885E+07    4  9443     183   1.0  3.40E-07  2.19E-06  2.54E-12  0.00
 3778 1.8890E+07    4  9446     183   1.0  5.37E-06  3.63E-05  1.28E-08  0.00
 3779 1.8895E+07    4  9448     184   1.0  1.49E-05  9.39E-05  3.06E-08  0.00
 3780 1.8900E+07    4  9451     184   1.0  4.86E-06  3.01E-05  1.82E-08  0.00
 3781 1.8905E+07    4  9453     184   1.0  4.20E-06  2.61E-05  7.20E-08  0.00
 3782 1.8910E+07    4  9456     184   1.0  3.93E-06  2.42E-05  8.96E-08  0.00
 3783 1.8915E+07    4  9458     184   1.0  3.27E-06  2.00E-05  7.41E-09  0.00
 3784 1.8920E+07    4  9461     184   1.0  5.51E-06  2.82E-05  5.20E-11  0.00
 3785 1.8925E+07    4  9463     184   1.0  1.93E-06  9.64E-06  7.17E-12  0.00
 3786 1.8930E+07    4  9466     184   1.0  3.43E-06  1.71E-05  6.90E-08  0.00
 3787 1.8935E+07    4  9468     184   1.0  2.30E-06  1.21E-05  1.12E-09  0.00
 3788 1.8940E+07    4  9471     184   1.0  1.10E-05  4.52E-05  7.00E-09  0.00
 3789 1.8945E+07    4  9473     184   1.0  1.64E-07  9.32E-07  2.23E-13  0.00
 3790 1.8950E+07    4  9476     184   1.0  2.30E-07  1.36E-06  1.31E-13  0.00
 3791 1.8955E+07    4  9478     184   1.0  2.58E-07  1.53E-06  2.46E-14  0.00
 3792 1.8960E+07    4  9481     184   1.0  2.58E-07  1.53E-06  9.75E-14  0.00
 3793 1.8965E+07    4  9483     184   1.0  2.09E-07  1.27E-06  1.83E-14  0.00
 3794 1.8970E+07    4  9486     184   1.0  1.78E-07  1.10E-06  1.79E-13  0.00
 3795 1.8975E+07    4  9488     184   1.0  1.78E-07  1.10E-06  3.78E-14  0.00
 3796 1.8980E+07    4  9491     184   1.0  1.78E-07  1.10E-06  1.11E-13  0.00
 3797 1.8985E+07    4  9493     184   1.0  1.78E-07  1.10E-06  4.78E-14  0.00
 3798 1.8990E+07    4  9496     184   1.0  1.78E-07  1.10E-06  2.57E-13  0.00
 3799 1.8995E+07    4  9498     184   1.0  1.78E-07  1.10E-06  8.20E-14  0.00
 3800 1.9000E+07    4  9501     184   1.0  1.78E-07  1.10E-06  7.51E-14  0.00
 3801 1.9005E+07    4  9503     184   1.0  1.78E-07  1.10E-06  1.76E-13  0.00
 3802 1.9010E+07    4  9506     184   1.0  1.78E-07  1.10E-06  2.91E-13  0.00
 3803 1.9015E+07    4  9508     184   1.0  1.78E-07  1.10E-06  2.61E-15  0.00
 3804 1.9020E+07    4  9511     184   1.0  1.78E-07  1.10E-06  4.01E-13  0.00
 3805 1.9025E+07    4  9513     184   1.0  1.78E-07  1.10E-06  2.18E-13  0.00
 3806 1.9030E+07    4  9516     184   1.0  1.79E-07  1.11E-06  3.54E-10  0.00
 3807 1.9035E+07    4  9518     184   1.0  1.91E-07  1.18E-06  1.63E-13  0.00
 3808 1.9040E+07    4  9521     184   1.0  1.91E-07  1.18E-06  5.28E-14  0.00
 3809 1.9045E+07    4  9523     184   1.0  1.91E-07  1.18E-06  2.03E-13  0.00
 3810 1.9050E+07    4  9526     184   1.0  1.91E-07  1.18E-06  3.22E-14  0.00
 3811 1.9055E+07    4  9528     184   1.0  1.91E-07  1.18E-06  2.02E-13  0.00
 3812 1.9060E+07    4  9531     184   1.0  1.98E-07  1.22E-06  1.39E-13  0.00
 3813 1.9065E+07    4  9533     184   1.0  1.99E-07  1.23E-06  1.93E-14  0.00
 3814 1.9070E+07    4  9536     184   1.0  2.00E-07  1.23E-06  4.36E-13  0.00
 3815 1.9075E+07    4  9538     184   1.0  2.00E-07  1.23E-06  2.69E-13  0.00
 3816 1.9080E+07    4  9541     184   1.0  2.00E-07  1.23E-06  1.11E-14  0.00
 3817 1.9085E+07    4  9543     184   1.0  2.01E-07  1.23E-06  1.13E-13  0.00
 3818 1.9090E+07    4  9546     184   1.0  2.01E-07  1.23E-06  2.19E-13  0.00
 3819 1.9095E+07    4  9548     184   1.0  2.01E-07  1.23E-06  6.28E-14  0.00
 3820 1.9100E+07    4  9551     184   1.0  2.01E-07  1.24E-06  9.05E-14  0.00
 3821 1.9105E+07    4  9553     184   1.0  2.01E-07  1.24E-06  3.53E-13  0.00
 3822 1.9110E+07    4  9556     184   1.0  2.01E-07  1.24E-06  2.31E-13  0.00
 3823 1.9115E+07    4  9558     184   1.0  2.01E-07  1.24E-06  3.76E-13  0.00
 3824 1.9120E+07    4  9561     184   1.0  2.01E-07  1.24E-06  1.91E-13  0.00
 3825 1.9125E+07    4  9563     184   1.0  2.01E-07  1.24E-06  1.03E-13  0.00
 3826 1.9130E+07    4  9566     184   1.0  2.01E-07  1.24E-06  1.30E-13  0.00
 3827 1.9135E+07    4  9568     184   1.0  1.99E-07  1.17E-06  4.94E-13  0.00
 3828 1.9140E+07    4  9571     184   1.0  1.97E-07  1.12E-06  1.15E-13  0.00
 3829 1.9145E+07    4  9573     184   1.0  1.73E-07  8.92E-07  7.62E-13  0.00
 3830 1.9150E+07    4  9576     184   1.0  1.63E-07  8.00E-07  3.93E-13  0.00
 3831 1.9155E+07    4  9578     184   1.0  1.63E-07  8.00E-07  5.52E-13  0.00
 3832 1.9160E+07    4  9581     184   1.0  2.36E-07  1.27E-06  4.36E-12  0.00
 3833 1.9165E+07    4  9583     184   1.0  2.45E-07  1.33E-06  1.36E-12  0.00
 3834 1.9170E+07    4  9586     184   1.0  2.45E-07  1.33E-06  4.60E-12  0.00
 3835 1.9175E+07    4  9588     184   1.0  2.45E-07  1.33E-06  2.02E-12  0.00
 3836 1.9180E+07    4  9591     184   1.0  2.45E-07  1.33E-06  3.91E-13  0.00
 3837 1.9185E+07    4  9593     184   1.0  2.45E-07  1.33E-06  4.50E-13  0.00
 3838 1.9190E+07    4  9596     184   1.0  2.45E-07  1.33E-06  6.10E-13  0.00
 3839 1.9195E+07    4  9598     184   1.0  2.44E-07  1.33E-06  2.13E-12  0.00
 3840 1.9200E+07    4  9601     184   1.0  2.58E-07  1.40E-06  1.12E-12  0.00
 3841 1.9205E+07    4  9603     184   1.0  2.94E-07  1.56E-06  2.39E-13  0.00
 3842 1.9210E+07    4  9606     184   1.0  2.94E-07  1.56E-06  1.57E-12  0.00
 3843 1.9215E+07    4  9608     184   1.0  2.94E-07  1.56E-06  3.77E-13  0.00
 3844 1.9220E+07    4  9611     184   1.0  2.94E-07  1.56E-06  9.53E-13  0.00
 3845 1.9225E+07    4  9613     184   1.0  2.93E-07  1.56E-06  8.73E-13  0.00
 3846 1.9230E+07    4  9616     184   1.0  2.91E-07  1.60E-06  1.04E-11  0.00
 3847 1.9235E+07    4  9618     184   1.0  3.01E-07  1.68E-06  3.05E-12  0.00
 3848 1.9240E+07    4  9621     184   1.0  3.32E-07  1.91E-06  1.17E-13  0.00
 3849 1.9245E+07    4  9623     184   1.0  3.32E-07  1.91E-06  4.69E-13  0.00
 3850 1.9250E+07    4  9626     184   1.0  3.32E-07  1.91E-06  5.99E-13  0.00
 3851 1.9255E+07    4  9628     184   1.0  3.31E-07  1.91E-06  3.68E-12  0.00
 3852 1.9260E+07    4  9631     184   1.0  3.31E-07  1.91E-06  1.29E-12  0.00
 3853 1.9265E+07    4  9633     184   1.0  3.31E-07  1.91E-06  2.41E-13  0.00
 3854 1.9270E+07    4  9636     184   1.0  3.31E-07  1.91E-06  1.89E-13  0.00
 3855 1.9275E+07    4  9638     184   1.0  3.31E-07  1.91E-06  4.89E-15  0.00
 3856 1.9280E+07    4  9641     184   1.0  3.31E-07  1.91E-06  3.50E-12  0.00
 3857 1.9285E+07    4  9643     184   1.0  3.31E-07  1.91E-06  1.86E-12  0.00
 3858 1.9290E+07    4  9646     184   1.0  3.31E-07  1.91E-06  4.72E-13  0.00
 3859 1.9295E+07    4  9648     184   1.0  3.30E-07  1.90E-06  9.30E-12  0.00
 3860 1.9300E+07    4  9651     184   1.0  3.30E-07  1.90E-06  2.80E-12  0.00
 3861 1.9305E+07    4  9653     184   1.0  3.30E-07  1.90E-06  3.22E-13  0.00
 3862 1.9310E+07    4  9656     184   1.0  3.30E-07  1.90E-06  1.00E-12  0.00
 3863 1.9315E+07    4  9658     184   1.0  3.02E-07  1.71E-06  2.36E-12  0.00
 3864 1.9320E+07    4  9661     184   1.0  2.89E-07  1.61E-06  2.64E-13  0.00
 3865 1.9325E+07    4  9663     184   1.0  2.88E-07  1.61E-06  2.02E-12  0.00
 3866 1.9330E+07    4  9666     184   1.0  2.88E-07  1.61E-06  8.59E-14  0.00
 3867 1.9335E+07    4  9668     184   1.0  2.88E-07  1.61E-06  5.33E-13  0.00
 3868 1.9340E+07    4  9671     184   1.0  2.88E-07  1.61E-06  2.58E-13  0.00
 3869 1.9345E+07    4  9673     184   1.0  2.88E-07  1.61E-06  7.88E-13  0.00
 3870 1.9350E+07    4  9676     184   1.0  2.88E-07  1.61E-06  1.41E-12  0.00
 3871 1.9355E+07    4  9678     184   1.0  2.88E-07  1.61E-06  2.32E-14  0.00
 3872 1.9360E+07    4  9681     184   1.0  2.88E-07  1.61E-06  1.02E-14  0.00
 3873 1.9365E+07    4  9683     184   1.0  2.88E-07  1.61E-06  1.63E-13  0.00
 3874 1.9370E+07    4  9686     184   1.0  2.88E-07  1.61E-06  9.35E-13  0.00
 3875 1.9375E+07    4  9688     184   1.0  2.87E-07  1.61E-06  2.10E-12  0.00
 3876 1.9380E+07    4  9691     184   1.0  2.87E-07  1.61E-06  1.40E-13  0.00
 3877 1.9385E+07    4  9693     184   1.0  2.87E-07  1.61E-06  1.17E-12  0.00
 3878 1.9390E+07    4  9696     184   1.0  2.87E-07  1.61E-06  4.23E-13  0.00
 3879 1.9395E+07    4  9698     184   1.0  2.87E-07  1.61E-06  4.14E-13  0.00
 3880 1.9400E+07    4  9701     184   1.0  2.87E-07  1.61E-06  5.25E-13  0.00
 3881 1.9405E+07    4  9703     184   1.0  2.87E-07  1.61E-06  3.10E-13  0.00
 3882 1.9410E+07    4  9706     184   1.0  2.87E-07  1.61E-06  5.85E-13  0.00
 3883 1.9415E+07    4  9708     184   1.0  2.87E-07  1.61E-06  7.12E-13  0.00
 3884 1.9420E+07    4  9711     184   1.0  2.87E-07  1.61E-06  2.02E-11  0.00
 3885 1.9425E+07    4  9713     184   1.0  2.86E-07  1.60E-06  1.61E-12  0.00
 3886 1.9430E+07    4  9716     184   1.0  2.86E-07  1.60E-06  6.33E-13  0.00
 3887 1.9435E+07    4  9718     184   1.0  2.86E-07  1.60E-06  6.39E-13  0.00
 3888 1.9440E+07    4  9721     184   1.0  2.86E-07  1.60E-06  8.45E-13  0.00
 3889 1.9445E+07    4  9723     184   1.0  2.86E-07  1.60E-06  6.61E-13  0.00
 3890 1.9450E+07    4  9726     184   1.0  2.86E-07  1.60E-06  1.25E-13  0.00
 3891 1.9455E+07    4  9728     184   1.0  2.86E-07  1.60E-06  3.52E-12  0.00
 3892 1.9460E+07    4  9731     184   1.0  2.86E-07  1.60E-06  3.54E-13  0.00
 3893 1.9465E+07    4  9733     184   1.0  2.86E-07  1.60E-06  8.06E-13  0.00
 3894 1.9470E+07    4  9736     184   1.0  2.86E-07  1.60E-06  2.93E-12  0.00
 3895 1.9475E+07    4  9738     184   1.0  2.85E-07  1.60E-06  3.39E-13  0.00
 3896 1.9480E+07    4  9741     184   1.0  2.74E-07  1.58E-06  1.80E-12  0.00
 3897 1.9485E+07    4  9743     184   1.0  2.69E-07  1.57E-06  6.18E-13  0.00
 3898 1.9490E+07    4  9746     184   1.0  2.69E-07  1.57E-06  7.52E-13  0.00
 3899 1.9495E+07    4  9748     184   1.0  2.69E-07  1.57E-06  1.11E-12  0.00
 3900 1.9500E+07    4  9751     184   1.0  2.69E-07  1.57E-06  8.16E-13  0.00
 3901 1.9505E+07    4  9753     184   1.0  2.68E-07  1.57E-06  3.11E-13  0.00
 3902 1.9510E+07    4  9756     184   1.0  2.68E-07  1.57E-06  1.52E-11  0.00
 3903 1.9515E+07    4  9758     184   1.0  2.68E-07  1.57E-06  4.71E-14  0.00
 3904 1.9520E+07    4  9761     184   1.0  2.68E-07  1.57E-06  3.14E-13  0.00
 3905 1.9525E+07    4  9763     184   1.0  2.68E-07  1.57E-06  1.00E-11  0.00
 3906 1.9530E+07    4  9766     184   1.0  2.68E-07  1.57E-06  1.84E-13  0.00
 3907 1.9535E+07    4  9768     184   1.0  2.68E-07  1.57E-06  1.32E-12  0.00
 3908 1.9540E+07    4  9771     184   1.0  2.68E-07  1.57E-06  5.10E-13  0.00
 3909 1.9545E+07    4  9773     184   1.0  2.68E-07  1.57E-06  1.48E-13  0.00
 3910 1.9550E+07    4  9776     184   1.0  2.68E-07  1.57E-06  1.15E-12  0.00
 3911 1.9555E+07    4  9778     184   1.0  2.68E-07  1.57E-06  1.63E-13  0.00
 3912 1.9560E+07    4  9781     184   1.0  2.68E-07  1.57E-06  1.24E-12  0.00
 3913 1.9565E+07    4  9783     184   1.0  2.68E-07  1.56E-06  1.73E-12  0.00
 3914 1.9570E+07    4  9786     184   1.0  2.67E-07  1.56E-06  6.05E-13  0.00
 3915 1.9575E+07    4  9788     184   1.0  2.67E-07  1.56E-06  8.11E-12  0.00
 3916 1.9580E+07    4  9791     184   1.0  2.67E-07  1.56E-06  1.45E-12  0.00
 3917 1.9585E+07    4  9793     184   1.0  2.67E-07  1.56E-06  4.89E-13  0.00
 3918 1.9590E+07    4  9796     184   1.0  2.67E-07  1.56E-06  2.12E-13  0.00
 3919 1.9595E+07    4  9798     184   1.0  2.67E-07  1.56E-06  1.22E-12  0.00
 3920 1.9600E+07    4  9801     184   1.0  2.67E-07  1.56E-06  4.58E-13  0.00
 3921 1.9605E+07    4  9803     184   1.0  2.67E-07  1.56E-06  1.26E-12  0.00
 3922 1.9610E+07    4  9806     184   1.0  2.67E-07  1.56E-06  2.89E-13  0.00
 3923 1.9615E+07    4  9808     184   1.0  2.67E-07  1.56E-06  2.43E-13  0.00
 3924 1.9620E+07    4  9811     184   1.0  2.67E-07  1.56E-06  5.93E-13  0.00
 3925 1.9625E+07    4  9813     184   1.0  2.67E-07  1.56E-06  5.26E-13  0.00
 3926 1.9630E+07    4  9816     184   1.0  2.66E-07  1.56E-06  5.65E-13  0.00
 3927 1.9635E+07    4  9818     184   1.0  2.66E-07  1.56E-06  3.68E-13  0.00
 3928 1.9640E+07    4  9821     184   1.0  2.66E-07  1.56E-06  9.67E-13  0.00
 3929 1.9645E+07    4  9823     184   1.0  2.66E-07  1.56E-06  3.69E-13  0.00
 3930 1.9650E+07    4  9826     184   1.0  2.66E-07  1.56E-06  7.46E-13  0.00
 3931 1.9655E+07    4  9828     184   1.0  2.66E-07  1.56E-06  4.39E-13  0.00
 3932 1.9660E+07    4  9831     184   1.0  2.66E-07  1.56E-06  1.86E-13  0.00
 3933 1.9665E+07    4  9833     184   1.0  2.66E-07  1.56E-06  8.30E-14  0.00
 3934 1.9670E+07    4  9836     184   1.0  2.66E-07  1.56E-06  9.57E-13  0.00
 3935 1.9675E+07    4  9838     184   1.0  2.66E-07  1.56E-06  2.16E-13  0.00
 3936 1.9680E+07    4  9841     184   1.0  2.66E-07  1.56E-06  1.93E-12  0.00
 3937 1.9685E+07    4  9843     184   1.0  2.66E-07  1.56E-06  6.37E-13  0.00
 3938 1.9690E+07    4  9846     184   1.0  2.66E-07  1.55E-06  2.64E-13  0.00
 3939 1.9695E+07    4  9848     184   1.0  2.65E-07  1.55E-06  7.12E-13  0.00
 3940 1.9700E+07    4  9851     184   1.0  2.65E-07  1.55E-06  1.53E-12  0.00
 3941 1.9705E+07    4  9853     184   1.0  2.65E-07  1.55E-06  1.05E-12  0.00
 3942 1.9710E+07    4  9856     184   1.0  2.65E-07  1.55E-06  5.98E-13  0.00
 3943 1.9715E+07    4  9858     184   1.0  2.65E-07  1.55E-06  9.88E-11  0.00
 3944 1.9720E+07    4  9861     184   1.0  2.65E-07  1.55E-06  2.25E-12  0.00
 3945 1.9725E+07    4  9863     184   1.0  2.65E-07  1.55E-06  2.37E-13  0.00
 3946 1.9730E+07    4  9866     184   1.0  2.61E-07  1.52E-06  4.40E-13  0.00
 3947 1.9735E+07    4  9868     184   1.0  2.58E-07  1.50E-06  1.35E-13  0.00
 3948 1.9740E+07    4  9871     184   1.0  2.58E-07  1.50E-06  1.11E-12  0.00
 3949 1.9745E+07    4  9873     184   1.0  2.58E-07  1.50E-06  5.98E-13  0.00
 3950 1.9750E+07    4  9876     184   1.0  2.58E-07  1.50E-06  8.71E-13  0.00
 3951 1.9755E+07    4  9878     184   1.0  2.58E-07  1.50E-06  2.24E-12  0.00
 3952 1.9760E+07    4  9881     184   1.0  2.58E-07  1.49E-06  1.48E-13  0.00
 3953 1.9765E+07    4  9883     184   1.0  2.58E-07  1.49E-06  3.14E-13  0.00
 3954 1.9770E+07    4  9886     184   1.0  2.58E-07  1.49E-06  1.58E-13  0.00
 3955 1.9775E+07    4  9888     184   1.0  2.58E-07  1.49E-06  4.36E-13  0.00
 3956 1.9780E+07    4  9891     184   1.0  2.58E-07  1.49E-06  1.07E-11  0.00
 3957 1.9785E+07    4  9893     184   1.0  2.58E-07  1.49E-06  2.06E-12  0.00
 3958 1.9790E+07    4  9896     184   1.0  2.61E-07  1.48E-06  1.80E-12  0.00
 3959 1.9795E+07    4  9898     184   1.0  2.69E-07  1.44E-06  3.43E-11  0.00
 3960 1.9800E+07    4  9901     184   1.0  2.69E-07  1.44E-06  1.61E-10  0.00
 3961 1.9805E+07    4  9903     184   1.0  2.70E-07  1.44E-06  8.60E-12  0.00
 3962 1.9810E+07    4  9906     184   1.0  2.69E-07  1.44E-06  4.77E-10  0.00
 3963 1.9815E+07    4  9908     184   1.0  2.69E-07  1.44E-06  2.00E-10  0.00
 3964 1.9820E+07    4  9911     184   1.0  2.72E-07  1.44E-06  1.96E-10  0.00
 3965 1.9825E+07    4  9913     184   1.0  2.69E-07  1.44E-06  7.30E-11  0.00
 3966 1.9830E+07    4  9916     184   1.0  2.69E-07  1.44E-06  1.29E-10  0.00
 3967 1.9835E+07    4  9918     184   1.0  2.73E-07  1.44E-06  5.73E-09  0.00
 3968 1.9840E+07    4  9921     184   1.0  2.70E-07  1.43E-06  2.63E-10  0.00
 3969 1.9845E+07    4  9923     184   1.0  2.69E-07  1.43E-06  3.83E-10  0.00
 3970 1.9850E+07    4  9926     184   1.0  2.68E-07  1.43E-06  4.76E-11  0.00
 3971 1.9855E+07    4  9928     184   1.0  2.68E-07  1.43E-06  2.20E-10  0.00
 3972 1.9860E+07    4  9931     184   1.0  2.68E-07  1.43E-06  5.82E-11  0.00
 3973 1.9865E+07    4  9933     184   1.0  2.72E-07  1.43E-06  8.67E-11  0.00
 3974 1.9870E+07    4  9936     184   1.0  2.68E-07  1.43E-06  7.94E-11  0.00
 3975 1.9875E+07    5  9938     184   1.0  2.68E-07  1.43E-06  8.38E-12  0.00
 3976 1.9880E+07    5  9941     184   1.0  2.69E-07  1.43E-06  2.94E-10  0.00
 3977 1.9885E+07    5  9943     184   1.0  2.71E-07  1.43E-06  3.26E-10  0.00
 3978 1.9890E+07    5  9946     184   1.0  2.67E-07  1.43E-06  9.11E-11  0.00
 3979 1.9895E+07    5  9948     184   1.0  2.67E-07  1.43E-06  7.19E-11  0.00
 3980 1.9900E+07    5  9951     184   1.0  2.67E-07  1.43E-06  1.11E-10  0.00
 3981 1.9905E+07    5  9953     184   1.0  2.67E-07  1.43E-06  1.79E-11  0.00
 3982 1.9910E+07    5  9956     184   1.0  2.72E-07  1.43E-06  3.19E-11  0.00
 3983 1.9915E+07    5  9958     184   1.0  2.67E-07  1.43E-06  2.90E-10  0.00
 3984 1.9920E+07    5  9961     184   1.0  2.79E-07  1.49E-06  4.54E-11  0.00
 3985 1.9925E+07    5  9963     184   1.0  2.92E-07  1.62E-06  1.11E-12  0.00
 3986 1.9930E+07    5  9966     184   1.0  2.92E-07  1.62E-06  3.91E-13  0.00
 3987 1.9935E+07    5  9968     184   1.0  2.92E-07  1.62E-06  3.83E-12  0.00
 3988 1.9940E+07    5  9971     184   1.0  2.91E-07  1.62E-06  1.71E-12  0.00
 3989 1.9945E+07    5  9973     185   1.0  2.91E-07  1.62E-06  3.18E-12  0.00
 3990 1.9950E+07    5  9976     185   1.0  2.91E-07  1.62E-06  2.18E-12  0.00
 3991 1.9955E+07    5  9978     185   1.0  2.91E-07  1.62E-06  2.88E-12  0.00
 3992 1.9960E+07    5  9981     185   1.0  2.91E-07  1.62E-06  1.83E-12  0.00
 3993 1.9965E+07    5  9983     185   1.0  2.91E-07  1.62E-06  6.45E-13  0.00
 3994 1.9970E+07    5  9986     185   1.0  2.91E-07  1.61E-06  7.76E-11  0.00
 3995 1.9975E+07    5  9988     185   1.0  2.91E-07  1.61E-06  3.98E-13  0.00
 3996 1.9980E+07    5  9991     185   1.0  2.90E-07  1.61E-06  7.97E-13  0.00
 3997 1.9985E+07    5  9993     185   1.0  2.90E-07  1.61E-06  1.42E-12  0.00
 3998 1.9990E+07    5  9996     185   1.0  2.90E-07  1.61E-06  1.33E-12  0.00
 3999 1.9995E+07    5  9998     185   1.0  2.90E-07  1.61E-06  6.06E-13  0.00
 4000 2.0000E+07    5 10001     185   1.0  2.90E-07  1.61E-06  2.63E-12  0.00
 4001 2.0005E+07    5 10003     185   1.0  2.90E-07  1.61E-06  4.16E-13  0.00
 4002 2.0010E+07    5 10006     185   1.0  2.90E-07  1.61E-06  1.33E-11  0.00
 4003 2.0015E+07    5 10008     185   1.0  2.90E-07  1.61E-06  1.86E-12  0.00
 4004 2.0020E+07    5 10011     185   1.0  2.90E-07  1.61E-06  3.60E-11  0.00
 4005 2.0025E+07    5 10013     185   1.0  2.89E-07  1.61E-06  5.03E-12  0.00
 4006 2.0030E+07    5 10016     185   1.0  2.89E-07  1.61E-06  2.86E-12  0.00
 4007 2.0035E+07    5 10018     185   1.0  2.89E-07  1.61E-06  1.92E-13  0.00
 4008 2.0040E+07    5 10021     185   1.0  2.89E-07  1.61E-06  7.35E-14  0.00
 4009 2.0045E+07    5 10023     185   1.0  2.89E-07  1.61E-06  7.34E-12  0.00
 4010 2.0050E+07    5 10026     185   1.0  2.89E-07  1.61E-06  4.19E-13  0.00
 4011 2.0055E+07    5 10028     185   1.0  2.89E-07  1.61E-06  2.70E-13  0.00
 4012 2.0060E+07    5 10031     185   1.0  2.89E-07  1.61E-06  3.59E-12  0.00
 4013 2.0065E+07    5 10033     185   1.0  2.88E-07  1.60E-06  2.05E-10  0.00
 4014 2.0070E+07    5 10036     185   1.0  2.88E-07  1.60E-06  2.20E-12  0.00
 4015 2.0075E+07    5 10038     185   1.0  2.88E-07  1.60E-06  1.01E-11  0.00
 4016 2.0080E+07    5 10041     185   1.0  2.88E-07  1.60E-06  1.43E-13  0.00
 4017 2.0085E+07    5 10043     185   1.0  2.88E-07  1.60E-06  4.31E-13  0.00
 4018 2.0090E+07    5 10046     185   1.0  2.88E-07  1.60E-06  3.56E-13  0.00
 4019 2.0095E+07    5 10048     185   1.0  3.44E-07  1.90E-06  7.09E-10  0.00
 4020 2.0100E+07    5 10051     184   1.0  1.13E-04  4.50E-04  1.00E-10  0.00
 4021 2.0105E+07    5 10053     184   1.0  1.07E-07  5.12E-07  2.17E-10  0.00
 4022 2.0110E+07    5 10056     184   1.0  1.40E-07  6.34E-07  1.61E-15  0.00
 4023 2.0115E+07    5 10058     184   1.0  1.75E-07  7.74E-07  1.13E-10  0.00
 4024 2.0120E+07    5 10061     184   1.0  2.19E-07  9.46E-07  1.00E-14  0.00
 4025 2.0125E+07    5 10063     184   1.0  2.19E-07  9.47E-07  1.91E-14  0.00
 4026 2.0130E+07    5 10066     184   1.0  2.53E-07  1.04E-06  1.53E-14  0.00
 4027 2.0135E+07    5 10068     184   1.0  2.55E-07  1.05E-06  1.59E-14  0.00
 4028 2.0140E+07    5 10071     184   1.0  2.63E-07  1.09E-06  1.54E-13  0.00
 4029 2.0145E+07    5 10073     184   1.0  2.66E-07  1.10E-06  3.22E-14  0.00
 4030 2.0150E+07    5 10076     184   1.0  2.66E-07  1.10E-06  4.86E-14  0.00
 4031 2.0155E+07    5 10078     184   1.0  2.88E-07  1.17E-06  1.66E-14  0.00
 4032 2.0160E+07    5 10081     184   1.0  3.20E-07  1.24E-06  8.20E-14  0.00
 4033 2.0165E+07    5 10083     184   1.0  3.17E-07  1.24E-06  4.93E-14  0.00
 4034 2.0170E+07    5 10086     184   1.0  3.17E-07  1.24E-06  1.53E-15  0.00
 4035 2.0175E+07    5 10088     184   1.0  3.17E-07  1.24E-06  8.92E-14  0.00
 4036 2.0180E+07    5 10091     184   1.0  3.17E-07  1.24E-06  6.52E-15  0.00
 4037 2.0185E+07    5 10093     184   1.0  3.17E-07  1.24E-06  3.24E-14  0.00
 4038 2.0190E+07    5 10096     184   1.0  3.17E-07  1.24E-06  5.93E-15  0.00
 4039 2.0195E+07    5 10098     184   1.0  3.17E-07  1.24E-06  1.41E-13  0.00
 4040 2.0200E+07    5 10101     184   1.0  3.17E-07  1.24E-06  7.64E-14  0.00
 4041 2.0205E+07    5 10103     184   1.0  3.16E-07  1.24E-06  3.09E-14  0.00
 4042 2.0210E+07    5 10106     184   1.0  3.16E-07  1.24E-06  3.48E-14  0.00
 4043 2.0215E+07    5 10108     184   1.0  3.16E-07  1.24E-06  4.64E-14  0.00
 4044 2.0220E+07    5 10111     184   1.0  3.16E-07  1.24E-06  1.71E-13  0.00
 4045 2.0225E+07    5 10113     184   1.0  3.16E-07  1.24E-06  1.51E-14  0.00
 4046 2.0230E+07    5 10116     184   1.0  3.16E-07  1.24E-06  5.33E-15  0.00
 4047 2.0235E+07    5 10118     184   1.0  3.16E-07  1.24E-06  4.61E-14  0.00
 4048 2.0240E+07    5 10121     184   1.0  3.16E-07  1.24E-06  1.31E-13  0.00
 4049 2.0245E+07    5 10123     184   1.0  3.16E-07  1.24E-06  1.18E-15  0.00
 4050 2.0250E+07    5 10126     184   1.0  3.30E-07  1.32E-06  2.50E-14  0.00
 4051 2.0255E+07    5 10128     184   1.0  3.37E-07  1.36E-06  8.00E-14  0.00
 4052 2.0260E+07    5 10131     184   1.0  3.41E-07  1.37E-06  8.44E-14  0.00
 4053 2.0265E+07    5 10133     184   1.0  3.41E-07  1.37E-06  1.71E-13  0.00
 4054 2.0270E+07    5 10136     184   1.0  3.41E-07  1.37E-06  7.11E-14  0.00
 4055 2.0275E+07    5 10138     184   1.0  3.41E-07  1.37E-06  8.21E-14  0.00
 4056 2.0280E+07    5 10141     184   1.0  3.41E-07  1.37E-06  3.89E-15  0.00
 4057 2.0285E+07    5 10143     184   1.0  3.41E-07  1.37E-06  3.25E-14  0.00
 4058 2.0290E+07    5 10146     184   1.0  3.41E-07  1.37E-06  1.03E-13  0.00
 4059 2.0295E+07    5 10148     184   1.0  3.40E-07  1.36E-06  6.59E-15  0.00
 4060 2.0300E+07    5 10151     184   1.0  3.40E-07  1.36E-06  6.56E-14  0.00
 4061 2.0305E+07    5 10153     184   1.0  3.40E-07  1.36E-06  1.10E-13  0.00
 4062 2.0310E+07    5 10156     184   1.0  3.40E-07  1.36E-06  1.68E-13  0.00
 4063 2.0315E+07    5 10158     184   1.0  3.40E-07  1.36E-06  9.17E-14  0.00
 4064 2.0320E+07    5 10161     184   1.0  3.40E-07  1.36E-06  8.88E-14  0.00
 4065 2.0325E+07    5 10163     184   1.0  3.40E-07  1.36E-06  1.31E-14  0.00
 4066 2.0330E+07    5 10166     184   1.0  3.40E-07  1.36E-06  8.04E-14  0.00
 4067 2.0335E+07    5 10168     184   1.0  3.40E-07  1.36E-06  9.73E-14  0.00
 4068 2.0340E+07    5 10171     184   1.0  3.39E-07  1.36E-06  2.68E-13  0.00
 4069 2.0345E+07    5 10173     184   1.0  3.39E-07  1.36E-06  1.06E-13  0.00
 4070 2.0350E+07    5 10176     184   1.0  3.39E-07  1.36E-06  8.42E-14  0.00
 4071 2.0355E+07    5 10178     184   1.0  3.39E-07  1.36E-06  7.86E-14  0.00
 4072 2.0360E+07    5 10181     184   1.0  3.39E-07  1.36E-06  1.15E-13  0.00
 4073 2.0365E+07    5 10183     184   1.0  3.39E-07  1.36E-06  1.08E-13  0.00
 4074 2.0370E+07    5 10186     184   1.0  3.39E-07  1.36E-06  9.17E-14  0.00
 4075 2.0375E+07    5 10188     184   1.0  3.05E-07  1.23E-06  1.64E-13  0.00
 4076 2.0380E+07    5 10191     184   1.0  2.91E-07  1.18E-06  4.92E-14  0.00
 4077 2.0385E+07    5 10193     184   1.0  2.91E-07  1.18E-06  2.02E-15  0.00
 4078 2.0390E+07    5 10196     184   1.0  2.91E-07  1.18E-06  3.00E-14  0.00
 4079 2.0395E+07    5 10198     184   1.0  2.91E-07  1.18E-06  9.13E-14  0.00
 4080 2.0400E+07    5 10201     184   1.0  2.91E-07  1.18E-06  1.14E-14  0.00
 4081 2.0405E+07    5 10203     184   1.0  2.91E-07  1.18E-06  2.92E-14  0.00
 4082 2.0410E+07    5 10206     184   1.0  2.91E-07  1.18E-06  3.40E-14  0.00
 4083 2.0415E+07    5 10208     184   1.0  2.91E-07  1.18E-06  2.00E-14  0.00
 4084 2.0420E+07    5 10211     184   1.0  2.91E-07  1.18E-06  1.00E-14  0.00
 4085 2.0425E+07    5 10213     184   1.0  2.45E-07  1.06E-06  1.68E-16  0.00
 4086 2.0430E+07    5 10216     184   1.0  2.39E-07  1.05E-06  1.06E-13  0.00
 4087 2.0435E+07    5 10218     184   1.0  2.45E-07  1.09E-06  6.66E-14  0.00
 4088 2.0440E+07    5 10221     184   1.0  2.48E-07  1.11E-06  6.30E-14  0.00
 4089 2.0445E+07    5 10223     184   1.0  2.41E-07  1.07E-06  4.08E-14  0.00
 4090 2.0450E+07    5 10226     184   1.0  2.37E-07  1.05E-06  5.04E-14  0.00
 4091 2.0455E+07    5 10228     184   1.0  2.37E-07  1.05E-06  2.09E-14  0.00
 4092 2.0460E+07    5 10231     184   1.0  2.37E-07  1.05E-06  6.17E-14  0.00
 4093 2.0465E+07    5 10233     184   1.0  2.37E-07  1.05E-06  4.24E-14  0.00
 4094 2.0470E+07    5 10236     184   1.0  2.37E-07  1.05E-06  8.01E-14  0.00
 4095 2.0475E+07    5 10238     184   1.0  2.37E-07  1.05E-06  8.98E-15  0.00
 4096 2.0480E+07    5 10241     184   1.0  2.37E-07  1.05E-06  9.23E-15  0.00
 4097 2.0485E+07    5 10243     184   1.0  2.37E-07  1.05E-06  6.56E-14  0.00
 4098 2.0490E+07    5 10246     184   1.0  2.37E-07  1.05E-06  3.23E-14  0.00
 4099 2.0495E+07    5 10248     184   1.0  2.36E-07  1.05E-06  4.43E-14  0.00
 4100 2.0500E+07    5 10251     184   1.0  2.36E-07  1.05E-06  7.96E-14  0.00
 4101 2.0505E+07    5 10253     184   1.0  2.36E-07  1.05E-06  9.80E-15  0.00
 4102 2.0510E+07    5 10256     184   1.0  2.36E-07  1.05E-06  1.57E-14  0.00
 4103 2.0515E+07    5 10258     184   1.0  2.36E-07  1.05E-06  3.89E-14  0.00
 4104 2.0520E+07    5 10261     184   1.0  2.36E-07  1.05E-06  1.02E-13  0.00
 4105 2.0525E+07    5 10263     184   1.0  2.36E-07  1.05E-06  5.04E-14  0.00
 4106 2.0530E+07    5 10266     184   1.0  2.36E-07  1.05E-06  4.11E-14  0.00
 4107 2.0535E+07    5 10268     184   1.0  2.36E-07  1.05E-06  3.02E-14  0.00
 4108 2.0540E+07    5 10271     184   1.0  2.36E-07  1.05E-06  3.88E-14  0.00
 4109 2.0545E+07    5 10273     184   1.0  2.36E-07  1.05E-06  1.32E-13  0.00
 4110 2.0550E+07    5 10276     184   1.0  2.36E-07  1.05E-06  8.94E-14  0.00
 4111 2.0555E+07    5 10278     184   1.0  2.35E-07  1.04E-06  5.86E-14  0.00
 4112 2.0560E+07    5 10281     184   1.0  2.35E-07  1.04E-06  1.03E-13  0.00
 4113 2.0565E+07    5 10283     184   1.0  2.35E-07  1.04E-06  1.92E-15  0.00
 4114 2.0570E+07    5 10286     184   1.0  2.35E-07  1.04E-06  8.40E-14  0.00
 4115 2.0575E+07    5 10288     184   1.0  2.35E-07  1.04E-06  9.26E-15  0.00
 4116 2.0580E+07    5 10291     184   1.0  2.35E-07  1.04E-06  7.52E-14  0.00
 4117 2.0585E+07    5 10293     184   1.0  2.35E-07  1.04E-06  5.04E-14  0.00
 4118 2.0590E+07    5 10296     184   1.0  2.35E-07  1.04E-06  1.57E-14  0.00
 4119 2.0595E+07    5 10298     184   1.0  2.35E-07  1.04E-06  2.17E-14  0.00
 4120 2.0600E+07    5 10301     184   1.0  2.35E-07  1.04E-06  2.36E-14  0.00
 4121 2.0605E+07    5 10303     184   1.0  2.35E-07  1.04E-06  8.74E-15  0.00
 4122 2.0610E+07    5 10306     184   1.0  2.35E-07  1.04E-06  1.07E-13  0.00
 4123 2.0615E+07    5 10308     184   1.0  2.34E-07  1.04E-06  8.84E-14  0.00
 4124 2.0620E+07    5 10311     184   1.0  2.34E-07  1.04E-06  4.68E-14  0.00
 4125 2.0625E+07    5 10313     184   1.0  2.34E-07  1.04E-06  1.14E-13  0.00
 4126 2.0630E+07    5 10316     184   1.0  2.34E-07  1.04E-06  5.02E-14  0.00
 4127 2.0635E+07    5 10318     184   1.0  2.34E-07  1.04E-06  8.29E-14  0.00
 4128 2.0640E+07    5 10321     184   1.0  2.34E-07  1.04E-06  4.32E-15  0.00
 4129 2.0645E+07    5 10323     184   1.0  2.34E-07  1.04E-06  1.99E-15  0.00
 4130 2.0650E+07    5 10326     184   1.0  2.34E-07  1.04E-06  6.81E-14  0.00
 4131 2.0655E+07    5 10328     184   1.0  2.34E-07  1.04E-06  4.71E-14  0.00
 4132 2.0660E+07    5 10331     184   1.0  2.34E-07  1.04E-06  8.29E-16  0.00
 4133 2.0665E+07    5 10333     184   1.0  2.34E-07  1.04E-06  1.74E-14  0.00
 4134 2.0670E+07    5 10336     184   1.0  2.34E-07  1.04E-06  8.57E-14  0.00
 4135 2.0675E+07    5 10338     184   1.0  2.33E-07  1.04E-06  2.91E-14  0.00
 4136 2.0680E+07    5 10341     184   1.0  2.33E-07  1.04E-06  1.01E-14  0.00
 4137 2.0685E+07    5 10343     184   1.0  2.33E-07  1.04E-06  7.14E-10  0.00
 4138 2.0690E+07    5 10346     184   1.0  2.74E-07  1.24E-06  1.23E-13  0.00
 4139 2.0695E+07    5 10348     184   1.0  2.74E-07  1.24E-06  1.85E-13  0.00
 4140 2.0700E+07    5 10351     184   1.0  2.74E-07  1.24E-06  1.07E-14  0.00
 4141 2.0705E+07    5 10353     184   1.0  2.74E-07  1.24E-06  8.60E-15  0.00
 4142 2.0710E+07    5 10356     184   1.0  2.74E-07  1.24E-06  4.47E-15  0.00
 4143 2.0715E+07    5 10358     184   1.0  2.74E-07  1.24E-06  1.86E-14  0.00
 4144 2.0720E+07    5 10361     184   1.0  2.74E-07  1.24E-06  2.03E-14  0.00
 4145 2.0725E+07    5 10363     184   1.0  2.74E-07  1.24E-06  6.27E-14  0.00
 4146 2.0730E+07    5 10366     184   1.0  2.74E-07  1.23E-06  2.81E-15  0.00
 4147 2.0735E+07    5 10368     184   1.0  2.74E-07  1.23E-06  6.06E-14  0.00
 4148 2.0740E+07    5 10371     184   1.0  2.74E-07  1.23E-06  2.32E-14  0.00
 4149 2.0745E+07    5 10373     184   1.0  2.73E-07  1.23E-06  1.51E-13  0.00
 4150 2.0750E+07    5 10376     184   1.0  2.73E-07  1.23E-06  5.18E-14  0.00
 4151 2.0755E+07    5 10378     184   1.0  2.73E-07  1.23E-06  9.02E-14  0.00
 4152 2.0760E+07    5 10381     184   1.0  2.73E-07  1.23E-06  8.76E-14  0.00
 4153 2.0765E+07    5 10383     184   1.0  2.73E-07  1.23E-06  1.57E-14  0.00
 4154 2.0770E+07    5 10386     184   1.0  2.73E-07  1.23E-06  9.78E-14  0.00
 4155 2.0775E+07    5 10388     184   1.0  2.73E-07  1.23E-06  1.36E-14  0.00
 4156 2.0780E+07    5 10391     184   1.0  2.73E-07  1.23E-06  2.73E-14  0.00
 4157 2.0785E+07    5 10393     184   1.0  2.73E-07  1.23E-06  4.29E-15  0.00
 4158 2.0790E+07    5 10396     184   1.0  2.73E-07  1.23E-06  1.29E-14  0.00
 4159 2.0795E+07    5 10398     184   1.0  2.73E-07  1.23E-06  5.19E-14  0.00
 4160 2.0800E+07    5 10401     184   1.0  2.73E-07  1.23E-06  2.12E-14  0.00
 4161 2.0805E+07    5 10403     184   1.0  2.72E-07  1.23E-06  5.44E-14  0.00
 4162 2.0810E+07    5 10406     184   1.0  2.72E-07  1.23E-06  1.44E-13  0.00
 4163 2.0815E+07    5 10408     184   1.0  2.72E-07  1.23E-06  8.31E-14  0.00
 4164 2.0820E+07    5 10411     184   1.0  2.72E-07  1.23E-06  2.02E-13  0.00
 4165 2.0825E+07    5 10413     184   1.0  2.72E-07  1.23E-06  8.87E-14  0.00
 4166 2.0830E+07    5 10416     184   1.0  2.72E-07  1.23E-06  5.30E-14  0.00
 4167 2.0835E+07    5 10418     184   1.0  2.72E-07  1.23E-06  9.08E-14  0.00
 4168 2.0840E+07    5 10421     184   1.0  2.79E-07  1.25E-06  3.68E-11  0.00
 4169 2.0845E+07    5 10423     184   1.0  2.97E-07  1.35E-06  3.23E-13  0.00
 4170 2.0850E+07    5 10426     184   1.0  2.93E-07  1.35E-06  1.14E-13  0.00
 4171 2.0855E+07    5 10428     184   1.0  2.93E-07  1.35E-06  5.65E-14  0.00
 4172 2.0860E+07    5 10431     184   1.0  2.93E-07  1.35E-06  1.48E-13  0.00
 4173 2.0865E+07    5 10433     184   1.0  2.93E-07  1.34E-06  1.42E-13  0.00
 4174 2.0870E+07    5 10436     184   1.0  2.93E-07  1.34E-06  1.02E-14  0.00
 4175 2.0875E+07    5 10438     184   1.0  2.93E-07  1.34E-06  3.88E-14  0.00
 4176 2.0880E+07    5 10441     184   1.0  2.93E-07  1.34E-06  8.66E-14  0.00
 4177 2.0885E+07    5 10443     184   1.0  2.92E-07  1.34E-06  5.21E-14  0.00
 4178 2.0890E+07    5 10446     184   1.0  2.92E-07  1.34E-06  1.08E-13  0.00
 4179 2.0895E+07    5 10448     184   1.0  2.92E-07  1.34E-06  2.07E-14  0.00
 4180 2.0900E+07    5 10451     184   1.0  2.92E-07  1.34E-06  6.70E-14  0.00
 4181 2.0905E+07    5 10453     184   1.0  2.92E-07  1.34E-06  4.57E-14  0.00
 4182 2.0910E+07    5 10456     184   1.0  2.92E-07  1.34E-06  7.35E-14  0.00
 4183 2.0915E+07    5 10458     184   1.0  2.92E-07  1.34E-06  5.54E-14  0.00
 4184 2.0920E+07    5 10461     184   1.0  2.92E-07  1.34E-06  1.70E-13  0.00
 4185 2.0925E+07    5 10463     184   1.0  2.92E-07  1.34E-06  1.75E-13  0.00
 4186 2.0930E+07    5 10466     184   1.0  2.92E-07  1.34E-06  7.39E-14  0.00
 4187 2.0935E+07    5 10468     184   1.0  2.92E-07  1.34E-06  6.29E-14  0.00
 4188 2.0940E+07    5 10471     184   1.0  2.92E-07  1.34E-06  1.62E-14  0.00
 4189 2.0945E+07    5 10473     184   1.0  2.91E-07  1.34E-06  1.16E-13  0.00
 4190 2.0950E+07    5 10476     184   1.0  2.91E-07  1.34E-06  8.44E-14  0.00
 4191 2.0955E+07    5 10478     184   1.0  2.91E-07  1.34E-06  1.79E-13  0.00
 4192 2.0960E+07    5 10481     184   1.0  2.91E-07  1.34E-06  2.77E-14  0.00
 4193 2.0965E+07    5 10483     184   1.0  2.91E-07  1.34E-06  4.34E-14  0.00
 4194 2.0970E+07    5 10486     184   1.0  2.91E-07  1.34E-06  4.73E-14  0.00
 4195 2.0975E+07    5 10488     184   1.0  2.91E-07  1.34E-06  6.01E-14  0.00
 4196 2.0980E+07    5 10491     184   1.0  2.91E-07  1.34E-06  4.92E-14  0.00
 4197 2.0985E+07    5 10493     184   1.0  2.91E-07  1.34E-06  2.02E-14  0.00
 4198 2.0990E+07    5 10496     184   1.0  2.91E-07  1.34E-06  7.04E-14  0.00
 4199 2.0995E+07    5 10498     184   1.0  2.91E-07  1.34E-06  1.22E-13  0.00
 4200 2.1000E+07    5 10501     184   1.0  2.91E-07  1.34E-06  1.80E-13  0.00
 4201 2.1005E+07    5 10503     184   1.0  2.90E-07  1.34E-06  1.53E-13  0.00
 4202 2.1010E+07    5 10506     184   1.0  2.90E-07  1.34E-06  2.14E-13  0.00
 4203 2.1015E+07    5 10508     184   1.0  2.90E-07  1.33E-06  5.88E-14  0.00
 4204 2.1020E+07    5 10511     184   1.0  2.90E-07  1.33E-06  4.17E-14  0.00
 4205 2.1025E+07    5 10513     184   1.0  2.90E-07  1.33E-06  9.34E-14  0.00
 4206 2.1030E+07    5 10516     184   1.0  2.90E-07  1.33E-06  5.76E-14  0.00
 4207 2.1035E+07    5 10518     184   1.0  2.90E-07  1.33E-06  1.04E-13  0.00
 4208 2.1040E+07    5 10521     184   1.0  2.90E-07  1.33E-06  1.91E-13  0.00
 4209 2.1045E+07    5 10523     184   1.0  2.90E-07  1.33E-06  4.19E-14  0.00
 4210 2.1050E+07    5 10526     184   1.0  2.90E-07  1.33E-06  1.06E-13  0.00
 4211 2.1055E+07    5 10528     184   1.0  2.90E-07  1.33E-06  1.45E-13  0.00
 4212 2.1060E+07    5 10531     184   1.0  2.89E-07  1.33E-06  2.59E-14  0.00
 4213 2.1065E+07    5 10533     184   1.0  2.89E-07  1.33E-06  9.66E-14  0.00
 4214 2.1070E+07    5 10536     184   1.0  2.89E-07  1.33E-06  6.61E-15  0.00
 4215 2.1075E+07    5 10538     184   1.0  2.89E-07  1.33E-06  6.38E-14  0.00
 4216 2.1080E+07    5 10541     184   1.0  2.89E-07  1.33E-06  7.35E-15  0.00
 4217 2.1085E+07    5 10543     184   1.0  2.89E-07  1.33E-06  1.44E-13  0.00
 4218 2.1090E+07    5 10546     184   1.0  2.89E-07  1.33E-06  7.20E-14  0.00
 4219 2.1095E+07    5 10548     183   1.0  2.89E-07  1.33E-06  1.42E-14  0.00
 4220 2.1100E+07    5 10551     183   1.0  2.89E-07  1.33E-06  4.32E-15  0.00
 4221 2.1105E+07    5 10553     183   1.0  2.89E-07  1.33E-06  8.09E-14  0.00
 4222 2.1110E+07    5 10556     183   1.0  2.89E-07  1.33E-06  6.52E-15  0.00
 4223 2.1115E+07    5 10558     183   1.0  2.89E-07  1.33E-06  1.47E-15  0.00
 4224 2.1120E+07    5 10561     183   1.0  2.88E-07  1.33E-06  1.03E-13  0.00
 4225 2.1125E+07    5 10563     183   1.0  2.88E-07  1.33E-06  2.52E-13  0.00
 4226 2.1130E+07    5 10566     183   1.0  2.88E-07  1.33E-06  6.21E-14  0.00
 4227 2.1135E+07    5 10568     183   1.0  2.88E-07  1.33E-06  1.71E-13  0.00
 4228 2.1140E+07    5 10571     183   1.0  2.88E-07  1.33E-06  2.09E-13  0.00
 4229 2.1145E+07    5 10573     183   1.0  2.88E-07  1.33E-06  4.07E-16  0.00
 4230 2.1150E+07    5 10576     183   1.0  2.88E-07  1.33E-06  1.56E-13  0.00
 4231 2.1155E+07    5 10578     183   1.0  2.88E-07  1.33E-06  5.52E-14  0.00
 4232 2.1160E+07    5 10581     183   1.0  2.88E-07  1.33E-06  1.49E-13  0.00
 4233 2.1165E+07    5 10583     183   1.0  2.88E-07  1.32E-06  1.04E-13  0.00
 4234 2.1170E+07    5 10586     183   1.0  2.88E-07  1.32E-06  9.30E-14  0.00
 4235 2.1175E+07    5 10588     183   1.0  2.87E-07  1.32E-06  5.39E-14  0.00
 4236 2.1180E+07    5 10591     183   1.0  2.87E-07  1.32E-06  1.11E-13  0.00
 4237 2.1185E+07    5 10593     183   1.0  2.87E-07  1.32E-06  1.53E-13  0.00
 4238 2.1190E+07    5 10596     183   1.0  2.87E-07  1.32E-06  2.37E-13  0.00
 4239 2.1195E+07    5 10598     183   1.0  2.87E-07  1.32E-06  9.27E-15  0.00
 4240 2.1200E+07    5 10601     183   1.0  2.87E-07  1.32E-06  1.18E-13  0.00
 4241 2.1205E+07    5 10603     183   1.0  2.87E-07  1.32E-06  7.97E-15  0.00
 4242 2.1210E+07    5 10606     183   1.0  2.87E-07  1.32E-06  8.12E-14  0.00
 4243 2.1215E+07    5 10608     183   1.0  2.87E-07  1.32E-06  2.89E-14  0.00
 4244 2.1220E+07    5 10611     183   1.0  2.87E-07  1.32E-06  8.70E-14  0.00
 4245 2.1225E+07    5 10613     183   1.0  2.87E-07  1.32E-06  5.83E-14  0.00
 4246 2.1230E+07    5 10616     183   1.0  2.86E-07  1.32E-06  2.40E-13  0.00
 4247 2.1235E+07    5 10618     183   1.0  2.86E-07  1.32E-06  1.09E-13  0.00
 4248 2.1240E+07    5 10621     183   1.0  2.86E-07  1.32E-06  1.16E-13  0.00
 4249 2.1245E+07    5 10623     183   1.0  2.86E-07  1.32E-06  4.82E-14  0.00
 4250 2.1250E+07    5 10626     183   1.0  2.86E-07  1.32E-06  2.49E-13  0.00
 4251 2.1255E+07    5 10628     183   1.0  2.86E-07  1.32E-06  7.11E-14  0.00
 4252 2.1260E+07    5 10631     183   1.0  2.86E-07  1.32E-06  6.24E-14  0.00
 4253 2.1265E+07    5 10633     183   1.0  2.86E-07  1.32E-06  1.63E-13  0.00
 4254 2.1270E+07    5 10636     183   1.0  2.79E-07  1.34E-06  7.49E-14  0.00
 4255 2.1275E+07    5 10638     183   1.0  2.79E-07  1.34E-06  6.86E-14  0.00
 4256 2.1280E+07    5 10641     183   1.0  2.79E-07  1.34E-06  3.85E-14  0.00
 4257 2.1285E+07    5 10643     183   1.0  2.79E-07  1.34E-06  7.87E-15  0.00
 4258 2.1290E+07    5 10646     183   1.0  2.79E-07  1.34E-06  6.55E-14  0.00
 4259 2.1295E+07    5 10648     183   1.0  2.79E-07  1.34E-06  3.73E-14  0.00
 4260 2.1300E+07    5 10651     183   1.0  2.79E-07  1.34E-06  5.84E-15  0.00
 4261 2.1305E+07    5 10653     183   1.0  2.79E-07  1.34E-06  1.67E-13  0.00
 4262 2.1310E+07    5 10656     183   1.0  2.79E-07  1.34E-06  6.06E-14  0.00
 4263 2.1315E+07    5 10658     183   1.0  2.79E-07  1.34E-06  2.67E-15  0.00
 4264 2.1320E+07    5 10661     183   1.0  2.78E-07  1.34E-06  1.58E-13  0.00
 4265 2.1325E+07    5 10663     183   1.0  2.78E-07  1.34E-06  1.15E-13  0.00
 4266 2.1330E+07    5 10666     183   1.0  2.78E-07  1.34E-06  1.81E-14  0.00
 4267 2.1335E+07    5 10668     183   1.0  2.78E-07  1.34E-06  9.49E-14  0.00
 4268 2.1340E+07    5 10671     183   1.0  2.78E-07  1.34E-06  3.97E-14  0.00
 4269 2.1345E+07    5 10673     183   1.0  2.78E-07  1.34E-06  5.75E-15  0.00
 4270 2.1350E+07    5 10676     183   1.0  2.94E-07  1.43E-06  5.55E-14  0.00
 4271 2.1355E+07    5 10678     183   1.0  2.99E-07  1.45E-06  9.64E-14  0.00
 4272 2.1360E+07    5 10681     183   1.0  2.99E-07  1.45E-06  2.45E-14  0.00
 4273 2.1365E+07    5 10683     183   1.0  2.98E-07  1.45E-06  1.54E-13  0.00
 4274 2.1370E+07    5 10686     183   1.0  2.99E-07  1.45E-06  7.56E-12  0.00
 4275 2.1375E+07    5 10688     183   1.0  3.02E-07  1.49E-06  1.48E-13  0.00
 4276 2.1380E+07    5 10691     183   1.0  3.02E-07  1.49E-06  4.57E-14  0.00
 4277 2.1385E+07    5 10693     183   1.0  3.02E-07  1.49E-06  1.52E-13  0.00
 4278 2.1390E+07    5 10696     183   1.0  3.01E-07  1.49E-06  1.17E-14  0.00
 4279 2.1395E+07    5 10698     183   1.0  3.01E-07  1.49E-06  1.39E-13  0.00
 4280 2.1400E+07    5 10701     183   1.0  3.01E-07  1.49E-06  4.88E-14  0.00
 4281 2.1405E+07    5 10703     183   1.0  3.01E-07  1.49E-06  5.39E-14  0.00
 4282 2.1410E+07    5 10706     183   1.0  3.01E-07  1.49E-06  1.01E-13  0.00
 4283 2.1415E+07    5 10708     183   1.0  3.01E-07  1.48E-06  1.20E-13  0.00
 4284 2.1420E+07    5 10711     183   1.0  3.01E-07  1.48E-06  8.77E-14  0.00
 4285 2.1425E+07    5 10713     183   1.0  3.01E-07  1.48E-06  2.10E-13  0.00
 4286 2.1430E+07    5 10716     183   1.0  3.01E-07  1.48E-06  1.04E-13  0.00
 4287 2.1435E+07    5 10718     183   1.0  3.01E-07  1.48E-06  6.56E-15  0.00
 4288 2.1440E+07    5 10721     183   1.0  3.01E-07  1.48E-06  6.90E-14  0.00
 4289 2.1445E+07    5 10723     183   1.0  3.01E-07  1.48E-06  9.10E-14  0.00
 4290 2.1450E+07    5 10726     183   1.0  3.01E-07  1.48E-06  1.59E-13  0.00
 4291 2.1455E+07    5 10728     183   1.0  3.01E-07  1.48E-06  1.05E-15  0.00
 4292 2.1460E+07    5 10731     183   1.0  3.01E-07  1.48E-06  3.43E-14  0.00
 4293 2.1465E+07    5 10733     183   1.0  3.01E-07  1.48E-06  7.61E-14  0.00
 4294 2.1470E+07    5 10736     183   1.0  3.01E-07  1.48E-06  1.84E-13  0.00
 4295 2.1475E+07    5 10738     183   1.0  3.01E-07  1.48E-06  1.22E-13  0.00
 4296 2.1480E+07    5 10741     183   1.0  3.01E-07  1.48E-06  2.07E-13  0.00
 4297 2.1485E+07    5 10743     183   1.0  3.22E-07  1.47E-06  2.69E-14  0.00
 4298 2.1490E+07    5 10746     183   1.0  3.23E-07  1.47E-06  2.84E-15  0.00
 4299 2.1495E+07    5 10748     183   1.0  3.23E-07  1.46E-06  9.86E-14  0.00
 4300 2.1500E+07    5 10751     183   1.0  3.23E-07  1.46E-06  6.26E-14  0.00
 4301 2.1505E+07    5 10753     183   1.0  3.23E-07  1.46E-06  1.44E-13  0.00
 4302 2.1510E+07    5 10756     183   1.0  3.23E-07  1.46E-06  2.59E-14  0.00
 4303 2.1515E+07    5 10758     183   1.0  3.23E-07  1.46E-06  2.92E-14  0.00
 4304 2.1520E+07    5 10761     183   1.0  3.62E-07  1.70E-06  1.99E-13  0.00
 4305 2.1525E+07    5 10763     183   1.0  3.76E-07  1.78E-06  3.48E-13  0.00
 4306 2.1530E+07    5 10766     183   1.0  3.76E-07  1.78E-06  1.64E-13  0.00
 4307 2.1535E+07    5 10768     183   1.0  3.76E-07  1.78E-06  1.50E-13  0.00
 4308 2.1540E+07    5 10771     183   1.0  3.75E-07  1.78E-06  9.26E-14  0.00
 4309 2.1545E+07    5 10773     183   1.0  3.75E-07  1.78E-06  3.23E-13  0.00
 4310 2.1550E+07    5 10776     183   1.0  3.75E-07  1.78E-06  3.78E-13  0.00
 4311 2.1555E+07    5 10778     183   1.0  3.75E-07  1.78E-06  3.55E-14  0.00
 4312 2.1560E+07    5 10781     183   1.0  3.75E-07  1.78E-06  1.21E-13  0.00
 4313 2.1565E+07    5 10783     183   1.0  3.75E-07  1.78E-06  6.83E-14  0.00
 4314 2.1570E+07    5 10786     183   1.0  3.75E-07  1.78E-06  3.60E-13  0.00
 4315 2.1575E+07    5 10788     183   1.0  3.75E-07  1.78E-06  2.54E-13  0.00
 4316 2.1580E+07    5 10791     183   1.0  3.75E-07  1.78E-06  7.45E-14  0.00
 4317 2.1585E+07    5 10793     183   1.0  3.75E-07  1.77E-06  1.86E-13  0.00
 4318 2.1590E+07    5 10796     183   1.0  3.75E-07  1.77E-06  1.12E-13  0.00
 4319 2.1595E+07    5 10798     183   1.0  3.74E-07  1.77E-06  1.57E-13  0.00
 4320 2.1600E+07    5 10801     183   1.0  3.74E-07  1.77E-06  1.91E-13  0.00
 4321 2.1605E+07    5 10803     183   1.0  3.74E-07  1.77E-06  1.49E-13  0.00
 4322 2.1610E+07    5 10806     183   1.0  3.74E-07  1.77E-06  1.24E-13  0.00
 4323 2.1615E+07    5 10808     183   1.0  3.74E-07  1.77E-06  1.57E-13  0.00
 4324 2.1620E+07    5 10811     183   1.0  3.74E-07  1.77E-06  1.31E-13  0.00
 4325 2.1625E+07    5 10813     183   1.0  3.74E-07  1.77E-06  4.38E-14  0.00
 4326 2.1630E+07    5 10816     183   1.0  3.74E-07  1.77E-06  2.10E-13  0.00
 4327 2.1635E+07    5 10818     183   1.0  3.74E-07  1.77E-06  2.04E-13  0.00
 4328 2.1640E+07    5 10821     183   1.0  3.74E-07  1.77E-06  7.45E-14  0.00
 4329 2.1645E+07    5 10823     183   1.0  3.73E-07  1.77E-06  2.22E-13  0.00
 4330 2.1650E+07    5 10826     183   1.0  3.73E-07  1.77E-06  1.22E-14  0.00
 4331 2.1655E+07    5 10828     183   1.0  3.73E-07  1.77E-06  1.97E-13  0.00
 4332 2.1660E+07    5 10831     183   1.0  3.73E-07  1.77E-06  3.26E-13  0.00
 4333 2.1665E+07    5 10833     183   1.0  3.73E-07  1.77E-06  7.09E-14  0.00
 4334 2.1670E+07    5 10836     183   1.0  3.73E-07  1.77E-06  1.24E-13  0.00
 4335 2.1675E+07    5 10838     183   1.0  3.73E-07  1.77E-06  3.24E-13  0.00
 4336 2.1680E+07    5 10841     183   1.0  3.73E-07  1.77E-06  2.08E-13  0.00
 4337 2.1685E+07    5 10843     183   1.0  3.73E-07  1.77E-06  5.05E-15  0.00
 4338 2.1690E+07    5 10846     183   1.0  3.73E-07  1.77E-06  9.74E-14  0.00
 4339 2.1695E+07    5 10848     183   1.0  3.73E-07  1.77E-06  7.34E-16  0.00
 4340 2.1700E+07    5 10851     183   1.0  3.72E-07  1.77E-06  1.34E-13  0.00
 4341 2.1705E+07    5 10853     183   1.0  3.72E-07  1.77E-06  1.94E-13  0.00
 4342 2.1710E+07    5 10856     183   1.0  3.67E-07  1.69E-06  1.13E-13  0.00
 4343 2.1715E+07    5 10858     183   1.0  3.66E-07  1.67E-06  1.24E-13  0.00
 4344 2.1720E+07    5 10861     183   1.0  3.66E-07  1.67E-06  1.28E-13  0.00
 4345 2.1725E+07    5 10863     183   1.0  3.66E-07  1.67E-06  1.32E-13  0.00
 4346 2.1730E+07    5 10866     183   1.0  3.66E-07  1.67E-06  4.79E-14  0.00
 4347 2.1735E+07    5 10868     183   1.0  3.66E-07  1.67E-06  3.49E-14  0.00
 4348 2.1740E+07    5 10871     182   1.0  3.65E-07  1.67E-06  6.28E-14  0.00
 4349 2.1745E+07    5 10873     182   1.0  3.65E-07  1.67E-06  1.94E-13  0.00
 4350 2.1750E+07    5 10876     182   1.0  3.65E-07  1.67E-06  2.12E-13  0.00
 4351 2.1755E+07    5 10878     182   1.0  3.65E-07  1.67E-06  2.27E-13  0.00
 4352 2.1760E+07    5 10881     182   1.0  3.65E-07  1.67E-06  1.16E-13  0.00
 4353 2.1765E+07    5 10883     181   1.0  3.65E-07  1.67E-06  9.27E-14  0.00
 4354 2.1770E+07    5 10886     181   1.0  3.65E-07  1.67E-06  1.98E-13  0.00
 4355 2.1775E+07    5 10888     181   1.0  3.65E-07  1.67E-06  4.80E-14  0.00
 4356 2.1780E+07    5 10891     181   1.0  3.65E-07  1.67E-06  2.81E-14  0.00
 4357 2.1785E+07    5 10893     181   1.0  3.65E-07  1.67E-06  2.38E-13  0.00
 4358 2.1790E+07    5 10896     181   1.0  3.65E-07  1.67E-06  6.69E-14  0.00
 4359 2.1795E+07    5 10898     181   1.0  3.65E-07  1.67E-06  6.67E-14  0.00
 4360 2.1800E+07    5 10901     181   1.0  3.65E-07  1.67E-06  1.85E-13  0.00
 4361 2.1805E+07    5 10903     181   1.0  3.65E-07  1.67E-06  7.57E-14  0.00
 4362 2.1810E+07    5 10906     181   1.0  3.64E-07  1.67E-06  4.62E-14  0.00
 4363 2.1815E+07    5 10908     181   1.0  3.64E-07  1.67E-06  1.17E-13  0.00
 4364 2.1820E+07    5 10911     181   1.0  3.64E-07  1.67E-06  3.00E-14  0.00
 4365 2.1825E+07    5 10913     181   1.0  3.64E-07  1.67E-06  1.37E-13  0.00
 4366 2.1830E+07    5 10916     181   1.0  3.64E-07  1.67E-06  9.10E-14  0.00
 4367 2.1835E+07    5 10918     181   1.0  3.64E-07  1.67E-06  1.64E-15  0.00
 4368 2.1840E+07    5 10921     181   1.0  3.64E-07  1.67E-06  1.19E-13  0.00
 4369 2.1845E+07    5 10923     181   1.0  3.64E-07  1.67E-06  1.62E-13  0.00
 4370 2.1850E+07    5 10926     181   1.0  3.64E-07  1.67E-06  8.18E-14  0.00
 4371 2.1855E+07    5 10928     181   1.0  3.64E-07  1.67E-06  1.20E-13  0.00
 4372 2.1860E+07    5 10931     181   1.0  3.64E-07  1.67E-06  8.87E-14  0.00
 4373 2.1865E+07    5 10933     181   1.0  3.64E-07  1.67E-06  9.18E-15  0.00
 4374 2.1870E+07    5 10936     181   1.0  3.64E-07  1.67E-06  1.29E-13  0.00
 4375 2.1875E+07    5 10938     181   1.0  3.63E-07  1.67E-06  9.75E-14  0.00
 4376 2.1880E+07    5 10941     181   1.0  3.63E-07  1.67E-06  7.08E-14  0.00
 4377 2.1885E+07    5 10943     181   1.0  3.63E-07  1.67E-06  9.40E-14  0.00
 4378 2.1890E+07    5 10946     181   1.0  3.63E-07  1.67E-06  3.79E-14  0.00
 4379 2.1895E+07    5 10948     181   1.0  3.63E-07  1.67E-06  8.86E-14  0.00
 4380 2.1900E+07    5 10951     181   1.0  3.63E-07  1.67E-06  4.96E-14  0.00
 4381 2.1905E+07    5 10953     181   1.0  3.63E-07  1.67E-06  9.76E-14  0.00
 4382 2.1910E+07    5 10956     181   1.0  3.63E-07  1.67E-06  4.35E-15  0.00
 4383 2.1915E+07    5 10958     181   1.0  3.63E-07  1.67E-06  3.86E-15  0.00
 4384 2.1920E+07    5 10961     181   1.0  3.63E-07  1.66E-06  1.14E-13  0.00
 4385 2.1925E+07    5 10963     181   1.0  3.63E-07  1.66E-06  1.89E-13  0.00
 4386 2.1930E+07    5 10966     181   1.0  3.63E-07  1.66E-06  1.18E-13  0.00
 4387 2.1935E+07    5 10968     181   1.0  3.63E-07  1.66E-06  2.30E-13  0.00
 4388 2.1940E+07    5 10971     181   1.0  3.62E-07  1.66E-06  9.13E-14  0.00
 4389 2.1945E+07    5 10973     181   1.0  3.62E-07  1.66E-06  6.14E-14  0.00
 4390 2.1950E+07    5 10976     181   1.0  3.62E-07  1.66E-06  2.11E-13  0.00
 4391 2.1955E+07    5 10978     181   1.0  3.62E-07  1.66E-06  1.57E-13  0.00
 4392 2.1960E+07    5 10981     181   1.0  3.62E-07  1.66E-06  1.90E-14  0.00
 4393 2.1965E+07    5 10983     181   1.0  3.62E-07  1.66E-06  9.12E-14  0.00
 4394 2.1970E+07    5 10986     181   1.0  3.62E-07  1.66E-06  7.14E-14  0.00
 4395 2.1975E+07    5 10988     181   1.0  3.62E-07  1.66E-06  7.15E-15  0.00
 4396 2.1980E+07    5 10991     181   1.0  3.62E-07  1.66E-06  6.74E-15  0.00
 4397 2.1985E+07    5 10993     181   1.0  3.62E-07  1.66E-06  1.66E-13  0.00
 4398 2.1990E+07    5 10996     181   1.0  3.62E-07  1.66E-06  4.50E-14  0.00
 4399 2.1995E+07    5 10998     181   1.0  3.62E-07  1.66E-06  7.95E-14  0.00
 4400 2.2000E+07    5 11001     181   1.0  3.62E-07  1.66E-06  2.55E-13  0.00
 4401 2.2005E+07    5 11003     181   1.0  3.62E-07  1.66E-06  1.26E-13  0.00
 4402 2.2010E+07    5 11006     181   1.0  3.61E-07  1.66E-06  1.32E-13  0.00
 4403 2.2015E+07    5 11008     181   1.0  3.61E-07  1.66E-06  7.47E-14  0.00
 4404 2.2020E+07    5 11011     181   1.0  3.61E-07  1.66E-06  2.94E-13  0.00
 4405 2.2025E+07    5 11013     181   1.0  3.61E-07  1.66E-06  1.65E-13  0.00
 4406 2.2030E+07    5 11016     181   1.0  3.61E-07  1.66E-06  4.02E-13  0.00
 4407 2.2035E+07    5 11018     181   1.0  3.61E-07  1.66E-06  5.50E-14  0.00
 4408 2.2040E+07    5 11021     181   1.0  3.61E-07  1.66E-06  2.02E-13  0.00
 4409 2.2045E+07    5 11023     181   1.0  3.61E-07  1.66E-06  1.07E-13  0.00
 4410 2.2050E+07    5 11026     181   1.0  3.61E-07  1.66E-06  1.02E-13  0.00
 4411 2.2055E+07    5 11028     181   1.0  3.61E-07  1.66E-06  5.93E-14  0.00
 4412 2.2060E+07    5 11031     181   1.0  3.61E-07  1.66E-06  6.29E-14  0.00
 4413 2.2065E+07    5 11033     181   1.0  3.61E-07  1.66E-06  1.44E-13  0.00
 4414 2.2070E+07    5 11036     181   1.0  3.61E-07  1.66E-06  4.23E-10  0.00
 4415 2.2075E+07    5 11038     181   1.0  3.35E-07  1.41E-06  9.99E-14  0.00
 4416 2.2080E+07    5 11041     181   1.0  3.33E-07  1.40E-06  5.29E-14  0.00
 4417 2.2085E+07    5 11043     181   1.0  3.33E-07  1.40E-06  9.98E-14  0.00
 4418 2.2090E+07    5 11046     181   1.0  3.33E-07  1.40E-06  4.12E-14  0.00
 4419 2.2095E+07    5 11048     181   1.0  3.33E-07  1.40E-06  1.39E-13  0.00
 4420 2.2100E+07    5 11051     181   1.0  3.33E-07  1.40E-06  1.10E-14  0.00
 4421 2.2105E+07    5 11053     181   1.0  3.33E-07  1.40E-06  2.40E-14  0.00
 4422 2.2110E+07    5 11056     181   1.0  3.33E-07  1.40E-06  2.45E-13  0.00
 4423 2.2115E+07    5 11058     181   1.0  3.33E-07  1.40E-06  1.07E-14  0.00
 4424 2.2120E+07    5 11061     181   1.0  3.33E-07  1.40E-06  4.87E-15  0.00
 4425 2.2125E+07    5 11063     181   1.0  3.33E-07  1.40E-06  8.49E-14  0.00
 4426 2.2130E+07    5 11066     181   1.0  3.33E-07  1.40E-06  2.26E-14  0.00
 4427 2.2135E+07    5 11068     181   1.0  3.33E-07  1.40E-06  8.18E-15  0.00
 4428 2.2140E+07    5 11071     181   1.0  3.33E-07  1.40E-06  1.60E-13  0.00
 4429 2.2145E+07    5 11073     181   1.0  3.33E-07  1.40E-06  6.86E-14  0.00
 4430 2.2150E+07    5 11076     181   1.0  3.33E-07  1.40E-06  4.37E-14  0.00
 4431 2.2155E+07    5 11078     181   1.0  3.33E-07  1.40E-06  1.31E-14  0.00
 4432 2.2160E+07    5 11081     181   1.0  3.33E-07  1.40E-06  2.26E-13  0.00
 4433 2.2165E+07    5 11083     181   1.0  3.33E-07  1.40E-06  6.26E-14  0.00
 4434 2.2170E+07    5 11086     181   1.0  3.33E-07  1.40E-06  4.96E-11  0.00
 4435 2.2175E+07    5 11088     181   1.0  3.15E-07  1.33E-06  5.37E-14  0.00
 4436 2.2180E+07    5 11091     181   1.0  3.15E-07  1.33E-06  3.94E-14  0.00
 4437 2.2185E+07    5 11093     181   1.0  3.15E-07  1.33E-06  1.25E-13  0.00
 4438 2.2190E+07    5 11096     181   1.0  3.15E-07  1.33E-06  2.76E-14  0.00
 4439 2.2195E+07    5 11098     181   1.0  3.15E-07  1.33E-06  1.07E-13  0.00
 4440 2.2200E+07    5 11101     181   1.0  3.15E-07  1.33E-06  1.10E-13  0.00
 4441 2.2205E+07    5 11103     181   1.0  3.15E-07  1.33E-06  7.10E-14  0.00
 4442 2.2210E+07    5 11106     181   1.0  3.24E-07  1.34E-06  1.06E-12  0.00
 4443 2.2215E+07    5 11108     181   1.0  3.56E-07  1.37E-06  2.23E-13  0.00
 4444 2.2220E+07    5 11111     181   1.0  3.56E-07  1.37E-06  1.13E-13  0.00
 4445 2.2225E+07    5 11113     181   1.0  3.55E-07  1.37E-06  2.49E-14  0.00
 4446 2.2230E+07    5 11116     181   1.0  3.55E-07  1.37E-06  1.98E-13  0.00
 4447 2.2235E+07    5 11118     181   1.0  3.55E-07  1.37E-06  1.52E-13  0.00
 4448 2.2240E+07    5 11121     181   1.0  3.55E-07  1.37E-06  1.26E-13  0.00
 4449 2.2245E+07    5 11123     181   1.0  3.55E-07  1.37E-06  2.04E-13  0.00
 4450 2.2250E+07    5 11126     181   1.0  3.55E-07  1.37E-06  1.30E-13  0.00
 4451 2.2255E+07    5 11128     181   1.0  3.55E-07  1.37E-06  1.32E-13  0.00
 4452 2.2260E+07    5 11131     181   1.0  3.54E-07  1.36E-06  2.32E-13  0.00
 4453 2.2265E+07    5 11133     181   1.0  3.54E-07  1.36E-06  9.80E-14  0.00
 4454 2.2270E+07    5 11136     181   1.0  3.54E-07  1.36E-06  2.01E-13  0.00
 4455 2.2275E+07    5 11138     181   1.0  3.54E-07  1.36E-06  1.57E-13  0.00
 4456 2.2280E+07    5 11141     181   1.0  3.54E-07  1.36E-06  9.03E-14  0.00
 4457 2.2285E+07    5 11143     181   1.0  3.54E-07  1.36E-06  1.24E-13  0.00
 4458 2.2290E+07    5 11146     181   1.0  3.54E-07  1.36E-06  5.49E-14  0.00
 4459 2.2295E+07    5 11148     181   1.0  3.54E-07  1.36E-06  1.72E-13  0.00
 4460 2.2300E+07    5 11151     181   1.0  3.53E-07  1.36E-06  2.27E-13  0.00
 4461 2.2305E+07    5 11153     181   1.0  3.53E-07  1.36E-06  2.61E-13  0.00
 4462 2.2310E+07    5 11156     181   1.0  3.53E-07  1.36E-06  5.34E-14  0.00
 4463 2.2315E+07    5 11158     181   1.0  3.53E-07  1.36E-06  1.09E-13  0.00
 4464 2.2320E+07    5 11161     181   1.0  3.53E-07  1.36E-06  2.02E-13  0.00
 4465 2.2325E+07    5 11163     181   1.0  3.53E-07  1.36E-06  1.37E-13  0.00
 4466 2.2330E+07    5 11166     181   1.0  3.53E-07  1.36E-06  7.67E-14  0.00
 4467 2.2335E+07    5 11168     181   1.0  3.52E-07  1.36E-06  3.53E-13  0.00
 4468 2.2340E+07    5 11171     181   1.0  3.52E-07  1.36E-06  3.64E-15  0.00
 4469 2.2345E+07    5 11173     181   1.0  3.52E-07  1.36E-06  1.99E-13  0.00
 4470 2.2350E+07    5 11176     181   1.0  3.52E-07  1.36E-06  1.68E-13  0.00
 4471 2.2355E+07    5 11178     181   1.0  3.52E-07  1.36E-06  8.44E-14  0.00
 4472 2.2360E+07    5 11181     181   1.0  3.52E-07  1.36E-06  2.69E-13  0.00
 4473 2.2365E+07    5 11183     181   1.0  3.52E-07  1.36E-06  2.36E-13  0.00
 4474 2.2370E+07    5 11186     181   1.0  3.52E-07  1.36E-06  1.37E-13  0.00
 4475 2.2375E+07    5 11188     181   1.0  3.51E-07  1.36E-06  1.23E-13  0.00
 4476 2.2380E+07    5 11191     181   1.0  3.51E-07  1.36E-06  2.05E-13  0.00
 4477 2.2385E+07    5 11193     181   1.0  3.51E-07  1.36E-06  1.91E-13  0.00
 4478 2.2390E+07    5 11196     181   1.0  3.51E-07  1.36E-06  2.65E-13  0.00
 4479 2.2395E+07    5 11198     181   1.0  3.51E-07  1.35E-06  1.77E-13  0.00
 4480 2.2400E+07    5 11201     181   1.0  3.51E-07  1.35E-06  2.49E-13  0.00
 4481 2.2405E+07    5 11203     181   1.0  3.51E-07  1.35E-06  1.55E-13  0.00
 4482 2.2410E+07    5 11206     181   1.0  3.51E-07  1.35E-06  4.84E-14  0.00
 4483 2.2415E+07    5 11208     181   1.0  3.50E-07  1.35E-06  1.29E-13  0.00
 4484 2.2420E+07    5 11211     180   1.0  3.50E-07  1.35E-06  1.73E-13  0.00
 4485 2.2425E+07    5 11213     180   1.0  3.50E-07  1.35E-06  2.77E-13  0.00
 4486 2.2430E+07    5 11216     180   1.0  3.50E-07  1.35E-06  3.22E-14  0.00
 4487 2.2435E+07    5 11218     180   1.0  3.50E-07  1.35E-06  4.63E-14  0.00
 4488 2.2440E+07    5 11221     180   1.0  3.50E-07  1.35E-06  1.70E-13  0.00
 4489 2.2445E+07    5 11223     180   1.0  3.50E-07  1.35E-06  1.40E-13  0.00
 4490 2.2450E+07    5 11226     180   1.0  3.50E-07  1.35E-06  2.10E-13  0.00
 4491 2.2455E+07    5 11228     180   1.0  3.49E-07  1.35E-06  1.51E-13  0.00
 4492 2.2460E+07    5 11231     180   1.0  3.49E-07  1.35E-06  1.70E-13  0.00
 4493 2.2465E+07    5 11233     180   1.0  3.49E-07  1.35E-06  3.27E-13  0.00
 4494 2.2470E+07    5 11236     180   1.0  3.49E-07  1.35E-06  5.85E-14  0.00
 4495 2.2475E+07    5 11238     180   1.0  3.49E-07  1.35E-06  1.30E-13  0.00
 4496 2.2480E+07    5 11241     180   1.0  3.49E-07  1.35E-06  4.66E-14  0.00
 4497 2.2485E+07    5 11243     180   1.0  3.49E-07  1.35E-06  1.09E-13  0.00
 4498 2.2490E+07    5 11246     180   1.0  3.48E-07  1.35E-06  7.34E-14  0.00
 4499 2.2495E+07    5 11248     180   1.0  3.48E-07  1.35E-06  2.30E-13  0.00
 4500 2.2500E+07    5 11251     180   1.0  3.48E-07  1.35E-06  9.36E-14  0.00
 4501 2.2505E+07    5 11253     180   1.0  3.48E-07  1.35E-06  1.52E-13  0.00
 4502 2.2510E+07    5 11256     180   1.0  3.48E-07  1.35E-06  2.18E-13  0.00
 4503 2.2515E+07    5 11258     180   1.0  3.48E-07  1.35E-06  1.20E-13  0.00
 4504 2.2520E+07    5 11261     180   1.0  3.48E-07  1.35E-06  5.89E-14  0.00
 4505 2.2525E+07    5 11263     180   1.0  3.48E-07  1.35E-06  1.99E-13  0.00
 4506 2.2530E+07    5 11266     180   1.0  3.47E-07  1.35E-06  3.18E-13  0.00
 4507 2.2535E+07    5 11268     180   1.0  3.47E-07  1.34E-06  5.79E-14  0.00
 4508 2.2540E+07    5 11271     180   1.0  3.47E-07  1.34E-06  2.36E-13  0.00
 4509 2.2545E+07    5 11273     180   1.0  3.47E-07  1.34E-06  1.57E-13  0.00
 4510 2.2550E+07    5 11276     180   1.0  3.47E-07  1.34E-06  6.20E-14  0.00
 4511 2.2555E+07    5 11278     180   1.0  3.47E-07  1.34E-06  9.07E-14  0.00
 4512 2.2560E+07    5 11281     180   1.0  3.47E-07  1.34E-06  1.43E-13  0.00
 4513 2.2565E+07    5 11283     180   1.0  3.47E-07  1.34E-06  6.70E-14  0.00
 4514 2.2570E+07    5 11286     180   1.0  3.46E-07  1.34E-06  1.26E-13  0.00
 4515 2.2575E+07    5 11288     180   1.0  3.46E-07  1.34E-06  6.43E-14  0.00
 4516 2.2580E+07    5 11291     180   1.0  3.46E-07  1.34E-06  3.79E-14  0.00
 4517 2.2585E+07    5 11293     180   1.0  3.46E-07  1.34E-06  4.96E-15  0.00
 4518 2.2590E+07    5 11296     180   1.0  3.46E-07  1.34E-06  1.34E-13  0.00
 4519 2.2595E+07    5 11298     180   1.0  3.46E-07  1.34E-06  9.36E-14  0.00
 4520 2.2600E+07    5 11301     180   1.0  3.46E-07  1.34E-06  7.78E-15  0.00
 4521 2.2605E+07    5 11303     180   1.0  3.46E-07  1.34E-06  9.52E-14  0.00
 4522 2.2610E+07    5 11306     180   1.0  3.45E-07  1.34E-06  2.54E-14  0.00
 4523 2.2615E+07    5 11308     180   1.0  3.45E-07  1.34E-06  1.35E-13  0.00
 4524 2.2620E+07    5 11311     180   1.0  3.45E-07  1.34E-06  1.52E-13  0.00
 4525 2.2625E+07    5 11313     180   1.0  3.42E-07  1.34E-06  8.43E-13  0.00
 4526 2.2630E+07    5 11316     180   1.0  3.30E-07  1.33E-06  1.87E-13  0.00
 4527 2.2635E+07    5 11318     180   1.0  3.30E-07  1.33E-06  1.28E-13  0.00
 4528 2.2640E+07    5 11321     180   1.0  3.30E-07  1.33E-06  2.50E-14  0.00
 4529 2.2645E+07    5 11323     180   1.0  3.30E-07  1.33E-06  3.47E-14  0.00
 4530 2.2650E+07    5 11326     180   1.0  3.30E-07  1.33E-06  7.22E-14  0.00
 4531 2.2655E+07    5 11328     180   1.0  3.30E-07  1.33E-06  2.54E-14  0.00
 4532 2.2660E+07    5 11331     180   1.0  3.30E-07  1.33E-06  1.00E-13  0.00
 4533 2.2665E+07    5 11333     180   1.0  3.30E-07  1.33E-06  1.90E-13  0.00
 4534 2.2670E+07    5 11336     180   1.0  3.30E-07  1.33E-06  1.06E-13  0.00
 4535 2.2675E+07    5 11338     180   1.0  3.29E-07  1.33E-06  1.41E-13  0.00
 4536 2.2680E+07    5 11341     180   1.0  3.29E-07  1.33E-06  5.42E-14  0.00
 4537 2.2685E+07    5 11343     180   1.0  3.29E-07  1.33E-06  9.79E-14  0.00
 4538 2.2690E+07    5 11346     180   1.0  3.29E-07  1.33E-06  1.34E-13  0.00
 4539 2.2695E+07    5 11348     180   1.0  3.29E-07  1.33E-06  1.06E-13  0.00
 4540 2.2700E+07    5 11351     180   1.0  3.29E-07  1.33E-06  4.28E-14  0.00
 4541 2.2705E+07    5 11353     180   1.0  3.29E-07  1.33E-06  1.67E-13  0.00
 4542 2.2710E+07    5 11356     180   1.0  3.29E-07  1.33E-06  1.45E-13  0.00
 4543 2.2715E+07    5 11358     180   1.0  3.29E-07  1.33E-06  7.68E-14  0.00
 4544 2.2720E+07    5 11361     180   1.0  3.29E-07  1.33E-06  7.92E-14  0.00
 4545 2.2725E+07    5 11363     180   1.0  3.28E-07  1.33E-06  1.57E-13  0.00
 4546 2.2730E+07    5 11366     180   1.0  3.28E-07  1.33E-06  7.97E-14  0.00
 4547 2.2735E+07    5 11368     180   1.0  3.28E-07  1.33E-06  2.05E-13  0.00
 4548 2.2740E+07    5 11371     180   1.0  3.28E-07  1.33E-06  7.98E-14  0.00
 4549 2.2745E+07    5 11373     180   1.0  3.28E-07  1.33E-06  2.80E-14  0.00
 4550 2.2750E+07    5 11376     180   1.0  3.28E-07  1.33E-06  1.74E-13  0.00
 4551 2.2755E+07    5 11378     180   1.0  3.28E-07  1.33E-06  3.85E-14  0.00
 4552 2.2760E+07    5 11381     180   1.0  3.28E-07  1.33E-06  1.16E-14  0.00
 4553 2.2765E+07    5 11383     180   1.0  3.28E-07  1.33E-06  6.88E-14  0.00
 4554 2.2770E+07    5 11386     180   1.0  3.28E-07  1.33E-06  1.79E-14  0.00
 4555 2.2775E+07    5 11388     180   1.0  3.27E-07  1.33E-06  4.31E-14  0.00
 4556 2.2780E+07    5 11391     180   1.0  3.27E-07  1.33E-06  7.23E-14  0.00
 4557 2.2785E+07    5 11393     180   1.0  3.27E-07  1.33E-06  7.26E-14  0.00
 4558 2.2790E+07    5 11396     180   1.0  3.27E-07  1.33E-06  1.14E-13  0.00
 4559 2.2795E+07    5 11398     180   1.0  3.27E-07  1.33E-06  1.33E-13  0.00
 4560 2.2800E+07    5 11401     180   1.0  3.27E-07  1.32E-06  1.73E-14  0.00
 4561 2.2805E+07    5 11403     180   1.0  3.27E-07  1.33E-06  1.15E-13  0.00
 4562 2.2810E+07    5 11406     180   1.0  3.29E-07  1.33E-06  1.97E-14  0.00
 4563 2.2815E+07    5 11408     180   1.0  3.29E-07  1.33E-06  2.31E-13  0.00
 4564 2.2820E+07    5 11411     180   1.0  3.29E-07  1.33E-06  4.96E-14  0.00
 4565 2.2825E+07    5 11413     180   1.0  3.29E-07  1.33E-06  6.98E-14  0.00
 4566 2.2830E+07    5 11416     180   1.0  3.28E-07  1.33E-06  2.29E-14  0.00
 4567 2.2835E+07    5 11418     180   1.0  3.28E-07  1.33E-06  2.53E-13  0.00
 4568 2.2840E+07    5 11421     180   1.0  3.28E-07  1.33E-06  1.24E-13  0.00
 4569 2.2845E+07    5 11423     180   1.0  3.28E-07  1.33E-06  8.97E-14  0.00
 4570 2.2850E+07    5 11426     180   1.0  3.28E-07  1.33E-06  1.20E-13  0.00
 4571 2.2855E+07    5 11428     180   1.0  3.28E-07  1.33E-06  4.36E-14  0.00
 4572 2.2860E+07    5 11431     180   1.0  3.28E-07  1.33E-06  1.93E-13  0.00
 4573 2.2865E+07    5 11433     180   1.0  3.28E-07  1.33E-06  7.63E-15  0.00
 4574 2.2870E+07    5 11436     180   1.0  3.28E-07  1.33E-06  1.44E-13  0.00
 4575 2.2875E+07    5 11438     180   1.0  3.28E-07  1.33E-06  2.53E-14  0.00
 4576 2.2880E+07    5 11441     180   1.0  3.34E-07  1.35E-06  9.98E-13  0.00
 4577 2.2885E+07    5 11443     180   1.0  3.49E-07  1.38E-06  1.16E-13  0.00
 4578 2.2890E+07    5 11446     180   1.0  3.49E-07  1.38E-06  1.30E-14  0.00
 4579 2.2895E+07    5 11448     180   1.0  3.49E-07  1.38E-06  6.81E-14  0.00
 4580 2.2900E+07    5 11451     180   1.0  3.49E-07  1.38E-06  7.81E-14  0.00
 4581 2.2905E+07    5 11453     180   1.0  3.49E-07  1.38E-06  6.85E-14  0.00
 4582 2.2910E+07    5 11456     180   1.0  3.48E-07  1.38E-06  8.33E-14  0.00
 4583 2.2915E+07    5 11458     180   1.0  3.48E-07  1.38E-06  1.30E-13  0.00
 4584 2.2920E+07    5 11461     180   1.0  3.48E-07  1.38E-06  1.50E-13  0.00
 4585 2.2925E+07    5 11463     180   1.0  3.48E-07  1.38E-06  2.44E-13  0.00
 4586 2.2930E+07    5 11466     180   1.0  3.48E-07  1.38E-06  3.69E-14  0.00
 4587 2.2935E+07    5 11468     180   1.0  3.53E-07  1.39E-06  1.55E-13  0.00
 4588 2.2940E+07    5 11471     180   1.0  3.54E-07  1.40E-06  5.44E-14  0.00
 4589 2.2945E+07    5 11473     180   1.0  3.54E-07  1.40E-06  1.39E-13  0.00
 4590 2.2950E+07    5 11476     180   1.0  3.54E-07  1.40E-06  1.29E-13  0.00
 4591 2.2955E+07    5 11478     180   1.0  3.54E-07  1.40E-06  2.98E-13  0.00
 4592 2.2960E+07    5 11481     180   1.0  3.54E-07  1.40E-06  1.58E-13  0.00
 4593 2.2965E+07    5 11483     180   1.0  3.54E-07  1.40E-06  2.34E-13  0.00
 4594 2.2970E+07    5 11486     180   1.0  3.54E-07  1.40E-06  9.86E-14  0.00
 4595 2.2975E+07    5 11488     180   1.0  3.54E-07  1.40E-06  5.77E-14  0.00
 4596 2.2980E+07    5 11491     180   1.0  3.53E-07  1.40E-06  1.04E-13  0.00
 4597 2.2985E+07    5 11493     180   1.0  3.53E-07  1.40E-06  1.32E-13  0.00
 4598 2.2990E+07    5 11496     180   1.0  3.53E-07  1.40E-06  1.56E-13  0.00
 4599 2.2995E+07    5 11498     181   1.0  3.53E-07  1.40E-06  1.52E-13  0.00
 4600 2.3000E+07    5 11501     181   1.0  3.53E-07  1.40E-06  3.52E-14  0.00
 4601 2.3005E+07    5 11503     181   1.0  3.53E-07  1.40E-06  1.11E-13  0.00
 4602 2.3010E+07    5 11506     181   1.0  3.53E-07  1.39E-06  6.56E-15  0.00
 4603 2.3015E+07    5 11508     181   1.0  3.85E-07  1.49E-06  1.06E-13  0.00
 4604 2.3020E+07    5 11511     181   1.0  3.83E-07  1.49E-06  4.32E-14  0.00
 4605 2.3025E+07    5 11513     181   1.0  3.83E-07  1.49E-06  9.29E-14  0.00
 4606 2.3030E+07    5 11516     181   1.0  3.83E-07  1.49E-06  1.16E-13  0.00
 4607 2.3035E+07    5 11518     181   1.0  3.83E-07  1.49E-06  1.88E-14  0.00
 4608 2.3040E+07    5 11521     181   1.0  3.83E-07  1.49E-06  1.38E-13  0.00
 4609 2.3045E+07    5 11523     181   1.0  3.83E-07  1.49E-06  7.19E-14  0.00
 4610 2.3050E+07    5 11526     181   1.0  3.82E-07  1.49E-06  2.21E-13  0.00
 4611 2.3055E+07    5 11528     181   1.0  3.82E-07  1.49E-06  1.75E-13  0.00
 4612 2.3060E+07    5 11531     181   1.0  3.82E-07  1.49E-06  7.64E-14  0.00
 4613 2.3065E+07    5 11533     181   1.0  3.82E-07  1.49E-06  5.59E-14  0.00
 4614 2.3070E+07    5 11536     181   1.0  3.82E-07  1.48E-06  1.28E-13  0.00
 4615 2.3075E+07    5 11538     181   1.0  3.82E-07  1.48E-06  1.43E-13  0.00
 4616 2.3080E+07    5 11541     181   1.0  3.82E-07  1.48E-06  2.01E-13  0.00
 4617 2.3085E+07    5 11543     181   1.0  3.82E-07  1.48E-06  1.86E-14  0.00
 4618 2.3090E+07    5 11546     181   1.0  3.81E-07  1.48E-06  2.26E-13  0.00
 4619 2.3095E+07    5 11548     181   1.0  3.81E-07  1.48E-06  4.71E-14  0.00
 4620 2.3100E+07    5 11551     181   1.0  3.81E-07  1.48E-06  2.71E-13  0.00
 4621 2.3105E+07    5 11553     181   1.0  3.81E-07  1.48E-06  2.20E-13  0.00
 4622 2.3110E+07    5 11556     181   1.0  3.81E-07  1.48E-06  1.48E-13  0.00
 4623 2.3115E+07    5 11558     181   1.0  3.81E-07  1.48E-06  1.69E-14  0.00
 4624 2.3120E+07    5 11561     181   1.0  3.81E-07  1.48E-06  1.13E-13  0.00
 4625 2.3125E+07    5 11563     181   1.0  3.81E-07  1.48E-06  5.27E-14  0.00
 4626 2.3130E+07    5 11566     181   1.0  3.80E-07  1.48E-06  8.67E-14  0.00
 4627 2.3135E+07    5 11568     181   1.0  3.80E-07  1.48E-06  8.24E-14  0.00
 4628 2.3140E+07    5 11571     181   1.0  3.80E-07  1.48E-06  2.40E-14  0.00
 4629 2.3145E+07    5 11573     181   1.0  3.80E-07  1.48E-06  6.72E-14  0.00
 4630 2.3150E+07    5 11576     181   1.0  3.80E-07  1.48E-06  1.20E-13  0.00
 4631 2.3155E+07    5 11578     181   1.0  3.80E-07  1.48E-06  7.68E-14  0.00
 4632 2.3160E+07    5 11581     181   1.0  3.80E-07  1.48E-06  1.99E-13  0.00
 4633 2.3165E+07    5 11583     181   1.0  3.80E-07  1.48E-06  9.89E-14  0.00
 4634 2.3170E+07    5 11586     181   1.0  3.79E-07  1.48E-06  4.00E-14  0.00
 4635 2.3175E+07    5 11588     181   1.0  3.79E-07  1.48E-06  1.95E-13  0.00
 4636 2.3180E+07    5 11591     181   1.0  3.79E-07  1.48E-06  2.51E-13  0.00
 4637 2.3185E+07    5 11593     181   1.0  3.79E-07  1.48E-06  2.40E-14  0.00
 4638 2.3190E+07    5 11596     181   1.0  3.79E-07  1.48E-06  1.15E-13  0.00
 4639 2.3195E+07    5 11598     181   1.0  3.79E-07  1.48E-06  3.11E-14  0.00
 4640 2.3200E+07    5 11601     181   1.0  3.79E-07  1.48E-06  1.33E-13  0.00
 4641 2.3205E+07    5 11603     181   1.0  3.79E-07  1.48E-06  2.25E-13  0.00
 4642 2.3210E+07    5 11606     181   1.0  3.79E-07  1.48E-06  6.95E-14  0.00
 4643 2.3215E+07    5 11608     181   1.0  3.78E-07  1.48E-06  2.57E-13  0.00
 4644 2.3220E+07    5 11611     181   1.0  3.78E-07  1.48E-06  1.78E-13  0.00
 4645 2.3225E+07    5 11613     181   1.0  3.78E-07  1.48E-06  2.17E-13  0.00
 4646 2.3230E+07    5 11616     181   1.0  3.78E-07  1.47E-06  1.36E-13  0.00
 4647 2.3235E+07    5 11618     181   1.0  3.78E-07  1.47E-06  4.78E-14  0.00
 4648 2.3240E+07    5 11621     181   1.0  3.78E-07  1.47E-06  1.71E-13  0.00
 4649 2.3245E+07    5 11623     181   1.0  3.78E-07  1.47E-06  1.10E-13  0.00
 4650 2.3250E+07    5 11626     181   1.0  3.78E-07  1.47E-06  2.10E-13  0.00
 4651 2.3255E+07    5 11628     181   1.0  3.77E-07  1.47E-06  2.13E-13  0.00
 4652 2.3260E+07    5 11631     181   1.0  3.77E-07  1.47E-06  1.88E-13  0.00
 4653 2.3265E+07    5 11633     181   1.0  3.77E-07  1.47E-06  1.60E-14  0.00
 4654 2.3270E+07    5 11636     181   1.0  3.77E-07  1.47E-06  1.00E-13  0.00
 4655 2.3275E+07    5 11638     181   1.0  3.77E-07  1.47E-06  8.93E-14  0.00
 4656 2.3280E+07    5 11641     181   1.0  3.70E-07  1.46E-06  1.48E-14  0.00
 4657 2.3285E+07    5 11643     181   1.0  3.65E-07  1.45E-06  8.44E-14  0.00
 4658 2.3290E+07    5 11646     181   1.0  3.65E-07  1.45E-06  1.30E-13  0.00
 4659 2.3295E+07    5 11648     181   1.0  3.65E-07  1.45E-06  1.90E-13  0.00
 4660 2.3300E+07    5 11651     181   1.0  3.65E-07  1.45E-06  4.01E-14  0.00
 4661 2.3305E+07    5 11653     181   1.0  3.65E-07  1.45E-06  1.87E-13  0.00
 4662 2.3310E+07    5 11656     181   1.0  3.65E-07  1.45E-06  2.75E-13  0.00
 4663 2.3315E+07    5 11658     181   1.0  3.65E-07  1.45E-06  1.10E-13  0.00
 4664 2.3320E+07    5 11661     181   1.0  3.65E-07  1.45E-06  7.00E-14  0.00
 4665 2.3325E+07    5 11663     181   1.0  3.64E-07  1.45E-06  1.26E-13  0.00
 4666 2.3330E+07    5 11666     181   1.0  3.64E-07  1.45E-06  2.08E-13  0.00
 4667 2.3335E+07    5 11668     181   1.0  3.64E-07  1.45E-06  1.31E-13  0.00
 4668 2.3340E+07    5 11671     181   1.0  3.64E-07  1.45E-06  1.29E-13  0.00
 4669 2.3345E+07    5 11673     181   1.0  3.64E-07  1.44E-06  2.16E-14  0.00
 4670 2.3350E+07    5 11676     181   1.0  3.64E-07  1.44E-06  1.35E-14  0.00
 4671 2.3355E+07    5 11678     181   1.0  3.64E-07  1.44E-06  1.05E-13  0.00
 4672 2.3360E+07    5 11681     181   1.0  3.64E-07  1.44E-06  6.15E-14  0.00
 4673 2.3365E+07    5 11683     181   1.0  3.63E-07  1.44E-06  1.41E-13  0.00
 4674 2.3370E+07    5 11686     181   1.0  3.63E-07  1.44E-06  6.96E-14  0.00
 4675 2.3375E+07    5 11688     181   1.0  3.63E-07  1.44E-06  1.26E-13  0.00
 4676 2.3380E+07    5 11691     181   1.0  3.63E-07  1.44E-06  9.93E-14  0.00
 4677 2.3385E+07    5 11693     181   1.0  3.63E-07  1.44E-06  1.18E-13  0.00
 4678 2.3390E+07    5 11696     181   1.0  3.63E-07  1.44E-06  1.15E-13  0.00
 4679 2.3395E+07    5 11698     181   1.0  3.63E-07  1.44E-06  2.68E-13  0.00
 4680 2.3400E+07    5 11701     181   1.0  3.63E-07  1.44E-06  9.32E-14  0.00
 4681 2.3405E+07    5 11703     181   1.0  3.63E-07  1.44E-06  1.15E-13  0.00
 4682 2.3410E+07    5 11706     181   1.0  3.62E-07  1.44E-06  2.11E-13  0.00
 4683 2.3415E+07    5 11708     181   1.0  3.62E-07  1.44E-06  5.02E-14  0.00
 4684 2.3420E+07    5 11711     181   1.0  3.62E-07  1.44E-06  1.69E-13  0.00
 4685 2.3425E+07    5 11713     181   1.0  3.62E-07  1.44E-06  1.68E-13  0.00
 4686 2.3430E+07    5 11716     181   1.0  3.62E-07  1.44E-06  3.38E-14  0.00
 4687 2.3435E+07    5 11718     181   1.0  3.62E-07  1.44E-06  2.20E-13  0.00
 4688 2.3440E+07    5 11721     181   1.0  3.62E-07  1.44E-06  9.49E-14  0.00
 4689 2.3445E+07    5 11723     181   1.0  3.62E-07  1.44E-06  1.32E-13  0.00
 4690 2.3450E+07    5 11726     181   1.0  3.62E-07  1.44E-06  1.46E-13  0.00
 4691 2.3455E+07    5 11728     181   1.0  3.61E-07  1.44E-06  1.26E-13  0.00
 4692 2.3460E+07    5 11731     181   1.0  3.61E-07  1.44E-06  1.80E-13  0.00
 4693 2.3465E+07    5 11733     181   1.0  3.61E-07  1.44E-06  7.09E-14  0.00
 4694 2.3470E+07    5 11736     181   1.0  3.61E-07  1.44E-06  2.84E-13  0.00
 4695 2.3475E+07    5 11738     181   1.0  3.61E-07  1.44E-06  1.93E-13  0.00
 4696 2.3480E+07    5 11741     181   1.0  3.61E-07  1.44E-06  6.39E-14  0.00
 4697 2.3485E+07    5 11743     181   1.0  3.61E-07  1.44E-06  1.76E-13  0.00
 4698 2.3490E+07    5 11746     181   1.0  3.61E-07  1.44E-06  1.34E-13  0.00
 4699 2.3495E+07    5 11748     181   1.0  3.60E-07  1.44E-06  9.21E-14  0.00
 4700 2.3500E+07    5 11751     181   1.0  3.60E-07  1.44E-06  1.05E-13  0.00
 4701 2.3505E+07    5 11753     181   1.0  3.60E-07  1.44E-06  6.71E-14  0.00
 4702 2.3510E+07    5 11756     181   1.0  3.60E-07  1.44E-06  3.49E-14  0.00
 4703 2.3515E+07    5 11758     181   1.0  3.60E-07  1.44E-06  1.68E-13  0.00
 4704 2.3520E+07    5 11761     181   1.0  3.60E-07  1.43E-06  1.08E-13  0.00
 4705 2.3525E+07    5 11763     181   1.0  3.60E-07  1.43E-06  6.08E-14  0.00
 4706 2.3530E+07    5 11766     181   1.0  3.60E-07  1.43E-06  1.97E-13  0.00
 4707 2.3535E+07    5 11768     181   1.0  3.60E-07  1.43E-06  7.97E-14  0.00
 4708 2.3540E+07    5 11771     181   1.0  3.59E-07  1.43E-06  4.77E-14  0.00
 4709 2.3545E+07    5 11773     181   1.0  3.59E-07  1.43E-06  1.41E-13  0.00
 4710 2.3550E+07    5 11776     181   1.0  3.59E-07  1.43E-06  4.68E-14  0.00
 4711 2.3555E+07    5 11778     181   1.0  3.59E-07  1.43E-06  1.71E-13  0.00
 4712 2.3560E+07    5 11781     181   1.0  3.59E-07  1.43E-06  1.01E-13  0.00
 4713 2.3565E+07    5 11783     181   1.0  3.59E-07  1.43E-06  1.32E-13  0.00
 4714 2.3570E+07    5 11786     181   1.0  3.59E-07  1.43E-06  1.96E-13  0.00
 4715 2.3575E+07    5 11788     181   1.0  3.59E-07  1.43E-06  8.04E-14  0.00
 4716 2.3580E+07    5 11791     181   1.0  3.59E-07  1.43E-06  1.21E-13  0.00
 4717 2.3585E+07    5 11793     181   1.0  3.58E-07  1.43E-06  7.89E-14  0.00
 4718 2.3590E+07    5 11796     181   1.0  3.58E-07  1.43E-06  1.70E-13  0.00
 4719 2.3595E+07    5 11798     181   1.0  3.58E-07  1.43E-06  1.90E-13  0.00
 4720 2.3600E+07    5 11801     181   1.0  3.58E-07  1.43E-06  1.76E-14  0.00
 4721 2.3605E+07    5 11803     181   1.0  3.58E-07  1.43E-06  3.71E-14  0.00
 4722 2.3610E+07    5 11806     181   1.0  3.58E-07  1.43E-06  1.30E-13  0.00
 4723 2.3615E+07    5 11808     181   1.0  3.58E-07  1.43E-06  2.43E-13  0.00
 4724 2.3620E+07    5 11811     181   1.0  3.58E-07  1.43E-06  5.71E-14  0.00
 4725 2.3625E+07    5 11813     181   1.0  3.57E-07  1.43E-06  2.22E-14  0.00
 4726 2.3630E+07    5 11816     181   1.0  3.57E-07  1.43E-06  7.72E-14  0.00
 4727 2.3635E+07    5 11818     181   1.0  3.57E-07  1.43E-06  8.35E-14  0.00
 4728 2.3640E+07    5 11821     181   1.0  3.57E-07  1.43E-06  6.16E-14  0.00
 4729 2.3645E+07    5 11823     181   1.0  3.57E-07  1.43E-06  2.69E-14  0.00
 4730 2.3650E+07    5 11826     181   1.0  3.57E-07  1.43E-06  9.03E-14  0.00
 4731 2.3655E+07    5 11828     181   1.0  3.57E-07  1.43E-06  9.01E-14  0.00
 4732 2.3660E+07    5 11831     181   1.0  3.57E-07  1.43E-06  1.15E-13  0.00
 4733 2.3665E+07    5 11833     181   1.0  3.57E-07  1.43E-06  1.99E-13  0.00
 4734 2.3670E+07    5 11836     181   1.0  3.56E-07  1.43E-06  2.58E-14  0.00
 4735 2.3675E+07    5 11838     181   1.0  3.56E-07  1.43E-06  6.83E-14  0.00
 4736 2.3680E+07    5 11841     181   1.0  3.56E-07  1.43E-06  1.24E-13  0.00
 4737 2.3685E+07    5 11843     181   1.0  3.56E-07  1.43E-06  1.64E-13  0.00
 4738 2.3690E+07    5 11846     181   1.0  3.56E-07  1.43E-06  1.66E-13  0.00
 4739 2.3695E+07    5 11848     181   1.0  3.56E-07  1.43E-06  1.01E-14  0.00
 4740 2.3700E+07    5 11851     181   1.0  3.56E-07  1.42E-06  8.53E-15  0.00
 4741 2.3705E+07    5 11853     181   1.0  3.56E-07  1.42E-06  3.83E-14  0.00
 4742 2.3710E+07    5 11856     181   1.0  3.56E-07  1.42E-06  5.60E-14  0.00
 4743 2.3715E+07    5 11858     181   1.0  3.55E-07  1.42E-06  4.14E-14  0.00
 4744 2.3720E+07    5 11861     181   1.0  3.55E-07  1.42E-06  9.96E-14  0.00
 4745 2.3725E+07    5 11863     181   1.0  3.55E-07  1.42E-06  7.14E-14  0.00
 4746 2.3730E+07    5 11866     181   1.0  3.55E-07  1.42E-06  2.17E-13  0.00
 4747 2.3735E+07    5 11868     181   1.0  3.55E-07  1.42E-06  1.08E-13  0.00
 4748 2.3740E+07    5 11871     181   1.0  3.55E-07  1.42E-06  9.06E-14  0.00
 4749 2.3745E+07    5 11873     181   1.0  3.83E-07  1.56E-06  8.11E-11  0.00
 4750 2.3750E+07    5 11876     181   1.0  5.67E-07  2.42E-06  4.02E-13  0.00
 4751 2.3755E+07    5 11878     181   1.0  5.67E-07  2.42E-06  8.38E-14  0.00
 4752 2.3760E+07    5 11881     181   1.0  5.66E-07  2.42E-06  4.02E-13  0.00
 4753 2.3765E+07    5 11883     181   1.0  5.66E-07  2.42E-06  5.57E-13  0.00
 4754 2.3770E+07    5 11886     181   1.0  5.65E-07  2.41E-06  2.20E-13  0.00
 4755 2.3775E+07    5 11888     181   1.0  5.64E-07  2.41E-06  5.95E-13  0.00
 4756 2.3780E+07    5 11891     181   1.0  5.64E-07  2.41E-06  2.98E-13  0.00
 4757 2.3785E+07    5 11893     181   1.0  5.42E-07  2.30E-06  5.58E-13  0.00
 4758 2.3790E+07    5 11896     181   1.0  5.02E-07  2.13E-06  2.58E-13  0.00
 4759 2.3795E+07    5 11898     181   1.0  5.02E-07  2.13E-06  4.86E-13  0.00
 4760 2.3800E+07    5 11901     181   1.0  5.02E-07  2.13E-06  1.21E-13  0.00
 4761 2.3805E+07    5 11903     181   1.0  5.01E-07  2.13E-06  3.04E-13  0.00
 4762 2.3810E+07    5 11906     181   1.0  5.01E-07  2.12E-06  2.36E-13  0.00
 4763 2.3815E+07    5 11908     181   1.0  5.01E-07  2.12E-06  9.03E-14  0.00
 4764 2.3820E+07    5 11911     181   1.0  5.01E-07  2.12E-06  3.94E-13  0.00
 4765 2.3825E+07    5 11913     181   1.0  5.00E-07  2.12E-06  3.02E-13  0.00
 4766 2.3830E+07    5 11916     181   1.0  5.00E-07  2.12E-06  3.28E-13  0.00
 4767 2.3835E+07    5 11918     181   1.0  5.00E-07  2.12E-06  3.47E-13  0.00
 4768 2.3840E+07    5 11921     181   1.0  4.99E-07  2.12E-06  2.45E-13  0.00
 4769 2.3845E+07    5 11923     181   1.0  4.99E-07  2.12E-06  1.99E-13  0.00
 4770 2.3850E+07    5 11926     181   1.0  4.99E-07  2.12E-06  7.94E-14  0.00
 4771 2.3855E+07    5 11928     181   1.0  4.98E-07  2.11E-06  3.57E-13  0.00
 4772 2.3860E+07    5 11931     181   1.0  4.98E-07  2.11E-06  2.52E-14  0.00
 4773 2.3865E+07    5 11933     181   1.0  4.98E-07  2.11E-06  2.23E-11  0.00
 4774 2.3870E+07    5 11936     181   1.0  4.96E-07  2.09E-06  5.47E-14  0.00
 4775 2.3875E+07    5 11938     181   1.0  4.95E-07  2.09E-06  6.63E-14  0.00
 4776 2.3880E+07    5 11941     181   1.0  4.95E-07  2.09E-06  3.84E-13  0.00
 4777 2.3885E+07    5 11943     180   1.0  4.95E-07  2.09E-06  3.11E-13  0.00
 4778 2.3890E+07    5 11946     180   1.0  4.94E-07  2.09E-06  3.21E-13  0.00
 4779 2.3895E+07    5 11948     180   1.0  4.94E-07  2.09E-06  1.66E-13  0.00
 4780 2.3900E+07    5 11951     180   1.0  4.94E-07  2.09E-06  2.10E-13  0.00
 4781 2.3905E+07    5 11953     180   1.0  4.93E-07  2.09E-06  3.19E-13  0.00
 4782 2.3910E+07    5 11956     180   1.0  5.62E-07  2.22E-06  3.25E-13  0.00
 4783 2.3915E+07    5 11958     180   1.0  5.69E-07  2.23E-06  1.96E-13  0.00
 4784 2.3920E+07    5 11961     180   1.0  5.69E-07  2.23E-06  1.37E-13  0.00
 4785 2.3925E+07    5 11963     180   1.0  5.69E-07  2.23E-06  1.28E-13  0.00
 4786 2.3930E+07    5 11966     180   1.0  5.68E-07  2.23E-06  1.73E-13  0.00
 4787 2.3935E+07    5 11968     180   1.0  5.68E-07  2.23E-06  1.92E-13  0.00
 4788 2.3940E+07    5 11971     180   1.0  5.68E-07  2.22E-06  1.87E-13  0.00
 4789 2.3945E+07    5 11973     180   1.0  5.77E-07  2.25E-06  2.37E-13  0.00
 4790 2.3950E+07    5 11976     180   1.0  5.81E-07  2.26E-06  2.32E-13  0.00
 4791 2.3955E+07    5 11978     180   1.0  5.80E-07  2.26E-06  2.33E-13  0.00
 4792 2.3960E+07    5 11981     180   1.0  5.79E-07  2.25E-06  2.45E-13  0.00
 4793 2.3965E+07    5 11983     180   1.0  5.79E-07  2.25E-06  2.87E-13  0.00
 4794 2.3970E+07    5 11986     180   1.0  5.78E-07  2.25E-06  3.00E-13  0.00
 4795 2.3975E+07    5 11988     180   1.0  5.78E-07  2.25E-06  3.23E-13  0.00
 4796 2.3980E+07    5 11991     180   1.0  5.78E-07  2.25E-06  2.53E-14  0.00
 4797 2.3985E+07    5 11993     180   1.0  5.78E-07  2.25E-06  1.50E-13  0.00
 4798 2.3990E+07    5 11996     180   1.0  5.77E-07  2.24E-06  2.52E-13  0.00
 4799 2.3995E+07    5 11998     180   1.0  5.77E-07  2.24E-06  1.99E-13  0.00
 4800 2.4000E+07    5 12001     180   1.0  5.77E-07  2.24E-06  2.05E-13  0.00
 4801 2.4005E+07    5 12003     180   1.0  5.76E-07  2.24E-06  2.34E-13  0.00
 4802 2.4010E+07    5 12006     180   1.0  5.76E-07  2.24E-06  2.30E-13  0.00
 4803 2.4015E+07    5 12008     180   1.0  5.76E-07  2.24E-06  2.30E-13  0.00
 4804 2.4020E+07    5 12011     180   1.0  5.76E-07  2.24E-06  1.44E-13  0.00
 4805 2.4025E+07    5 12013     180   1.0  5.75E-07  2.24E-06  1.03E-13  0.00
 4806 2.4030E+07    5 12016     180   1.0  5.75E-07  2.24E-06  2.13E-13  0.00
 4807 2.4035E+07    5 12018     180   1.0  5.75E-07  2.24E-06  2.53E-13  0.00
 4808 2.4040E+07    5 12021     180   1.0  5.75E-07  2.24E-06  1.65E-13  0.00
 4809 2.4045E+07    5 12023     180   1.0  5.75E-07  2.24E-06  1.86E-13  0.00
 4810 2.4050E+07    5 12026     180   1.0  5.74E-07  2.24E-06  3.89E-13  0.00
 4811 2.4055E+07    5 12028     180   1.0  5.74E-07  2.24E-06  2.61E-13  0.00
 4812 2.4060E+07    5 12031     180   1.0  5.74E-07  2.23E-06  2.07E-13  0.00
 4813 2.4065E+07    5 12033     180   1.0  5.74E-07  2.23E-06  2.28E-13  0.00
 4814 2.4070E+07    5 12036     180   1.0  5.73E-07  2.23E-06  1.28E-13  0.00
 4815 2.4075E+07    5 12038     180   1.0  5.73E-07  2.23E-06  2.54E-13  0.00
 4816 2.4080E+07    5 12041     180   1.0  5.73E-07  2.23E-06  2.26E-13  0.00
 4817 2.4085E+07    5 12043     180   1.0  5.72E-07  2.23E-06  3.31E-13  0.00
 4818 2.4090E+07    5 12046     180   1.0  5.72E-07  2.23E-06  1.40E-13  0.00
 4819 2.4095E+07    5 12048     180   1.0  5.72E-07  2.23E-06  1.94E-13  0.00
 4820 2.4100E+07    5 12051     180   1.0  5.72E-07  2.23E-06  1.27E-13  0.00
 4821 2.4105E+07    5 12053     180   1.0  5.71E-07  2.23E-06  2.04E-13  0.00
 4822 2.4110E+07    5 12056     180   1.0  5.71E-07  2.22E-06  1.54E-13  0.00
 4823 2.4115E+07    5 12058     180   1.0  5.71E-07  2.22E-06  1.57E-13  0.00
 4824 2.4120E+07    5 12061     180   1.0  5.70E-07  2.22E-06  2.02E-13  0.00
 4825 2.4125E+07    5 12063     180   1.0  5.70E-07  2.22E-06  3.93E-13  0.00
 4826 2.4130E+07    5 12066     180   1.0  5.70E-07  2.22E-06  1.39E-13  0.00
 4827 2.4135E+07    5 12068     180   1.0  5.70E-07  2.22E-06  3.06E-13  0.00
 4828 2.4140E+07    5 12071     180   1.0  5.69E-07  2.22E-06  2.77E-13  0.00
 4829 2.4145E+07    5 12073     180   1.0  5.69E-07  2.22E-06  2.46E-13  0.00
 4830 2.4150E+07    5 12076     180   1.0  5.69E-07  2.22E-06  2.18E-14  0.00
 4831 2.4155E+07    5 12078     180   1.0  5.68E-07  2.22E-06  7.42E-14  0.00
 4832 2.4160E+07    5 12081     180   1.0  5.68E-07  2.21E-06  3.09E-13  0.00
 4833 2.4165E+07    5 12083     180   1.0  5.68E-07  2.21E-06  2.80E-13  0.00
 4834 2.4170E+07    5 12086     180   1.0  5.68E-07  2.21E-06  1.59E-13  0.00
 4835 2.4175E+07    5 12088     180   1.0  5.67E-07  2.21E-06  2.28E-13  0.00
 4836 2.4180E+07    5 12091     180   1.0  5.67E-07  2.21E-06  1.78E-13  0.00
 4837 2.4185E+07    5 12093     180   1.0  5.67E-07  2.21E-06  1.63E-13  0.00
 4838 2.4190E+07    5 12096     180   1.0  5.66E-07  2.21E-06  1.97E-13  0.00
 4839 2.4195E+07    5 12098     180   1.0  5.66E-07  2.21E-06  9.50E-14  0.00
 4840 2.4200E+07    5 12101     180   1.0  4.87E-07  2.00E-06  5.99E-14  0.00
 4841 2.4205E+07    5 12103     180   1.0  4.64E-07  1.93E-06  2.03E-13  0.00
 4842 2.4210E+07    5 12106     180   1.0  4.64E-07  1.93E-06  2.18E-13  0.00
 4843 2.4215E+07    5 12108     180   1.0  4.64E-07  1.93E-06  9.85E-14  0.00
 4844 2.4220E+07    5 12111     180   1.0  4.63E-07  1.93E-06  1.74E-13  0.00
 4845 2.4225E+07    5 12113     180   1.0  4.63E-07  1.93E-06  2.20E-13  0.00
 4846 2.4230E+07    5 12116     180   1.0  4.63E-07  1.93E-06  1.85E-13  0.00
 4847 2.4235E+07    5 12118     180   1.0  4.62E-07  1.93E-06  1.46E-13  0.00
 4848 2.4240E+07    5 12121     180   1.0  4.62E-07  1.93E-06  6.63E-14  0.00
 4849 2.4245E+07    5 12123     180   1.0  4.62E-07  1.92E-06  2.37E-13  0.00
 4850 2.4250E+07    5 12126     180   1.0  4.62E-07  1.92E-06  2.91E-13  0.00
 4851 2.4255E+07    5 12128     180   1.0  4.61E-07  1.92E-06  1.21E-13  0.00
 4852 2.4260E+07    5 12131     180   1.0  4.61E-07  1.92E-06  1.30E-13  0.00
 4853 2.4265E+07    5 12133     180   1.0  4.61E-07  1.92E-06  2.29E-13  0.00
 4854 2.4270E+07    5 12136     180   1.0  4.60E-07  1.92E-06  1.59E-13  0.00
 4855 2.4275E+07    5 12138     180   1.0  4.60E-07  1.92E-06  7.19E-14  0.00
 4856 2.4280E+07    5 12141     180   1.0  4.60E-07  1.92E-06  1.37E-13  0.00
 4857 2.4285E+07    5 12143     180   1.0  4.59E-07  1.92E-06  1.09E-13  0.00
 4858 2.4290E+07    5 12146     180   1.0  4.59E-07  1.92E-06  2.35E-13  0.00
 4859 2.4295E+07    5 12148     180   1.0  4.59E-07  1.91E-06  2.92E-13  0.00
 4860 2.4300E+07    5 12151     179   1.0  4.58E-07  1.91E-06  1.97E-13  0.00
 4861 2.4305E+07    5 12153     179   1.0  4.58E-07  1.91E-06  1.34E-14  0.00
 4862 2.4310E+07    5 12156     179   1.0  4.58E-07  1.91E-06  2.22E-13  0.00
 4863 2.4315E+07    5 12158     179   1.0  4.58E-07  1.91E-06  1.22E-13  0.00
 4864 2.4320E+07    5 12161     179   1.0  4.57E-07  1.91E-06  6.87E-14  0.00
 4865 2.4325E+07    5 12163     179   1.0  4.57E-07  1.91E-06  1.69E-13  0.00
 4866 2.4330E+07    5 12166     179   1.0  4.57E-07  1.91E-06  6.83E-14  0.00
 4867 2.4335E+07    5 12168     179   1.0  4.56E-07  1.91E-06  2.03E-13  0.00
 4868 2.4340E+07    5 12171     179   1.0  4.56E-07  1.90E-06  4.13E-11  0.00
 4869 2.4345E+07    5 12173     179   1.0  4.66E-07  1.89E-06  2.87E-12  0.00
 4870 2.4350E+07    5 12176     179   1.0  4.66E-07  1.89E-06  1.13E-13  0.00
 4871 2.4355E+07    5 12178     179   1.0  4.66E-07  1.88E-06  2.75E-13  0.00
 4872 2.4360E+07    5 12181     179   1.0  4.65E-07  1.88E-06  2.59E-13  0.00
 4873 2.4365E+07    5 12183     179   1.0  4.65E-07  1.88E-06  1.50E-13  0.00
 4874 2.4370E+07    5 12186     179   1.0  4.65E-07  1.88E-06  9.03E-14  0.00
 4875 2.4375E+07    5 12188     179   1.0  4.64E-07  1.88E-06  1.73E-13  0.00
 4876 2.4380E+07    5 12191     179   1.0  4.64E-07  1.88E-06  1.81E-13  0.00
 4877 2.4385E+07    5 12193     179   1.0  4.64E-07  1.88E-06  2.56E-13  0.00
 4878 2.4390E+07    5 12196     179   1.0  4.63E-07  1.88E-06  2.42E-13  0.00
 4879 2.4395E+07    5 12198     179   1.0  4.63E-07  1.88E-06  2.52E-13  0.00
 4880 2.4400E+07    5 12201     179   1.0  4.63E-07  1.88E-06  1.84E-13  0.00
 4881 2.4405E+07    5 12203     179   1.0  4.62E-07  1.87E-06  6.07E-14  0.00
 4882 2.4410E+07    5 12206     179   1.0  4.62E-07  1.87E-06  1.74E-13  0.00
 4883 2.4415E+07    5 12208     179   1.0  4.62E-07  1.87E-06  1.97E-13  0.00
 4884 2.4420E+07    5 12211     179   1.0  4.61E-07  1.87E-06  1.46E-13  0.00
 4885 2.4425E+07    5 12213     179   1.0  4.61E-07  1.87E-06  6.53E-14  0.00
 4886 2.4430E+07    5 12216     179   1.0  4.61E-07  1.87E-06  1.26E-13  0.00
 4887 2.4435E+07    5 12218     179   1.0  4.60E-07  1.87E-06  1.51E-13  0.00
 4888 2.4440E+07    5 12221     179   1.0  4.60E-07  1.87E-06  1.30E-13  0.00
 4889 2.4445E+07    5 12223     179   1.0  4.60E-07  1.87E-06  2.45E-13  0.00
 4890 2.4450E+07    5 12226     179   1.0  4.59E-07  1.87E-06  1.13E-13  0.00
 4891 2.4455E+07    5 12228     179   1.0  4.59E-07  1.86E-06  1.48E-13  0.00
 4892 2.4460E+07    5 12231     179   1.0  4.59E-07  1.86E-06  2.09E-13  0.00
 4893 2.4465E+07    5 12233     179   1.0  4.51E-07  1.83E-06  5.46E-13  0.00
 4894 2.4470E+07    5 12236     179   1.0  4.47E-07  1.81E-06  1.54E-13  0.00
 4895 2.4475E+07    5 12238     179   1.0  4.47E-07  1.81E-06  4.82E-14  0.00
 4896 2.4480E+07    5 12241     179   1.0  4.46E-07  1.81E-06  8.01E-14  0.00
 4897 2.4485E+07    5 12243     179   1.0  4.46E-07  1.81E-06  1.26E-13  0.00
 4898 2.4490E+07    5 12246     179   1.0  4.46E-07  1.81E-06  7.29E-14  0.00
 4899 2.4495E+07    5 12248     179   1.0  4.45E-07  1.81E-06  4.31E-14  0.00
 4900 2.4500E+07    5 12251     179   1.0  4.45E-07  1.81E-06  1.65E-13  0.00
 4901 2.4505E+07    5 12253     179   1.0  4.45E-07  1.81E-06  1.88E-13  0.00
 4902 2.4510E+07    5 12256     179   1.0  4.44E-07  1.81E-06  1.97E-13  0.00
 4903 2.4515E+07    5 12258     179   1.0  4.44E-07  1.81E-06  1.60E-13  0.00
 4904 2.4520E+07    5 12261     179   1.0  4.44E-07  1.80E-06  5.89E-14  0.00
 4905 2.4525E+07    5 12263     179   1.0  4.43E-07  1.80E-06  9.01E-14  0.00
 4906 2.4530E+07    5 12266     179   1.0  4.43E-07  1.80E-06  1.68E-13  0.00
 4907 2.4535E+07    5 12268     179   1.0  4.43E-07  1.80E-06  1.46E-13  0.00
 4908 2.4540E+07    5 12271     179   1.0  4.43E-07  1.80E-06  1.26E-13  0.00
 4909 2.4545E+07    5 12273     179   1.0  4.42E-07  1.80E-06  1.23E-13  0.00
 4910 2.4550E+07    5 12276     179   1.0  4.42E-07  1.80E-06  1.44E-13  0.00
 4911 2.4555E+07    5 12278     179   1.0  4.42E-07  1.80E-06  8.16E-14  0.00
 4912 2.4560E+07    5 12281     179   1.0  4.41E-07  1.80E-06  9.03E-14  0.00
 4913 2.4565E+07    5 12283     179   1.0  4.41E-07  1.80E-06  2.15E-13  0.00
 4914 2.4570E+07    5 12286     179   1.0  4.41E-07  1.79E-06  1.76E-13  0.00
 4915 2.4575E+07    5 12288     179   1.0  4.40E-07  1.79E-06  9.46E-14  0.00
 4916 2.4580E+07    5 12291     179   1.0  4.40E-07  1.79E-06  1.04E-14  0.00
 4917 2.4585E+07    5 12293     179   1.0  4.40E-07  1.79E-06  1.89E-13  0.00
 4918 2.4590E+07    5 12296     179   1.0  4.40E-07  1.79E-06  1.84E-13  0.00
 4919 2.4595E+07    5 12298     179   1.0  4.39E-07  1.79E-06  2.01E-13  0.00
 4920 2.4600E+07    5 12301     179   1.0  4.39E-07  1.79E-06  1.98E-13  0.00
 4921 2.4605E+07    5 12303     179   1.0  4.39E-07  1.79E-06  2.24E-13  0.00
 4922 2.4610E+07    5 12306     179   1.0  4.38E-07  1.79E-06  1.56E-13  0.00
 4923 2.4615E+07    5 12308     179   1.0  4.38E-07  1.79E-06  2.47E-14  0.00
 4924 2.4620E+07    5 12311     179   1.0  4.38E-07  1.78E-06  2.14E-13  0.00
 4925 2.4625E+07    5 12313     179   1.0  4.37E-07  1.78E-06  1.97E-13  0.00
 4926 2.4630E+07    5 12316     179   1.0  4.37E-07  1.78E-06  2.77E-13  0.00
 4927 2.4635E+07    5 12318     179   1.0  4.37E-07  1.78E-06  4.57E-14  0.00
 4928 2.4640E+07    5 12321     179   1.0  4.37E-07  1.78E-06  1.72E-13  0.00
 4929 2.4645E+07    5 12323     179   1.0  4.36E-07  1.78E-06  2.01E-13  0.00
 4930 2.4650E+07    5 12326     179   1.0  4.36E-07  1.78E-06  5.18E-14  0.00
 4931 2.4655E+07    5 12328     179   1.0  4.36E-07  1.78E-06  9.87E-14  0.00
 4932 2.4660E+07    5 12331     179   1.0  4.35E-07  1.78E-06  2.16E-13  0.00
 4933 2.4665E+07    5 12333     179   1.0  4.35E-07  1.78E-06  3.31E-14  0.00
 4934 2.4670E+07    5 12336     179   1.0  4.35E-07  1.78E-06  6.05E-14  0.00
 4935 2.4675E+07    5 12338     179   1.0  4.34E-07  1.77E-06  9.05E-15  0.00
 4936 2.4680E+07    5 12341     179   1.0  4.34E-07  1.77E-06  1.20E-13  0.00
 4937 2.4685E+07    5 12343     179   1.0  4.34E-07  1.77E-06  1.13E-13  0.00
 4938 2.4690E+07    5 12346     179   1.0  4.34E-07  1.77E-06  7.71E-14  0.00
 4939 2.4695E+07    5 12348     179   1.0  4.33E-07  1.77E-06  1.55E-13  0.00
 4940 2.4700E+07    5 12351     179   1.0  4.66E-07  1.86E-06  3.43E-13  0.00
 4941 2.4705E+07    5 12353     179   1.0  4.67E-07  1.86E-06  3.42E-13  0.00
 4942 2.4710E+07    5 12356     179   1.0  4.66E-07  1.86E-06  1.10E-13  0.00
 4943 2.4715E+07    5 12358     179   1.0  4.66E-07  1.86E-06  4.27E-16  0.00
 4944 2.4720E+07    5 12361     179   1.0  4.66E-07  1.86E-06  2.90E-13  0.00
 4945 2.4725E+07    5 12363     179   1.0  4.65E-07  1.86E-06  7.51E-14  0.00
 4946 2.4730E+07    5 12366     179   1.0  4.65E-07  1.86E-06  2.66E-13  0.00
 4947 2.4735E+07    5 12368     179   1.0  4.65E-07  1.85E-06  1.58E-13  0.00
 4948 2.4740E+07    5 12371     179   1.0  4.65E-07  1.85E-06  2.56E-13  0.00
 4949 2.4745E+07    5 12373     179   1.0  4.64E-07  1.85E-06  5.84E-14  0.00
 4950 2.4750E+07    5 12376     179   1.0  4.64E-07  1.85E-06  2.79E-13  0.00
 4951 2.4755E+07    5 12378     179   1.0  4.64E-07  1.85E-06  3.50E-13  0.00
 4952 2.4760E+07    5 12381     179   1.0  4.63E-07  1.85E-06  1.54E-13  0.00
 4953 2.4765E+07    5 12383     179   1.0  4.63E-07  1.85E-06  2.27E-13  0.00
 4954 2.4770E+07    5 12386     179   1.0  4.63E-07  1.85E-06  2.06E-13  0.00
 4955 2.4775E+07    5 12388     179   1.0  4.63E-07  1.85E-06  2.08E-13  0.00
 4956 2.4780E+07    5 12391     179   1.0  4.62E-07  1.85E-06  1.72E-13  0.00
 4957 2.4785E+07    5 12393     179   1.0  4.62E-07  1.84E-06  2.19E-13  0.00
 4958 2.4790E+07    5 12396     179   1.0  4.62E-07  1.84E-06  1.26E-14  0.00
 4959 2.4795E+07    5 12398     179   1.0  4.61E-07  1.84E-06  1.02E-15  0.00
 4960 2.4800E+07    5 12401     179   1.0  4.61E-07  1.84E-06  9.57E-14  0.00
 4961 2.4805E+07    5 12403     179   1.0  4.61E-07  1.84E-06  1.46E-13  0.00
 4962 2.4810E+07    5 12406     179   1.0  4.61E-07  1.84E-06  1.23E-13  0.00
 4963 2.4815E+07    5 12408     179   1.0  4.60E-07  1.84E-06  2.84E-14  0.00
 4964 2.4820E+07    5 12411     179   1.0  4.60E-07  1.84E-06  2.44E-13  0.00
 4965 2.4825E+07    5 12413     179   1.0  4.60E-07  1.84E-06  1.07E-13  0.00
 4966 2.4830E+07    5 12416     179   1.0  4.59E-07  1.84E-06  9.53E-14  0.00
 4967 2.4835E+07    5 12418     179   1.0  4.59E-07  1.84E-06  1.78E-13  0.00
 4968 2.4840E+07    5 12421     179   1.0  4.59E-07  1.83E-06  5.25E-14  0.00
 4969 2.4845E+07    5 12423     179   1.0  4.59E-07  1.83E-06  7.87E-14  0.00
 4970 2.4850E+07    5 12426     179   1.0  4.58E-07  1.83E-06  1.15E-13  0.00
 4971 2.4855E+07    5 12428     179   1.0  4.58E-07  1.83E-06  2.74E-13  0.00
 4972 2.4860E+07    5 12431     179   1.0  4.58E-07  1.83E-06  9.78E-14  0.00
 4973 2.4865E+07    5 12433     179   1.0  4.57E-07  1.83E-06  2.40E-13  0.00
 4974 2.4870E+07    5 12436     179   1.0  4.57E-07  1.83E-06  1.51E-13  0.00
 4975 2.4875E+07    5 12438     179   1.0  4.57E-07  1.83E-06  1.59E-13  0.00
 4976 2.4880E+07    5 12441     179   1.0  4.57E-07  1.83E-06  1.29E-13  0.00
 4977 2.4885E+07    5 12443     179   1.0  4.56E-07  1.83E-06  1.87E-13  0.00
 4978 2.4890E+07    5 12446     179   1.0  4.56E-07  1.82E-06  1.54E-13  0.00
 4979 2.4895E+07    5 12448     178   1.0  4.56E-07  1.82E-06  1.45E-13  0.00
 4980 2.4900E+07    5 12451     178   1.0  4.55E-07  1.82E-06  1.87E-13  0.00
 4981 2.4905E+07    5 12453     178   1.0  4.55E-07  1.82E-06  1.62E-13  0.00
 4982 2.4910E+07    5 12456     178   1.0  4.55E-07  1.82E-06  1.03E-13  0.00
 4983 2.4915E+07    5 12458     178   1.0  4.55E-07  1.82E-06  1.10E-13  0.00
 4984 2.4920E+07    5 12461     178   1.0  4.54E-07  1.82E-06  1.34E-13  0.00
 4985 2.4925E+07    5 12463     178   1.0  4.54E-07  1.82E-06  2.41E-13  0.00
 4986 2.4930E+07    5 12466     178   1.0  4.54E-07  1.82E-06  2.16E-14  0.00
 4987 2.4935E+07    5 12468     178   1.0  4.53E-07  1.82E-06  1.32E-13  0.00
 4988 2.4940E+07    5 12471     178   1.0  4.53E-07  1.82E-06  2.93E-13  0.00
 4989 2.4945E+07    5 12473     178   1.0  4.53E-07  1.81E-06  1.12E-13  0.00
 4990 2.4950E+07    5 12476     178   1.0  4.53E-07  1.81E-06  1.23E-13  0.00
 4991 2.4955E+07    5 12478     178   1.0  4.52E-07  1.81E-06  1.71E-13  0.00
 4992 2.4960E+07    5 12481     178   1.0  4.52E-07  1.81E-06  4.34E-14  0.00
 4993 2.4965E+07    5 12483     178   1.0  4.52E-07  1.81E-06  1.08E-13  0.00
 4994 2.4970E+07    5 12486     178   1.0  4.51E-07  1.81E-06  1.20E-13  0.00
 4995 2.4975E+07    5 12488     178   1.0  4.51E-07  1.81E-06  1.58E-13  0.00
 4996 2.4980E+07    5 12491     178   1.0  4.51E-07  1.81E-06  1.47E-13  0.00
 4997 2.4985E+07    5 12493     178   1.0  4.51E-07  1.81E-06  1.77E-13  0.00
 4998 2.4990E+07    5 12496     178   1.0  4.50E-07  1.81E-06  1.91E-13  0.00
 4999 2.4995E+07    5 12498     178   1.0  4.50E-07  1.80E-06  1.98E-13  0.00
 5000 2.5000E+07    5 12501     178   1.0  4.50E-07  1.80E-06  2.52E-13  0.00
 5001 2.5005E+07    5 12503     178   1.0  4.49E-07  1.80E-06  1.67E-13  0.00
 5002 2.5010E+07    5 12506     178   1.0  4.49E-07  1.80E-06  5.86E-14  0.00
 5003 2.5015E+07    5 12508     178   1.0  4.49E-07  1.80E-06  2.46E-13  0.00
 5004 2.5020E+07    5 12511     178   1.0  4.49E-07  1.80E-06  1.15E-13  0.00
 5005 2.5025E+07    5 12513     178   1.0  4.48E-07  1.80E-06  1.09E-13  0.00
 5006 2.5030E+07    5 12516     178   1.0  4.48E-07  1.80E-06  2.83E-13  0.00
 5007 2.5035E+07    5 12518     178   1.0  4.48E-07  1.80E-06  2.79E-13  0.00
 5008 2.5040E+07    5 12521     178   1.0  4.48E-07  1.80E-06  1.15E-13  0.00
 5009 2.5045E+07    5 12523     178   1.0  4.47E-07  1.80E-06  1.19E-13  0.00
 5010 2.5050E+07    5 12526     178   1.0  4.47E-07  1.79E-06  1.68E-13  0.00
 5011 2.5055E+07    5 12528     178   1.0  4.47E-07  1.79E-06  1.30E-13  0.00
 5012 2.5060E+07    5 12531     178   1.0  4.46E-07  1.79E-06  1.71E-13  0.00
 5013 2.5065E+07    5 12533     178   1.0  4.46E-07  1.79E-06  6.99E-14  0.00
 5014 2.5070E+07    5 12536     178   1.0  4.46E-07  1.79E-06  1.74E-13  0.00
 5015 2.5075E+07    5 12538     178   1.0  4.46E-07  1.79E-06  9.62E-14  0.00
 5016 2.5080E+07    5 12541     178   1.0  4.45E-07  1.79E-06  3.29E-13  0.00
 5017 2.5085E+07    5 12543     178   1.0  4.45E-07  1.79E-06  1.11E-13  0.00
 5018 2.5090E+07    5 12546     178   1.0  4.45E-07  1.79E-06  9.87E-14  0.00
 5019 2.5095E+07    5 12548     178   1.0  4.45E-07  1.79E-06  1.10E-13  0.00
 5020 2.5100E+07    5 12551     178   1.0  4.44E-07  1.79E-06  1.18E-13  0.00
 5021 2.5105E+07    5 12553     178   1.0  4.44E-07  1.78E-06  1.51E-13  0.00
 5022 2.5110E+07    5 12556     178   1.0  4.44E-07  1.78E-06  2.67E-14  0.00
 5023 2.5115E+07    5 12558     178   1.0  4.43E-07  1.78E-06  2.33E-13  0.00
 5024 2.5120E+07    5 12561     178   1.0  4.43E-07  1.78E-06  1.70E-13  0.00
 5025 2.5125E+07    5 12563     178   1.0  4.43E-07  1.78E-06  7.10E-15  0.00
 5026 2.5130E+07    5 12566     178   1.0  4.43E-07  1.78E-06  2.90E-14  0.00
 5027 2.5135E+07    5 12568     178   1.0  4.42E-07  1.78E-06  5.61E-14  0.00
 5028 2.5140E+07    5 12571     178   1.0  4.42E-07  1.78E-06  2.48E-13  0.00
 5029 2.5145E+07    5 12573     178   1.0  4.42E-07  1.78E-06  9.54E-14  0.00
 5030 2.5150E+07    5 12576     178   1.0  4.42E-07  1.78E-06  9.91E-14  0.00
 5031 2.5155E+07    5 12578     178   1.0  4.41E-07  1.78E-06  1.29E-13  0.00
 5032 2.5160E+07    5 12581     178   1.0  4.41E-07  1.77E-06  2.56E-13  0.00
 5033 2.5165E+07    5 12583     178   1.0  4.41E-07  1.77E-06  2.02E-13  0.00
 5034 2.5170E+07    5 12586     178   1.0  4.40E-07  1.77E-06  2.94E-14  0.00
 5035 2.5175E+07    5 12588     178   1.0  4.40E-07  1.77E-06  1.03E-13  0.00
 5036 2.5180E+07    5 12591     178   1.0  4.40E-07  1.77E-06  1.91E-13  0.00
 5037 2.5185E+07    5 12593     178   1.0  4.40E-07  1.77E-06  1.02E-13  0.00
 5038 2.5190E+07    5 12596     178   1.0  4.48E-07  1.80E-06  6.19E-13  0.00
 5039 2.5195E+07    5 12598     178   1.0  4.58E-07  1.84E-06  1.37E-13  0.00
 5040 2.5200E+07    5 12601     178   1.0  4.58E-07  1.84E-06  1.93E-13  0.00
 5041 2.5205E+07    5 12603     178   1.0  4.57E-07  1.84E-06  2.12E-13  0.00
 5042 2.5210E+07    5 12606     178   1.0  4.57E-07  1.84E-06  8.50E-14  0.00
 5043 2.5215E+07    5 12608     178   1.0  4.57E-07  1.84E-06  1.12E-13  0.00
 5044 2.5220E+07    5 12611     178   1.0  4.57E-07  1.84E-06  2.04E-13  0.00
 5045 2.5225E+07    6 12613     178   1.0  4.56E-07  1.84E-06  4.56E-14  0.00
 5046 2.5230E+07    6 12616     178   1.0  1.86E-07  7.52E-07  3.31E-14  0.00
 5047 2.5235E+07    6 12618     178   1.0  1.82E-07  7.35E-07  1.39E-14  0.00
 5048 2.5240E+07    6 12621     178   1.0  1.82E-07  7.34E-07  2.65E-15  0.00
 5049 2.5245E+07    6 12623     178   1.0  1.82E-07  7.34E-07  2.16E-14  0.00
 5050 2.5250E+07    6 12626     178   1.0  1.82E-07  7.34E-07  2.07E-14  0.00
 5051 2.5255E+07    6 12628     178   1.0  1.82E-07  7.34E-07  4.05E-14  0.00
 5052 2.5260E+07    6 12631     178   1.0  1.82E-07  7.34E-07  2.16E-14  0.00
 5053 2.5265E+07    6 12633     178   1.0  1.82E-07  7.34E-07  4.77E-14  0.00
 5054 2.5270E+07    6 12636     178   1.0  1.82E-07  7.34E-07  1.48E-14  0.00
 5055 2.5275E+07    6 12638     178   1.0  1.82E-07  7.33E-07  2.57E-15  0.00
 5056 2.5280E+07    6 12641     178   1.0  1.82E-07  7.33E-07  1.94E-14  0.00
 5057 2.5285E+07    6 12643     178   1.0  1.82E-07  7.33E-07  1.47E-14  0.00
 5058 2.5290E+07    6 12646     178   1.0  1.82E-07  7.33E-07  3.89E-14  0.00
 5059 2.5295E+07    6 12648     178   1.0  1.82E-07  7.33E-07  2.19E-14  0.00
 5060 2.5300E+07    6 12651     178   1.0  1.82E-07  7.33E-07  3.80E-14  0.00
 5061 2.5305E+07    6 12653     178   1.0  1.82E-07  7.33E-07  2.63E-14  0.00
 5062 2.5310E+07    6 12656     178   1.0  1.82E-07  7.33E-07  1.69E-14  0.00
 5063 2.5315E+07    6 12658     178   1.0  1.82E-07  7.32E-07  3.41E-14  0.00
 5064 2.5320E+07    6 12661     178   1.0  1.82E-07  7.32E-07  2.65E-14  0.00
 5065 2.5325E+07    6 12663     178   1.0  1.82E-07  7.32E-07  1.28E-14  0.00
 5066 2.5330E+07    6 12666     178   1.0  1.82E-07  7.32E-07  2.49E-14  0.00
 5067 2.5335E+07    6 12668     178   1.0  1.82E-07  7.32E-07  1.29E-14  0.00
 5068 2.5340E+07    6 12671     178   1.0  1.82E-07  7.32E-07  3.61E-14  0.00
 5069 2.5345E+07    6 12673     178   1.0  1.82E-07  7.32E-07  3.11E-14  0.00
 5070 2.5350E+07    6 12676     178   1.0  1.82E-07  7.32E-07  1.46E-14  0.00
 5071 2.5355E+07    6 12678     178   1.0  1.82E-07  7.31E-07  2.52E-14  0.00
 5072 2.5360E+07    6 12681     178   1.0  1.82E-07  7.31E-07  3.34E-15  0.00
 5073 2.5365E+07    6 12683     178   1.0  1.82E-07  7.31E-07  2.69E-14  0.00
 5074 2.5370E+07    6 12686     178   1.0  1.82E-07  7.31E-07  3.00E-14  0.00
 5075 2.5375E+07    6 12688     178   1.0  1.82E-07  7.31E-07  1.13E-14  0.00
 5076 2.5380E+07    6 12691     178   1.0  1.82E-07  7.31E-07  3.00E-14  0.00
 5077 2.5385E+07    6 12693     178   1.0  1.81E-07  7.31E-07  4.47E-14  0.00
 5078 2.5390E+07    6 12696     178   1.0  1.81E-07  7.31E-07  2.29E-14  0.00
 5079 2.5395E+07    6 12698     178   1.0  1.81E-07  7.30E-07  3.91E-14  0.00
 5080 2.5400E+07    6 12701     178   1.0  1.81E-07  7.30E-07  2.34E-14  0.00
 5081 2.5405E+07    6 12703     178   1.0  1.81E-07  7.30E-07  7.62E-15  0.00
 5082 2.5410E+07    6 12706     178   1.0  1.81E-07  7.30E-07  1.39E-14  0.00
 5083 2.5415E+07    6 12708     178   1.0  1.81E-07  7.30E-07  3.72E-14  0.00
 5084 2.5420E+07    6 12711     178   1.0  1.81E-07  7.30E-07  2.52E-14  0.00
 5085 2.5425E+07    6 12713     178   1.0  1.81E-07  7.30E-07  7.53E-15  0.00
 5086 2.5430E+07    6 12716     178   1.0  1.81E-07  7.29E-07  6.33E-15  0.00
 5087 2.5435E+07    6 12718     178   1.0  1.81E-07  7.29E-07  3.76E-14  0.00
 5088 2.5440E+07    6 12721     178   1.0  1.81E-07  7.29E-07  3.67E-14  0.00
 5089 2.5445E+07    6 12723     178   1.0  1.81E-07  7.29E-07  2.07E-14  0.00
 5090 2.5450E+07    6 12726     178   1.0  1.81E-07  7.29E-07  2.88E-14  0.00
 5091 2.5455E+07    6 12728     178   1.0  1.81E-07  7.29E-07  3.42E-16  0.00
 5092 2.5460E+07    6 12731     178   1.0  1.81E-07  7.29E-07  1.72E-14  0.00
 5093 2.5465E+07    6 12733     178   1.0  1.81E-07  7.29E-07  1.23E-14  0.00
 5094 2.5470E+07    6 12736     178   1.0  1.81E-07  7.28E-07  2.11E-14  0.00
 5095 2.5475E+07    6 12738     178   1.0  1.81E-07  7.28E-07  1.59E-14  0.00
 5096 2.5480E+07    6 12741     178   1.0  1.81E-07  7.28E-07  2.37E-14  0.00
 5097 2.5485E+07    6 12743     178   1.0  1.81E-07  7.28E-07  1.20E-14  0.00
 5098 2.5490E+07    6 12746     178   1.0  1.81E-07  7.28E-07  4.45E-14  0.00
 5099 2.5495E+07    6 12748     178   1.0  1.81E-07  7.28E-07  9.42E-15  0.00
 5100 2.5500E+07    6 12751     178   1.0  1.81E-07  7.28E-07  2.45E-14  0.00
 5101 2.5505E+07    6 12753     178   1.0  1.81E-07  7.28E-07  2.37E-14  0.00
 5102 2.5510E+07    6 12756     178   1.0  1.81E-07  7.27E-07  2.11E-14  0.00
 5103 2.5515E+07    6 12758     178   1.0  1.81E-07  7.27E-07  3.25E-14  0.00
 5104 2.5520E+07    6 12761     178   1.0  1.81E-07  7.27E-07  4.14E-14  0.00
 5105 2.5525E+07    6 12763     178   1.0  1.81E-07  7.27E-07  2.50E-14  0.00
 5106 2.5530E+07    6 12766     178   1.0  1.81E-07  7.27E-07  2.28E-14  0.00
 5107 2.5535E+07    6 12768     178   1.0  1.80E-07  7.27E-07  2.85E-14  0.00
 5108 2.5540E+07    6 12771     178   1.0  1.80E-07  7.27E-07  2.23E-14  0.00
 5109 2.5545E+07    6 12773     178   1.0  1.80E-07  7.27E-07  1.03E-15  0.00
 5110 2.5550E+07    6 12776     178   1.0  1.80E-07  7.26E-07  5.14E-16  0.00
 5111 2.5555E+07    6 12778     178   1.0  1.80E-07  7.26E-07  7.79E-15  0.00
 5112 2.5560E+07    6 12781     178   1.0  1.80E-07  7.26E-07  1.80E-14  0.00
 5113 2.5565E+07    6 12783     178   1.0  1.80E-07  7.26E-07  2.06E-14  0.00
 5114 2.5570E+07    6 12786     178   1.0  1.80E-07  7.26E-07  4.37E-15  0.00
 5115 2.5575E+07    6 12788     178   1.0  1.80E-07  7.26E-07  1.78E-14  0.00
 5116 2.5580E+07    6 12791     178   1.0  1.80E-07  7.26E-07  1.33E-14  0.00
 5117 2.5585E+07    6 12793     178   1.0  1.80E-07  7.26E-07  3.78E-14  0.00
 5118 2.5590E+07    6 12796     178   1.0  1.80E-07  7.25E-07  2.22E-14  0.00
 5119 2.5595E+07    6 12798     178   1.0  1.79E-07  7.31E-07  1.62E-12  0.00
 5120 2.5600E+07    6 12801     178   1.0  1.76E-07  7.39E-07  2.30E-14  0.00
 5121 2.5605E+07    6 12803     178   1.0  1.76E-07  7.39E-07  1.86E-14  0.00
 5122 2.5610E+07    6 12806     178   1.0  1.76E-07  7.39E-07  3.03E-14  0.00
 5123 2.5615E+07    6 12808     178   1.0  1.80E-07  7.66E-07  6.59E-13  0.00
 5124 2.5620E+07    6 12811     178   1.0  1.95E-07  8.53E-07  4.20E-14  0.00
 5125 2.5625E+07    6 12813     178   1.0  1.95E-07  8.53E-07  1.96E-14  0.00
 5126 2.5630E+07    6 12816     178   1.0  1.95E-07  8.53E-07  3.01E-14  0.00
 5127 2.5635E+07    6 12818     178   1.0  1.95E-07  8.53E-07  2.91E-14  0.00
 5128 2.5640E+07    6 12821     178   1.0  1.96E-07  8.54E-07  2.05E-13  0.00
 5129 2.5645E+07    6 12823     178   1.0  1.97E-07  8.57E-07  2.36E-14  0.00
 5130 2.5650E+07    6 12826     178   1.0  1.93E-07  8.47E-07  4.24E-14  0.00
 5131 2.5655E+07    6 12828     178   1.0  1.90E-07  8.39E-07  2.30E-14  0.00
 5132 2.5660E+07    6 12831     178   1.0  1.90E-07  8.39E-07  2.50E-14  0.00
 5133 2.5665E+07    6 12833     178   1.0  1.90E-07  8.39E-07  2.11E-14  0.00
 5134 2.5670E+07    6 12836     178   1.0  1.90E-07  8.39E-07  3.85E-14  0.00
 5135 2.5675E+07    6 12838     178   1.0  1.98E-07  8.43E-07  2.09E-14  0.00
 5136 2.5680E+07    6 12841     178   1.0  1.97E-07  8.44E-07  2.62E-14  0.00
 5137 2.5685E+07    6 12843     178   1.0  1.97E-07  8.44E-07  3.17E-15  0.00
 5138 2.5690E+07    6 12846     178   1.0  1.97E-07  8.43E-07  3.59E-14  0.00
 5139 2.5695E+07    6 12848     178   1.0  1.97E-07  8.43E-07  3.36E-14  0.00
 5140 2.5700E+07    6 12851     178   1.0  1.97E-07  8.43E-07  4.36E-14  0.00
 5141 2.5705E+07    6 12853     178   1.0  1.97E-07  8.43E-07  4.82E-14  0.00
 5142 2.5710E+07    6 12856     178   1.0  1.97E-07  8.43E-07  1.98E-14  0.00
 5143 2.5715E+07    6 12858     178   1.0  1.97E-07  8.43E-07  1.16E-14  0.00
 5144 2.5720E+07    6 12861     178   1.0  1.97E-07  8.42E-07  3.26E-14  0.00
 5145 2.5725E+07    6 12863     178   1.0  1.96E-07  8.39E-07  2.69E-14  0.00
 5146 2.5730E+07    6 12866     178   1.0  1.96E-07  8.37E-07  1.99E-14  0.00
 5147 2.5735E+07    6 12868     178   1.0  1.96E-07  8.37E-07  3.70E-14  0.00
 5148 2.5740E+07    6 12871     178   1.0  1.96E-07  8.37E-07  3.34E-14  0.00
 5149 2.5745E+07    6 12873     178   1.0  1.96E-07  8.37E-07  4.02E-14  0.00
 5150 2.5750E+07    6 12876     178   1.0  1.96E-07  8.36E-07  2.24E-14  0.00
 5151 2.5755E+07    6 12878     178   1.0  1.96E-07  8.36E-07  1.73E-14  0.00
 5152 2.5760E+07    6 12881     178   1.0  1.96E-07  8.36E-07  1.71E-14  0.00
 5153 2.5765E+07    6 12883     178   1.0  1.96E-07  8.36E-07  2.54E-14  0.00
 5154 2.5770E+07    6 12886     178   1.0  1.96E-07  8.36E-07  2.38E-14  0.00
 5155 2.5775E+07    6 12888     178   1.0  1.96E-07  8.36E-07  2.42E-14  0.00
 5156 2.5780E+07    6 12891     178   1.0  1.95E-07  8.36E-07  2.49E-14  0.00
 5157 2.5785E+07    6 12893     178   1.0  1.95E-07  8.35E-07  2.89E-14  0.00
 5158 2.5790E+07    6 12896     179   1.0  1.95E-07  8.35E-07  2.69E-14  0.00
 5159 2.5795E+07    6 12898     179   1.0  1.95E-07  8.35E-07  3.64E-14  0.00
 5160 2.5800E+07    6 12901     179   1.0  1.95E-07  8.35E-07  3.36E-14  0.00
 5161 2.5805E+07    6 12903     179   1.0  1.95E-07  8.35E-07  4.41E-14  0.00
 5162 2.5810E+07    6 12906     179   1.0  1.95E-07  8.35E-07  5.58E-15  0.00
 5163 2.5815E+07    6 12908     179   1.0  1.95E-07  8.34E-07  1.08E-14  0.00
 5164 2.5820E+07    6 12911     179   1.0  1.95E-07  8.34E-07  3.04E-14  0.00
 5165 2.5825E+07    6 12913     179   1.0  1.95E-07  8.34E-07  1.48E-14  0.00
 5166 2.5830E+07    6 12916     179   1.0  1.95E-07  8.34E-07  1.34E-14  0.00
 5167 2.5835E+07    6 12918     179   1.0  1.95E-07  8.34E-07  1.50E-14  0.00
 5168 2.5840E+07    6 12921     179   1.0  1.95E-07  8.34E-07  4.55E-14  0.00
 5169 2.5845E+07    6 12923     179   1.0  1.95E-07  8.34E-07  1.50E-14  0.00
 5170 2.5850E+07    6 12926     179   1.0  1.95E-07  8.33E-07  2.87E-14  0.00
 5171 2.5855E+07    6 12928     179   1.0  1.95E-07  8.33E-07  2.09E-14  0.00
 5172 2.5860E+07    6 12931     179   1.0  1.95E-07  8.33E-07  2.18E-14  0.00
 5173 2.5865E+07    6 12933     179   1.0  1.95E-07  8.33E-07  3.87E-14  0.00
 5174 2.5870E+07    6 12936     179   1.0  1.95E-07  8.33E-07  3.41E-14  0.00
 5175 2.5875E+07    6 12938     179   1.0  1.95E-07  8.33E-07  2.32E-14  0.00
 5176 2.5880E+07    6 12941     179   1.0  1.95E-07  8.32E-07  2.45E-14  0.00
 5177 2.5885E+07    6 12943     179   1.0  1.95E-07  8.32E-07  2.46E-14  0.00
 5178 2.5890E+07    6 12946     179   1.0  1.95E-07  8.32E-07  3.04E-14  0.00
 5179 2.5895E+07    6 12948     179   1.0  1.95E-07  8.32E-07  1.33E-14  0.00
 5180 2.5900E+07    6 12951     179   1.0  1.95E-07  8.32E-07  9.97E-15  0.00
 5181 2.5905E+07    6 12953     179   1.0  1.95E-07  8.32E-07  1.96E-14  0.00
 5182 2.5910E+07    6 12956     179   1.0  1.95E-07  8.32E-07  2.90E-14  0.00
 5183 2.5915E+07    6 12958     179   1.0  1.95E-07  8.31E-07  3.90E-14  0.00
 5184 2.5920E+07    6 12961     179   1.0  1.94E-07  8.31E-07  1.50E-14  0.00
 5185 2.5925E+07    6 12963     179   1.0  1.94E-07  8.31E-07  4.51E-14  0.00
 5186 2.5930E+07    6 12966     179   1.0  1.94E-07  8.31E-07  2.80E-14  0.00
 5187 2.5935E+07    6 12968     179   1.0  1.94E-07  8.31E-07  1.68E-14  0.00
 5188 2.5940E+07    6 12971     179   1.0  1.94E-07  8.31E-07  1.86E-14  0.00
 5189 2.5945E+07    6 12973     179   1.0  1.94E-07  8.31E-07  2.45E-14  0.00
 5190 2.5950E+07    6 12976     179   1.0  1.94E-07  8.30E-07  1.09E-14  0.00
 5191 2.5955E+07    6 12978     179   1.0  1.94E-07  8.30E-07  3.17E-14  0.00
 5192 2.5960E+07    6 12981     179   1.0  1.94E-07  8.30E-07  2.49E-14  0.00
 5193 2.5965E+07    6 12983     179   1.0  1.94E-07  8.30E-07  1.87E-14  0.00
 5194 2.5970E+07    6 12986     179   1.0  1.94E-07  8.30E-07  2.89E-14  0.00
 5195 2.5975E+07    7 12988     179   1.0  1.94E-07  8.30E-07  2.30E-14  0.00
 5196 2.5980E+07    7 12991     179   1.0  4.87E-07  2.08E-06  6.76E-14  0.00
 5197 2.5985E+07    7 12993     179   1.0  4.85E-07  2.07E-06  1.93E-13  0.00
 5198 2.5990E+07    7 12996     179   1.0  4.85E-07  2.07E-06  1.83E-13  0.00
 5199 2.5995E+07    7 12998     179   1.0  4.84E-07  2.07E-06  1.23E-13  0.00
 5200 2.6000E+07    7 13001     179   1.0  4.84E-07  2.07E-06  2.47E-13  0.00
 5201 2.6005E+07    7 13003     179   1.0  4.84E-07  2.07E-06  1.57E-13  0.00
 5202 2.6010E+07    7 13006     179   1.0  4.84E-07  2.07E-06  1.10E-13  0.00
 5203 2.6015E+07    7 13008     179   1.0  4.83E-07  2.07E-06  1.50E-13  0.00
 5204 2.6020E+07    7 13011     179   1.0  4.83E-07  2.07E-06  1.55E-13  0.00
 5205 2.6025E+07    7 13013     179   1.0  4.83E-07  2.06E-06  1.83E-13  0.00
 5206 2.6030E+07    7 13016     179   1.0  4.83E-07  2.06E-06  2.75E-13  0.00
 5207 2.6035E+07    7 13018     179   1.0  4.83E-07  2.06E-06  1.24E-13  0.00
 5208 2.6040E+07    7 13021     179   1.0  4.82E-07  2.06E-06  1.62E-13  0.00
 5209 2.6045E+07    7 13023     179   1.0  4.82E-07  2.06E-06  1.89E-13  0.00
 5210 2.6050E+07    7 13026     179   1.0  4.82E-07  2.06E-06  1.72E-13  0.00
 5211 2.6055E+07    7 13028     179   1.0  4.82E-07  2.06E-06  1.62E-13  0.00
 5212 2.6060E+07    7 13031     179   1.0  4.82E-07  2.06E-06  2.43E-13  0.00
 5213 2.6065E+07    7 13033     179   1.0  4.81E-07  2.06E-06  2.03E-13  0.00
 5214 2.6070E+07    7 13036     179   1.0  4.87E-07  2.09E-06  3.43E-11  0.00
 5215 2.6075E+07    7 13038     180   1.0  2.01E-04  8.17E-04  9.45E-12  0.00
 5216 2.6080E+07    7 13041     180   1.0  4.72E-07  2.33E-06  6.64E-11  0.00
 5217 2.6085E+07    7 13043     180   1.0  4.72E-07  2.33E-06  1.14E-11  0.00
 5218 2.6090E+07    7 13046     180   1.0  4.72E-07  2.33E-06  3.16E-12  0.00
 5219 2.6095E+07    7 13048     180   1.0  4.71E-07  2.33E-06  8.27E-12  0.00
 5220 2.6100E+07    7 13051     180   1.0  4.71E-07  2.33E-06  3.12E-12  0.00
 5221 2.6105E+07    7 13053     180   1.0  4.71E-07  2.32E-06  1.18E-11  0.00
 5222 2.6110E+07    7 13056     180   1.0  4.71E-07  2.32E-06  4.23E-12  0.00
 5223 2.6115E+07    7 13058     180   1.0  4.71E-07  2.32E-06  6.95E-13  0.00
 5224 2.6120E+07    7 13061     180   1.0  4.50E-07  2.20E-06  2.54E-12  0.00
 5225 2.6125E+07    7 13063     180   1.0  3.34E-07  1.54E-06  1.19E-10  0.00
 5226 2.6130E+07    7 13066     180   1.0  3.34E-07  1.54E-06  1.95E-11  0.00
 5227 2.6135E+07    7 13068     180   1.0  3.35E-07  1.52E-06  4.12E-12  0.00
 5228 2.6140E+07    7 13071     180   1.0  3.36E-07  1.51E-06  9.71E-12  0.00
 5229 2.6145E+07    7 13073     180   1.0  3.36E-07  1.51E-06  4.25E-13  0.00
 5230 2.6150E+07    7 13076     180   1.0  3.80E-07  1.74E-06  3.64E-12  0.00
 5231 2.6155E+07    7 13078     180   1.0  4.80E-07  2.26E-06  3.92E-10  0.00
 5232 2.6160E+07    7 13081     180   1.0  4.89E-07  2.29E-06  1.38E-13  0.00
 5233 2.6165E+07    7 13083     180   1.0  4.89E-07  2.29E-06  6.03E-13  0.00
 5234 2.6170E+07    7 13086     180   1.0  4.75E-07  2.17E-06  1.21E-11  0.00
 5235 2.6175E+07    7 13088     180   1.0  4.59E-07  2.06E-06  2.03E-11  0.00
 5236 2.6180E+07    7 13091     180   1.0  4.59E-07  2.06E-06  3.87E-12  0.00
 5237 2.6185E+07    7 13093     180   1.0  4.59E-07  2.06E-06  8.34E-12  0.00
 5238 2.6190E+07    7 13096     179   1.0  4.58E-07  2.05E-06  6.36E-12  0.00
 5239 2.6195E+07    7 13098     179   1.0  4.58E-07  2.05E-06  3.14E-12  0.00
 5240 2.6200E+07    7 13101     179   1.0  4.58E-07  2.05E-06  3.36E-11  0.00
 5241 2.6205E+07    7 13103     179   1.0  4.74E-07  2.12E-06  1.92E-10  0.00
 5242 2.6210E+07    7 13106     179   1.0  5.50E-07  2.41E-06  4.39E-11  0.00
 5243 2.6215E+07    7 13108     179   1.0  5.50E-07  2.41E-06  1.43E-13  0.00
 5244 2.6220E+07    7 13111     179   1.0  5.50E-07  2.41E-06  3.94E-12  0.00
 5245 2.6225E+07    8 13113     179   1.0  5.51E-07  2.41E-06  2.03E-11  0.00
