
Program OVAL:  version           oval-0.7.296.f

c Matthew R. Kuhn 2001, Licensed under the GPL, version 2

The program was compiled with the following parameters (among others):
   1) 2D or 3D problems. (mdim1=3)
   2) Circular, spherical, elliptical, oval, nobby, bumpy, 
      and ovoid particles. (mpiece=4*mp)
   3) A maximum of   10648 particles. (mp)
Errors will occur if your input data is otherwise (but you can always make
changes to the common-0.7.296 file and recompile).
  
  Name of the RunFile:
  Name of the StartFile:
  
  Warning: Input value of rho was 0. A mass will be automatically assigned.
  Warning: Input value of dt .le. 0. A time step will be automatically assigned.

  Your time step is:                1.00000E+00
  The maximum advised time step is: 1.25000E+00
  The reference particle mass is:   1.25000E+01

  Particle shape =   Circular, 2D particles

  Number of particles     =      49
  Initial void ratio      =  0.175837
  Initial solids fraction =  0.850458
  Initial porosity        =  0.149542
  Volume of the cell      =  3.270054E+01

  Linear contact model:
  Normal (indentation) stiffness    =  2.0000E+00
  Normal contact stiffness          =  1.0000E+00
  Ratio tangential/normal stiffness =  1.0000E+00
  Contact friction coefficient      =  5.0000E-01

  Initial number of contacts       =      92
  Average ratio of ovrlap/diameter =  2.469E-03

Some diagnostic information during this simulation:
 iout     timer  istep nupd   ipt2  xloops   chi1      chi2       psi    sweep
    0 0.0000E+00    1     1     182   1.0  0.00E+00  0.00E+00  0.00E+00  0.00
    1 5.0000E+03    1     3     182   1.0  1.57E-04  1.15E-04  0.00E+00  0.00
    2 1.0000E+04    1     6     182   1.0  7.04E-13  5.40E-13  0.00E+00  0.00
    3 1.5000E+04    1     8     182   1.0  6.93E-13  5.41E-13  0.00E+00  0.00
    4 2.0000E+04    1    11     182   1.0  7.16E-13  5.39E-13  0.00E+00  0.00
    5 2.5000E+04    1    13     182   1.0  7.19E-13  5.47E-13  0.00E+00  0.00
    6 3.0000E+04    1    16     182   1.0  6.95E-13  5.41E-13  0.00E+00  0.00
    7 3.5000E+04    1    18     182   1.0  7.38E-13  5.52E-13  0.00E+00  0.00
    8 4.0000E+04    1    21     182   1.0  6.90E-13  5.39E-13  0.00E+00  0.00
    9 4.5000E+04    1    23     182   1.0  7.13E-13  5.36E-13  0.00E+00  0.00
   10 5.0000E+04    1    26     182   1.0  7.28E-13  5.48E-13  0.00E+00  0.00
   11 5.5000E+04    1    28     182   1.0  7.29E-13  5.44E-13  0.00E+00  0.00
   12 6.0000E+04    1    31     182   1.0  7.03E-13  5.35E-13  0.00E+00  0.00
   13 6.5000E+04    1    33     182   1.0  6.97E-13  5.40E-13  0.00E+00  0.00
   14 7.0000E+04    1    36     182   1.0  7.11E-13  5.42E-13  0.00E+00  0.00
   15 7.5000E+04    1    38     182   1.0  7.14E-13  5.56E-13  0.00E+00  0.00
   16 8.0000E+04    1    41     182   1.0  7.00E-13  5.36E-13  0.00E+00  0.00
   17 8.5000E+04    1    43     182   1.0  7.11E-13  5.38E-13  0.00E+00  0.00
   18 9.0000E+04    1    46     182   1.0  7.29E-13  5.44E-13  0.00E+00  0.00
   19 9.5000E+04    1    48     182   1.0  7.15E-13  5.41E-13  0.00E+00  0.00
   20 1.0000E+05    2    51     182   1.0  7.04E-13  5.43E-13  0.00E+00  0.00
   21 1.0500E+05    2    53     182   1.0  1.80E-07  7.32E-07  1.27E-13  0.00
   22 1.1000E+05    2    56     182   1.0  1.64E-07  6.78E-07  1.76E-12  0.00
   23 1.1500E+05    2    58     182   1.0  1.63E-07  6.75E-07  6.17E-13  0.00
   24 1.2000E+05    2    61     182   1.0  1.63E-07  6.73E-07  1.23E-12  0.00
   25 1.2500E+05    2    63     182   1.0  1.62E-07  6.71E-07  4.30E-14  0.00
   26 1.3000E+05    2    66     182   1.0  1.62E-07  6.69E-07  4.97E-13  0.00
   27 1.3500E+05    2    68     182   1.0  1.65E-07  6.89E-07  4.08E-13  0.00
   28 1.4000E+05    2    71     182   1.0  1.66E-07  6.96E-07  4.86E-12  0.00
   29 1.4500E+05    2    73     182   1.0  1.78E-07  7.51E-07  1.29E-12  0.00
   30 1.5000E+05    2    76     182   1.0  1.80E-07  7.58E-07  3.01E-13  0.00
   31 1.5500E+05    2    78     182   1.0  1.80E-07  7.56E-07  2.54E-12  0.00
   32 1.6000E+05    2    81     182   1.0  1.79E-07  7.53E-07  1.92E-14  0.00
   33 1.6500E+05    2    83     182   1.0  1.79E-07  7.51E-07  2.50E-12  0.00
   34 1.7000E+05    2    86     182   1.0  1.78E-07  7.48E-07  1.99E-12  0.00
   35 1.7500E+05    2    88     182   1.0  1.77E-07  7.46E-07  3.93E-11  0.00
   36 1.8000E+05    2    91     182   1.0  1.77E-07  7.44E-07  3.03E-13  0.00
   37 1.8500E+05    2    93     182   1.0  1.76E-07  7.41E-07  4.37E-12  0.00
   38 1.9000E+05    2    96     182   1.0  1.76E-07  7.39E-07  4.59E-12  0.00
   39 1.9500E+05    2    98     182   1.0  1.75E-07  7.37E-07  7.41E-12  0.00
   40 2.0000E+05    2   101     182   1.0  1.75E-07  7.34E-07  1.91E-12  0.00
   41 2.0500E+05    2   103     182   1.0  1.74E-07  7.32E-07  2.90E-13  0.00
   42 2.1000E+05    2   106     182   1.0  1.74E-07  7.29E-07  8.06E-12  0.00
   43 2.1500E+05    2   108     182   1.0  1.73E-07  7.27E-07  1.78E-13  0.00
   44 2.2000E+05    2   111     182   1.0  1.72E-07  7.25E-07  7.45E-13  0.00
   45 2.2500E+05    2   113     182   1.0  1.72E-07  7.22E-07  4.41E-13  0.00
   46 2.3000E+05    2   116     182   1.0  1.71E-07  7.20E-07  2.17E-11  0.00
   47 2.3500E+05    2   118     182   1.0  1.71E-07  7.18E-07  4.45E-12  0.00
   48 2.4000E+05    2   121     182   1.0  1.70E-07  7.15E-07  1.49E-13  0.00
   49 2.4500E+05    2   123     182   1.0  1.70E-07  7.13E-07  1.35E-12  0.00
   50 2.5000E+05    2   126     182   1.0  1.69E-07  7.11E-07  1.19E-12  0.00
   51 2.5500E+05    2   128     182   1.0  1.66E-07  7.01E-07  3.70E-13  0.00
   52 2.6000E+05    2   131     182   1.0  1.65E-07  6.97E-07  5.09E-14  0.00
   53 2.6500E+05    2   133     182   1.0  1.64E-07  6.95E-07  3.07E-14  0.00
   54 2.7000E+05    2   136     182   1.0  1.73E-07  6.97E-07  3.00E-12  0.00
   55 2.7500E+05    2   138     182   1.0  1.79E-07  7.06E-07  4.71E-13  0.00
   56 2.8000E+05    2   141     182   1.0  1.76E-07  7.04E-07  5.46E-12  0.00
   57 2.8500E+05    2   143     182   1.0  1.75E-07  7.02E-07  2.66E-13  0.00
   58 2.9000E+05    2   146     182   1.0  1.75E-07  7.00E-07  5.39E-13  0.00
   59 2.9500E+05    2   148     182   1.0  1.74E-07  6.98E-07  2.07E-13  0.00
   60 3.0000E+05    2   151     182   1.0  1.74E-07  6.95E-07  9.15E-14  0.00
   61 3.0500E+05    2   153     182   1.0  1.73E-07  6.93E-07  6.69E-12  0.00
   62 3.1000E+05    2   156     182   1.0  2.06E-07  8.50E-07  3.76E-13  0.00
   63 3.1500E+05    2   158     182   1.0  2.32E-07  9.73E-07  1.22E-12  0.00
   64 3.2000E+05    2   161     182   1.0  2.31E-07  9.70E-07  1.11E-12  0.00
   65 3.2500E+05    2   163     182   1.0  2.34E-07  1.02E-06  6.86E-12  0.00
   66 3.3000E+05    2   166     182   1.0  2.37E-07  1.11E-06  7.61E-13  0.00
   67 3.3500E+05    2   168     182   1.0  2.38E-07  1.10E-06  3.80E-12  0.00
   68 3.4000E+05    2   171     182   1.0  2.37E-07  1.08E-06  8.44E-12  0.00
   69 3.4500E+05    2   173     182   1.0  2.36E-07  1.07E-06  1.25E-11  0.00
   70 3.5000E+05    2   176     183   1.0  2.36E-07  1.07E-06  5.26E-12  0.00
   71 3.5500E+05    2   178     183   1.0  2.35E-07  1.07E-06  5.68E-11  0.00
   72 3.6000E+05    2   181     183   1.0  2.35E-07  1.07E-06  5.18E-13  0.00
   73 3.6500E+05    2   183     183   1.0  2.34E-07  1.06E-06  2.56E-13  0.00
   74 3.7000E+05    2   186     183   1.0  2.33E-07  1.06E-06  2.45E-12  0.00
   75 3.7500E+05    2   188     183   1.0  2.32E-07  1.06E-06  9.37E-13  0.00
   76 3.8000E+05    2   191     183   1.0  2.32E-07  1.05E-06  3.91E-12  0.00
   77 3.8500E+05    2   193     183   1.0  2.31E-07  1.05E-06  3.20E-13  0.00
   78 3.9000E+05    2   196     183   1.0  2.45E-07  1.16E-06  2.32E-12  0.00
   79 3.9500E+05    2   198     183   1.0  2.47E-07  1.19E-06  1.89E-13  0.00
   80 4.0000E+05    2   201     183   1.0  2.46E-07  1.19E-06  4.23E-13  0.00
   81 4.0500E+05    2   203     183   1.0  2.45E-07  1.18E-06  3.16E-12  0.00
   82 4.1000E+05    2   206     183   1.0  2.44E-07  1.17E-06  3.13E-13  0.00
   83 4.1500E+05    2   208     183   1.0  2.44E-07  1.16E-06  1.09E-10  0.00
   84 4.2000E+05    2   211     183   1.0  2.43E-07  1.16E-06  3.06E-12  0.00
   85 4.2500E+05    2   213     183   1.0  2.42E-07  1.16E-06  1.75E-12  0.00
   86 4.3000E+05    2   216     183   1.0  2.42E-07  1.15E-06  5.24E-13  0.00
   87 4.3500E+05    2   218     183   1.0  2.41E-07  1.15E-06  4.24E-10  0.00
   88 4.4000E+05    2   221     183   1.0  2.31E-07  1.13E-06  4.04E-13  0.00
   89 4.4500E+05    2   223     183   1.0  2.31E-07  1.13E-06  3.22E-12  0.00
   90 4.5000E+05    2   226     183   1.0  2.30E-07  1.12E-06  9.57E-14  0.00
   91 4.5500E+05    2   228     183   1.0  2.30E-07  1.12E-06  9.70E-12  0.00
   92 4.6000E+05    2   231     183   1.0  2.29E-07  1.12E-06  1.52E-13  0.00
   93 4.6500E+05    2   233     183   1.0  2.28E-07  1.11E-06  2.41E-11  0.00
   94 4.7000E+05    2   236     183   1.0  2.27E-07  1.11E-06  1.98E-11  0.00
   95 4.7500E+05    2   238     184   1.0  2.30E-07  1.12E-06  7.91E-11  0.00
   96 4.8000E+05    2   241     184   1.0  2.48E-07  1.16E-06  4.86E-13  0.00
   97 4.8500E+05    2   243     184   1.0  2.47E-07  1.16E-06  8.76E-13  0.00
   98 4.9000E+05    2   246     184   1.0  2.46E-07  1.16E-06  2.15E-12  0.00
   99 4.9500E+05    2   248     184   1.0  2.46E-07  1.15E-06  4.58E-12  0.00
  100 5.0000E+05    2   251     184   1.0  2.43E-07  1.17E-06  3.11E-12  0.00
  101 5.0500E+05    2   253     184   1.0  2.42E-07  1.17E-06  2.11E-12  0.00
  102 5.1000E+05    2   256     184   1.0  2.42E-07  1.16E-06  7.99E-13  0.00
  103 5.1500E+05    2   258     184   1.0  2.41E-07  1.16E-06  4.01E-14  0.00
  104 5.2000E+05    2   261     184   1.0  2.40E-07  1.16E-06  4.57E-13  0.00
  105 5.2500E+05    2   263     184   1.0  2.40E-07  1.16E-06  4.19E-11  0.00
  106 5.3000E+05    2   266     184   1.0  2.39E-07  1.15E-06  1.69E-12  0.00
  107 5.3500E+05    2   268     184   1.0  2.37E-07  1.14E-06  2.97E-12  0.00
  108 5.4000E+05    2   271     184   1.0  2.29E-07  1.11E-06  1.36E-12  0.00
  109 5.4500E+05    2   273     184   1.0  2.29E-07  1.11E-06  3.72E-12  0.00
  110 5.5000E+05    2   276     184   1.0  2.28E-07  1.10E-06  8.86E-13  0.00
  111 5.5500E+05    2   278     184   1.0  2.28E-07  1.10E-06  2.98E-12  0.00
  112 5.6000E+05    2   281     184   1.0  2.27E-07  1.10E-06  1.66E-13  0.00
  113 5.6500E+05    2   283     184   1.0  2.28E-07  1.10E-06  6.18E-12  0.00
  114 5.7000E+05    2   286     184   1.0  2.29E-07  1.09E-06  1.03E-10  0.00
  115 5.7500E+05    2   288     184   1.0  2.28E-07  1.09E-06  8.82E-12  0.00
  116 5.8000E+05    2   291     184   1.0  2.28E-07  1.09E-06  1.68E-12  0.00
  117 5.8500E+05    2   293     184   1.0  2.27E-07  1.08E-06  1.26E-12  0.00
  118 5.9000E+05    2   296     184   1.0  2.26E-07  1.08E-06  5.84E-12  0.00
  119 5.9500E+05    2   298     184   1.0  2.26E-07  1.08E-06  1.42E-11  0.00
  120 6.0000E+05    2   301     184   1.0  2.25E-07  1.08E-06  3.42E-12  0.00
  121 6.0500E+05    2   303     184   1.0  2.25E-07  1.07E-06  2.00E-13  0.00
  122 6.1000E+05    2   306     184   1.0  2.24E-07  1.07E-06  4.11E-12  0.00
  123 6.1500E+05    2   308     184   1.0  2.24E-07  1.07E-06  1.27E-11  0.00
  124 6.2000E+05    2   311     184   1.0  2.23E-07  1.07E-06  9.35E-14  0.00
  125 6.2500E+05    2   313     184   1.0  2.22E-07  1.06E-06  1.07E-11  0.00
  126 6.3000E+05    2   316     184   1.0  2.22E-07  1.06E-06  2.16E-13  0.00
  127 6.3500E+05    2   318     184   1.0  2.21E-07  1.06E-06  2.36E-12  0.00
  128 6.4000E+05    2   321     184   1.0  2.22E-07  1.05E-06  1.04E-12  0.00
  129 6.4500E+05    2   323     184   1.0  2.24E-07  1.03E-06  1.76E-13  0.00
  130 6.5000E+05    2   326     184   1.0  2.24E-07  1.03E-06  1.15E-12  0.00
  131 6.5500E+05    2   328     184   1.0  2.23E-07  1.02E-06  3.64E-12  0.00
  132 6.6000E+05    2   331     184   1.0  2.23E-07  1.02E-06  2.89E-13  0.00
  133 6.6500E+05    2   333     184   1.0  2.22E-07  1.02E-06  1.05E-12  0.00
  134 6.7000E+05    2   336     184   1.0  2.22E-07  1.01E-06  1.49E-12  0.00
  135 6.7500E+05    2   338     184   1.0  2.21E-07  1.01E-06  4.51E-14  0.00
  136 6.8000E+05    2   341     184   1.0  2.19E-07  1.00E-06  2.81E-13  0.00
  137 6.8500E+05    2   343     184   1.0  2.19E-07  9.98E-07  2.60E-11  0.00
  138 6.9000E+05    2   346     184   1.0  2.18E-07  9.95E-07  3.08E-13  0.00
  139 6.9500E+05    2   348     184   1.0  2.17E-07  9.93E-07  2.55E-13  0.00
  140 7.0000E+05    2   351     184   1.0  2.17E-07  9.90E-07  1.48E-12  0.00
  141 7.0500E+05    2   353     184   1.0  2.16E-07  9.88E-07  4.34E-12  0.00
  142 7.1000E+05    2   356     184   1.0  2.16E-07  9.85E-07  1.54E-11  0.00
  143 7.1500E+05    2   358     184   1.0  2.15E-07  9.83E-07  1.84E-11  0.00
  144 7.2000E+05    2   361     184   1.0  2.15E-07  9.80E-07  5.14E-14  0.00
  145 7.2500E+05    2   363     184   1.0  2.13E-07  9.65E-07  9.58E-13  0.00
  146 7.3000E+05    2   366     184   1.0  2.09E-07  9.03E-07  8.40E-13  0.00
  147 7.3500E+05    2   368     184   1.0  2.08E-07  9.00E-07  7.44E-13  0.00
  148 7.4000E+05    2   371     184   1.0  2.08E-07  8.98E-07  5.92E-13  0.00
  149 7.4500E+05    2   373     184   1.0  2.07E-07  9.10E-07  1.34E-10  0.00
  150 7.5000E+05    2   376     184   1.0  2.04E-07  9.47E-07  1.38E-11  0.00
  151 7.5500E+05    2   378     184   1.0  2.03E-07  9.45E-07  1.20E-11  0.00
  152 7.6000E+05    2   381     184   1.0  2.03E-07  9.42E-07  5.90E-14  0.00
  153 7.6500E+05    2   383     184   1.0  2.02E-07  9.40E-07  6.31E-13  0.00
  154 7.7000E+05    2   386     184   1.0  2.02E-07  9.38E-07  3.66E-11  0.00
  155 7.7500E+05    2   388     184   1.0  2.01E-07  9.35E-07  4.21E-12  0.00
  156 7.8000E+05    2   391     184   1.0  2.01E-07  9.33E-07  1.98E-11  0.00
  157 7.8500E+05    2   393     184   1.0  2.06E-07  9.62E-07  4.65E-12  0.00
  158 7.9000E+05    2   396     184   1.0  2.05E-07  9.61E-07  2.63E-12  0.00
  159 7.9500E+05    2   398     184   1.0  2.05E-07  9.59E-07  1.94E-12  0.00
  160 8.0000E+05    2   401     184   1.0  2.04E-07  9.57E-07  3.89E-13  0.00
  161 8.0500E+05    2   403     184   1.0  2.10E-07  9.60E-07  1.50E-12  0.00
  162 8.1000E+05    2   406     184   1.0  2.10E-07  9.58E-07  8.40E-13  0.00
  163 8.1500E+05    2   408     184   1.0  2.07E-07  9.56E-07  7.13E-13  0.00
  164 8.2000E+05    2   411     184   1.0  2.11E-07  9.78E-07  6.78E-11  0.00
  165 8.2500E+05    2   413     184   1.0  2.11E-07  9.74E-07  3.68E-12  0.00
  166 8.3000E+05    2   416     184   1.0  2.10E-07  9.72E-07  8.94E-14  0.00
  167 8.3500E+05    2   418     184   1.0  2.10E-07  9.69E-07  1.07E-11  0.00
  168 8.4000E+05    2   421     184   1.0  2.15E-07  9.76E-07  1.76E-12  0.00
  169 8.4500E+05    2   423     184   1.0  2.20E-07  9.66E-07  6.59E-14  0.00
  170 8.5000E+05    2   426     184   1.0  2.20E-07  9.64E-07  1.83E-12  0.00
  171 8.5500E+05    2   428     184   1.0  2.19E-07  9.62E-07  1.94E-11  0.00
  172 8.6000E+05    2   431     184   1.0  2.19E-07  9.60E-07  1.15E-12  0.00
  173 8.6500E+05    2   433     184   1.0  2.18E-07  9.58E-07  2.58E-13  0.00
  174 8.7000E+05    2   436     184   1.0  2.18E-07  9.56E-07  2.86E-12  0.00
  175 8.7500E+05    2   438     184   1.0  2.17E-07  9.53E-07  9.76E-13  0.00
  176 8.8000E+05    2   441     184   1.0  2.17E-07  9.51E-07  3.18E-12  0.00
  177 8.8500E+05    2   443     184   1.0  2.16E-07  9.49E-07  2.44E-13  0.00
  178 8.9000E+05    2   446     184   1.0  2.16E-07  9.47E-07  3.70E-14  0.00
  179 8.9500E+05    2   448     184   1.0  2.19E-07  1.08E-06  5.51E-11  0.00
  180 9.0000E+05    2   451     184   1.0  2.20E-07  1.16E-06  1.58E-12  0.00
  181 9.0500E+05    2   453     184   1.0  2.20E-07  1.16E-06  4.31E-13  0.00
  182 9.1000E+05    2   456     184   1.0  2.19E-07  1.16E-06  4.06E-12  0.00
  183 9.1500E+05    2   458     184   1.0  2.19E-07  1.16E-06  1.80E-12  0.00
  184 9.2000E+05    2   461     184   1.0  2.19E-07  1.15E-06  1.21E-11  0.00
  185 9.2500E+05    2   463     184   1.0  2.18E-07  1.15E-06  1.53E-12  0.00
  186 9.3000E+05    2   466     184   1.0  2.18E-07  1.15E-06  4.56E-11  0.00
  187 9.3500E+05    2   468     184   1.0  2.13E-07  1.12E-06  2.19E-12  0.00
  188 9.4000E+05    2   471     184   1.0  2.11E-07  1.11E-06  1.05E-11  0.00
  189 9.4500E+05    2   473     184   1.0  2.31E-07  1.16E-06  1.95E-13  0.00
  190 9.5000E+05    2   476     184   1.0  2.97E-07  1.41E-06  5.96E-14  0.00
  191 9.5500E+05    2   478     184   1.0  2.99E-07  1.44E-06  2.23E-11  0.00
  192 9.6000E+05    2   481     184   1.0  2.98E-07  1.44E-06  1.65E-11  0.00
  193 9.6500E+05    2   483     184   1.0  2.97E-07  1.44E-06  1.69E-12  0.00
  194 9.7000E+05    2   486     184   1.0  2.96E-07  1.43E-06  1.07E-11  0.00
  195 9.7500E+05    2   488     184   1.0  2.95E-07  1.43E-06  2.91E-12  0.00
  196 9.8000E+05    2   491     184   1.0  2.95E-07  1.43E-06  1.00E-12  0.00
  197 9.8500E+05    2   493     184   1.0  2.94E-07  1.42E-06  9.21E-13  0.00
  198 9.9000E+05    2   496     184   1.0  2.94E-07  1.42E-06  1.66E-11  0.00
  199 9.9500E+05    2   498     184   1.0  2.93E-07  1.42E-06  6.19E-14  0.00
  200 1.0000E+06    2   501     184   1.0  2.93E-07  1.42E-06  2.29E-12  0.00
  201 1.0050E+06    2   503     184   1.0  2.92E-07  1.41E-06  1.83E-12  0.00
  202 1.0100E+06    2   506     184   1.0  2.92E-07  1.41E-06  6.03E-13  0.00
  203 1.0150E+06    2   508     184   1.0  2.91E-07  1.41E-06  2.26E-12  0.00
  204 1.0200E+06    2   511     184   1.0  2.91E-07  1.41E-06  2.69E-12  0.00
  205 1.0250E+06    2   513     184   1.0  2.90E-07  1.40E-06  1.25E-12  0.00
  206 1.0300E+06    2   516     184   1.0  2.90E-07  1.40E-06  5.15E-13  0.00
  207 1.0350E+06    2   518     184   1.0  2.89E-07  1.40E-06  4.29E-11  0.00
  208 1.0400E+06    2   521     184   1.0  2.88E-07  1.39E-06  1.87E-12  0.00
  209 1.0450E+06    2   523     184   1.0  2.88E-07  1.39E-06  1.33E-11  0.00
  210 1.0500E+06    2   526     184   1.0  2.87E-07  1.39E-06  1.47E-12  0.00
  211 1.0550E+06    2   528     184   1.0  2.87E-07  1.39E-06  5.61E-12  0.00
  212 1.0600E+06    2   531     184   1.0  2.86E-07  1.38E-06  6.20E-13  0.00
  213 1.0650E+06    2   533     184   1.0  2.86E-07  1.38E-06  8.27E-13  0.00
  214 1.0700E+06    2   536     184   1.0  2.85E-07  1.38E-06  2.76E-12  0.00
  215 1.0750E+06    2   538     184   1.0  2.85E-07  1.38E-06  1.37E-11  0.00
  216 1.0800E+06    2   541     184   1.0  2.84E-07  1.37E-06  1.04E-12  0.00
  217 1.0850E+06    2   543     184   1.0  2.84E-07  1.37E-06  5.29E-14  0.00
  218 1.0900E+06    2   546     184   1.0  3.12E-07  1.41E-06  3.77E-13  0.00
  219 1.0950E+06    2   548     184   1.0  3.36E-07  1.44E-06  4.23E-12  0.00
  220 1.1000E+06    2   551     184   1.0  3.36E-07  1.43E-06  1.98E-12  0.00
  221 1.1050E+06    2   553     184   1.0  3.35E-07  1.43E-06  2.80E-12  0.00
  222 1.1100E+06    2   556     184   1.0  3.34E-07  1.43E-06  2.89E-13  0.00
  223 1.1150E+06    2   558     184   1.0  3.34E-07  1.43E-06  1.66E-12  0.00
  224 1.1200E+06    2   561     184   1.0  3.33E-07  1.42E-06  3.16E-11  0.00
  225 1.1250E+06    2   563     184   1.0  3.31E-07  1.41E-06  2.22E-11  0.00
  226 1.1300E+06    2   566     184   1.0  3.16E-07  1.33E-06  1.97E-12  0.00
  227 1.1350E+06    2   568     184   1.0  3.16E-07  1.33E-06  6.35E-14  0.00
  228 1.1400E+06    2   571     184   1.0  3.15E-07  1.33E-06  2.69E-11  0.00
  229 1.1450E+06    2   573     184   1.0  3.15E-07  1.33E-06  2.28E-12  0.00
  230 1.1500E+06    2   576     184   1.0  3.14E-07  1.33E-06  2.32E-13  0.00
  231 1.1550E+06    2   578     184   1.0  3.16E-07  1.32E-06  8.69E-10  0.00
  232 1.1600E+06    2   581     184   1.0  3.14E-07  1.32E-06  3.99E-11  0.00
  233 1.1650E+06    2   583     184   1.0  3.13E-07  1.32E-06  3.76E-13  0.00
  234 1.1700E+06    2   586     184   1.0  3.12E-07  1.32E-06  3.26E-12  0.00
  235 1.1750E+06    2   588     184   1.0  3.12E-07  1.31E-06  7.96E-13  0.00
  236 1.1800E+06    2   591     184   1.0  3.11E-07  1.31E-06  4.46E-14  0.00
  237 1.1850E+06    2   593     184   1.0  3.11E-07  1.31E-06  2.28E-12  0.00
  238 1.1900E+06    2   596     184   1.0  3.10E-07  1.31E-06  1.55E-12  0.00
  239 1.1950E+06    2   598     184   1.0  3.10E-07  1.31E-06  3.53E-11  0.00
  240 1.2000E+06    2   601     184   1.0  3.16E-07  1.31E-06  5.53E-13  0.00
  241 1.2050E+06    2   603     184   1.0  3.16E-07  1.31E-06  2.06E-12  0.00
  242 1.2100E+06    2   606     184   1.0  3.15E-07  1.30E-06  9.27E-14  0.00
  243 1.2150E+06    2   608     184   1.0  3.15E-07  1.30E-06  5.91E-12  0.00
  244 1.2200E+06    2   611     184   1.0  3.14E-07  1.30E-06  3.20E-12  0.00
  245 1.2250E+06    2   613     184   1.0  3.14E-07  1.30E-06  3.50E-12  0.00
  246 1.2300E+06    2   616     184   1.0  3.13E-07  1.29E-06  2.34E-12  0.00
  247 1.2350E+06    2   618     184   1.0  3.13E-07  1.29E-06  2.36E-11  0.00
  248 1.2400E+06    2   621     184   1.0  3.12E-07  1.29E-06  5.42E-12  0.00
  249 1.2450E+06    2   623     184   1.0  3.12E-07  1.29E-06  1.14E-11  0.00
  250 1.2500E+06    2   626     184   1.0  3.11E-07  1.29E-06  2.15E-12  0.00
  251 1.2550E+06    2   628     184   1.0  3.11E-07  1.28E-06  3.02E-12  0.00
  252 1.2600E+06    2   631     184   1.0  3.10E-07  1.28E-06  2.85E-14  0.00
  253 1.2650E+06    2   633     184   1.0  3.15E-07  1.44E-06  2.59E-12  0.00
  254 1.2700E+06    2   636     184   1.0  3.17E-07  1.61E-06  2.69E-12  0.00
  255 1.2750E+06    2   638     184   1.0  3.16E-07  1.61E-06  1.20E-11  0.00
  256 1.2800E+06    2   641     184   1.0  3.16E-07  1.61E-06  3.29E-12  0.00
  257 1.2850E+06    2   643     184   1.0  3.35E-07  1.99E-06  9.59E-12  0.00
  258 1.2900E+06    2   646     184   1.0  3.70E-07  2.71E-06  3.60E-12  0.00
  259 1.2950E+06    2   648     184   1.0  1.76E-06  1.14E-05  1.55E-11  0.00
  260 1.3000E+06    2   651     184   1.0  2.78E-06  1.70E-05  3.78E-11  0.00
  261 1.3050E+06    2   653     184   1.0  2.01E-06  1.32E-05  1.58E-12  0.00
  262 1.3100E+06    2   656     184   1.0  6.31E-07  3.71E-06  2.03E-12  0.00
  263 1.3150E+06    2   658     184   1.0  6.33E-07  3.72E-06  5.70E-12  0.00
  264 1.3200E+06    2   661     184   1.0  6.33E-07  3.72E-06  6.80E-12  0.00
  265 1.3250E+06    2   663     184   1.0  6.25E-07  3.63E-06  8.83E-12  0.00
  266 1.3300E+06    2   666     184   1.0  6.22E-07  3.60E-06  1.07E-13  0.00
  267 1.3350E+06    2   668     184   1.0  6.21E-07  3.60E-06  1.32E-12  0.00
  268 1.3400E+06    2   671     184   1.0  6.21E-07  3.60E-06  8.88E-14  0.00
  269 1.3450E+06    2   673     184   1.0  6.20E-07  3.59E-06  2.19E-11  0.00
  270 1.3500E+06    2   676     184   1.0  6.19E-07  3.59E-06  2.92E-11  0.00
  271 1.3550E+06    2   678     184   1.0  6.19E-07  3.59E-06  4.78E-12  0.00
  272 1.3600E+06    2   681     184   1.0  6.18E-07  3.58E-06  1.74E-12  0.00
  273 1.3650E+06    2   683     184   1.0  6.18E-07  3.58E-06  1.79E-11  0.00
  274 1.3700E+06    2   686     184   1.0  6.17E-07  3.57E-06  8.04E-13  0.00
  275 1.3750E+06    2   688     184   1.0  6.16E-07  3.57E-06  2.20E-13  0.00
  276 1.3800E+06    2   691     184   1.0  6.16E-07  3.57E-06  5.62E-13  0.00
  277 1.3850E+06    2   693     184   1.0  6.10E-07  3.51E-06  1.45E-12  0.00
  278 1.3900E+06    2   696     184   1.0  6.04E-07  3.45E-06  1.35E-11  0.00
  279 1.3950E+06    2   698     184   1.0  6.04E-07  3.45E-06  1.47E-12  0.00
  280 1.4000E+06    2   701     184   1.0  6.40E-07  3.46E-06  6.14E-12  0.00
  281 1.4050E+06    2   703     184   1.0  6.35E-07  3.46E-06  5.90E-12  0.00
  282 1.4100E+06    2   706     184   1.0  6.34E-07  3.46E-06  2.14E-14  0.00
  283 1.4150E+06    2   708     184   1.0  6.17E-07  3.34E-06  2.72E-11  0.00
  284 1.4200E+06    2   711     184   1.0  4.74E-07  2.50E-06  1.75E-12  0.00
  285 1.4250E+06    2   713     184   1.0  4.73E-07  2.50E-06  2.69E-12  0.00
  286 1.4300E+06    2   716     184   1.0  4.72E-07  2.49E-06  9.38E-12  0.00
  287 1.4350E+06    2   718     184   1.0  4.72E-07  2.49E-06  2.54E-13  0.00
  288 1.4400E+06    2   721     184   1.0  4.68E-07  2.45E-06  3.01E-11  0.00
  289 1.4450E+06    2   723     184   1.0  4.64E-07  2.42E-06  2.58E-11  0.00
  290 1.4500E+06    2   726     184   1.0  4.64E-07  2.42E-06  7.80E-14  0.00
  291 1.4550E+06    2   728     184   1.0  4.63E-07  2.42E-06  1.59E-12  0.00
  292 1.4600E+06    2   731     184   1.0  4.94E-07  2.53E-06  4.74E-13  0.00
  293 1.4650E+06    2   733     184   1.0  5.28E-07  2.70E-06  4.48E-12  0.00
  294 1.4700E+06    2   736     184   1.0  5.27E-07  2.70E-06  1.81E-12  0.00
  295 1.4750E+06    2   738     184   1.0  5.27E-07  2.69E-06  4.74E-14  0.00
  296 1.4800E+06    2   741     184   1.0  5.26E-07  2.69E-06  2.16E-12  0.00
  297 1.4850E+06    2   743     184   1.0  5.26E-07  2.69E-06  8.01E-12  0.00
  298 1.4900E+06    2   746     184   1.0  5.25E-07  2.69E-06  4.44E-12  0.00
  299 1.4950E+06    2   748     184   1.0  5.25E-07  2.68E-06  1.16E-12  0.00
  300 1.5000E+06    2   751     184   1.0  5.24E-07  2.68E-06  1.80E-12  0.00
  301 1.5050E+06    2   753     184   1.0  5.25E-07  2.68E-06  4.67E-12  0.00
  302 1.5100E+06    2   756     184   1.0  5.23E-07  2.67E-06  7.62E-13  0.00
  303 1.5150E+06    2   758     184   1.0  5.23E-07  2.67E-06  3.92E-15  0.00
  304 1.5200E+06    2   761     184   1.0  5.22E-07  2.67E-06  1.12E-12  0.00
  305 1.5250E+06    2   763     184   1.0  5.21E-07  2.67E-06  9.65E-10  0.00
  306 1.5300E+06    2   766     184   1.0  5.21E-07  2.66E-06  3.16E-12  0.00
  307 1.5350E+06    2   768     184   1.0  5.20E-07  2.67E-06  1.69E-12  0.00
  308 1.5400E+06    2   771     184   1.0  5.19E-07  2.67E-06  5.91E-15  0.00
  309 1.5450E+06    2   773     184   1.0  5.19E-07  2.67E-06  4.62E-13  0.00
  310 1.5500E+06    2   776     184   1.0  5.18E-07  2.66E-06  9.25E-12  0.00
  311 1.5550E+06    2   778     184   1.0  5.18E-07  2.66E-06  9.10E-12  0.00
  312 1.5600E+06    2   781     184   1.0  5.17E-07  2.66E-06  1.17E-12  0.00
  313 1.5650E+06    2   783     184   1.0  5.17E-07  2.65E-06  3.66E-12  0.00
  314 1.5700E+06    2   786     184   1.0  5.16E-07  2.65E-06  1.53E-12  0.00
  315 1.5750E+06    2   788     184   1.0  5.15E-07  2.65E-06  1.38E-12  0.00
  316 1.5800E+06    2   791     184   1.0  5.15E-07  2.65E-06  6.90E-11  0.00
  317 1.5850E+06    2   793     184   1.0  5.14E-07  2.64E-06  1.77E-11  0.00
  318 1.5900E+06    2   796     184   1.0  5.14E-07  2.64E-06  1.68E-12  0.00
  319 1.5950E+06    2   798     184   1.0  5.13E-07  2.64E-06  3.69E-13  0.00
  320 1.6000E+06    2   801     184   1.0  5.13E-07  2.64E-06  5.97E-13  0.00
  321 1.6050E+06    2   803     184   1.0  5.12E-07  2.63E-06  1.42E-13  0.00
  322 1.6100E+06    2   806     184   1.0  5.12E-07  2.63E-06  7.02E-12  0.00
  323 1.6150E+06    2   808     184   1.0  5.11E-07  2.63E-06  4.30E-11  0.00
  324 1.6200E+06    2   811     184   1.0  5.35E-07  2.63E-06  2.61E-12  0.00
  325 1.6250E+06    2   813     184   1.0  5.27E-07  2.62E-06  1.33E-12  0.00
  326 1.6300E+06    2   816     184   1.0  5.27E-07  2.62E-06  2.33E-12  0.00
  327 1.6350E+06    2   818     184   1.0  5.20E-07  2.64E-06  2.21E-12  0.00
  328 1.6400E+06    2   821     184   1.0  5.08E-07  2.65E-06  2.26E-12  0.00
  329 1.6450E+06    2   823     184   1.0  5.11E-07  2.64E-06  1.12E-13  0.00
  330 1.6500E+06    2   826     184   1.0  5.04E-07  2.63E-06  4.72E-11  0.00
  331 1.6550E+06    2   828     184   1.0  5.03E-07  2.63E-06  3.72E-12  0.00
  332 1.6600E+06    2   831     184   1.0  5.03E-07  2.63E-06  1.23E-11  0.00
  333 1.6650E+06    2   833     184   1.0  5.03E-07  2.63E-06  5.68E-12  0.00
  334 1.6700E+06    2   836     184   1.0  5.11E-07  2.68E-06  3.62E-12  0.00
  335 1.6750E+06    2   838     184   1.0  5.21E-07  2.74E-06  1.78E-12  0.00
  336 1.6800E+06    2   841     184   1.0  5.20E-07  2.74E-06  4.15E-12  0.00
  337 1.6850E+06    2   843     184   1.0  5.20E-07  2.73E-06  1.30E-12  0.00
  338 1.6900E+06    2   846     184   1.0  5.19E-07  2.73E-06  1.32E-10  0.00
  339 1.6950E+06    2   848     184   1.0  5.19E-07  2.73E-06  3.57E-12  0.00
  340 1.7000E+06    2   851     184   1.0  5.18E-07  2.73E-06  6.91E-12  0.00
  341 1.7050E+06    2   853     184   1.0  5.18E-07  2.72E-06  1.18E-13  0.00
  342 1.7100E+06    2   856     184   1.0  5.17E-07  2.72E-06  2.38E-11  0.00
  343 1.7150E+06    2   858     184   1.0  5.17E-07  2.72E-06  7.91E-10  0.00
  344 1.7200E+06    2   861     184   1.0  5.16E-07  2.72E-06  4.73E-12  0.00
  345 1.7250E+06    2   863     184   1.0  5.16E-07  2.71E-06  5.12E-11  0.00
  346 1.7300E+06    2   866     184   1.0  5.15E-07  2.71E-06  1.19E-12  0.00
  347 1.7350E+06    2   868     184   1.0  5.35E-07  2.88E-06  7.06E-12  0.00
  348 1.7400E+06    2   871     184   1.0  5.57E-07  3.18E-06  2.81E-11  0.00
  349 1.7450E+06    2   873     184   1.0  5.12E-07  3.10E-06  7.98E-10  0.00
  350 1.7500E+06    2   876     184   1.0  5.05E-07  3.07E-06  7.49E-12  0.00
  351 1.7550E+06    2   878     184   1.0  5.05E-07  3.07E-06  9.68E-13  0.00
  352 1.7600E+06    2   881     184   1.0  5.05E-07  3.07E-06  2.48E-12  0.00
  353 1.7650E+06    2   883     184   1.0  5.03E-07  3.06E-06  8.76E-08  0.00
  354 1.7700E+06    2   886     184   1.0  5.05E-07  3.00E-06  6.29E-12  0.00
  355 1.7750E+06    2   888     184   1.0  5.21E-07  2.97E-06  3.80E-11  0.00
  356 1.7800E+06    2   891     184   1.0  5.20E-07  2.97E-06  2.87E-12  0.00
  357 1.7850E+06    2   893     184   1.0  5.21E-07  2.97E-06  2.17E-09  0.00
  358 1.7900E+06    2   896     184   1.0  5.23E-07  3.14E-06  1.13E-09  0.00
  359 1.7950E+06    2   898     184   1.0  5.64E-07  3.44E-06  6.51E-10  0.00
  360 1.8000E+06    2   901     184   1.0  5.80E-07  3.54E-06  8.02E-12  0.00
  361 1.8050E+06    2   903     184   1.0  5.80E-07  3.53E-06  2.20E-12  0.00
  362 1.8100E+06    2   906     184   1.0  5.79E-07  3.53E-06  6.90E-13  0.00
  363 1.8150E+06    2   908     184   1.0  5.79E-07  3.53E-06  7.92E-13  0.00
  364 1.8200E+06    2   911     184   1.0  5.78E-07  3.52E-06  2.07E-11  0.00
  365 1.8250E+06    2   913     184   1.0  5.78E-07  3.52E-06  8.14E-13  0.00
  366 1.8300E+06    2   916     184   1.0  5.77E-07  3.52E-06  2.92E-11  0.00
  367 1.8350E+06    2   918     184   1.0  5.77E-07  3.51E-06  7.61E-12  0.00
  368 1.8400E+06    2   921     184   1.0  5.76E-07  3.51E-06  1.31E-11  0.00
  369 1.8450E+06    2   923     184   1.0  5.76E-07  3.51E-06  3.30E-14  0.00
  370 1.8500E+06    2   926     184   1.0  5.75E-07  3.50E-06  3.04E-12  0.00
  371 1.8550E+06    2   928     184   1.0  5.75E-07  3.50E-06  8.01E-12  0.00
  372 1.8600E+06    2   931     184   1.0  7.29E-07  3.86E-06  1.26E-12  0.00
  373 1.8650E+06    2   933     184   1.0  6.86E-07  3.70E-06  1.96E-12  0.00
  374 1.8700E+06    2   936     184   1.0  6.72E-07  3.65E-06  1.07E-11  0.00
  375 1.8750E+06    2   938     184   1.0  6.72E-07  3.65E-06  2.97E-12  0.00
  376 1.8800E+06    2   941     184   1.0  6.71E-07  3.65E-06  9.67E-12  0.00
  377 1.8850E+06    2   943     184   1.0  6.70E-07  3.64E-06  3.30E-13  0.00
  378 1.8900E+06    2   946     184   1.0  7.01E-07  3.68E-06  4.05E-12  0.00
  379 1.8950E+06    2   948     184   1.0  7.06E-07  3.68E-06  2.24E-11  0.00
  380 1.9000E+06    2   951     184   1.0  7.07E-07  3.69E-06  7.05E-12  0.00
  381 1.9050E+06    2   953     184   1.0  7.08E-07  3.70E-06  7.37E-12  0.00
  382 1.9100E+06    2   956     184   1.0  7.07E-07  3.69E-06  2.33E-13  0.00
  383 1.9150E+06    2   958     184   1.0  7.07E-07  3.69E-06  2.40E-13  0.00
  384 1.9200E+06    2   961     184   1.0  7.75E-07  4.12E-06  7.77E-12  0.00
  385 1.9250E+06    2   963     184   1.0  7.97E-07  4.26E-06  4.85E-12  0.00
  386 1.9300E+06    2   966     184   1.0  7.97E-07  4.26E-06  2.92E-12  0.00
  387 1.9350E+06    2   968     184   1.0  7.96E-07  4.25E-06  1.88E-11  0.00
  388 1.9400E+06    2   971     184   1.0  7.95E-07  4.25E-06  3.21E-11  0.00
  389 1.9450E+06    2   973     184   1.0  7.94E-07  4.24E-06  5.63E-12  0.00
  390 1.9500E+06    2   976     184   1.0  7.93E-07  4.24E-06  1.34E-11  0.00
  391 1.9550E+06    2   978     184   1.0  7.92E-07  4.23E-06  3.75E-12  0.00
  392 1.9600E+06    2   981     184   1.0  1.01E-06  5.58E-06  2.29E-12  0.00
  393 1.9650E+06    2   983     184   1.0  1.29E-06  7.35E-06  1.09E-13  0.00
  394 1.9700E+06    2   986     184   1.0  1.29E-06  7.33E-06  5.79E-13  0.00
  395 1.9750E+06    2   988     184   1.0  1.29E-06  7.32E-06  1.88E-12  0.00
  396 1.9800E+06    2   991     184   1.0  1.29E-06  7.30E-06  3.01E-12  0.00
  397 1.9850E+06    2   993     184   1.0  1.28E-06  7.29E-06  7.71E-11  0.00
  398 1.9900E+06    2   996     184   1.0  1.28E-06  7.27E-06  1.05E-11  0.00
  399 1.9950E+06    2   998     184   1.0  1.11E-06  6.27E-06  1.63E-11  0.00
  400 2.0000E+06    2  1001     184   1.0  9.56E-07  5.35E-06  1.25E-11  0.00
  401 2.0050E+06    2  1003     184   1.0  9.54E-07  5.35E-06  2.13E-12  0.00
  402 2.0100E+06    2  1006     184   1.0  9.53E-07  5.34E-06  4.08E-12  0.00
  403 2.0150E+06    2  1008     184   1.0  9.52E-07  5.33E-06  5.42E-12  0.00
  404 2.0200E+06    2  1011     184   1.0  9.51E-07  5.32E-06  5.16E-12  0.00
  405 2.0250E+06    2  1013     184   1.0  9.08E-07  5.00E-06  1.04E-10  0.00
  406 2.0300E+06    2  1016     184   1.0  7.65E-07  3.90E-06  4.55E-10  0.00
  407 2.0350E+06    2  1018     184   1.0  7.64E-07  3.90E-06  3.19E-11  0.00
  408 2.0400E+06    2  1021     184   1.0  7.63E-07  3.89E-06  1.35E-12  0.00
  409 2.0450E+06    2  1023     184   1.0  7.62E-07  3.89E-06  5.23E-12  0.00
  410 2.0500E+06    2  1026     184   1.0  7.61E-07  3.88E-06  3.38E-12  0.00
  411 2.0550E+06    2  1028     184   1.0  6.94E-07  3.62E-06  2.66E-11  0.00
  412 2.0600E+06    2  1031     184   1.0  6.57E-07  3.48E-06  9.59E-13  0.00
  413 2.0650E+06    2  1033     184   1.0  6.56E-07  3.48E-06  6.82E-13  0.00
  414 2.0700E+06    2  1036     184   1.0  6.55E-07  3.47E-06  7.19E-12  0.00
  415 2.0750E+06    2  1038     184   1.0  6.54E-07  3.47E-06  1.37E-11  0.00
  416 2.0800E+06    2  1041     184   1.0  6.54E-07  3.46E-06  7.17E-13  0.00
  417 2.0850E+06    2  1043     184   1.0  6.56E-07  3.47E-06  1.45E-08  0.00
  418 2.0900E+06    2  1046     184   1.0  6.74E-07  3.53E-06  4.05E-12  0.00
  419 2.0950E+06    2  1048     184   1.0  6.64E-07  3.53E-06  5.09E-12  0.00
  420 2.1000E+06    3  1051     184   1.0  6.63E-07  3.52E-06  3.62E-11  0.00
  421 2.1050E+06    3  1053     184   1.0  3.37E-07  1.77E-06  5.02E-12  0.00
  422 2.1100E+06    3  1056     184   1.0  3.35E-07  1.80E-06  7.31E-10  0.00
  423 2.1150E+06    3  1058     184   1.0  3.49E-07  1.87E-06  3.66E-13  0.00
  424 2.1200E+06    3  1061     184   1.0  3.49E-07  1.87E-06  4.03E-13  0.00
  425 2.1250E+06    3  1063     184   1.0  3.49E-07  1.87E-06  7.56E-12  0.00
  426 2.1300E+06    3  1066     184   1.0  3.49E-07  1.87E-06  9.83E-13  0.00
  427 2.1350E+06    3  1068     184   1.0  3.48E-07  1.87E-06  8.63E-14  0.00
  428 2.1400E+06    3  1071     184   1.0  3.48E-07  1.86E-06  9.99E-13  0.00
  429 2.1450E+06    3  1073     184   1.0  3.48E-07  1.86E-06  4.93E-12  0.00
  430 2.1500E+06    3  1076     184   1.0  3.48E-07  1.86E-06  3.26E-13  0.00
  431 2.1550E+06    3  1078     184   1.0  3.47E-07  1.86E-06  5.31E-13  0.00
  432 2.1600E+06    3  1081     184   1.0  3.47E-07  1.86E-06  3.50E-12  0.00
  433 2.1650E+06    3  1083     184   1.0  3.47E-07  1.86E-06  5.27E-14  0.00
  434 2.1700E+06    3  1086     184   1.0  3.47E-07  1.86E-06  1.00E-11  0.00
  435 2.1750E+06    3  1088     184   1.0  3.46E-07  1.85E-06  1.45E-12  0.00
  436 2.1800E+06    3  1091     184   1.0  3.46E-07  1.85E-06  1.36E-12  0.00
  437 2.1850E+06    3  1093     184   1.0  3.46E-07  1.85E-06  1.77E-12  0.00
  438 2.1900E+06    3  1096     184   1.0  3.46E-07  1.85E-06  1.47E-12  0.00
  439 2.1950E+06    3  1098     184   1.0  3.45E-07  1.85E-06  3.05E-14  0.00
  440 2.2000E+06    3  1101     184   1.0  3.45E-07  1.85E-06  1.46E-13  0.00
  441 2.2050E+06    3  1103     184   1.0  3.45E-07  1.85E-06  3.27E-12  0.00
  442 2.2100E+06    3  1106     184   1.0  3.45E-07  1.85E-06  1.87E-12  0.00
  443 2.2150E+06    3  1108     184   1.0  3.44E-07  1.84E-06  7.49E-13  0.00
  444 2.2200E+06    3  1111     184   1.0  3.44E-07  1.84E-06  9.41E-13  0.00
  445 2.2250E+06    3  1113     184   1.0  3.44E-07  1.84E-06  2.38E-13  0.00
  446 2.2300E+06    3  1116     184   1.0  3.44E-07  1.84E-06  2.22E-13  0.00
  447 2.2350E+06    3  1118     184   1.0  3.43E-07  1.84E-06  6.98E-12  0.00
  448 2.2400E+06    3  1121     184   1.0  3.43E-07  1.84E-06  3.67E-12  0.00
  449 2.2450E+06    3  1123     184   1.0  3.43E-07  1.84E-06  1.53E-12  0.00
  450 2.2500E+06    3  1126     184   1.0  3.43E-07  1.83E-06  1.25E-11  0.00
  451 2.2550E+06    3  1128     184   1.0  3.42E-07  1.83E-06  2.58E-13  0.00
  452 2.2600E+06    3  1131     184   1.0  3.42E-07  1.83E-06  8.53E-10  0.00
  453 2.2650E+06    3  1133     184   1.0  3.44E-07  1.84E-06  1.32E-12  0.00
  454 2.2700E+06    3  1136     184   1.0  3.44E-07  1.84E-06  1.56E-12  0.00
  455 2.2750E+06    3  1138     184   1.0  3.13E-07  1.68E-06  8.94E-13  0.00
  456 2.2800E+06    3  1141     184   1.0  3.01E-07  1.62E-06  4.41E-12  0.00
  457 2.2850E+06    3  1143     184   1.0  3.01E-07  1.62E-06  2.11E-12  0.00
  458 2.2900E+06    3  1146     184   1.0  3.00E-07  1.62E-06  1.37E-12  0.00
  459 2.2950E+06    3  1148     184   1.0  3.01E-07  1.63E-06  2.47E-12  0.00
  460 2.3000E+06    3  1151     184   1.0  3.02E-07  1.63E-06  9.76E-13  0.00
  461 2.3050E+06    3  1153     184   1.0  3.02E-07  1.63E-06  5.37E-11  0.00
  462 2.3100E+06    3  1156     184   1.0  3.01E-07  1.63E-06  1.86E-12  0.00
  463 2.3150E+06    3  1158     184   1.0  3.11E-07  1.69E-06  1.85E-12  0.00
  464 2.3200E+06    3  1161     184   1.0  3.20E-07  1.74E-06  8.36E-12  0.00
  465 2.3250E+06    3  1163     184   1.0  3.20E-07  1.74E-06  3.56E-13  0.00
  466 2.3300E+06    3  1166     184   1.0  3.20E-07  1.74E-06  4.67E-12  0.00
  467 2.3350E+06    3  1168     184   1.0  3.20E-07  1.74E-06  9.20E-13  0.00
  468 2.3400E+06    3  1171     184   1.0  3.19E-07  1.74E-06  2.01E-12  0.00
  469 2.3450E+06    3  1173     184   1.0  3.19E-07  1.73E-06  1.07E-11  0.00
  470 2.3500E+06    3  1176     184   1.0  3.19E-07  1.73E-06  8.83E-12  0.00
  471 2.3550E+06    3  1178     184   1.0  3.19E-07  1.73E-06  2.44E-12  0.00
  472 2.3600E+06    3  1181     184   1.0  3.32E-07  1.79E-06  8.25E-12  0.00
  473 2.3650E+06    3  1183     184   1.0  3.62E-07  1.90E-06  4.11E-12  0.00
  474 2.3700E+06    3  1186     184   1.0  3.61E-07  1.90E-06  2.96E-12  0.00
  475 2.3750E+06    3  1188     184   1.0  3.61E-07  1.90E-06  1.07E-12  0.00
  476 2.3800E+06    3  1191     184   1.0  3.61E-07  1.90E-06  4.57E-11  0.00
  477 2.3850E+06    3  1193     184   1.0  3.61E-07  1.90E-06  7.23E-13  0.00
  478 2.3900E+06    3  1196     184   1.0  3.61E-07  1.90E-06  6.10E-12  0.00
  479 2.3950E+06    3  1198     184   1.0  3.60E-07  1.90E-06  1.64E-12  0.00
  480 2.4000E+06    3  1201     184   1.0  3.60E-07  1.90E-06  2.15E-12  0.00
  481 2.4050E+06    3  1203     184   1.0  3.60E-07  1.90E-06  1.89E-12  0.00
  482 2.4100E+06    3  1206     184   1.0  3.60E-07  1.89E-06  6.95E-12  0.00
  483 2.4150E+06    3  1208     184   1.0  4.00E-07  2.08E-06  1.05E-09  0.00
  484 2.4200E+06    3  1211     184   1.0  4.24E-07  2.18E-06  7.41E-10  0.00
  485 2.4250E+06    3  1213     184   1.0  4.29E-07  2.18E-06  2.83E-10  0.00
  486 2.4300E+06    3  1216     184   1.0  4.25E-07  2.17E-06  9.99E-11  0.00
  487 2.4350E+06    3  1218     184   1.0  4.21E-07  2.17E-06  2.78E-10  0.00
  488 2.4400E+06    3  1221     184   1.0  4.27E-07  2.18E-06  1.49E-12  0.00
  489 2.4450E+06    3  1223     184   1.0  4.32E-07  2.19E-06  2.88E-12  0.00
  490 2.4500E+06    3  1226     184   1.0  4.32E-07  2.19E-06  1.11E-11  0.00
  491 2.4550E+06    3  1228     184   1.0  4.82E-07  2.54E-06  2.27E-11  0.00
  492 2.4600E+06    3  1231     184   1.0  4.94E-07  2.62E-06  1.21E-12  0.00
  493 2.4650E+06    3  1233     184   1.0  4.93E-07  2.62E-06  1.84E-12  0.00
  494 2.4700E+06    3  1236     184   1.0  4.93E-07  2.61E-06  2.76E-13  0.00
  495 2.4750E+06    3  1238     184   1.0  4.93E-07  2.61E-06  1.39E-12  0.00
  496 2.4800E+06    3  1241     184   1.0  4.92E-07  2.61E-06  3.27E-12  0.00
  497 2.4850E+06    3  1243     184   1.0  4.92E-07  2.61E-06  6.97E-12  0.00
  498 2.4900E+06    3  1246     184   1.0  4.92E-07  2.61E-06  2.07E-12  0.00
  499 2.4950E+06    3  1248     184   1.0  4.91E-07  2.61E-06  1.48E-11  0.00
  500 2.5000E+06    3  1251     184   1.0  6.36E-07  3.65E-06  8.96E-13  0.00
  501 2.5050E+06    3  1253     184   1.0  6.74E-07  3.88E-06  1.18E-12  0.00
  502 2.5100E+06    3  1256     184   1.0  6.73E-07  3.88E-06  2.37E-12  0.00
  503 2.5150E+06    3  1258     184   1.0  6.73E-07  3.87E-06  4.44E-11  0.00
  504 2.5200E+06    3  1261     184   1.0  6.72E-07  3.86E-06  1.49E-12  0.00
  505 2.5250E+06    3  1263     184   1.0  6.72E-07  3.86E-06  1.88E-12  0.00
  506 2.5300E+06    3  1266     184   1.0  6.71E-07  3.86E-06  1.22E-13  0.00
  507 2.5350E+06    3  1268     184   1.0  6.71E-07  3.85E-06  3.90E-12  0.00
  508 2.5400E+06    3  1271     184   1.0  6.70E-07  3.85E-06  1.01E-11  0.00
  509 2.5450E+06    3  1273     184   1.0  6.70E-07  3.85E-06  4.84E-13  0.00
  510 2.5500E+06    3  1276     184   1.0  6.69E-07  3.85E-06  2.62E-12  0.00
  511 2.5550E+06    3  1278     184   1.0  6.69E-07  3.84E-06  4.90E-13  0.00
  512 2.5600E+06    3  1281     184   1.0  6.68E-07  3.84E-06  7.48E-12  0.00
  513 2.5650E+06    3  1283     184   1.0  6.68E-07  3.84E-06  5.02E-13  0.00
  514 2.5700E+06    3  1286     184   1.0  6.67E-07  3.84E-06  3.82E-12  0.00
  515 2.5750E+06    3  1288     184   1.0  6.67E-07  3.83E-06  8.32E-13  0.00
  516 2.5800E+06    3  1291     184   1.0  6.67E-07  3.83E-06  1.81E-13  0.00
  517 2.5850E+06    3  1293     184   1.0  6.66E-07  3.83E-06  1.29E-12  0.00
  518 2.5900E+06    3  1296     184   1.0  6.66E-07  3.83E-06  2.10E-12  0.00
  519 2.5950E+06    3  1298     184   1.0  6.65E-07  3.82E-06  5.80E-12  0.00
  520 2.6000E+06    3  1301     184   1.0  6.65E-07  3.82E-06  3.46E-13  0.00
  521 2.6050E+06    3  1303     184   1.0  6.64E-07  3.82E-06  1.82E-11  0.00
  522 2.6100E+06    3  1306     184   1.0  6.64E-07  3.82E-06  1.66E-12  0.00
  523 2.6150E+06    3  1308     184   1.0  6.63E-07  3.82E-06  2.34E-13  0.00
  524 2.6200E+06    3  1311     184   1.0  6.63E-07  3.81E-06  1.12E-12  0.00
  525 2.6250E+06    3  1313     184   1.0  6.64E-07  3.81E-06  2.78E-10  0.00
  526 2.6300E+06    3  1316     184   1.0  6.44E-07  3.85E-06  3.68E-12  0.00
  527 2.6350E+06    3  1318     184   1.0  6.43E-07  3.85E-06  1.18E-12  0.00
  528 2.6400E+06    3  1321     184   1.0  6.43E-07  3.85E-06  5.69E-10  0.00
  529 2.6450E+06    3  1323     184   1.0  6.42E-07  3.84E-06  2.68E-13  0.00
  530 2.6500E+06    3  1326     184   1.0  6.42E-07  3.84E-06  9.46E-12  0.00
  531 2.6550E+06    3  1328     184   1.0  6.41E-07  3.84E-06  7.68E-12  0.00
  532 2.6600E+06    3  1331     184   1.0  6.41E-07  3.84E-06  3.97E-12  0.00
  533 2.6650E+06    3  1333     184   1.0  6.41E-07  3.83E-06  5.72E-11  0.00
  534 2.6700E+06    3  1336     184   1.0  6.40E-07  3.83E-06  4.93E-13  0.00
  535 2.6750E+06    3  1338     184   1.0  6.40E-07  3.83E-06  1.49E-12  0.00
  536 2.6800E+06    3  1341     184   1.0  6.39E-07  3.83E-06  4.06E-12  0.00
  537 2.6850E+06    3  1343     184   1.0  6.39E-07  3.82E-06  2.59E-11  0.00
  538 2.6900E+06    3  1346     184   1.0  6.39E-07  3.82E-06  8.08E-13  0.00
  539 2.6950E+06    3  1348     184   1.0  6.38E-07  3.82E-06  1.39E-13  0.00
  540 2.7000E+06    3  1351     184   1.0  6.38E-07  3.82E-06  4.31E-12  0.00
  541 2.7050E+06    3  1353     184   1.0  6.37E-07  3.82E-06  6.00E-12  0.00
  542 2.7100E+06    3  1356     184   1.0  6.37E-07  3.81E-06  3.18E-12  0.00
  543 2.7150E+06    3  1358     184   1.0  6.37E-07  3.81E-06  1.26E-12  0.00
  544 2.7200E+06    3  1361     184   1.0  6.36E-07  3.81E-06  1.11E-11  0.00
  545 2.7250E+06    3  1363     184   1.0  6.36E-07  3.81E-06  9.88E-13  0.00
  546 2.7300E+06    3  1366     184   1.0  6.35E-07  3.80E-06  3.35E-11  0.00
  547 2.7350E+06    3  1368     184   1.0  6.35E-07  3.80E-06  5.79E-12  0.00
  548 2.7400E+06    3  1371     184   1.0  6.35E-07  3.80E-06  2.16E-12  0.00
  549 2.7450E+06    3  1373     184   1.0  6.34E-07  3.80E-06  2.43E-12  0.00
  550 2.7500E+06    3  1376     184   1.0  5.02E-07  2.83E-06  2.22E-11  0.00
  551 2.7550E+06    3  1378     184   1.0  4.18E-07  2.29E-06  2.39E-12  0.00
  552 2.7600E+06    3  1381     184   1.0  4.17E-07  2.29E-06  5.59E-11  0.00
  553 2.7650E+06    3  1383     184   1.0  4.17E-07  2.29E-06  2.68E-12  0.00
  554 2.7700E+06    3  1386     184   1.0  4.17E-07  2.29E-06  1.00E-12  0.00
  555 2.7750E+06    3  1388     184   1.0  4.23E-07  2.29E-06  1.75E-12  0.00
  556 2.7800E+06    3  1391     184   1.0  4.24E-07  2.29E-06  4.81E-11  0.00
  557 2.7850E+06    3  1393     184   1.0  4.23E-07  2.29E-06  1.59E-12  0.00
  558 2.7900E+06    3  1396     184   1.0  4.23E-07  2.29E-06  5.84E-12  0.00
  559 2.7950E+06    3  1398     184   1.0  4.23E-07  2.29E-06  7.26E-11  0.00
  560 2.8000E+06    3  1401     184   1.0  4.23E-07  2.28E-06  1.80E-12  0.00
  561 2.8050E+06    3  1403     184   1.0  4.23E-07  2.28E-06  5.57E-12  0.00
  562 2.8100E+06    3  1406     184   1.0  4.22E-07  2.28E-06  3.19E-12  0.00
  563 2.8150E+06    3  1408     184   1.0  4.22E-07  2.28E-06  1.45E-12  0.00
  564 2.8200E+06    3  1411     184   1.0  4.22E-07  2.28E-06  8.72E-12  0.00
  565 2.8250E+06    3  1413     184   1.0  4.22E-07  2.28E-06  1.38E-12  0.00
  566 2.8300E+06    3  1416     184   1.0  4.21E-07  2.28E-06  2.46E-13  0.00
  567 2.8350E+06    3  1418     184   1.0  4.21E-07  2.28E-06  7.41E-13  0.00
  568 2.8400E+06    3  1421     184   1.0  4.21E-07  2.28E-06  2.33E-14  0.00
  569 2.8450E+06    3  1423     184   1.0  4.21E-07  2.27E-06  2.75E-12  0.00
  570 2.8500E+06    3  1426     184   1.0  4.21E-07  2.27E-06  5.38E-12  0.00
  571 2.8550E+06    3  1428     184   1.0  4.20E-07  2.27E-06  2.48E-12  0.00
  572 2.8600E+06    3  1431     184   1.0  4.20E-07  2.27E-06  2.81E-13  0.00
  573 2.8650E+06    3  1433     184   1.0  4.20E-07  2.27E-06  2.73E-12  0.00
  574 2.8700E+06    3  1436     184   1.0  4.20E-07  2.27E-06  1.11E-12  0.00
  575 2.8750E+06    3  1438     184   1.0  4.19E-07  2.27E-06  3.18E-13  0.00
  576 2.8800E+06    3  1441     184   1.0  4.19E-07  2.27E-06  1.16E-12  0.00
  577 2.8850E+06    3  1443     184   1.0  4.19E-07  2.27E-06  1.18E-11  0.00
  578 2.8900E+06    3  1446     184   1.0  4.19E-07  2.26E-06  2.15E-12  0.00
  579 2.8950E+06    3  1448     184   1.0  4.19E-07  2.26E-06  3.09E-12  0.00
  580 2.9000E+06    3  1451     184   1.0  4.18E-07  2.26E-06  1.29E-11  0.00
  581 2.9050E+06    3  1453     184   1.0  4.18E-07  2.26E-06  3.01E-12  0.00
  582 2.9100E+06    3  1456     184   1.0  4.18E-07  2.26E-06  4.97E-12  0.00
  583 2.9150E+06    3  1458     184   1.0  4.18E-07  2.26E-06  5.08E-10  0.00
  584 2.9200E+06    3  1461     183   1.0  4.18E-07  2.26E-06  3.89E-12  0.00
  585 2.9250E+06    3  1463     183   1.0  4.17E-07  2.26E-06  2.02E-12  0.00
  586 2.9300E+06    3  1466     183   1.0  4.17E-07  2.25E-06  1.99E-12  0.00
  587 2.9350E+06    3  1468     183   1.0  4.17E-07  2.25E-06  7.18E-14  0.00
  588 2.9400E+06    3  1471     183   1.0  4.17E-07  2.25E-06  2.55E-12  0.00
  589 2.9450E+06    3  1473     183   1.0  4.16E-07  2.25E-06  6.14E-14  0.00
  590 2.9500E+06    3  1476     183   1.0  4.16E-07  2.25E-06  5.88E-13  0.00
  591 2.9550E+06    3  1478     183   1.0  4.16E-07  2.25E-06  1.27E-11  0.00
  592 2.9600E+06    3  1481     183   1.0  4.16E-07  2.25E-06  1.77E-12  0.00
  593 2.9650E+06    3  1483     183   1.0  4.10E-07  2.22E-06  2.33E-12  0.00
  594 2.9700E+06    3  1486     183   1.0  4.10E-07  2.22E-06  1.33E-11  0.00
  595 2.9750E+06    3  1488     183   1.0  4.10E-07  2.22E-06  1.11E-12  0.00
  596 2.9800E+06    3  1491     183   1.0  4.09E-07  2.22E-06  2.91E-13  0.00
  597 2.9850E+06    3  1493     183   1.0  4.09E-07  2.22E-06  5.10E-12  0.00
  598 2.9900E+06    3  1496     183   1.0  4.09E-07  2.22E-06  2.88E-12  0.00
  599 2.9950E+06    3  1498     183   1.0  4.09E-07  2.21E-06  6.77E-12  0.00
  600 3.0000E+06    3  1501     183   1.0  4.08E-07  2.21E-06  1.49E-12  0.00
  601 3.0050E+06    3  1503     183   1.0  4.08E-07  2.21E-06  7.83E-12  0.00
  602 3.0100E+06    3  1506     183   1.0  4.08E-07  2.21E-06  4.33E-13  0.00
  603 3.0150E+06    3  1508     183   1.0  4.08E-07  2.21E-06  1.04E-12  0.00
  604 3.0200E+06    3  1511     183   1.0  4.08E-07  2.21E-06  2.30E-12  0.00
  605 3.0250E+06    3  1513     183   1.0  4.07E-07  2.21E-06  2.24E-12  0.00
  606 3.0300E+06    3  1516     183   1.0  4.07E-07  2.21E-06  3.55E-12  0.00
  607 3.0350E+06    3  1518     183   1.0  4.07E-07  2.21E-06  1.12E-12  0.00
  608 3.0400E+06    3  1521     183   1.0  4.07E-07  2.20E-06  3.83E-13  0.00
  609 3.0450E+06    3  1523     183   1.0  4.06E-07  2.20E-06  1.53E-13  0.00
  610 3.0500E+06    3  1526     183   1.0  4.06E-07  2.20E-06  1.03E-12  0.00
  611 3.0550E+06    3  1528     183   1.0  4.06E-07  2.20E-06  3.13E-13  0.00
  612 3.0600E+06    3  1531     183   1.0  4.06E-07  2.20E-06  7.89E-13  0.00
  613 3.0650E+06    3  1533     183   1.0  4.06E-07  2.20E-06  4.34E-12  0.00
  614 3.0700E+06    3  1536     183   1.0  4.05E-07  2.20E-06  1.69E-12  0.00
  615 3.0750E+06    3  1538     183   1.0  4.05E-07  2.20E-06  2.83E-12  0.00
  616 3.0800E+06    3  1541     183   1.0  4.05E-07  2.20E-06  3.50E-11  0.00
  617 3.0850E+06    3  1543     183   1.0  4.05E-07  2.19E-06  3.01E-12  0.00
  618 3.0900E+06    3  1546     183   1.0  4.05E-07  2.19E-06  4.97E-13  0.00
  619 3.0950E+06    3  1548     183   1.0  4.04E-07  2.19E-06  4.32E-14  0.00
  620 3.1000E+06    3  1551     183   1.0  4.20E-07  2.33E-06  9.61E-10  0.00
  621 3.1050E+06    3  1553     183   1.0  4.17E-07  2.34E-06  2.31E-10  0.00
  622 3.1100E+06    3  1556     183   1.0  4.17E-07  2.34E-06  1.72E-10  0.00
  623 3.1150E+06    3  1558     183   1.0  4.17E-07  2.34E-06  1.27E-10  0.00
  624 3.1200E+06    3  1561     183   1.0  4.17E-07  2.34E-06  1.30E-09  0.00
  625 3.1250E+06    3  1563     183   1.0  4.17E-07  2.34E-06  3.56E-11  0.00
  626 3.1300E+06    3  1566     183   1.0  4.19E-07  2.34E-06  2.46E-10  0.00
  627 3.1350E+06    3  1568     183   1.0  4.21E-07  2.35E-06  4.60E-10  0.00
  628 3.1400E+06    3  1571     183   1.0  4.21E-07  2.36E-06  9.44E-12  0.00
  629 3.1450E+06    3  1573     183   1.0  4.22E-07  2.37E-06  4.06E-12  0.00
  630 3.1500E+06    3  1576     183   1.0  4.22E-07  2.37E-06  8.95E-13  0.00
  631 3.1550E+06    3  1578     183   1.0  4.22E-07  2.37E-06  3.68E-12  0.00
  632 3.1600E+06    3  1581     183   1.0  4.21E-07  2.36E-06  2.31E-12  0.00
  633 3.1650E+06    3  1583     183   1.0  4.21E-07  2.36E-06  1.19E-11  0.00
  634 3.1700E+06    3  1586     183   1.0  4.21E-07  2.36E-06  2.43E-12  0.00
  635 3.1750E+06    3  1588     183   1.0  4.21E-07  2.36E-06  1.31E-11  0.00
  636 3.1800E+06    3  1591     184   1.0  4.20E-07  2.36E-06  1.19E-12  0.00
  637 3.1850E+06    3  1593     184   1.0  4.20E-07  2.36E-06  8.23E-12  0.00
  638 3.1900E+06    3  1596     184   1.0  4.20E-07  2.36E-06  1.77E-12  0.00
  639 3.1950E+06    3  1598     184   1.0  4.20E-07  2.36E-06  1.19E-12  0.00
  640 3.2000E+06    3  1601     184   1.0  4.20E-07  2.36E-06  6.77E-14  0.00
  641 3.2050E+06    3  1603     184   1.0  4.19E-07  2.35E-06  2.62E-11  0.00
  642 3.2100E+06    3  1606     184   1.0  4.14E-07  2.35E-06  1.80E-12  0.00
  643 3.2150E+06    3  1608     184   1.0  4.10E-07  2.35E-06  5.11E-13  0.00
  644 3.2200E+06    3  1611     184   1.0  4.10E-07  2.35E-06  6.12E-13  0.00
  645 3.2250E+06    3  1613     184   1.0  4.11E-07  2.37E-06  3.95E-13  0.00
  646 3.2300E+06    3  1616     184   1.0  4.12E-07  2.38E-06  5.50E-13  0.00
  647 3.2350E+06    3  1618     184   1.0  4.12E-07  2.38E-06  2.14E-12  0.00
  648 3.2400E+06    3  1621     184   1.0  4.29E-07  2.48E-06  3.62E-12  0.00
  649 3.2450E+06    3  1623     184   1.0  4.29E-07  2.48E-06  6.16E-12  0.00
  650 3.2500E+06    3  1626     184   1.0  4.29E-07  2.48E-06  1.21E-12  0.00
  651 3.2550E+06    3  1628     184   1.0  4.29E-07  2.48E-06  9.05E-12  0.00
  652 3.2600E+06    3  1631     184   1.0  4.28E-07  2.48E-06  1.24E-12  0.00
  653 3.2650E+06    3  1633     184   1.0  4.28E-07  2.48E-06  5.18E-13  0.00
  654 3.2700E+06    3  1636     184   1.0  3.60E-07  1.85E-06  3.05E-11  0.00
  655 3.2750E+06    3  1638     184   1.0  2.27E-07  1.09E-06  2.87E-12  0.00
  656 3.2800E+06    3  1641     184   1.0  2.27E-07  1.09E-06  4.05E-13  0.00
  657 3.2850E+06    3  1643     184   1.0  2.27E-07  1.09E-06  1.54E-13  0.00
  658 3.2900E+06    3  1646     184   1.0  2.27E-07  1.09E-06  3.68E-12  0.00
  659 3.2950E+06    3  1648     184   1.0  2.27E-07  1.09E-06  7.19E-13  0.00
  660 3.3000E+06    3  1651     184   1.0  2.27E-07  1.08E-06  5.78E-13  0.00
  661 3.3050E+06    3  1653     184   1.0  2.27E-07  1.08E-06  1.49E-12  0.00
  662 3.3100E+06    3  1656     184   1.0  2.27E-07  1.08E-06  1.15E-13  0.00
  663 3.3150E+06    3  1658     184   1.0  2.27E-07  1.08E-06  1.27E-11  0.00
  664 3.3200E+06    3  1661     184   1.0  2.27E-07  1.08E-06  2.17E-10  0.00
  665 3.3250E+06    3  1663     184   1.0  2.27E-07  1.08E-06  3.65E-11  0.00
  666 3.3300E+06    3  1666     184   1.0  2.26E-07  1.08E-06  2.95E-12  0.00
  667 3.3350E+06    3  1668     184   1.0  2.26E-07  1.08E-06  4.55E-13  0.00
  668 3.3400E+06    3  1671     184   1.0  2.26E-07  1.08E-06  1.29E-13  0.00
  669 3.3450E+06    3  1673     184   1.0  2.26E-07  1.08E-06  1.19E-11  0.00
  670 3.3500E+06    3  1676     184   1.0  2.26E-07  1.08E-06  2.83E-12  0.00
  671 3.3550E+06    3  1678     184   1.0  2.26E-07  1.08E-06  2.42E-13  0.00
  672 3.3600E+06    3  1681     184   1.0  2.26E-07  1.08E-06  3.48E-13  0.00
  673 3.3650E+06    3  1683     184   1.0  2.26E-07  1.08E-06  5.55E-12  0.00
  674 3.3700E+06    3  1686     184   1.0  2.25E-07  1.07E-06  6.31E-13  0.00
  675 3.3750E+06    3  1688     184   1.0  2.24E-07  1.06E-06  8.82E-13  0.00
  676 3.3800E+06    3  1691     184   1.0  2.28E-07  1.09E-06  1.23E-09  0.00
  677 3.3850E+06    3  1693     184   1.0  2.69E-07  1.40E-06  2.55E-10  0.00
  678 3.3900E+06    3  1696     184   1.0  2.73E-07  1.42E-06  4.22E-13  0.00
  679 3.3950E+06    3  1698     184   1.0  2.73E-07  1.42E-06  1.53E-12  0.00
  680 3.4000E+06    3  1701     184   1.0  2.73E-07  1.42E-06  1.76E-13  0.00
  681 3.4050E+06    3  1703     184   1.0  2.86E-07  1.52E-06  2.09E-12  0.00
  682 3.4100E+06    3  1706     184   1.0  2.95E-07  1.58E-06  4.98E-13  0.00
  683 3.4150E+06    3  1708     184   1.0  2.94E-07  1.58E-06  8.15E-14  0.00
  684 3.4200E+06    3  1711     184   1.0  2.94E-07  1.58E-06  9.93E-13  0.00
  685 3.4250E+06    3  1713     184   1.0  2.94E-07  1.58E-06  1.03E-13  0.00
  686 3.4300E+06    3  1716     184   1.0  2.94E-07  1.58E-06  1.56E-12  0.00
  687 3.4350E+06    3  1718     184   1.0  3.23E-07  1.76E-06  8.84E-11  0.00
  688 3.4400E+06    3  1721     184   1.0  3.77E-07  2.09E-06  2.43E-12  0.00
  689 3.4450E+06    3  1723     184   1.0  3.77E-07  2.09E-06  5.40E-12  0.00
  690 3.4500E+06    3  1726     184   1.0  3.75E-07  2.07E-06  1.07E-12  0.00
  691 3.4550E+06    3  1728     184   1.0  3.75E-07  2.06E-06  2.80E-12  0.00
  692 3.4600E+06    3  1731     184   1.0  3.76E-07  2.07E-06  7.92E-13  0.00
  693 3.4650E+06    3  1733     184   1.0  3.76E-07  2.07E-06  2.03E-13  0.00
  694 3.4700E+06    3  1736     184   1.0  3.76E-07  2.06E-06  2.13E-12  0.00
  695 3.4750E+06    3  1738     184   1.0  3.76E-07  2.06E-06  3.32E-13  0.00
  696 3.4800E+06    3  1741     184   1.0  3.75E-07  2.06E-06  3.25E-12  0.00
  697 3.4850E+06    3  1743     184   1.0  3.75E-07  2.06E-06  2.95E-11  0.00
  698 3.4900E+06    3  1746     184   1.0  3.75E-07  2.06E-06  9.90E-15  0.00
  699 3.4950E+06    3  1748     184   1.0  3.75E-07  2.06E-06  2.97E-12  0.00
  700 3.5000E+06    3  1751     184   1.0  3.75E-07  2.06E-06  7.58E-13  0.00
  701 3.5050E+06    3  1753     184   1.0  3.75E-07  2.06E-06  2.74E-11  0.00
  702 3.5100E+06    3  1756     184   1.0  3.74E-07  2.06E-06  4.76E-13  0.00
  703 3.5150E+06    3  1758     184   1.0  3.74E-07  2.06E-06  6.48E-13  0.00
  704 3.5200E+06    3  1761     184   1.0  3.74E-07  2.05E-06  8.37E-13  0.00
  705 3.5250E+06    3  1763     184   1.0  3.74E-07  2.05E-06  9.00E-11  0.00
  706 3.5300E+06    3  1766     184   1.0  3.74E-07  2.05E-06  2.36E-12  0.00
  707 3.5350E+06    3  1768     184   1.0  3.74E-07  2.05E-06  4.11E-13  0.00
  708 3.5400E+06    3  1771     184   1.0  3.73E-07  2.05E-06  2.32E-12  0.00
  709 3.5450E+06    3  1773     184   1.0  3.73E-07  2.05E-06  2.19E-12  0.00
  710 3.5500E+06    3  1776     184   1.0  3.73E-07  2.05E-06  3.09E-13  0.00
  711 3.5550E+06    3  1778     184   1.0  3.73E-07  2.05E-06  1.35E-12  0.00
  712 3.5600E+06    3  1781     184   1.0  3.73E-07  2.05E-06  7.88E-12  0.00
  713 3.5650E+06    3  1783     184   1.0  3.72E-07  2.05E-06  1.08E-12  0.00
  714 3.5700E+06    3  1786     184   1.0  3.72E-07  2.04E-06  6.74E-13  0.00
  715 3.5750E+06    3  1788     184   1.0  3.72E-07  2.04E-06  3.53E-14  0.00
  716 3.5800E+06    3  1791     183   1.0  3.72E-07  2.04E-06  6.33E-11  0.00
  717 3.5850E+06    3  1793     183   1.0  3.72E-07  2.04E-06  6.82E-12  0.00
  718 3.5900E+06    3  1796     183   1.0  3.72E-07  2.04E-06  4.50E-13  0.00
  719 3.5950E+06    3  1798     183   1.0  3.71E-07  2.04E-06  9.64E-12  0.00
  720 3.6000E+06    3  1801     183   1.0  3.71E-07  2.04E-06  1.82E-11  0.00
  721 3.6050E+06    3  1803     183   1.0  3.71E-07  2.04E-06  8.09E-13  0.00
  722 3.6100E+06    3  1806     183   1.0  3.71E-07  2.04E-06  2.46E-12  0.00
  723 3.6150E+06    3  1808     183   1.0  3.71E-07  2.03E-06  9.27E-11  0.00
  724 3.6200E+06    3  1811     183   1.0  3.71E-07  2.03E-06  1.07E-13  0.00
  725 3.6250E+06    3  1813     183   1.0  3.70E-07  2.03E-06  5.21E-14  0.00
  726 3.6300E+06    3  1816     183   1.0  3.70E-07  2.03E-06  7.05E-13  0.00
  727 3.6350E+06    3  1818     183   1.0  3.70E-07  2.03E-06  4.18E-13  0.00
  728 3.6400E+06    3  1821     183   1.0  3.70E-07  2.03E-06  4.61E-12  0.00
  729 3.6450E+06    3  1823     183   1.0  3.70E-07  2.03E-06  3.76E-13  0.00
  730 3.6500E+06    3  1826     183   1.0  3.69E-07  2.03E-06  4.57E-12  0.00
  731 3.6550E+06    3  1828     183   1.0  3.69E-07  2.03E-06  2.66E-12  0.00
  732 3.6600E+06    3  1831     183   1.0  3.69E-07  2.03E-06  4.60E-13  0.00
  733 3.6650E+06    3  1833     183   1.0  3.69E-07  2.02E-06  4.15E-13  0.00
  734 3.6700E+06    3  1836     183   1.0  3.69E-07  2.02E-06  4.93E-13  0.00
  735 3.6750E+06    3  1838     183   1.0  3.69E-07  2.02E-06  2.67E-13  0.00
  736 3.6800E+06    3  1841     183   1.0  3.68E-07  2.02E-06  8.51E-13  0.00
  737 3.6850E+06    3  1843     183   1.0  3.68E-07  2.02E-06  2.00E-12  0.00
  738 3.6900E+06    3  1846     183   1.0  3.68E-07  2.02E-06  3.69E-12  0.00
  739 3.6950E+06    3  1848     183   1.0  3.68E-07  2.02E-06  8.07E-12  0.00
  740 3.7000E+06    3  1851     183   1.0  3.68E-07  2.02E-06  1.55E-12  0.00
  741 3.7050E+06    3  1853     183   1.0  3.67E-07  2.02E-06  9.37E-13  0.00
  742 3.7100E+06    3  1856     183   1.0  3.67E-07  2.01E-06  6.49E-12  0.00
  743 3.7150E+06    3  1858     183   1.0  3.67E-07  2.01E-06  8.23E-13  0.00
  744 3.7200E+06    3  1861     183   1.0  3.67E-07  2.01E-06  4.44E-13  0.00
  745 3.7250E+06    3  1863     183   1.0  3.67E-07  2.01E-06  5.21E-13  0.00
  746 3.7300E+06    3  1866     183   1.0  3.67E-07  2.01E-06  1.64E-12  0.00
  747 3.7350E+06    3  1868     183   1.0  3.66E-07  2.01E-06  4.53E-13  0.00
  748 3.7400E+06    3  1871     184   1.0  3.66E-07  2.01E-06  4.53E-13  0.00
  749 3.7450E+06    3  1873     184   1.0  3.66E-07  2.01E-06  1.67E-11  0.00
  750 3.7500E+06    3  1876     184   1.0  3.66E-07  2.01E-06  1.79E-12  0.00
  751 3.7550E+06    3  1878     184   1.0  3.66E-07  2.01E-06  1.61E-12  0.00
  752 3.7600E+06    3  1881     184   1.0  3.65E-07  2.00E-06  4.59E-12  0.00
  753 3.7650E+06    3  1883     184   1.0  3.66E-07  2.00E-06  2.72E-12  0.00
  754 3.7700E+06    3  1886     184   1.0  3.65E-07  2.00E-06  1.39E-11  0.00
  755 3.7750E+06    3  1888     184   1.0  3.65E-07  2.00E-06  6.66E-12  0.00
  756 3.7800E+06    3  1891     184   1.0  3.65E-07  2.00E-06  1.19E-12  0.00
  757 3.7850E+06    3  1893     184   1.0  3.65E-07  2.00E-06  8.88E-12  0.00
  758 3.7900E+06    3  1896     184   1.0  3.64E-07  2.00E-06  5.89E-13  0.00
  759 3.7950E+06    3  1898     184   1.0  3.64E-07  2.00E-06  2.60E-12  0.00
  760 3.8000E+06    3  1901     184   1.0  3.64E-07  2.00E-06  1.83E-14  0.00
  761 3.8050E+06    3  1903     184   1.0  3.64E-07  1.99E-06  1.63E-12  0.00
  762 3.8100E+06    3  1906     184   1.0  3.64E-07  1.99E-06  1.87E-12  0.00
  763 3.8150E+06    3  1908     184   1.0  3.63E-07  1.99E-06  2.10E-12  0.00
  764 3.8200E+06    3  1911     184   1.0  3.63E-07  1.99E-06  4.28E-12  0.00
  765 3.8250E+06    3  1913     184   1.0  3.63E-07  1.99E-06  2.07E-12  0.00
  766 3.8300E+06    3  1916     184   1.0  3.63E-07  1.99E-06  5.54E-12  0.00
  767 3.8350E+06    3  1918     184   1.0  3.63E-07  1.99E-06  7.30E-12  0.00
  768 3.8400E+06    3  1921     184   1.0  3.62E-07  1.99E-06  1.50E-12  0.00
  769 3.8450E+06    3  1923     184   1.0  3.62E-07  1.99E-06  1.05E-12  0.00
  770 3.8500E+06    3  1926     184   1.0  3.62E-07  1.98E-06  6.06E-13  0.00
  771 3.8550E+06    3  1928     184   1.0  3.62E-07  1.98E-06  1.44E-12  0.00
  772 3.8600E+06    3  1931     184   1.0  3.62E-07  1.98E-06  5.04E-13  0.00
  773 3.8650E+06    3  1933     184   1.0  3.62E-07  1.98E-06  8.27E-13  0.00
  774 3.8700E+06    3  1936     184   1.0  3.61E-07  1.98E-06  3.77E-14  0.00
  775 3.8750E+06    3  1938     184   1.0  3.61E-07  1.98E-06  6.16E-13  0.00
  776 3.8800E+06    3  1941     184   1.0  3.61E-07  1.98E-06  4.62E-13  0.00
  777 3.8850E+06    3  1943     184   1.0  3.61E-07  1.98E-06  6.10E-13  0.00
  778 3.8900E+06    3  1946     184   1.0  3.61E-07  1.98E-06  1.70E-12  0.00
  779 3.8950E+06    3  1948     184   1.0  3.60E-07  1.97E-06  2.03E-13  0.00
  780 3.9000E+06    3  1951     184   1.0  3.60E-07  1.97E-06  1.09E-12  0.00
  781 3.9050E+06    3  1953     184   1.0  3.60E-07  1.97E-06  3.00E-11  0.00
  782 3.9100E+06    3  1956     184   1.0  3.60E-07  1.97E-06  1.05E-12  0.00
  783 3.9150E+06    3  1958     184   1.0  3.60E-07  1.97E-06  6.29E-14  0.00
  784 3.9200E+06    3  1961     184   1.0  3.60E-07  1.97E-06  4.71E-14  0.00
  785 3.9250E+06    3  1963     184   1.0  3.59E-07  1.97E-06  2.02E-12  0.00
  786 3.9300E+06    3  1966     184   1.0  3.59E-07  1.97E-06  2.73E-12  0.00
  787 3.9350E+06    3  1968     184   1.0  3.59E-07  1.97E-06  1.95E-13  0.00
  788 3.9400E+06    3  1971     184   1.0  3.59E-07  1.97E-06  8.05E-13  0.00
  789 3.9450E+06    3  1973     184   1.0  3.59E-07  1.96E-06  7.44E-12  0.00
  790 3.9500E+06    3  1976     184   1.0  3.58E-07  1.96E-06  6.24E-13  0.00
  791 3.9550E+06    3  1978     184   1.0  3.58E-07  1.96E-06  5.49E-13  0.00
  792 3.9600E+06    3  1981     184   1.0  3.58E-07  1.96E-06  1.03E-12  0.00
  793 3.9650E+06    3  1983     184   1.0  3.58E-07  1.96E-06  1.32E-12  0.00
  794 3.9700E+06    3  1986     184   1.0  3.58E-07  1.96E-06  2.09E-11  0.00
  795 3.9750E+06    3  1988     184   1.0  3.57E-07  1.96E-06  1.26E-12  0.00
  796 3.9800E+06    3  1991     184   1.0  3.57E-07  1.96E-06  3.95E-13  0.00
  797 3.9850E+06    3  1993     184   1.0  3.57E-07  1.96E-06  2.07E-11  0.00
  798 3.9900E+06    3  1996     183   1.0  3.57E-07  1.95E-06  8.28E-12  0.00
  799 3.9950E+06    3  1998     183   1.0  3.57E-07  1.95E-06  4.51E-13  0.00
  800 4.0000E+06    3  2001     183   1.0  3.57E-07  1.95E-06  3.82E-12  0.00
  801 4.0050E+06    3  2003     183   1.0  3.56E-07  1.95E-06  3.90E-12  0.00
  802 4.0100E+06    3  2006     183   1.0  2.95E-07  1.51E-06  5.01E-12  0.00
  803 4.0150E+06    3  2008     183   1.0  2.60E-07  1.27E-06  1.95E-11  0.00
  804 4.0200E+06    3  2011     183   1.0  2.59E-07  1.27E-06  7.89E-13  0.00
  805 4.0250E+06    3  2013     183   1.0  2.59E-07  1.27E-06  3.93E-13  0.00
  806 4.0300E+06    3  2016     183   1.0  2.60E-07  1.27E-06  5.06E-13  0.00
  807 4.0350E+06    3  2018     183   1.0  2.59E-07  1.27E-06  9.62E-14  0.00
  808 4.0400E+06    3  2021     183   1.0  2.59E-07  1.27E-06  1.02E-11  0.00
  809 4.0450E+06    3  2023     183   1.0  2.59E-07  1.27E-06  1.39E-11  0.00
  810 4.0500E+06    3  2026     183   1.0  2.59E-07  1.27E-06  3.70E-12  0.00
  811 4.0550E+06    3  2028     183   1.0  2.59E-07  1.27E-06  1.83E-13  0.00
  812 4.0600E+06    3  2031     183   1.0  2.58E-07  1.27E-06  4.79E-12  0.00
  813 4.0650E+06    3  2033     183   1.0  2.58E-07  1.27E-06  1.23E-12  0.00
  814 4.0700E+06    3  2036     183   1.0  2.58E-07  1.27E-06  3.83E-12  0.00
  815 4.0750E+06    3  2038     183   1.0  2.58E-07  1.27E-06  5.78E-12  0.00
  816 4.0800E+06    3  2041     183   1.0  2.58E-07  1.27E-06  6.66E-13  0.00
  817 4.0850E+06    3  2043     183   1.0  2.58E-07  1.26E-06  2.52E-14  0.00
  818 4.0900E+06    3  2046     183   1.0  2.58E-07  1.26E-06  4.26E-12  0.00
  819 4.0950E+06    3  2048     183   1.0  2.57E-07  1.26E-06  1.09E-13  0.00
  820 4.1000E+06    3  2051     183   1.0  2.57E-07  1.26E-06  4.42E-11  0.00
  821 4.1050E+06    3  2053     183   1.0  2.57E-07  1.26E-06  5.78E-12  0.00
  822 4.1100E+06    3  2056     183   1.0  2.57E-07  1.26E-06  9.43E-13  0.00
  823 4.1150E+06    3  2058     183   1.0  2.57E-07  1.26E-06  1.12E-12  0.00
  824 4.1200E+06    3  2061     183   1.0  2.57E-07  1.26E-06  4.13E-13  0.00
  825 4.1250E+06    3  2063     183   1.0  2.57E-07  1.26E-06  9.34E-13  0.00
  826 4.1300E+06    3  2066     183   1.0  2.57E-07  1.26E-06  4.08E-13  0.00
  827 4.1350E+06    3  2068     183   1.0  2.56E-07  1.26E-06  1.13E-14  0.00
  828 4.1400E+06    3  2071     183   1.0  2.56E-07  1.26E-06  2.69E-13  0.00
  829 4.1450E+06    3  2073     183   1.0  2.56E-07  1.26E-06  1.66E-12  0.00
  830 4.1500E+06    3  2076     183   1.0  2.56E-07  1.26E-06  2.32E-11  0.00
  831 4.1550E+06    3  2078     183   1.0  2.56E-07  1.26E-06  1.21E-12  0.00
  832 4.1600E+06    3  2081     183   1.0  2.56E-07  1.25E-06  2.76E-13  0.00
  833 4.1650E+06    3  2083     183   1.0  2.56E-07  1.25E-06  5.39E-13  0.00
  834 4.1700E+06    3  2086     183   1.0  2.56E-07  1.25E-06  2.37E-13  0.00
  835 4.1750E+06    3  2088     183   1.0  2.55E-07  1.25E-06  1.05E-12  0.00
  836 4.1800E+06    3  2091     183   1.0  2.55E-07  1.25E-06  1.03E-11  0.00
  837 4.1850E+06    3  2093     183   1.0  2.55E-07  1.25E-06  4.77E-13  0.00
  838 4.1900E+06    3  2096     183   1.0  2.55E-07  1.25E-06  1.43E-11  0.00
  839 4.1950E+06    3  2098     183   1.0  2.55E-07  1.25E-06  8.10E-13  0.00
  840 4.2000E+06    3  2101     183   1.0  2.55E-07  1.25E-06  1.64E-12  0.00
  841 4.2050E+06    3  2103     183   1.0  2.55E-07  1.25E-06  1.17E-12  0.00
  842 4.2100E+06    3  2106     183   1.0  2.54E-07  1.25E-06  2.75E-13  0.00
  843 4.2150E+06    3  2108     183   1.0  2.54E-07  1.25E-06  4.00E-12  0.00
  844 4.2200E+06    3  2111     183   1.0  2.54E-07  1.25E-06  1.22E-13  0.00
  845 4.2250E+06    3  2113     183   1.0  2.54E-07  1.25E-06  2.78E-13  0.00
  846 4.2300E+06    3  2116     183   1.0  2.54E-07  1.25E-06  2.08E-13  0.00
  847 4.2350E+06    3  2118     183   1.0  2.54E-07  1.24E-06  4.63E-12  0.00
  848 4.2400E+06    3  2121     183   1.0  2.54E-07  1.24E-06  1.09E-12  0.00
  849 4.2450E+06    3  2123     183   1.0  2.54E-07  1.25E-06  1.32E-11  0.00
  850 4.2500E+06    3  2126     183   1.0  2.53E-07  1.23E-06  2.01E-12  0.00
  851 4.2550E+06    3  2128     183   1.0  2.55E-07  1.25E-06  6.59E-11  0.00
  852 4.2600E+06    3  2131     183   1.0  2.64E-07  1.28E-06  3.31E-12  0.00
  853 4.2650E+06    3  2133     183   1.0  2.64E-07  1.28E-06  7.25E-12  0.00
  854 4.2700E+06    3  2136     183   1.0  2.64E-07  1.28E-06  1.75E-12  0.00
  855 4.2750E+06    3  2138     183   1.0  3.01E-07  2.00E-06  1.53E-12  0.00
  856 4.2800E+06    3  2141     183   1.0  3.07E-07  2.11E-06  5.46E-13  0.00
  857 4.2850E+06    3  2143     183   1.0  3.07E-07  2.11E-06  4.35E-11  0.00
  858 4.2900E+06    3  2146     183   1.0  3.07E-07  2.11E-06  1.80E-12  0.00
  859 4.2950E+06    3  2148     183   1.0  3.07E-07  2.11E-06  2.60E-12  0.00
  860 4.3000E+06    3  2151     183   1.0  3.07E-07  2.11E-06  1.60E-12  0.00
  861 4.3050E+06    3  2153     183   1.0  3.06E-07  2.10E-06  7.34E-12  0.00
  862 4.3100E+06    3  2156     183   1.0  3.06E-07  2.10E-06  1.08E-11  0.00
  863 4.3150E+06    3  2158     183   1.0  3.06E-07  2.10E-06  7.02E-13  0.00
  864 4.3200E+06    3  2161     183   1.0  3.06E-07  2.10E-06  3.49E-12  0.00
  865 4.3250E+06    3  2163     183   1.0  3.06E-07  2.10E-06  2.29E-13  0.00
  866 4.3300E+06    3  2166     183   1.0  3.06E-07  2.10E-06  5.97E-14  0.00
  867 4.3350E+06    3  2168     183   1.0  3.06E-07  2.10E-06  3.08E-12  0.00
  868 4.3400E+06    3  2171     183   1.0  3.06E-07  2.10E-06  4.02E-12  0.00
  869 4.3450E+06    3  2173     183   1.0  3.06E-07  2.10E-06  9.10E-14  0.00
  870 4.3500E+06    3  2176     183   1.0  3.06E-07  2.10E-06  5.85E-12  0.00
  871 4.3550E+06    3  2178     183   1.0  3.06E-07  2.10E-06  6.74E-15  0.00
  872 4.3600E+06    3  2181     183   1.0  3.06E-07  2.10E-06  1.29E-12  0.00
  873 4.3650E+06    3  2183     183   1.0  3.05E-07  2.10E-06  8.28E-13  0.00
  874 4.3700E+06    3  2186     183   1.0  3.07E-07  2.10E-06  1.28E-12  0.00
  875 4.3750E+06    3  2188     183   1.0  3.07E-07  2.11E-06  8.18E-13  0.00
  876 4.3800E+06    3  2191     183   1.0  3.07E-07  2.11E-06  7.53E-13  0.00
  877 4.3850E+06    3  2193     183   1.0  3.07E-07  2.11E-06  1.05E-12  0.00
  878 4.3900E+06    3  2196     183   1.0  3.08E-07  2.11E-06  9.19E-10  0.00
  879 4.3950E+06    3  2198     183   1.0  3.38E-07  2.36E-06  3.90E-13  0.00
  880 4.4000E+06    3  2201     183   1.0  3.38E-07  2.36E-06  4.66E-13  0.00
  881 4.4050E+06    3  2203     183   1.0  3.38E-07  2.36E-06  9.05E-14  0.00
  882 4.4100E+06    3  2206     183   1.0  3.39E-07  2.35E-06  1.40E-12  0.00
  883 4.4150E+06    3  2208     183   1.0  3.39E-07  2.35E-06  1.01E-12  0.00
  884 4.4200E+06    3  2211     183   1.0  3.39E-07  2.35E-06  4.78E-13  0.00
  885 4.4250E+06    3  2213     183   1.0  3.39E-07  2.34E-06  4.37E-12  0.00
  886 4.4300E+06    3  2216     183   1.0  3.38E-07  2.34E-06  4.80E-11  0.00
  887 4.4350E+06    3  2218     183   1.0  3.38E-07  2.34E-06  6.61E-13  0.00
  888 4.4400E+06    3  2221     183   1.0  3.38E-07  2.34E-06  2.62E-12  0.00
  889 4.4450E+06    3  2223     183   1.0  3.67E-07  2.32E-06  6.45E-13  0.00
  890 4.4500E+06    3  2226     183   1.0  4.12E-07  2.44E-06  4.67E-13  0.00
  891 4.4550E+06    3  2228     183   1.0  4.12E-07  2.44E-06  2.64E-12  0.00
  892 4.4600E+06    3  2231     183   1.0  4.12E-07  2.44E-06  2.80E-12  0.00
  893 4.4650E+06    3  2233     183   1.0  4.12E-07  2.44E-06  6.11E-13  0.00
  894 4.4700E+06    3  2236     183   1.0  4.12E-07  2.44E-06  4.33E-12  0.00
  895 4.4750E+06    3  2238     183   1.0  3.90E-07  2.34E-06  2.97E-10  0.00
  896 4.4800E+06    3  2241     183   1.0  3.15E-07  2.22E-06  3.50E-12  0.00
  897 4.4850E+06    3  2243     183   1.0  3.42E-07  2.51E-06  8.57E-11  0.00
  898 4.4900E+06    3  2246     183   1.0  3.70E-07  2.73E-06  1.09E-12  0.00
  899 4.4950E+06    3  2248     183   1.0  3.70E-07  2.73E-06  2.86E-11  0.00
  900 4.5000E+06    3  2251     183   1.0  3.75E-07  2.68E-06  1.78E-12  0.00
  901 4.5050E+06    3  2253     183   1.0  3.74E-07  2.68E-06  6.53E-12  0.00
  902 4.5100E+06    3  2256     183   1.0  3.74E-07  2.68E-06  3.43E-12  0.00
  903 4.5150E+06    3  2258     183   1.0  3.73E-07  2.68E-06  1.23E-12  0.00
  904 4.5200E+06    3  2261     183   1.0  3.73E-07  2.68E-06  1.10E-12  0.00
  905 4.5250E+06    3  2263     183   1.0  3.73E-07  2.68E-06  2.98E-13  0.00
  906 4.5300E+06    3  2266     183   1.0  3.73E-07  2.68E-06  5.89E-11  0.00
  907 4.5350E+06    3  2268     183   1.0  3.73E-07  2.68E-06  5.54E-13  0.00
  908 4.5400E+06    3  2271     183   1.0  3.73E-07  2.68E-06  3.39E-12  0.00
  909 4.5450E+06    3  2273     183   1.0  3.73E-07  2.68E-06  2.85E-12  0.00
  910 4.5500E+06    3  2276     183   1.0  3.73E-07  2.68E-06  3.77E-12  0.00
  911 4.5550E+06    3  2278     183   1.0  3.73E-07  2.68E-06  4.81E-12  0.00
  912 4.5600E+06    3  2281     183   1.0  3.73E-07  2.68E-06  1.34E-11  0.00
  913 4.5650E+06    3  2283     183   1.0  3.73E-07  2.68E-06  1.18E-09  0.00
  914 4.5700E+06    3  2286     183   1.0  3.73E-07  2.67E-06  3.18E-12  0.00
  915 4.5750E+06    3  2288     183   1.0  3.73E-07  2.67E-06  6.37E-12  0.00
  916 4.5800E+06    3  2291     183   1.0  3.73E-07  2.67E-06  2.03E-12  0.00
  917 4.5850E+06    3  2293     183   1.0  3.72E-07  2.67E-06  2.20E-12  0.00
  918 4.5900E+06    3  2296     183   1.0  3.72E-07  2.67E-06  7.69E-12  0.00
  919 4.5950E+06    3  2298     183   1.0  3.72E-07  2.67E-06  3.77E-12  0.00
  920 4.6000E+06    3  2301     183   1.0  3.72E-07  2.67E-06  1.28E-12  0.00
  921 4.6050E+06    3  2303     183   1.0  5.01E-07  3.52E-06  3.42E-12  0.00
  922 4.6100E+06    3  2306     183   1.0  6.57E-07  4.59E-06  2.17E-11  0.00
  923 4.6150E+06    3  2308     183   1.0  6.63E-07  4.77E-06  4.21E-12  0.00
  924 4.6200E+06    3  2311     183   1.0  6.57E-07  4.72E-06  9.43E-12  0.00
  925 4.6250E+06    3  2313     183   1.0  9.84E-07  7.10E-06  4.14E-12  0.00
  926 4.6300E+06    3  2316     183   1.0  1.23E-06  8.87E-06  3.14E-11  0.00
  927 4.6350E+06    3  2318     183   1.0  1.19E-06  8.53E-06  5.52E-11  0.00
  928 4.6400E+06    3  2321     183   1.0  1.14E-06  8.23E-06  3.62E-11  0.00
  929 4.6450E+06    3  2323     183   1.0  1.11E-06  7.97E-06  1.25E-10  0.00
  930 4.6500E+06    3  2326     183   1.0  1.07E-06  7.73E-06  3.54E-13  0.00
  931 4.6550E+06    3  2328     183   1.0  1.06E-06  7.63E-06  2.99E-12  0.00
  932 4.6600E+06    3  2331     183   1.0  1.04E-06  7.49E-06  1.95E-11  0.00
  933 4.6650E+06    3  2333     183   1.0  1.03E-06  7.37E-06  1.20E-11  0.00
  934 4.6700E+06    3  2336     183   1.0  1.01E-06  7.23E-06  4.10E-11  0.00
  935 4.6750E+06    3  2338     183   1.0  9.88E-07  7.09E-06  1.85E-11  0.00
  936 4.6800E+06    3  2341     183   1.0  9.70E-07  6.96E-06  1.46E-12  0.00
  937 4.6850E+06    3  2343     183   1.0  9.53E-07  6.84E-06  9.63E-11  0.00
  938 4.6900E+06    3  2346     183   1.0  9.40E-07  6.72E-06  2.79E-11  0.00
  939 4.6950E+06    3  2348     183   1.0  9.23E-07  6.62E-06  1.24E-11  0.00
  940 4.7000E+06    3  2351     183   1.0  9.09E-07  6.52E-06  2.47E-12  0.00
  941 4.7050E+06    3  2353     183   1.0  8.96E-07  6.42E-06  4.95E-12  0.00
  942 4.7100E+06    3  2356     183   1.0  8.83E-07  6.34E-06  3.11E-13  0.00
  943 4.7150E+06    3  2358     183   1.0  8.72E-07  6.25E-06  7.79E-12  0.00
  944 4.7200E+06    3  2361     183   1.0  8.60E-07  6.17E-06  3.20E-11  0.00
  945 4.7250E+06    3  2363     183   1.0  8.50E-07  6.10E-06  1.36E-11  0.00
  946 4.7300E+06    3  2366     183   1.0  8.40E-07  6.02E-06  5.04E-10  0.00
  947 4.7350E+06    3  2368     183   1.0  8.30E-07  5.95E-06  1.19E-12  0.00
  948 4.7400E+06    3  2371     183   1.0  8.21E-07  5.89E-06  2.47E-11  0.00
  949 4.7450E+06    3  2373     183   1.0  8.12E-07  5.83E-06  1.39E-11  0.00
  950 4.7500E+06    3  2376     183   1.0  8.04E-07  5.76E-06  1.17E-11  0.00
  951 4.7550E+06    3  2378     183   1.0  7.96E-07  5.71E-06  7.62E-12  0.00
  952 4.7600E+06    3  2381     183   1.0  7.88E-07  5.65E-06  3.58E-11  0.00
  953 4.7650E+06    3  2383     183   1.0  4.44E-07  3.05E-06  1.60E-11  0.00
  954 4.7700E+06    3  2386     183   1.0  3.19E-07  2.18E-06  1.44E-12  0.00
  955 4.7750E+06    3  2388     184   1.0  3.19E-07  2.18E-06  2.02E-12  0.00
  956 4.7800E+06    3  2391     184   1.0  3.19E-07  2.18E-06  6.58E-13  0.00
  957 4.7850E+06    3  2393     184   1.0  3.19E-07  2.18E-06  3.07E-11  0.00
  958 4.7900E+06    3  2396     184   1.0  3.19E-07  2.18E-06  9.29E-13  0.00
  959 4.7950E+06    3  2398     184   1.0  3.12E-07  2.17E-06  4.07E-12  0.00
  960 4.8000E+06    3  2401     184   1.0  2.98E-07  2.11E-06  1.65E-11  0.00
  961 4.8050E+06    3  2403     184   1.0  2.71E-07  1.91E-06  2.68E-11  0.00
  962 4.8100E+06    3  2406     184   1.0  2.79E-07  1.95E-06  8.71E-13  0.00
  963 4.8150E+06    3  2408     184   1.0  2.79E-07  1.95E-06  4.34E-13  0.00
  964 4.8200E+06    4  2411     184   1.0  2.79E-07  1.95E-06  6.03E-15  0.00
  965 4.8250E+06    4  2413     184   1.0  5.59E-07  3.90E-06  4.91E-11  0.00
  966 4.8300E+06    4  2416     184   1.0  5.57E-07  3.90E-06  1.30E-12  0.00
  967 4.8350E+06    4  2418     184   1.0  5.57E-07  3.89E-06  2.12E-11  0.00
  968 4.8400E+06    4  2421     184   1.0  6.35E-07  4.24E-06  2.56E-12  0.00
  969 4.8450E+06    4  2423     184   1.0  6.41E-07  4.27E-06  7.21E-12  0.00
  970 4.8500E+06    4  2426     184   1.0  6.41E-07  4.26E-06  8.12E-13  0.00
  971 4.8550E+06    4  2428     184   1.0  6.40E-07  4.26E-06  4.30E-12  0.00
  972 4.8600E+06    4  2431     184   1.0  6.40E-07  4.26E-06  7.40E-12  0.00
  973 4.8650E+06    4  2433     184   1.0  6.39E-07  4.25E-06  2.79E-11  0.00
  974 4.8700E+06    4  2436     184   1.0  6.39E-07  4.25E-06  1.17E-11  0.00
  975 4.8750E+06    4  2438     184   1.0  6.38E-07  4.24E-06  5.38E-13  0.00
  976 4.8800E+06    4  2441     184   1.0  6.38E-07  4.24E-06  7.36E-13  0.00
  977 4.8850E+06    4  2443     184   1.0  6.37E-07  4.24E-06  4.95E-13  0.00
  978 4.8900E+06    4  2446     184   1.0  6.36E-07  4.23E-06  1.07E-11  0.00
  979 4.8950E+06    4  2448     184   1.0  6.36E-07  4.23E-06  4.13E-12  0.00
  980 4.9000E+06    4  2451     184   1.0  6.35E-07  4.22E-06  3.12E-12  0.00
  981 4.9050E+06    4  2453     184   1.0  6.21E-07  4.01E-06  4.05E-10  0.00
  982 4.9100E+06    4  2456     184   1.0  3.46E-07  2.19E-06  9.31E-11  0.00
  983 4.9150E+06    4  2458     184   1.0  2.70E-07  1.77E-06  3.39E-12  0.00
  984 4.9200E+06    4  2461     184   1.0  2.83E-07  2.03E-06  2.33E-12  0.00
  985 4.9250E+06    4  2463     184   1.0  2.87E-07  2.13E-06  1.83E-12  0.00
  986 4.9300E+06    4  2466     184   1.0  3.28E-07  2.46E-06  4.87E-11  0.00
  987 4.9350E+06    4  2468     184   1.0  3.68E-07  2.53E-06  5.50E-11  0.00
  988 4.9400E+06    4  2471     184   1.0  2.91E-07  2.11E-06  2.76E-12  0.00
  989 4.9450E+06    4  2473     184   1.0  2.90E-07  2.10E-06  4.64E-11  0.00
  990 4.9500E+06    4  2476     184   1.0  2.90E-07  2.10E-06  4.94E-10  0.00
  991 4.9550E+06    4  2478     184   1.0  2.89E-07  2.10E-06  6.86E-12  0.00
  992 4.9600E+06    4  2481     184   1.0  2.89E-07  2.10E-06  2.16E-12  0.00
  993 4.9650E+06    4  2483     184   1.0  2.89E-07  2.09E-06  1.71E-12  0.00
  994 4.9700E+06    4  2486     184   1.0  2.88E-07  2.09E-06  8.57E-12  0.00
  995 4.9750E+06    4  2488     184   1.0  2.88E-07  2.09E-06  1.56E-12  0.00
  996 4.9800E+06    4  2491     184   1.0  2.87E-07  2.08E-06  1.75E-12  0.00
  997 4.9850E+06    4  2493     184   1.0  3.56E-07  2.35E-06  1.46E-13  0.00
  998 4.9900E+06    4  2496     184   1.0  3.80E-07  2.15E-06  4.65E-13  0.00
  999 4.9950E+06    4  2498     184   1.0  3.74E-07  2.07E-06  2.75E-13  0.00
 1000 5.0000E+06    4  2501     184   1.0  3.74E-07  2.07E-06  6.84E-13  0.00
 1001 5.0050E+06    4  2503     184   1.0  3.73E-07  2.07E-06  7.48E-12  0.00
 1002 5.0100E+06    4  2506     184   1.0  3.69E-07  2.02E-06  1.91E-11  0.00
 1003 5.0150E+06    4  2508     184   1.0  3.65E-07  1.99E-06  6.83E-13  0.00
 1004 5.0200E+06    4  2511     184   1.0  3.65E-07  1.99E-06  4.40E-13  0.00
 1005 5.0250E+06    4  2513     184   1.0  3.64E-07  1.99E-06  3.65E-12  0.00
 1006 5.0300E+06    4  2516     184   1.0  3.64E-07  1.99E-06  8.87E-13  0.00
 1007 5.0350E+06    4  2518     184   1.0  3.63E-07  1.98E-06  1.37E-12  0.00
 1008 5.0400E+06    4  2521     184   1.0  3.63E-07  1.98E-06  1.10E-12  0.00
 1009 5.0450E+06    4  2523     184   1.0  3.63E-07  1.98E-06  1.92E-13  0.00
 1010 5.0500E+06    4  2526     184   1.0  3.62E-07  1.98E-06  2.31E-12  0.00
 1011 5.0550E+06    4  2528     184   1.0  3.62E-07  1.97E-06  1.93E-12  0.00
 1012 5.0600E+06    4  2531     184   1.0  3.61E-07  1.97E-06  1.31E-12  0.00
 1013 5.0650E+06    4  2533     185   1.0  3.61E-07  1.97E-06  3.32E-11  0.00
 1014 5.0700E+06    4  2536     185   1.0  3.60E-07  1.97E-06  5.68E-13  0.00
 1015 5.0750E+06    4  2538     185   1.0  3.60E-07  1.96E-06  5.50E-12  0.00
 1016 5.0800E+06    4  2541     185   1.0  3.59E-07  1.96E-06  1.31E-10  0.00
 1017 5.0850E+06    4  2543     185   1.0  3.59E-07  1.96E-06  4.63E-12  0.00
 1018 5.0900E+06    4  2546     185   1.0  3.59E-07  1.96E-06  3.94E-13  0.00
 1019 5.0950E+06    4  2548     185   1.0  3.39E-07  1.88E-06  1.22E-11  0.00
 1020 5.1000E+06    4  2551     185   1.0  3.27E-07  1.83E-06  3.65E-13  0.00
 1021 5.1050E+06    4  2553     185   1.0  3.27E-07  1.83E-06  1.10E-12  0.00
 1022 5.1100E+06    4  2556     185   1.0  3.26E-07  1.83E-06  1.70E-12  0.00
 1023 5.1150E+06    4  2558     185   1.0  3.26E-07  1.83E-06  1.21E-11  0.00
 1024 5.1200E+06    4  2561     185   1.0  3.25E-07  1.82E-06  9.90E-12  0.00
 1025 5.1250E+06    4  2563     185   1.0  3.25E-07  1.82E-06  6.52E-11  0.00
 1026 5.1300E+06    4  2566     185   1.0  3.25E-07  1.82E-06  5.85E-12  0.00
 1027 5.1350E+06    4  2568     185   1.0  3.24E-07  1.82E-06  5.60E-12  0.00
 1028 5.1400E+06    4  2571     185   1.0  3.24E-07  1.81E-06  1.05E-12  0.00
 1029 5.1450E+06    4  2573     185   1.0  3.23E-07  1.81E-06  1.01E-11  0.00
 1030 5.1500E+06    4  2576     185   1.0  3.23E-07  1.81E-06  3.27E-12  0.00
 1031 5.1550E+06    4  2578     185   1.0  3.12E-07  1.78E-06  1.24E-10  0.00
 1032 5.1600E+06    4  2581     185   1.0  3.05E-07  1.75E-06  2.37E-12  0.00
 1033 5.1650E+06    4  2583     185   1.0  3.03E-07  1.75E-06  8.70E-13  0.00
 1034 5.1700E+06    4  2586     185   1.0  3.03E-07  1.75E-06  1.85E-11  0.00
 1035 5.1750E+06    4  2588     185   1.0  3.02E-07  1.74E-06  7.63E-13  0.00
 1036 5.1800E+06    4  2591     185   1.0  3.02E-07  1.74E-06  5.38E-13  0.00
 1037 5.1850E+06    4  2593     185   1.0  3.02E-07  1.74E-06  2.14E-12  0.00
 1038 5.1900E+06    4  2596     185   1.0  3.01E-07  1.74E-06  3.76E-13  0.00
 1039 5.1950E+06    4  2598     185   1.0  3.01E-07  1.73E-06  3.99E-12  0.00
 1040 5.2000E+06    4  2601     185   1.0  3.00E-07  1.73E-06  6.74E-13  0.00
 1041 5.2050E+06    4  2603     185   1.0  3.00E-07  1.73E-06  2.93E-11  0.00
 1042 5.2100E+06    4  2606     185   1.0  2.99E-07  1.73E-06  4.03E-13  0.00
 1043 5.2150E+06    4  2608     185   1.0  2.99E-07  1.73E-06  5.19E-12  0.00
 1044 5.2200E+06    4  2611     185   1.0  2.99E-07  1.72E-06  1.66E-12  0.00
 1045 5.2250E+06    4  2613     185   1.0  2.98E-07  1.72E-06  6.02E-13  0.00
 1046 5.2300E+06    4  2616     185   1.0  2.98E-07  1.72E-06  3.65E-13  0.00
 1047 5.2350E+06    4  2618     185   1.0  2.97E-07  1.72E-06  6.90E-11  0.00
 1048 5.2400E+06    4  2621     185   1.0  2.97E-07  1.71E-06  8.53E-13  0.00
 1049 5.2450E+06    4  2623     185   1.0  2.97E-07  1.71E-06  1.76E-13  0.00
 1050 5.2500E+06    4  2626     185   1.0  2.96E-07  1.71E-06  1.59E-10  0.00
 1051 5.2550E+06    4  2628     185   1.0  3.12E-07  1.70E-06  1.73E-11  0.00
 1052 5.2600E+06    4  2631     185   1.0  3.14E-07  1.69E-06  2.07E-12  0.00
 1053 5.2650E+06    4  2633     185   1.0  3.14E-07  1.69E-06  1.13E-11  0.00
 1054 5.2700E+06    4  2636     185   1.0  3.13E-07  1.69E-06  6.09E-12  0.00
 1055 5.2750E+06    4  2638     185   1.0  3.13E-07  1.69E-06  2.09E-13  0.00
 1056 5.2800E+06    4  2641     185   1.0  3.13E-07  1.68E-06  4.78E-13  0.00
 1057 5.2850E+06    4  2643     185   1.0  3.12E-07  1.68E-06  9.85E-13  0.00
 1058 5.2900E+06    4  2646     185   1.0  3.12E-07  1.68E-06  3.88E-11  0.00
 1059 5.2950E+06    4  2648     185   1.0  3.12E-07  1.68E-06  1.18E-11  0.00
 1060 5.3000E+06    4  2651     185   1.0  3.11E-07  1.68E-06  9.89E-12  0.00
 1061 5.3050E+06    4  2653     185   1.0  3.10E-07  1.70E-06  4.33E-13  0.00
 1062 5.3100E+06    4  2656     185   1.0  3.10E-07  1.72E-06  9.24E-13  0.00
 1063 5.3150E+06    4  2658     185   1.0  3.09E-07  1.72E-06  1.38E-12  0.00
 1064 5.3200E+06    4  2661     185   1.0  3.09E-07  1.72E-06  1.87E-10  0.00
 1065 5.3250E+06    4  2663     185   1.0  3.09E-07  1.71E-06  3.83E-13  0.00
 1066 5.3300E+06    4  2666     185   1.0  3.08E-07  1.71E-06  2.94E-10  0.00
 1067 5.3350E+06    4  2668     185   1.0  3.05E-07  1.73E-06  4.70E-13  0.00
 1068 5.3400E+06    4  2671     185   1.0  2.81E-07  1.75E-06  8.20E-13  0.00
 1069 5.3450E+06    4  2673     185   1.0  2.66E-07  1.74E-06  6.42E-13  0.00
 1070 5.3500E+06    4  2676     185   1.0  2.66E-07  1.74E-06  6.31E-13  0.00
 1071 5.3550E+06    4  2678     185   1.0  2.65E-07  1.74E-06  1.85E-12  0.00
 1072 5.3600E+06    4  2681     185   1.0  2.65E-07  1.73E-06  4.48E-11  0.00
 1073 5.3650E+06    4  2683     185   1.0  2.65E-07  1.73E-06  1.10E-11  0.00
 1074 5.3700E+06    4  2686     185   1.0  3.13E-07  2.09E-06  1.45E-11  0.00
 1075 5.3750E+06    4  2688     185   1.0  5.53E-07  3.78E-06  4.51E-12  0.00
 1076 5.3800E+06    4  2691     185   1.0  5.53E-07  3.78E-06  2.67E-10  0.00
 1077 5.3850E+06    4  2693     185   1.0  5.53E-07  3.78E-06  7.11E-12  0.00
 1078 5.3900E+06    4  2696     185   1.0  5.52E-07  3.78E-06  4.98E-12  0.00
 1079 5.3950E+06    4  2698     185   1.0  6.61E-07  4.32E-06  1.38E-12  0.00
 1080 5.4000E+06    4  2701     185   1.0  6.90E-07  4.47E-06  4.09E-11  0.00
 1081 5.4050E+06    4  2703     185   1.0  6.27E-07  4.10E-06  2.18E-11  0.00
 1082 5.4100E+06    4  2706     185   1.0  4.51E-07  3.43E-06  8.03E-12  0.00
 1083 5.4150E+06    4  2708     185   1.0  4.51E-07  3.43E-06  3.42E-12  0.00
 1084 5.4200E+06    4  2711     185   1.0  4.51E-07  3.43E-06  5.53E-12  0.00
 1085 5.4250E+06    4  2713     185   1.0  4.51E-07  3.43E-06  1.87E-12  0.00
 1086 5.4300E+06    4  2716     185   1.0  4.50E-07  3.43E-06  2.54E-12  0.00
 1087 5.4350E+06    4  2718     185   1.0  4.50E-07  3.43E-06  4.94E-12  0.00
 1088 5.4400E+06    4  2721     185   1.0  4.50E-07  3.43E-06  3.07E-12  0.00
 1089 5.4450E+06    4  2723     185   1.0  4.50E-07  3.43E-06  6.60E-13  0.00
 1090 5.4500E+06    4  2726     185   1.0  4.50E-07  3.42E-06  4.99E-14  0.00
 1091 5.4550E+06    4  2728     185   1.0  4.50E-07  3.42E-06  2.85E-12  0.00
 1092 5.4600E+06    4  2731     185   1.0  4.50E-07  3.42E-06  6.96E-12  0.00
 1093 5.4650E+06    4  2733     185   1.0  4.49E-07  3.42E-06  1.01E-11  0.00
 1094 5.4700E+06    4  2736     185   1.0  4.49E-07  3.42E-06  5.57E-12  0.00
 1095 5.4750E+06    4  2738     185   1.0  4.49E-07  3.42E-06  5.32E-12  0.00
 1096 5.4800E+06    4  2741     185   1.0  4.49E-07  3.42E-06  2.61E-11  0.00
 1097 5.4850E+06    4  2743     185   1.0  4.49E-07  3.41E-06  1.94E-12  0.00
 1098 5.4900E+06    4  2746     185   1.0  4.69E-07  3.43E-06  1.72E-11  0.00
 1099 5.4950E+06    4  2748     185   1.0  4.71E-07  3.78E-06  1.47E-12  0.00
 1100 5.5000E+06    4  2751     185   1.0  7.21E-07  6.12E-06  5.10E-13  0.00
 1101 5.5050E+06    4  2753     185   1.0  7.38E-07  6.25E-06  7.73E-13  0.00
 1102 5.5100E+06    4  2756     185   1.0  7.41E-07  6.27E-06  3.61E-12  0.00
 1103 5.5150E+06    4  2758     185   1.0  7.42E-07  6.29E-06  3.49E-12  0.00
 1104 5.5200E+06    4  2761     185   1.0  7.42E-07  6.29E-06  9.73E-12  0.00
 1105 5.5250E+06    4  2763     185   1.0  7.42E-07  6.29E-06  6.31E-12  0.00
 1106 5.5300E+06    4  2766     185   1.0  7.42E-07  6.29E-06  2.95E-12  0.00
 1107 5.5350E+06    4  2768     185   1.0  7.42E-07  6.29E-06  2.28E-12  0.00
 1108 5.5400E+06    4  2771     185   1.0  7.42E-07  6.29E-06  6.48E-13  0.00
 1109 5.5450E+06    4  2773     185   1.0  8.30E-07  6.96E-06  8.96E-13  0.00
 1110 5.5500E+06    4  2776     185   1.0  8.40E-07  7.03E-06  4.06E-14  0.00
 1111 5.5550E+06    4  2778     185   1.0  8.39E-07  7.03E-06  1.13E-11  0.00
 1112 5.5600E+06    4  2781     185   1.0  8.39E-07  7.02E-06  2.74E-12  0.00
 1113 5.5650E+06    4  2783     185   1.0  8.40E-07  7.02E-06  1.44E-10  0.00
 1114 5.5700E+06    4  2786     185   1.0  8.39E-07  7.02E-06  4.06E-12  0.00
 1115 5.5750E+06    4  2788     185   1.0  8.39E-07  7.02E-06  1.50E-11  0.00
 1116 5.5800E+06    4  2791     185   1.0  8.39E-07  7.02E-06  1.42E-12  0.00
 1117 5.5850E+06    4  2793     185   1.0  8.39E-07  7.02E-06  1.84E-11  0.00
 1118 5.5900E+06    4  2796     185   1.0  8.39E-07  7.02E-06  5.81E-11  0.00
 1119 5.5950E+06    4  2798     185   1.0  8.39E-07  7.02E-06  1.02E-10  0.00
 1120 5.6000E+06    4  2801     185   1.0  8.38E-07  7.02E-06  2.19E-11  0.00
 1121 5.6050E+06    4  2803     185   1.0  8.38E-07  7.01E-06  8.57E-12  0.00
 1122 5.6100E+06    4  2806     185   1.0  8.38E-07  7.01E-06  4.88E-12  0.00
 1123 5.6150E+06    4  2808     185   1.0  8.38E-07  7.01E-06  2.56E-13  0.00
 1124 5.6200E+06    4  2811     185   1.0  9.54E-07  7.81E-06  1.17E-12  0.00
 1125 5.6250E+06    4  2813     185   1.0  1.05E-06  8.46E-06  1.23E-11  0.00
 1126 5.6300E+06    4  2816     185   1.0  1.05E-06  8.45E-06  2.54E-11  0.00
 1127 5.6350E+06    4  2818     185   1.0  1.05E-06  8.45E-06  4.96E-12  0.00
 1128 5.6400E+06    4  2821     185   1.0  1.05E-06  8.44E-06  3.94E-12  0.00
 1129 5.6450E+06    4  2823     185   1.0  1.04E-06  8.43E-06  1.79E-11  0.00
 1130 5.6500E+06    4  2826     185   1.0  1.04E-06  8.43E-06  2.78E-12  0.00
 1131 5.6550E+06    4  2828     185   1.0  1.04E-06  8.42E-06  5.21E-13  0.00
 1132 5.6600E+06    4  2831     185   1.0  1.04E-06  8.42E-06  4.98E-09  0.00
 1133 5.6650E+06    4  2833     185   1.0  1.34E-06  1.07E-05  1.98E-11  0.00
 1134 5.6700E+06    4  2836     185   1.0  1.34E-06  1.07E-05  4.48E-11  0.00
 1135 5.6750E+06    4  2838     185   1.0  1.34E-06  1.07E-05  6.83E-12  0.00
 1136 5.6800E+06    4  2841     185   1.0  1.33E-06  1.07E-05  1.63E-12  0.00
 1137 5.6850E+06    4  2843     185   1.0  1.33E-06  1.07E-05  2.68E-11  0.00
 1138 5.6900E+06    4  2846     185   1.0  1.33E-06  1.06E-05  2.08E-11  0.00
 1139 5.6950E+06    4  2848     185   1.0  1.32E-06  1.06E-05  3.78E-12  0.00
 1140 5.7000E+06    4  2851     185   1.0  1.24E-06  9.03E-06  2.56E-12  0.00
 1141 5.7050E+06    4  2853     185   1.0  1.09E-06  8.08E-06  1.17E-12  0.00
 1142 5.7100E+06    4  2856     185   1.0  1.05E-06  7.86E-06  1.60E-12  0.00
 1143 5.7150E+06    4  2858     185   1.0  1.04E-06  7.84E-06  8.25E-12  0.00
 1144 5.7200E+06    4  2861     185   1.0  1.04E-06  7.82E-06  3.26E-11  0.00
 1145 5.7250E+06    4  2863     185   1.0  1.04E-06  7.81E-06  2.86E-11  0.00
 1146 5.7300E+06    4  2866     185   1.0  1.04E-06  7.79E-06  3.89E-12  0.00
 1147 5.7350E+06    4  2868     185   1.0  1.28E-06  9.32E-06  4.96E-11  0.00
 1148 5.7400E+06    4  2871     185   1.0  1.65E-06  1.16E-05  2.25E-11  0.00
 1149 5.7450E+06    4  2873     185   1.0  1.64E-06  1.15E-05  4.23E-12  0.00
 1150 5.7500E+06    4  2876     185   1.0  1.63E-06  1.15E-05  5.62E-12  0.00
 1151 5.7550E+06    4  2878     185   1.0  1.62E-06  1.14E-05  6.09E-12  0.00
 1152 5.7600E+06    4  2881     185   1.0  1.60E-06  1.13E-05  5.52E-11  0.00
 1153 5.7650E+06    4  2883     185   1.0  1.59E-06  1.12E-05  1.47E-11  0.00
 1154 5.7700E+06    4  2886     185   1.0  1.23E-06  8.86E-06  1.59E-11  0.00
 1155 5.7750E+06    4  2888     185   1.0  1.08E-06  7.96E-06  1.93E-11  0.00
 1156 5.7800E+06    4  2891     185   1.0  1.08E-06  7.95E-06  3.04E-12  0.00
 1157 5.7850E+06    4  2893     185   1.0  1.07E-06  7.93E-06  1.17E-12  0.00
 1158 5.7900E+06    4  2896     185   1.0  1.07E-06  7.92E-06  3.94E-11  0.00
 1159 5.7950E+06    4  2898     185   1.0  1.07E-06  7.90E-06  6.29E-12  0.00
 1160 5.8000E+06    4  2901     185   1.0  1.07E-06  7.89E-06  2.16E-11  0.00
 1161 5.8050E+06    4  2903     185   1.0  1.06E-06  7.87E-06  1.35E-12  0.00
 1162 5.8100E+06    4  2906     185   1.0  1.06E-06  7.85E-06  4.90E-12  0.00
 1163 5.8150E+06    4  2908     185   1.0  1.06E-06  7.84E-06  3.70E-11  0.00
 1164 5.8200E+06    4  2911     185   1.0  1.05E-06  7.79E-06  2.00E-10  0.00
 1165 5.8250E+06    4  2913     185   1.0  1.03E-06  7.61E-06  4.55E-12  0.00
 1166 5.8300E+06    4  2916     185   1.0  1.02E-06  7.60E-06  2.10E-13  0.00
 1167 5.8350E+06    4  2918     185   1.0  1.02E-06  7.59E-06  4.50E-12  0.00
 1168 5.8400E+06    4  2921     185   1.0  1.02E-06  7.57E-06  1.33E-11  0.00
 1169 5.8450E+06    4  2923     185   1.0  1.02E-06  7.56E-06  7.02E-13  0.00
 1170 5.8500E+06    4  2926     185   1.0  1.02E-06  7.54E-06  2.32E-12  0.00
 1171 5.8550E+06    4  2928     185   1.0  1.01E-06  7.53E-06  1.37E-12  0.00
 1172 5.8600E+06    4  2931     185   1.0  1.01E-06  7.51E-06  2.34E-11  0.00
 1173 5.8650E+06    4  2933     185   1.0  9.42E-07  7.02E-06  9.08E-12  0.00
 1174 5.8700E+06    4  2936     185   1.0  8.25E-07  6.25E-06  1.73E-12  0.00
 1175 5.8750E+06    4  2938     185   1.0  8.24E-07  6.24E-06  1.22E-12  0.00
 1176 5.8800E+06    4  2941     185   1.0  8.22E-07  6.23E-06  4.89E-13  0.00
 1177 5.8850E+06    4  2943     185   1.0  8.17E-07  6.21E-06  8.40E-11  0.00
 1178 5.8900E+06    4  2946     185   1.0  7.91E-07  6.10E-06  1.45E-13  0.00
 1179 5.8950E+06    4  2948     185   1.0  7.90E-07  6.09E-06  2.87E-12  0.00
 1180 5.9000E+06    4  2951     185   1.0  7.89E-07  6.08E-06  4.11E-11  0.00
 1181 5.9050E+06    4  2953     185   1.0  7.87E-07  6.07E-06  1.29E-11  0.00
 1182 5.9100E+06    4  2956     185   1.0  7.86E-07  6.06E-06  7.84E-13  0.00
 1183 5.9150E+06    4  2958     185   1.0  7.84E-07  6.05E-06  8.91E-12  0.00
 1184 5.9200E+06    4  2961     185   1.0  7.83E-07  6.04E-06  1.78E-12  0.00
 1185 5.9250E+06    4  2963     185   1.0  7.82E-07  6.03E-06  1.15E-11  0.00
 1186 5.9300E+06    4  2966     185   1.0  7.80E-07  6.02E-06  1.04E-10  0.00
 1187 5.9350E+06    4  2968     185   1.0  7.76E-07  5.97E-06  1.15E-11  0.00
 1188 5.9400E+06    4  2971     185   1.0  7.58E-07  5.92E-06  1.61E-13  0.00
 1189 5.9450E+06    4  2973     185   1.0  7.57E-07  5.91E-06  3.83E-11  0.00
 1190 5.9500E+06    4  2976     185   1.0  7.56E-07  5.90E-06  2.13E-12  0.00
 1191 5.9550E+06    4  2978     185   1.0  7.39E-06  6.58E-06  4.02E-07  0.00
 1192 5.9600E+06    4  2981     185   1.0  1.12E-05  6.59E-06  3.97E-07  0.00
 1193 5.9650E+06    4  2983     185   1.0  7.73E-06  5.11E-06  1.63E-07  0.00
 1194 5.9700E+06    4  2986     185   1.0  7.67E-06  5.09E-06  9.68E-08  0.00
 1195 5.9750E+06    4  2988     185   1.0  7.97E-06  5.16E-06  1.79E-06  0.00
 1196 5.9800E+06    4  2991     185   1.0  8.09E-06  5.17E-06  2.17E-07  0.00
 1197 5.9850E+06    4  2993     185   1.0  7.47E-06  5.04E-06  2.55E-07  0.00
 1198 5.9900E+06    4  2996     185   1.0  7.60E-06  5.08E-06  6.67E-08  0.00
 1199 5.9950E+06    4  2998     185   1.0  7.65E-06  5.07E-06  1.15E-07  0.00
 1200 6.0000E+06    4  3001     185   1.0  7.75E-06  5.08E-06  1.95E-07  0.00
 1201 6.0050E+06    4  3003     185   1.0  7.72E-06  5.08E-06  1.63E-07  0.00
 1202 6.0100E+06    4  3006     185   1.0  7.68E-06  5.05E-06  5.28E-08  0.00
 1203 6.0150E+06    4  3008     185   1.0  8.07E-06  5.18E-06  3.26E-09  0.00
 1204 6.0200E+06    4  3011     185   1.0  8.01E-06  5.12E-06  2.14E-07  0.00
 1205 6.0250E+06    4  3013     185   1.0  7.26E-06  4.80E-06  2.19E-08  0.00
 1206 6.0300E+06    4  3016     185   1.0  6.32E-06  4.33E-06  2.81E-08  0.00
 1207 6.0350E+06    4  3018     185   1.0  6.37E-06  4.33E-06  2.45E-07  0.00
 1208 6.0400E+06    4  3021     185   1.0  6.40E-06  4.34E-06  4.00E-08  0.00
 1209 6.0450E+06    4  3023     185   1.0  6.38E-06  4.33E-06  3.67E-08  0.00
 1210 6.0500E+06    4  3026     185   1.0  6.29E-06  4.31E-06  1.71E-07  0.00
 1211 6.0550E+06    4  3028     185   1.0  6.37E-06  4.32E-06  1.17E-07  0.00
 1212 6.0600E+06    4  3031     185   1.0  6.32E-06  4.30E-06  1.70E-07  0.00
 1213 6.0650E+06    4  3033     185   1.0  6.33E-06  4.31E-06  3.14E-08  0.00
 1214 6.0700E+06    4  3036     185   1.0  6.27E-06  4.29E-06  2.19E-07  0.00
 1215 6.0750E+06    4  3038     185   1.0  6.32E-06  4.30E-06  2.69E-08  0.00
 1216 6.0800E+06    4  3041     185   1.0  6.28E-06  4.28E-06  1.21E-07  0.00
 1217 6.0850E+06    4  3043     185   1.0  6.31E-06  4.29E-06  2.61E-07  0.00
 1218 6.0900E+06    4  3046     185   1.0  5.45E-06  4.26E-06  2.63E-09  0.00
 1219 6.0950E+06    4  3048     185   1.0  5.23E-07  4.04E-06  7.18E-13  0.00
 1220 6.1000E+06    4  3051     185   1.0  5.06E-07  4.03E-06  6.71E-12  0.00
 1221 6.1050E+06    4  3053     185   1.0  5.06E-07  4.03E-06  5.54E-12  0.00
 1222 6.1100E+06    4  3056     185   1.0  5.05E-07  4.03E-06  4.36E-12  0.00
 1223 6.1150E+06    4  3058     185   1.0  5.05E-07  4.02E-06  7.00E-12  0.00
 1224 6.1200E+06    4  3061     185   1.0  5.12E-07  4.11E-06  2.39E-10  0.00
 1225 6.1250E+06    4  3063     185   1.0  5.24E-07  4.40E-06  9.12E-11  0.00
 1226 6.1300E+06    4  3066     185   1.0  5.24E-07  4.40E-06  2.88E-14  0.00
 1227 6.1350E+06    4  3068     185   1.0  5.23E-07  4.39E-06  1.48E-11  0.00
 1228 6.1400E+06    4  3071     185   1.0  5.23E-07  4.39E-06  4.05E-14  0.00
 1229 6.1450E+06    4  3073     185   1.0  5.22E-07  4.38E-06  8.07E-12  0.00
 1230 6.1500E+06    4  3076     185   1.0  5.22E-07  4.38E-06  4.88E-12  0.00
 1231 6.1550E+06    4  3078     185   1.0  5.21E-07  4.37E-06  2.59E-12  0.00
 1232 6.1600E+06    4  3081     185   1.0  5.21E-07  4.37E-06  5.22E-12  0.00
 1233 6.1650E+06    4  3083     185   1.0  5.20E-07  4.36E-06  1.11E-12  0.00
 1234 6.1700E+06    4  3086     185   1.0  5.19E-07  4.36E-06  2.15E-12  0.00
 1235 6.1750E+06    4  3088     185   1.0  5.19E-07  4.35E-06  1.34E-12  0.00
 1236 6.1800E+06    4  3091     185   1.0  5.18E-07  4.35E-06  1.36E-12  0.00
 1237 6.1850E+06    4  3093     185   1.0  5.18E-07  4.35E-06  3.52E-12  0.00
 1238 6.1900E+06    4  3096     185   1.0  5.17E-07  4.34E-06  1.26E-10  0.00
 1239 6.1950E+06    4  3098     185   1.0  5.18E-07  4.34E-06  5.15E-12  0.00
 1240 6.2000E+06    4  3101     185   1.0  4.90E-07  4.01E-06  1.86E-10  0.00
 1241 6.2050E+06    4  3103     185   1.0  4.37E-07  3.79E-06  4.43E-12  0.00
 1242 6.2100E+06    4  3106     185   1.0  4.35E-07  3.79E-06  5.60E-12  0.00
 1243 6.2150E+06    4  3108     185   1.0  4.35E-07  3.78E-06  1.01E-13  0.00
 1244 6.2200E+06    4  3111     185   1.0  4.34E-07  3.78E-06  4.00E-12  0.00
 1245 6.2250E+06    4  3113     185   1.0  4.34E-07  3.77E-06  3.02E-12  0.00
 1246 6.2300E+06    4  3116     185   1.0  4.34E-07  3.77E-06  3.71E-12  0.00
 1247 6.2350E+06    4  3118     185   1.0  4.33E-07  3.77E-06  1.15E-11  0.00
 1248 6.2400E+06    4  3121     185   1.0  4.33E-07  3.76E-06  4.61E-13  0.00
 1249 6.2450E+06    4  3123     185   1.0  4.32E-07  3.76E-06  2.67E-12  0.00
 1250 6.2500E+06    4  3126     185   1.0  4.32E-07  3.76E-06  1.43E-12  0.00
 1251 6.2550E+06    4  3128     185   1.0  4.31E-07  3.75E-06  4.46E-13  0.00
 1252 6.2600E+06    4  3131     185   1.0  4.31E-07  3.75E-06  2.73E-12  0.00
 1253 6.2650E+06    4  3133     185   1.0  4.31E-07  3.74E-06  5.68E-12  0.00
 1254 6.2700E+06    4  3136     185   1.0  4.30E-07  3.74E-06  7.80E-12  0.00
 1255 6.2750E+06    4  3138     185   1.0  4.30E-07  3.74E-06  6.52E-14  0.00
 1256 6.2800E+06    4  3141     185   1.0  7.17E-06  5.53E-06  9.85E-08  0.00
 1257 6.2850E+06    4  3143     185   1.0  1.30E-05  7.19E-06  2.76E-07  0.00
 1258 6.2900E+06    4  3146     185   1.0  1.30E-05  7.18E-06  2.38E-07  0.00
 1259 6.2950E+06    4  3148     185   1.0  1.30E-05  7.18E-06  3.72E-07  0.00
 1260 6.3000E+06    4  3151     185   1.0  1.29E-05  7.15E-06  2.48E-07  0.00
 1261 6.3050E+06    4  3153     185   1.0  1.28E-05  7.11E-06  2.80E-07  0.00
 1262 6.3100E+06    4  3156     185   1.0  1.29E-05  7.14E-06  4.08E-08  0.00
 1263 6.3150E+06    4  3158     185   1.0  1.29E-05  7.13E-06  1.37E-07  0.00
 1264 6.3200E+06    4  3161     185   1.0  1.30E-05  7.15E-06  4.43E-08  0.00
 1265 6.3250E+06    4  3163     185   1.0  1.30E-05  7.16E-06  5.09E-07  0.00
 1266 6.3300E+06    4  3166     185   1.0  1.28E-05  7.08E-06  6.57E-08  0.00
 1267 6.3350E+06    4  3168     185   1.0  1.27E-05  7.04E-06  1.70E-07  0.00
 1268 6.3400E+06    4  3171     185   1.0  1.28E-05  7.09E-06  2.19E-07  0.00
 1269 6.3450E+06    4  3173     185   1.0  1.28E-05  7.07E-06  2.43E-07  0.00
 1270 6.3500E+06    4  3176     185   1.0  1.00E-05  6.01E-06  1.52E-06  0.00
 1271 6.3550E+06    4  3178     185   1.0  5.03E-06  4.13E-06  9.11E-09  0.00
 1272 6.3600E+06    4  3181     185   1.0  5.16E-06  4.16E-06  1.88E-08  0.00
 1273 6.3650E+06    4  3183     185   1.0  4.77E-06  4.06E-06  4.43E-08  0.00
 1274 6.3700E+06    4  3186     185   1.0  4.21E-06  3.97E-06  1.80E-10  0.00
 1275 6.3750E+06    4  3188     185   1.0  4.61E-07  3.36E-06  3.73E-14  0.00
 1276 6.3800E+06    4  3191     185   1.0  4.56E-07  3.35E-06  2.65E-12  0.00
 1277 6.3850E+06    4  3193     185   1.0  4.55E-07  3.35E-06  1.67E-12  0.00
 1278 6.3900E+06    4  3196     185   1.0  4.55E-07  3.35E-06  2.93E-13  0.00
 1279 6.3950E+06    4  3198     185   1.0  4.54E-07  3.34E-06  1.04E-12  0.00
 1280 6.4000E+06    4  3201     185   1.0  4.54E-07  3.34E-06  8.45E-10  0.00
 1281 6.4050E+06    4  3203     185   1.0  4.65E-07  3.30E-06  6.58E-11  0.00
 1282 6.4100E+06    4  3206     185   1.0  4.64E-07  3.30E-06  3.19E-11  0.00
 1283 6.4150E+06    4  3208     185   1.0  4.63E-07  3.30E-06  1.74E-12  0.00
 1284 6.4200E+06    4  3211     185   1.0  4.63E-07  3.29E-06  1.29E-09  0.00
 1285 6.4250E+06    4  3213     185   1.0  4.63E-07  3.29E-06  7.50E-14  0.00
 1286 6.4300E+06    4  3216     185   1.0  4.62E-07  3.29E-06  4.96E-14  0.00
 1287 6.4350E+06    4  3218     185   1.0  4.62E-07  3.28E-06  9.80E-12  0.00
 1288 6.4400E+06    4  3221     185   1.0  4.61E-07  3.28E-06  2.10E-12  0.00
 1289 6.4450E+06    4  3223     185   1.0  4.61E-07  3.27E-06  8.82E-12  0.00
 1290 6.4500E+06    4  3226     185   1.0  4.60E-07  3.27E-06  2.23E-10  0.00
 1291 6.4550E+06    4  3228     185   1.0  4.60E-07  3.27E-06  1.46E-11  0.00
 1292 6.4600E+06    4  3231     185   1.0  4.59E-07  3.26E-06  4.20E-12  0.00
 1293 6.4650E+06    4  3233     185   1.0  4.59E-07  3.26E-06  2.74E-12  0.00
 1294 6.4700E+06    4  3236     185   1.0  4.58E-07  3.26E-06  2.10E-10  0.00
 1295 6.4750E+06    4  3238     185   1.0  4.58E-07  3.25E-06  2.15E-12  0.00
 1296 6.4800E+06    4  3241     185   1.0  4.57E-07  3.25E-06  3.59E-12  0.00
 1297 6.4850E+06    4  3243     185   1.0  4.57E-07  3.25E-06  3.45E-12  0.00
 1298 6.4900E+06    4  3246     185   1.0  4.56E-07  3.24E-06  9.07E-13  0.00
 1299 6.4950E+06    4  3248     185   1.0  4.56E-07  3.24E-06  6.33E-12  0.00
 1300 6.5000E+06    4  3251     185   1.0  4.55E-07  3.24E-06  2.34E-12  0.00
 1301 6.5050E+06    4  3253     185   1.0  4.55E-07  3.23E-06  7.98E-13  0.00
 1302 6.5100E+06    4  3256     185   1.0  4.54E-07  3.23E-06  3.22E-12  0.00
 1303 6.5150E+06    4  3258     185   1.0  4.54E-07  3.23E-06  1.39E-10  0.00
 1304 6.5200E+06    4  3261     185   1.0  4.53E-07  3.22E-06  4.60E-12  0.00
 1305 6.5250E+06    4  3263     185   1.0  4.53E-07  3.22E-06  5.83E-13  0.00
 1306 6.5300E+06    4  3266     185   1.0  6.20E-07  3.72E-06  9.88E-13  0.00
 1307 6.5350E+06    4  3268     185   1.0  6.99E-07  3.94E-06  2.14E-12  0.00
 1308 6.5400E+06    4  3271     185   1.0  6.98E-07  3.94E-06  1.73E-11  0.00
 1309 6.5450E+06    4  3273     185   1.0  6.98E-07  3.94E-06  4.89E-09  0.00
 1310 6.5500E+06    4  3276     185   1.0  1.02E-06  5.55E-06  1.05E-12  0.00
 1311 6.5550E+06    4  3278     185   1.0  1.01E-06  5.52E-06  3.56E-13  0.00
 1312 6.5600E+06    4  3281     185   1.0  1.01E-06  5.51E-06  2.84E-11  0.00
 1313 6.5650E+06    4  3283     185   1.0  1.01E-06  5.49E-06  3.44E-11  0.00
 1314 6.5700E+06    4  3286     185   1.0  1.00E-06  5.47E-06  4.38E-12  0.00
 1315 6.5750E+06    4  3288     185   1.0  9.99E-07  5.45E-06  5.78E-12  0.00
 1316 6.5800E+06    4  3291     185   1.0  9.96E-07  5.44E-06  1.73E-11  0.00
 1317 6.5850E+06    4  3293     185   1.0  9.92E-07  5.42E-06  1.94E-08  0.00
 1318 6.5900E+06    4  3296     185   1.0  7.52E-07  4.19E-06  2.07E-12  0.00
 1319 6.5950E+06    4  3298     185   1.0  7.50E-07  4.18E-06  1.69E-12  0.00
 1320 6.6000E+06    4  3301     185   1.0  7.49E-07  4.18E-06  4.14E-13  0.00
 1321 6.6050E+06    4  3303     185   1.0  7.48E-07  4.17E-06  3.76E-12  0.00
 1322 6.6100E+06    4  3306     185   1.0  7.46E-07  4.16E-06  7.44E-12  0.00
 1323 6.6150E+06    4  3308     185   1.0  7.40E-07  4.13E-06  1.07E-12  0.00
 1324 6.6200E+06    4  3311     185   1.0  7.36E-07  4.12E-06  2.62E-12  0.00
 1325 6.6250E+06    4  3313     185   1.0  7.36E-07  4.11E-06  4.42E-12  0.00
 1326 6.6300E+06    4  3316     185   1.0  7.34E-07  4.10E-06  7.37E-13  0.00
 1327 6.6350E+06    4  3318     185   1.0  7.46E-07  4.19E-06  2.15E-12  0.00
 1328 6.6400E+06    4  3321     185   1.0  7.38E-07  4.16E-06  1.84E-09  0.00
 1329 6.6450E+06    4  3323     185   1.0  6.32E-07  3.71E-06  1.57E-12  0.00
 1330 6.6500E+06    4  3326     185   1.0  6.32E-07  3.71E-06  3.04E-11  0.00
 1331 6.6550E+06    4  3328     185   1.0  6.31E-07  3.71E-06  1.74E-11  0.00
 1332 6.6600E+06    4  3331     185   1.0  6.30E-07  3.70E-06  7.23E-12  0.00
 1333 6.6650E+06    4  3333     185   1.0  6.53E-07  3.74E-06  6.36E-13  0.00
 1334 6.6700E+06    4  3336     185   1.0  6.52E-07  3.74E-06  5.05E-12  0.00
 1335 6.6750E+06    4  3338     185   1.0  6.51E-07  3.73E-06  2.08E-12  0.00
 1336 6.6800E+06    4  3341     185   1.0  6.51E-07  3.73E-06  1.94E-13  0.00
 1337 6.6850E+06    4  3343     185   1.0  6.50E-07  3.72E-06  6.50E-13  0.00
 1338 6.6900E+06    4  3346     185   1.0  6.49E-07  3.72E-06  1.06E-11  0.00
 1339 6.6950E+06    4  3348     185   1.0  6.48E-07  3.71E-06  1.95E-11  0.00
 1340 6.7000E+06    4  3351     185   1.0  6.48E-07  3.71E-06  1.60E-12  0.00
 1341 6.7050E+06    4  3353     185   1.0  6.47E-07  3.70E-06  6.69E-13  0.00
 1342 6.7100E+06    4  3356     185   1.0  6.46E-07  3.70E-06  2.84E-12  0.00
 1343 6.7150E+06    4  3358     185   1.0  6.45E-07  3.70E-06  9.40E-12  0.00
 1344 6.7200E+06    4  3361     185   1.0  6.50E-07  3.69E-06  1.45E-12  0.00
 1345 6.7250E+06    4  3363     185   1.0  6.44E-07  3.69E-06  8.93E-13  0.00
 1346 6.7300E+06    4  3366     185   1.0  6.43E-07  3.68E-06  4.45E-12  0.00
 1347 6.7350E+06    4  3368     185   1.0  6.42E-07  3.68E-06  9.17E-12  0.00
 1348 6.7400E+06    4  3371     185   1.0  6.41E-07  3.67E-06  7.78E-13  0.00
 1349 6.7450E+06    4  3373     185   1.0  6.40E-07  3.67E-06  3.69E-12  0.00
 1350 6.7500E+06    4  3376     185   1.0  6.40E-07  3.66E-06  1.84E-12  0.00
 1351 6.7550E+06    4  3378     185   1.0  6.39E-07  3.66E-06  1.07E-12  0.00
 1352 6.7600E+06    4  3381     185   1.0  6.38E-07  3.65E-06  6.62E-10  0.00
 1353 6.7650E+06    4  3383     185   1.0  6.37E-07  3.65E-06  3.09E-11  0.00
 1354 6.7700E+06    4  3386     185   1.0  6.37E-07  3.65E-06  3.00E-13  0.00
 1355 6.7750E+06    4  3388     185   1.0  6.36E-07  3.64E-06  1.34E-12  0.00
 1356 6.7800E+06    4  3391     185   1.0  6.36E-07  3.57E-06  2.30E-11  0.00
 1357 6.7850E+06    4  3393     185   1.0  6.36E-07  3.56E-06  2.92E-13  0.00
 1358 6.7900E+06    4  3396     185   1.0  6.36E-07  3.55E-06  5.56E-11  0.00
 1359 6.7950E+06    4  3398     185   1.0  6.35E-07  3.55E-06  2.91E-12  0.00
 1360 6.8000E+06    4  3401     185   1.0  6.34E-07  3.55E-06  7.83E-12  0.00
 1361 6.8050E+06    4  3403     185   1.0  6.33E-07  3.54E-06  2.17E-12  0.00
 1362 6.8100E+06    4  3406     185   1.0  6.33E-07  3.54E-06  5.90E-11  0.00
 1363 6.8150E+06    4  3408     185   1.0  6.32E-07  3.53E-06  2.05E-12  0.00
 1364 6.8200E+06    4  3411     185   1.0  6.32E-07  3.53E-06  1.03E-10  0.00
 1365 6.8250E+06    4  3413     185   1.0  6.39E-07  3.59E-06  1.72E-12  0.00
 1366 6.8300E+06    4  3416     185   1.0  6.39E-07  3.59E-06  8.88E-12  0.00
 1367 6.8350E+06    4  3418     185   1.0  6.38E-07  3.58E-06  1.95E-11  0.00
 1368 6.8400E+06    4  3421     185   1.0  6.37E-07  3.58E-06  1.71E-10  0.00
 1369 6.8450E+06    4  3423     185   1.0  6.36E-07  3.58E-06  2.00E-12  0.00
 1370 6.8500E+06    4  3426     185   1.0  6.36E-07  3.57E-06  2.18E-12  0.00
 1371 6.8550E+06    4  3428     185   1.0  6.35E-07  3.57E-06  4.69E-12  0.00
 1372 6.8600E+06    4  3431     185   1.0  6.39E-07  3.59E-06  1.20E-10  0.00
 1373 6.8650E+06    4  3433     185   1.0  6.77E-07  3.76E-06  1.11E-12  0.00
 1374 6.8700E+06    4  3436     185   1.0  6.80E-07  3.75E-06  1.01E-11  0.00
 1375 6.8750E+06    4  3438     185   1.0  6.83E-07  3.75E-06  2.86E-11  0.00
 1376 6.8800E+06    4  3441     185   1.0  7.34E-07  3.82E-06  9.48E-13  0.00
 1377 6.8850E+06    4  3443     185   1.0  7.47E-07  3.85E-06  1.83E-12  0.00
 1378 6.8900E+06    4  3446     185   1.0  7.46E-07  3.85E-06  3.63E-12  0.00
 1379 6.8950E+06    4  3448     185   1.0  7.45E-07  3.84E-06  2.74E-12  0.00
 1380 6.9000E+06    4  3451     185   1.0  7.45E-07  3.84E-06  2.37E-13  0.00
 1381 6.9050E+06    4  3453     185   1.0  7.44E-07  3.83E-06  3.38E-14  0.00
 1382 6.9100E+06    4  3456     185   1.0  7.43E-07  3.83E-06  1.64E-14  0.00
 1383 6.9150E+06    4  3458     185   1.0  7.42E-07  3.82E-06  3.26E-12  0.00
 1384 6.9200E+06    4  3461     185   1.0  7.51E-07  3.80E-06  2.10E-09  0.00
 1385 6.9250E+06    4  3463     185   1.0  6.21E-07  3.25E-06  1.14E-12  0.00
 1386 6.9300E+06    4  3466     185   1.0  8.13E-07  4.29E-06  1.49E-11  0.00
 1387 6.9350E+06    4  3468     185   1.0  1.13E-06  5.43E-06  2.96E-12  0.00
 1388 6.9400E+06    4  3471     185   1.0  1.31E-06  6.02E-06  9.32E-11  0.00
 1389 6.9450E+06    4  3473     185   1.0  1.31E-06  6.01E-06  4.12E-12  0.00
 1390 6.9500E+06    4  3476     185   1.0  1.30E-06  5.99E-06  4.11E-11  0.00
 1391 6.9550E+06    4  3478     185   1.0  1.30E-06  5.97E-06  1.26E-12  0.00
 1392 6.9600E+06    4  3481     185   1.0  1.30E-06  5.96E-06  8.04E-11  0.00
 1393 6.9650E+06    4  3483     185   1.0  1.29E-06  5.94E-06  6.12E-12  0.00
 1394 6.9700E+06    4  3486     185   1.0  1.29E-06  5.93E-06  1.09E-12  0.00
 1395 6.9750E+06    4  3488     185   1.0  1.29E-06  5.91E-06  2.07E-12  0.00
 1396 6.9800E+06    4  3491     185   1.0  1.28E-06  5.90E-06  1.05E-11  0.00
 1397 6.9850E+06    4  3493     185   1.0  1.25E-06  5.75E-06  2.45E-12  0.00
 1398 6.9900E+06    4  3496     185   1.0  1.24E-06  5.69E-06  1.17E-12  0.00
 1399 6.9950E+06    4  3498     185   1.0  1.24E-06  5.68E-06  4.16E-12  0.00
 1400 7.0000E+06    4  3501     185   1.0  1.24E-06  5.67E-06  4.15E-12  0.00
 1401 7.0050E+06    4  3503     185   1.0  1.23E-06  5.65E-06  4.81E-12  0.00
 1402 7.0100E+06    4  3506     185   1.0  1.23E-06  5.64E-06  1.28E-10  0.00
 1403 7.0150E+06    4  3508     185   1.0  1.23E-06  5.62E-06  2.52E-12  0.00
 1404 7.0200E+06    4  3511     185   1.0  1.23E-06  5.61E-06  9.45E-13  0.00
 1405 7.0250E+06    4  3513     185   1.0  1.22E-06  5.60E-06  2.86E-11  0.00
 1406 7.0300E+06    4  3516     185   1.0  1.22E-06  5.58E-06  7.39E-12  0.00
 1407 7.0350E+06    4  3518     185   1.0  1.22E-06  5.57E-06  2.44E-11  0.00
 1408 7.0400E+06    4  3521     185   1.0  1.21E-06  5.56E-06  4.80E-12  0.00
 1409 7.0450E+06    4  3523     185   1.0  1.21E-06  5.54E-06  3.23E-12  0.00
 1410 7.0500E+06    4  3526     184   1.0  1.18E-06  5.32E-06  4.39E-11  0.00
 1411 7.0550E+06    4  3528     184   1.0  1.16E-06  5.17E-06  1.91E-11  0.00
 1412 7.0600E+06    4  3531     184   1.0  1.15E-06  5.16E-06  5.86E-13  0.00
 1413 7.0650E+06    4  3533     184   1.0  1.15E-06  5.15E-06  7.67E-12  0.00
 1414 7.0700E+06    4  3536     184   1.0  1.15E-06  5.14E-06  5.12E-13  0.00
 1415 7.0750E+06    4  3538     184   1.0  1.15E-06  5.12E-06  5.10E-11  0.00
 1416 7.0800E+06    4  3541     184   1.0  1.14E-06  5.11E-06  7.43E-12  0.00
 1417 7.0850E+06    4  3543     184   1.0  1.14E-06  5.10E-06  7.46E-12  0.00
 1418 7.0900E+06    4  3546     184   1.0  1.14E-06  5.09E-06  1.15E-11  0.00
 1419 7.0950E+06    4  3548     184   1.0  1.14E-06  5.08E-06  3.79E-12  0.00
 1420 7.1000E+06    4  3551     184   1.0  1.18E-06  5.09E-06  1.04E-09  0.00
 1421 7.1050E+06    4  3553     184   1.0  5.62E-06  2.86E-05  1.01E-07  0.00
 1422 7.1100E+06    4  3556     184   1.0  1.26E-05  6.55E-05  2.38E-11  0.00
 1423 7.1150E+06    4  3558     184   1.0  5.09E-07  2.83E-06  1.45E-12  0.00
 1424 7.1200E+06    4  3561     184   1.0  8.03E-07  4.19E-06  2.79E-12  0.00
 1425 7.1250E+06    4  3563     184   1.0  8.51E-07  4.38E-06  5.16E-12  0.00
 1426 7.1300E+06    4  3566     184   1.0  8.49E-07  4.37E-06  4.68E-12  0.00
 1427 7.1350E+06    4  3568     184   1.0  8.81E-07  4.57E-06  8.32E-12  0.00
 1428 7.1400E+06    4  3571     184   1.0  8.95E-07  4.65E-06  4.81E-12  0.00
 1429 7.1450E+06    4  3573     184   1.0  8.94E-07  4.64E-06  5.00E-12  0.00
 1430 7.1500E+06    4  3576     184   1.0  8.92E-07  4.64E-06  8.92E-12  0.00
 1431 7.1550E+06    4  3578     184   1.0  7.24E-07  3.50E-06  2.16E-12  0.00
 1432 7.1600E+06    4  3581     184   1.0  7.06E-07  3.38E-06  8.70E-13  0.00
 1433 7.1650E+06    4  3583     184   1.0  8.10E-07  3.89E-06  1.03E-09  0.00
 1434 7.1700E+06    4  3586     184   1.0  2.00E-06  9.31E-06  7.95E-12  0.00
 1435 7.1750E+06    4  3588     184   1.0  2.00E-06  9.31E-06  4.18E-12  0.00
 1436 7.1800E+06    4  3591     184   1.0  1.99E-06  9.27E-06  2.69E-11  0.00
 1437 7.1850E+06    4  3593     184   1.0  1.98E-06  9.22E-06  3.63E-12  0.00
 1438 7.1900E+06    4  3596     184   1.0  1.97E-06  9.18E-06  2.62E-12  0.00
 1439 7.1950E+06    4  3598     184   1.0  1.96E-06  9.14E-06  4.86E-12  0.00
 1440 7.2000E+06    4  3601     184   1.0  1.96E-06  9.10E-06  1.78E-12  0.00
 1441 7.2050E+06    4  3603     184   1.0  1.95E-06  9.06E-06  3.22E-12  0.00
 1442 7.2100E+06    4  3606     184   1.0  1.94E-06  9.02E-06  6.15E-12  0.00
 1443 7.2150E+06    4  3608     184   1.0  1.93E-06  8.98E-06  4.02E-12  0.00
 1444 7.2200E+06    4  3611     184   1.0  1.83E-06  8.62E-06  2.99E-12  0.00
 1445 7.2250E+06    4  3613     184   1.0  1.62E-06  7.89E-06  1.60E-12  0.00
 1446 7.2300E+06    4  3616     184   1.0  1.62E-06  7.87E-06  3.25E-12  0.00
 1447 7.2350E+06    4  3618     184   1.0  1.61E-06  7.84E-06  1.48E-12  0.00
 1448 7.2400E+06    4  3621     184   1.0  1.60E-06  7.82E-06  2.03E-12  0.00
 1449 7.2450E+06    4  3623     184   1.0  1.60E-06  7.80E-06  3.57E-12  0.00
 1450 7.2500E+06    4  3626     184   1.0  1.59E-06  7.77E-06  2.35E-12  0.00
 1451 7.2550E+06    4  3628     184   1.0  1.46E-06  7.21E-06  1.54E-12  0.00
 1452 7.2600E+06    4  3631     184   1.0  1.23E-06  6.35E-06  5.85E-12  0.00
 1453 7.2650E+06    4  3633     184   1.0  1.23E-06  6.34E-06  3.81E-12  0.00
 1454 7.2700E+06    4  3636     184   1.0  1.23E-06  6.33E-06  3.71E-13  0.00
 1455 7.2750E+06    4  3638     184   1.0  1.22E-06  6.31E-06  3.88E-12  0.00
 1456 7.2800E+06    4  3641     184   1.0  1.22E-06  6.30E-06  1.08E-12  0.00
 1457 7.2850E+06    4  3643     184   1.0  1.22E-06  6.29E-06  1.66E-12  0.00
 1458 7.2900E+06    4  3646     184   1.0  1.22E-06  6.28E-06  1.45E-12  0.00
 1459 7.2950E+06    4  3648     184   1.0  1.21E-06  6.27E-06  1.54E-12  0.00
 1460 7.3000E+06    4  3651     184   1.0  1.21E-06  6.26E-06  1.98E-12  0.00
 1461 7.3050E+06    4  3653     184   1.0  1.21E-06  6.25E-06  1.42E-11  0.00
 1462 7.3100E+06    4  3656     184   1.0  1.20E-06  6.24E-06  2.86E-12  0.00
 1463 7.3150E+06    4  3658     184   1.0  1.20E-06  6.23E-06  5.45E-12  0.00
 1464 7.3200E+06    4  3661     184   1.0  1.20E-06  6.21E-06  8.41E-13  0.00
 1465 7.3250E+06    4  3663     184   1.0  1.20E-06  6.18E-06  3.67E-11  0.00
 1466 7.3300E+06    4  3666     184   1.0  1.19E-06  6.17E-06  3.79E-12  0.00
 1467 7.3350E+06    4  3668     184   1.0  1.27E-06  6.89E-06  4.41E-13  0.00
 1468 7.3400E+06    4  3671     184   1.0  1.38E-06  7.93E-06  1.07E-12  0.00
 1469 7.3450E+06    4  3673     184   1.0  1.38E-06  7.93E-06  6.17E-13  0.00
 1470 7.3500E+06    4  3676     184   1.0  1.38E-06  7.93E-06  3.26E-12  0.00
 1471 7.3550E+06    4  3678     184   1.0  1.37E-06  7.93E-06  4.84E-11  0.00
 1472 7.3600E+06    4  3681     184   1.0  1.33E-06  7.58E-06  2.24E-12  0.00
 1473 7.3650E+06    4  3683     184   1.0  1.30E-06  7.40E-06  4.13E-13  0.00
 1474 7.3700E+06    4  3686     184   1.0  1.30E-06  7.40E-06  1.20E-12  0.00
 1475 7.3750E+06    4  3688     184   1.0  1.30E-06  7.40E-06  3.30E-11  0.00
 1476 7.3800E+06    4  3691     184   1.0  1.30E-06  7.40E-06  2.00E-12  0.00
 1477 7.3850E+06    4  3693     184   1.0  1.30E-06  7.39E-06  6.97E-13  0.00
 1478 7.3900E+06    4  3696     184   1.0  1.30E-06  7.39E-06  4.52E-12  0.00
 1479 7.3950E+06    4  3698     184   1.0  1.39E-06  7.86E-06  7.81E-13  0.00
 1480 7.4000E+06    4  3701     184   1.0  1.41E-06  7.92E-06  4.29E-12  0.00
 1481 7.4050E+06    4  3703     184   1.0  1.34E-06  7.54E-06  5.99E-10  0.00
 1482 7.4100E+06    4  3706     184   1.0  9.82E-07  5.64E-06  7.81E-13  0.00
 1483 7.4150E+06    4  3708     184   1.0  9.80E-07  5.63E-06  2.52E-13  0.00
 1484 7.4200E+06    4  3711     184   1.0  9.78E-07  5.63E-06  1.07E-12  0.00
 1485 7.4250E+06    4  3713     184   1.0  9.62E-07  5.54E-06  6.30E-12  0.00
 1486 7.4300E+06    4  3716     184   1.0  8.68E-07  5.02E-06  1.03E-11  0.00
 1487 7.4350E+06    4  3718     184   1.0  8.66E-07  5.01E-06  1.57E-13  0.00
 1488 7.4400E+06    4  3721     184   1.0  8.65E-07  5.01E-06  4.36E-12  0.00
 1489 7.4450E+06    4  3723     184   1.0  8.64E-07  5.00E-06  9.01E-13  0.00
 1490 7.4500E+06    4  3726     184   1.0  8.90E-07  5.19E-06  5.45E-12  0.00
 1491 7.4550E+06    4  3728     184   1.0  9.93E-07  5.92E-06  1.68E-12  0.00
 1492 7.4600E+06    4  3731     184   1.0  9.67E-07  5.79E-06  5.71E-12  0.00
 1493 7.4650E+06    4  3733     184   1.0  9.45E-07  5.67E-06  8.43E-15  0.00
 1494 7.4700E+06    4  3736     184   1.0  1.17E-06  6.73E-06  1.04E-12  0.00
 1495 7.4750E+06    4  3738     184   1.0  1.43E-06  8.06E-06  1.57E-13  0.00
 1496 7.4800E+06    4  3741     184   1.0  1.42E-06  7.98E-06  9.97E-13  0.00
 1497 7.4850E+06    4  3743     184   1.0  1.14E-06  6.39E-06  1.65E-12  0.00
 1498 7.4900E+06    4  3746     184   1.0  1.14E-06  6.38E-06  8.34E-13  0.00
 1499 7.4950E+06    4  3748     184   1.0  1.14E-06  6.38E-06  2.01E-12  0.00
 1500 7.5000E+06    4  3751     183   1.0  1.20E-06  6.65E-06  6.21E-12  0.00
 1501 7.5050E+06    4  3753     183   1.0  1.43E-06  7.78E-06  5.23E-13  0.00
 1502 7.5100E+06    4  3756     183   1.0  1.43E-06  7.76E-06  7.94E-12  0.00
 1503 7.5150E+06    4  3758     183   1.0  1.43E-06  7.75E-06  8.22E-13  0.00
 1504 7.5200E+06    4  3761     183   1.0  1.42E-06  7.74E-06  9.94E-13  0.00
 1505 7.5250E+06    4  3763     183   1.0  1.56E-06  8.92E-06  4.50E-11  0.00
 1506 7.5300E+06    4  3766     183   1.0  2.01E-06  1.23E-05  1.29E-11  0.00
 1507 7.5350E+06    4  3768     183   1.0  1.80E-06  1.11E-05  2.24E-12  0.00
 1508 7.5400E+06    4  3771     183   1.0  1.15E-06  7.91E-06  1.10E-12  0.00
 1509 7.5450E+06    4  3773     183   1.0  7.83E-07  5.04E-06  1.82E-13  0.00
 1510 7.5500E+06    4  3776     183   1.0  7.47E-07  4.80E-06  3.96E-13  0.00
 1511 7.5550E+06    4  3778     183   1.0  7.48E-07  4.81E-06  1.30E-12  0.00
 1512 7.5600E+06    4  3781     183   1.0  7.49E-07  4.81E-06  6.81E-13  0.00
 1513 7.5650E+06    4  3783     183   1.0  7.49E-07  4.82E-06  2.39E-12  0.00
 1514 7.5700E+06    4  3786     183   1.0  7.50E-07  4.82E-06  3.09E-12  0.00
 1515 7.5750E+06    4  3788     183   1.0  7.91E-07  5.09E-06  6.10E-11  0.00
 1516 7.5800E+06    4  3791     183   1.0  8.44E-07  5.44E-06  4.36E-12  0.00
 1517 7.5850E+06    4  3793     183   1.0  8.45E-07  5.44E-06  5.88E-13  0.00
 1518 7.5900E+06    4  3796     183   1.0  8.46E-07  5.45E-06  2.37E-13  0.00
 1519 7.5950E+06    4  3798     183   1.0  8.47E-07  5.46E-06  6.40E-13  0.00
 1520 7.6000E+06    4  3801     183   1.0  8.47E-07  5.46E-06  5.91E-13  0.00
 1521 7.6050E+06    4  3803     183   1.0  8.48E-07  5.47E-06  1.17E-14  0.00
 1522 7.6100E+06    4  3806     183   1.0  8.49E-07  5.47E-06  1.04E-13  0.00
 1523 7.6150E+06    4  3808     183   1.0  8.50E-07  5.48E-06  2.63E-13  0.00
 1524 7.6200E+06    4  3811     184   1.0  1.64E-05  1.06E-04  1.77E-07  0.00
 1525 7.6250E+06    4  3813     184   1.0  1.36E-05  8.45E-05  2.36E-07  0.00
 1526 7.6300E+06    4  3816     184   1.0  1.46E-05  8.28E-05  4.37E-08  0.00
 1527 7.6350E+06    4  3818     184   1.0  1.92E-05  8.44E-05  1.22E-10  0.00
 1528 7.6400E+06    4  3821     184   1.0  4.97E-07  2.90E-06  2.17E-11  0.00
 1529 7.6450E+06    4  3823     184   1.0  6.44E-07  3.82E-06  7.00E-13  0.00
 1530 7.6500E+06    4  3826     184   1.0  5.31E-07  3.22E-06  8.57E-13  0.00
 1531 7.6550E+06    4  3828     184   1.0  4.46E-07  2.76E-06  5.08E-13  0.00
 1532 7.6600E+06    4  3831     184   1.0  4.46E-07  2.76E-06  3.41E-12  0.00
 1533 7.6650E+06    4  3833     184   1.0  4.46E-07  2.76E-06  7.49E-13  0.00
 1534 7.6700E+06    4  3836     184   1.0  4.46E-07  2.76E-06  1.50E-12  0.00
 1535 7.6750E+06    4  3838     184   1.0  4.46E-07  2.76E-06  3.23E-12  0.00
 1536 7.6800E+06    4  3841     184   1.0  4.46E-07  2.76E-06  2.38E-12  0.00
 1537 7.6850E+06    4  3843     184   1.0  4.46E-07  2.76E-06  3.75E-12  0.00
 1538 7.6900E+06    4  3846     184   1.0  4.69E-07  2.91E-06  1.30E-11  0.00
 1539 7.6950E+06    4  3848     184   1.0  4.77E-07  2.96E-06  2.19E-12  0.00
 1540 7.7000E+06    4  3851     184   1.0  4.81E-07  2.98E-06  1.23E-12  0.00
 1541 7.7050E+06    4  3853     184   1.0  5.00E-07  3.07E-06  1.30E-09  0.00
 1542 7.7100E+06    4  3856     184   1.0  3.54E-07  1.89E-06  9.73E-13  0.00
 1543 7.7150E+06    4  3858     184   1.0  3.51E-07  1.88E-06  5.92E-12  0.00
 1544 7.7200E+06    4  3861     184   1.0  3.75E-07  2.02E-06  1.06E-09  0.00
 1545 7.7250E+06    4  3863     184   1.0  6.32E-07  3.60E-06  2.13E-12  0.00
 1546 7.7300E+06    4  3866     184   1.0  1.29E-06  7.54E-06  1.19E-12  0.00
 1547 7.7350E+06    4  3868     184   1.0  1.85E-06  1.09E-05  3.63E-12  0.00
 1548 7.7400E+06    4  3871     184   1.0  1.75E-06  1.04E-05  2.30E-10  0.00
 1549 7.7450E+06    4  3873     184   1.0  7.59E-07  4.31E-06  3.72E-11  0.00
 1550 7.7500E+06    4  3876     184   1.0  7.00E-07  3.93E-06  5.43E-12  0.00
 1551 7.7550E+06    4  3878     184   1.0  6.99E-07  3.93E-06  2.00E-11  0.00
 1552 7.7600E+06    4  3881     184   1.0  6.99E-07  3.92E-06  1.52E-12  0.00
 1553 7.7650E+06    4  3883     184   1.0  6.99E-07  3.92E-06  2.99E-13  0.00
 1554 7.7700E+06    4  3886     184   1.0  6.98E-07  3.92E-06  1.09E-13  0.00
 1555 7.7750E+06    4  3888     184   1.0  6.96E-07  3.92E-06  4.70E-10  0.00
 1556 7.7800E+06    4  3891     184   1.0  6.80E-07  3.96E-06  1.63E-11  0.00
 1557 7.7850E+06    4  3893     184   1.0  6.79E-07  3.96E-06  6.12E-12  0.00
 1558 7.7900E+06    4  3896     184   1.0  6.79E-07  3.96E-06  6.52E-13  0.00
 1559 7.7950E+06    4  3898     184   1.0  6.78E-07  3.96E-06  9.01E-13  0.00
 1560 7.8000E+06    4  3901     184   1.0  6.78E-07  3.96E-06  2.10E-13  0.00
 1561 7.8050E+06    4  3903     184   1.0  6.77E-07  3.95E-06  2.33E-12  0.00
 1562 7.8100E+06    4  3906     184   1.0  6.77E-07  3.95E-06  1.57E-12  0.00
 1563 7.8150E+06    4  3908     184   1.0  6.76E-07  3.95E-06  5.35E-14  0.00
 1564 7.8200E+06    4  3911     184   1.0  6.76E-07  3.95E-06  6.03E-12  0.00
 1565 7.8250E+06    4  3913     184   1.0  6.75E-07  3.94E-06  2.55E-12  0.00
 1566 7.8300E+06    4  3916     184   1.0  6.75E-07  3.94E-06  2.70E-13  0.00
 1567 7.8350E+06    4  3918     184   1.0  6.74E-07  3.94E-06  1.09E-12  0.00
 1568 7.8400E+06    4  3921     184   1.0  6.74E-07  3.94E-06  1.36E-12  0.00
 1569 7.8450E+06    4  3923     184   1.0  6.74E-07  3.94E-06  3.80E-15  0.00
 1570 7.8500E+06    4  3926     184   1.0  6.73E-07  3.93E-06  8.54E-13  0.00
 1571 7.8550E+06    4  3928     184   1.0  6.73E-07  3.93E-06  1.22E-12  0.00
 1572 7.8600E+06    4  3931     184   1.0  6.72E-07  3.93E-06  6.49E-12  0.00
 1573 7.8650E+06    4  3933     184   1.0  6.72E-07  3.93E-06  9.63E-13  0.00
 1574 7.8700E+06    4  3936     184   1.0  6.71E-07  3.92E-06  2.08E-12  0.00
 1575 7.8750E+06    4  3938     184   1.0  6.71E-07  3.92E-06  1.75E-11  0.00
 1576 7.8800E+06    4  3941     184   1.0  6.70E-07  3.92E-06  2.06E-13  0.00
 1577 7.8850E+06    4  3943     184   1.0  6.70E-07  3.92E-06  1.38E-12  0.00
 1578 7.8900E+06    4  3946     184   1.0  6.69E-07  3.91E-06  8.83E-13  0.00
 1579 7.8950E+06    4  3948     184   1.0  6.69E-07  3.91E-06  5.07E-13  0.00
 1580 7.9000E+06    4  3951     184   1.0  6.68E-07  3.91E-06  1.20E-12  0.00
 1581 7.9050E+06    4  3953     184   1.0  6.68E-07  3.91E-06  9.76E-12  0.00
 1582 7.9100E+06    4  3956     184   1.0  6.67E-07  3.90E-06  3.54E-14  0.00
 1583 7.9150E+06    4  3958     184   1.0  6.66E-07  3.90E-06  5.01E-12  0.00
 1584 7.9200E+06    4  3961     184   1.0  6.66E-07  3.90E-06  6.83E-13  0.00
 1585 7.9250E+06    4  3963     184   1.0  6.65E-07  3.90E-06  6.42E-13  0.00
 1586 7.9300E+06    4  3966     184   1.0  6.65E-07  3.89E-06  1.07E-12  0.00
 1587 7.9350E+06    4  3968     184   1.0  6.64E-07  3.89E-06  5.87E-13  0.00
 1588 7.9400E+06    4  3971     184   1.0  6.78E-07  3.81E-06  6.68E-13  0.00
 1589 7.9450E+06    4  3973     184   1.0  6.88E-07  3.67E-06  8.63E-10  0.00
 1590 7.9500E+06    4  3976     184   1.0  6.79E-07  3.61E-06  1.02E-10  0.00
 1591 7.9550E+06    4  3978     184   1.0  6.77E-07  3.61E-06  2.25E-10  0.00
 1592 7.9600E+06    4  3981     184   1.0  6.76E-07  3.61E-06  1.28E-10  0.00
 1593 7.9650E+06    4  3983     184   1.0  6.75E-07  3.61E-06  3.31E-11  0.00
 1594 7.9700E+06    4  3986     184   1.0  6.76E-07  3.60E-06  4.71E-11  0.00
 1595 7.9750E+06    4  3988     184   1.0  6.74E-07  3.60E-06  1.34E-10  0.00
 1596 7.9800E+06    4  3991     184   1.0  6.74E-07  3.60E-06  9.91E-11  0.00
 1597 7.9850E+06    4  3993     184   1.0  6.73E-07  3.60E-06  2.06E-10  0.00
 1598 7.9900E+06    4  3996     184   1.0  6.84E-07  3.60E-06  1.18E-09  0.00
 1599 7.9950E+06    4  3998     184   1.0  6.75E-07  3.59E-06  6.53E-10  0.00
 1600 8.0000E+06    4  4001     184   1.0  6.73E-07  3.59E-06  5.96E-10  0.00
 1601 8.0050E+06    4  4003     184   1.0  6.71E-07  3.59E-06  4.66E-10  0.00
 1602 8.0100E+06    5  4006     184   1.0  6.70E-07  3.58E-06  3.43E-10  0.00
 1603 8.0150E+06    5  4008     184   1.0  6.69E-07  3.58E-06  3.39E-10  0.00
 1604 8.0200E+06    5  4011     184   1.0  6.69E-07  3.58E-06  9.14E-11  0.00
 1605 8.0250E+06    5  4013     184   1.0  6.70E-07  3.58E-06  5.07E-10  0.00
 1606 8.0300E+06    5  4016     184   1.0  6.67E-07  3.57E-06  7.26E-11  0.00
 1607 8.0350E+06    5  4018     185   1.0  6.69E-07  3.57E-06  4.02E-10  0.00
 1608 8.0400E+06    5  4021     185   1.0  6.66E-07  3.57E-06  6.05E-10  0.00
 1609 8.0450E+06    5  4023     185   1.0  6.66E-07  3.57E-06  1.25E-10  0.00
 1610 8.0500E+06    5  4026     185   1.0  7.15E-07  3.87E-06  1.32E-09  0.00
 1611 8.0550E+06    5  4028     185   1.0  7.14E-07  3.86E-06  4.71E-10  0.00
 1612 8.0600E+06    5  4031     185   1.0  7.09E-07  3.87E-06  3.82E-10  0.00
 1613 8.0650E+06    5  4033     185   1.0  7.12E-07  3.85E-06  8.41E-10  0.00
 1614 8.0700E+06    5  4036     185   1.0  7.08E-07  3.86E-06  3.19E-09  0.00
 1615 8.0750E+06    5  4038     185   1.0  7.06E-07  3.84E-06  2.29E-09  0.00
 1616 8.0800E+06    5  4041     185   1.0  7.16E-07  3.85E-06  3.09E-09  0.00
 1617 8.0850E+06    5  4043     185   1.0  7.04E-07  3.84E-06  1.90E-09  0.00
 1618 8.0900E+06    5  4046     185   1.0  7.65E-07  4.15E-06  1.78E-12  0.00
 1619 8.0950E+06    5  4048     185   1.0  5.21E-06  2.90E-05  1.49E-07  0.00
 1620 8.1000E+06    5  4051     184   1.0  1.04E-04  3.99E-04  1.48E-10  0.00
 1621 8.1050E+06    5  4053     184   1.0  4.84E-07  2.19E-06  5.40E-11  0.00
 1622 8.1100E+06    5  4056     184   1.0  6.67E-07  2.74E-06  3.68E-11  0.00
 1623 8.1150E+06    5  4058     184   1.0  6.69E-07  2.75E-06  2.33E-11  0.00
 1624 8.1200E+06    5  4061     184   1.0  6.70E-07  2.77E-06  3.07E-11  0.00
 1625 8.1250E+06    5  4063     184   1.0  6.69E-07  2.76E-06  8.07E-12  0.00
 1626 8.1300E+06    5  4066     184   1.0  6.69E-07  2.76E-06  6.61E-13  0.00
 1627 8.1350E+06    5  4068     184   1.0  7.05E-07  2.90E-06  1.02E-10  0.00
 1628 8.1400E+06    5  4071     184   1.0  8.49E-07  3.42E-06  1.54E-12  0.00
 1629 8.1450E+06    5  4073     184   1.0  8.48E-07  3.41E-06  4.17E-11  0.00
 1630 8.1500E+06    5  4076     184   1.0  8.44E-07  3.39E-06  2.33E-09  0.00
 1631 8.1550E+06    5  4078     184   1.0  7.30E-07  2.95E-06  4.08E-11  0.00
 1632 8.1600E+06    5  4081     184   1.0  7.29E-07  2.94E-06  3.73E-13  0.00
 1633 8.1650E+06    5  4083     184   1.0  7.29E-07  2.94E-06  1.08E-11  0.00
 1634 8.1700E+06    5  4086     184   1.0  7.28E-07  2.94E-06  2.72E-11  0.00
 1635 8.1750E+06    5  4088     184   1.0  7.28E-07  2.94E-06  7.71E-12  0.00
 1636 8.1800E+06    5  4091     184   1.0  7.27E-07  2.94E-06  4.58E-11  0.00
 1637 8.1850E+06    5  4093     184   1.0  7.32E-07  2.95E-06  1.85E-11  0.00
 1638 8.1900E+06    5  4096     184   1.0  7.32E-07  2.95E-06  4.80E-09  0.00
 1639 8.1950E+06    5  4098     184   1.0  7.31E-07  2.95E-06  1.06E-11  0.00
 1640 8.2000E+06    5  4101     184   1.0  7.31E-07  2.95E-06  3.61E-11  0.00
 1641 8.2050E+06    5  4103     184   1.0  7.31E-07  2.95E-06  3.98E-13  0.00
 1642 8.2100E+06    5  4106     184   1.0  7.27E-07  2.95E-06  4.15E-10  0.00
 1643 8.2150E+06    5  4108     184   1.0  7.12E-07  2.98E-06  1.70E-11  0.00
 1644 8.2200E+06    5  4111     184   1.0  7.12E-07  2.98E-06  2.34E-12  0.00
 1645 8.2250E+06    5  4113     184   1.0  7.11E-07  2.98E-06  2.46E-11  0.00
 1646 8.2300E+06    5  4116     184   1.0  7.11E-07  2.98E-06  1.36E-11  0.00
 1647 8.2350E+06    5  4118     184   1.0  7.10E-07  2.97E-06  8.66E-11  0.00
 1648 8.2400E+06    5  4121     184   1.0  7.10E-07  2.97E-06  3.61E-11  0.00
 1649 8.2450E+06    5  4123     184   1.0  7.09E-07  2.97E-06  1.33E-12  0.00
 1650 8.2500E+06    5  4126     184   1.0  7.08E-07  2.97E-06  1.15E-11  0.00
 1651 8.2550E+06    5  4128     184   1.0  7.08E-07  2.96E-06  3.48E-10  0.00
 1652 8.2600E+06    5  4131     184   1.0  7.07E-07  2.96E-06  3.46E-11  0.00
 1653 8.2650E+06    5  4133     184   1.0  7.07E-07  2.96E-06  3.42E-11  0.00
 1654 8.2700E+06    5  4136     184   1.0  7.06E-07  2.96E-06  7.16E-12  0.00
 1655 8.2750E+06    5  4138     184   1.0  7.05E-07  2.95E-06  2.45E-12  0.00
 1656 8.2800E+06    5  4141     184   1.0  7.05E-07  2.95E-06  5.59E-11  0.00
 1657 8.2850E+06    5  4143     184   1.0  7.04E-07  2.95E-06  7.06E-10  0.00
 1658 8.2900E+06    5  4146     184   1.0  7.04E-07  2.95E-06  9.27E-11  0.00
 1659 8.2950E+06    5  4148     184   1.0  6.65E-07  2.83E-06  6.79E-11  0.00
 1660 8.3000E+06    5  4151     184   1.0  5.88E-07  2.61E-06  2.31E-11  0.00
 1661 8.3050E+06    5  4153     184   1.0  5.87E-07  2.61E-06  8.14E-12  0.00
 1662 8.3100E+06    5  4156     184   1.0  5.87E-07  2.60E-06  2.60E-12  0.00
 1663 8.3150E+06    5  4158     184   1.0  5.86E-07  2.60E-06  2.53E-11  0.00
 1664 8.3200E+06    5  4161     184   1.0  5.87E-07  2.60E-06  6.23E-12  0.00
 1665 8.3250E+06    5  4163     184   1.0  5.85E-07  2.60E-06  2.57E-12  0.00
 1666 8.3300E+06    5  4166     184   1.0  5.85E-07  2.59E-06  2.99E-10  0.00
 1667 8.3350E+06    5  4168     184   1.0  5.84E-07  2.59E-06  9.38E-11  0.00
 1668 8.3400E+06    5  4171     184   1.0  5.84E-07  2.59E-06  3.74E-12  0.00
 1669 8.3450E+06    5  4173     184   1.0  5.93E-07  2.64E-06  2.12E-11  0.00
 1670 8.3500E+06    5  4176     184   1.0  6.85E-07  3.09E-06  7.29E-11  0.00
 1671 8.3550E+06    5  4178     184   1.0  6.85E-07  3.09E-06  1.84E-11  0.00
 1672 8.3600E+06    5  4181     184   1.0  6.84E-07  3.08E-06  6.70E-13  0.00
 1673 8.3650E+06    5  4183     184   1.0  6.84E-07  3.08E-06  8.36E-12  0.00
 1674 8.3700E+06    5  4186     184   1.0  6.83E-07  3.08E-06  1.03E-11  0.00
 1675 8.3750E+06    5  4188     184   1.0  6.83E-07  3.08E-06  1.67E-11  0.00
 1676 8.3800E+06    5  4191     184   1.0  6.82E-07  3.08E-06  9.86E-12  0.00
 1677 8.3850E+06    5  4193     184   1.0  6.82E-07  3.08E-06  1.32E-12  0.00
 1678 8.3900E+06    5  4196     184   1.0  7.35E-07  3.37E-06  9.10E-12  0.00
 1679 8.3950E+06    5  4198     184   1.0  7.35E-07  3.37E-06  1.33E-11  0.00
 1680 8.4000E+06    5  4201     184   1.0  7.34E-07  3.37E-06  1.41E-11  0.00
 1681 8.4050E+06    5  4203     184   1.0  7.34E-07  3.37E-06  6.98E-11  0.00
 1682 8.4100E+06    5  4206     184   1.0  7.33E-07  3.37E-06  5.27E-11  0.00
 1683 8.4150E+06    5  4208     184   1.0  7.33E-07  3.36E-06  1.84E-10  0.00
 1684 8.4200E+06    5  4211     184   1.0  7.32E-07  3.36E-06  1.12E-11  0.00
 1685 8.4250E+06    5  4213     184   1.0  7.32E-07  3.36E-06  4.72E-12  0.00
 1686 8.4300E+06    5  4216     184   1.0  7.31E-07  3.36E-06  7.74E-12  0.00
 1687 8.4350E+06    5  4218     184   1.0  7.31E-07  3.36E-06  1.01E-10  0.00
 1688 8.4400E+06    5  4221     184   1.0  7.30E-07  3.35E-06  1.86E-11  0.00
 1689 8.4450E+06    5  4223     184   1.0  7.30E-07  3.35E-06  4.70E-10  0.00
 1690 8.4500E+06    5  4226     184   1.0  7.29E-07  3.35E-06  2.15E-11  0.00
 1691 8.4550E+06    5  4228     184   1.0  7.28E-07  3.35E-06  7.43E-11  0.00
 1692 8.4600E+06    5  4231     184   1.0  7.28E-07  3.34E-06  6.06E-12  0.00
 1693 8.4650E+06    5  4233     184   1.0  7.27E-07  3.34E-06  4.28E-10  0.00
 1694 8.4700E+06    5  4236     184   1.0  7.27E-07  3.34E-06  3.82E-12  0.00
 1695 8.4750E+06    5  4238     184   1.0  7.26E-07  3.34E-06  3.73E-11  0.00
 1696 8.4800E+06    5  4241     184   1.0  7.26E-07  3.34E-06  9.94E-11  0.00
 1697 8.4850E+06    5  4243     184   1.0  7.25E-07  3.33E-06  2.30E-11  0.00
 1698 8.4900E+06    5  4246     184   1.0  7.25E-07  3.33E-06  3.19E-11  0.00
 1699 8.4950E+06    5  4248     184   1.0  7.24E-07  3.33E-06  5.49E-11  0.00
 1700 8.5000E+06    5  4251     184   1.0  7.23E-07  3.33E-06  1.94E-10  0.00
 1701 8.5050E+06    5  4253     183   1.0  7.23E-07  3.33E-06  6.35E-11  0.00
 1702 8.5100E+06    5  4256     183   1.0  7.22E-07  3.32E-06  1.50E-12  0.00
 1703 8.5150E+06    5  4258     183   1.0  7.22E-07  3.32E-06  1.12E-10  0.00
 1704 8.5200E+06    5  4261     183   1.0  7.21E-07  3.32E-06  1.36E-09  0.00
 1705 8.5250E+06    5  4263     183   1.0  7.21E-07  3.32E-06  4.58E-11  0.00
 1706 8.5300E+06    5  4266     183   1.0  7.20E-07  3.32E-06  1.28E-11  0.00
 1707 8.5350E+06    5  4268     183   1.0  7.20E-07  3.31E-06  8.69E-12  0.00
 1708 8.5400E+06    5  4271     183   1.0  7.19E-07  3.31E-06  5.31E-11  0.00
 1709 8.5450E+06    5  4273     183   1.0  7.19E-07  3.31E-06  3.59E-12  0.00
 1710 8.5500E+06    5  4276     183   1.0  7.18E-07  3.31E-06  9.93E-12  0.00
 1711 8.5550E+06    5  4278     183   1.0  7.09E-07  3.34E-06  3.45E-11  0.00
 1712 8.5600E+06    5  4281     183   1.0  7.01E-07  3.37E-06  3.04E-11  0.00
 1713 8.5650E+06    5  4283     183   1.0  7.00E-07  3.36E-06  5.46E-12  0.00
 1714 8.5700E+06    5  4286     183   1.0  7.00E-07  3.36E-06  1.87E-10  0.00
 1715 8.5750E+06    5  4288     183   1.0  6.99E-07  3.36E-06  6.98E-11  0.00
 1716 8.5800E+06    5  4291     183   1.0  6.99E-07  3.36E-06  2.66E-10  0.00
 1717 8.5850E+06    5  4293     183   1.0  6.98E-07  3.35E-06  8.17E-12  0.00
 1718 8.5900E+06    5  4296     183   1.0  6.97E-07  3.35E-06  3.32E-09  0.00
 1719 8.5950E+06    5  4298     183   1.0  6.97E-07  3.35E-06  8.34E-11  0.00
 1720 8.6000E+06    5  4301     183   1.0  6.96E-07  3.35E-06  7.48E-12  0.00
 1721 8.6050E+06    5  4303     183   1.0  6.96E-07  3.34E-06  4.00E-12  0.00
 1722 8.6100E+06    5  4306     183   1.0  6.95E-07  3.34E-06  7.96E-12  0.00
 1723 8.6150E+06    5  4308     183   1.0  6.95E-07  3.34E-06  1.23E-10  0.00
 1724 8.6200E+06    5  4311     183   1.0  7.02E-07  3.38E-06  5.13E-11  0.00
 1725 8.6250E+06    5  4313     183   1.0  7.46E-07  3.63E-06  4.54E-11  0.00
 1726 8.6300E+06    5  4316     183   1.0  7.45E-07  3.62E-06  1.67E-11  0.00
 1727 8.6350E+06    5  4318     183   1.0  7.45E-07  3.62E-06  5.93E-12  0.00
 1728 8.6400E+06    5  4321     183   1.0  7.44E-07  3.62E-06  2.49E-11  0.00
 1729 8.6450E+06    5  4323     183   1.0  7.45E-07  3.62E-06  4.60E-11  0.00
 1730 8.6500E+06    5  4326     183   1.0  7.44E-07  3.62E-06  1.44E-11  0.00
 1731 8.6550E+06    5  4328     183   1.0  7.43E-07  3.62E-06  9.94E-12  0.00
 1732 8.6600E+06    5  4331     183   1.0  7.43E-07  3.62E-06  3.45E-11  0.00
 1733 8.6650E+06    5  4333     183   1.0  7.49E-07  3.68E-06  1.17E-10  0.00
 1734 8.6700E+06    5  4336     183   1.0  7.51E-07  3.70E-06  7.35E-11  0.00
 1735 8.6750E+06    5  4338     183   1.0  7.50E-07  3.70E-06  2.57E-11  0.00
 1736 8.6800E+06    5  4341     183   1.0  7.50E-07  3.70E-06  2.22E-10  0.00
 1737 8.6850E+06    5  4343     183   1.0  7.50E-07  3.70E-06  2.62E-12  0.00
 1738 8.6900E+06    5  4346     183   1.0  7.49E-07  3.70E-06  8.25E-12  0.00
 1739 8.6950E+06    5  4348     183   1.0  8.04E-07  3.66E-06  1.62E-11  0.00
 1740 8.7000E+06    5  4351     183   1.0  8.07E-07  3.65E-06  9.27E-12  0.00
 1741 8.7050E+06    5  4353     183   1.0  9.09E-07  4.27E-06  2.38E-11  0.00
 1742 8.7100E+06    5  4356     183   1.0  9.36E-07  4.43E-06  3.57E-12  0.00
 1743 8.7150E+06    5  4358     183   1.0  9.35E-07  4.43E-06  4.34E-11  0.00
 1744 8.7200E+06    5  4361     183   1.0  9.35E-07  4.43E-06  3.56E-12  0.00
 1745 8.7250E+06    5  4363     183   1.0  9.34E-07  4.43E-06  2.02E-11  0.00
 1746 8.7300E+06    5  4366     183   1.0  9.34E-07  4.43E-06  1.25E-10  0.00
 1747 8.7350E+06    5  4368     183   1.0  9.33E-07  4.42E-06  2.05E-10  0.00
 1748 8.7400E+06    5  4371     183   1.0  9.32E-07  4.42E-06  7.95E-11  0.00
 1749 8.7450E+06    5  4373     183   1.0  9.32E-07  4.42E-06  6.03E-11  0.00
 1750 8.7500E+06    5  4376     183   1.0  9.31E-07  4.42E-06  1.58E-11  0.00
 1751 8.7550E+06    5  4378     183   1.0  9.31E-07  4.42E-06  6.92E-11  0.00
 1752 8.7600E+06    5  4381     183   1.0  9.30E-07  4.41E-06  6.86E-12  0.00
 1753 8.7650E+06    5  4383     183   1.0  9.30E-07  4.41E-06  3.67E-11  0.00
 1754 8.7700E+06    5  4386     183   1.0  9.31E-07  4.41E-06  1.86E-11  0.00
 1755 8.7750E+06    5  4388     182   1.0  9.29E-07  4.41E-06  9.73E-12  0.00
 1756 8.7800E+06    5  4391     182   1.0  9.28E-07  4.41E-06  4.97E-11  0.00
 1757 8.7850E+06    5  4393     182   1.0  9.27E-07  4.40E-06  6.29E-12  0.00
 1758 8.7900E+06    5  4396     181   1.0  9.27E-07  4.40E-06  2.02E-11  0.00
 1759 8.7950E+06    5  4398     181   1.0  9.26E-07  4.40E-06  2.56E-11  0.00
 1760 8.8000E+06    5  4401     181   1.0  9.22E-07  4.34E-06  7.18E-12  0.00
 1761 8.8050E+06    5  4403     181   1.0  9.10E-07  4.16E-06  2.38E-11  0.00
 1762 8.8100E+06    5  4406     181   1.0  9.09E-07  4.16E-06  2.43E-12  0.00
 1763 8.8150E+06    5  4408     181   1.0  9.09E-07  4.16E-06  1.91E-11  0.00
 1764 8.8200E+06    5  4411     181   1.0  9.08E-07  4.16E-06  7.76E-12  0.00
 1765 8.8250E+06    5  4413     181   1.0  9.08E-07  4.16E-06  1.23E-13  0.00
 1766 8.8300E+06    5  4416     181   1.0  9.07E-07  4.16E-06  3.40E-11  0.00
 1767 8.8350E+06    5  4418     181   1.0  9.07E-07  4.16E-06  1.51E-10  0.00
 1768 8.8400E+06    5  4421     181   1.0  9.07E-07  4.16E-06  2.08E-13  0.00
 1769 8.8450E+06    5  4423     181   1.0  9.06E-07  4.16E-06  1.05E-11  0.00
 1770 8.8500E+06    5  4426     181   1.0  9.06E-07  4.16E-06  1.31E-11  0.00
 1771 8.8550E+06    5  4428     181   1.0  9.05E-07  4.16E-06  2.63E-11  0.00
 1772 8.8600E+06    5  4431     181   1.0  9.05E-07  4.16E-06  3.80E-13  0.00
 1773 8.8650E+06    5  4433     181   1.0  9.04E-07  4.16E-06  1.31E-12  0.00
 1774 8.8700E+06    5  4436     181   1.0  9.04E-07  4.15E-06  5.70E-11  0.00
 1775 8.8750E+06    5  4438     181   1.0  9.09E-07  4.16E-06  7.38E-11  0.00
 1776 8.8800E+06    5  4441     181   1.0  9.03E-07  4.15E-06  1.56E-11  0.00
 1777 8.8850E+06    5  4443     181   1.0  9.02E-07  4.15E-06  1.38E-13  0.00
 1778 8.8900E+06    5  4446     181   1.0  9.02E-07  4.15E-06  1.15E-10  0.00
 1779 8.8950E+06    5  4448     181   1.0  9.01E-07  4.15E-06  6.99E-12  0.00
 1780 8.9000E+06    5  4451     181   1.0  9.01E-07  4.15E-06  4.25E-11  0.00
 1781 8.9050E+06    5  4453     181   1.0  9.00E-07  4.15E-06  2.87E-12  0.00
 1782 8.9100E+06    5  4456     181   1.0  9.00E-07  4.15E-06  9.19E-12  0.00
 1783 8.9150E+06    5  4458     181   1.0  9.00E-07  4.15E-06  2.32E-11  0.00
 1784 8.9200E+06    5  4461     181   1.0  8.99E-07  4.15E-06  3.00E-11  0.00
 1785 8.9250E+06    5  4463     181   1.0  8.98E-07  4.15E-06  6.45E-11  0.00
 1786 8.9300E+06    5  4466     181   1.0  8.98E-07  4.15E-06  6.07E-13  0.00
 1787 8.9350E+06    5  4468     181   1.0  8.92E-07  4.14E-06  3.59E-12  0.00
 1788 8.9400E+06    5  4471     181   1.0  8.90E-07  4.14E-06  1.15E-11  0.00
 1789 8.9450E+06    5  4473     181   1.0  8.89E-07  4.14E-06  5.41E-12  0.00
 1790 8.9500E+06    5  4476     181   1.0  8.89E-07  4.14E-06  2.44E-12  0.00
 1791 8.9550E+06    5  4478     181   1.0  8.59E-07  3.72E-06  8.19E-10  0.00
 1792 8.9600E+06    5  4481     181   1.0  9.25E-07  3.58E-06  4.03E-11  0.00
 1793 8.9650E+06    5  4483     181   1.0  8.91E-07  3.42E-06  5.15E-10  0.00
 1794 8.9700E+06    5  4486     181   1.0  8.88E-07  3.41E-06  1.65E-11  0.00
 1795 8.9750E+06    5  4488     181   1.0  8.87E-07  3.41E-06  2.22E-11  0.00
 1796 8.9800E+06    5  4491     181   1.0  8.86E-07  3.41E-06  2.28E-11  0.00
 1797 8.9850E+06    5  4493     181   1.0  8.85E-07  3.41E-06  3.02E-11  0.00
 1798 8.9900E+06    5  4496     181   1.0  8.84E-07  3.40E-06  7.07E-11  0.00
 1799 8.9950E+06    5  4498     181   1.0  8.83E-07  3.40E-06  2.53E-12  0.00
 1800 9.0000E+06    5  4501     181   1.0  8.83E-07  3.40E-06  1.28E-11  0.00
 1801 9.0050E+06    5  4503     181   1.0  8.82E-07  3.40E-06  3.98E-11  0.00
 1802 9.0100E+06    5  4506     181   1.0  8.81E-07  3.39E-06  3.29E-11  0.00
 1803 9.0150E+06    5  4508     181   1.0  8.80E-07  3.39E-06  2.78E-12  0.00
 1804 9.0200E+06    5  4511     181   1.0  8.79E-07  3.39E-06  1.01E-11  0.00
 1805 9.0250E+06    5  4513     181   1.0  8.78E-07  3.39E-06  3.34E-12  0.00
 1806 9.0300E+06    5  4516     181   1.0  8.78E-07  3.39E-06  2.35E-10  0.00
 1807 9.0350E+06    5  4518     181   1.0  8.77E-07  3.38E-06  1.84E-11  0.00
 1808 9.0400E+06    5  4521     181   1.0  8.76E-07  3.38E-06  3.99E-13  0.00
 1809 9.0450E+06    5  4523     181   1.0  8.75E-07  3.38E-06  5.21E-11  0.00
 1810 9.0500E+06    5  4526     180   1.0  8.74E-07  3.38E-06  6.78E-11  0.00
 1811 9.0550E+06    5  4528     180   1.0  8.73E-07  3.37E-06  5.26E-09  0.00
 1812 9.0600E+06    5  4531     180   1.0  8.73E-07  3.37E-06  8.79E-12  0.00
 1813 9.0650E+06    5  4533     180   1.0  8.73E-07  3.37E-06  1.16E-11  0.00
 1814 9.0700E+06    5  4536     180   1.0  8.71E-07  3.37E-06  1.41E-11  0.00
 1815 9.0750E+06    5  4538     180   1.0  8.70E-07  3.36E-06  6.04E-12  0.00
 1816 9.0800E+06    5  4541     180   1.0  8.69E-07  3.36E-06  5.87E-11  0.00
 1817 9.0850E+06    5  4543     180   1.0  8.69E-07  3.36E-06  6.09E-12  0.00
 1818 9.0900E+06    5  4546     180   1.0  8.68E-07  3.36E-06  1.75E-11  0.00
 1819 9.0950E+06    5  4548     180   1.0  8.67E-07  3.36E-06  2.79E-11  0.00
 1820 9.1000E+06    5  4551     180   1.0  8.50E-07  3.35E-06  1.22E-11  0.00
 1821 9.1050E+06    5  4553     180   1.0  8.28E-07  3.33E-06  8.64E-12  0.00
 1822 9.1100E+06    5  4556     180   1.0  8.27E-07  3.33E-06  2.74E-11  0.00
 1823 9.1150E+06    5  4558     180   1.0  8.27E-07  3.33E-06  3.33E-12  0.00
 1824 9.1200E+06    5  4561     180   1.0  8.26E-07  3.33E-06  2.33E-10  0.00
 1825 9.1250E+06    5  4563     180   1.0  8.25E-07  3.33E-06  1.95E-11  0.00
 1826 9.1300E+06    5  4566     180   1.0  8.25E-07  3.33E-06  6.81E-11  0.00
 1827 9.1350E+06    5  4568     180   1.0  8.24E-07  3.32E-06  6.24E-11  0.00
 1828 9.1400E+06    5  4571     180   1.0  8.23E-07  3.32E-06  1.71E-11  0.00
 1829 9.1450E+06    5  4573     180   1.0  8.23E-07  3.32E-06  4.63E-12  0.00
 1830 9.1500E+06    5  4576     180   1.0  8.22E-07  3.32E-06  1.01E-11  0.00
 1831 9.1550E+06    5  4578     180   1.0  8.21E-07  3.32E-06  9.58E-12  0.00
 1832 9.1600E+06    5  4581     180   1.0  8.52E-07  3.40E-06  3.85E-11  0.00
 1833 9.1650E+06    5  4583     180   1.0  8.82E-07  3.48E-06  2.72E-11  0.00
 1834 9.1700E+06    5  4586     180   1.0  8.79E-07  3.48E-06  2.71E-12  0.00
 1835 9.1750E+06    5  4588     180   1.0  9.15E-07  3.59E-06  5.88E-12  0.00
 1836 9.1800E+06    5  4591     180   1.0  9.57E-07  3.72E-06  2.33E-12  0.00
 1837 9.1850E+06    5  4593     180   1.0  9.59E-07  3.72E-06  6.90E-12  0.00
 1838 9.1900E+06    5  4596     180   1.0  9.56E-07  3.72E-06  3.05E-11  0.00
 1839 9.1950E+06    5  4598     180   1.0  9.55E-07  3.71E-06  6.70E-12  0.00
 1840 9.2000E+06    5  4601     180   1.0  9.54E-07  3.71E-06  1.68E-11  0.00
 1841 9.2050E+06    5  4603     180   1.0  9.53E-07  3.71E-06  2.61E-11  0.00
 1842 9.2100E+06    5  4606     180   1.0  9.53E-07  3.71E-06  2.41E-11  0.00
 1843 9.2150E+06    5  4608     180   1.0  9.52E-07  3.71E-06  9.94E-12  0.00
 1844 9.2200E+06    5  4611     180   1.0  9.51E-07  3.71E-06  7.26E-12  0.00
 1845 9.2250E+06    5  4613     180   1.0  9.50E-07  3.70E-06  1.39E-13  0.00
 1846 9.2300E+06    5  4616     180   1.0  9.50E-07  3.70E-06  1.62E-11  0.00
 1847 9.2350E+06    5  4618     180   1.0  9.49E-07  3.70E-06  1.67E-11  0.00
 1848 9.2400E+06    5  4621     180   1.0  9.48E-07  3.70E-06  1.50E-11  0.00
 1849 9.2450E+06    5  4623     180   1.0  9.47E-07  3.70E-06  9.24E-13  0.00
 1850 9.2500E+06    5  4626     180   1.0  9.47E-07  3.70E-06  3.01E-12  0.00
 1851 9.2550E+06    5  4628     180   1.0  9.46E-07  3.69E-06  1.25E-10  0.00
 1852 9.2600E+06    5  4631     180   1.0  9.45E-07  3.69E-06  2.57E-11  0.00
 1853 9.2650E+06    5  4633     180   1.0  9.44E-07  3.69E-06  1.81E-11  0.00
 1854 9.2700E+06    5  4636     180   1.0  9.44E-07  3.69E-06  5.51E-11  0.00
 1855 9.2750E+06    5  4638     181   1.0  9.43E-07  3.69E-06  5.10E-10  0.00
 1856 9.2800E+06    5  4641     181   1.0  9.42E-07  3.68E-06  1.31E-09  0.00
 1857 9.2850E+06    5  4643     181   1.0  9.41E-07  3.68E-06  2.22E-11  0.00
 1858 9.2900E+06    5  4646     181   1.0  9.41E-07  3.68E-06  3.69E-11  0.00
 1859 9.2950E+06    5  4648     181   1.0  9.40E-07  3.68E-06  5.39E-12  0.00
 1860 9.3000E+06    5  4651     181   1.0  9.39E-07  3.68E-06  9.32E-11  0.00
 1861 9.3050E+06    5  4653     181   1.0  9.39E-07  3.68E-06  5.07E-12  0.00
 1862 9.3100E+06    5  4656     181   1.0  9.38E-07  3.67E-06  7.58E-11  0.00
 1863 9.3150E+06    5  4658     181   1.0  9.43E-07  3.69E-06  4.50E-10  0.00
 1864 9.3200E+06    5  4661     181   1.0  9.54E-07  3.71E-06  1.05E-11  0.00
 1865 9.3250E+06    5  4663     181   1.0  9.53E-07  3.71E-06  7.54E-12  0.00
 1866 9.3300E+06    5  4666     181   1.0  9.52E-07  3.71E-06  2.33E-11  0.00
 1867 9.3350E+06    5  4668     181   1.0  9.51E-07  3.71E-06  5.47E-11  0.00
 1868 9.3400E+06    5  4671     181   1.0  9.51E-07  3.70E-06  4.28E-10  0.00
 1869 9.3450E+06    5  4673     181   1.0  9.50E-07  3.70E-06  1.99E-13  0.00
 1870 9.3500E+06    5  4676     181   1.0  9.49E-07  3.70E-06  2.57E-12  0.00
 1871 9.3550E+06    5  4678     181   1.0  9.48E-07  3.70E-06  1.99E-09  0.00
 1872 9.3600E+06    5  4681     181   1.0  9.48E-07  3.70E-06  1.86E-12  0.00
 1873 9.3650E+06    5  4683     181   1.0  9.47E-07  3.69E-06  2.31E-11  0.00
 1874 9.3700E+06    5  4686     181   1.0  9.34E-07  3.67E-06  2.28E-11  0.00
 1875 9.3750E+06    5  4688     181   1.0  9.17E-07  3.63E-06  1.60E-11  0.00
 1876 9.3800E+06    5  4691     181   1.0  9.16E-07  3.63E-06  6.61E-12  0.00
 1877 9.3850E+06    5  4693     181   1.0  9.16E-07  3.63E-06  8.00E-12  0.00
 1878 9.3900E+06    5  4696     181   1.0  9.15E-07  3.63E-06  4.54E-12  0.00
 1879 9.3950E+06    5  4698     181   1.0  9.14E-07  3.62E-06  8.12E-11  0.00
 1880 9.4000E+06    5  4701     181   1.0  9.13E-07  3.62E-06  3.28E-12  0.00
 1881 9.4050E+06    5  4703     181   1.0  9.13E-07  3.62E-06  1.50E-13  0.00
 1882 9.4100E+06    5  4706     181   1.0  9.12E-07  3.62E-06  1.26E-11  0.00
 1883 9.4150E+06    5  4708     181   1.0  9.11E-07  3.62E-06  3.97E-12  0.00
 1884 9.4200E+06    5  4711     181   1.0  9.10E-07  3.61E-06  1.73E-12  0.00
 1885 9.4250E+06    5  4713     181   1.0  9.10E-07  3.61E-06  1.50E-11  0.00
 1886 9.4300E+06    5  4716     181   1.0  9.09E-07  3.61E-06  3.77E-13  0.00
 1887 9.4350E+06    5  4718     181   1.0  9.08E-07  3.61E-06  4.82E-11  0.00
 1888 9.4400E+06    5  4721     181   1.0  9.07E-07  3.61E-06  1.30E-11  0.00
 1889 9.4450E+06    5  4723     181   1.0  9.07E-07  3.61E-06  6.27E-12  0.00
 1890 9.4500E+06    5  4726     181   1.0  9.06E-07  3.60E-06  4.84E-12  0.00
 1891 9.4550E+06    5  4728     181   1.0  9.05E-07  3.60E-06  1.23E-10  0.00
 1892 9.4600E+06    5  4731     181   1.0  9.04E-07  3.60E-06  7.43E-11  0.00
 1893 9.4650E+06    5  4733     181   1.0  9.04E-07  3.60E-06  1.68E-10  0.00
 1894 9.4700E+06    5  4736     181   1.0  9.03E-07  3.60E-06  5.12E-12  0.00
 1895 9.4750E+06    5  4738     181   1.0  9.02E-07  3.60E-06  1.60E-11  0.00
 1896 9.4800E+06    5  4741     181   1.0  9.02E-07  3.59E-06  4.14E-12  0.00
 1897 9.4850E+06    5  4743     181   1.0  9.01E-07  3.59E-06  8.25E-12  0.00
 1898 9.4900E+06    5  4746     181   1.0  9.00E-07  3.59E-06  5.22E-12  0.00
 1899 9.4950E+06    5  4748     181   1.0  8.99E-07  3.59E-06  3.09E-11  0.00
 1900 9.5000E+06    5  4751     181   1.0  8.99E-07  3.59E-06  2.31E-11  0.00
 1901 9.5050E+06    5  4753     181   1.0  8.98E-07  3.58E-06  9.11E-11  0.00
 1902 9.5100E+06    5  4756     181   1.0  8.97E-07  3.58E-06  7.96E-12  0.00
 1903 9.5150E+06    5  4758     181   1.0  8.97E-07  3.58E-06  4.46E-10  0.00
 1904 9.5200E+06    5  4761     181   1.0  8.96E-07  3.58E-06  6.77E-12  0.00
 1905 9.5250E+06    5  4763     181   1.0  8.96E-07  3.58E-06  1.58E-11  0.00
 1906 9.5300E+06    5  4766     181   1.0  8.94E-07  3.58E-06  5.41E-11  0.00
 1907 9.5350E+06    5  4768     181   1.0  8.94E-07  3.57E-06  7.05E-11  0.00
 1908 9.5400E+06    5  4771     181   1.0  8.96E-07  3.57E-06  1.65E-11  0.00
 1909 9.5450E+06    5  4773     181   1.0  8.92E-07  3.57E-06  6.13E-11  0.00
 1910 9.5500E+06    5  4776     181   1.0  1.16E-06  4.83E-06  2.10E-11  0.00
 1911 9.5550E+06    5  4778     181   1.0  1.42E-06  6.05E-06  1.77E-10  0.00
 1912 9.5600E+06    5  4781     181   1.0  1.41E-06  6.03E-06  2.36E-11  0.00
 1913 9.5650E+06    5  4783     181   1.0  1.29E-06  5.42E-06  1.34E-11  0.00
 1914 9.5700E+06    5  4786     181   1.0  1.26E-06  5.34E-06  3.53E-11  0.00
 1915 9.5750E+06    5  4788     181   1.0  1.31E-06  5.42E-06  4.11E-11  0.00
 1916 9.5800E+06    5  4791     181   1.0  1.44E-06  5.65E-06  1.60E-11  0.00
 1917 9.5850E+06    5  4793     181   1.0  1.44E-06  5.65E-06  5.07E-12  0.00
 1918 9.5900E+06    5  4796     181   1.0  1.47E-06  5.71E-06  2.25E-11  0.00
 1919 9.5950E+06    5  4798     181   1.0  1.48E-06  5.74E-06  2.64E-12  0.00
 1920 9.6000E+06    5  4801     181   1.0  1.47E-06  5.74E-06  2.39E-12  0.00
 1921 9.6050E+06    5  4803     181   1.0  1.47E-06  5.73E-06  6.74E-11  0.00
 1922 9.6100E+06    5  4806     180   1.0  1.47E-06  5.72E-06  1.09E-10  0.00
 1923 9.6150E+06    5  4808     180   1.0  1.46E-06  5.69E-06  3.68E-11  0.00
 1924 9.6200E+06    5  4811     180   1.0  1.46E-06  5.68E-06  2.46E-12  0.00
 1925 9.6250E+06    5  4813     180   1.0  1.46E-06  5.68E-06  9.58E-11  0.00
 1926 9.6300E+06    5  4816     180   1.0  1.46E-06  5.68E-06  8.28E-11  0.00
 1927 9.6350E+06    5  4818     180   1.0  1.46E-06  5.67E-06  1.44E-11  0.00
 1928 9.6400E+06    5  4821     180   1.0  1.46E-06  5.67E-06  8.17E-12  0.00
 1929 9.6450E+06    5  4823     180   1.0  1.45E-06  5.66E-06  8.82E-12  0.00
 1930 9.6500E+06    5  4826     180   1.0  1.45E-06  5.65E-06  4.28E-14  0.00
 1931 9.6550E+06    5  4828     180   1.0  1.45E-06  5.65E-06  9.30E-12  0.00
 1932 9.6600E+06    5  4831     180   1.0  1.45E-06  5.64E-06  6.95E-13  0.00
 1933 9.6650E+06    5  4833     180   1.0  1.45E-06  5.63E-06  4.67E-11  0.00
 1934 9.6700E+06    5  4836     180   1.0  1.44E-06  5.63E-06  1.91E-12  0.00
 1935 9.6750E+06    5  4838     180   1.0  1.44E-06  5.62E-06  2.77E-11  0.00
 1936 9.6800E+06    5  4841     180   1.0  1.44E-06  5.61E-06  1.83E-11  0.00
 1937 9.6850E+06    5  4843     180   1.0  1.44E-06  5.61E-06  1.21E-11  0.00
 1938 9.6900E+06    5  4846     180   1.0  1.44E-06  5.60E-06  2.49E-11  0.00
 1939 9.6950E+06    5  4848     180   1.0  1.44E-06  5.59E-06  7.28E-10  0.00
 1940 9.7000E+06    5  4851     180   1.0  1.43E-06  5.59E-06  1.30E-10  0.00
 1941 9.7050E+06    5  4853     180   1.0  1.43E-06  5.58E-06  1.62E-10  0.00
 1942 9.7100E+06    5  4856     180   1.0  1.44E-06  5.58E-06  3.25E-12  0.00
 1943 9.7150E+06    5  4858     180   1.0  1.43E-06  5.57E-06  1.37E-11  0.00
 1944 9.7200E+06    5  4861     180   1.0  1.43E-06  5.56E-06  8.18E-10  0.00
 1945 9.7250E+06    5  4863     180   1.0  1.42E-06  5.55E-06  6.45E-11  0.00
 1946 9.7300E+06    5  4866     180   1.0  1.42E-06  5.55E-06  2.55E-11  0.00
 1947 9.7350E+06    5  4868     180   1.0  1.40E-06  5.46E-06  8.34E-12  0.00
 1948 9.7400E+06    5  4871     180   1.0  1.36E-06  5.31E-06  7.64E-11  0.00
 1949 9.7450E+06    5  4873     180   1.0  1.36E-06  5.31E-06  2.47E-11  0.00
 1950 9.7500E+06    5  4876     180   1.0  1.36E-06  5.30E-06  7.60E-12  0.00
 1951 9.7550E+06    5  4878     180   1.0  1.36E-06  5.30E-06  6.26E-11  0.00
 1952 9.7600E+06    5  4881     180   1.0  1.35E-06  5.29E-06  6.35E-11  0.00
 1953 9.7650E+06    5  4883     180   1.0  1.33E-06  5.24E-06  2.65E-10  0.00
 1954 9.7700E+06    5  4886     180   1.0  1.12E-06  4.66E-06  2.37E-12  0.00
 1955 9.7750E+06    5  4888     180   1.0  1.12E-06  4.66E-06  1.11E-10  0.00
 1956 9.7800E+06    5  4891     180   1.0  1.12E-06  4.65E-06  1.60E-11  0.00
 1957 9.7850E+06    5  4893     180   1.0  1.12E-06  4.64E-06  5.93E-12  0.00
 1958 9.7900E+06    5  4896     180   1.0  1.12E-06  4.64E-06  2.42E-11  0.00
 1959 9.7950E+06    5  4898     180   1.0  1.11E-06  4.63E-06  7.78E-11  0.00
 1960 9.8000E+06    5  4901     179   1.0  1.11E-06  4.63E-06  6.95E-12  0.00
 1961 9.8050E+06    5  4903     179   1.0  1.11E-06  4.62E-06  1.09E-10  0.00
 1962 9.8100E+06    5  4906     179   1.0  1.11E-06  4.61E-06  1.69E-11  0.00
 1963 9.8150E+06    5  4908     179   1.0  1.11E-06  4.61E-06  5.27E-10  0.00
 1964 9.8200E+06    5  4911     179   1.0  1.10E-06  4.60E-06  9.58E-12  0.00
 1965 9.8250E+06    5  4913     179   1.0  1.10E-06  4.59E-06  1.01E-10  0.00
 1966 9.8300E+06    5  4916     179   1.0  1.10E-06  4.59E-06  4.00E-12  0.00
 1967 9.8350E+06    5  4918     179   1.0  1.10E-06  4.58E-06  5.16E-12  0.00
 1968 9.8400E+06    5  4921     179   1.0  1.10E-06  4.58E-06  3.60E-11  0.00
 1969 9.8450E+06    5  4923     179   1.0  1.10E-06  4.57E-06  1.11E-11  0.00
 1970 9.8500E+06    5  4926     179   1.0  1.09E-06  4.56E-06  4.27E-12  0.00
 1971 9.8550E+06    5  4928     179   1.0  1.09E-06  4.56E-06  4.59E-11  0.00
 1972 9.8600E+06    5  4931     179   1.0  1.09E-06  4.55E-06  9.59E-12  0.00
 1973 9.8650E+06    5  4933     179   1.0  1.09E-06  4.55E-06  2.57E-12  0.00
 1974 9.8700E+06    5  4936     179   1.0  1.09E-06  4.54E-06  7.54E-13  0.00
 1975 9.8750E+06    5  4938     179   1.0  1.09E-06  4.63E-06  2.43E-11  0.00
 1976 9.8800E+06    5  4941     179   1.0  1.10E-06  4.71E-06  2.85E-10  0.00
 1977 9.8850E+06    5  4943     179   1.0  1.10E-06  4.71E-06  1.03E-10  0.00
 1978 9.8900E+06    5  4946     179   1.0  1.10E-06  4.70E-06  1.07E-11  0.00
 1979 9.8950E+06    5  4948     179   1.0  1.10E-06  4.70E-06  1.03E-11  0.00
 1980 9.9000E+06    5  4951     179   1.0  1.10E-06  4.69E-06  5.36E-11  0.00
 1981 9.9050E+06    5  4953     179   1.0  1.12E-06  4.70E-06  4.14E-10  0.00
 1982 9.9100E+06    5  4956     179   1.0  1.19E-06  4.72E-06  7.59E-11  0.00
 1983 9.9150E+06    5  4958     179   1.0  1.18E-06  4.71E-06  3.80E-09  0.00
 1984 9.9200E+06    5  4961     179   1.0  1.18E-06  4.71E-06  4.38E-11  0.00
 1985 9.9250E+06    5  4963     179   1.0  1.18E-06  4.70E-06  3.31E-11  0.00
 1986 9.9300E+06    5  4966     179   1.0  1.18E-06  4.70E-06  2.27E-11  0.00
 1987 9.9350E+06    5  4968     179   1.0  1.18E-06  4.69E-06  9.19E-13  0.00
 1988 9.9400E+06    5  4971     179   1.0  1.17E-06  4.68E-06  1.83E-11  0.00
 1989 9.9450E+06    5  4973     179   1.0  1.17E-06  4.68E-06  2.49E-12  0.00
 1990 9.9500E+06    5  4976     179   1.0  1.17E-06  4.67E-06  1.44E-10  0.00
 1991 9.9550E+06    5  4978     178   1.0  1.17E-06  4.66E-06  9.86E-11  0.00
 1992 9.9600E+06    5  4981     178   1.0  1.17E-06  4.66E-06  3.32E-12  0.00
 1993 9.9650E+06    5  4983     178   1.0  1.17E-06  4.65E-06  6.02E-11  0.00
 1994 9.9700E+06    5  4986     178   1.0  1.17E-06  4.69E-06  5.78E-11  0.00
 1995 9.9750E+06    5  4988     178   1.0  1.19E-06  4.78E-06  2.10E-11  0.00
 1996 9.9800E+06    5  4991     178   1.0  1.19E-06  4.78E-06  8.96E-12  0.00
 1997 9.9850E+06    5  4993     178   1.0  1.19E-06  4.77E-06  1.25E-11  0.00
 1998 9.9900E+06    5  4996     178   1.0  1.19E-06  4.77E-06  3.66E-11  0.00
 1999 9.9950E+06    5  4998     178   1.0  1.18E-06  4.76E-06  1.34E-12  0.00
 2000 1.0000E+07    5  5001     178   1.0  1.18E-06  4.76E-06  1.16E-11  0.00
 2001 1.0005E+07    5  5003     178   1.0  1.18E-06  4.75E-06  8.32E-12  0.00
 2002 1.0010E+07    5  5006     178   1.0  1.18E-06  4.74E-06  6.91E-11  0.00
 2003 1.0015E+07    5  5008     178   1.0  1.18E-06  4.74E-06  4.09E-12  0.00
 2004 1.0020E+07    5  5011     178   1.0  1.18E-06  4.73E-06  1.29E-11  0.00
 2005 1.0025E+07    5  5013     178   1.0  1.18E-06  4.73E-06  2.18E-11  0.00
 2006 1.0030E+07    5  5016     178   1.0  1.17E-06  4.72E-06  2.24E-12  0.00
 2007 1.0035E+07    5  5018     178   1.0  1.17E-06  4.72E-06  7.34E-12  0.00
 2008 1.0040E+07    5  5021     178   1.0  1.17E-06  4.71E-06  1.07E-12  0.00
 2009 1.0045E+07    5  5023     178   1.0  1.17E-06  4.71E-06  1.11E-11  0.00
 2010 1.0050E+07    5  5026     178   1.0  1.17E-06  4.70E-06  7.88E-11  0.00
 2011 1.0055E+07    5  5028     178   1.0  1.17E-06  4.70E-06  1.18E-08  0.00
 2012 1.0060E+07    5  5031     178   1.0  1.17E-06  4.69E-06  4.35E-12  0.00
 2013 1.0065E+07    5  5033     178   1.0  1.17E-06  4.69E-06  2.95E-11  0.00
 2014 1.0070E+07    5  5036     178   1.0  1.16E-06  4.68E-06  1.40E-10  0.00
 2015 1.0075E+07    5  5038     178   1.0  1.16E-06  4.68E-06  8.11E-11  0.00
 2016 1.0080E+07    5  5041     178   1.0  1.15E-06  4.73E-06  4.80E-11  0.00
 2017 1.0085E+07    5  5043     178   1.0  1.13E-06  4.77E-06  5.99E-13  0.00
 2018 1.0090E+07    5  5046     178   1.0  1.13E-06  4.77E-06  7.89E-12  0.00
 2019 1.0095E+07    5  5048     178   1.0  1.13E-06  4.76E-06  1.94E-11  0.00
 2020 1.0100E+07    5  5051     178   1.0  1.13E-06  4.75E-06  1.05E-10  0.00
 2021 1.0105E+07    5  5053     178   1.0  1.13E-06  4.75E-06  1.22E-11  0.00
 2022 1.0110E+07    5  5056     178   1.0  1.13E-06  4.74E-06  4.90E-12  0.00
 2023 1.0115E+07    5  5058     178   1.0  1.12E-06  4.73E-06  1.71E-11  0.00
 2024 1.0120E+07    5  5061     178   1.0  1.12E-06  4.73E-06  1.25E-11  0.00
 2025 1.0125E+07    5  5063     178   1.0  1.12E-06  4.72E-06  1.15E-10  0.00
 2026 1.0130E+07    5  5066     178   1.0  1.12E-06  4.73E-06  7.66E-12  0.00
 2027 1.0135E+07    5  5068     178   1.0  1.13E-06  4.74E-06  1.42E-09  0.00
 2028 1.0140E+07    5  5071     178   1.0  1.13E-06  4.73E-06  1.68E-12  0.00
 2029 1.0145E+07    5  5073     178   1.0  1.12E-06  4.72E-06  2.33E-11  0.00
 2030 1.0150E+07    6  5076     178   1.0  1.21E-06  5.23E-06  1.05E-11  0.00
 2031 1.0155E+07    6  5078     178   1.0  5.08E-07  2.21E-06  2.63E-11  0.00
 2032 1.0160E+07    6  5081     178   1.0  5.00E-07  2.18E-06  1.61E-10  0.00
 2033 1.0165E+07    6  5083     178   1.0  5.00E-07  2.18E-06  1.91E-12  0.00
 2034 1.0170E+07    6  5086     178   1.0  5.00E-07  2.18E-06  7.66E-12  0.00
 2035 1.0175E+07    6  5088     178   1.0  5.00E-07  2.17E-06  3.17E-12  0.00
 2036 1.0180E+07    6  5091     178   1.0  4.99E-07  2.17E-06  1.42E-11  0.00
 2037 1.0185E+07    6  5093     178   1.0  4.99E-07  2.17E-06  5.31E-12  0.00
 2038 1.0190E+07    6  5096     178   1.0  4.99E-07  2.17E-06  8.98E-12  0.00
 2039 1.0195E+07    6  5098     178   1.0  4.99E-07  2.17E-06  4.29E-11  0.00
 2040 1.0200E+07    6  5101     178   1.0  4.98E-07  2.17E-06  1.60E-10  0.00
 2041 1.0205E+07    6  5103     178   1.0  4.98E-07  2.17E-06  2.96E-11  0.00
 2042 1.0210E+07    6  5106     178   1.0  4.98E-07  2.17E-06  3.57E-12  0.00
 2043 1.0215E+07    6  5108     178   1.0  4.98E-07  2.16E-06  2.37E-10  0.00
 2044 1.0220E+07    6  5111     178   1.0  4.97E-07  2.16E-06  9.45E-11  0.00
 2045 1.0225E+07    6  5113     178   1.0  4.97E-07  2.16E-06  9.63E-12  0.00
 2046 1.0230E+07    6  5116     178   1.0  4.96E-07  2.16E-06  8.67E-11  0.00
 2047 1.0235E+07    6  5118     178   1.0  4.79E-07  2.11E-06  2.06E-11  0.00
 2048 1.0240E+07    6  5121     178   1.0  4.79E-07  2.11E-06  7.02E-11  0.00
 2049 1.0245E+07    6  5123     178   1.0  4.79E-07  2.11E-06  4.84E-11  0.00
 2050 1.0250E+07    6  5126     178   1.0  4.79E-07  2.11E-06  1.16E-11  0.00
 2051 1.0255E+07    6  5128     178   1.0  4.78E-07  2.11E-06  2.43E-11  0.00
 2052 1.0260E+07    6  5131     178   1.0  4.79E-07  2.11E-06  1.31E-11  0.00
 2053 1.0265E+07    6  5133     178   1.0  4.78E-07  2.11E-06  1.49E-12  0.00
 2054 1.0270E+07    6  5136     178   1.0  4.78E-07  2.11E-06  1.36E-11  0.00
 2055 1.0275E+07    6  5138     178   1.0  4.78E-07  2.11E-06  2.02E-10  0.00
 2056 1.0280E+07    6  5141     178   1.0  4.77E-07  2.10E-06  1.49E-11  0.00
 2057 1.0285E+07    6  5143     178   1.0  4.77E-07  2.10E-06  4.61E-11  0.00
 2058 1.0290E+07    6  5146     178   1.0  4.77E-07  2.10E-06  2.86E-12  0.00
 2059 1.0295E+07    6  5148     178   1.0  4.77E-07  2.10E-06  1.06E-10  0.00
 2060 1.0300E+07    6  5151     179   1.0  4.85E-07  2.10E-06  7.80E-10  0.00
 2061 1.0305E+07    6  5153     179   1.0  4.95E-07  2.11E-06  1.42E-11  0.00
 2062 1.0310E+07    6  5156     179   1.0  4.94E-07  2.11E-06  1.38E-11  0.00
 2063 1.0315E+07    6  5158     179   1.0  4.94E-07  2.11E-06  4.44E-11  0.00
 2064 1.0320E+07    6  5161     179   1.0  4.94E-07  2.11E-06  3.24E-11  0.00
 2065 1.0325E+07    6  5163     179   1.0  4.94E-07  2.11E-06  5.24E-11  0.00
 2066 1.0330E+07    6  5166     179   1.0  4.93E-07  2.11E-06  1.67E-11  0.00
 2067 1.0335E+07    6  5168     179   1.0  4.93E-07  2.11E-06  1.14E-11  0.00
 2068 1.0340E+07    6  5171     179   1.0  4.93E-07  2.11E-06  1.65E-10  0.00
 2069 1.0345E+07    6  5173     179   1.0  4.93E-07  2.11E-06  4.18E-11  0.00
 2070 1.0350E+07    6  5176     179   1.0  6.21E-07  2.86E-06  2.12E-11  0.00
 2071 1.0355E+07    6  5178     179   1.0  2.49E-05  1.24E-04  4.68E-09  0.00
 2072 1.0360E+07    6  5181     179   1.0  6.36E-07  2.75E-06  2.01E-11  0.00
 2073 1.0365E+07    6  5183     179   1.0  6.25E-07  2.71E-06  8.69E-12  0.00
 2074 1.0370E+07    6  5186     179   1.0  5.47E-07  2.30E-06  3.13E-12  0.00
 2075 1.0375E+07    6  5188     179   1.0  3.48E-07  1.44E-06  3.85E-11  0.00
 2076 1.0380E+07    6  5191     179   1.0  3.48E-07  1.44E-06  5.72E-11  0.00
 2077 1.0385E+07    6  5193     179   1.0  3.48E-07  1.44E-06  2.31E-11  0.00
 2078 1.0390E+07    6  5196     179   1.0  3.48E-07  1.44E-06  3.25E-11  0.00
 2079 1.0395E+07    6  5198     179   1.0  3.47E-07  1.44E-06  9.71E-12  0.00
 2080 1.0400E+07    6  5201     179   1.0  3.47E-07  1.44E-06  8.55E-12  0.00
 2081 1.0405E+07    6  5203     179   1.0  3.47E-07  1.44E-06  2.23E-12  0.00
 2082 1.0410E+07    6  5206     179   1.0  3.47E-07  1.44E-06  7.76E-12  0.00
 2083 1.0415E+07    6  5208     179   1.0  3.47E-07  1.44E-06  2.02E-10  0.00
 2084 1.0420E+07    6  5211     179   1.0  3.47E-07  1.43E-06  9.75E-12  0.00
 2085 1.0425E+07    6  5213     179   1.0  3.46E-07  1.40E-06  1.98E-10  0.00
 2086 1.0430E+07    6  5216     179   1.0  3.46E-07  1.40E-06  1.16E-13  0.00
 2087 1.0435E+07    6  5218     179   1.0  3.46E-07  1.40E-06  1.26E-10  0.00
 2088 1.0440E+07    6  5221     179   1.0  3.46E-07  1.40E-06  4.57E-12  0.00
 2089 1.0445E+07    6  5223     179   1.0  3.46E-07  1.40E-06  2.92E-12  0.00
 2090 1.0450E+07    7  5226     179   1.0  3.45E-07  1.40E-06  6.69E-11  0.00
 2091 1.0455E+07    7  5228     179   1.0  8.65E-07  3.52E-06  3.72E-11  0.00
 2092 1.0460E+07    7  5231     179   1.0  8.62E-07  3.49E-06  5.43E-12  0.00
 2093 1.0465E+07    7  5233     179   1.0  8.61E-07  3.49E-06  1.89E-12  0.00
 2094 1.0470E+07    7  5236     179   1.0  8.61E-07  3.49E-06  1.11E-11  0.00
 2095 1.0475E+07    7  5238     179   1.0  8.43E-07  3.38E-06  3.95E-11  0.00
 2096 1.0480E+07    7  5241     179   1.0  8.45E-07  3.42E-06  1.38E-10  0.00
 2097 1.0485E+07    7  5243     179   1.0  9.17E-07  3.94E-06  6.87E-12  0.00
 2098 1.0490E+07    7  5246     179   1.0  9.16E-07  3.94E-06  1.35E-11  0.00
 2099 1.0495E+07    7  5248     179   1.0  9.15E-07  3.94E-06  1.04E-12  0.00
 2100 1.0500E+07    7  5251     179   1.0  9.14E-07  3.93E-06  6.24E-11  0.00
 2101 1.0505E+07    7  5253     179   1.0  9.13E-07  3.93E-06  3.21E-11  0.00
 2102 1.0510E+07    7  5256     179   1.0  9.12E-07  3.93E-06  1.60E-12  0.00
 2103 1.0515E+07    7  5258     179   1.0  9.11E-07  3.92E-06  2.34E-11  0.00
 2104 1.0520E+07    7  5261     179   1.0  9.17E-07  3.93E-06  1.55E-11  0.00
 2105 1.0525E+07    7  5263     179   1.0  9.21E-07  3.94E-06  7.29E-11  0.00
 2106 1.0530E+07    7  5266     178   1.0  1.69E-04  6.35E-04  1.70E-10  0.00
 2107 1.0535E+07    7  5268     178   1.0  4.50E-07  1.89E-06  1.26E-10  0.00
 2108 1.0540E+07    7  5271     178   1.0  4.44E-07  1.83E-06  2.60E-09  0.00
 2109 1.0545E+07    7  5273     178   1.0  4.93E-07  2.02E-06  2.45E-09  0.00
 2110 1.0550E+07    8  5276     178   1.0  9.13E-07  4.29E-06  2.83E-10  0.00
