4
  4096  1.34970681290897883E+01  1.34970681290897883E+01  1.34970681290897883E+01
        0.00000000000000000E+00  0.00000000000000000E+00  0.00000000000000000E+00
  3.91639445074813297E-01  9.13024390560540522E-01  1.26776073920900192E+01  1.06576968784650106E+01
  3.61137627255947724E-01  1.82067667771796526E+00  1.28926441680335753E+01  4.72739385821275004E-01
  5.02120514290034237E-01  9.48303868093827340E+00  1.11409676956828054E+01  5.52251803776192141E+00
  3.91639445074813297E-01  1.29326203303957588E+01  3.78636353526736613E+00  4.83803536428231062E+00
  2.89926324498661514E-01  5.10386089886228334E+00  1.06087898251849406E+01  3.76120528853515124E+00
  5.59225941233592594E-01  4.62519742512492371E+00  1.31192693831083531E+01  2.45802489638575850E+00
  2.89926324498661514E-01  7.78003231491689728E+00  7.97103452789885836E+00  3.69720853586157450E+00
  5.69669339224686877E-01  2.87958263751725196E+00  3.12936122538014638E+00  1.27998210938060257E+01
  4.01058911976384491E-01  2.53822204132106322E-01  1.47857915335314494E+00  4.33700770091058097E+00
  5.44158343748334383E-01  8.67579212936651634E-01  1.21424371917034057E+00  9.16705787927108418E+00
  3.76902076901479588E-01  2.88498215679199044E+00  1.98061894635958735E+00  1.11819497973631989E+01
  4.84429066430730915E-01  4.94063680053465770E+00  6.55857430311046152E-01  4.89470699446577484E+00
  4.32438693220842718E-01  1.17714461518538744E+01  1.32653540474733038E+01  1.06984732370102833E+01
  2.78555296554233556E-01  4.71771326471345542E+00  1.02113941306861751E+01  6.38169207521273663E+00
  4.80063103612331954E-01  1.09907641393229536E+01  2.90606263273064469E+00  1.16346213838565635E+01
  5.34458872568623455E-01  1.27312692157483074E+01  8.10713213826253387E-01  1.17922923905478889E+01
  4.58420388086688613E-01  7.61622918429935591E+00  1.08605208745704314E+01  9.07732428502448130E+00
  4.93220738472549158E-01  5.89685711542686608E+00  6.27835882050633298E+00  1.34028192849986674E+01
  4.84429066430730915E-01  1.28461416190602473E+00  2.25841244379174544E+00  1.33415478677750716E+01
  3.61137627255947724E-01  6.80508895719202567E+00  2.79215914968892154E+00  3.09055041101163441E+00
  4.71376829571238165E-01  4.28427053386333523E-01  4.71610938661766355E+00  7.10684880182852297E+00
  2.89926324498661514E-01  1.12974794134542247E+01  7.05087899313295541E+00  7.73415099992235344E+00
  5.64404144318620404E-01  1.85943639068936895E+00  1.02238884058585189E+01  6.49723508445961717E-01
  3.96383251075161813E-01  8.00615680009719277E+00  4.66577437907886061E+00  2.24661751416861000E+00
  4.14741582532007880E-01  1.58842637986573987E+00  5.45135967476192640E+00  2.43176412414305698E+00
  4.71376829571238165E-01  3.41427912727857219E+00  7.91308122796739344E+00  2.48534612639705754E+00
  3.24058750641704252E-01  4.26403707452157654E+00  1.17841788606326858E+01  1.07447113535675260E+01
  4.05674446517406473E-01  2.88331909570774370E+00  1.09219251642445450E+01  5.34852751597845444E+00
  3.66532661804007787E-01  7.39751139975553063E+00  1.30549241701047105E+01  3.49817959991750493E+00
  4.93220738472549158E-01  8.79336604976752412E+00  5.28306651157338347E+00  1.10339962420070723E+01
  3.24058750641704252E-01  2.06593150002461678E+00  4.39613167562634377E+00  7.67826542403846357E+00
  3.49822487141294602E-01  8.22316454983599981E-02  4.17493657400782237E+00  8.41568707862309928E+00
  5.11150069422808828E-01  4.99634354574021966E+00  4.19238131363779853E+00  6.90898538964697906E+00
  5.86062212635089952E-01  2.39279948951168331E+00  9.78456364334396200E-01  1.22458153524970754E+01
  5.69669339224686877E-01  1.29067759955382257E+01  1.25918234566191920E+01  7.36884122343496095E+00
  3.55575626152149271E-01  6.62717346673605601E+00  1.35214362089559437E+00  3.49408691006987926E+00
  3.55575626152149271E-01  6.36991357459658936E+00  9.63927163716144619E+00  1.28431806502002104E+01
  2.99785386141821708E-01  2.24532772441228090E+00  3.57616824625821872E+00  4.98839834251929393E+00
  4.58420388086688613E-01  1.27197165418271592E+01  8.96006194022443658E+00  1.26394787758108471E+01
  5.44158343748334383E-01  3.04649465673209363E+00  1.67975847302991244E+00  9.24574491002235810E+00
  3.61137627255947724E-01  6.94744681482947435E+00  1.18790775450159121E+01  3.00628575301760614E+00
  3.55575626152149271E-01  2.57964148075053679E+00  2.37488281778663390E+00  1.01538214711470287E+00
  3.55575626152149271E-01  7.13865396023741905E+00  2.40599825312447191E+00  5.00546068151730417E+00
  2.78555296554233556E-01  1.03548397299516957E+01  2.07294585992384262E+00  8.00268017408141219E+00
  5.80490670513443274E-01  1.07050580612053530E+01  1.21445734668918917E+01  1.32686945156590852E-01
  3.16615288597822842E-01  1.02831065533151857E+01  2.65975935662793361E+00  8.76742997887034292E+00
  4.62733810730875383E-01  7.03360555157161293E+00  7.72521205967930591E+00  1.12993867182020651E+01
  5.54129086970597151E-01  1.09687512347749241E+01  3.29702530141346450E+00  2.60567225636851552E+00
  4.88813983084759374E-01  1.89154480861712027E+00  3.79394137405031850E+00  9.61213828011225146E+00
  3.76902076901479588E-01  6.94682454110258707E+00  1.31484046463085296E+01  1.12895176619131714E+01
  2.89926324498661514E-01  6.09364917265135198E+00  6.34651047593175477E-01  4.18622532695521610E+00
  4.05674446517406473E-01  1.58183659840808155E+00  1.10615133841807030E+01  6.35021679922153215E+00
  4.93220738472549158E-01  5.58232212450675380E+00  5.66015580202370394E+00  1.01347682065149503E+01
  4.58420388086688613E-01  9.58885235375854528E+00  3.30158519217995572E+00  6.68374385296859774E+00
  4.54107542322554236E-01  1.31005295507633868E+01  1.32200531533586325E+01  1.63304682883079999E+00
  3.24058750641704252E-01  5.37724320779175091E-01  1.27651940838132649E+01  1.21280589960160547E+01
  3.55575626152149271E-01  1.15099192017689642E+01  9.95531413363938888E+00  1.89469239597317429E-01
  5.59225941233592594E-01  3.10424000810510137E+00  2.69209021343482524E+00  1.06143432777743314E+01
  5.75027356379647192E-01  5.71564614303543284E+00  4.08599095301334003E+00  1.00236043732190829E+01
  4.62733810730875383E-01  1.26098740393767113E+01  7.65291454585189967E+00  1.34726854132078309E+01
  5.75027356379647192E-01  8.19391014954309882E-01  4.10586028437819994E+00  7.86152226421902789E+00
  5.64404144318620404E-01  1.17768871489473792E+01  7.75989258031766571E+00  1.00821293229074680E+01
  4.23649157779161234E-01  5.04192782024191910E+00  2.90211850627748635E+00  1.08171482674127462E+00
  5.80490670513443274E-01  3.93303623238871625E+00  1.18317900994510117E+00  1.17767648008680261E+01
  3.37575933792008509E-01  1.05044912119251368E+01  4.72451924052075078E+00  3.13821897091249857E+00
  3.66532661804007787E-01  1.18840544317056267E+01  9.59927122884131911E+00  1.14762458178842692E+01
  4.71376829571238165E-01  1.32638000375264724E+01  3.90512364431652603E+00  1.23068676034441227E+00
  4.45471777578522854E-01  4.61957929479650442E+00  4.92765693486765688E+00  4.40810573566447594E+00
  5.80490670513443274E-01  1.26352799686879695E+01  5.59120056033537693E+00  5.61069734491336991E+00
  3.71781505092813103E-01  1.22456815554591106E-01  1.09538893089495524E+01  7.15410668111183945E+00
  4.80063103612331954E-01  8.71760674179881540E-02  4.64610607918458385E+00  9.09806773396691071E+00
  5.29698296771959232E-01  3.63465877607824739E+00  3.90344911226494551E+00  1.30296508989715552E+01
  2.14322779410510394E-01  6.87711105656820187E+00  4.23564118444181403E-01  1.35253430494210813E+00
  4.71376829571238165E-01  1.15289603341907032E+01  4.54075444400573680E+00  7.49435389981981448E+00
  2.89926324498661514E-01  1.15753983443790016E+01  9.69185622844558381E+00  7.85105447063276252E+00
  4.14741582532007880E-01  2.05856869778358842E+00  4.48561999487277241E+00  6.94533848048291080E+00
  2.46370760027530694E-01  8.73471044310552114E-01  1.76460000499867431E+00  5.67957305399672041E-01
  5.24991069551568490E-01  1.90394368451623608E+00  1.24489896491212946E+01  1.16983082565523038E+01
  5.02120514290034237E-01  9.77708498595971953E+00  8.14679656096970994E+00  5.35499092699298807E+00
  4.93220738472549158E-01  1.67241715938067070E+00  1.33134741375431709E+01  1.12152941845685064E+01
  5.29698296771959232E-01  3.56173849289646460E+00  7.39367293430387651E+00  1.24113185663517385E+01
  3.08607932839089050E-01  4.19812940012333546E-01  4.87307879189853299E+00  8.04569744774195428E+00
  3.91639445074813297E-01  1.79102666973495905E+00  2.70826065855877784E+00  1.62267733119128832E+00
  3.81909890374632355E-01  2.30253427375311581E+00  7.97024975047450823E+00  1.24070824889161084E+01
  2.99785386141821708E-01  2.89719706499299623E-01  9.09129792376790924E+00  1.17601549936636243E+01
  5.49108239936929698E-01  8.04858018866144498E-01  4.72728514204224926E+00  5.39466313069431713E+00
  4.67051022334941945E-01  4.50676356537948397E+00  1.08657805655962858E+00  6.18988452447387516E+00
  5.06617780002852514E-01  2.52362717816298465E+00  2.64515745428026294E+00  3.95571666309473580E+00
  4.01058911976384491E-01  1.34281997269606848E+01  8.03918303828931435E+00  8.59568263665453713E+00
  5.69669339224686877E-01  3.33238353952009625E+00  4.55241523919280411E+00  1.18901928832485879E+01
  3.66532661804007787E-01  1.26980433568910538E+01  3.86337370778584488E-01  3.00769155974944091E+00
  4.32438693220842718E-01  1.74239155779742472E-01  8.75022680581115075E+00  9.53789992149139998E+00
  4.41142703402056136E-01  5.80991914868634396E+00  9.54194424206947822E+00  1.02353548211759762E+01
  5.06617780002852514E-01  7.68956845109349807E+00  1.22453096573852029E+01  3.64678373136417999E+00
  5.69669339224686877E-01  1.10076806334086719E+01  4.93228216067115177E+00  9.26477553810766352E+00
  5.02120514290034237E-01  1.20845149196079849E+01  9.53989908375658402E+00  4.42994725680735524E+00
  3.08607932839089050E-01  9.92875627419939732E+00  4.70407062222245909E+00  1.32114690503587671E+01
  3.91639445074813297E-01  1.11588944931803002E+01  1.07568685263317896E+01  1.22592836537869765E+01
  5.15720700463495496E-01  7.20162523334154070E+00  1.21318042746625547E+01  8.53822726197619453E+00
  3.91639445074813297E-01  3.52291196774101101E+00  8.20795479648002768E+00  8.10875835439087700E-01
  2.99785386141821708E-01  3.68164374627108248E+00  1.33934507407079884E+00  8.80671607365822418E+00
  4.01058911976384491E-01  1.22011941505601786E+01  2.64139172051168014E+00  1.22378418140388661E+01
  4.28056431560671025E-01  1.32598568035113136E+01  5.81464381324072832E+00  7.89808906901443741E+00
  5.80490670513443274E-01  3.61484593932209819E+00  6.69807528909761896E+00  1.15488323695173136E+01
  3.61137627255947724E-01  1.22774264845660213E+01  2.75538011103154812E+00  1.38045671019331273E+00
  3.76902076901479588E-01  1.07089589639562224E+01  5.29993344762786389E+00  1.29037790730420650E+01
  4.41142703402056136E-01  6.26430530333014701E+00  7.44023402508126175E+00  1.86784696190287924E+00
  3.86818426119931114E-01  8.96147563895913457E+00  3.23456017055667822E+00  2.02626469244156437E+00
  4.97655099191040562E-01  1.36378119842965950E+00  1.10060285671063767E+01  1.30292569607542735E-01
  3.30997587999695309E-01  4.69695222759676057E+00  5.80194787307044191E+00  9.64866118921476335E-01
  5.29698296771959232E-01  1.05713618025023148E+01  1.20432536598279505E+01  6.57159008542290035E+00
  5.54129086970597151E-01  1.04767797158618610E+01  5.57652257387894368E-01  1.05247760083093045E+01
  4.23649157779161234E-01  4.95755386270268938E-01  1.44422817734200959E+00  1.07949228817465359E+00
  3.76902076901479588E-01  9.98095976295818765E+00  2.65916120133912548E+00  7.58801201133374459E-01
  3.43844632468353784E-01  5.37885544775099778E+00  9.43318498661448324E+00  2.72616805600679024E+00
  3.16615288597822842E-01  1.21135688087871767E+01  6.16568264601968785E+00  1.40689427234072650E+00
  5.91749286368603356E-01  9.17540651991025591E+00  3.72270190759020592E+00  3.49495763267922843E+00
  3.96383251075161813E-01  9.12264153839003988E+00  1.05283063013416633E+00  7.14894276556070007E+00
  3.55575626152149271E-01  1.27719807817903224E+01  6.01264733339197388E+00  3.95300657099046759E+00
  4.14741582532007880E-01  8.79349948249800484E+00  6.36404640286929357E+00  3.21896122570281529E+00
  4.45471777578522854E-01  8.43070643241453688E+00  1.83548440082140329E+00  8.31468366929838965E+00
  4.01058911976384491E-01  4.68841327349370740E+00  9.22814097291797175E+00  4.58393024799104432E-01
  5.59225941233592594E-01  5.26119387983499376E+00  1.29749134549130716E+01  4.64673594403446466E-01
  5.20333150277951795E-01  6.79900811770670099E+00  7.83799793008245338E+00  2.56040179380984112E+00
  4.10231171689561747E-01  1.07596576023623047E+01  9.58746298637319683E+00  1.89056681938828364E+00
  4.19212477446155474E-01  1.57424168329383041E+00  9.07925769454543463E+00  4.12675355542739108E+00
  5.34458872568623455E-01  4.72898577223029026E-01  2.83720657951060273E-01  8.75839732857088826E+00
  4.36799992478945909E-01  7.13896075520758000E+00  6.84402686297136231E+00  9.71774196024806192E-01
  4.88813983084759374E-01  1.29973394446549193E+01  1.15574138755121290E+01  7.16715624569935272E+00
  5.69669339224686877E-01  1.21883685620567999E+01  9.18345735682322695E-01  2.43031491873540206E+00
  5.49108239936929698E-01  7.59163982635033818E-02  5.45781072743719164E+00  1.07893501211980367E-01
  3.71781505092813103E-01  3.48374190539969275E+00  9.64396963090219472E+00  5.97734886674888433E+00
  5.64404144318620404E-01  1.21815251517284242E+01  9.18412891103104556E+00  5.09814872778416417E-01
  3.61137627255947724E-01  1.27700825517231031E+00  1.18748357384667269E+01  1.14487683729240626E+01
  3.43844632468353784E-01  6.41070899946422568E+00  1.21029176003005556E+01  1.80906426911324703E+00
  2.64730453937343402E-01  5.92201492202211544E+00  9.30246970226576408E+00  9.46720571025294610E+00
  4.75713279310277237E-01  1.23437732351986700E+01  2.64616790973566385E+00  8.24795665339495088E+00
  3.43844632468353784E-01  9.07792045727301122E+00  1.89702991036356616E+00  9.69758947579400221E+00
  4.41142703402056136E-01  3.28945661094996833E+00  4.69199167548825802E+00  8.44391924076575862E+00
  2.78555296554233556E-01  1.15625858444366836E+00  5.03453498309507452E+00  2.06688717855238258E+00
  4.49792344455842874E-01  5.69903077998862861E-01  7.85923606124907881E+00  1.06646522757732658E+01
  4.97655099191040562E-01  1.60428974434681226E+00  8.35047493724531797E+00  6.17884494464444067E+00
  2.14322779410510394E-01  6.47668028342493485E-01  1.01947025750134230E+01  1.02656617957513898E+01
  4.84429066430730915E-01  1.69135218548140998E+00  9.96011466322146610E+00  4.81301164436396345E+00
  4.45471777578522854E-01  1.30235557914935765E+01  7.57643567753722635E+00  5.11633263208935318E+00
  2.14322779410510394E-01  6.11201803992693904E+00  1.23627738400696643E+01  8.38035269843768127E+00
  2.64730453937343402E-01  5.99442349532938579E+00  1.05328790575600770E+01  1.32856146168874449E+01
  5.75027356379647192E-01  3.25942672478966466E+00  1.00536191218056459E+01  8.61952775125890724E+00
  2.78555296554233556E-01  1.15218958776350888E+01  5.49045110433490446E+00  1.52771444660119049E+00
  4.45471777578522854E-01  9.42281720073700946E+00  2.57483599313866929E+00  4.91034173288221076E+00
  2.99785386141821708E-01  3.50475896497441397E+00  2.82991440738263478E+00  5.95691647540326752E+00
  5.49108239936929698E-01  2.37056616851581969E+00  1.01384395187216985E+01  3.77031613196625015E+00
  4.97655099191040562E-01  5.24890024509044761E-01  3.22356784447887357E+00  3.41947581384367449E+00
  5.86062212635089952E-01  9.73125300610646349E+00  1.22873304759896929E+01  8.26086605649319061E+00
  5.24991069551568490E-01  1.25804346894229582E+01  9.56545250801372049E+00  1.02711113841411485E+01
  4.10231171689561747E-01  8.32154835450523933E+00  1.04812953891365623E+01  9.41370379560993165E+00
  4.32438693220842718E-01  3.39716628862340153E+00  3.56686876637301920E+00  1.20550384033498386E+01
  4.93220738472549158E-01  1.05407932199840833E+01  1.11933916478344351E+01  5.58505221058358181E+00
  5.69669339224686877E-01  3.50879859549772810E+00  1.98437885841290940E+00  7.56901823551790187E+00
  4.93220738472549158E-01  7.60077042306758699E+00  1.11018941352695126E+01  1.84030763539648223E+00
  4.01058911976384491E-01  1.29464229041911256E+01  1.12019499441468255E+01  3.51727686319882737E+00
  5.59225941233592594E-01  3.80341074526966461E+00  5.57306042799242984E+00  1.17877142915723532E+01
  5.80490670513443274E-01  5.49791525439801454E+00  1.84293602400496775E-01  1.03157493571636660E+01
  3.66532661804007787E-01  2.56603454823751198E+00  5.04429879081996990E+00  4.47094727601968156E+00
  3.71781505092813103E-01  9.08444127633369369E+00  4.44489118786684578E+00  1.20318048829685011E+01
  5.59225941233592594E-01  1.27534749388091750E+01  4.87340160014504242E+00  1.12360048760553042E+01
  2.46370760027530694E-01  1.62953482236048330E-01  5.43506335931397011E+00  9.62261767026624248E-01
  5.29698296771959232E-01  1.08971967610613252E+01  1.10116928569414778E+01  3.09257674218025036E+00
  4.62733810730875383E-01  2.34098123770666344E+00  6.53395252056585107E+00  1.11707254438115786E+01
  4.97655099191040562E-01  4.88432848461326241E+00  2.59069954577073247E+00  6.54595866746063404E+00
  4.67051022334941945E-01  1.01476434417947488E+01  3.63855911663130493E+00  7.41524286367178220E+00
  4.28056431560671025E-01  1.95978023748874941E+00  5.49748715897411433E+00  4.23080638772123496E+00
  5.80490670513443274E-01  9.03010438989903852E-01  8.10406083453672643E+00  1.36032490181105525E+00
  4.23649157779161234E-01  9.17714654699195620E+00  3.35866857160166488E+00  9.29043811101123573E+00
  4.36799992478945909E-01  6.83084683581100371E+00  8.07793124254279959E+00  5.82973575245100073E-01
  5.64404144318620404E-01  1.29752415842561799E+01  5.77862820065281468E+00  1.19851290646393203E+01
  3.30997587999695309E-01  8.21843487369189774E-01  1.31331485312649345E+01  4.39651200128699315E+00
  4.10231171689561747E-01  1.21232088737055896E+01  8.94423953123602722E+00  8.75613509952388291E+00
  3.66532661804007787E-01  4.56878158864098705E+00  1.26766635889640273E+01  1.28510351863957375E+01
  3.55575626152149271E-01  8.91598786567743495E+00  9.26694083043397221E+00  9.40022683028456818E+00
  3.81909890374632355E-01  5.00485663687742566E+00  8.10058694534072288E+00  1.97642132643332258E+00
  5.34458872568623455E-01  7.66738453948060616E+00  1.01947455781146665E+01  2.95399042622059760E+00
  3.76902076901479588E-01  7.38729873149971183E+00  5.62348245849100525E+00  7.98396000991984600E+00
  2.14322779410510394E-01  1.32727614129554095E+01  1.31819046373127957E+01  1.03550898724868699E+01
  4.84429066430730915E-01  1.14715442292210543E+01  1.23355239644291377E+01  6.20795485027622185E+00
  2.99785386141821708E-01  9.14167268924488852E+00  1.23412899554256512E+01  4.71494571581691346E+00
  5.06617780002852514E-01  1.16657778512157027E+01  4.19235006175920333E+00  1.25464941376785308E+01
  4.32438693220842718E-01  1.34823989844399943E+01  1.31450837134498411E+01  1.24930461034967291E+01
  5.59225941233592594E-01  8.40676233923573335E+00  1.13272287895642645E+01  1.01493477191260695E+01
  5.86062212635089952E-01  5.50697137489035260E+00  1.34948431697825626E+01  3.08392982043287933E+00
  4.05674446517406473E-01  3.43366778747430201E+00  4.61147099349142664E+00  9.80663197770758543E+00
  4.67051022334941945E-01  2.05214729738715640E+00  7.26710609846272781E+00  2.27550178607871478E+00
  4.84429066430730915E-01  1.20400164855742684E+01  5.09627118097049614E+00  1.05085646681094751E+01
  5.64404144318620404E-01  1.16128356269094568E+00  8.21927112789220593E-01  3.20626248378542744E+00
  3.30997587999695309E-01  2.57516374974420881E+00  1.31594730681432175E+01  8.69053299811446145E+00
  3.30997587999695309E-01  1.11398637246431651E+01  3.40315843304393617E+00  3.56004378981410996E+00
  4.58420388086688613E-01  1.01010923604080212E+01  9.65268337218250139E+00  9.93252847776916248E+00
  4.88813983084759374E-01  1.28313927065759135E+01  8.19948118967370654E+00  3.33559651375214150E+00
  4.71376829571238165E-01  1.44117191753125895E+00  1.04618597428477820E+01  4.03958938888185770E+00
  5.02120514290034237E-01  1.27266451759998009E+01  6.75190000696709181E+00  1.23429966394957322E+01
  4.97655099191040562E-01  7.92724942601075444E+00  9.40288627274347988E+00  2.09290756908870418E-01
  4.36799992478945909E-01  3.75568696798004664E+00  1.17404046160543629E+01  7.40078942865075096E+00
  4.01058911976384491E-01  4.41966398472608368E+00  9.10075894703967947E+00  2.07666424653540549E+00
  5.15720700463495496E-01  2.80070785593330385E+00  5.25602684258720032E+00  8.46392748786140792E-01
  4.49792344455842874E-01  9.66133097213988656E-01  1.26222373412414033E+01  1.14953099457575192E+01
  5.15720700463495496E-01  1.05888728616988050E+01  8.78521690418015488E+00  6.90842049552197235E+00
  4.32438693220842718E-01  2.63461182471339539E-01  1.13686799462980463E+01  3.45916292136769332E+00
  4.49792344455842874E-01  6.96438903565140155E+00  6.71805026019041662E+00  6.53390218023534164E+00
  5.06617780002852514E-01  9.92914031368264460E+00  1.27661784859319116E+00  9.64993571758137847E+00
  2.46370760027530694E-01  1.99157922430615342E+00  1.53963690375659334E+00  1.03698508775488278E+01
  5.54129086970597151E-01  1.55596055243653741E+00  6.46083946720977398E+00  2.27551871569160180E-01
  4.84429066430730915E-01  2.73748251688867983E+00  8.62002568619391729E-01  7.88031073560777262E+00
  5.64404144318620404E-01  3.67742008533645759E+00  9.38414713052587324E+00  3.62906381301045178E+00
  4.36799992478945909E-01  1.34694373123349109E+01  1.27980113518707910E+01  6.56112066761242385E+00
  2.89926324498661514E-01  7.78979183615902837E+00  1.17162295332121502E+01  6.53362715170642439E+00
  5.54129086970597151E-01  1.13436933680184548E+01  1.03805042634395273E+00  4.15372346697095107E+00
  5.64404144318620404E-01  1.29949401257923629E+01  4.92386753275509115E+00  1.28171007489230782E+01
  4.49792344455842874E-01  4.34966763972345749E+00  1.66168322089937659E+00  1.00178205376821001E+01
  2.78555296554233556E-01  6.19211363517452629E+00  1.14710510671704835E+01  6.42138005223342390E+00
  5.69669339224686877E-01  5.87370821857619507E+00  1.02000456261464638E+01  2.69010428538246149E+00
  2.14322779410510394E-01  5.81234100451291424E-01  6.35995365796993717E+00  2.63636901848173322E+00
  3.96383251075161813E-01  1.79087595395424265E-01  1.01755347646921450E+01  1.26473453083026364E+01
  4.97655099191040562E-01  2.65021619941112663E+00  1.23743261083184457E+01  8.94382389540674261E+00
  2.78555296554233556E-01  2.12464078373329812E-01  4.91010370428734255E+00  2.73332616835703490E+00
  3.30997587999695309E-01  9.97281411658877071E-01  1.20803928600579891E+01  2.12082363029528986E+00
  3.96383251075161813E-01  9.20072318927684307E+00  1.04379322060398856E+01  6.00428687619908796E+00
  4.58420388086688613E-01  1.62128504476734903E+00  2.23297491142876714E+00  6.51664174073398517E+00
  5.86062212635089952E-01  9.76962911965939540E-01  7.09483176686704820E+00  1.00972854454715222E+01
  3.76902076901479588E-01  4.84486212827694729E+00  1.28019754737917832E+01  3.93367603565610713E+00
  4.36799992478945909E-01  4.55152090217595795E+00  1.16031656342023233E+01  4.80254008137344357E+00
  3.71781505092813103E-01  6.14734176889003603E+00  9.03667553281863967E+00  1.07748880230767572E+01
  5.49108239936929698E-01  1.34539731849260207E+01  1.29750204304739647E+01  7.26161631264302554E-01
  2.64730453937343402E-01  8.78613211614265843E+00  9.17370417233755475E+00  3.82472433139674883E-01
  4.67051022334941945E-01  1.45985163630697934E+00  6.25523680667189641E+00  1.05099769457863275E+01
  4.75713279310277237E-01  9.26125150285618481E+00  2.43868364416359151E+00  6.54003046144623923E+00
  4.71376829571238165E-01  3.08955155742990906E+00  1.95422148722246947E+00  2.35866719597990526E+00
  5.06617780002852514E-01  1.23841463713392699E+01  6.86516860860980760E+00  8.85523095022658246E+00
  2.89926324498661514E-01  1.08020810857740148E+01  6.50442429481654916E+00  1.33207914727500505E+01
  4.71376829571238165E-01  1.15219615663380690E+01  1.03074587184608966E+01  4.01155941252657922E+00
  2.89926324498661514E-01  1.31137057835194337E+01  1.30141092210685976E+01  5.95072895238805177E+00
  4.23649157779161234E-01  2.94977140055890397E+00  1.08483571030746937E+01  4.12114916422990252E+00
  3.08607932839089050E-01  6.87881645610347370E+00  1.24652376580359388E+01  1.33675369953896279E+01
  5.44158343748334383E-01  8.21721290831749407E+00  9.06561264633465846E+00  3.37277292349984759E+00
  5.39277054206551698E-01  9.04743996214823376E+00  6.29372077798157470E+00  1.27964364632291687E+01
  2.46370760027530694E-01  2.84491683668322937E+00  6.96969734931345908E+00  1.14153412781188326E+01
  5.44158343748334383E-01  3.56703309902659882E+00  9.97707500244642453E+00  7.54688729442209372E+00
  3.66532661804007787E-01  4.14522582332721523E+00  8.93148364423991481E+00  4.50799380847693304E-03
  5.54129086970597151E-01  1.09512436408997118E+01  7.33722607643651870E+00  1.07064420735114521E+01
  5.11150069422808828E-01  8.77528545040443220E+00  3.50802522155743235E+00  5.15215469849568231E-01
  3.61137627255947724E-01  8.29584898402200110E+00  1.09973902160391201E+01  4.56175926829593070E+00
  3.91639445074813297E-01  4.65682137192232748E+00  1.15886352773489421E+01  7.66731987859199293E+00
  3.24058750641704252E-01  1.24276820171198334E+01  1.11749035229649643E+01  7.87786083337686627E+00
  5.59225941233592594E-01  5.49116690395902829E+00  1.27303039430472946E+01  1.28950090581477834E+01
  4.84429066430730915E-01  9.66090302849859750E-01  1.11757914398548586E+01  1.18083909131720244E+01
  3.08607932839089050E-01  1.09002590648206130E+01  5.99787574768882426E+00  5.11275219361341282E+00
  4.32438693220842718E-01  3.76212067813771966E+00  1.26870967332267988E+01  6.32630106871932973E+00
  5.49108239936929698E-01  2.84843618357311401E+00  1.07775253482740396E+01  1.15571490119063514E+00
  4.80063103612331954E-01  1.24363013877415582E+01  2.64083164741703591E+00  6.69130923059022908E+00
  4.19212477446155474E-01  3.08572047726545362E+00  1.19678263874220718E+01  1.54669687064623673E+00
  4.10231171689561747E-01  7.69555949054749555E-01  6.54631017986153374E+00  2.07011472402013341E+00
  4.41142703402056136E-01  1.10354276420273330E+01  2.16193625799917921E+00  8.34032179275395968E+00
  3.43844632468353784E-01  4.56881331952498915E+00  8.39950702771248059E-01  7.08022254097228299E+00
  3.81909890374632355E-01  1.11587807716679368E+01  5.15748811611822155E+00  2.53010075470513490E-02
  2.14322779410510394E-01  3.15270025646580887E+00  1.26161569041488675E+00  1.20562702936470796E+01
  4.41142703402056136E-01  7.64066772235936220E-01  4.88343705441422937E+00  1.12832886752306898E+01
  5.20333150277951795E-01  1.00667561556571385E+01  9.36895056579428420E+00  1.08684022977349422E+01
  5.06617780002852514E-01  4.32754684271063894E+00  1.24426417402005871E+01  7.19926555574558980E-01
  4.28056431560671025E-01  5.74680994671565326E+00  4.18918332545334948E-01  1.12644764219283093E+01
  4.93220738472549158E-01  5.44486554039894255E+00  7.31540376945987081E+00  2.29745121649461392E+00
  5.02120514290034237E-01  4.52988868131592248E+00  3.01268701285193174E-01  1.19704361935888119E+01
  4.67051022334941945E-01  8.77320357326228084E+00  5.51079381287977066E-01  6.49056670975971706E+00
  4.54107542322554236E-01  2.80744497478858657E+00  1.73091371212173328E+00  8.27554205148471844E+00
  4.23649157779161234E-01  9.20085724628037838E+00  3.87943398346636492E+00  2.46824189377898318E+00
  3.49822487141294602E-01  3.62003460479754313E+00  6.21835304559086843E+00  3.42447001610741841E+00
  5.11150069422808828E-01  7.51669376883191731E+00  3.37744945244018391E+00  3.10982301779257542E+00
  4.10231171689561747E-01  4.01441730563503274E+00  1.11843106889671855E+01  7.98434088847356005E+00
  4.23649157779161234E-01  2.14591255625728206E+00  1.21634260575158870E+00  1.05200596472997954E+00
  4.32438693220842718E-01  8.82162439792983122E+00  7.13608104552715172E+00  6.84340109626532733E+00
  3.61137627255947724E-01  5.55258410092204535E+00  5.25876472240154058E+00  1.08882175902949019E+01
  3.86818426119931114E-01  9.90768616427293836E+00  3.92914292569559187E+00  2.88023440234396233E+00
  3.08607932839089050E-01  1.00668401065216173E+01  3.85527128409346087E+00  1.01777492035416177E+01
  4.23649157779161234E-01  3.51218667232168835E+00  4.53076030165540278E+00  7.09399600281373299E+00
  5.44158343748334383E-01  9.67891816228417912E-01  1.26001788058688078E+01  5.47940421277501755E-01
  4.01058911976384491E-01  9.37843446909453959E+00  9.95541330248476797E+00  1.24300659616694276E+00
  3.24058750641704252E-01  1.05316959333197868E+01  1.21721435268083553E+01  8.67762792474001721E+00
  4.19212477446155474E-01  2.15077441034482275E+00  1.29029337292299129E+01  1.67209416060996174E+00
  3.96383251075161813E-01  2.59392041295682807E+00  9.27806906691119870E+00  3.44878648184474690E+00
  4.54107542322554236E-01  9.11820922241281728E+00  3.10280434059430732E+00  1.11137392150519609E+01
  3.66532661804007787E-01  1.25093189203245974E+01  7.43949666728018943E+00  1.17306663405022764E+01
  2.78555296554233556E-01  1.19208638088836807E+01  5.86334001982757158E+00  6.11107650218660847E+00
  4.71376829571238165E-01  5.23317311008508224E+00  6.92259410171817002E+00  1.12120558932824395E+01
  4.93220738472549158E-01  1.03690182496569552E+01  9.56546140020443403E+00  1.07631080787214306E+00
  5.02120514290034237E-01  6.91244463685718458E-01  3.82929913957136003E+00  8.90045971697652050E+00
  4.23649157779161234E-01  8.82084298512132747E+00  4.60558504525846590E+00  2.17585623971509001E+00
  3.24058750641704252E-01  6.11473271267442708E+00  6.03763241204100520E+00  5.32293491283242037E+00
  4.05674446517406473E-01  1.30515036496419796E+01  8.78095428197371852E+00  1.01010622397849463E+01
  5.80490670513443274E-01  2.91798314387973035E+00  5.16961927664612553E+00  5.34069302523208123E+00
  3.55575626152149271E-01  1.94126577598749916E+00  6.45413713340769490E+00  8.84519328924073989E+00
  4.14741582532007880E-01  3.55410305009565697E+00  9.01144256832875712E+00  1.16770857555842227E+01
  3.30997587999695309E-01  5.28883226404553319E+00  3.75847897924797314E+00  3.88495248485359301E+00
  3.76902076901479588E-01  1.17001273451470613E+01  1.07995628862307225E+01  6.23621799600187643E+00
  4.54107542322554236E-01  2.91077332557904001E+00  1.09946963717742019E+01  8.84553498753762391E+00
  3.49822487141294602E-01  8.20806876355058113E-01  5.54442556239563711E+00  5.02080931206906644E+00
  5.11150069422808828E-01  5.22723584530451468E+00  9.05580723616472794E-01  1.30866908914721005E+01
  3.49822487141294602E-01  4.31706969292639631E+00  5.78569411144812307E+00  7.89039870222532436E+00
  3.96383251075161813E-01  6.38625232541263177E+00  7.01975473805410743E+00  2.58172357185615509E+00
  3.91639445074813297E-01  2.43287768341691724E+00  4.72701080162039933E+00  8.19126632836457702E-02
  5.34458872568623455E-01  5.89128248224406104E+00  6.86722296789758513E+00  5.35182096260446549E+00
  4.49792344455842874E-01  5.83313985579510685E+00  5.74806853558069353E+00  6.83785826293785481E-01
  4.75713279310277237E-01  2.69775401939884718E+00  1.77462159680076348E+00  1.03628815281916449E+01
  4.14741582532007880E-01  4.25740598292496042E+00  2.97970083086606952E+00  5.95195885323497187E+00
  4.62733810730875383E-01  1.07177384074049620E+00  8.81271144367491566E+00  1.15546510658070165E+01
  4.36799992478945909E-01  1.25912625286768449E+01  3.06073379065136386E+00  5.69858944168496784E+00
  4.80063103612331954E-01  3.83516604591677401E+00  1.16943971697666083E+01  1.13337078971128213E+00
  2.14322779410510394E-01  9.04432396521319149E+00  2.27542049637873101E+00  9.12921404512765378E-02
  3.91639445074813297E-01  2.29669202250236770E+00  3.25511166655177675E+00  5.59828130675470259E+00
  3.91639445074813297E-01  3.05431130534071027E+00  1.13218188778805278E+01  6.01648132332754759E+00
  4.75713279310277237E-01  1.16162149647972299E+01  1.04884738770018888E+01  1.13288260354242105E+01
  4.88813983084759374E-01  9.69323136748663572E+00  2.66286257043681784E+00  1.05109165705929541E+01
  5.29698296771959232E-01  2.12131921089207642E+00  1.26504896694306925E+01  1.05076932866471005E+01
  5.34458872568623455E-01  3.87046573451087816E+00  2.00946302952939870E+00  1.64748068062311637E+00
  2.99785386141821708E-01  5.66318742839828748E-01  1.30731644072315838E+01  6.22023611356073136E+00
  3.61137627255947724E-01  6.31819385933990585E+00  1.22750914401879090E+01  3.08485639972575143E+00
  5.91749286368603356E-01  1.14275538956640101E+01  3.17789607255047679E+00  1.55627591554781741E+00
  3.24058750641704252E-01  5.45212076488345687E-01  5.67894716590900295E+00  1.28951398491153650E+01
  4.54107542322554236E-01  1.29820861720987413E+01  9.26801243712553635E+00  7.21583361005477997E+00
  5.34458872568623455E-01  6.58576668442473601E+00  3.44145561378286624E+00  1.64431824005225091E+00
  4.10231171689561747E-01  2.23622515516909459E+00  5.27362310231072584E+00  7.47471913071748251E+00
  3.08607932839089050E-01  6.83493279103599782E+00  9.24291348586914907E+00  9.04116507459681351E+00
  3.71781505092813103E-01  4.46073118006641600E+00  1.12508218481113840E+01  6.17642744233921892E+00
  4.19212477446155474E-01  1.00247281938503079E+01  2.92375561341197754E+00  1.16941682334557964E+01
  4.05674446517406473E-01  3.03768342270699732E+00  1.16229773618996202E+01  7.56196289874944583E-01
  4.58420388086688613E-01  6.24775901243810239E+00  1.27340548018137305E+01  1.14812091970243628E+01
  5.39277054206551698E-01  1.08200658734042623E+01  9.61232139516144457E+00  7.51869450761618197E+00
  5.20333150277951795E-01  6.40141747420999785E+00  5.23810187537049110E+00  9.71399494026035626E+00
  3.71781505092813103E-01  1.06345205129982006E+01  9.03920712891034706E-01  3.57390049870754067E+00
  4.19212477446155474E-01  1.55529818600701342E+00  7.50300757989767764E+00  1.98522990232697094E-01
  4.71376829571238165E-01  7.23824399258113083E+00  5.17687907929910152E-01  6.41247216297565892E+00
  3.30997587999695309E-01  8.98299401610974879E-01  3.17957889584051845E+00  7.54303648138882465E+00
  4.23649157779161234E-01  8.89363521492034459E-01  5.72150926194987264E+00  2.05696091488308674E+00
  4.67051022334941945E-01  9.29931359319339101E+00  5.47466279606809980E+00  8.89303654498007390E+00
  5.06617780002852514E-01  6.85396105742532580E+00  5.84874218657963851E+00  2.82923668738341272E+00
  5.91749286368603356E-01  7.30386310476175016E+00  5.84498033796691452E+00  7.04543335920431701E+00
  3.71781505092813103E-01  7.77733475206095193E+00  8.36721778827273965E+00  1.08101637391784333E+01
  5.02120514290034237E-01  7.08367136595885682E+00  2.65449028451512303E+00  9.36830808217394839E+00
  4.49792344455842874E-01  1.29384624105559904E+01  8.68436441982863805E+00  8.85545326761671880E+00
  2.46370760027530694E-01  7.21044750096281994E+00  6.65529214512593015E+00  8.09924702701578703E+00
  5.69669339224686877E-01  2.87308922545379208E-01  1.62051959271093726E+00  7.58553421498721203E+00
  5.24991069551568490E-01  9.76279929765421173E+00  9.01767591063404161E+00  1.30319838357887310E+01
  2.46370760027530694E-01  1.19149805924194787E+01  8.58077964299363671E+00  1.33123571926614161E+01
  5.06617780002852514E-01  3.36135901390878677E+00  2.52995969408018662E-01  1.06695134245226662E+01
  4.84429066430730915E-01  1.26379826248757290E+01  1.10793925377226277E+01  2.69667480611739441E+00
  4.23649157779161234E-01  2.28537273852484146E+00  9.72192896512355809E+00  6.97245970098060308E+00
  5.59225941233592594E-01  2.71891749091818324E+00  9.38907578811882715E+00  1.13481552648042268E+01
  3.71781505092813103E-01  1.31778884007887029E+01  1.29471374208729206E+00  3.84836152085350491E+00
  4.01058911976384491E-01  4.17899281238029885E-01  9.58778586654182341E+00  6.02015514108801231E+00
  5.39277054206551698E-01  1.76471867604061639E+00  7.39332420228246878E+00  3.57486415873678132E+00
  4.05674446517406473E-01  8.37102291640781315E-01  1.15321791832520031E+01  9.78983634857809015E+00
  2.78555296554233556E-01  1.86487991233243000E+00  1.19638873572091224E+01  9.69513355611107519E-01
  5.86062212635089952E-01  1.25754896042007971E+01  4.68716290958270498E+00  7.46688448658372028E+00
  5.44158343748334383E-01  2.70478886196108670E+00  9.37315755627046521E+00  9.31328143746721970E+00
  5.75027356379647192E-01  2.90743571008549917E-01  1.04523073532492572E+00  1.28674543559120647E+01
  2.89926324498661514E-01  1.42656971368243490E+00  1.05104067068182925E+01  9.65324396720625622E+00
  3.91639445074813297E-01  4.24360304679940814E+00  3.47118186661627925E+00  4.46040895744132304E-01
  2.89926324498661514E-01  6.79963265108257531E+00  4.05882722173544597E+00  7.87075435266217305E+00
  4.23649157779161234E-01  6.48699124420601425E+00  1.62731513107357317E+00  2.36239674973371061E+00
  5.20333150277951795E-01  2.32311141328467663E+00  1.80192566760924389E+00  3.10001750583361524E+00
  4.23649157779161234E-01  1.10109339412100637E+00  2.44098474932433573E+00  8.73900053507162333E+00
  5.59225941233592594E-01  1.05699877713776278E+01  1.07727359856169009E+01  8.49648866347311049E+00
  4.75713279310277237E-01  1.54202845781753295E+00  4.64609467573319623E+00  1.34181516031715180E+01
  3.37575933792008509E-01  1.14374251660651041E+01  8.44967930741761464E+00  1.85309975592972931E+00
  2.99785386141821708E-01  3.38859948949721357E+00  1.22338532722155069E+01  7.90772676953049869E-01
  4.93220738472549158E-01  1.27028678534210133E+01  7.09031756132171953E-01  6.83913017115575261E+00
  5.24991069551568490E-01  7.98068542638423395E+00  3.57590833242685102E+00  4.84970088751362116E+00
  5.59225941233592594E-01  6.49931379257690534E+00  9.12205304142485218E+00  8.19930589354600414E+00
  2.99785386141821708E-01  1.06737854883933125E+00  7.81250744664549224E+00  2.80038441403218163E+00
  4.54107542322554236E-01  8.44661048792436198E+00  2.39154262325203470E+00  9.76895056668849726E+00
  3.71781505092813103E-01  1.07650670503345935E+01  1.18772046222213827E+01  1.65639167445191249E+00
  4.93220738472549158E-01  1.28417801609451754E+01  1.26791335516498638E+01  8.42545703456334927E+00
  5.39277054206551698E-01  1.26661831007840964E+00  7.71953673590159450E+00  6.96889984741745749E+00
  4.28056431560671025E-01  5.97148074890627534E+00  8.06509542478755392E+00  1.33627488422898324E+01
  5.29698296771959232E-01  1.04104708339531822E+01  1.31323575025406090E+01  1.31227465942113479E+01
  3.96383251075161813E-01  2.41568680469680785E+00  2.59928505565580004E+00  2.65747559121078014E+00
  3.16615288597822842E-01  1.59844642555609595E+00  6.31280576787140912E+00  2.45411228430001449E+00
  4.84429066430730915E-01  1.48108238504532896E+00  7.22301300976025296E+00  1.51624480617506152E+00
  2.14322779410510394E-01  1.03330377125338320E+01  2.87924489312184217E+00  1.02327920407110504E+01
  5.20333150277951795E-01  1.16142742673847028E+01  1.88880085622669647E+00  1.30735498723386945E+00
  4.54107542322554236E-01  1.23924256899214811E+01  1.16989128279483072E+01  4.84300944150430723E+00
  4.14741582532007880E-01  4.08470579628514763E+00  8.00483687918860554E+00  8.24933893685922826E+00
  3.30997587999695309E-01  3.89817022527060875E+00  1.25935053111742974E+01  7.07158492112162218E+00
  3.49822487141294602E-01  7.08144600285943593E+00  8.58593753536852589E+00  1.15574790912835859E+01
  5.11150069422808828E-01  3.73031237912762714E+00  4.91933540184755991E+00  1.28255488096925294E+01
  5.44158343748334383E-01  5.86365584152077535E+00  8.26398885357450119E+00  2.28141240444605220E+00
  2.64730453937343402E-01  8.01250484766583426E+00  8.75856796425177997E-01  1.22048714494337212E+01
  2.99785386141821708E-01  8.44751861328674458E+00  1.23142183848224729E+01  1.20887722234896700E+01
  5.11150069422808828E-01  1.29395571026103329E+00  1.00361693908401897E+01  1.05548361885190918E+01
  3.08607932839089050E-01  1.01178348042726665E+01  1.14592338517076637E+01  2.87891603642899074E+00
  5.02120514290034237E-01  1.80790698890703072E+00  1.04557013991603203E+01  1.22520330389337904E+01
  4.71376829571238165E-01  1.06077117607809299E+01  5.49940594539114258E-01  9.83716092953971638E-02
  4.14741582532007880E-01  7.85378723495777287E+00  5.47201982342140880E+00  4.80503351237332899E-01
  4.97655099191040562E-01  4.07101880201514987E+00  4.08119959871764237E+00  1.12808120284431226E+01
  5.44158343748334383E-01  2.22060107312967414E+00  1.02838535366072161E+01  8.96625831698340470E+00
  3.43844632468353784E-01  1.30196444849167712E+01  1.09199499898834311E+01  7.70231816527365432E+00
  3.49822487141294602E-01  8.55801832841534171E+00  1.24491328838286304E+01  9.79957220663774997E+00
  4.45471777578522854E-01  4.94769552824831216E+00  1.12802330364084717E+01  5.52131658054328778E+00
  4.84429066430730915E-01  9.90440425282419490E+00  1.24989547302993653E+01  1.06634579711999411E+01
  5.15720700463495496E-01  4.63836396143726581E+00  6.70928236166232050E+00  6.61347053109019800E+00
  4.93220738472549158E-01  5.58378086923421280E-01  1.12786657203906628E+01  5.14957710796211554E+00
  5.69669339224686877E-01  1.34218567518735838E+01  1.32807597496628791E+01  5.19313746873167492E+00
  4.80063103612331954E-01  1.70605493501522010E+00  4.09817608692310209E+00  1.14650895765051164E+01
  3.61137627255947724E-01  1.67952618928893149E+00  1.56884647298142044E+00  6.99253617656466098E+00
  4.01058911976384491E-01  3.62369415863637601E+00  7.95827240412606507E+00  8.98903125372317646E+00
  5.86062212635089952E-01  2.20173824560975007E+00  3.43415910525867663E+00  1.11255726508057284E+00
  5.64404144318620404E-01  1.21571443669219441E+01  7.44437284123878751E+00  3.62570955658218486E+00
  5.91749286368603356E-01  5.78169206990677065E+00  1.01451476642008007E+01  4.08039699858049865E+00
  2.99785386141821708E-01  9.12566993528531256E+00  1.92958782285894914E+00  8.06304993674580217E+00
  2.14322779410510394E-01  6.21005950037328613E+00  1.85592629420789579E+00  6.50416006170712535E+00
  3.86818426119931114E-01  1.23389388086067697E+00  1.22118386971557751E+01  2.78548378268934504E+00
  4.75713279310277237E-01  7.56803590055401187E+00  6.31175188084025951E+00  4.18234192292072304E+00
  4.71376829571238165E-01  5.52026053090935687E+00  6.13250180683496193E+00  3.64279797107118775E+00
  3.55575626152149271E-01  5.47922215569328319E+00  9.16791318538130895E+00  1.17564302327342194E+01
  3.37575933792008509E-01  3.08517073705788958E+00  4.46439937519181829E+00  2.43681207215226836E+00
  4.93220738472549158E-01  7.94168406764185342E+00  8.56944485732298311E+00  7.53179458948959457E+00
  3.37575933792008509E-01  1.00152315989749301E+01  4.34355105307087186E+00  4.65619974349705235E+00
  5.06617780002852514E-01  3.19113264286438136E+00  3.61795335588147537E+00  1.11391998367358465E+01
  5.11150069422808828E-01  1.15830900344401098E+01  8.65344235641261683E+00  5.87733189351875396E+00
  5.39277054206551698E-01  9.76556501371581120E+00  1.26231924798084005E+01  5.08660030026174104E-01
  4.45471777578522854E-01  5.97820330392701571E+00  1.11654245587304946E+01  1.29631656403229716E+01
  3.24058750641704252E-01  1.51721309570286556E+00  1.06006057015985844E+00  1.25716759109643732E+01
  4.80063103612331954E-01  9.91056202485789761E+00  5.21037252844186938E+00  1.40458424309051422E+00
  4.14741582532007880E-01  5.25114384188681260E+00  4.06460300144155884E+00  2.55708688923134009E+00
  2.78555296554233556E-01  7.14708250856196514E+00  5.09282627469948501E+00  1.89818406452062005E+00
  5.24991069551568490E-01  2.65588860478152000E+00  7.54136360410311024E+00  3.01314864887431533E+00
  4.97655099191040562E-01  4.59153965716712076E+00  9.80778045167684098E+00  1.13815939333383542E+00
  3.81909890374632355E-01  1.93896834578451505E+00  9.00412092542748077E+00  3.04826888144879371E+00
  2.64730453937343402E-01  2.05682826986214229E+00  7.51893624017974771E-01  1.14977314387786027E+01
  4.54107542322554236E-01  6.69477620919527805E+00  4.29415419845862445E+00  9.78581990745232311E+00
  2.46370760027530694E-01  6.71454413381366799E-01  5.48064382527584115E+00  1.01361976133730813E+01
  5.75027356379647192E-01  4.45442969844498293E+00  7.53768987235847643E+00  3.69588735499586596E+00
  5.86062212635089952E-01  4.92049459052529681E+00  1.15041469818708197E+01  8.72149945208991717E+00
  3.66532661804007787E-01  7.74021576286410085E+00  1.12491891118245437E+01  1.29684781090313024E+01
  5.29698296771959232E-01  6.85345499357041277E+00  1.06921762585321964E+01  9.68184134986888267E+00
  5.44158343748334383E-01  2.10034894009565265E-01  9.99324529089138025E+00  9.26812574567560077E+00
  3.81909890374632355E-01  7.75409444870628484E+00  8.82332526970933806E+00  4.88690546572331819E+00
  5.49108239936929698E-01  1.74006488598437992E+00  7.32077085589299159E+00  1.27633070996418443E+01
  4.84429066430730915E-01  4.26343529709787994E+00  1.05937229382621716E+01  1.32692242249190837E+01
  4.14741582532007880E-01  2.60530577920493034E+00  1.10563824247316429E+01  1.12638625653619115E+01
  4.19212477446155474E-01  3.63122541751666628E+00  1.18603669509373795E+01  6.48305648132736057E+00
  5.91749286368603356E-01  2.46437733511600698E-01  1.31187094550651251E-01  3.05840682714833934E+00
  5.02120514290034237E-01  7.38762893909170382E-01  7.54462413931541409E+00  3.48128255494915928E+00
  3.71781505092813103E-01  3.57320512636693133E+00  1.03686368500497146E+01  6.71975904594422424E+00
  3.37575933792008509E-01  5.29247615087200618E+00  7.46395283626699246E+00  5.56552419397090326E+00
  4.32438693220842718E-01  3.37138342804803637E+00  3.03115256378995834E+00  3.81093090222955411E+00
  4.45471777578522854E-01  1.11125028136529789E+01  1.19264689701000659E+01  5.45447363642294292E+00
  5.29698296771959232E-01  1.07821818594588947E+00  1.03565939642781188E+01  5.99886738189112290E+00
  5.75027356379647192E-01  6.74878682905835348E+00  5.41761637870986679E+00  5.48043530920753597E+00
  2.78555296554233556E-01  9.20849640167655004E+00  1.04876635376122476E+01  7.44807674346799242E+00
  5.02120514290034237E-01  1.15796278853025569E+01  1.76985393530119883E+00  1.28136040883099902E+01
  4.36799992478945909E-01  1.28211756859471127E+01  1.83277008770296534E+00  2.09016108295377902E-02
  4.67051022334941945E-01  1.19293501089803762E+01  1.10864954506339881E+01  1.20733340110379110E+01
  5.69669339224686877E-01  4.25591408398420024E-01  9.57282600079751234E+00  2.80556691136985337E-01
  3.08607932839089050E-01  5.92738408226845692E+00  6.76025662797613691E+00  1.97418430326434691E+00
  5.91749286368603356E-01  2.00686908904590089E+00  1.28454159814672986E+00  8.83905865401022517E+00
  5.29698296771959232E-01  9.30939847636425455E+00  8.82686802741115106E-01  7.29101815228160532E-01
  4.36799992478945909E-01  9.77709295990896621E-01  2.54793356666752580E+00  1.07340620139370486E+01
  4.32438693220842718E-01  3.82910481847136852E+00  9.77994974370766634E+00  2.70731778589703032E+00
  2.78555296554233556E-01  3.20488278934003057E-01  4.36649822257212961E+00  8.33012219353804761E-01
  3.55575626152149271E-01  5.41484276263010234E+00  7.80811557321865113E+00  1.28742246581152315E+01
  3.55575626152149271E-01  1.93413322793388831E+00  3.31638896260278626E+00  1.16522217105650157E+01
  4.80063103612331954E-01  2.06810777560839476E+00  1.33675002279157056E+01  4.99963244612718682E+00
  3.08607932839089050E-01  9.25272221384322791E+00  4.83328374395704152E+00  1.62415367155717849E+00
  3.30997587999695309E-01  8.52021233241551101E+00  9.72722212917878970E+00  1.75401427436013635E+00
  3.08607932839089050E-01  9.02226716531575867E+00  7.78223231458134990E-02  6.03834571302799938E-01
  4.80063103612331954E-01  5.13097602788382190E+00  8.26988224613919165E+00  5.47505040063870396E+00
  3.24058750641704252E-01  1.20092543349440550E+01  4.59650778731096998E-01  7.19168196146686700E+00
  5.69669339224686877E-01  1.15544167595213221E+01  9.27014682902563436E+00  1.30663982707186932E+01
  2.99785386141821708E-01  1.26112056319529070E-01  7.16601160554122085E+00  3.83352136133522059E+00
  3.81909890374632355E-01  4.92303216228771046E+00  6.60572075845080064E+00  2.13481475769878548E+00
  4.28056431560671025E-01  7.67023487560896555E+00  1.98972117048385755E+00  9.64970015662929015E+00
  4.01058911976384491E-01  5.64364181373533835E+00  1.21747496844621086E+01  8.73183525641546332E+00
  3.30997587999695309E-01  3.04911066011914622E+00  9.40249239009426319E+00  1.33583475389084096E+01
  3.66532661804007787E-01  9.89080673690340184E+00  5.83357560271636633E+00  8.42807841072034236E+00
  4.62733810730875383E-01  1.14818626815618909E+01  2.01722237732552179E+00  4.98157966338181524E+00
  3.24058750641704252E-01  1.28414758656498922E+01  8.52097575668849316E+00  4.09714308265457294E+00
  3.30997587999695309E-01  5.06503349497118460E+00  1.00669789941696628E+01  3.06360760478284355E+00
  5.69669339224686877E-01  3.35255639635153813E+00  1.04248793168379752E+01  3.31826368656755744E+00
  2.64730453937343402E-01  3.98194999792544735E+00  1.33194084078587220E+01  1.04472108206318026E+01
  4.10231171689561747E-01  1.05399357231514017E+01  9.80883582834057144E+00  8.40362148054428282E+00
  5.06617780002852514E-01  1.21447935417824375E+01  1.16640730289396988E+01  1.28264936421751514E+01
  5.80490670513443274E-01  6.62588969127269944E+00  5.32647853690269457E+00  8.48163395715601354E+00
  4.32438693220842718E-01  1.04755764917138219E+01  1.24696870687554906E+00  8.88708114122246506E+00
  5.86062212635089952E-01  8.22017577287207502E+00  3.62213640448493601E+00  1.11840002704150567E+01
  5.91749286368603356E-01  1.07310219666456170E+01  1.31789737983139581E+01  6.99195464796981581E-01
  2.89926324498661514E-01  7.03748545797958780E+00  3.92777417469350798E+00  1.26605614888355902E+01
  5.06617780002852514E-01  2.34484633218563943E-01  1.21211691028001880E+01  1.25625332700339438E+01
  4.28056431560671025E-01  3.30891446306549897E+00  6.51658413846376572E+00  1.97081871425782873E-01
  5.54129086970597151E-01  2.89675509814450605E+00  6.94499403998194875E+00  6.64802562754511683E+00
  5.49108239936929698E-01  7.50843795994786123E-01  6.00040178984635464E+00  8.25195841350610859E-01
  4.45471777578522854E-01  6.35752482653923057E+00  4.54584008541425355E+00  6.17181508126821043E+00
  4.88813983084759374E-01  3.88106746382685941E-02  1.26516262870317089E+01  1.07587706224598172E+01
  4.88813983084759374E-01  5.99699311851031425E+00  9.58681313697470783E-01  1.59509089987706099E+00
  4.88813983084759374E-01  5.73546138213753842E+00  1.21177315826968002E+01  1.19858191667680387E+01
  3.71781505092813103E-01  9.71907164745820396E+00  6.84964401514843146E+00  6.36237670609270189E+00
  2.14322779410510394E-01  6.77935517667109711E+00  3.29736863287268456E+00  9.35630261292874743E-01
  3.76902076901479588E-01  1.28702214589339392E+00  3.95009083743149869E+00  1.07323802156010029E+01
  3.66532661804007787E-01  7.73267839729894746E+00  2.76050653095708132E+00  9.93461015423719651E+00
  2.64730453937343402E-01  1.01851896870922909E+00  5.12403561646326455E+00  8.19287989715381215E+00
  4.19212477446155474E-01  1.56589268281678318E+00  8.77284093908755480E+00  5.36603509498848297E+00
  4.01058911976384491E-01  6.06017504076418412E-01  1.03055627943614834E+01  3.84300499461680634E+00
  4.62733810730875383E-01  2.86561807983459493E+00  5.31173620079905318E-01  3.64643798720592782E+00
  5.02120514290034237E-01  1.27024409163968688E+00  1.65647951706549690E+00  1.07018549574602879E+01
  4.32438693220842718E-01  6.47297462649921140E+00  2.00063614038578530E+00  1.11962933304725567E+01
  4.10231171689561747E-01  4.50911432219921071E+00  5.80053147054138396E+00  6.73212239727939288E+00
  4.45471777578522854E-01  1.12466297951330283E+01  6.66182263776405481E+00  3.87926576971947434E-01
  4.05674446517406473E-01  3.08401492783170728E+00  1.01940992249538578E+01  3.33306806509384046E-01
  4.36799992478945909E-01  1.27610686023964828E+01  1.18434090001316115E+01  8.02572509756335251E+00
  4.23649157779161234E-01  1.07027940753132746E+01  3.88566782255190013E+00  1.61946266314516119E+00
  3.71781505092813103E-01  1.31237055401309632E+01  1.34575691355792149E+01  7.07000884700231413E+00
  5.24991069551568490E-01  1.21901722338979379E+00  7.00346416101295421E+00  2.74979929555346780E+00
  3.96383251075161813E-01  1.27116745386530070E+01  1.85664635985628035E+00  2.51561145246507145E+00
  3.81909890374632355E-01  8.52011042887561132E+00  5.25342360484524651E+00  1.80344918384443242E+00
  4.19212477446155474E-01  5.86861288478260867E+00  3.92629552073946497E+00  6.72465998036331314E+00
  5.29698296771959232E-01  4.76247776120042587E+00  1.32738831043068437E+01  1.10408772086814455E+01
  4.75713279310277237E-01  7.09677210135830716E+00  1.18565061485126488E+01  2.18326555007208567E+00
  5.20333150277951795E-01  2.59236093958453750E+00  1.70872364252907416E-01  2.23553343678761518E+00
  4.01058911976384491E-01  8.47524910105020624E+00  1.43593394409093356E+00  7.41274768930500905E+00
  4.45471777578522854E-01  1.23223219039328651E+01  8.80247881402949162E+00  9.65350255992482253E+00
  3.81909890374632355E-01  1.27806842704386963E+01  1.15845628149642454E+00  1.09151462951086202E+01
  4.84429066430730915E-01  4.71469111371618244E+00  1.16643859173616509E+01  1.52498532132604914E+00
  5.75027356379647192E-01  1.14035337701033210E+01  2.26230114591997111E+00  9.96741255105103896E+00
  4.84429066430730915E-01  1.26569463337530008E+00  9.14259250232158216E+00  1.01164496468368839E+01
  4.80063103612331954E-01  3.81154630619214796E+00  1.82605616244798075E+00  3.77937441834228727E+00
  4.19212477446155474E-01  1.19987659495230901E+01  9.17968347263716744E+00  1.21875990102795555E+01
  4.28056431560671025E-01  1.27949811326335183E+01  6.06573197072085613E+00  4.73525480582287006E+00
  5.49108239936929698E-01  2.71009481371407901E+00  7.56592909364634991E+00  4.08512815802272655E+00
  3.24058750641704252E-01  1.33586703297521314E+00  1.33361924318809830E+01  8.24532911124355339E-01
  2.99785386141821708E-01  1.04320505855661771E+01  8.39623647879629331E+00  7.60755325635649537E+00
  5.80490670513443274E-01  3.30929454355699271E+00  1.17922656507014523E+01  8.32093635538741339E+00
  3.08607932839089050E-01  8.50640795026068552E+00  4.48102927694366482E+00  5.09710657844602721E+00
  4.97655099191040562E-01  3.92941662517262758E-01  2.85334823042009100E+00  9.15971455814197455E+00
  4.41142703402056136E-01  6.19138040540840873E+00  1.40661791341681663E-01  1.19782876818883910E+00
  4.36799992478945909E-01  3.34735572386194624E+00  1.00369443528276143E+01  1.30454402822599622E+01
  3.71781505092813103E-01  1.20460395265153508E+01  4.45524794100604637E+00  3.32735686991462698E+00
  5.11150069422808828E-01  9.97389327455783459E+00  1.20273866058914916E+01  1.15373260416668408E+01
  5.24991069551568490E-01  1.21555154473543752E+01  1.02208614563186018E+01  8.13519628694136188E+00
  4.36799992478945909E-01  3.08130323651320248E+00  5.92589462451080795E-01  5.21476461862252094E+00
  4.93220738472549158E-01  1.68227590603956911E+00  9.18637982475827108E+00  1.34576683020105072E+01
  3.76902076901479588E-01  1.32237564934268566E+01  2.12399112482080987E+00  6.96697463365864333E+00
  4.32438693220842718E-01  1.25033528951876232E+01  6.16363759090953245E+00  9.46737740623482438E+00
  3.16615288597822842E-01  1.21641736934938134E+01  9.82239178672952740E+00  1.33954759993130352E+01
  3.61137627255947724E-01  1.39433593331319727E+00  1.27457822194120247E+01  4.36657384945052840E+00
  5.49108239936929698E-01  2.43352892098953472E-01  1.94974972008212766E+00  8.65335952866649549E+00
  5.29698296771959232E-01  8.80230232422709591E-01  2.89467684508033285E+00  5.14321527477036433E+00
  2.64730453937343402E-01  8.54055842095269857E-02  1.29036967504986553E+01  2.57702619925572796E+00
  4.62733810730875383E-01  1.45953705228771446E+00  2.01670571226388828E+00  4.85470419628565164E+00
  4.28056431560671025E-01  3.37305853235834308E+00  1.26518352543070911E+01  1.21760542695928891E+01
  5.75027356379647192E-01  2.96696845599966919E+00  6.23269478070853755E-01  8.88656170764609321E+00
  5.54129086970597151E-01  4.96343069062839071E+00  2.41779847184855845E-01  6.53584834803944315E+00
  4.23649157779161234E-01  2.99360169058637116E+00  6.12347867680492453E+00  9.70143262153917618E+00
  4.23649157779161234E-01  1.30649307917625777E+01  2.63647902787644606E+00  8.78515066401888411E+00
  5.15720700463495496E-01  1.54000551307137773E-01  3.08210430361154453E+00  8.20204199655737831E+00
  3.30997587999695309E-01  1.03408069773566851E+01  4.36189968318889765E+00  9.03664922538505877E+00
  3.49822487141294602E-01  1.26893166496207446E+01  1.26870149531462051E+01  3.51869398396930322E-01
  5.02120514290034237E-01  1.93453321303941150E+00  5.26601959443099155E+00  5.98707864055826100E+00
  4.80063103612331954E-01  1.06481231226104134E+00  8.14471546067237462E+00  9.65251457956552272E+00
  4.05674446517406473E-01  1.27184317174791950E+01  5.66068640753177466E+00  3.05332443140441923E+00
  5.80490670513443274E-01  1.29551705795433669E+01  4.71864706230486242E+00  3.22213810531326272E+00
  5.44158343748334383E-01  9.14331814351852401E+00  1.30258780484611165E+01  4.22246191020004513E+00
  4.28056431560671025E-01  7.02701621083996830E+00  4.73255672449851694E+00  7.77271343941369519E+00
  5.44158343748334383E-01  6.86109825907264081E+00  1.05979018979695212E+01  2.36332928897131733E+00
  5.34458872568623455E-01  1.07116947063013335E+01  4.56990707210517655E-01  9.39101105054734298E+00
  3.16615288597822842E-01  7.99100236631305805E+00  1.00916159275762958E+01  1.24164178588939507E+01
  4.93220738472549158E-01  8.97844047185705563E+00  1.02310197520136370E+00  8.02606105261516944E+00
  4.45471777578522854E-01  1.95285157438045198E+00  6.79081613120343786E+00  1.19499726441796934E+01
  4.97655099191040562E-01  1.03599620769505805E+01  2.05956963265241555E+00  1.01078689307942664E+01
  4.71376829571238165E-01  9.88839639618365318E+00  6.44888801185406813E+00  7.82168556119519387E+00
  3.55575626152149271E-01  2.38645165880167287E+00  5.96847375800504754E+00  6.93390564056430048E+00
  2.14322779410510394E-01  6.09417748398598302E-01  1.91913455386592968E+00  1.02003224996458641E+01
  4.23649157779161234E-01  8.90120729010755873E+00  1.44623177448925011E+00  1.51664879606982761E+00
  5.64404144318620404E-01  1.00305444469443827E+01  3.83470603773616769E+00  5.70155718409836787E+00
  4.19212477446155474E-01  1.10568394587138883E+01  7.01158438527661154E+00  5.09278492762884838E+00
  3.43844632468353784E-01  1.02882142686386615E+01  5.20768591788344670E-01  2.89262415598056188E+00
  2.64730453937343402E-01  3.42350307952928645E+00  1.23837412496890007E+01  8.96787843640728966E+00
  3.91639445074813297E-01  1.31536441216520537E+01  8.89456457617480467E+00  2.80519908139572438E+00
  3.61137627255947724E-01  1.18431199892118393E+01  5.55768533831838507E+00  5.10302548413143509E+00
  4.19212477446155474E-01  9.63360641465149570E+00  1.00384241364694606E+01  4.65028581639693250E+00
  3.86818426119931114E-01  1.32833633803357518E+01  3.81023019039022648E+00  2.98163144192330121E+00
  2.14322779410510394E-01  6.71651201291018474E+00  1.12250417385696863E+01  6.00872339440790082E+00
  4.49792344455842874E-01  4.02187643103067582E+00  4.93174449864444053E+00  5.43459651865900284E+00
  4.88813983084759374E-01  1.25602791590498679E+01  6.90329147849303482E+00  1.08646123235298164E+00
  3.71781505092813103E-01  3.37794556062295603E+00  5.91792887641745757E+00  7.22792931493940416E-01
  3.61137627255947724E-01  1.03624695590784643E+01  4.39012942795994177E-01  8.56663687291169218E+00
  4.41142703402056136E-01  7.26154574077212533E+00  9.96403539069791044E+00  1.01773129476574571E+01
  5.59225941233592594E-01  1.33993745447776309E+01  3.76477010500781928E+00  1.28213105136763783E+01
  5.49108239936929698E-01  1.36476842102461138E+00  5.09087291313543577E+00  3.48380990026999227E+00
  5.86062212635089952E-01  1.31945767054503964E+01  1.85314373659661191E-01  1.33742864987540671E+01
  4.97655099191040562E-01  1.25613744308371569E+01  1.26273284990701562E+01  6.35974958871201501E+00
  4.58420388086688613E-01  3.00232918532052695E+00  1.30845700431713681E+01  1.56557770430989329E+00
  5.06617780002852514E-01  9.44667484691239423E+00  7.32262591625353232E-01  5.69850603620361618E+00
  3.43844632468353784E-01  2.39600505491462545E+00  7.19997895630737172E+00  1.48167377394026722E+00
  5.29698296771959232E-01  1.00047412308782508E+01  8.10675508772951758E+00  4.34970963445194325E+00
  4.05674446517406473E-01  1.55679045477237232E+00  3.07519389264740051E+00  5.83466077331160271E+00
  5.91749286368603356E-01  1.67248884764927075E+00  1.27125708340735688E+01  8.60411484740832044E+00
  4.75713279310277237E-01  6.69057997323078890E+00  4.93339454993846971E+00  1.06946095291292274E+01
  5.91749286368603356E-01  5.72004106415213620E+00  8.79066151683576535E+00  1.26881810474934813E+01
  4.62733810730875383E-01  2.99714632830838434E+00  5.24345697087531004E+00  2.59468326875146627E+00
  4.97655099191040562E-01  1.02871043560330975E+01  4.51565924190253742E+00  6.47883280370294479E+00
  4.14741582532007880E-01  7.01613962961246873E+00  1.24420553345635980E+01  1.50334772261039795E+00
  4.14741582532007880E-01  2.80989812573478392E+00  8.17530511323038667E+00  3.99555203729759945E-01
  4.32438693220842718E-01  2.40749500002191663E+00  1.25467712305018448E+01  4.79117021424595713E+00
  2.14322779410510394E-01  2.76736193214963233E+00  7.23347539532224104E+00  8.44306603871701711E+00
  4.23649157779161234E-01  1.24910792345428501E+01  5.81520492766594455E+00  7.47086230809663743E+00
  5.59225941233592594E-01  5.86839375235085292E+00  2.82169935353269663E+00  7.76591550962496413E+00
  3.71781505092813103E-01  1.61822148532984778E+00  5.24724423428419851E-01  4.69244399908865351E+00
  4.36799992478945909E-01  3.71104477508813879E+00  1.26324026709511976E+01  1.04016636429598357E+01
  3.96383251075161813E-01  7.29166403701245969E+00  4.69582735719598254E+00  9.14341330311352252E+00
  3.91639445074813297E-01  5.39724860668054696E-01  7.27387002160667429E+00  6.59092685455329796E+00
  3.55575626152149271E-01  8.13790925693878719E+00  7.73959396112484832E+00  5.79126585811966343E+00
  5.15720700463495496E-01  1.05965682213759749E+01  8.62252363620904028E+00  1.81720015619495401E+00
  4.19212477446155474E-01  1.05309867904831691E+01  1.23655541098628934E+01  4.98960997736147949E+00
  4.14741582532007880E-01  7.42548040682263899E+00  1.18016257785713963E+00  3.39638147300261073E+00
  5.11150069422808828E-01  3.57902572589831536E+00  2.87744563825471511E+00  9.53392327905166148E+00
  4.71376829571238165E-01  7.96605755547909666E+00  1.98721464036298112E+00  5.52353868954812022E+00
  4.84429066430730915E-01  4.48959770525193136E+00  1.28141163785120487E+01  1.20153906565899256E+01
  5.80490670513443274E-01  3.17720874114541196E+00  1.21317785533413769E+01  5.49377119765754340E+00
  4.75713279310277237E-01  5.11527833209605998E+00  2.00737917049381087E+00  1.02868798998511757E+00
  5.44158343748334383E-01  3.09335467537235376E+00  7.01733875040418020E+00  1.00837052850897742E+01
  3.16615288597822842E-01  3.25032480286788639E+00  1.24065138532358592E+01  6.79534773243656254E+00
  5.24991069551568490E-01  5.89015842337935780E+00  3.98670878968761855E+00  3.32121902461235585E+00
  4.28056431560671025E-01  1.42858909602980133E+00  6.95315298073873311E+00  7.55959178417654964E+00
  3.16615288597822842E-01  2.06178577439805455E+00  6.89920600486045821E+00  5.84543971314382915E+00
  3.49822487141294602E-01  8.57199372007771565E+00  7.06932995468161973E+00  3.02454988777829614E+00
  4.67051022334941945E-01  1.28908785520401477E+01  3.16291173757495736E+00  1.21638474934347709E+01
  4.88813983084759374E-01  7.38665320694173122E+00  6.87587053329424869E+00  7.35695358404427768E+00
  4.49792344455842874E-01  1.05537900942590870E+01  8.72400577704809166E+00  1.16110575549886654E+01
  5.64404144318620404E-01  4.37325981511913042E+00  1.14128129190202205E+01  9.72912759798729709E+00
  4.75713279310277237E-01  4.54776415275629375E+00  7.46490216203483925E+00  1.25936424978357184E+01
  4.84429066430730915E-01  2.83335861913051934E+00  4.48715280791960947E+00  1.28163845622067161E+01
  4.41142703402056136E-01  3.67744240495853703E+00  9.56166980645399178E+00  9.40402825143765142E+00
  3.43844632468353784E-01  6.79275417645978230E+00  8.38967938025666449E+00  5.28511498598043072E+00
  4.23649157779161234E-01  1.14277089423630738E+01  4.06450640545447417E+00  2.21043990163964210E+00
  5.86062212635089952E-01  4.47743221472681441E+00  1.14208132136015728E+01  1.17297910741529261E+01
  5.15720700463495496E-01  9.97206057051626615E+00  4.42809678771423965E+00  3.80185000048575095E+00
  5.86062212635089952E-01  1.18608608458582960E+01  8.16692692232941653E+00  2.78121396658680275E+00
  3.71781505092813103E-01  2.40618567837807351E+00  5.52669904667566048E+00  1.59379011483853295E+00
  2.89926324498661514E-01  8.90392619290656029E+00  1.29527190601296205E+01  5.08401137691320582E+00
  3.86818426119931114E-01  4.06091890201608230E+00  1.19152430869643524E+01  8.91718017874539548E+00
  3.43844632468353784E-01  2.57586033639876577E+00  1.27556660864033340E+01  1.21625108995240954E+01
  5.29698296771959232E-01  1.22765548250710061E+01  6.69032560431098933E+00  1.12641150908257774E+01
  5.06617780002852514E-01  5.29405868334460017E+00  4.07730282140528999E+00  8.45266719751653106E+00
  4.19212477446155474E-01  1.06046967896384743E+01  8.02287218862205620E+00  1.25670075951379356E+01
  4.58420388086688613E-01  5.58199043925799199E+00  6.79815254945699809E+00  7.80659995389186712E+00
  3.76902076901479588E-01  2.03597530725952813E+00  7.49545032470630535E+00  7.41107331086065635E+00
  4.41142703402056136E-01  3.37367787540582720E+00  8.78329393862106045E+00  1.89432678420755368E-01
  3.76902076901479588E-01  9.06602295526406721E+00  1.18339328113791287E+00  1.18340266414256075E+01
  5.91749286368603356E-01  1.11898763031573125E+01  6.54593885829410382E+00  1.14988838084008727E+01
  3.76902076901479588E-01  3.52291557538716615E+00  1.28327971422837850E+00  2.07363608661880505E+00
  5.11150069422808828E-01  3.35220641317996071E+00  8.33298655418191991E+00  7.78899585622325219E+00
  5.91749286368603356E-01  6.09438690398104277E-01  1.23869886334190173E+01  4.89580957589233190E+00
  3.96383251075161813E-01  5.36226884316610963E+00  1.38784283924805046E-01  8.94948526098968067E+00
  5.24991069551568490E-01  1.37887336403204475E+00  7.37713008115806534E+00  5.96150705796616798E+00
  3.16615288597822842E-01  1.03464554569390650E+01  5.83763466988694546E+00  9.86758808023638068E+00
  5.24991069551568490E-01  2.31465408876547007E+00  3.86700351040839196E+00  3.92674094910068705E+00
  4.84429066430730915E-01  2.75845669352420497E+00  1.04859933500976439E+01  7.10080917155728475E+00
  4.23649157779161234E-01  4.92464355958232858E+00  4.41610676589948437E+00  1.11646838818922998E+01
  3.61137627255947724E-01  8.50361274298870917E+00  5.50674366473753540E+00  9.12008400191905189E+00
  4.32438693220842718E-01  1.52561266441032228E+00  9.63837025587441509E+00  1.82006047027856321E+00
  5.86062212635089952E-01  2.48749447150311909E+00  9.27424930059738628E+00  4.49644828797037732E+00
  5.69669339224686877E-01  5.50892201653410041E+00  9.46317278981897481E+00  7.77914451924971218E+00
  3.61137627255947724E-01  1.33772907366391784E+01  1.21968202414805962E+01  9.43639859424367372E-02
  5.24991069551568490E-01  4.82991187672279931E+00  1.80692825854881289E+00  1.16100749952549211E+01
  4.62733810730875383E-01  7.26346731428980874E+00  3.97821885625357563E+00  4.30328379306793085E+00
  4.84429066430730915E-01  9.44301921085452278E+00  6.35784519020379024E-01  2.60906687349072763E+00
  5.20333150277951795E-01  1.81967876350414226E+00  8.13798990313273407E+00  2.82358830286157581E+00
  4.80063103612331954E-01  4.93576389232542745E+00  2.67011591722246333E+00  3.01243958880798823E+00
  4.28056431560671025E-01  1.11281361243455379E+01  1.02056354012153445E+01  6.71132767683858056E+00
  5.75027356379647192E-01  1.16781165681712129E+00  1.22000518615554885E+01  5.90262776426943958E+00
  5.91749286368603356E-01  4.93381311142604329E+00  6.25335047905020325E+00  8.42650576593593570E+00
  3.76902076901479588E-01  4.85389705674791294E+00  7.93429217711000589E+00  8.07650785776173485E+00
  5.49108239936929698E-01  3.93927969860471072E-01  9.61385411471598772E+00  6.96906436650630212E+00
  5.64404144318620404E-01  5.60463512392452134E+00  1.18261045658590493E+01  6.99116581655705094E+00
  4.05674446517406473E-01  8.20316115970204329E+00  1.67491430190196011E+00  9.62108118367086207E-01
  2.78555296554233556E-01  2.67536799301498451E+00  9.46201784727104744E+00  1.05144621441531001E+01
  3.37575933792008509E-01  1.33567778775953827E+00  3.23444575750573460E+00  1.27426856014020977E+01
  5.69669339224686877E-01  1.33377352619541050E+01  6.14891940645438773E+00  2.47975987247749563E+00
  3.96383251075161813E-01  2.55758274455286827E+00  4.44245737158122544E+00  1.13221753487536780E+01
  5.54129086970597151E-01  1.00614136518555561E+01  8.03108212284405631E+00  6.36521653765809514E+00
  5.86062212635089952E-01  4.86512832080038571E+00  9.97576649158290074E+00  2.17312579646003057E+00
  3.37575933792008509E-01  1.57333723311356488E+00  8.73026317432289112E+00  1.32734690422374224E+00
  2.46370760027530694E-01  7.24429255319775933E+00  6.49325954390928040E+00  9.21339996769150815E+00
  3.86818426119931114E-01  4.86992477334399076E+00  1.03633726979454757E+01  4.36148412388203965E+00
  5.75027356379647192E-01  6.30535611591751421E-01  4.77747584749586185E+00  1.29033539002297317E+01
  5.91749286368603356E-01  1.34511199446082959E+01  5.91310520673949735E-01  9.73322648554188929E-01
  3.61137627255947724E-01  9.16729912434521488E+00  1.20896912292411898E+01  4.10433333005850187E+00
  2.64730453937343402E-01  7.63238281720287048E+00  1.62825739940521896E+00  1.02395523360650902E+01
  3.66532661804007787E-01  1.19443459337383473E+01  5.58737348886210516E-01  5.19061351385898551E+00
  3.55575626152149271E-01  1.11116444939258852E+01  8.18052954074044614E+00  1.18146987607454079E+01
  4.93220738472549158E-01  8.76417016865880072E+00  5.28524443208214567E+00  1.28156890016335510E+01
  3.66532661804007787E-01  7.52008533901538279E+00  6.67474858967614892E+00  1.05800724788728679E+01
  4.19212477446155474E-01  5.67674075058983374E-01  4.17405086346312082E+00  1.51185354157013152E+00
  2.14322779410510394E-01  4.26440151668679857E+00  4.40002654299528473E+00  1.27456758840799740E+01
  3.16615288597822842E-01  2.59482601273891333E+00  4.64451641438097074E+00  7.41609291188833009E+00
  4.67051022334941945E-01  9.52754119274043632E+00  2.88363661797543314E+00  2.55947740858537554E+00
  4.23649157779161234E-01  1.04878913860252219E+01  9.62798149857249008E+00  1.29966726366326366E+01
  4.62733810730875383E-01  1.22860442599003168E+01  9.29563719373984743E-01  4.51967831293216538E+00
  4.01058911976384491E-01  8.07546446260507644E-01  1.30085870726332313E+01  2.48199013255726797E+00
  4.88813983084759374E-01  6.74372036716391321E+00  2.09015824317889187E+00  8.62991400542816045E+00
  2.78555296554233556E-01  3.41560755084139744E+00  9.29928307556020606E+00  7.98812495205177253E+00
  4.67051022334941945E-01  1.28130694821407563E+01  5.26311195217541439E+00  2.28223414690784043E+00
  3.55575626152149271E-01  3.14107341068875945E+00  6.61701554455062091E+00  9.11724951200196543E+00
  4.45471777578522854E-01  4.02537605884786576E+00  1.03757516061489827E+01  9.44626462492802155E+00
  4.97655099191040562E-01  9.22552957389927819E+00  1.53971856992995981E-02  7.20108020342615252E+00
  4.32438693220842718E-01  1.22389192923716239E+00  5.43332155520440896E+00  1.07859048614803079E+01
  3.86818426119931114E-01  8.94568592036681132E+00  1.21200616985840313E+01  6.27585127785854358E+00
  4.05674446517406473E-01  7.68389549932233429E+00  1.19417498671000875E+01  1.53177334820645661E+00
  2.46370760027530694E-01  8.02432448923904751E+00  1.03856128653910211E+01  8.67298502058400622E+00
  5.39277054206551698E-01  4.42070815367268644E+00  4.21330453858246567E+00  5.99855814218970451E+00
  4.41142703402056136E-01  1.25329924524424108E+01  4.60915953214495566E+00  5.87106803127145227E+00
  4.88813983084759374E-01  9.12107167312289491E+00  1.11455065929287702E+01  9.40458682957427605E+00
  4.10231171689561747E-01  1.28610890096009687E+01  1.00268705487619414E+00  5.97763161350643024E+00
  5.49108239936929698E-01  1.04691972206664463E+01  7.54875736666139385E+00  1.17341209733280927E+01
  4.05674446517406473E-01  8.47712572827526500E+00  1.14321150277936612E+00  3.92205365374741877E-01
  5.86062212635089952E-01  3.16667009106138941E+00  1.04014793267812369E+01  2.17822230793154548E+00
  5.34458872568623455E-01  3.47382600765235017E+00  1.01874677098293080E+01  5.25250457465002096E+00
  2.89926324498661514E-01  5.47591793054800213E+00  9.69900797253221647E+00  3.35175658576449731E+00
  3.91639445074813297E-01  9.88052263919002582E-01  3.81885110614302725E+00  9.74332660157230634E+00
  3.55575626152149271E-01  4.77114005501815086E+00  1.21307429157240438E+01  1.01432975660257458E+01
  4.49792344455842874E-01  7.19383180358940599E+00  1.31357595988109832E+01  5.04994813822868860E+00
  3.24058750641704252E-01  9.46790026228008763E+00  1.33948695470709982E+01  5.73955832604234661E+00
  3.71781505092813103E-01  4.49673602933727246E+00  1.34529761204194731E+01  1.59886824227295876E+00
  5.80490670513443274E-01  1.21814460795530142E+01  1.08760127590393854E+01  7.06019205131397509E+00
  4.49792344455842874E-01  3.99477099458401774E+00  8.27127311291783229E+00  1.24110082358319787E+01
  4.10231171689561747E-01  7.10460827121242744E+00  4.73439651738214451E+00  3.34225462883672442E-01
  4.93220738472549158E-01  1.47584146336644872E+00  2.00446244181451672E+00  9.45249278760184275E+00
  4.71376829571238165E-01  1.21841981094506657E+01  1.02884319363433629E+01  5.33217283442791401E-01
  3.71781505092813103E-01  5.40108296236165497E+00  9.03998422257512146E+00  2.12864528351163207E+00
  4.05674446517406473E-01  7.90302646241640794E+00  4.38596116771499123E+00  5.46636721416044935E+00
  4.45471777578522854E-01  1.22413422425902034E+01  1.21016465608279944E+01  1.17872192765497985E+01
  4.84429066430730915E-01  9.88909969763330565E+00  1.32965809882056973E+01  2.80744971013036304E+00
  4.71376829571238165E-01  9.25433041485990238E+00  3.05845442152238656E+00  5.81458709951271935E+00
  4.45471777578522854E-01  7.39855701837739232E+00  4.83919422992154935E+00  1.21830332379762680E+01
  4.32438693220842718E-01  1.34204278466991322E+01  1.86832121562806686E+00  1.15121389930637115E+01
  5.91749286368603356E-01  1.80667022687136025E-01  1.08199180459950011E+01  2.59881237821688860E+00
  4.93220738472549158E-01  1.32553556201475988E+01  2.99081694549193911E+00  5.05152209316138290E+00
  5.80490670513443274E-01  5.28769046047775637E-01  1.12934865779381131E+01  6.22620445140814827E+00
  4.32438693220842718E-01  3.82589718563410219E+00  7.13765582429365431E+00  6.37967635284437851E+00
  4.62733810730875383E-01  8.39412834175893963E+00  3.20902928550842792E-01  8.30697950422033493E+00
  5.54129086970597151E-01  3.06419916927966107E-01  1.96233784678821621E+00  2.87860650244819993E-02
  4.23649157779161234E-01  1.20573557126874800E+01  4.20641211267906656E-01  8.69920331099576316E+00
  4.80063103612331954E-01  1.06597417403868455E+01  2.09153596222410743E+00  9.17836428118430447E+00
  5.86062212635089952E-01  1.06527724000358859E+00  1.64338581260516858E+00  2.40766497983789485E+00
  4.93220738472549158E-01  2.84011552884685881E-01  8.67987165308542252E+00  1.10301436026854454E+01
  5.86062212635089952E-01  3.34525912576498330E+00  5.79547187294430177E+00  1.77501647318696065E+00
  5.86062212635089952E-01  4.27319505651643894E+00  1.09274553021060736E+01  7.05769606718986164E+00
  4.93220738472549158E-01  1.02635856987528022E+01  5.14075106398214565E+00  2.46046051821361234E+00
  4.14741582532007880E-01  7.41471747463893038E+00  7.64426422036080755E+00  1.06274683875178710E+00
  5.15720700463495496E-01  7.40877816135387590E+00  8.72311646577785121E-02  1.75421023477273441E+00
  4.10231171689561747E-01  1.73116752695310994E+00  1.27723547691029342E+01  6.47312859256457962E+00
  3.43844632468353784E-01  1.39624183566899385E+00  6.88629051990525287E+00  8.91752346316377320E+00
  4.75713279310277237E-01  4.38782241640133197E+00  4.21136091136244506E+00  4.98417298761067951E+00
  5.49108239936929698E-01  8.73228665181486718E+00  4.94176156407803369E+00  5.78422754608090628E+00
  3.76902076901479588E-01  7.53495277461265189E+00  9.31218358542843383E+00  4.27929430586674453E+00
  3.61137627255947724E-01  8.37915598782968551E+00  1.45827523884881249E+00  1.18651320630860493E+01
  3.91639445074813297E-01  1.18459110660052414E+01  7.94538601674411460E+00  1.32265158220720433E+01
  5.64404144318620404E-01  1.39104482435765675E-02  2.56195850508332779E+00  2.76499451762504789E+00
  4.05674446517406473E-01  4.66909336935867625E+00  2.38103296869401149E+00  1.31695718252960514E+01
  3.71781505092813103E-01  1.31683104536189699E+01  8.31550620734502566E+00  4.71275764121127150E+00
  2.99785386141821708E-01  6.33240575282471241E+00  8.14385539776205114E+00  1.27085161063781449E+01
  4.67051022334941945E-01  3.90393051213551967E+00  9.74605921395214558E+00  1.81161152335463771E+00
  4.58420388086688613E-01  1.29423422861435462E+01  6.80536864895512572E+00  3.77003111885715114E+00
  3.96383251075161813E-01  1.11979675378880916E+01  5.72868368327355437E+00  6.37511586338027936E+00
  4.54107542322554236E-01  5.58903525166006165E+00  1.06345817995716398E+01  7.51344278920317610E+00
  5.29698296771959232E-01  7.34636231986155686E+00  8.46120713865530760E+00  3.20399354450138496E+00
  4.62733810730875383E-01  1.32976248387625660E+01  1.17386123886534364E+01  4.70439427678035837E+00
  5.39277054206551698E-01  2.34407083629630986E+00  6.64269706677053851E+00  7.54079068981900580E+00
  4.54107542322554236E-01  2.96627214355104263E+00  1.34730351983737009E+01  8.08665028165918542E+00
  4.93220738472549158E-01  1.79871635218215542E+00  1.20806042429171594E+01  2.09045610636557300E-01
  4.93220738472549158E-01  6.22719816528780790E+00  4.90365543597802400E+00  3.03614388141099401E+00
  4.41142703402056136E-01  1.11288839860763016E+01  1.30332354434276709E+01  1.12470843945492778E+01
  3.96383251075161813E-01  8.86568391720970084E+00  1.27148291942004050E+01  7.46240358510476098E-01
  4.93220738472549158E-01  1.33136222387969045E+01  7.20781000966452812E+00  1.30047159614431074E+01
  2.64730453937343402E-01  1.82294449162780259E+00  9.99569871256670295E-02  2.09300923578246501E+00
  5.02120514290034237E-01  5.60777869429141340E+00  2.97531704737603420E+00  5.14300210388296897E+00
  4.62733810730875383E-01  1.46162888350175013E+00  1.32767613238368281E+01  5.81431920070316366E+00
  4.32438693220842718E-01  9.60015961163768061E+00  3.09132797840408013E+00  4.18022254912410673E+00
  3.37575933792008509E-01  1.32424632826842341E+01  1.24059214480464544E+01  1.00273533595678330E+01
  4.23649157779161234E-01  2.36745112641573696E+00  3.20395757451504481E+00  1.10148324582738404E+01
  2.46370760027530694E-01  1.14803816156023526E+01  1.34666770090850516E+01  8.86816631684977708E+00
  5.44158343748334383E-01  5.42554691619238749E+00  1.10336519769009769E+01  4.69106815193822690E+00
  4.62733810730875383E-01  1.12473718643868956E+01  7.68652463717388157E-01  8.61023417048413009E+00
  4.05674446517406473E-01  1.29847835763488426E+01  9.41380061043354210E+00  2.17163638914866652E+00
  5.44158343748334383E-01  1.48878516353978640E+00  5.99503347749238102E+00  7.39402206378538729E+00
  3.91639445074813297E-01  5.94448157317502002E+00  2.51746839331358307E+00  8.66348124912608952E+00
  3.61137627255947724E-01  7.12694102103933957E+00  3.64590724183877635E+00  8.25333272581096011E+00
  5.06617780002852514E-01  8.35319820438431648E+00  7.04853848754045309E+00  4.60141609155658315E+00
  4.58420388086688613E-01  3.21851913787497690E+00  3.21583714867062209E+00  1.01558863324257476E+00
  5.29698296771959232E-01  5.87611110406114356E+00  4.46887489675725380E+00  1.11406290681069571E+01
  5.49108239936929698E-01  1.18121445699085612E+01  3.29289716975946778E+00  9.78415186996015507E+00
  2.46370760027530694E-01  6.15565827350811379E+00  1.22780595300774955E+01  9.29291427926336766E+00
  3.86818426119931114E-01  1.32714944044453826E+01  1.13108195677794061E+01  8.79796090959828803E+00
  3.66532661804007787E-01  1.70723353708388537E+00  7.65411958163463346E+00  5.10995055913700735E+00
  5.29698296771959232E-01  3.56501267301613778E+00  2.51020499241421380E+00  4.59605298282964725E+00
  4.05674446517406473E-01  1.14289497439730816E+01  9.02049379125527828E+00  3.08629536668155247E+00
  3.81909890374632355E-01  1.15106649370247816E+01  7.74919911135442341E-01  9.70650034281360519E+00
  5.02120514290034237E-01  8.49154907669614722E+00  8.56609392907544809E+00  4.47297330871369425E+00
  4.80063103612331954E-01  7.45744340340809053E+00  1.89192202368398732E+00  7.30335587876584924E+00
  4.54107542322554236E-01  5.56313092618361082E+00  4.88823352940249123E+00  6.20373482017780309E-01
  3.96383251075161813E-01  5.26931360112505143E+00  8.14941038254560013E+00  9.78290556587791116E+00
  4.14741582532007880E-01  1.32889862758461081E+01  8.11372593486053972E+00  2.85862591442578695E-01
  4.14741582532007880E-01  1.14130583512511503E+01  7.52635498519900992E+00  1.15417632833415187E+01
  4.36799992478945909E-01  7.38233072917736965E+00  1.67232668187819256E+00  2.47384705021612605E+00
  5.11150069422808828E-01  4.63769657706434479E+00  8.71266181540002904E+00  4.73861370787549685E+00
  3.08607932839089050E-01  7.45046599068524795E+00  5.03279685292577383E+00  8.32591192038760752E+00
  4.41142703402056136E-01  2.73289307275412208E+00  8.78048458472466109E+00  1.02035076371029589E+01
  5.44158343748334383E-01  4.80398965256002697E+00  1.06013126027635440E+00  8.73908774248447706E+00
  2.64730453937343402E-01  1.03044370142929438E+01  8.07416453166676718E+00  8.89964692901602028E+00
  5.20333150277951795E-01  4.71338197660985880E+00  5.82671527588640803E+00  5.82479639699984730E+00
  4.05674446517406473E-01  3.53682296964910403E+00  1.15207900568345356E+00  8.14241182416554565E+00
  4.93220738472549158E-01  3.00669414989414641E+00  6.82057932410897472E+00  4.75033897943129002E+00
  2.64730453937343402E-01  2.53651795182833784E+00  1.86156066740407500E+00  5.65931104241888150E+00
  5.49108239936929698E-01  5.11683285386022035E+00  9.14997804192969966E+00  6.72375234234287422E+00
  5.91749286368603356E-01  6.58505002730713063E+00  3.30181367679433402E+00  3.86458965005185551E+00
  5.29698296771959232E-01  9.87387199916945946E+00  1.28337506840193463E+01  6.24262388993665240E+00
  4.58420388086688613E-01  1.25405448123699745E+01  1.73331939844107463E+00  1.14784119776300297E+01
  4.49792344455842874E-01  1.17868992342772771E+00  1.25007668422927267E+01  1.30792957681743083E+01
  4.36799992478945909E-01  1.77278523742565941E+00  3.94728377383464135E+00  6.35110220018255500E+00
  5.24991069551568490E-01  1.19537905403464251E+01  1.12936530812203753E+01  9.69340560998460887E+00
  3.55575626152149271E-01  3.10125089003487542E+00  9.58908584474079184E+00  2.94174511766671110E+00
  4.58420388086688613E-01  2.66387629153539995E+00  6.48348728134536234E+00  8.47180306890818535E+00
  5.02120514290034237E-01  3.41442840055138674E+00  4.48047994842714115E+00  6.01179568996858205E+00
  4.62733810730875383E-01  9.35882610795394143E+00  8.11027538139230408E+00  1.01413680898287417E+01
  3.91639445074813297E-01  4.02816594738024047E+00  1.21102123194364211E+01  1.22575001634720753E+01
  5.24991069551568490E-01  1.23470744844795721E+01  1.11430882469464745E+01  8.73215408213609834E+00
  4.71376829571238165E-01  1.65424375782911959E+00  5.04695152138070124E+00  1.15151296851571523E+01
  3.76902076901479588E-01  3.22315904041911327E+00  9.45796765933438977E+00  6.26281627583657130E-01
  4.05674446517406473E-01  3.34289965110345078E+00  1.27732002599905350E+01  8.41435895388741883E+00
  5.02120514290034237E-01  2.94889243585878147E-01  1.03242698844502705E+01  7.73681995527964173E+00
  5.24991069551568490E-01  2.07670529431798201E-02  1.08775479456299689E+01  4.27588699230942915E+00
  2.78555296554233556E-01  8.48671746592287057E+00  5.80922586512814920E+00  3.49903398624547846E+00
  5.91749286368603356E-01  1.79039298715022599E+00  3.53003019754796066E+00  7.56757019815554965E+00
  4.45471777578522854E-01  1.14369460635464364E+01  8.35412981673956700E+00  6.77393965835830780E+00
  5.54129086970597151E-01  3.73936156769472872E+00  5.54403333839187873E+00  6.17758642997045104E+00
  5.06617780002852514E-01  1.32299260761928146E+01  1.09392450753989312E+00  1.01514806832403135E+01
  2.99785386141821708E-01  5.35178383000054492E+00  1.14342003686256248E+01  5.05330039049214363E-01
  4.49792344455842874E-01  1.06705781707760572E+01  4.75509251883667439E+00  1.68572700878398285E+00
  3.66532661804007787E-01  7.50837789036943626E+00  1.13179243024891889E+01  9.83021733925366448E+00
  3.55575626152149271E-01  5.54676063862371116E+00  1.13179067996786138E+01  7.99285414042084419E+00
  2.78555296554233556E-01  3.47098647249816006E+00  4.78252667931254816E-01  1.15056889748966071E+01
  3.96383251075161813E-01  1.05359478821188812E+00  1.10811126438727681E+00  5.04895887763821349E+00
  5.02120514290034237E-01  1.55744310676867181E+00  7.07512333924030834E+00  1.10173612216145997E+01
  5.75027356379647192E-01  4.50234780128009149E+00  8.25788802636779673E-01  3.94004341622197440E-01
  4.05674446517406473E-01  1.74187483720692948E+00  1.33950093211583496E+01  4.15322200474457137E+00
  4.10231171689561747E-01  3.06305369752050305E-01  2.03672207143605544E+00  6.14486627934383733E+00
  3.61137627255947724E-01  9.66105524531835513E+00  2.77918517303017376E+00  1.25061826592339784E+01
  5.91749286368603356E-01  1.11189585421706578E+01  4.19374139698313186E+00  5.85379593648957641E+00
  4.28056431560671025E-01  1.28467987351422401E+01  1.13469592618338933E+01  1.84976136609545372E+00
  5.11150069422808828E-01  9.84438323027682971E-01  7.62729060644709023E+00  8.81093984637835881E+00
  3.16615288597822842E-01  4.46748864398134859E+00  6.88375386823434976E+00  1.10309678474777364E+01
  5.24991069551568490E-01  3.54166190884321841E+00  8.78314828072247167E+00  4.52695658225450792E+00
  4.49792344455842874E-01  3.29641866225687830E+00  1.24824202891338771E+01  7.55635523352547889E+00
  2.78555296554233556E-01  1.64662673295803419E-01  1.11810892139344134E+01  1.18349129628434788E+01
  5.49108239936929698E-01  1.26350146278619828E+01  1.34818121575546623E+01  4.42428433273593491E+00
  4.05674446517406473E-01  1.03472142072386095E+01  5.57893307341513367E+00  5.28222401661685481E+00
  5.24991069551568490E-01  3.76032578269054696E+00  3.39345814596029394E+00  8.65377324135064185E+00
  4.19212477446155474E-01  6.68154578967562962E+00  9.64275238380403721E+00  1.58974254257200021E+00
  4.45471777578522854E-01  2.25202088366512010E+00  5.97151206959726988E+00  2.26166299105077062E+00
  5.80490670513443274E-01  1.30154032033972147E+01  1.03172395805087671E+01  1.77275358456598742E+00
  5.64404144318620404E-01  1.32158429367046892E+01  8.58427869771115404E-01  8.20341268191593187E+00
  4.49792344455842874E-01  2.20043832903768743E+00  2.46021943779983543E+00  5.85519425116937953E+00
  3.71781505092813103E-01  1.43181538233764116E+00  2.73147278194776355E+00  7.15262457291546561E+00
  5.02120514290034237E-01  6.65872435092048232E+00  6.20596152063708573E+00  7.85096401305521940E+00
  4.36799992478945909E-01  3.00525703086733342E+00  2.85507856336514498E+00  5.41615444903830490E+00
  3.37575933792008509E-01  8.90647115773179010E+00  2.77484084080424109E+00  9.21404903224819716E-01
  3.76902076901479588E-01  1.30577123211758330E+01  1.06713215627616851E+01  1.25762015254774440E+01
  5.15720700463495496E-01  1.22129005253396574E+01  1.39212759093727700E+00  5.44360074365454594E+00
  4.05674446517406473E-01  7.27366790437401445E+00  1.06092720553608881E+01  7.63409522455359912E+00
  4.41142703402056136E-01  1.22616639981549262E+01  6.09694072538920206E+00  1.34373531522013234E+01
  4.36799992478945909E-01  7.93376338285007421E+00  1.97469785636236694E+00  3.15101028238965375E+00
  5.20333150277951795E-01  2.63127910082777650E+00  7.96202044504526629E+00  1.88005608903314858E+00
  3.08607932839089050E-01  1.34453393040099756E+00  3.19579214806625789E+00  1.02217616859933580E+00
  5.39277054206551698E-01  2.82525491120761396E+00  3.95530628698051601E+00  6.74274067929920395E+00
  4.93220738472549158E-01  1.30700733550024353E+01  3.85591065945943789E+00  5.74105535695179103E+00
  5.34458872568623455E-01  2.67334487089928574E+00  3.27902563400977076E+00  9.19995114869880837E+00
  5.20333150277951795E-01  7.77132657626794554E+00  6.05410322543352475E+00  3.24253555626443069E+00
  4.93220738472549158E-01  4.53252155384989042E+00  1.27657168774030971E+00  1.36365298653117439E+00
  3.81909890374632355E-01  1.33643633190783255E+01  9.56894509143676864E+00  7.90265114551572800E+00
  3.96383251075161813E-01  4.33141731967828747E+00  8.54988141849659211E-01  4.20093791503534852E+00
  4.19212477446155474E-01  2.85022965569639863E+00  7.73147785453691583E+00  1.29401351070301942E+01
  5.20333150277951795E-01  1.38274218723661302E+00  3.80116721747488651E+00  4.76445604254581312E+00
  4.28056431560671025E-01  4.91471363445750242E+00  1.25672008798704518E+01  8.69505476444744119E+00
  5.75027356379647192E-01  8.23956088057683900E+00  6.03133544497618868E+00  4.95042480067975976E+00
  5.59225941233592594E-01  1.17794930620124916E+00  1.02531616229006399E+01  2.51543612385485327E+00
  4.19212477446155474E-01  1.32442600613622581E+01  1.54318233840866914E+00  7.05626882687324652E-01
  5.59225941233592594E-01  2.50300840356249932E+00  7.26202134822910494E+00  2.27768505838451180E-01
  4.49792344455842874E-01  2.11194836300842193E+00  4.35254584138468203E+00  1.58252776002432149E+00
  4.80063103612331954E-01  2.79685931533943055E+00  2.13681314964327296E+00  1.31308746087655379E+01
  5.29698296771959232E-01  3.42311182390365465E+00  6.25349628161016646E+00  1.25475773978962888E+01
  5.24991069551568490E-01  2.21679127397785214E+00  6.61425532815131323E+00  4.14075201374688362E+00
  5.24991069551568490E-01  4.74149546976150837E+00  4.99980230524622193E+00  1.30356106455649527E+01
  5.80490670513443274E-01  6.25832434292497641E+00  2.20051806878550238E+00  3.63597001948555132E+00
  5.54129086970597151E-01  9.93446785315851244E+00  1.38680228285477947E+00  3.13053110833209303E+00
  5.80490670513443274E-01  1.03817165376309850E+00  8.65724519152009897E+00  3.39753144745030022E+00
  2.14322779410510394E-01  2.11751053660368305E+00  1.29603907293253311E+01  3.62140395462242504E+00
  2.89926324498661514E-01  7.92361465875067861E+00  9.71981708958806756E+00  8.40760995624233942E+00
  3.71781505092813103E-01  1.13052616212139903E+01  8.89093774830759642E+00  1.19349555176028392E+01
  4.80063103612331954E-01  7.32343782194701109E+00  4.95713005228891923E+00  9.97919337593055644E+00
  5.24991069551568490E-01  2.78286665051020843E-01  8.07607567804638649E+00  7.13307280080777595E+00
  4.67051022334941945E-01  1.06755903687487503E+01  1.24153375288684700E+01  1.24833716089163911E+01
  5.49108239936929698E-01  7.40034529854543877E+00  1.14426302983401684E+00  5.62457552956989382E+00
  5.59225941233592594E-01  1.29044930459845215E+01  3.76550835438008891E+00  1.13334375014616704E+01
  3.16615288597822842E-01  3.74483843960787599E+00  6.63571326946034046E-01  4.55744709058914310E+00
  5.34458872568623455E-01  6.57771294037604193E+00  5.04832078612181867E+00  1.16915393557325391E+01
  3.61137627255947724E-01  1.15182922757209134E+01  9.63421325314328136E+00  2.63548933700319665E+00
  3.49822487141294602E-01  3.72275685562785341E-01  4.09314366097409366E+00  5.86135949167767922E+00
  3.96383251075161813E-01  4.71352559777529923E+00  1.27904117526145367E+00  1.23559913361329912E+01
  4.23649157779161234E-01  8.31304196402357576E+00  9.49267742320891905E+00  4.23513282602701224E+00
  4.54107542322554236E-01  5.38356964142307284E-02  1.11081541052117725E+01  1.37537343001547008E+00
  5.80490670513443274E-01  1.04696691227754286E+01  3.59392406780565876E+00  4.30763268341800565E+00
  3.66532661804007787E-01  7.41873026857000273E+00  1.09128926480911836E+01  1.04341885971395385E+01
  4.67051022334941945E-01  4.22864068096245482E+00  6.69750073713215710E-01  1.28144601749832514E+01
  3.16615288597822842E-01  6.16839228715836274E+00  3.02407405772786886E+00  3.10135868333388176E+00
  4.28056431560671025E-01  1.24864944793640316E+01  1.95705686267105006E+00  1.27309477239160529E+01
  4.32438693220842718E-01  1.29879617246601047E+01  1.06789459043527888E+01  3.98603285070501689E-01
  4.19212477446155474E-01  6.16333626399288548E+00  1.19337028243597203E+01  3.80928080998036034E+00
  5.59225941233592594E-01  1.59449796572406499E+00  1.11209043554594746E+01  1.02256837418112934E+01
  5.15720700463495496E-01  4.65056770844582168E+00  4.94377061519646066E+00  9.42567911383411228E-01
  4.32438693220842718E-01  1.04024858164664060E+01  6.88241746439016655E+00  2.91303221785882971E-01
  4.84429066430730915E-01  4.65352630213964008E-04  6.69169108652380729E+00  9.90454293241589667E+00
  3.96383251075161813E-01  9.01310972493240925E+00  3.09754953337332006E+00  1.27563147478953951E+01
  3.08607932839089050E-01  9.11345168161871122E+00  1.32568187406188653E+00  1.09531319674862804E+01
  5.54129086970597151E-01  2.84635811721241661E+00  1.19349634394608888E+01  1.15931810682006784E+01
  4.93220738472549158E-01  1.08535670741863424E+01  1.30242732081511434E+01  6.52118746016864836E+00
  3.71781505092813103E-01  1.13489576215669494E+01  5.80287521144830620E+00  5.58529058647259991E+00
  3.66532661804007787E-01  1.16767254029859320E+01  1.08924324752101196E+01  1.04395952491333830E+01
  3.37575933792008509E-01  8.07509268383639678E-01  4.12608719234039700E+00  2.22779124628781888E+00
  3.30997587999695309E-01  1.21725440268171359E+00  1.16616242573248545E+01  6.14838460156249766E-01
  2.46370760027530694E-01  1.28884303411903911E+01  8.26406498812102797E+00  6.24921546051211330E+00
  3.86818426119931114E-01  1.28437187909197537E+01  3.12352739667138346E+00  4.28470468913455615E+00
  3.86818426119931114E-01  4.60493383431084791E+00  3.46692698111513398E+00  5.36111099562327187E+00
  4.75713279310277237E-01  4.04122005180487420E+00  5.54708731519508547E+00  1.05080654553303070E+01
  3.43844632468353784E-01  3.81915997421215625E+00  2.56975318128202224E+00  5.45920843597629091E+00
  4.84429066430730915E-01  2.43435577729606401E+00  4.41872323656421084E+00  5.91858405564279799E+00
  5.15720700463495496E-01  1.10846415869145254E+01  1.03852633138837795E+01  2.23003795194042453E+00
  3.43844632468353784E-01  1.04048106373011984E+00  7.82588997789197371E+00  1.32343041902314624E+01
  2.46370760027530694E-01  6.07037908088273337E+00  2.31404468636121941E+00  1.05974274153391175E+01
  3.43844632468353784E-01  3.28725773124679765E+00  2.42634219674518459E+00  1.14018034254591960E+00
  4.19212477446155474E-01  8.46361759544206649E+00  7.86392492486290529E+00  7.27930698267990106E+00
  3.08607932839089050E-01  1.22021998897997701E+01  3.11090149793503734E+00  3.94514801692808437E+00
  4.75713279310277237E-01  8.04668918035801894E+00  1.17314604773998781E+01  5.23767879176472295E+00
  5.69669339224686877E-01  2.75886480140624180E+00  1.16270299958969598E+01  7.32522899604787536E+00
  3.37575933792008509E-01  7.58305078679260181E+00  7.99546165443940904E+00  4.19315092114217247E-01
  2.78555296554233556E-01  2.02639423782144901E+00  7.56340411651494460E+00  4.55331459962911822E+00
  4.71376829571238165E-01  6.59005753874621991E+00  1.41359294173621728E-02  4.46429192884186499E+00
  2.89926324498661514E-01  3.13430392319067375E+00  2.48110497566027055E+00  6.25529722488631101E+00
  4.10231171689561747E-01  3.06106619292909055E-01  3.33661570969637333E+00  5.83539993720028427E+00
  5.34458872568623455E-01  1.29245100113833651E+01  7.86205001261013336E-02  8.91971514888179051E+00
  4.01058911976384491E-01  1.03771205328162832E+01  3.62723842435349342E+00  6.57808812969009171E+00
  3.76902076901479588E-01  2.74402393990621996E-01  1.03464932519656241E+01  6.41658734126781116E+00
  4.32438693220842718E-01  4.24624188723052676E+00  2.02949095152748793E+00  5.07561379589241213E+00
  4.80063103612331954E-01  7.04483842364947765E+00  5.62728437943267412E+00  1.25132388254815385E+01
  4.67051022334941945E-01  6.19402926468167792E+00  3.51950557894898752E+00  9.29172031638220020E+00
  5.54129086970597151E-01  2.03156538321944513E+00  8.68124541856486687E+00  1.18633871592689886E+01
  3.30997587999695309E-01  7.38577591207651807E+00  1.16994349979606120E+01  1.25663715988432223E+01
  5.34458872568623455E-01  1.24090110963553046E+00  1.17570455674435337E+01  8.19603067272180574E+00
  4.32438693220842718E-01  2.46576410120865708E+00  9.49394829344777591E+00  3.45004392851425645E-01
  3.37575933792008509E-01  1.26100367606928643E+01  2.53115789135069269E+00  2.78622775960707036E+00
  3.81909890374632355E-01  6.64750797914035463E+00  6.39554520138387073E+00  2.15533980368448619E+00
  2.89926324498661514E-01  3.18198884075902066E+00  7.70582808712045320E-01  1.19278262879227182E+01
  4.41142703402056136E-01  1.31434484181541116E+01  2.31109706242203039E+00  7.95077799991750656E+00
  3.71781505092813103E-01  1.15909751488891324E+01  1.18917756333154667E+01  4.79289964477639252E+00
  5.80490670513443274E-01  2.85242435387747495E+00  8.61728269783066025E+00  5.38792412580058766E+00
  5.86062212635089952E-01  8.67099249697812802E+00  6.01723823441784678E+00  6.69572434465000588E-01
  5.54129086970597151E-01  8.80860663963842683E+00  1.00801048854156292E+01  4.86734004294595013E-01
  4.88813983084759374E-01  1.27245758062608019E+01  1.06581854250216979E+00  1.28886546353644249E+01
  2.64730453937343402E-01  9.21534947414215466E+00  3.17957901219295636E+00  1.24310003475903930E+00
  5.75027356379647192E-01  1.50859713270877793E+00  1.11673470536167940E+01  9.09673092429449071E+00
  4.54107542322554236E-01  7.31022484315233800E+00  1.02470435747196014E+01  1.54373290099665517E+00
  4.80063103612331954E-01  3.77100322124849363E+00  3.33726498921336878E+00  5.16400222080814775E+00
  4.41142703402056136E-01  5.39796954535768503E+00  1.65420503374228067E+00  3.56786358998138597E+00
  4.58420388086688613E-01  5.54167562581702633E+00  5.53347542277142423E+00  2.44609284845007835E+00
  5.80490670513443274E-01  1.15294148676128305E+01  1.11198983575911807E+01  7.98917376918307198E+00
  3.81909890374632355E-01  1.28054045462281763E+00  1.11652010113909306E+01  5.63017786970463519E+00
  4.97655099191040562E-01  8.95424805542648694E-01  1.05888150307774200E+01  6.98253260263682929E+00
  2.14322779410510394E-01  5.05727330009881104E+00  1.33963187575397278E+01  1.81939671728457752E+00
  3.30997587999695309E-01  1.02895355147344052E+01  1.17970421306331676E+01  1.28079159058613161E+01
  4.62733810730875383E-01  1.16791356531199728E+01  6.66027362952908142E+00  4.19492205792866901E+00
  4.62733810730875383E-01  1.03645689113702595E+01  7.83779562546292885E-01  5.39100682281225918E+00
  3.49822487141294602E-01  4.50676852808999406E+00  7.99534161879218219E-01  7.76984605447643162E+00
  5.29698296771959232E-01  7.20950430079735027E-01  1.86417910076629639E-01  1.11697109062055571E+01
  5.64404144318620404E-01  1.92376158665545738E+00  1.05469998542398429E+01  1.72878351897143001E+00
  4.01058911976384491E-01  1.33757974515795564E+01  7.24679992846282683E+00  7.03450475785705631E+00
  5.34458872568623455E-01  8.88130195968232172E+00  4.76873987457693360E+00  9.46723045498190885E+00
  4.75713279310277237E-01  2.54898839507365960E+00  7.65037207655953111E+00  5.09299475021439019E+00
  2.46370760027530694E-01  1.31164561836688645E+01  8.48199826943008794E+00  7.11049133090951280E+00
  3.49822487141294602E-01  2.03811066419579801E+00  8.17561931961529886E+00  5.47244618947845307E+00
  5.75027356379647192E-01  1.59961378479763128E+00  4.46631863637708371E+00  2.52561266101900417E+00
  5.11150069422808828E-01  9.71345658903240938E+00  5.16739487358275174E+00  4.76310864325877681E+00
  3.30997587999695309E-01  9.28629517258847059E+00  4.78381932695601364E+00  4.14728705025795641E+00
  4.28056431560671025E-01  1.13039135512014983E+01  1.06237076664706875E+00  1.33492278344051911E+01
  4.14741582532007880E-01  4.56685388545291371E+00  6.47437685538119290E+00  9.33642385444518474E+00
  5.06617780002852514E-01  2.23898798151384293E+00  8.31101849392475778E+00  7.90373011579196483E+00
  2.99785386141821708E-01  1.77830861743135982E+00  4.85882841312338076E+00  9.70834400531210129E+00
  4.36799992478945909E-01  8.21711737410700360E-01  6.61912330774224422E+00  6.16137547142738384E+00
  4.23649157779161234E-01  9.10387860413535677E+00  2.89725534263334472E+00  1.19665764403446495E+01
  3.37575933792008509E-01  4.04207581852276476E+00  5.94597957709727520E+00  9.23108569392627309E+00
  4.97655099191040562E-01  1.40698492561676214E+00  3.22620714530143760E+00  1.02567324916982905E+01
  4.49792344455842874E-01  4.89989373021892138E+00  1.20745360984612926E+01  1.24107471990260922E+01
  5.02120514290034237E-01  2.59287621333887808E+00  2.83536556578770815E+00  2.92599177937117316E-01
  3.16615288597822842E-01  3.70259952197975517E+00  9.83123799558141442E+00  1.01114251390943632E+01
  2.46370760027530694E-01  8.34925825132442512E+00  1.83130510091307719E+00  1.59827371084595060E+00
  4.80063103612331954E-01  1.16381890570391366E+01  1.29248967392464760E+01  8.00611808075024456E+00
  3.43844632468353784E-01  7.73624532332279813E+00  4.58564289477948872E+00  3.73915749640521078E+00
  4.49792344455842874E-01  1.18794858070511857E+01  4.91439796016777297E+00  1.31360737933256111E+01
  5.15720700463495496E-01  1.28105983424945418E+01  3.13666547389293626E+00  3.35238224308361499E+00
  3.49822487141294602E-01  6.64843479088150513E+00  4.79147526018141034E-01  6.98422153159758086E+00
  5.86062212635089952E-01  9.90587315799079526E+00  1.22543844716582040E+01  3.28387738110089877E+00
  3.66532661804007787E-01  6.55630343646789804E+00  2.95699427052148467E+00  8.74803450245481429E+00
  3.96383251075161813E-01  9.71533551958743580E+00  3.30813916455445822E+00  9.90660496152118419E+00
  5.69669339224686877E-01  5.55563041582222805E+00  1.27659000796858049E+01  6.35888861056992738E+00
  4.36799992478945909E-01  4.84034171094380028E+00  1.00892135445870927E+01  2.82737382894294398E-01
  4.19212477446155474E-01  6.19372552861464332E+00  5.12837821034867947E+00  1.17450137681248790E+00
  4.71376829571238165E-01  1.27673608878627096E+01  9.52024241952363326E+00  8.51011156070781993E+00
  4.45471777578522854E-01  5.33554686384267018E+00  1.12203650571678248E+00  9.03191723569497062E-01
  3.81909890374632355E-01  5.40156583625339692E-02  6.51549987829604582E+00  4.85066206032925551E-01
  3.49822487141294602E-01  1.34634451749072994E+01  1.43877516342570533E+00  5.82177946961155701E+00
  3.08607932839089050E-01  8.43893570862454112E+00  1.01419361037541709E+01  1.26790060937686988E+00
  3.76902076901479588E-01  1.27174939603706494E+00  6.38821231699164471E+00  1.48521292189174758E+00
  5.54129086970597151E-01  2.11033555181207255E+00  1.93026829122413468E+00  2.05526359676886505E+00
  4.28056431560671025E-01  5.22260227820256517E+00  1.82391064742102738E+00  1.28914880802463845E+01
  5.44158343748334383E-01  1.31428064627819499E+01  1.13857306975097714E+01  1.32400417136607711E+01
  4.80063103612331954E-01  5.74325672679394472E+00  5.48063893887381681E+00  4.87712928389841238E+00
  4.14741582532007880E-01  2.78094590721003909E+00  8.46612891727968830E-01  4.46027627045071728E+00
  5.24991069551568490E-01  1.31346164511023371E+01  3.02580834999852000E+00  7.30086784251823762E+00
  4.58420388086688613E-01  5.94169907159592903E+00  1.02118458368582132E+01  9.65015021096630576E+00
  4.05674446517406473E-01  1.25438238523333254E+01  3.27975349329155552E+00  8.82651449077737915E+00
  2.46370760027530694E-01  9.69409001979874674E+00  6.54351148142267558E+00  1.03160809834504406E+01
  4.05674446517406473E-01  1.21555962300358100E+01  4.85968218012653796E+00  5.15557119563663591E+00
  4.84429066430730915E-01  4.99644480758304876E+00  1.22881094089646563E+01  1.13759789027050235E+01
  4.58420388086688613E-01  2.74027987234972592E+00  8.38187666318525437E+00  1.12054685690941298E+01
  3.55575626152149271E-01  1.30684692218432925E+01  1.33917448641029058E+00  5.22327933545750245E+00
  3.49822487141294602E-01  2.57964956714677340E+00  7.19314814494091159E+00  1.24598333961656689E+01
  5.59225941233592594E-01  7.21782469247859471E+00  3.09928596694003256E+00  1.26040294346845734E+01
  4.67051022334941945E-01  9.73348262748253035E+00  3.46415061461343665E+00  8.11402674673472490E-01
  5.49108239936929698E-01  1.19862713912795940E+01  2.39658058272585128E+00  2.17135505809876284E+00
  4.28056431560671025E-01  7.56638639240699806E+00  7.75108124412614252E+00  1.88484153177266145E+00
  5.20333150277951795E-01  7.30450830883058888E+00  1.88422663731611384E+00  1.03978654597435249E+00
  5.86062212635089952E-01  3.39150507162476789E+00  1.18903377388768217E+00  3.02251330402913654E+00
  4.36799992478945909E-01  1.09773810922616288E+01  1.20108095668101034E+00  6.40704124010804121E-01
  3.76902076901479588E-01  2.58087506256768850E-01  1.20331513287752951E+01  4.06573675061139639E+00
  5.54129086970597151E-01  2.59452720208864029E+00  2.12530644716730155E+00  4.88679807890785778E+00
  5.44158343748334383E-01  8.64340580111805146E+00  1.22286462516775423E+01  7.96235973951633014E+00
  5.06617780002852514E-01  6.58172473482498699E+00  3.15686847418133354E-01  7.98376690257489408E+00
  5.06617780002852514E-01  1.03549817774928261E+01  1.16478441168590354E+01  1.04310728943080822E+01
  3.71781505092813103E-01  1.15348664059990060E+01  3.10913200558193381E+00  4.09408197582873168E+00
  4.14741582532007880E-01  6.02901684725829412E+00  1.32084874406628572E+00  4.04028200991466413E+00
  5.44158343748334383E-01  1.16460327002026105E+01  1.40322307222573928E+00  6.33882121233051077E+00
  3.08607932839089050E-01  1.30455188833541218E+01  8.35381948642185357E+00  9.52882427744145311E+00
  2.78555296554233556E-01  8.20228565672531928E+00  1.24346003073220359E+01  8.62523499147462580E+00
  5.64404144318620404E-01  5.63191368370834056E+00  5.53916071291347922E+00  9.00758834337963421E+00
  4.97655099191040562E-01  4.17428114813364637E+00  1.06429890274477241E+01  2.67398155821676475E+00
  4.97655099191040562E-01  2.63661709980217474E+00  1.32841495787991253E+01  4.20865335096296889E+00
  2.64730453937343402E-01  3.33306117094297205E+00  9.52690945596475203E+00  1.40810790790851237E+00
  5.24991069551568490E-01  2.66364050983311706E+00  1.13912696578548420E+01  2.16322254533475711E+00
  3.91639445074813297E-01  3.43299353220577086E-01  5.18901923076105387E+00  1.06328282962556671E+01
  4.19212477446155474E-01  2.23065080056099152E+00  8.12293415265820329E+00  8.80993961992187380E+00
  3.86818426119931114E-01  3.52628139126561502E+00  3.90195878564431808E+00  6.30426855401238107E-01
  3.24058750641704252E-01  6.99368857292037838E+00  9.82977509999166088E+00  8.01259232281153366E+00
  4.62733810730875383E-01  2.61239831193399574E+00  1.73560212788282264E+00  5.05655501665101426E-01
  3.08607932839089050E-01  2.31469523866510807E+00  1.08833262267588911E+01  9.59747044522435111E+00
  4.45471777578522854E-01  2.79640183416663701E+00  6.96380781836792195E+00  5.65378464975056705E+00
  4.10231171689561747E-01  1.09982629489260066E+01  2.51362065848486171E+00  5.54217614475730880E+00
  5.59225941233592594E-01  6.53788688576825372E+00  6.54863231122445266E-01  9.99189010982306947E+00
  4.54107542322554236E-01  2.69331329125552665E+00  4.77482366121432411E-01  1.31064438357954938E+01
  3.30997587999695309E-01  3.38231633053815850E+00  8.25949033843739677E+00  1.29134030392031587E+01
  4.05674446517406473E-01  8.65875592544417749E+00  4.87344681311656913E+00  1.11585202951149220E+00
  4.84429066430730915E-01  9.54399484914926965E+00  7.12381489823148062E+00  1.19505736004174370E+01
  4.88813983084759374E-01  3.93944819248289813E+00  3.06921539321232784E+00  1.14992092465808060E+01
  4.45471777578522854E-01  2.96859475999917111E+00  7.62436151174912968E+00  1.04077882756759599E+00
  4.88813983084759374E-01  1.18488674224532953E+00  2.49682507334252834E+00  1.24016615018203780E+01
  3.81909890374632355E-01  9.22555194018110214E+00  1.23633479985709638E+01  1.11844264623892276E+01
  4.93220738472549158E-01  8.00221628454373057E-01  2.16062030377544589E+00  1.15600728790131022E+01
  3.30997587999695309E-01  3.81340375704764734E+00  1.33302876273905948E+01  1.49032002388541329E+00
  2.89926324498661514E-01  2.96716913011638361E+00  7.85837479787918092E+00  8.44850961465137118E+00
  5.80490670513443274E-01  3.14432899911130281E+00  6.07293100695432209E+00  1.06920456372587616E+01
  4.28056431560671025E-01  2.92668425145616906E+00  1.09456821776229258E+01  7.80532283040891173E-03
  3.61137627255947724E-01  9.89382319249608599E+00  2.29251546384905991E+00  3.00830239046804371E+00
  3.55575626152149271E-01  2.22068698191623159E+00  8.75308768284307348E+00  4.53133520082384833E-01
  3.43844632468353784E-01  2.14416169730203943E-01  1.33168999486931661E+01  2.14796434332694242E+00
  4.10231171689561747E-01  1.32025735604951251E+01  8.82358254225599126E+00  1.65057422645075413E+00
  5.15720700463495496E-01  3.70554082743452806E+00  1.09071402511185926E+01  5.38946128238160682E-01
  2.14322779410510394E-01  2.59234966383284338E+00  1.15048556018646142E+01  1.24490689833456702E+01
  4.71376829571238165E-01  7.27180930930583624E+00  9.42427378864259424E+00  3.46376609501627852E+00
  4.01058911976384491E-01  4.80501625583195224E+00  8.16541953984745383E+00  1.31451396698327514E+01
  3.91639445074813297E-01  1.04290433712047848E+00  9.94843564730614105E+00  9.69225638681038859E+00
  4.28056431560671025E-01  1.09582917166249612E+01  5.37315790882280986E+00  3.01807864720814356E+00
  3.76902076901479588E-01  1.92097224847679482E+00  7.12933815518905512E+00  6.63884734686719291E+00
  4.19212477446155474E-01  8.03666175034355668E+00  2.46342398775220817E+00  2.17877351493632876E+00
  3.66532661804007787E-01  7.68903492440382497E+00  1.14580960061440540E+00  7.34531744636696349E-01
  5.49108239936929698E-01  1.03930623616811957E+01  4.03329953550461795E+00  2.88813420884405425E-01
  3.30997587999695309E-01  8.46934780332720294E+00  9.18035242887024161E+00  5.78702374527995111E+00
  4.49792344455842874E-01  1.08554934515728956E+01  1.71339280891277013E+00  5.82266292352534531E+00
  3.43844632468353784E-01  1.31377507817436001E+00  7.08390649771128977E-02  8.89386439857323730E+00
  5.91749286368603356E-01  6.88140277771562747E+00  8.80208985826530643E+00  1.24636253286894902E+01
  4.54107542322554236E-01  2.45980184601578022E+00  4.08487521430750355E+00  8.64865366191365759E+00
  4.10231171689561747E-01  6.83430890341523778E+00  1.08989717685610650E+01  1.32723349301283928E+01
  3.30997587999695309E-01  1.46805538333120800E+00  1.23371482382560469E+01  1.09705896630938327E+01
  3.66532661804007787E-01  1.10519130495109668E+01  3.58693844971516773E+00  1.11359588722648795E+01
  4.93220738472549158E-01  5.03453344086721089E+00  1.56944045582873559E+00  5.22897424993356541E+00
  4.54107542322554236E-01  1.03898131258971755E+01  1.83709665738697980E+00  2.35250560304234657E+00
  4.54107542322554236E-01  3.35233817102256415E+00  8.94426317393062109E-01  1.26413046246633609E+01
  5.69669339224686877E-01  7.76150280798526282E+00  2.83570764934716646E+00  7.64741876101011631E+00
  4.97655099191040562E-01  4.63598849011301795E+00  3.95358963576417954E+00  1.04113064469516150E+01
  2.78555296554233556E-01  1.24706312437239042E+01  9.32703573028170929E+00  1.32280635491735445E+01
  4.93220738472549158E-01  3.84375436020958450E+00  1.29365845841333780E+01  5.24727096416863326E+00
  5.69669339224686877E-01  7.08622993597172446E+00  5.96513205792360424E+00  1.01503243176112736E+01
  3.61137627255947724E-01  6.61444234284832433E+00  1.25095749649991657E+01  2.39512036326481370E+00
  5.54129086970597151E-01  8.12140289206299926E+00  5.96495910409655217E+00  1.23175366143940064E+01
  5.15720700463495496E-01  1.17885824144016720E+01  6.43176834476814285E+00  5.13949897512702059E+00
  3.37575933792008509E-01  3.39209194886372067E+00  7.27580280467963636E+00  1.08716078991937675E+01
  4.32438693220842718E-01  1.20617306524745072E+01  6.76755795132875893E+00  1.84855973308868826E+00
  4.05674446517406473E-01  4.99726085857617086E+00  8.18605296658249060E+00  1.23621706690354252E+01
  3.16615288597822842E-01  1.58043839754781201E+00  8.23556262791302096E+00  1.12642872133872132E+01
  5.29698296771959232E-01  8.88729180858449830E+00  2.04386712773789903E+00  1.05767023652903855E+01
  4.84429066430730915E-01  6.19535579527869196E+00  1.12638895659860125E+01  1.20647646743129435E+01
  4.01058911976384491E-01  3.40152638454696010E+00  1.09263759795699666E+01  7.52020925759488001E+00
  5.06617780002852514E-01  6.60973305560043833E+00  2.92302681900863748E+00  1.10861047834158626E+01
  3.96383251075161813E-01  7.27681355233615879E+00  6.33611334718919927E+00  1.12188546383099474E+01
  4.84429066430730915E-01  9.83327776161163292E-01  1.29876717627054923E+01  9.38324955834861107E+00
  2.46370760027530694E-01  1.13806261720626889E+01  3.03789680910670867E+00  6.78928895006179900E+00
  5.75027356379647192E-01  1.36235326502645848E+00  8.08588238907669954E+00  4.34790289628675009E+00
  4.58420388086688613E-01  6.49693924642474840E+00  4.32664639776871862E+00  7.18841327111675632E+00
  4.05674446517406473E-01  7.29002051456258027E+00  9.10396990493218894E+00  1.74476945491431223E+00
  3.16615288597822842E-01  1.14300151699126307E+01  4.82073527426186754E-01  2.28997997406814102E+00
  4.10231171689561747E-01  3.35076263180912060E+00  1.11181125150224798E+01  6.73309580120346141E+00
  4.80063103612331954E-01  3.89650775498464119E+00  1.24747391396112892E+01  2.82241522883688356E+00
  4.10231171689561747E-01  1.26443412584481507E+00  1.28053269810290953E+01  1.22799655514774848E+01
  5.54129086970597151E-01  6.08837291401742409E+00  1.31354278571737524E+01  5.27552736445784376E+00
  3.66532661804007787E-01  6.61343094255675013E+00  2.97084791872849019E+00  2.41192918202263895E+00
  3.86818426119931114E-01  1.09603608890173643E+01  2.84756626923338940E+00  8.79843419209131028E+00
  5.49108239936929698E-01  7.18918297616604285E+00  5.29050019577728481E+00  3.71125491641203187E+00
  5.91749286368603356E-01  6.26610106904807562E+00  8.27109454974961977E+00  3.43497748248692680E+00
  5.91749286368603356E-01  5.31938141719662205E+00  7.57283521353607814E+00  6.48801736154772701E+00
  3.71781505092813103E-01  6.02227411845332927E+00  5.74141022439457771E+00  3.09009424845589242E+00
  5.54129086970597151E-01  5.07998855000863525E+00  2.19221909298954376E+00  8.45534632458130098E+00
  2.46370760027530694E-01  2.04348012593119188E+00  4.33187551241224789E+00  3.33642060630690462E+00
  4.80063103612331954E-01  7.46571790169059391E+00  6.10678482267083300E+00  1.34121137985019061E+01
  4.36799992478945909E-01  3.55378254790242742E+00  2.05160459593626499E+00  9.99846561814685764E+00
  4.36799992478945909E-01  1.04445902445200502E+01  8.15631621137365670E+00  1.09390002786900205E+01
  3.16615288597822842E-01  5.79119821621698438E+00  1.64251369480583453E+00  1.22285868856487445E+00
  5.24991069551568490E-01  3.64270194738270980E+00  4.69077069988128947E+00  1.13189649220633348E+00
  4.62733810730875383E-01  1.12113747590843760E+00  3.81630037391472099E+00  5.71221360252288513E+00
  5.59225941233592594E-01  3.05042945092599949E+00  1.03738381515807419E+01  9.68703311356116537E+00
  4.80063103612331954E-01  9.91346901568763150E-01  8.45067314706902550E+00  2.35845778104317016E+00
  4.49792344455842874E-01  4.90022347541919423E+00  4.59631997121267150E-02  1.28090857926433408E+01
  4.75713279310277237E-01  8.93364206740380240E+00  9.12812191898025382E+00  1.24840620792871455E+01
  5.06617780002852514E-01  4.50660589388310839E+00  8.41920441608357706E+00  6.26880886687828198E+00
  4.19212477446155474E-01  8.63383273388324568E+00  1.05768496460435983E+01  3.73756105294271546E+00
  4.45471777578522854E-01  9.16788697790786244E+00  8.04597078976974167E+00  6.81187466307001621E+00
  2.14322779410510394E-01  8.84055680303030833E+00  5.63117731030280488E+00  1.34552920458993075E+01
  3.24058750641704252E-01  6.97351014316381512E+00  1.27270904238694360E+01  5.66880792546393941E+00
  3.24058750641704252E-01  4.50540218458749919E+00  2.71910522601528726E+00  1.25393334673803043E+01
  5.15720700463495496E-01  3.19136777686218565E-01  1.27317420991313348E+01  8.68142846968179072E+00
  5.15720700463495496E-01  8.29492722659625592E+00  8.46048651357949844E+00  3.49029812771573633E-01
  5.49108239936929698E-01  8.43883011402790117E+00  1.08184290123017721E+01  1.25633080149421090E+01
  5.44158343748334383E-01  4.57644274637936821E+00  5.84701397667687939E+00  4.76967829940699239E+00
  5.75027356379647192E-01  1.59177503847589864E-02  6.58932462145557096E+00  1.43826800868020488E+00
  5.24991069551568490E-01  3.93817674954931807E+00  5.39541570773222379E+00  8.57547764475153151E+00
  4.54107542322554236E-01  7.92820998561258783E+00  4.31073982168238690E+00  3.01514717634752127E+00
  3.81909890374632355E-01  7.42928682974671850E-01  1.16058381867497982E+01  2.71624577094941833E+00
  4.23649157779161234E-01  3.67731025563103531E+00  9.05123730742382904E+00  7.28733099268558426E+00
  3.96383251075161813E-01  1.21843140693544960E+01  9.94912056616154139E+00  2.22464729835353436E+00
  3.37575933792008509E-01  5.04698817555285206E+00  1.25303189909052524E+01  3.08370358854259896E+00
  3.81909890374632355E-01  6.45613714149820428E+00  1.21672064427534488E+00  5.65417852077891414E+00
  4.88813983084759374E-01  9.40263250341782353E+00  1.00981446150235108E+01  2.12048077901177789E+00
  3.81909890374632355E-01  6.73245636150057258E+00  1.20094613830006871E+01  1.21082672538772265E+01
  4.01058911976384491E-01  1.15477780932760030E+01  8.96527551184166249E+00  1.12047874952763618E+01
  5.06617780002852514E-01  1.26939220670972936E+01  4.17473320006879511E+00  8.42417572952886218E+00
  4.54107542322554236E-01  1.18052602110104061E+01  8.22280375849564038E+00  8.40275526346838753E+00
  3.76902076901479588E-01  5.38667022395914330E+00  1.17362169553614066E+01  1.29871189009393131E+01
  5.24991069551568490E-01  8.22654996227112711E+00  5.29058910992604936E+00  6.69199820799101719E+00
  4.62733810730875383E-01  1.04365182823980973E+01  1.20313961897894561E+01  2.40754338168604587E+00
  2.78555296554233556E-01  2.07751760424209264E+00  2.75746571950998920E+00  7.28843354460330595E+00
  5.86062212635089952E-01  1.86083501706539800E+00  1.29402021720317197E+01  2.63309715804956168E+00
  2.78555296554233556E-01  4.48974211763919229E+00  1.13460856300230475E+01  2.76428695898073151E+00
  3.66532661804007787E-01  4.11072477773154521E+00  1.27567090164708308E+00  1.08487581415534056E+01
  4.97655099191040562E-01  5.24630506289601151E+00  9.56646178090715082E+00  4.83202530022741694E+00
  5.20333150277951795E-01  5.75863820089285294E+00  1.20677973280853355E+01  2.37500976722336921E+00
  3.24058750641704252E-01  4.63992582243335061E+00  2.07931161178166013E+00  3.47064269539834180E+00
  4.23649157779161234E-01  8.01656695542043352E+00  4.26856544347937383E+00  9.40527991400715280E+00
  5.34458872568623455E-01  6.24719941053745398E+00  9.39318556514426817E+00  3.34441224970651874E+00
  4.36799992478945909E-01  6.03358569448616855E+00  9.59418093872767308E+00  1.21281287805515650E+01
  5.91749286368603356E-01  4.11995429250982781E+00  1.07699662005305985E+01  1.59390086445404155E+00
  3.16615288597822842E-01  1.33508052668917969E+01  1.20586250890340008E+01  8.53074633960946294E+00
  4.19212477446155474E-01  4.74464139226947879E+00  7.77811630914222096E+00  1.29108065618407064E+00
  3.96383251075161813E-01  1.09316615610527279E+01  9.11215909160874737E+00  8.30141701842013724E+00
  4.67051022334941945E-01  3.58866345477343485E+00  5.46144713303542684E+00  9.68578718652139870E+00
  4.67051022334941945E-01  4.22626799650806984E+00  1.34070785400322467E+01  8.06494320307834633E-01
  2.64730453937343402E-01  2.89766513703013828E+00  1.11768649847373469E+00  2.27996567382231952E+00
  3.61137627255947724E-01  9.99196618213452070E-01  9.16671726394041286E+00  1.29454565844164247E+01
  4.28056431560671025E-01  1.64909455967774110E+00  1.13106986356629058E+01  1.13107719791983041E+00
  4.62733810730875383E-01  2.50433208538284413E+00  1.23697859801164469E+01  7.99489667074109445E+00
  3.43844632468353784E-01  1.06858319931350749E+01  1.16214607220531541E+01  1.12486269029792645E+01
  3.76902076901479588E-01  4.53356841815517964E+00  2.02688970161014659E+00  1.24332693323236292E+01
  4.36799992478945909E-01  8.45839317006697478E+00  2.90572790884899446E+00  1.04954287475588472E+01
  2.64730453937343402E-01  4.27126069014134924E+00  8.30547766717426938E+00  1.33579223471696928E+00
  5.02120514290034237E-01  3.00990947896042238E+00  3.27333753310281450E+00  2.69600789412683284E+00
  4.88813983084759374E-01  1.62584317576524517E+00  4.62398781551053073E+00  8.32229652247986884E+00
  3.55575626152149271E-01  8.09190694064231053E+00  1.07074643381774770E+01  1.10622593896264654E+01
  5.91749286368603356E-01  4.88618065730815943E+00  1.32211530455505155E+01  5.51702536731374771E+00
  5.80490670513443274E-01  7.97758315692720466E+00  1.19345382589553317E+01  9.28624053673462591E+00
  5.20333150277951795E-01  3.07098232517354219E+00  8.34902153635517941E+00  1.21260214786622846E+01
  4.05674446517406473E-01  8.33265551671065552E+00  1.30856109125059206E+01  1.18093333203745399E+01
  4.23649157779161234E-01  1.06158822855743864E+01  1.28847687586730686E+01  5.64709566499889526E+00
  2.99785386141821708E-01  8.27931746425329296E-01  9.92775457843149489E+00  1.75925401515507041E+00
  5.69669339224686877E-01  7.10210395617055124E+00  1.06815588404622570E+01  4.44527053592441135E+00
  4.28056431560671025E-01  1.10779343467748532E+01  1.94167656197805383E+00  7.49252680974769714E+00
  5.24991069551568490E-01  5.13798378078410223E-01  8.55093597229220492E+00  1.33574116142310437E+01
  4.71376829571238165E-01  9.50478277285071371E+00  5.80474111808074866E+00  5.54328670226631459E-02
  5.86062212635089952E-01  2.65114997836637478E+00  1.22692122224427482E+01  3.82949771677204787E+00
  2.78555296554233556E-01  6.35675974544912048E+00  2.21543975737970245E-01  2.90650298341662205E+00
  4.36799992478945909E-01  4.54897008404271741E+00  7.77158835260662162E+00  4.67562174250545670E+00
  3.81909890374632355E-01  1.37614771581153117E+00  6.52261449435917928E+00  5.51109658924528922E+00
  4.41142703402056136E-01  5.35174070764426801E+00  7.05344036770151028E+00  1.40581311289081312E+00
  5.15720700463495496E-01  1.69455316855288785E+00  7.89350756057207548E+00  1.04283535405838528E+01
  4.32438693220842718E-01  1.00764551359869543E+01  1.08206102817484293E+01  4.87620768268880944E+00
  4.84429066430730915E-01  7.59372340790145373E+00  8.10199090875957850E+00  1.20031021353574907E+01
  3.76902076901479588E-01  1.56870159608284254E+00  1.30057735512969885E+00  9.95559083912667653E+00
  3.81909890374632355E-01  1.93028288102796797E+00  1.71632587736490816E+00  5.48838547867239690E+00
  5.59225941233592594E-01  5.85330447179804825E+00  7.10324457553851119E+00  3.54646430780538457E+00
  5.15720700463495496E-01  2.87567999281987596E+00  7.44666734018792109E+00  9.13487623325702103E+00
  5.15720700463495496E-01  1.90946262472215755E+00  8.87415305685177680E-01  1.92913489417530704E+00
  3.96383251075161813E-01  8.69869631041564340E+00  8.68306896904582004E+00  1.02848987655084851E+01
  4.41142703402056136E-01  5.98366432884639421E-01  6.26759451607405982E+00  1.33811355682349173E+01
  4.28056431560671025E-01  6.15139587643137187E+00  1.20042140927163032E+01  1.27948535936422321E+01
  3.96383251075161813E-01  5.98183273415662686E+00  3.12897913734980193E+00  6.85342434840822268E+00
  4.49792344455842874E-01  9.84562643597885057E+00  1.53592915496753957E+00  1.09515897523121630E+01
  4.49792344455842874E-01  7.72696249343302899E+00  9.70930178923757481E+00  1.18027870683500247E+01
  2.14322779410510394E-01  7.30561789026203812E+00  1.93835972716885774E+00  5.31102327566126409E+00
  5.02120514290034237E-01  3.88150680401799786E+00  5.60859906144444054E+00  2.71885919891660643E+00
  3.66532661804007787E-01  5.79377307688396481E+00  1.24879655166231118E+00  2.37359768853373909E+00
  3.16615288597822842E-01  1.05399064272245528E+01  8.45608297585563307E+00  9.27850653689925409E+00
  4.97655099191040562E-01  2.91357051772476616E+00  1.70033733817640043E+00  1.41668408418385039E+00
  3.24058750641704252E-01  4.91098697650931104E+00  9.31905867808535504E+00  9.39269616216555114E+00
  4.10231171689561747E-01  1.08589091471905910E+01  1.15641721508718049E+01  1.23782162839811782E+01
  4.88813983084759374E-01  8.65544384544039502E+00  1.31104653883588967E-01  5.64062931491497022E+00
  4.01058911976384491E-01  8.92849906381766267E+00  6.78091979719930915E+00  9.96407336883906314E-02
  5.02120514290034237E-01  1.25291306386912336E+01  2.68671088594487673E+00  5.09551896854089414E-01
  3.37575933792008509E-01  4.84625409804559393E+00  3.54740225946365362E+00  7.56703235736765478E+00
  5.39277054206551698E-01  1.97340964598875779E+00  8.60316810902184237E+00  9.61036643335026852E+00
  5.64404144318620404E-01  4.96386325185488264E+00  8.83070221183750270E+00  1.32771164026418953E+00
  3.96383251075161813E-01  3.52841801211594763E+00  1.02145697549689474E+00  3.98060032446557743E+00
  5.80490670513443274E-01  6.07199069532859514E+00  1.12666219215312591E+01  3.07117338548437546E+00
  5.80490670513443274E-01  7.83188623655324268E+00  6.35597808885610682E-01  1.29944082140849755E+01
  3.30997587999695309E-01  4.66061618807010891E+00  7.17439474275085143E+00  1.72863019169222953E+00
  2.64730453937343402E-01  5.85352498050037884E+00  1.31987809215161267E+01  4.09495460365089325E+00
  5.91749286368603356E-01  1.28345926806769286E-03  2.77061213853931676E-01  6.24109878711000476E+00
  2.64730453937343402E-01  2.12601388746339026E+00  4.87497223069981978E+00  5.35558541310903369E+00
  5.59225941233592594E-01  5.13841507816942197E-02  3.85820015064463728E+00  6.67835715226080051E+00
  5.44158343748334383E-01  6.06177704493683223E+00  4.48936160603262291E+00  9.03871865091822357E+00
  3.96383251075161813E-01  4.25916549673384548E+00  4.71957044706843298E+00  1.06751859074842912E+01
  2.78555296554233556E-01  1.02365676460707906E+01  1.33944329063849255E+00  1.03695525513063593E+01
  3.24058750641704252E-01  3.38824316396819336E+00  1.26025325875213774E+01  9.71260544877677745E+00
  5.75027356379647192E-01  8.86675888678509949E+00  3.76355754433352852E+00  1.01488797421156463E+01
  5.15720700463495496E-01  8.27363884220050494E+00  1.17484920148941150E+01  7.84885217682948388E-01
  3.08607932839089050E-01  1.25069716115813012E+00  1.59778819602244315E+00  5.51561310981298014E+00
  3.16615288597822842E-01  1.16732631507474860E+01  2.45586383935464259E+00  8.62463321084031875E+00
  5.64404144318620404E-01  6.91026470715974384E+00  2.22725109788009723E+00  1.03297111584102854E+01
  3.86818426119931114E-01  7.07112035329734390E+00  1.87400104250079380E+00  3.20908537169646291E+00
  4.88813983084759374E-01  9.51722895384681578E-01  2.70698941847861052E+00  2.30952672467420639E+00
  5.75027356379647192E-01  2.93396952392086430E+00  1.24683031280686265E+01  2.39163452429926071E+00
  3.30997587999695309E-01  9.83293150898214563E+00  1.24096573406931210E+01  9.36553846192185269E+00
  4.49792344455842874E-01  2.89064047627938603E+00  8.39702047861898215E+00  9.30359253831406718E+00
  4.10231171689561747E-01  1.15759188610779322E+01  3.47550505159414436E-01  7.90182598449513307E+00
  5.39277054206551698E-01  6.16683598286757650E+00  4.17157752331308362E+00  2.31068289880580613E+00
  5.39277054206551698E-01  3.77553478690425148E+00  1.12172770417500267E+01  5.25136890352408159E+00
  3.43844632468353784E-01  1.17982562348541773E+01  1.09967642832577717E+01  1.04131372196256655E+00
  5.75027356379647192E-01  6.05090695161503511E+00  2.55439289327542562E+00  9.65711445509346511E+00
  4.71376829571238165E-01  7.82527498469189986E+00  7.65225590235662878E+00  1.32252264373196340E+01
  4.01058911976384491E-01  7.83420419816653557E-01  9.88053339684070586E+00  8.52478261422328210E+00
  4.58420388086688613E-01  8.12007529422836605E+00  1.08285921533629228E+01  1.09133300317627735E+00
  3.08607932839089050E-01  6.13104971905971308E+00  2.02471417105818530E+00  5.41105280065796279E+00
  4.19212477446155474E-01  1.32906717782865105E+01  3.62645530560829688E+00  8.87070258520087762E+00
  5.11150069422808828E-01  1.89498713983034306E+00  2.34420971122802202E+00  1.02990966961345425E+01
  4.10231171689561747E-01  3.54078351619482268E+00  8.54046841477462770E+00  1.84624671205734137E+00
  4.62733810730875383E-01  7.72457208588393485E+00  1.52877675447374273E+00  4.74690955118502789E+00
  4.97655099191040562E-01  3.61416336901201163E+00  1.28457712983759542E+01  9.71155075602719853E-02
  4.84429066430730915E-01  9.63017688926097293E+00  4.43573377672889801E+00  7.38304364591520290E+00
  3.16615288597822842E-01  1.26483673353398984E+01  1.34387932112417197E+01  6.26225735804060513E+00
  3.16615288597822842E-01  6.66045151217616560E+00  7.43736869098066489E+00  3.40283684582292434E+00
  3.37575933792008509E-01  7.49950230187748623E+00  3.22841922146604254E+00  4.01506027749253480E+00
  3.55575626152149271E-01  1.83881155680617625E+00  5.38770505338195083E+00  6.83032025119458286E+00
  5.75027356379647192E-01  8.03902832576917348E+00  2.86058949529884698E-01  5.78273250247540838E-01
  3.71781505092813103E-01  4.01224890505825549E+00  1.22763717267118420E+01  9.74137492732858234E+00
  5.59225941233592594E-01  3.03725467987669528E+00  8.75772396392897168E-01  6.82018498973442888E+00
  4.88813983084759374E-01  3.98667481541232371E+00  6.30533797444822675E+00  7.26179066441231846E+00
  5.80490670513443274E-01  1.11727403025421204E+01  1.16099890292499470E+01  8.97896854307104775E+00
  3.86818426119931114E-01  1.13062133476614477E+01  1.13048677108615099E+01  2.32675078481142972E+00
  5.59225941233592594E-01  3.59241974035022560E+00  6.07795920673236800E+00  5.21189767372276780E+00
  3.08607932839089050E-01  3.05837515599382037E+00  6.01077741948868116E+00  1.16626888630847052E+01
  5.20333150277951795E-01  1.07634265582029336E+01  7.47891201804087302E-01  1.26363547729595407E+01
  2.46370760027530694E-01  4.72048921771597119E+00  8.72590502564657022E+00  1.34575495478150042E+01
  4.80063103612331954E-01  1.18105129423905636E-01  1.34025236571320807E+01  4.09774023167254509E+00
  5.20333150277951795E-01  6.24803146866286596E+00  3.66820251040112044E+00  8.31746028303879825E+00
  3.43844632468353784E-01  1.23254922533583433E+00  7.65475275838601643E+00  7.87040247054312481E+00
  2.14322779410510394E-01  1.91075372794550780E+00  3.89453192050157559E+00  3.11314311006965916E+00
  3.81909890374632355E-01  6.63307439576073499E+00  1.00023331197015630E+00  2.84614318524674470E+00
  4.88813983084759374E-01  1.57804828275652032E+00  5.52964352434053175E-01  9.51901475785596851E+00
  5.80490670513443274E-01  5.72258724378241190E+00  5.42866738091995327E+00  6.00844647218008809E+00
  4.71376829571238165E-01  3.97283243332660341E+00  4.75216015640353096E-01  6.66025655697280516E+00
  5.06617780002852514E-01  1.12613301790138323E+01  1.10220226774407792E+00  5.20913141421650039E+00
  4.97655099191040562E-01  5.71201250736843225E+00  2.52607746573874481E+00  1.12973642484689236E+01
  2.99785386141821708E-01  5.04671719253245055E-01  1.33730769697939138E+01  1.19864887957670483E+01
  3.08607932839089050E-01  3.62057706436930182E+00  1.16402062842444955E+01  1.18913596592410844E+01
  2.78555296554233556E-01  1.24932818456920867E+01  1.43400401057704152E+00  1.22563817168148628E+01
  4.23649157779161234E-01  1.68479699839138908E+00  1.06610273409285821E+01  8.25492347630419587E+00
  5.39277054206551698E-01  3.75767221285752129E-02  1.33515193770473513E+01  7.87605605958096877E+00
  4.80063103612331954E-01  1.11058330347171825E+01  1.47503536222699294E+00  1.20053555759613619E+01
  4.80063103612331954E-01  5.21896131336569535E+00  4.59547259968737520E-01  7.51349010237035131E+00
  3.96383251075161813E-01  2.51612815275290869E+00  5.95944536553438731E+00  3.56605500477319337E+00
  4.93220738472549158E-01  1.56244918413155687E+00  1.50992944558766884E+00  4.08672190857268913E-01
  5.34458872568623455E-01  7.89261739866191903E+00  7.20921243832887448E+00  6.53211200089621347E+00
  4.45471777578522854E-01  5.22978689049543277E+00  9.43339638606470743E+00  1.33376966819381941E+01
  3.30997587999695309E-01  6.53462630907738973E+00  5.64268085296654665E+00  4.62961902575349438E+00
  4.32438693220842718E-01  2.54830393846906667E+00  2.36050538628382078E+00  6.65949587784623187E+00
  5.54129086970597151E-01  7.42752715978233091E+00  1.25306091624221736E+01  6.39388876957329177E+00
  4.88813983084759374E-01  2.17898374382579840E+00  1.48053746750546078E+00  1.11207125368398572E+01
  4.84429066430730915E-01  8.49750323040983702E+00  2.22209895961976001E+00  1.30832939011495739E+01
  3.49822487141294602E-01  7.90335110286344644E+00  1.30632861189023561E+01  1.27179027672346479E+00
  3.43844632468353784E-01  5.02224187155078106E+00  5.91374930474614402E+00  9.56685443658151868E+00
  4.58420388086688613E-01  3.74672509628306560E+00  1.32748291392835380E+01  1.16632992403504705E+01
  5.49108239936929698E-01  6.70457420793278569E+00  4.78252577555345670E+00  4.55528333117976736E+00
  4.05674446517406473E-01  7.05805094090250229E+00  4.24944194357243177E-01  1.12564204848014473E+01
  4.84429066430730915E-01  2.21459649668609826E+00  1.00773372876305629E+01  7.80465150684070874E+00
  3.30997587999695309E-01  1.57711745521905200E-01  1.24277646104678330E+00  1.19885291100308571E+01
  2.99785386141821708E-01  1.13434636902919941E+01  7.24150472893195296E+00  3.83368262483939448E+00
  4.23649157779161234E-01  9.50158953185108324E+00  1.44725632671204729E+00  5.10018397938518753E+00
  4.54107542322554236E-01  1.44537521571209086E-02  1.64848848533807413E+00  2.31609032407413062E+00
  5.91749286368603356E-01  6.33600862519095975E-01  4.27320684396498152E+00  3.15020011403981837E+00
  4.14741582532007880E-01  8.26884836744112839E+00  6.98674063356100294E+00  1.06056323520697049E+01
  4.80063103612331954E-01  3.55024735584780071E+00  1.13236442268818771E+00  9.38792086785965263E-01
  5.15720700463495496E-01  1.25895064157319716E+01  9.55833978301909748E-01  3.80746273800208090E-01
  5.49108239936929698E-01  1.28424877496952359E+01  2.08510265582839116E+00  3.51618600831890715E+00
  4.36799992478945909E-01  1.19495694679377777E+01  1.18053456033856587E+01  2.20760257358729595E+00
  5.20333150277951795E-01  4.87687474211164407E+00  2.83512882407487554E+00  1.17900509515997047E+01
  4.80063103612331954E-01  5.89004364744569386E+00  5.30664286283841680E+00  1.33491761051842808E+01
  4.54107542322554236E-01  1.30448420673378003E+01  5.89672981356278214E+00  8.38623188698665145E-01
  5.75027356379647192E-01  7.62651798142024440E+00  3.96611511302094222E+00  7.52942862649720457E+00
  4.75713279310277237E-01  1.32959293104819523E+01  3.93765768545725248E+00  7.67843963945507557E+00
  5.49108239936929698E-01  5.42072282113305093E+00  3.42314601402477647E+00  1.81064200283205867E+00
  3.24058750641704252E-01  1.66713538159945407E+00  1.40157732517801126E+00  1.31025650210942715E+01
  3.76902076901479588E-01  1.13287359495616631E+01  9.04875501628427337E+00  2.22816147054336744E+00
  4.45471777578522854E-01  8.36392787688708950E+00  1.70616378240536615E+00  9.19326808238977122E+00
  5.91749286368603356E-01  6.08789082183413122E+00  8.70198387969291609E+00  7.12064336434483725E+00
  5.29698296771959232E-01  1.35862337385471865E+00  1.33693696970114715E+01  1.02438086104632298E+01
  4.49792344455842874E-01  4.55955428070932811E+00  2.92593602102366779E+00  8.95791582029394817E+00
  5.34458872568623455E-01  3.00354790017971229E+00  4.04130392741099478E-02  1.22659108505108936E+01
  4.19212477446155474E-01  2.96934682782619364E+00  2.89051354102350777E-01  9.82287554651579953E+00
  5.54129086970597151E-01  6.08499030171454125E-01  8.81443335949289164E+00  4.76471251159662224E+00
  4.67051022334941945E-01  1.13529465014529070E+01  1.19606968477467568E+01  2.87029342907173080E+00
  4.32438693220842718E-01  1.62488516614193101E+00  3.79866772624904980E+00  8.73061569672650428E+00
  3.71781505092813103E-01  1.28578148962106575E+00  8.11246352442130636E+00  1.19547314835177012E+01
  4.23649157779161234E-01  7.76947602507064694E+00  9.75206591072596751E+00  2.10425122356166749E+00
  4.41142703402056136E-01  7.26003356480561113E+00  5.52501279991702354E+00  9.25721217642716887E+00
  4.80063103612331954E-01  2.49973245860464210E+00  6.36367225044741147E+00  1.46155076005404183E+00
  2.89926324498661514E-01  1.25286599314516085E+01  4.91847344270475340E+00  9.90042484494892960E+00
  5.39277054206551698E-01  6.91509042218982017E+00  1.14892531171023293E+01  5.18160385418208769E+00
  5.24991069551568490E-01  3.37985798577297158E+00  1.39672861957263916E+00  1.34812637900942640E+01
  4.84429066430730915E-01  6.88503042041555613E+00  3.93218809444996698E+00  6.63667853253997575E-01
  5.24991069551568490E-01  1.12527154891464782E+01  3.79893547848969426E+00  6.88947315498056945E+00
  4.88813983084759374E-01  8.16556784119274504E+00  6.80250906788815257E+00  1.29360986635171944E+01
  3.91639445074813297E-01  7.36094188264955029E+00  7.40190589712864888E+00  1.24769216923197419E+01
  4.28056431560671025E-01  6.22297007258242463E+00  3.15968628521094930E+00  6.45789360854911010E-01
  4.49792344455842874E-01  4.72216448099281649E+00  9.94511436166277285E+00  8.21194899537729839E+00
  4.41142703402056136E-01  8.36953400505499090E+00  1.08708122046002487E+01  2.97366301485491258E+00
  4.97655099191040562E-01  5.80902800470275249E+00  3.14118582136333169E+00  1.05213526687583716E+01
  5.86062212635089952E-01  3.79936560883745367E+00  7.88183673351460179E+00  1.14369320974861015E+01
  3.37575933792008509E-01  5.00229699735284772E+00  3.35390476985536479E-01  9.55814137605385206E+00
  5.29698296771959232E-01  1.75700739648568183E+00  2.40251463283979172E-01  1.99892067538182699E-01
  4.32438693220842718E-01  1.00725204442657446E+00  9.70034115609699299E+00  4.26069911954084546E+00
  3.55575626152149271E-01  1.28037732634829791E+01  1.18816159643472439E+01  8.87843297429865963E+00
  5.64404144318620404E-01  9.81899178869800693E+00  3.20550220314945200E+00  1.33122249251589757E+01
  5.64404144318620404E-01  4.55873012344840767E+00  3.70954397648698597E+00  3.36968190682929380E+00
  5.69669339224686877E-01  1.29890181372690972E+01  9.81904152322069201E+00  6.33984182669746055E+00
  4.36799992478945909E-01  6.35281262871515029E+00  2.47907225130701558E+00  4.86290477276300503E+00
  4.36799992478945909E-01  8.37458626878747125E+00  7.68466352036292122E+00  1.10482968430748696E+00
  3.24058750641704252E-01  9.02887367346873759E+00  8.46158852481452151E+00  1.12327447030206908E+01
  5.06617780002852514E-01  5.98043958274460241E+00  1.79118778269402079E+00  8.06641742914894166E+00
  3.96383251075161813E-01  8.39661216443235325E+00  4.22126352777031322E+00  1.02239493285064084E-01
  4.10231171689561747E-01  7.15507500350284609E+00  3.13485899863763340E+00  4.71681366716928796E+00
  3.66532661804007787E-01  7.03639675953436861E+00  5.75988993299887664E+00  1.98053245873255501E+00
  5.24991069551568490E-01  2.07036751927207918E+00  3.84548471312164564E+00  1.29740544799513451E+01
  5.20333150277951795E-01  2.15185747531475835E+00  1.12219654467535275E+01  1.30212769384873521E+01
  5.39277054206551698E-01  2.84230486093635015E+00  8.72649608113146691E+00  1.17744393428780270E+00
  2.99785386141821708E-01  1.07840869880651837E+01  3.40728391996990521E+00  5.27495152162054026E+00
  5.29698296771959232E-01  1.08272682619457310E+01  8.19274868758675190E+00  8.30766328511471741E+00
  3.86818426119931114E-01  8.08357262647693098E+00  7.60531043007314000E-01  4.83180059083576907E+00
  5.02120514290034237E-01  5.11920388492467637E+00  3.44587113028035619E+00  6.08523534558679469E+00
  3.76902076901479588E-01  1.09088698987677084E+01  9.12003866582063116E-01  6.01699170618976087E+00
  3.81909890374632355E-01  2.74609501312714821E+00  9.17919003053884275E+00  1.22645131294703233E+01
  4.62733810730875383E-01  2.57862274038167216E+00  7.91144254332665220E+00  1.00099224230167607E+01
  4.36799992478945909E-01  1.30092065962040628E+01  1.03067268758897548E+01  7.21981666961843072E+00
  4.54107542322554236E-01  1.01974878445522918E+01  1.49878337964480446E+00  1.22212989220797699E+01
  5.06617780002852514E-01  6.74954162004903591E+00  4.45923784094355113E+00  1.49134776036642247E+00
  3.43844632468353784E-01  9.77357396053391092E+00  3.56997295365298006E+00  1.13757075378165275E+01
  4.36799992478945909E-01  1.09943165464065782E+01  2.31320796215341229E+00  1.90433677994465977E+00
  3.71781505092813103E-01  5.53146152385502021E-01  5.49976069296949088E+00  4.35222909482254838E+00
  3.66532661804007787E-01  1.59685913428301940E+00  4.49127000944120347E+00  5.78745592657330565E+00
  5.34458872568623455E-01  3.53799258122327842E+00  9.08771025404695365E+00  1.27163179998926914E+01
  3.08607932839089050E-01  1.27912657107429855E+01  9.09746122129403822E+00  1.12868337616282699E+00
  3.61137627255947724E-01  1.24956820581325037E+01  8.42851581409914274E+00  1.32212228397797276E+01
  3.91639445074813297E-01  2.61785080490627964E+00  2.32123818089726885E+00  7.69817304331223085E+00
  3.43844632468353784E-01  6.40534094527435194E+00  1.01953866250240548E+01  4.78083910482721830E+00
  5.11150069422808828E-01  3.56919294738928095E+00  1.33451463945904738E+01  2.30707568513472960E+00
  4.84429066430730915E-01  1.21816026078198494E+01  9.80288663294255436E+00  1.35628958506668096E+00
  2.46370760027530694E-01  9.15463930916535773E+00  3.59429788554591800E+00  1.16112448832848578E+01
  4.71376829571238165E-01  9.67817362035265738E+00  6.88420978849448861E+00  1.81625128841553440E+00
  5.29698296771959232E-01  6.38114411243530544E+00  7.00862329396241535E+00  7.26519440138384009E+00
  5.24991069551568490E-01  9.19583378568162857E+00  6.45327145922161005E+00  4.61051082730428874E+00
  2.64730453937343402E-01  9.36380326164459653E+00  5.73378709643233631E+00  1.08197667982791188E+01
  4.88813983084759374E-01  8.04855288177980555E+00  5.67643224671917235E+00  9.81735293325998981E+00
  2.89926324498661514E-01  2.71380759468707833E+00  9.51537633413481210E+00  1.28478791219137793E+01
  4.41142703402056136E-01  2.09752090470417230E+00  8.23924187575083877E+00  6.96951841183823184E+00
  3.81909890374632355E-01  8.16073583771449673E-01  4.66401509401782111E+00  8.63871538179886578E+00
  3.91639445074813297E-01  1.06214925632015174E+01  5.06874151243594540E+00  1.11397200831433860E+01
  2.78555296554233556E-01  1.29121944695617721E+01  7.43322850657535472E+00  8.59993611451717754E+00
  5.80490670513443274E-01  8.05326135623863060E+00  1.27602780049794156E+01  5.47614244159658714E+00
  3.96383251075161813E-01  9.12557425235946873E+00  3.71444551669210377E+00  7.35962827922198581E+00
  3.61137627255947724E-01  1.09929904344932918E+01  1.25185016378789697E+01  7.19547527667221409E+00
  4.97655099191040562E-01  1.58725828854359330E+00  1.24654278498229782E+01  7.51437931657068692E+00
  3.81909890374632355E-01  1.32264710435931434E+01  6.75741539681206138E+00  1.07247585689053579E+01
  2.89926324498661514E-01  5.04469340589927118E+00  1.90978963934441304E-01  3.02534735519000009E-02
  5.39277054206551698E-01  7.50190663660386448E-01  2.35127945409082306E+00  4.23203316967753818E+00
  2.89926324498661514E-01  6.51412387478469768E+00  1.76963757824346835E+00  1.50739261011793801E+00
  4.54107542322554236E-01  4.97296740854947927E+00  6.88078512430938272E+00  3.09708485303947212E+00
  3.86818426119931114E-01  8.35435202368488383E+00  1.14012183498762845E+01  1.33773412762239090E+01
  2.78555296554233556E-01  7.14322063211043368E+00  1.08707973143295966E+01  6.97627965788235471E+00
  2.99785386141821708E-01  1.64243480891662275E+00  5.88594235169390512E+00  1.83779916705583957E+00
  3.49822487141294602E-01  1.08788858227240426E+00  2.60331559175940663E+00  1.39676935185722750E+00
  4.62733810730875383E-01  1.53630420517501531E+00  1.33358676435732164E+01  7.11015187965355189E+00
  3.49822487141294602E-01  6.06110802174457852E+00  8.88233022901676494E-01  1.07297746493840478E+01
  5.06617780002852514E-01  1.78800737715498359E+00  5.82401356696585015E+00  1.04322656241771372E+00
  4.67051022334941945E-01  2.07545008064267034E+00  5.67005545698436286E+00  1.09540053410766181E+01
  4.97655099191040562E-01  3.25991177793094344E+00  2.50200956116102269E+00  8.64275461240576526E+00
  3.49822487141294602E-01  9.58662349861182861E+00  2.37215034573482209E+00  2.21182106514493854E-01
  3.43844632468353784E-01  9.31975500023562020E+00  1.27245440874476099E+01  7.51384891060901605E+00
  2.46370760027530694E-01  9.51031866930295422E+00  4.14453726670412870E+00  8.04229067457093727E+00
  5.49108239936929698E-01  6.91598660082287164E+00  1.31611860818623727E+00  7.96145294765106470E+00
  5.75027356379647192E-01  1.63722011516968080E+00  9.68206386616424552E+00  1.15223726930868011E+01
  3.66532661804007787E-01  7.13197541152222847E+00  1.15120364237398736E+01  9.23198326214150278E+00
  4.75713279310277237E-01  8.40550666601415664E+00  1.19531036186394957E+01  6.92688013665919922E+00
  3.91639445074813297E-01  1.27241085452082956E+01  9.98503529775600640E+00  4.88401950184566491E+00
  4.58420388086688613E-01  6.50121780878182065E+00  1.03329631431536164E+01  1.18275088466729752E+01
  5.15720700463495496E-01  2.92453274006612318E+00  1.04159785551205921E+01  6.11715996816384511E+00
  3.96383251075161813E-01  4.68294757801348815E+00  5.43442907995848934E+00  9.11625013668480477E+00
  4.75713279310277237E-01  3.51831601094706370E+00  3.10932367604640270E+00  1.37801063822973191E-01
  3.08607932839089050E-01  1.42029007680817454E+00  4.59544053056103419E+00  1.09239055117324906E+01
  4.10231171689561747E-01  1.04808519553036810E+01  4.28376519519971488E+00  9.77628664364782729E+00
  4.01058911976384491E-01  9.88054147501476132E-01  2.94696449677835393E+00  3.53607427058835022E-01
  5.02120514290034237E-01  1.32600490037787750E+01  5.42458461124478752E+00  7.05374979123028023E+00
  3.91639445074813297E-01  6.84420411620681879E+00  2.54481858092151469E+00  1.18659681532111492E+01
  4.14741582532007880E-01  8.28368162782078343E+00  1.30235797613603044E+01  3.79788657870838753E+00
  3.81909890374632355E-01  2.12653075889800691E+00  8.99724141918284559E+00  5.89187030413125079E+00
  2.14322779410510394E-01  5.79703577198024966E+00  9.17226589953431759E-01  1.01480770598550176E+01
  5.15720700463495496E-01  1.31310613093684303E+01  7.64262939482452541E+00  7.82449759412225276E+00
  4.49792344455842874E-01  7.96759963793905168E+00  3.48864001599799867E+00  8.40234309512119282E+00
  5.24991069551568490E-01  2.17358079063068255E+00  6.59860846672551737E+00  2.99785884693915694E+00
  4.75713279310277237E-01  1.03789564891977744E+01  3.08179071212644740E+00  1.38234677400323047E+00
  3.76902076901479588E-01  4.21839904376838160E+00  6.54001430027356356E+00  3.16713690885044663E+00
  3.96383251075161813E-01  1.65677096514612221E+00  3.37736562765189641E+00  2.97185399134170525E-01
  3.86818426119931114E-01  8.19830420243770774E+00  1.02865597635006800E+01  4.35055224360539317E+00
  5.86062212635089952E-01  6.13442231872581623E+00  1.10161082259389396E+01  4.74410745087593122E-01
  3.96383251075161813E-01  2.51258028483403439E+00  4.42205381584770230E+00  9.73779565908973588E+00
  4.01058911976384491E-01  1.03753697481785441E+01  8.63198304721724263E-02  6.01321376388295992E+00
  3.16615288597822842E-01  1.24121811638030515E+01  1.87347851790662978E+00  1.55945161710780944E+00
  5.54129086970597151E-01  7.19919757172185015E+00  1.08680043089122087E+01  1.23290918200830095E+01
  5.91749286368603356E-01  1.12289244081595445E+01  3.47138069439102059E+00  1.32505420115970516E+01
  3.30997587999695309E-01  2.99785619623870803E+00  8.84257757529220001E+00  3.86850877822422623E+00
  3.66532661804007787E-01  8.55172566846292703E+00  8.56068430494988775E+00  6.92669792937270579E+00
  5.49108239936929698E-01  6.11547945036615825E+00  7.33177083187947076E+00  1.15199313599740467E+01
  4.01058911976384491E-01  7.44970753781304662E+00  7.12828666291338386E+00  4.57305777544469105E+00
  4.19212477446155474E-01  9.79032098902144599E-01  1.06334411746638935E-01  6.47640352067145475E+00
  4.71376829571238165E-01  1.36555611410194699E+00  1.23146186191996438E+01  9.94377433767441232E+00
  4.23649157779161234E-01  4.31828081539762287E+00  2.25844048534244030E-01  9.24327974804841190E+00
  4.10231171689561747E-01  9.49526193309280009E-01  9.04059431685687187E+00  1.67857115026446113E+00
  5.11150069422808828E-01  1.14785426268262398E+01  6.06488746313252580E+00  2.65457260755150415E+00
  3.61137627255947724E-01  5.50128350127942589E+00  8.74700970418522417E+00  4.85443122171674002E+00
  4.75713279310277237E-01  4.39513222263799541E+00  1.54460761413436853E+00  1.31228134022272975E+01
  5.39277054206551698E-01  1.12191050344801884E+01  1.25607032896195783E+01  2.07397691386770822E+00
  3.24058750641704252E-01  3.36485165293948096E+00  1.12870501804160721E+01  1.66169745164533911E+00
  4.14741582532007880E-01  7.88361621979903449E-01  1.06860549906746947E+01  9.89494596817504934E+00
  3.55575626152149271E-01  9.81569382948979907E+00  8.18276998536371813E+00  1.14357827150516012E+00
  5.11150069422808828E-01  9.47452282908631283E+00  1.01951824483518330E+01  1.26162786276601473E+01
  5.15720700463495496E-01  2.87810603042117252E+00  5.86842676547162867E+00  4.43733852708528165E+00
  5.20333150277951795E-01  4.72147669174030771E+00  1.20446980085297177E+01  2.45444827427990919E+00
  4.88813983084759374E-01  7.93968481976411677E+00  1.91405861815679923E-01  3.29257782350562911E+00
  5.64404144318620404E-01  1.84111985788040733E+00  7.47861471651269039E+00  9.44233992082228824E+00
  2.14322779410510394E-01  1.33946247556903764E+01  1.82462335115503160E+00  3.97405200215689236E+00
  3.16615288597822842E-01  3.70011300477438443E+00  9.28996617794969382E+00  5.42824689955969930E+00
  5.59225941233592594E-01  9.70412453869551861E+00  2.49615898211998921E+00  9.40368746622192120E+00
  4.62733810730875383E-01  9.87069927939623781E+00  1.02766902172479160E+01  7.91896020235136078E+00
  5.06617780002852514E-01  1.28228587450458900E+01  1.20079669644872524E+01  1.10328187181650605E+01
  5.75027356379647192E-01  2.31393190144178806E+00  2.37418740475648232E-01  1.15273317180402346E+00
  4.41142703402056136E-01  1.10940102132993914E+01  1.28159025272986469E+01  1.03785660790366663E+01
  5.34458872568623455E-01  1.22392743428719264E+00  4.00999731459385877E+00  8.40036581461300891E-01
  4.10231171689561747E-01  1.33541825094079893E+01  1.01016887894697760E-01  1.17948729431202839E+01
  3.96383251075161813E-01  1.05090896850519897E+01  7.00871652620509789E+00  6.61347003226688024E+00
  5.64404144318620404E-01  1.84046718244437213E+00  2.44664956394033339E+00  1.13676006420944695E+01
  4.45471777578522854E-01  6.16288469866785160E+00  7.00636621564089124E-01  3.45717027368396801E+00
  5.11150069422808828E-01  5.46023156960415257E+00  8.53310758556238724E+00  8.32570975260963309E+00
  4.54107542322554236E-01  8.88999737138630564E-01  9.44880076706747296E+00  1.21889643728682326E+01
  5.29698296771959232E-01  3.70034944636822516E+00  5.21679353233586074E+00  4.55475620534526726E+00
  4.23649157779161234E-01  2.95990556973732888E+00  1.30239295011625025E+01  1.02510371669987617E+01
  4.93220738472549158E-01  6.73982026791218569E+00  9.66069765817314519E+00  4.23146993627797929E+00
  4.19212477446155474E-01  9.92972379613232192E+00  5.94568644759527043E+00  4.30255295879829802E+00
  4.75713279310277237E-01  7.04775854642987287E+00  9.85418878402319365E+00  1.24137979964432841E+01
  4.75713279310277237E-01  3.84897219086184705E+00  1.10580341774261282E+01  8.85393668093791852E+00
  4.97655099191040562E-01  9.00246245537417389E-01  1.26753340585829939E+01  6.82566250041280309E+00
  2.64730453937343402E-01  9.37956169140418261E+00  9.30804929783700530E+00  1.39824773575765993E+00
  4.58420388086688613E-01  4.54366936108897601E+00  1.24972752036389476E+01  4.77578526415775961E+00
  5.86062212635089952E-01  2.39900779012154608E+00  6.41771180604590263E+00  1.29582856839315852E+01
  2.46370760027530694E-01  1.04270613270036527E+00  1.14834816923829619E+00  1.73928786974084915E+00
  4.05674446517406473E-01  5.76912669115952781E+00  3.59560664793206008E+00  4.41892436465304073E+00
  5.91749286368603356E-01  1.00169964651526229E+01  2.18596205302051549E+00  3.94691829610983413E+00
  3.76902076901479588E-01  1.15629550702495099E+01  1.15126669014737253E+01  3.55372149354690947E+00
  4.49792344455842874E-01  8.37928572739215127E+00  1.19238219322723982E+01  1.27248514788884890E+01
  3.08607932839089050E-01  9.54079011110085951E+00  6.52511832400560365E+00  3.52535115902763541E-01
  3.86818426119931114E-01  7.71083343539842669E+00  4.80129204625641925E+00  1.53491261798010603E+00
  4.88813983084759374E-01  3.72235044542220139E+00  1.18551842643052545E+01  1.85249196356969903E-01
  5.11150069422808828E-01  5.99487886628970013E-01  1.07636843488867253E+01  8.66237007387300650E+00
  3.96383251075161813E-01  5.23465509996809963E+00  9.61480382591165395E+00  1.24412742280389388E+01
  2.89926324498661514E-01  8.16848603050051558E+00  2.74814542970940767E+00  8.40088963799010990E+00
  5.75027356379647192E-01  8.29826898114935751E+00  2.48417698778923368E+00  1.14009932130225593E+01
  4.84429066430730915E-01  3.43618527796704454E+00  8.86919036751257295E+00  1.07973797713583437E+01
  5.44158343748334383E-01  3.86105996861622103E+00  3.76112418214646516E+00  4.23619718129522038E+00
  5.91749286368603356E-01  1.33499179727963622E+01  3.89318944218760432E+00  3.95426306794678650E+00
  5.34458872568623455E-01  1.16525460519423030E+00  1.36356518689871575E+00  4.16155917993603985E+00
  2.99785386141821708E-01  1.63586004469156454E+00  3.43570605476195201E+00  1.10131944151468932E+01
  5.49108239936929698E-01  5.49133622970986579E+00  6.07240251859448943E+00  1.59631604935652671E+00
  5.54129086970597151E-01  5.05762719127793492E+00  3.20061635618540041E+00  9.78480719510067409E+00
  5.34458872568623455E-01  8.57865285203957662E+00  9.75050661475590097E+00  2.61701883753167097E+00
  4.28056431560671025E-01  8.90652644093822232E+00  8.48721892322677030E-01  4.89671723062373498E+00
  2.99785386141821708E-01  1.26276061329657754E+01  2.47359362783320647E+00  4.23960702833698377E+00
  5.02120514290034237E-01  4.66664672426423000E+00  6.50649745295772775E+00  3.92207148848404197E+00
  3.81909890374632355E-01  4.09179957564021723E+00  1.33810779200865184E+01  6.05676877151433413E+00
  3.61137627255947724E-01  9.54649569195263759E+00  8.31820175348892121E+00  2.94705917973221743E+00
  4.97655099191040562E-01  6.21997720606791704E-01  1.24556260387541027E+01  7.75548688913550244E+00
  4.71376829571238165E-01  3.79181117006976598E-01  3.47993828163958563E+00  2.45648613920974945E+00
  5.20333150277951795E-01  4.22808798729192858E-02  1.19840109630452396E+01  9.34257521860148898E+00
  5.29698296771959232E-01  1.11860151950772924E+01  9.55540915232864840E+00  4.93697593739656693E+00
  4.71376829571238165E-01  5.61269412839317905E+00  3.80566372756227489E+00  7.56895376860815716E+00
  3.24058750641704252E-01  9.15597232543310824E+00  9.47563154822808862E+00  1.34091089865256254E+01
  5.24991069551568490E-01  1.17077040066495872E+01  4.82532531611185433E+00  6.66108799512955319E-01
  4.71376829571238165E-01  7.96903460099755767E-01  1.04456449664209448E+01  4.72662546163754982E+00
  4.80063103612331954E-01  5.58986304103756027E+00  1.03123861530144225E+01  8.39019672982126963E+00
  3.66532661804007787E-01  4.36855114697847835E+00  1.08298830879436760E+01  4.68716816590326690E+00
  5.80490670513443274E-01  1.25518070875674304E+00  7.18647517303754424E-01  1.06603074081505556E+00
  5.29698296771959232E-01  1.45230261567646335E+00  9.68618846178877924E+00  3.40794310313045790E+00
  4.32438693220842718E-01  1.30541010546654199E+01  5.12500605456786218E-01  3.71148544179418494E+00
  4.23649157779161234E-01  9.00130133410510958E+00  1.28131284986892542E+01  5.85950160723145164E+00
  5.54129086970597151E-01  3.80676414821578568E+00  3.96196928443582497E+00  2.58150087088689251E+00
  3.81909890374632355E-01  4.82871139092820290E+00  3.67874577177176887E+00  1.14738497804247483E+01
  4.71376829571238165E-01  7.79394089037023718E+00  1.08684313353314916E+01  3.69008501663177846E+00
  3.91639445074813297E-01  1.10559488136281399E+01  1.11143587541971485E+01  1.08411909295894286E+01
  4.67051022334941945E-01  9.03998787606783516E+00  1.12774817172679391E+01  6.37343342119317668E+00
  2.99785386141821708E-01  9.55117676139619398E+00  1.51537055649895369E+00  1.20760028430969379E+00
  4.10231171689561747E-01  8.74176724355277202E+00  2.49725704911655777E+00  2.61395417429399979E+00
  4.75713279310277237E-01  7.77561323936772997E+00  1.14683225895403034E+01  1.09568654958445233E+01
  5.75027356379647192E-01  5.09920631814082181E+00  1.26513746056101439E+01  1.53973065961193778E+00
  4.45471777578522854E-01  1.00691205782134645E+01  1.26201522520547176E+01  4.23395201538601107E+00
  4.45471777578522854E-01  3.75303391235455708E+00  1.05426192499202891E+01  4.24334674292279690E+00
  4.10231171689561747E-01  6.45405370330165873E+00  1.26765212100084277E+01  8.79736069719199065E+00
  3.08607932839089050E-01  1.57139205573432039E+00  5.38933110581121877E+00  8.09235536295279445E+00
  5.29698296771959232E-01  8.89735671406736728E+00  2.38261451877085007E+00  1.69462882907240031E+00
  5.39277054206551698E-01  1.06341232460247692E+01  1.06680892707463375E+01  7.40223433405850706E+00
  4.14741582532007880E-01  1.16458471084044657E+01  3.77861919668533863E+00  3.10336382066358496E+00
  3.37575933792008509E-01  1.17241082260838496E+01  5.31793557160943031E+00  8.85287979230677280E+00
  5.91749286368603356E-01  5.44134111484888727E+00  1.21923129247638737E+01  5.33628612594230489E+00
  4.41142703402056136E-01  1.18555772027119062E+01  5.32365071556852154E+00  7.83006369137775415E+00
  4.88813983084759374E-01  1.24356402391812138E+00  1.00396154031860778E+01  7.75341660156697721E+00
  5.75027356379647192E-01  7.11122616098321636E+00  1.44754636469408027E+00  5.55747618502595089E-02
  5.59225941233592594E-01  1.18668179638258806E+01  2.01322442306342841E+00  4.03592659013005139E+00
  4.28056431560671025E-01  1.26798042671133682E+00  3.15363399960935276E+00  9.17427438723588828E+00
  5.69669339224686877E-01  8.43401287764850949E+00  5.29702489257987241E-01  1.15736579729202109E+01
  5.69669339224686877E-01  5.20936281977661064E+00  2.26830517385243446E+00  1.03920467123382902E+01
  4.58420388086688613E-01  7.37668437055912030E+00  5.53788039138576504E+00  4.66909194463417965E+00
  3.86818426119931114E-01  2.15461905206996907E+00  9.82072197951425174E+00  1.07236763757853346E+01
  4.58420388086688613E-01  8.73110255231733667E+00  3.21962996964584480E+00  4.32410402933404647E+00
  3.43844632468353784E-01  2.02822118830153508E+00  2.14258284924709130E+00  7.20719490919092731E+00
  4.05674446517406473E-01  2.03828365819775037E+00  4.07819490216646496E+00  3.76732641273009594E-01
  4.23649157779161234E-01  1.00624370060953616E+01  1.11710838620740365E+01  1.11735670148156938E+01
  5.24991069551568490E-01  2.74227040465398675E+00  8.92209019039879614E+00  7.19462533346477517E+00
  4.97655099191040562E-01  1.10135953896369010E+01  5.22554901663656679E+00  8.23902034942745587E+00
  5.59225941233592594E-01  2.42849352836819882E-02  6.02559924612199982E+00  6.21934572172147515E+00
  3.61137627255947724E-01  1.21885902466797642E+01  1.11266564654844977E+01  3.49033482072668955E+00
  4.49792344455842874E-01  5.04160293597559495E+00  5.54697276233946646E+00  2.87281298771144833E-01
  3.16615288597822842E-01  1.24869972031457888E+01  2.45656035703441056E+00  7.47628859863005601E+00
  2.14322779410510394E-01  8.89612436250904537E+00  1.00956425669500032E+01  1.60460349801475233E+00
  5.15720700463495496E-01  1.16109753267130511E+01  2.90294870501148328E+00  1.08352582400195363E+01
  5.75027356379647192E-01  8.98005191579825279E+00  9.32939137947690256E+00  1.09978397561608574E+01
  4.45471777578522854E-01  1.11957053204327401E+01  5.28268444302355711E+00  2.18255793331019055E+00
  4.93220738472549158E-01  1.30421453921240200E+01  2.30780326415082149E+00  1.82401676109829225E+00
  3.76902076901479588E-01  1.64773500319699884E+00  1.25501616241508653E+01  1.16672438797210787E+00
  4.54107542322554236E-01  1.01568680236616817E+01  7.74268211304436527E+00  5.56200495548117235E-01
  4.19212477446155474E-01  3.70980335272274309E-02  1.04996653885059068E+01  1.19129287691458750E+01
  3.49822487141294602E-01  8.22051264415823013E+00  5.67740211753896151E+00  5.88483561632319496E+00
  5.24991069551568490E-01  4.90052470792585382E+00  8.49575587539447952E-01  1.11852598385175028E+01
  2.78555296554233556E-01  6.94378109412047095E+00  4.27703390816669504E+00  1.22186175318961467E+01
  3.76902076901479588E-01  3.75430740730446133E-01  1.33456570826896872E+01  7.02478263914186041E+00
  3.66532661804007787E-01  9.10687057671928279E+00  1.05593036044302533E+01  8.08018710309981714E+00
  2.78555296554233556E-01  3.26281914777387660E+00  1.07981538860424600E+01  4.75311758907567761E+00
  4.75713279310277237E-01  9.78081455770655772E+00  1.22501224665662739E-01  2.70436100187969153E-01
  4.19212477446155474E-01  7.85071797862240039E+00  2.39601478956282143E+00  8.92844682723327665E+00
  2.78555296554233556E-01  4.45211320360208163E+00  1.09357926298603800E+01  1.10156909814389650E+01
  3.71781505092813103E-01  5.50663092642674368E+00  4.98953059298238877E+00  1.25685623512707618E+01
  5.91749286368603356E-01  1.15170549974706553E+01  4.69151509856447912E+00  1.14568601352952708E+01
  3.81909890374632355E-01  4.09923300741295182E-01  7.98455299904445637E-01  3.80174062820003211E+00
  4.14741582532007880E-01  1.08887771635422244E+01  9.42670498871518525E+00  1.02331138936841857E+01
  3.71781505092813103E-01  8.41341188632158854E+00  1.37290381516461091E+00  1.31494349423364483E+01
  3.81909890374632355E-01  7.01091954848720622E+00  1.13472072781230988E+01  7.55684375932211694E+00
  3.08607932839089050E-01  7.61249498599944552E+00  6.45881490917417089E+00  1.18266059274694690E+01
  5.86062212635089952E-01  6.69336035310421096E+00  4.70879573605548973E+00  1.29242795099560599E+01
  5.24991069551568490E-01  9.79754066454098194E+00  5.08218174948787915E+00  1.07157531511553810E+01
  2.89926324498661514E-01  7.45884672438328078E+00  9.02104552375025825E+00  1.18349194367124273E+01
  5.02120514290034237E-01  6.27625407321776230E+00  6.08975936593379252E+00  6.76247029791104737E+00
  4.80063103612331954E-01  6.14890003240084226E+00  7.72525826459501275E+00  5.82669236409766178E+00
  3.43844632468353784E-01  5.38518681490066786E+00  2.77713831886428064E+00  9.06422955897797600E+00
  5.54129086970597151E-01  1.26587753529938443E+01  1.73658589630573257E+00  8.61336765339533450E+00
  3.49822487141294602E-01  5.85482810277322496E+00  2.27683472645603047E+00  1.28838682399035847E+01
  4.45471777578522854E-01  5.03701569012304606E+00  1.05512662549160918E+01  1.12319065039429677E+01
  3.08607932839089050E-01  4.23257905496331777E+00  4.40276746641104921E+00  7.11960111123107176E+00
  4.19212477446155474E-01  7.56455140008403304E-01  2.40575939177237519E+00  7.97099049707938700E+00
  3.30997587999695309E-01  6.69600442344582536E+00  2.49105122871591478E+00  8.15580600444440251E-01
  4.36799992478945909E-01  1.00617611123544552E+01  4.31934588375512707E+00  1.20774822972972018E+00
  4.32438693220842718E-01  8.62815765687545344E+00  1.07696384140827828E+01  8.68378606925182872E+00
  5.44158343748334383E-01  7.72529339449994357E+00  6.93812915928586982E+00  5.45672396482844846E+00
  2.99785386141821708E-01  3.95869891677563990E+00  1.30853731265128594E+01  1.09603883927235071E+01
  4.75713279310277237E-01  1.09662016560249995E+01  2.74335035301662344E+00  4.68750977224503540E+00
  2.64730453937343402E-01  5.74060305825672579E+00  1.61358735375669493E+00  5.50102888976540250E+00
  4.58420388086688613E-01  2.68759281049508461E-03  1.34764041217208752E+00  6.62787470349778562E+00
  3.61137627255947724E-01  9.09037230973391885E+00  4.70767509931083072E+00  1.03355682215060636E+01
  5.02120514290034237E-01  1.29117068489498887E+01  6.66831184327598425E+00  8.01900514178521284E+00
  5.75027356379647192E-01  4.38696196216434853E+00  7.54235357431798992E+00  5.64767766869880194E+00
  5.44158343748334383E-01  5.91524078100727202E+00  7.46593492106225476E+00  9.79343884077552751E+00
  3.86818426119931114E-01  5.84019999522151423E+00  5.73531675311523159E-01  6.61234585040298217E+00
  4.71376829571238165E-01  1.77805369352451748E+00  1.09977973029628533E+01  4.75636631868806603E+00
  5.49108239936929698E-01  8.98412915240907317E+00  8.53823522747792474E+00  1.15627489482844426E+00
  2.78555296554233556E-01  8.45348949514689707E+00  5.73546296204715134E+00  1.05095636875939178E+01
  3.71781505092813103E-01  9.41476929940151663E+00  1.22136293297198488E+01  1.89286603376579299E+00
  5.69669339224686877E-01  1.28917748900261468E+01  3.30138265113919438E+00  2.16945523424054265E+00
  3.37575933792008509E-01  2.06571621121927285E+00  5.30020074014947262E+00  8.50169177176603874E+00
  4.97655099191040562E-01  1.24434721473142673E+01  7.75488917816130208E+00  1.25324893896358009E+01
  4.84429066430730915E-01  8.91921865177601303E-01  9.67060569353152033E+00  5.27705641770212885E+00
  4.05674446517406473E-01  1.97139054118077284E+00  9.01882090768791755E+00  6.66332473745559106E+00
  5.02120514290034237E-01  3.11911023799948950E+00  4.48573350538325233E+00  4.10204772185932498E+00
  4.49792344455842874E-01  1.18813178947907208E+01  2.03055786935714444E+00  7.11886366808865656E+00
  2.64730453937343402E-01  4.71439034589514350E+00  4.77122481183565750E+00  3.72164003552178491E+00
  4.19212477446155474E-01  2.49550544832843180E+00  4.79977384357592030E+00  8.13086206174313197E+00
  5.59225941233592594E-01  3.31462613847556975E+00  4.60717054350258159E+00  1.07631914790914980E+01
  4.28056431560671025E-01  7.81346113209999338E+00  5.22925560084600605E+00  5.37599158724602955E+00
  5.59225941233592594E-01  6.39822664289168941E+00  8.05002030869425234E+00  8.50085571370052762E+00
  4.75713279310277237E-01  8.96516100041920394E-01  1.67150906628053075E+00  6.69524502923756337E+00
  4.84429066430730915E-01  5.33999069023698691E+00  9.88724839441682057E+00  6.02727673317629087E+00
  3.16615288597822842E-01  8.98891126101048071E-02  7.35969738543802876E+00  1.03371406626214313E+01
  5.29698296771959232E-01  5.23139513384106181E+00  7.09902247249385887E+00  4.55012281902002780E+00
  4.75713279310277237E-01  1.01580282781527131E+01  7.21982977609523946E+00  5.73972908238868484E+00
  5.75027356379647192E-01  9.74319728328538659E+00  7.99479315441802818E+00  8.24640943206506627E+00
  4.41142703402056136E-01  1.16242339821755412E+01  4.17542301263568039E+00  1.37573659432999573E+00
  4.45471777578522854E-01  7.05570225194852529E+00  7.04480964752582395E+00  1.82645029547678051E+00
  5.15720700463495496E-01  6.01018862639653761E+00  1.11247951295324086E+01  1.01217262105386645E+01
  4.23649157779161234E-01  7.64182903091911747E+00  8.53830707347890616E+00  4.10701965477104380E+00
  2.99785386141821708E-01  3.41604504669522857E+00  1.74368680912355289E+00  1.06535426682858549E+01
  4.88813983084759374E-01  4.47568611710702502E+00  7.23346987844732503E+00  8.51037117315325631E+00
  4.01058911976384491E-01  8.62812319799184912E+00  7.82051704407391490E+00  9.78341332412061959E+00
  3.61137627255947724E-01  7.96631171986409647E+00  5.03413680973653666E+00  9.22493153314304237E+00
  5.34458872568623455E-01  4.40620986247022906E+00  8.25275765555688778E+00  5.36452726137109481E-01
  5.15720700463495496E-01  6.15162742481710634E+00  5.42157215065912901E+00  3.90778115963376482E+00
  4.88813983084759374E-01  4.92301888301317980E+00  1.00769104022541516E+01  7.14770027147303288E+00
  3.66532661804007787E-01  7.25277293714162052E+00  6.18292524160457546E-01  4.89002124234348923E+00
  3.86818426119931114E-01  1.00809752425148105E+01  4.52982602936783874E+00  1.25537959975430606E+01
  4.10231171689561747E-01  1.18295369097340970E+01  5.42883068518901085E-02  2.72066260997542742E+00
  3.49822487141294602E-01  3.37735678357494207E+00  5.93707012539884893E+00  9.05641499859616061E+00
  5.44158343748334383E-01  6.51290787924015846E-01  1.17444714168097253E+01  1.34498878702011577E+01
  2.89926324498661514E-01  7.23305423791193203E+00  3.03970844447720312E+00  7.00107235016416940E+00
  5.34458872568623455E-01  1.27157419206297053E+01  4.22223007756829993E+00  1.03584397285612955E+01
  3.37575933792008509E-01  1.26601622723180949E+01  5.53039510024184100E+00  1.00863996927403097E+01
  3.16615288597822842E-01  2.15565847193696314E+00  1.27906117287362147E+01  1.33851058595689025E+01
  4.67051022334941945E-01  3.37955352334133075E+00  7.97610962608588547E+00  1.04761880740126898E+01
  4.36799992478945909E-01  1.06144060466827117E+01  2.93196088433307978E+00  9.54139444184009022E+00
  4.49792344455842874E-01  1.02042177476306488E+01  4.33629940121262436E+00  8.11291982962455194E+00
  3.71781505092813103E-01  9.15471287220228191E+00  9.40808028503672955E-01  3.35527191578867257E+00
  4.41142703402056136E-01  6.39717915650798208E+00  1.04247795330258466E+01  1.27161794019515053E+01
  4.01058911976384491E-01  5.34941865055087185E+00  1.13599785075674919E+01  1.23076118854636647E+01
  5.80490670513443274E-01  8.22260959031678595E+00  1.03186834578146591E+01  7.84337182456937576E+00
  4.45471777578522854E-01  2.69749132461688479E+00  1.08513739610361526E+01  7.98345325496978209E+00
  3.91639445074813297E-01  9.74436279005428219E+00  8.68989364467146963E+00  1.13841516660357538E+01
  5.06617780002852514E-01  5.19548546348093332E+00  1.08888651350826251E+01  1.34274863646957314E+01
  5.64404144318620404E-01  1.21468993408656640E+01  1.06065596684307302E+01  1.29943779680212348E+01
  5.20333150277951795E-01  4.82327578324534123E+00  7.29859634172659444E+00  7.44459571374435924E+00
  4.88813983084759374E-01  3.06928782461594318E+00  6.17068769647496573E+00  2.79419580956555347E+00
  4.19212477446155474E-01  4.01396181083516712E+00  1.13171714393107887E+01  3.27377782059135081E+00
  5.39277054206551698E-01  5.83640616494508624E+00  1.20695174706758745E+01  2.14993853275910141E-01
  3.91639445074813297E-01  9.85686377411456682E+00  5.92920335311468971E+00  1.03709193671014361E+01
  2.14322779410510394E-01  5.76879393088498738E+00  1.17727284397073237E+01  6.20776192759149659E+00
  5.80490670513443274E-01  5.35517776990522876E+00  8.13007753043776304E+00  4.15860611566299188E+00
  4.05674446517406473E-01  1.73383825684725240E-01  1.16778925793545696E+01  2.09056173554478653E+00
  5.59225941233592594E-01  5.44561352016640399E+00  1.32110313906710868E+01  1.18865034970369461E+01
  3.61137627255947724E-01  4.05231121915930981E+00  4.78741326811170875E+00  6.58614792848825559E+00
  2.89926324498661514E-01  6.11207327443866344E+00  5.96118333499041508E+00  2.20268926280254407E+00
  4.54107542322554236E-01  6.75055544274706421E+00  1.17267086050070688E+01  3.06928076877766298E-02
  5.29698296771959232E-01  6.82433425022292273E+00  2.01889089745858374E+00  5.88240696253217887E+00
  5.69669339224686877E-01  5.75478587358366678E+00  1.16525127714811507E+01  1.36038391545151138E+00
  5.69669339224686877E-01  1.29229631087050247E+01  9.30791027330623066E+00  3.64148581897923096E+00
  4.28056431560671025E-01  1.01351294599976001E+01  8.79529875672530004E+00  2.72701989387412702E+00
  3.81909890374632355E-01  8.89384982211305686E-01  3.67734897878956191E-01  7.22990541024863909E+00
  4.67051022334941945E-01  5.77284092904859403E+00  1.02858404095513247E+01  5.27941540872774251E+00
  3.81909890374632355E-01  5.85137559852065969E+00  7.91447375887369109E+00  1.22834039477899797E+01
  4.88813983084759374E-01  1.11573570620011271E+01  1.02469960599446424E+01  1.29769955259385359E+01
  2.78555296554233556E-01  8.19415689126945601E+00  1.11971004176721660E+01  2.34810447650877219E+00
  3.76902076901479588E-01  8.60492885333064272E+00  9.06606861989563839E+00  1.32683078341138749E+01
  4.14741582532007880E-01  8.42820208388028291E+00  6.41405071778600178E+00  5.84346185772162485E+00
  5.20333150277951795E-01  1.17060913470841026E+01  9.59614316544865886E+00  9.63453932256657986E+00
  5.54129086970597151E-01  9.48882726195140691E+00  5.26152564702329872E+00  6.77059673185605071E+00
  3.16615288597822842E-01  7.37537818885264507E+00  7.23532871328872051E+00  2.49128780842641451E+00
  5.54129086970597151E-01  4.23925473779792750E+00  1.23639510903965739E+01  8.01180955765516423E+00
  4.45471777578522854E-01  1.21489857214709751E+01  3.50899675358419483E+00  2.32177119414227140E-01
  3.76902076901479588E-01  1.08615554246285413E+01  6.34411126820946158E+00  6.79232449291917373E+00
  4.32438693220842718E-01  3.59421185489506989E+00  7.05282588111676390E+00  4.07361186126764174E+00
  4.32438693220842718E-01  5.69594283400923640E+00  9.67468697053540994E-01  5.90855321759673835E+00
  4.23649157779161234E-01  1.03479627931595886E+01  6.22736579635960297E+00  2.86116825138748787E+00
  3.76902076901479588E-01  4.70004043768500690E+00  4.13848668089761773E+00  4.19460438159855542E+00
  3.49822487141294602E-01  9.03154078214906164E+00  6.66343798240079188E+00  6.24154570472989079E+00
  3.86818426119931114E-01  8.72801790650492038E+00  5.33550193660970073E+00  1.19380068040754299E+01
  2.14322779410510394E-01  1.25895510038697829E+01  3.69815340622556610E+00  4.17724743375210661E+00
  4.28056431560671025E-01  6.89902223566620787E+00  3.10723936685306068E-01  5.53146054614833638E+00
  4.88813983084759374E-01  5.25618745451016389E-01  5.94455148133969580E+00  9.56893410778428688E+00
  5.69669339224686877E-01  3.64443079558852745E-01  1.25376861452938702E+01  1.67171490253892019E+00
  5.75027356379647192E-01  1.22606386748836833E+01  8.25082863312012371E+00  7.43543188309365366E+00
  5.06617780002852514E-01  7.90970941870480093E+00  5.00495757161858723E+00  7.63123371715502685E+00
  4.62733810730875383E-01  2.74976622776045909E+00  5.97370434412215712E-01  1.13369453214050324E+01
  2.46370760027530694E-01  1.03962425370685931E+01  3.73321485349788285E+00  1.03939044424697768E+00
  4.93220738472549158E-01  1.13665624061261177E+01  1.34446102619440406E+01  3.56897300132965611E+00
  4.84429066430730915E-01  1.55786349429791060E+00  8.00860407689313214E-01  6.66067213508158229E+00
  4.71376829571238165E-01  8.59688829603983251E+00  5.05402960925111611E+00  2.39906501400349081E-01
  3.66532661804007787E-01  7.91497538564800251E+00  1.03391423399538613E+01  1.04675195571811983E+01
  5.75027356379647192E-01  1.29056723699401292E+01  8.12410692194477946E+00  2.27758712706553368E+00
  5.15720700463495496E-01  6.85641264157223240E+00  3.89879099625103698E-01  1.34878126967144993E+01
  5.69669339224686877E-01  1.23767305928550826E+01  6.61048699749897384E-02  9.96914168575076531E-01
  5.02120514290034237E-01  7.31531979528476128E+00  1.20829296626382927E+01  7.14677377451157558E-01
  4.45471777578522854E-01  1.20975297426917727E+01  1.27819171530870381E+01  2.45975424554798128E+00
  5.86062212635089952E-01  1.22992753341799848E+01  1.31794562537823516E+01  5.46543304883855718E+00
  2.99785386141821708E-01  1.19140764731566868E+01  4.31349534634241305E+00  2.68439841395221057E+00
  4.36799992478945909E-01  1.12526932100311727E+00  6.15536579569714526E+00  8.89654000158399860E+00
  5.20333150277951795E-01  5.23391778298334498E-01  6.31063465215963504E+00  5.30604827488408581E+00
  4.14741582532007880E-01  8.24207834164531938E+00  1.17642270531635447E+01  3.08812824665607089E+00
  5.20333150277951795E-01  1.21410209746007194E+01  7.83677189019720277E+00  6.36366404342828051E+00
  4.28056431560671025E-01  1.28138187719193972E+01  7.16933375971944109E+00  1.96420226276188603E+00
  5.69669339224686877E-01  1.83988329028892283E+00  1.09545115106204989E+01  7.31910594960024685E+00
  5.59225941233592594E-01  3.54295563078674691E+00  8.86856725305331750E+00  8.69570886258445519E+00
  5.44158343748334383E-01  4.12179825116615373E+00  1.03627952323688870E+01  1.15563549060820545E+01
  4.88813983084759374E-01  1.06243973464207642E+01  1.01294583241655189E+01  3.13873952020169322E-01
  4.14741582532007880E-01  1.12637934620681328E+01  3.58605719355943042E-01  1.10531568598977845E+01
  2.89926324498661514E-01  6.35018230802078865E+00  8.06557917265794622E+00  9.34823829010073837E+00
  4.23649157779161234E-01  6.82310754543401998E+00  2.63293626461945607E+00  7.90110270817196536E+00
  4.93220738472549158E-01  1.19385006508581188E+01  5.34721691423361190E+00  6.89980878364494732E+00
  5.02120514290034237E-01  2.61376400639848949E+00  9.66621045874343388E+00  5.50353262966159651E+00
  5.20333150277951795E-01  5.05950482151749981E+00  6.74441412362411263E+00  1.30526195402743550E+01
  4.41142703402056136E-01  1.31615216509895046E+01  6.35582398354450717E+00  7.16536527530878686E+00
  3.24058750641704252E-01  3.22447813462935917E+00  9.40153275646029130E+00  5.01435139548630104E+00
  2.14322779410510394E-01  1.45675644309989138E-01  3.65760992683975150E+00  1.81103961696370419E+00
  5.20333150277951795E-01  1.15837112451592770E+01  8.80457677980347420E+00  1.02983086082451631E+01
  5.39277054206551698E-01  5.98341097085592644E+00  1.08527393913316885E+01  1.11517373409721294E+01
  5.64404144318620404E-01  1.31019786839425514E+01  9.61733850927637590E+00  1.19556872470508893E+01
  4.88813983084759374E-01  4.65126466598460553E+00  1.12052508097185708E+01  3.97303463513616206E+00
  4.58420388086688613E-01  1.24787493418039297E+01  7.07721818432476368E+00  1.03780528575156357E+01
  3.61137627255947724E-01  9.83297725929032085E-01  7.63078177395142010E+00  2.17021382280104946E+00
  4.23649157779161234E-01  2.22865343801775229E+00  5.47260514565099232E+00  2.97227051510943197E+00
  5.39277054206551698E-01  1.29975466668615329E+01  9.95235094244050345E+00  1.32511943139265931E+01
  5.54129086970597151E-01  4.36329195623213373E+00  1.34293275639715386E+01  4.42440565671888475E+00
  4.75713279310277237E-01  7.05383200150459544E+00  9.46477114740553027E+00  1.32816595921407821E+01
  4.41142703402056136E-01  1.30607505877796193E+01  3.01587889420691235E+00  1.21507943318989287E+00
  5.80490670513443274E-01  1.20887339939169962E+01  2.85102320533642839E+00  4.82441900146363789E+00
  5.64404144318620404E-01  4.58035476170533773E+00  1.30116653136689617E+01  9.96276580437881876E+00
  5.64404144318620404E-01  1.02778905540219316E+01  2.06180489425738678E+00  5.06596706546257192E+00
  4.45471777578522854E-01  9.49855086446106256E+00  1.01368667970058213E+00  1.25122358008591572E+01
  2.89926324498661514E-01  2.14841922616165881E+00  9.69043103117422033E-01  3.37663214875639994E-01
  4.45471777578522854E-01  6.49755745635994142E+00  4.41540705979830639E-01  2.19569768237026164E+00
  5.54129086970597151E-01  1.02916470065130845E+01  9.99151983124056642E+00  5.36531921313510018E+00
  2.78555296554233556E-01  1.15473386087614083E+00  5.77331079754370968E+00  8.25034374899201595E+00
  3.66532661804007787E-01  4.00519508032309712E+00  8.26640077923019945E+00  1.32270484687159477E+01
  4.10231171689561747E-01  1.12626701355406311E+00  7.13951956467622484E+00  5.08175152841736022E+00
  4.19212477446155474E-01  7.30799652252072995E+00  2.93549486597317344E+00  8.52035795439957688E+00
  5.86062212635089952E-01  2.21666366499912737E+00  1.31858473969830161E+01  9.53403395249695507E+00
  3.91639445074813297E-01  1.22846444152897512E+01  5.56767107809513373E+00  1.27941833539762264E+01
  3.30997587999695309E-01  1.31059235957636577E+01  4.70379776631737112E+00  9.75256921001192900E+00
  3.66532661804007787E-01  1.59981297826263269E+00  8.35776884406776865E+00  1.77449206692768868E-01
  3.71781505092813103E-01  2.25771155173944971E+00  5.08480686267192983E+00  2.24232498006720293E+00
  4.36799992478945909E-01  2.76202355803838673E+00  9.99661424229333306E+00  1.23028257501849900E+01
  3.16615288597822842E-01  1.37423240932766388E+00  9.22506248981488319E+00  4.81890048945241389E+00
  3.55575626152149271E-01  5.87190333789240348E+00  9.27400574382737908E+00  6.24252912496397627E+00
  3.96383251075161813E-01  5.74883774495745214E+00  1.95073254974830523E-01  4.58443641401893043E+00
  5.06617780002852514E-01  9.51257264309933781E+00  9.29210825805662743E+00  6.38778601743876906E-01
  4.58420388086688613E-01  4.05515361264244856E+00  1.06026907016772909E+00  9.40430591294059681E+00
  3.81909890374632355E-01  7.70322142673481558E+00  9.71750270176941933E-01  4.11290861246134920E+00
  4.19212477446155474E-01  9.98256329797669095E-01  1.09094423070183755E+01  7.83513520558512333E+00
  4.88813983084759374E-01  9.49053017328130366E+00  4.44689412332930623E+00  8.71184950911166567E+00
  4.45471777578522854E-01  6.62734195540125093E+00  4.05697362406055095E+00  1.16059747426633795E+01
  4.75713279310277237E-01  9.98910026192365663E+00  3.56650734975812966E+00  2.10196841802486212E+00
  3.16615288597822842E-01  5.26899235621578299E+00  1.33502671693685997E+01  3.94243417012774078E+00
  5.49108239936929698E-01  1.19824785434795391E+01  4.83205093036609551E-02  1.16151551820366077E+01
  4.84429066430730915E-01  2.53282050254373559E+00  4.29524324876944430E+00  4.87195497259436383E+00
  4.32438693220842718E-01  6.65079292565513658E+00  9.24270550728925855E+00  6.35427077174153965E+00
  3.37575933792008509E-01  1.31710690810708702E+01  6.14650584215127971E+00  3.38693515173741799E+00
  4.97655099191040562E-01  8.75813115048340940E+00  2.51613386151462581E+00  8.87871731679111775E+00
  4.14741582532007880E-01  2.42365655556490678E+00  1.93814406173627751E+00  1.19670738458848707E+01
  4.19212477446155474E-01  2.64634838890684065E+00  1.69603614803108571E+00  7.18246558501510890E+00
  2.99785386141821708E-01  1.28561803056428943E+01  6.41856830819237878E+00  1.02634708417863632E+01
  4.71376829571238165E-01  6.17331207479107125E+00  1.25880730938153889E+01  4.41244741948351038E+00
  5.91749286368603356E-01  3.27911633251583590E+00  1.02349739752166009E+01  1.08059803909387320E+01
  5.44158343748334383E-01  9.62970528269606829E-01  4.63222005869863729E+00  1.02051832722658098E+01
  3.43844632468353784E-01  8.20049582691606638E+00  1.32912403832265760E+01  1.91347061105788008E+00
  4.14741582532007880E-01  1.10686358428116343E+01  5.56415408985593807E+00  1.16792524450075383E+01
  3.30997587999695309E-01  2.55283164019101505E-01  1.18976628693824562E+01  5.60100047803631629E+00
  4.10231171689561747E-01  1.05404018934720778E+01  1.21849572138754780E+00  4.65473652687471962E+00
  4.10231171689561747E-01  5.06084277840610408E+00  9.59948600806626473E+00  1.06394743472724933E+01
  4.54107542322554236E-01  5.04428768321159904E+00  3.17540660029308341E+00  8.23712583545598598E+00
  5.02120514290034237E-01  6.41148810650517298E+00  5.30669511899808466E+00  7.37708395081655866E+00
  4.62733810730875383E-01  2.87587668274209429E+00  4.85058292094404830E+00  1.73340516360815045E+00
  3.81909890374632355E-01  7.27309545230314325E-01  5.10651126582293191E+00  9.44573119944900874E+00
  5.44158343748334383E-01  6.28809878248366250E+00  1.18380870667583427E+01  7.86287751613543140E+00
  4.67051022334941945E-01  1.59329854479769062E+00  5.23444481942075424E+00  5.00376076711640927E+00
  3.71781505092813103E-01  1.23191511384718044E+01  9.68415128773850498E+00  1.27057553578244598E+01
  4.19212477446155474E-01  5.69497637696781034E+00  1.01343034239913834E+01  2.75036384579957160E-01
  4.10231171689561747E-01  8.71489548230752220E+00  6.19753892911460813E+00  9.50644911369213119E+00
  4.14741582532007880E-01  1.35865536956050770E+00  1.17165219028085410E+01  5.06067801551268204E+00
  4.62733810730875383E-01  1.09137689146939074E+01  1.37176456168896488E+00  9.73123803205513660E+00
  4.84429066430730915E-01  9.55178158839734337E+00  9.48774357127906143E+00  2.86294437061364349E+00
  2.78555296554233556E-01  5.78566906655184443E+00  9.93503486149266024E+00  1.09127777147745975E+00
  4.62733810730875383E-01  5.33103096058209225E+00  1.29420967201561705E+01  4.60322107725089147E+00
  4.71376829571238165E-01  1.08041149632882427E+00  8.83691114092519392E+00  6.27856684975148904E-01
  4.45471777578522854E-01  6.74850066293764339E+00  7.60746044683109446E+00  1.30146090872966287E+01
  4.75713279310277237E-01  9.48435005849729862E+00  2.28698156577661038E+00  1.13734605408461924E+01
  4.49792344455842874E-01  1.18928426535091756E+01  3.33762402506779177E+00  6.16959135660054336E+00
  2.46370760027530694E-01  8.49123470950037529E+00  7.48210934918822090E+00  1.17083892774026248E-02
  3.49822487141294602E-01  7.71523123022698609E+00  1.06322776973512969E+01  9.84583212102208272E+00
  5.20333150277951795E-01  9.65110948917702216E-01  1.15920996381386860E+01  7.19136676136176334E+00
  5.59225941233592594E-01  6.70290327469890101E+00  1.03832813773538231E+01  3.43338876731215059E+00
  5.24991069551568490E-01  4.23500281654180810E+00  9.43222056912793327E+00  1.10444144689581787E+01
  5.02120514290034237E-01  5.89877209733014585E+00  3.72123669953893543E+00  1.34761324139105891E+01
  3.91639445074813297E-01  2.17033000542283494E+00  9.38167155343137260E+00  1.00812690546994030E+01
  5.49108239936929698E-01  8.21000969005403647E+00  3.27384190271182041E+00  9.34703736196622437E+00
  5.64404144318620404E-01  4.30126799576106933E+00  5.65229246877838265E-01  1.02640975720908170E+01
  3.24058750641704252E-01  4.81568669599675392E+00  1.31778697113317769E+01  9.12267775262218272E+00
  3.49822487141294602E-01  9.61552210631587023E+00  5.73123976755163334E+00  7.53201937057745941E+00
  5.34458872568623455E-01  1.05044535368302672E+01  1.12441585001624702E+01  7.58609622350652213E-01
  3.30997587999695309E-01  6.15895908022469207E+00  4.76342387697870406E-01  5.55151354467532432E+00
  5.91749286368603356E-01  4.94279496803606477E+00  5.09336453075064544E+00  8.19344161436578133E+00
  3.91639445074813297E-01  1.06946254431550010E+01  5.85170783610919987E+00  1.23477711990471573E+01
  4.80063103612331954E-01  4.22061087042344329E+00  2.69403455762521649E+00  3.77506262125767122E+00
  4.28056431560671025E-01  8.87670351861232376E+00  5.86316702712918492E+00  6.29518649124237051E+00
  5.54129086970597151E-01  6.45429327161669875E+00  1.30663338627928560E+01  3.55061655951334698E+00
  4.23649157779161234E-01  8.38279198398271852E+00  1.07634477071745716E+00  3.22001373874600505E+00
  3.49822487141294602E-01  3.01813852775356972E+00  1.61668770947268459E+00  1.25233502954508449E+01
  4.71376829571238165E-01  1.05774360837749359E+01  4.22925901215660627E+00  2.43598669597875084E+00
  5.06617780002852514E-01  7.33679174992423544E+00  2.90271069690367733E+00  1.16600588366818525E+00
  5.34458872568623455E-01  4.99819672818961269E+00  4.94656226469197424E+00  5.31165479538533880E+00
  3.76902076901479588E-01  4.16948853792932361E+00  9.86211292863391087E+00  8.82075004805948559E+00
  3.16615288597822842E-01  1.02215533340354696E+01  1.34102483933803711E+01  1.23372877816485786E+01
  3.96383251075161813E-01  8.04925672041866669E+00  8.26876530502359053E+00  1.00987222367022635E+01
  2.78555296554233556E-01  4.59528677349392789E-01  1.17147763473021804E+01  1.44039405753279715E+00
  2.99785386141821708E-01  1.27872587372556037E+01  1.33304953599906462E+01  1.14519204147909868E+01
  5.15720700463495496E-01  2.72300080420364266E+00  5.23624102115521772E+00  1.01232498694052691E+01
  4.54107542322554236E-01  4.37260321935730722E+00  3.49246426600467608E+00  6.68008826527529376E+00
  5.59225941233592594E-01  1.31043961675428058E+01  8.50221873649478255E+00  1.18161566620145440E+01
  4.62733810730875383E-01  8.29228062642524222E+00  1.04553422665425266E+01  1.97225269321615659E+00
  3.43844632468353784E-01  1.10259915894765292E+01  9.64158192955970073E+00  1.24210422754895387E+01
  4.54107542322554236E-01  4.80654976173524950E+00  1.08031791788847826E+01  7.94184556607653391E+00
  3.24058750641704252E-01  1.08752887222860455E+01  4.31437031336028343E-01  4.90762125813758754E+00
  3.91639445074813297E-01  1.34358072441573082E+01  2.72599792632076809E+00  3.86548512260882182E+00
  3.37575933792008509E-01  1.06299379597235557E+01  4.07735717740206294E+00  5.07220602095148720E+00
  4.58420388086688613E-01  5.07869861634130970E+00  4.81158058594634674E+00  1.03915700418027530E+01
  3.76902076901479588E-01  5.58931232224162855E+00  6.36448337454392910E+00  6.15830529467589738E+00
  5.64404144318620404E-01  1.02384116431662644E+01  8.63783342154920319E+00  1.00860763333282666E+01
  4.58420388086688613E-01  9.49559696828218591E+00  5.13001348278977698E+00  8.05734401577617732E+00
  3.76902076901479588E-01  2.88351010992173029E-01  9.91735105585270205E+00  2.17727497911989598E+00
  2.64730453937343402E-01  1.33628847421141970E+01  1.25940735175779039E+00  1.11777671723611789E+01
  3.08607932839089050E-01  6.32438642510954008E+00  5.63609342243115563E+00  1.04369334245803476E+01
  2.89926324498661514E-01  5.10592916168690181E+00  1.11711888208273411E+01  7.31460236430291211E+00
  4.32438693220842718E-01  1.99738261324069288E+00  1.77151149402441366E-01  3.40519731048160956E+00
  3.30997587999695309E-01  1.44360819696953935E+00  5.56696696151641746E-01  4.01300094996682866E+00
  4.75713279310277237E-01  2.06568487702701109E+00  1.02354168516560691E+01  9.97287436671283523E+00
  4.14741582532007880E-01  1.13620999525577275E+01  1.11858526415800252E+01  1.29108889524778458E+01
  5.91749286368603356E-01  1.78860386349462264E+00  7.60867859471839325E-01  5.61048220089052130E+00
  4.75713279310277237E-01  7.51953019120102706E+00  2.97391713452993356E+00  1.07204657678919588E+01
  2.64730453937343402E-01  8.17672694507679232E+00  5.52196979002967137E+00  1.16175228771963059E+01
  4.49792344455842874E-01  1.00301681572001105E+01  7.53287354010626498E+00  1.03598019050486148E+01
  3.24058750641704252E-01  2.25955435719221942E+00  1.80874880034929952E+00  9.59542553092545880E+00
  4.84429066430730915E-01  5.44758567194307552E+00  4.40110478949064454E+00  6.04715375250740195E+00
  3.91639445074813297E-01  2.41188413188606132E+00  1.16007270145103671E+01  1.28481214262434174E+00
  5.86062212635089952E-01  2.55162899829759926E-01  9.46313216560463566E+00  1.02649173266959917E+01
  4.28056431560671025E-01  7.04519700288066808E+00  1.27582050387759622E+01  4.27167411472674186E+00
  5.54129086970597151E-01  6.61394247191666551E+00  1.28411127123601236E+01  1.25731726197018645E+01
  5.49108239936929698E-01  6.40185086493052857E+00  1.21424857325124709E+01  5.97644700370582083E+00
  4.58420388086688613E-01  3.70370554766384341E+00  4.86570799222850070E+00  2.13685264005539732E+00
  4.10231171689561747E-01  1.22830495656380023E+00  5.74875533068063671E+00  5.64064342481121095E+00
  3.76902076901479588E-01  6.75582947848763560E+00  3.83114064435288570E+00  1.33154071598189745E+01
  2.99785386141821708E-01  9.80991195644150049E-01  1.63585926497036738E+00  9.95065223518471065E+00
  4.45471777578522854E-01  9.58471178666710699E+00  6.34326637801103921E+00  3.55541303989389190E+00
  4.45471777578522854E-01  8.27446195178663579E+00  3.20298102933001294E+00  1.21248237462960322E+01
  5.54129086970597151E-01  6.86187291272366995E+00  1.11094747026545821E+01  8.44980432897467537E+00
  3.71781505092813103E-01  4.39833472706275330E+00  2.03809757718670853E-01  7.37727174783763129E+00
  4.75713279310277237E-01  2.80153314018783650E+00  7.51480995853161371E+00  7.78450400831578548E+00
  4.80063103612331954E-01  9.36604283334506604E+00  5.38605896686799390E+00  2.17519034450834781E+00
  5.80490670513443274E-01  9.24333724033845883E+00  8.76342397572414278E+00  3.71938305490607801E+00
  5.39277054206551698E-01  5.74590483918365535E+00  7.77090675092609917E+00  7.66243256019946273E+00
  5.91749286368603356E-01  5.41880700719481823E+00  4.78262918299359896E+00  1.72302534700389787E+00
  4.97655099191040562E-01  7.52535097565359745E+00  6.38896909565209015E+00  2.31374150641460519E+00
  5.11150069422808828E-01  1.55608467630400565E-01  4.32406993750970781E+00  1.08105642251265532E+01
  4.62733810730875383E-01  1.22592975734033622E+01  5.05376530145242508E+00  1.21121325292355841E+01
  3.81909890374632355E-01  9.13420468973316346E+00  8.68139398094267634E+00  5.06869887162362698E+00
  5.15720700463495496E-01  5.75309062014460615E+00  7.79370231023291171E-01  8.36122130508838879E+00
  5.11150069422808828E-01  7.91227951859999035E+00  9.51488554319874424E+00  1.21156207936976057E+00
  4.84429066430730915E-01  1.51538494202099167E-01  9.30798697306543232E+00  1.27953223927257440E+01
  5.20333150277951795E-01  5.11294167063116589E+00  7.61193829488822438E+00  1.05087974719881281E+01
  5.75027356379647192E-01  3.49809059849102733E+00  8.15874859196253155E+00  3.54768641532273499E+00
  5.15720700463495496E-01  1.05000311226260159E+01  3.04285943127566672E+00  1.24900217646601881E+01
  5.11150069422808828E-01  1.19704127981100239E+01  5.18060092952925011E+00  2.82983457880716749E+00
  3.49822487141294602E-01  6.83796399906519881E+00  7.63928069404235810E+00  9.18188895874201449E+00
  4.45471777578522854E-01  3.86540267096496892E+00  6.32288195199682068E+00  9.92498239787338221E+00
  4.97655099191040562E-01  5.64776604268505711E+00  1.55435144562643046E+00  1.10515927554528801E+01
  5.91749286368603356E-01  5.26292726288789225E+00  1.10813558875241842E+01  2.24386930426257125E+00
  5.64404144318620404E-01  8.70372280483174876E+00  9.96056410238835888E+00  1.19049113402977547E+01
  3.61137627255947724E-01  2.61570995297784314E+00  2.11973966063131847E-01  7.34680867260276393E+00
  5.39277054206551698E-01  7.82895946887324268E+00  8.47127924439504199E+00  1.29503671800730280E+00
  5.02120514290034237E-01  1.02549010936259037E+01  7.87293478811519787E+00  2.73532041925005442E+00
  2.89926324498661514E-01  1.14754222173638496E+01  2.74711700636306233E+00  9.23727479478792723E+00
  5.20333150277951795E-01  7.77221484506045179E+00  3.77412630823536555E+00  1.01840152101489085E+01
  5.20333150277951795E-01  2.14818064328845093E+00  1.19098104219327681E+01  2.90992434822452628E+00
  4.97655099191040562E-01  1.87322493833011205E+00  4.85045413388315794E+00  8.13227300355866989E-01
  2.78555296554233556E-01  7.93903958041514812E+00  4.96185652904249608E+00  6.01753928367750479E+00
  2.99785386141821708E-01  4.35359711769222812E+00  1.04404676799951694E+01  7.10366472892966394E-01
  3.24058750641704252E-01  3.50183053556978008E+00  9.75193444034120560E+00  1.15789121711340872E+01
  3.08607932839089050E-01  1.23384663625530973E+01  4.96949211011593128E+00  8.28183203536245749E+00
  2.14322779410510394E-01  3.08839027967219559E+00  9.23688404369694105E+00  5.82681650523749362E+00
  3.24058750641704252E-01  3.55481564224665592E+00  1.21193547740785768E+01  3.45729169414979864E+00
  3.81909890374632355E-01  6.16980575750664961E+00  1.21607027758674082E+01  1.00192107042218463E+01
  4.01058911976384491E-01  1.51635287585562351E+00  6.45501480881733780E+00  8.21904169296379195E+00
  3.49822487141294602E-01  4.03292139138828531E+00  6.41884359866991616E+00  1.07093873446545338E+01
  4.54107542322554236E-01  7.75538904455238676E+00  4.35974952522290327E+00  8.51474175308380232E+00
  2.14322779410510394E-01  1.05659424644974660E+01  8.23943536862786274E+00  5.62287365487512325E+00
  2.14322779410510394E-01  1.04629281962781153E+01  8.32805226731654358E+00  5.07689808873217885E+00
  5.02120514290034237E-01  2.29999696665973818E+00  2.33765117563579183E+00  8.86663468511340547E+00
  3.37575933792008509E-01  7.58885947905480407E+00  1.27409881965365113E+01  9.08390076752434261E+00
  2.64730453937343402E-01  1.20141768593171250E+01  2.21953171444791097E+00  1.17583948998327870E+01
  5.15720700463495496E-01  1.17542992195487166E+01  8.68168908051481125E+00  4.86533018736080614E+00
  5.91749286368603356E-01  4.85855184827896824E+00  2.44316018773112775E+00  1.96818304735796357E+00
  5.80490670513443274E-01  9.47546295201121658E-01  5.44463928000784847E+00  6.54891493454115281E+00
  5.86062212635089952E-01  9.06510506192941357E+00  1.30620173306232541E+01  2.16677935403542277E+00
  3.61137627255947724E-01  1.10472755195125583E+01  6.50242964602691043E+00  7.48883011405858845E+00
  3.43844632468353784E-01  4.54618754259499358E+00  3.31610495612791789E+00  1.66574756620698761E+00
  4.23649157779161234E-01  1.29447685169580096E+00  9.27747359993281684E+00  2.56123714345337605E+00
  4.88813983084759374E-01  8.78906842428266621E+00  5.45688841380721446E+00  7.51858967714327608E+00
  5.69669339224686877E-01  1.05030294057495777E+01  1.03314652919473442E+01  1.06009490928066903E+01
  3.86818426119931114E-01  9.09522331368252601E+00  9.28974618750872239E+00  1.98406105521179255E+00
  4.54107542322554236E-01  5.72122380529996732E+00  8.48258496107585991E+00  6.16669803093106683E+00
  4.71376829571238165E-01  2.99299380993647990E+00  3.75755431414103080E+00  5.51423761200029094E+00
  5.20333150277951795E-01  5.37464697321043072E+00  8.62383125940512940E+00  3.46160841048009038E-01
  5.64404144318620404E-01  3.10135670076460501E+00  5.60373004356607574E+00  1.33663616647351784E+01
  5.64404144318620404E-01  3.54454976369923180E+00  7.72991080268360431E+00  4.80345776864783591E+00
  2.78555296554233556E-01  6.56172335192693890E+00  5.83393299052801906E-01  4.95313564169942744E+00
  3.96383251075161813E-01  6.30541389929892038E+00  9.04268067275695664E+00  1.99407966481290999E+00
  5.54129086970597151E-01  7.50521373426554117E+00  1.30745114826197462E+01  1.32382128498779945E+01
  5.34458872568623455E-01  1.40747433705420266E+00  5.28742695953715369E-01  1.19069501763318222E+01
  5.39277054206551698E-01  2.21730464946463535E+00  8.47648436295477659E+00  3.75049098665527980E+00
  3.86818426119931114E-01  9.83457617515787597E+00  8.28137142576978036E+00  7.28986821648473970E+00
  4.62733810730875383E-01  2.27336378876106782E+00  1.13022922813770279E+01  4.96357560264587661E-01
  3.55575626152149271E-01  8.26591767847670589E+00  1.07836074359611054E+01  2.91920467612616363E-01
  5.06617780002852514E-01  5.09752456417819122E+00  1.78970041826228643E+00  9.43550202670184035E+00
  3.66532661804007787E-01  1.22572964700128022E+01  1.29326859064081106E+01  1.67840738162002046E+00
  4.67051022334941945E-01  9.03877427650620291E+00  3.31218099697208190E+00  8.41212814697764877E+00
  4.84429066430730915E-01  2.02770056173008051E+00  1.27633664450753903E+00  4.69673730219088714E+00
  4.23649157779161234E-01  1.26805239347286136E+00  7.13498315303591091E-01  8.44033138409528405E+00
  5.39277054206551698E-01  1.28547382150407934E+01  1.00925697941179315E+01  2.86124875091679476E+00
  5.34458872568623455E-01  7.77569197065448936E+00  5.37978024978374059E+00  1.07824350449200157E+01
  2.99785386141821708E-01  6.01713775969197684E+00  1.73220245970774811E+00  1.82253345890444240E+00
  4.54107542322554236E-01  1.10412357430013652E+00  9.66409873081347648E+00  1.04106612908285334E+00
  4.67051022334941945E-01  1.95624532418867791E+00  2.02421375713236484E+00  1.27095857721761938E+01
  5.54129086970597151E-01  9.33573947770350543E+00  1.13462697498488474E+01  1.29279813325210906E+01
  5.49108239936929698E-01  1.10782987105233737E+01  4.74696235209518669E+00  1.03659309867971547E+01
  4.62733810730875383E-01  7.71247844740414634E-01  4.79930480834989215E+00  4.33596259621350122E-01
  3.37575933792008509E-01  1.42622508636922740E+00  9.14801959768124995E+00  6.00811253239804977E+00
  4.58420388086688613E-01  7.28284663882061700E+00  1.07743188319878485E+01  6.25930699756622211E+00
  5.59225941233592594E-01  3.28078766458230353E+00  5.38680993086108462E+00  3.56512883239423894E+00
  4.19212477446155474E-01  4.13303338537019394E-01  1.33946276627901497E+01  1.03204971446514389E+01
  4.71376829571238165E-01  1.20549685663581219E+01  1.30368617365188406E+01  8.85358363057135023E+00
  2.64730453937343402E-01  1.13954972136448607E+01  7.33891262530045374E+00  4.59145978514501785E+00
  5.80490670513443274E-01  6.53694793088509396E+00  1.00839070481131134E+01  8.80897460098623064E+00
  5.39277054206551698E-01  6.88493522189994245E+00  8.50906294726495283E+00  1.06941073828483528E+01
  4.71376829571238165E-01  1.03114835789228163E+01  1.32215538591552999E+01  9.95061604860315363E+00
  4.67051022334941945E-01  1.13241464876532838E+01  1.27587898674953987E-01  1.31609861678211004E+01
  4.45471777578522854E-01  9.58872783031412368E+00  9.97220246427425572E+00  7.11136189896676996E+00
  4.67051022334941945E-01  2.89039449812987903E-01  9.07716106329885264E+00  2.25453150179464723E+00
  5.69669339224686877E-01  7.06021612933415721E+00  9.04470924647529451E+00  7.41204786933647775E-01
  4.88813983084759374E-01  9.73771359731833641E+00  6.05796291277467702E+00  9.68025976801600074E-01
  5.59225941233592594E-01  2.70541255701837713E+00  1.12348765121039005E+01  1.03118256319857498E+01
  4.14741582532007880E-01  1.41991436340341792E+00  1.75721058139092956E+00  3.33646046707100830E+00
  5.11150069422808828E-01  1.32843517642032460E+00  1.76980877484109489E+00  1.35037870096651558E+00
  3.37575933792008509E-01  5.12390921894669726E-01  1.75685268203767553E+00  1.22267896165624776E+01
  3.16615288597822842E-01  6.72164246161138212E+00  2.23351577676662894E+00  2.71621075427902703E+00
  2.78555296554233556E-01  8.04420800670689395E+00  7.57659160957977829E+00  7.86256114151026608E+00
  4.01058911976384491E-01  3.97456740728957136E+00  5.55177551897397503E+00  1.05555545814485408E+00
  4.23649157779161234E-01  3.24384639468282510E+00  1.84459033204849088E+00  6.56735488326221084E+00
  4.36799992478945909E-01  6.25632097718037805E+00  9.89349092318121315E+00  5.93425925763159956E+00
  5.39277054206551698E-01  7.66287274692376652E+00  1.24889206143318567E+01  1.23287628840898495E+01
  3.43844632468353784E-01  6.76357266403021917E+00  9.99263245793965815E+00  6.51899488605252841E+00
  4.84429066430730915E-01  1.33327146143233897E+01  2.77061307521915046E+00  6.34488380942870833E+00
  5.44158343748334383E-01  8.17305048665386380E+00  3.34344460995944415E+00  1.30989894846645765E+01
  5.75027356379647192E-01  4.16875615167866975E+00  1.90954028455095970E+00  5.83975612887312479E-01
  3.37575933792008509E-01  8.12997957087631029E+00  4.85812616173340484E+00  9.89877124506638495E+00
  3.55575626152149271E-01  1.12125851501550997E+01  9.29090309330996983E-02  1.02294218410533784E+01
  4.49792344455842874E-01  7.43084918324660837E+00  5.63553959920050751E+00  1.16676976552139511E+01
  5.24991069551568490E-01  2.58133835554200752E+00  9.74924809934054437E+00  1.31252661687991523E+00
  2.99785386141821708E-01  4.66858850602567266E+00  8.49675739601066837E+00  9.72960711500735442E+00
  4.19212477446155474E-01  5.94022683158376452E+00  6.34072893275890959E+00  8.46394428234876628E+00
  2.64730453937343402E-01  8.30441006380616287E+00  8.75774331639654058E+00  1.09319077181034636E+01
  5.34458872568623455E-01  1.10716229492285994E+01  9.56648699919660395E+00  5.99416311637182542E+00
  5.54129086970597151E-01  1.10174644790139311E+01  1.52545827649813259E+00  1.07306673870539466E+01
  3.61137627255947724E-01  4.40262073901517770E+00  3.66027760261845581E+00  8.10503597352831662E+00
  3.61137627255947724E-01  7.76659283946423429E+00  1.76599362419877437E+00  1.78092207304170858E+00
  4.67051022334941945E-01  8.02724204043798295E+00  1.27171018651972645E+01  5.42542964384897908E-01
  4.93220738472549158E-01  1.19444486555010236E+01  6.14932940283738461E+00  1.22207528129735117E+01
  3.71781505092813103E-01  1.06878149006127798E+00  1.04201323262299965E+01  1.37039599954939373E+00
  5.34458872568623455E-01  1.70580257025117610E+00  1.07543651831563150E+01  1.12490996117512161E+01
  3.49822487141294602E-01  1.11775243758152332E+01  1.41473612739668853E+00  8.12267275480763828E+00
  5.80490670513443274E-01  4.36165863717804303E+00  8.29522030570395863E+00  7.33881595266092557E+00
  2.46370760027530694E-01  7.02001037922881022E+00  3.70996104233042912E-01  1.05993866760582751E+01
  3.66532661804007787E-01  3.92873697575516712E+00  7.32044455257575444E-01  8.65843237391858622E+00
  4.49792344455842874E-01  5.14736880490601845E+00  4.29696239558438009E+00  7.82016219049904704E-02
  5.39277054206551698E-01  7.63104173043745337E+00  1.01097824990524376E+01  6.91648671663382242E+00
  3.55575626152149271E-01  1.86219233750166402E+00  3.04940478298863304E+00  8.67401988499292997E+00
  4.14741582532007880E-01  9.06039294893428071E+00  9.28079350633812261E+00  4.54999422545385457E+00
  5.91749286368603356E-01  2.79714264914521626E+00  5.10728026036538996E+00  6.66151495379888914E+00
  4.41142703402056136E-01  1.09610896100584174E+01  1.34507821504568330E+01  8.34371849075473726E+00
  5.54129086970597151E-01  6.98502357765950865E+00  4.26269193484475295E+00  3.36806636357066225E+00
  5.64404144318620404E-01  9.21400130156606068E+00  4.23955109646075989E+00  1.11241940515607496E+01
  2.78555296554233556E-01  3.95058408522385385E+00  4.91420624039060083E+00  1.12708614102322286E+01
  4.54107542322554236E-01  1.27640438731705785E+01  4.10229439915948113E+00  9.37911825852315850E+00
  3.61137627255947724E-01  1.28341096481731576E+01  4.43135194232804519E+00  6.59278256261521012E+00
  2.64730453937343402E-01  3.68614560893025134E-01  8.69956697553239877E+00  1.63269340936150331E+00
  4.58420388086688613E-01  8.80568432877557328E+00  1.62260994635534561E+00  6.52894562391592004E+00
  3.16615288597822842E-01  4.18654386234018006E+00  1.28844627482889855E+01  3.73216653282129096E+00
  4.97655099191040562E-01  2.38813220887063471E+00  1.02439432338700742E+00  9.82588648358632355E+00
  5.39277054206551698E-01  8.31215626081021242E+00  1.22736422147323712E+01  1.12618000650463408E+01
  4.49792344455842874E-01  4.30303481715436309E+00  3.15363112586911587E+00  1.31468522318671823E+01
  4.23649157779161234E-01  5.48364656197851108E+00  9.09954878270120560E+00  5.58978210476282555E+00
  4.28056431560671025E-01  1.17919387927586232E+01  1.31791728463464537E+01  6.34322258650318460E+00
  4.01058911976384491E-01  3.33085731153332087E+00  1.14242202440968965E+00  1.10032865463904024E+01
  3.81909890374632355E-01  3.68151102638076955E+00  1.17991722886336916E+01  1.03471585471406211E+01
  4.49792344455842874E-01  3.11785050870581593E+00  9.68052754836728901E+00  6.71168843227270084E+00
  5.39277054206551698E-01  5.78474804138931553E+00  4.37448482759663471E-01  3.56563976043395958E-01
  4.10231171689561747E-01  1.29012831050984929E+01  2.25830319072417485E+00  1.20684590390792597E+01
  4.41142703402056136E-01  1.29131765689896554E+01  1.15985135490650126E+01  8.30836816185920646E-01
  2.14322779410510394E-01  7.68739759568311953E+00  9.39503753256419927E+00  2.87005306062703580E+00
  2.89926324498661514E-01  9.26316745334969127E+00  1.08711565829531729E+01  3.59652099947264725E+00
  2.99785386141821708E-01  9.60531125078501447E+00  9.45683994560675600E+00  4.12286643413555343E+00
  4.36799992478945909E-01  7.87490596688739863E+00  5.56509183865629886E+00  8.63218937595265956E+00
  3.30997587999695309E-01  7.15178862832686679E+00  1.25366331101150923E+01  3.07483602216472107E+00
  4.32438693220842718E-01  1.01635462647463228E+01  4.94526941234150730E+00  5.69172643224988284E-01
  4.32438693220842718E-01  7.97739033151442678E-01  2.72092940056014010E+00  6.13355563421634820E+00
  3.91639445074813297E-01  6.06652198375908291E+00  6.15664490970719580E+00  4.43215006340940310E+00
  5.54129086970597151E-01  5.48580375404023446E+00  7.43528361884957256E+00  8.66995740225891254E+00
  5.44158343748334383E-01  4.42233601813891841E+00  4.70139428928807224E+00  1.20596137769427276E+01
  4.05674446517406473E-01  1.70648886572203806E+00  7.98411630690671448E+00  1.91833440966456559E+00
  5.15720700463495496E-01  5.22891511334608872E+00  4.14714386089924236E+00  1.25856691860651342E+01
  5.80490670513443274E-01  7.10512374440615169E+00  1.31409896139276494E+01  8.00534109493372670E-01
  5.20333150277951795E-01  7.01494546448568101E+00  1.32653210673990056E+01  2.65704466052458965E+00
  5.54129086970597151E-01  7.20247440414485940E+00  3.68379136738909541E+00  9.16460726609308551E+00
  4.80063103612331954E-01  9.06737884969587782E+00  1.20249583210348039E+01  5.42323952391922059E+00
  5.49108239936929698E-01  3.89237341604230869E+00  9.02457108132926678E+00  1.09645814696389654E+00
  4.49792344455842874E-01  5.14381474144720308E+00  8.98096663947996099E+00  1.00479916380161232E+01
  5.54129086970597151E-01  1.31847975714496961E+01  3.15739795513450272E-01  1.08707110789063286E+01
  4.93220738472549158E-01  5.91719433310778142E-01  8.56307323875647519E+00  1.23423960118801634E+01
  5.86062212635089952E-01  7.66817595451616540E-02  4.47844676666804276E+00  1.19290283899917231E+01
  5.11150069422808828E-01  8.46385813189365344E+00  5.23154146282989174E-01  2.47151140000343128E+00
  3.91639445074813297E-01  6.23069870254499669E-01  6.94481810936835031E-01  7.94207935146587740E+00
  3.24058750641704252E-01  2.22352774549003129E+00  1.09266585780559766E+00  7.08641070631278414E+00
  5.69669339224686877E-01  9.79481521667850785E+00  1.17680117614274344E+01  4.71164323793153272E+00
  4.01058911976384491E-01  1.20117897485705356E+01  9.62374036191053150E+00  3.53373714835993047E+00
  2.64730453937343402E-01  1.20280097755814186E+01  1.47684265517006419E+00  1.83171982260491517E+00
  4.32438693220842718E-01  8.22867701809256324E+00  8.61148045064689560E-01  9.00038877986784591E+00
  5.44158343748334383E-01  7.84423133631388048E+00  7.89683964168650565E+00  4.95540171412315633E+00
  5.59225941233592594E-01  1.20067264695579503E+01  1.08309489331695108E+01  1.90398870309815749E+00
  5.39277054206551698E-01  1.18827240023175644E+01  4.41869679391245018E+00  9.71058916412549777E+00
  2.64730453937343402E-01  1.19748548999444910E+01  2.16631511741811256E+00  3.83835871498595382E-01
  5.49108239936929698E-01  9.85259390172867455E+00  4.26732302771714422E-01  3.66644377452565662E+00
  5.54129086970597151E-01  7.76051745569751450E+00  5.13575107061370772E+00  1.30742092332528728E+01
  5.49108239936929698E-01  1.01418671377615297E+01  3.14055653666481449E+00  3.32652432062869385E+00
  4.28056431560671025E-01  3.85098826780090109E+00  3.09302550791951791E+00  3.04850130568963973E+00
  3.30997587999695309E-01  5.74716057083453702E+00  8.09048638539786502E+00  9.20404550899007035E+00
  5.11150069422808828E-01  1.00608405154994767E+01  6.45204470359348914E+00  1.30215858975879222E+01
  2.89926324498661514E-01  9.21236782460835069E-01  2.76966130292282919E+00  9.73968237050448415E+00
  2.64730453937343402E-01  1.29588192725609908E+01  1.12042885313770935E+01  8.23664823620427278E+00
  3.30997587999695309E-01  3.87754675436270135E+00  1.20962696040525302E+01  4.91177458560306857E+00
  3.16615288597822842E-01  9.64113321669918832E+00  1.54306505672297400E+00  1.16899223968102195E+01
  3.43844632468353784E-01  8.66731956831666039E+00  3.86769626953433132E+00  1.19613540299834185E+01
  4.45471777578522854E-01  7.75987806187907747E+00  2.43364854194097591E-01  5.40109279490473337E+00
  4.58420388086688613E-01  1.11418544457689439E+00  3.20765454348603818E+00  8.30304492928351756E+00
  4.14741582532007880E-01  1.09261281679726743E+01  1.00994947340304364E+01  9.74354575784916754E+00
  2.14322779410510394E-01  6.77697126042746856E+00  9.50282960185279135E-01  5.21323882956534934E+00
  4.75713279310277237E-01  7.30942219311160990E+00  6.54269552900246687E+00  1.25760797233306647E+01
  5.86062212635089952E-01  7.20595161641064674E+00  7.83507172159692633E+00  5.90643932387089787E+00
  5.64404144318620404E-01  6.17392190597119317E+00  8.48951687142801426E+00  1.16044543661281594E+01
  3.61137627255947724E-01  8.45133084275237856E+00  9.03523113763859875E+00  1.70157576078796491E+00
  4.67051022334941945E-01  9.97067701520567873E+00  1.99753047296834768E-01  1.94819304514445557E+00
  5.15720700463495496E-01  8.57752711712051941E+00  4.75288864508844622E+00  3.68529248758220440E+00
  3.16615288597822842E-01  1.16857607391468559E+01  7.68894405577545470E+00  7.05002010794871392E+00
  4.62733810730875383E-01  3.79858101394848280E+00  6.16429308738273996E+00  4.21495600692272543E+00
  3.96383251075161813E-01  1.04486552104976944E+01  4.77858975117876561E+00  5.20428379446367195E+00
  3.81909890374632355E-01  1.34327866711666832E+01  1.04675374780859727E+01  3.47227449777855046E+00
  4.80063103612331954E-01  9.67947294945492231E+00  1.30526363828720786E+01  1.14331836800268931E+01
  5.86062212635089952E-01  8.47961456009703696E+00  5.35145802138371618E+00  2.76575098076874237E+00
  4.19212477446155474E-01  1.72994598565534452E+00  9.60174353466016051E+00  9.43742596314856996E+00
  2.78555296554233556E-01  7.85050057701729553E+00  6.91314151100981444E+00  1.21795891332551616E+01
  4.88813983084759374E-01  2.78465616906202307E+00  3.04830986917899027E+00  7.22388590577471756E+00
  4.14741582532007880E-01  1.96140414393435547E+00  1.90989944433068537E+00  4.06209759899629574E+00
  5.29698296771959232E-01  6.51913105483421518E+00  1.00001923738971250E+01  7.25662262480233800E-01
  3.43844632468353784E-01  3.48607572986500536E+00  1.27833407555115617E+01  3.46891549849050973E+00
  4.28056431560671025E-01  1.32989346670934001E+01  7.28274418707161164E+00  4.25434563946517685E-01
  2.64730453937343402E-01  1.23673386341413902E+01  1.12374431337537768E+01  5.39335297304547989E+00
  4.05674446517406473E-01  6.30596847195861088E+00  4.56862444109326571E+00  3.28730185999572266E-01
  5.59225941233592594E-01  8.22858394682659799E+00  6.25795545160773159E+00  1.12494372158874452E+01
  4.58420388086688613E-01  1.27680834145169158E+01  5.82956932962608310E-01  5.22360292814714189E+00
  3.43844632468353784E-01  7.90577240005057114E+00  1.17546333856760281E+01  2.26599209868271290E+00
  4.14741582532007880E-01  3.53969026781081164E-01  1.64766387381937740E+00  1.07315014161580624E+01
  2.14322779410510394E-01  7.29056942197449942E+00  9.88747430992781595E+00  9.31615384586179429E-01
  4.93220738472549158E-01  8.84965515823764015E+00  4.15470214938611715E+00  4.45053978256145033E+00
  3.55575626152149271E-01  5.79990416376125051E+00  4.50331672789469017E+00  1.31387133027210208E+01
  3.61137627255947724E-01  1.01109409629130464E+01  1.21962690557967712E+00  1.29946794899512312E+01
  3.30997587999695309E-01  1.30752171216865456E+01  1.53898006050478853E+00  1.21088723290269566E+01
  4.88813983084759374E-01  8.59790662013553053E+00  9.88283946680732761E+00  1.29818411093180970E+01
  4.10231171689561747E-01  9.61256616302191880E+00  8.40327288421594787E+00  4.39059203411851062E-01
  4.80063103612331954E-01  1.19934183210840679E+01  4.41920301445495589E+00  6.61493294344739802E+00
  4.41142703402056136E-01  9.79869873009497638E+00  1.16797580709701396E+01  2.45723255432386961E-01
  4.41142703402056136E-01  1.01790648964466772E+01  5.06781040194598642E+00  8.63874579118440344E+00
  3.43844632468353784E-01  1.16212500869247801E+01  1.02964705945008816E+01  5.66494662249952263E+00
  3.37575933792008509E-01  7.17964905414867527E+00  4.32229721941269762E+00  1.04730969529306908E+01
  5.02120514290034237E-01  6.07090789990454915E+00  1.59531914221690085E+00  1.01469571124803863E+01
  3.16615288597822842E-01  9.67426062857104441E+00  1.30851645936258230E+01  3.54879076136452287E+00
  4.41142703402056136E-01  9.80096713119952767E+00  9.88478061776949524E+00  1.34547696926014542E+01
  3.86818426119931114E-01  1.28004420007442477E+01  3.35769352450687686E+00  8.08092164917973399E+00
  5.39277054206551698E-01  1.01804012327397064E+01  1.02895375062469103E+01  2.76487029668565398E+00
  5.15720700463495496E-01  9.21264937197542655E-01  9.21042902795060137E+00  9.17892425362076914E+00
  4.84429066430730915E-01  4.74171129235007793E+00  5.30421664788381619E+00  1.11231915930210334E+01
  2.14322779410510394E-01  4.00615739990190534E+00  1.30159741817523766E+01  8.34616273959493604E+00
  5.34458872568623455E-01  9.26872743769462204E+00  1.36857278129884619E+00  4.14593365936783709E+00
  4.32438693220842718E-01  6.38818406198436062E+00  1.79191801463535705E+00  7.96568221569862289E-01
  3.81909890374632355E-01  6.53486047844714246E+00  8.52862854124092884E+00  5.98036812447829913E+00
  4.58420388086688613E-01  2.97651556606064061E+00  1.21681152188320141E+01  1.06167306875666565E+01
  2.46370760027530694E-01  1.22296446651536961E+01  3.73288516434503270E+00  6.63321564951053944E+00
  3.76902076901479588E-01  1.10776308933101522E+01  9.39467966201787874E+00  3.77559896472169809E-01
  4.19212477446155474E-01  1.13702749538024204E+01  3.54018544928672663E+00  4.73627585299746556E+00
  2.89926324498661514E-01  9.83665217589881102E+00  5.90658498398064591E+00  1.10533275839402201E+01
  4.01058911976384491E-01  8.02116659243560548E+00  1.77440666063883667E+00  1.82954500533540454E-01
  4.93220738472549158E-01  1.23452678970619480E+01  3.61506717331734784E+00  1.17824455334462375E+00
  4.67051022334941945E-01  1.17244743349428333E+01  1.24035982515663932E+01  1.09769128051556848E+01
  3.08607932839089050E-01  1.17131593959213309E+00  7.77721234371661563E+00  1.11411781864099702E+01
  4.71376829571238165E-01  1.31829693031267556E+01  1.26213008718393489E+01  4.42471886032126172E+00
  5.59225941233592594E-01  3.02671510825398782E+00  3.84179778042546216E+00  1.79454658907468567E+00
  5.24991069551568490E-01  3.58166542110895758E+00  3.66526064087708769E-01  5.27762017055799504E-03
  2.89926324498661514E-01  2.38579523251663073E+00  5.83159672243469873E-01  4.98410569536798320E+00
  2.46370760027530694E-01  5.31499256415695953E-01  1.22425524560848187E+00  8.42476057568653935E+00
  4.67051022334941945E-01  1.28650401682304825E+01  1.50777212985512249E-01  9.91619018731933899E+00
  4.10231171689561747E-01  9.94708498673032437E+00  4.35685523865258773E-01  1.29556989075254485E+01
  5.24991069551568490E-01  8.11588236889164527E+00  3.81031587153186591E+00  3.83521148194282091E+00
  4.75713279310277237E-01  5.45770375273489172E+00  1.03641536196768573E+01  1.04344091008167545E+01
  3.43844632468353784E-01  2.88013906721421797E+00  1.36292733525193688E+00  1.15536993072591390E+01
  4.71376829571238165E-01  1.04614000446980207E+01  1.31132252547777970E+01  3.55039461038268067E+00
  4.23649157779161234E-01  1.11601152535352028E+01  7.59848397882168936E+00  3.23218961361543933E+00
  4.41142703402056136E-01  7.56955849290760252E+00  2.01761813904577014E+00  8.20884432170296030E+00
  2.64730453937343402E-01  3.72138590447037831E+00  3.88004209246543263E+00  1.06333448639828312E+01
  2.46370760027530694E-01  4.03217262140306154E+00  4.52991876536868521E+00  4.32591197940288996E+00
  4.32438693220842718E-01  1.12144193739206663E+01  1.14442945710995030E+01  6.18090817670315840E+00
  3.55575626152149271E-01  9.23905972175342960E+00  1.22546625155956317E+01  2.61917485656661153E+00
  3.71781505092813103E-01  1.79116487490028442E+00  3.97652035816898786E-01  2.65939120125134254E+00
  5.15720700463495496E-01  1.12130478103413775E+01  9.37596690649172437E+00  3.90826419425404570E+00
  5.06617780002852514E-01  3.76827837004064570E+00  1.16128764976527847E+01  2.35444546587859849E+00
  4.97655099191040562E-01  9.09705135255145692E+00  5.53964082102482980E+00  1.01226230069009251E+01
  4.45471777578522854E-01  4.27917809177343855E+00  1.64253706290189405E+00  8.13485953285164598E+00
  2.46370760027530694E-01  1.24867057601773919E+01  1.11344135235722810E+01  1.16236149429404936E+01
  2.46370760027530694E-01  8.69763943362161562E-01  2.95757118338844660E-01  9.44922477503153679E+00
  5.91749286368603356E-01  4.62893546566933978E+00  2.90538507028217478E-02  8.29697383496141683E+00
  4.54107542322554236E-01  1.05758791798615199E+01  4.92617936390135736E+00  1.20017023285578546E+01
  3.37575933792008509E-01  1.15074354032380306E+01  5.89898120898792477E+00  8.22205306479296638E+00
  4.36799992478945909E-01  7.38784061709444995E+00  3.12080976771582685E+00  1.16108860373621070E+01
  5.64404144318620404E-01  1.00363494781221565E+01  1.15758430793775826E+01  9.11148966188583742E+00
  3.81909890374632355E-01  5.33633129821609131E+00  3.77198219692692271E+00  1.09108585802757734E+01
  3.49822487141294602E-01  8.42210791812048321E+00  3.75666961420024581E+00  7.09022537462393476E+00
  5.29698296771959232E-01  6.05478907613041617E+00  1.01167004910922209E+00  7.38778557761905930E+00
  2.99785386141821708E-01  5.15397301409605268E-01  1.15727365110365685E+01  8.77380328242143115E+00
  5.02120514290034237E-01  6.21711804255370026E+00  6.73032581569747279E+00  1.21525954403386183E+00
  5.24991069551568490E-01  2.93960121094272431E+00  3.35927338804220543E+00  4.59994305352811494E+00
  5.69669339224686877E-01  3.73780938816883479E+00  7.32946880204949824E+00  7.35886377880749798E+00
  4.41142703402056136E-01  6.56689595308489160E+00  1.31345249069670515E+01  1.81742404765839582E+00
  2.78555296554233556E-01  3.04692963271163331E+00  1.22674827455814963E+01  4.65571690493236456E+00
  4.75713279310277237E-01  6.33078552595823574E+00  3.63238546685487940E+00  1.26039650149856026E+01
  4.75713279310277237E-01  9.56314738204390125E+00  1.33722959406778532E+01  1.16248248909120933E+00
  4.23649157779161234E-01  7.31425528095556654E+00  2.24957925437313211E+00  1.12418730547682539E+01
  5.34458872568623455E-01  2.05630941162321879E+00  1.22340472947221457E+01  1.27236024238460903E+01
  3.49822487141294602E-01  1.29983359462007808E+01  1.44652316103146328E+00  4.53005648970000330E+00
  5.15720700463495496E-01  6.83136700631760974E+00  9.51047409830158763E+00  7.25324857246138244E+00
  5.49108239936929698E-01  1.17221043470377690E+01  1.24279383576057203E+01  9.66121131995605076E+00
  4.05674446517406473E-01  9.97044484205759929E+00  1.34298026686892378E+01  4.47483354237996789E+00
  3.24058750641704252E-01  6.02530278496995475E+00  7.59620580106935694E+00  2.82043904241829635E+00
  2.78555296554233556E-01  2.39011920534877298E+00  3.68062362202953386E+00  6.10736882678031279E+00
  5.29698296771959232E-01  1.02297044313171401E+01  9.25251395733264914E+00  3.57860314944205093E+00
  5.86062212635089952E-01  9.22790424747916305E+00  9.60149030690320870E+00  5.49068132587547630E+00
  5.29698296771959232E-01  4.47679562810134080E+00  8.64183661858698571E+00  3.71281422061580813E+00
  5.15720700463495496E-01  6.76610710282605243E+00  1.62359702649998328E+00  4.91675094056128081E+00
  4.41142703402056136E-01  7.67503757805750642E+00  2.84312099573417276E+00  5.39995925098198626E+00
  3.55575626152149271E-01  8.16200905307637470E+00  3.09930425019451850E+00  2.60248211326822965E+00
  4.10231171689561747E-01  7.93169607507274854E+00  1.05443132367631041E+01  1.17929510384941381E+01
  5.02120514290034237E-01  1.13170355113097312E+01  7.88839637043311614E-01  3.04032850793877074E+00
  4.62733810730875383E-01  8.47969414996999049E+00  6.33427585010199223E+00  2.40022287854600958E+00
  4.54107542322554236E-01  1.76544479951609201E+00  1.10761256604567357E+01  2.58382431790925438E+00
  5.44158343748334383E-01  8.27619765507552074E+00  8.88328846073215139E+00  1.17443465425600468E+01
  3.24058750641704252E-01  1.04293565590788120E+01  6.66493878204185553E+00  7.24160727841716412E+00
  4.80063103612331954E-01  4.55299313567985653E+00  1.14315529094015549E+01  4.46090240271723504E-01
  3.81909890374632355E-01  8.60134286194171871E+00  6.33804839905282158E+00  1.02845469968831829E+01
  3.24058750641704252E-01  1.04709232519677684E+01  5.36886701046877413E+00  1.02860395650177292E+01
  3.30997587999695309E-01  9.35026635967410158E+00  1.10962558984309485E+01  1.14116164954838002E+01
  5.34458872568623455E-01  1.13711122491349617E+01  1.08284947843640680E+01  2.92716084735309634E-01
  3.16615288597822842E-01  2.80769184250341475E+00  8.44257677822218078E+00  8.48400351526474061E+00
  5.24991069551568490E-01  6.22191075838805130E+00  9.35737556188247055E+00  5.05347067150609153E+00
  3.96383251075161813E-01  1.11452010648256365E+01  6.42591306531041351E+00  1.05192806675508432E+01
  5.80490670513443274E-01  1.19263647718975747E+01  6.77504125102939980E+00  6.17085839199392705E+00
  3.37575933792008509E-01  8.83416723270268989E+00  2.87665693882140339E+00  1.34488890232357061E+01
  4.14741582532007880E-01  2.10066340534858220E+00  4.74751641507349476E+00  9.08065152834738676E+00
  3.76902076901479588E-01  7.74312367190147999E+00  1.02066741417263191E+01  6.81366898166644752E-01
  4.14741582532007880E-01  7.08508119969931016E+00  3.71124272789367238E+00  1.09652588695693733E+01
  5.59225941233592594E-01  1.33357078575064882E+01  7.70255088452751036E+00  1.31776622365819085E+00
  3.71781505092813103E-01  3.25875478337994059E-02  8.24466296050825775E-01  5.44893422192032784E+00
  5.34458872568623455E-01  5.06812412002202617E-01  3.23654330277665592E+00  1.10162919876412935E+00
  4.62733810730875383E-01  8.99507298584651416E+00  7.01515976479335102E+00  3.77181779781605586E+00
  5.29698296771959232E-01  9.57775387988502125E+00  7.80650498015923056E+00  1.11840988940603818E+01
  3.86818426119931114E-01  2.02312195237974546E+00  6.86289437230004395E+00  9.37907874226927674E-01
  5.24991069551568490E-01  1.22121704652338625E+01  9.27033616906233204E-01  3.52426465914099696E+00
  4.10231171689561747E-01  8.59978629845438647E+00  1.09659928558181488E+01  1.15730663274103929E+01
  2.46370760027530694E-01  5.46941008288712727E+00  8.30401171762839851E+00  1.03764276480098374E+01
  3.24058750641704252E-01  8.29234879502442546E+00  1.25013021434860025E+01  1.33264695834592359E+01
  5.20333150277951795E-01  8.99538698494148825E+00  1.88938744697069239E+00  3.27095858918680893E+00
  4.93220738472549158E-01  9.21334897611658654E+00  1.19707113121261646E+01  1.08739585360089186E+00
  3.43844632468353784E-01  8.52861379396320984E+00  7.80343467324480855E+00  6.41846129293385115E+00
  4.23649157779161234E-01  2.98624055321259929E+00  6.63121264615771544E+00  3.58619425790897006E+00
  5.54129086970597151E-01  5.90225716378506693E+00  1.10344113107647832E+01  9.06124342164557639E+00
  4.01058911976384491E-01  9.33722563858579591E+00  5.29284815514297780E+00  7.41133321609763307E-01
  4.80063103612331954E-01  7.91813083656531580E-01  4.59969558558824043E-01  4.49801053095743608E+00
  3.43844632468353784E-01  1.25169181220552765E+01  9.77287204250883157E+00  1.12052835390246912E+01
  5.75027356379647192E-01  7.50590612202922536E+00  5.84723900755443615E-02  1.20481122614483915E+01
  5.80490670513443274E-01  2.80786995204063938E+00  1.30285465327643131E+01  1.12935424698528628E+01
  4.80063103612331954E-01  1.22310290511592523E+01  9.82301978162733569E+00  7.21551229603381561E+00
  4.28056431560671025E-01  7.54739344898452735E+00  1.53783403350365022E+00  8.93302478341186834E+00
  4.10231171689561747E-01  9.74707230889953102E+00  1.33773905874840224E+01  1.06075675762009052E+01
  5.59225941233592594E-01  1.29602773404828202E+01  1.15061620580517623E+01  1.21591370579083993E+01
  3.91639445074813297E-01  6.78692691473440757E+00  9.43050245963516431E+00  1.06055766754329586E+01
  2.46370760027530694E-01  1.30286095110790923E+00  5.48031425817119988E+00  1.19763478880170755E+01
  2.14322779410510394E-01  6.94448263834780022E+00  4.75770748921317566E+00  2.20795539392621354E+00
  5.34458872568623455E-01  2.33211974863781268E+00  1.96093052789716810E-01  1.05257149005322912E+01
  3.49822487141294602E-01  4.14088298243293540E+00  1.32100317745250955E+01  6.91517214249035916E+00
  5.59225941233592594E-01  4.48797778649875401E+00  1.75495850552968391E+00  7.05673604287689127E+00
  4.01058911976384491E-01  5.04626081189668074E+00  9.91138750644962307E+00  8.99773104035612725E+00
  3.43844632468353784E-01  1.91570110486467304E+00  7.53072632480793702E-01  1.30099876841186042E+01
  5.15720700463495496E-01  1.18586384421658142E+01  1.26058593350064676E+01  7.08925149728035731E+00
  5.20333150277951795E-01  1.20334237620667590E+01  5.67128448555886422E+00  1.13323925298822452E+01
  5.24991069551568490E-01  7.45208208695090235E+00  7.18834896848853933E-01  2.57861750394611855E+00
  2.46370760027530694E-01  1.11557757266449520E+00  9.49211500903249750E+00  7.27997045935879061E+00
  4.14741582532007880E-01  2.83308418061721223E+00  7.73990154624706661E-01  4.60905278647895877E-01
  4.62733810730875383E-01  7.01936501309790639E+00  4.02288446388983478E-01  3.40778433751820709E+00
  4.41142703402056136E-01  6.13034594660520948E+00  6.95346169159451666E+00  6.32881614955025729E+00
  3.66532661804007787E-01  2.57603834704188595E+00  1.08556846905020770E+01  1.23189451455206989E+01
  3.91639445074813297E-01  1.08507935600816037E+01  8.72586966729946845E+00  5.34414456710340513E+00
  5.15720700463495496E-01  4.42147119867334837E+00  1.21005458705242344E+01  3.58058118309281115E+00
  5.06617780002852514E-01  5.06975899835052157E+00  1.06163407679090529E+01  9.56850901101214468E+00
  5.02120514290034237E-01  1.23902847559980458E+01  7.96308172305368700E+00  4.52753070034751826E+00
  4.05674446517406473E-01  5.63558395406544577E+00  3.12903246242750033E+00  3.57755273914103666E+00
  5.86062212635089952E-01  9.30533916950959883E-01  4.32388405034106860E-01  2.14880125877574857E+00
  4.58420388086688613E-01  5.77791899570728695E+00  9.09876004835155427E+00  4.16811836364488375E+00
  5.69669339224686877E-01  7.25271254445543789E+00  1.03072011893177091E+01  1.11276530262496074E+01
  5.29698296771959232E-01  1.41748412736458707E+00  8.53736830318220008E+00  8.55154278976288396E+00
  3.91639445074813297E-01  4.64944124607781006E+00  4.94574731262938894E+00  7.26657549321654361E+00
  4.93220738472549158E-01  8.40792194778266833E+00  5.45629852930108905E-01  7.37824336979942075E+00
  5.54129086970597151E-01  9.35939091415706237E+00  4.39324238875766948E+00  4.22393795201682021E-01
  5.44158343748334383E-01  1.04048334181269286E+01  6.68542740380384526E+00  1.00006024891687613E+01
  4.45471777578522854E-01  7.76088920539622684E+00  1.30853561767331232E+01  1.11790005478311869E+01
  3.30997587999695309E-01  8.82672830333415348E+00  3.22422737825524175E+00  2.73148051774036427E+00
  4.58420388086688613E-01  9.61839175105892963E+00  1.08635744634598304E+01  6.96509170511234199E+00
  3.08607932839089050E-01  6.84028312909264979E+00  9.67381485051625134E+00  5.51328586092842432E+00
  4.01058911976384491E-01  9.49825843188301100E+00  6.65188621632591737E+00  5.63769984565542970E+00
  4.05674446517406473E-01  1.04720063373310115E+01  1.27758686176299108E+01  1.17151131170925531E+01
  3.37575933792008509E-01  2.20453712419340475E-01  2.62152978573327156E+00  5.63446037517871368E+00
  5.15720700463495496E-01  7.60950094650796505E+00  3.90945994473893554E+00  1.44485410836488559E+00
  3.49822487141294602E-01  5.46367283766343270E+00  3.33859164207186465E+00  6.03080904663080841E-01
  4.01058911976384491E-01  8.83150150081995555E+00  1.22791924686128038E+01  1.04780712212146980E+01
  4.23649157779161234E-01  6.75645226009780386E-01  1.34013175107339588E+01  1.26886089668281832E+00
  4.93220738472549158E-01  5.32631519711307355E+00  5.81730995621617097E+00  1.27430191441975094E+01
  5.59225941233592594E-01  8.67848286975428707E+00  1.04189207579584231E+01  6.80353113548617028E+00
  4.36799992478945909E-01  1.00360197363194059E+00  1.34869817704327382E+01  3.74006368726358307E+00
  3.37575933792008509E-01  3.59999334223922673E+00  1.16440134479678754E+01  1.26191731044091533E+01
  4.10231171689561747E-01  1.42840989051678169E+00  4.09468520661759516E+00  3.73365299079899726E+00
  3.81909890374632355E-01  4.03085497771064549E+00  9.48410273308378038E+00  8.17826743799676059E+00
  5.44158343748334383E-01  1.19507188259764128E+01  1.14289953931157910E+01  1.11224365076190015E+01
  3.43844632468353784E-01  2.05932450737286832E+00  7.93845203951855005E+00  1.33234422077758516E+01
  5.80490670513443274E-01  1.02047891119161065E+01  1.26646912310775477E+01  1.61181231222708488E+00
  5.20333150277951795E-01  1.14001849441927821E+01  8.44602557599302983E+00  3.66641008708882998E-01
  4.97655099191040562E-01  5.34064426523513180E+00  5.23289358305387253E+00  3.33101447179068133E+00
  5.64404144318620404E-01  1.02022543502655907E+01  1.30977844415292264E+01  8.92819137693657794E+00
  4.97655099191040562E-01  3.85109390827586884E+00  1.08723092943302841E+01  1.24232132027175250E+01
  5.06617780002852514E-01  7.84447679850840629E+00  1.11779868737485373E+01  7.14895298083415653E+00
  2.64730453937343402E-01  7.84176641533337637E+00  1.33411030449224821E+00  2.88195829910663459E+00
  4.71376829571238165E-01  1.21317671669183245E+01  9.17589198534880168E+00  7.90567931885621711E+00
  4.36799992478945909E-01  1.17429152592488464E+01  5.19919559055007197E-01  3.61717514997502765E-01
  5.20333150277951795E-01  7.26276237955619219E+00  1.22037910200444042E+01  1.13900528715062688E+01
  5.20333150277951795E-01  6.94923759468524427E+00  2.31779466653493849E+00  1.91551272966002695E+00
  4.45471777578522854E-01  1.18695610314439435E+01  1.23698723298644531E+01  1.34022452235983760E+01
  3.76902076901479588E-01  8.75255801878086004E+00  1.15767891452857690E+01  4.76420212089384520E+00
  2.99785386141821708E-01  4.43909031438296786E+00  7.55436450718736374E+00  6.71057238312110460E+00
  2.14322779410510394E-01  2.39970125405372459E+00  6.97041023009962135E+00  8.85326559813074354E+00
  5.20333150277951795E-01  1.31300977977396176E+01  2.05375420682910548E+00  9.52473281732292953E+00
  2.46370760027530694E-01  1.01816295176014755E+01  7.30555822387660303E+00  2.22881568210661429E+00
  5.64404144318620404E-01  3.97670579810033464E+00  1.24998894069870889E+01  1.78165494926320056E+00
  4.28056431560671025E-01  1.05105328333822303E+01  1.11619352785843411E+01  2.22963355733468482E+00
  5.86062212635089952E-01  7.94817069563945022E+00  1.13813701594956331E+01  8.23600484202546390E+00
  4.23649157779161234E-01  1.14600400168112309E+01  7.74521142163701359E+00  7.75262788224129640E+00
  4.62733810730875383E-01  9.90978800995954678E+00  1.56311606666548975E+00  5.88450032556738378E+00
  3.43844632468353784E-01  1.13656888196175121E+01  7.59407620219905044E-01  1.04173923604347642E+01
  5.02120514290034237E-01  1.62379821324663109E+00  9.54754517348864873E+00  8.52424591415925725E+00
  4.49792344455842874E-01  4.95771497615620760E+00  2.45186958336134442E+00  5.60459673298229877E+00
  5.24991069551568490E-01  9.90468198074033879E+00  9.31428201000673361E+00  1.20353709557883093E+01
  5.44158343748334383E-01  5.92675674803680774E+00  1.12145057880941668E+01  5.64837704903234616E+00
  4.19212477446155474E-01  2.02827111071491567E-01  1.21117277071299174E+01  7.01680204411474673E+00
  3.16615288597822842E-01  4.81952839330019156E+00  5.65007974441151983E+00  1.04051199854440650E+01
  5.59225941233592594E-01  6.57701143434041846E+00  1.32378204440278573E+01  6.27016025372728425E+00
  3.86818426119931114E-01  1.30164197708131457E+01  6.80842267181648353E+00  6.48771791960731914E+00
  5.49108239936929698E-01  1.06954958465268266E+01  7.11442566744716287E-01  7.76460875339109080E+00
  5.91749286368603356E-01  5.97944264002458947E+00  2.51432310100918510E+00  1.39652735282806595E+00
  4.41142703402056136E-01  1.24290622897610721E+01  1.79811183506683347E+00  8.05573507935418043E-01
  4.88813983084759374E-01  6.58406483936713549E+00  8.92117879961486060E-01  8.16177547988284346E-01
  5.02120514290034237E-01  6.67263880963390310E+00  6.16538419085604961E+00  5.21274801204202665E-01
  5.64404144318620404E-01  1.18217281952868269E+01  8.13255761622510343E-01  1.24090515082596120E+01
  5.06617780002852514E-01  1.25475784104888799E+01  5.24419159046700223E+00  2.38264050544221034E-01
  4.71376829571238165E-01  6.77606452319709440E+00  2.94828164221010613E+00  5.51386459146748109E+00
  5.64404144318620404E-01  4.09505778623388128E+00  2.03685657414593546E+00  9.10533942595999868E+00
  4.32438693220842718E-01  1.30263593129985420E+01  9.32049907963331137E+00  9.46033958929367103E+00
  2.89926324498661514E-01  1.04005939483291101E+01  1.27818741591717018E+01  2.45190715702538631E+00
  4.36799992478945909E-01  1.20389916696490857E+01  5.63517915301756833E+00  2.00118790972731997E+00
  3.55575626152149271E-01  1.12887721586847487E+01  8.38702207162687330E+00  1.29969762615243667E+01
  3.55575626152149271E-01  6.48672931505581207E+00  1.15756680197556072E+01  9.54908930463494698E+00
  2.99785386141821708E-01  7.45197786588183586E+00  6.87208575817081080E+00  1.32633531557825073E+01
  5.34458872568623455E-01  3.08518002854119899E+00  1.14793858949481766E+01  3.13089355976968209E+00
  4.88813983084759374E-01  4.00114586828490371E+00  4.69426497067113679E+00  7.84627499802790762E+00
  4.67051022334941945E-01  3.57945756600064202E+00  3.54770361366629894E+00  6.21586455866869425E+00
  3.37575933792008509E-01  6.51652554512742732E-01  2.10485734877557729E+00  9.42494779822511930E+00
  2.64730453937343402E-01  2.36843859928667078E+00  7.53208801985067922E+00  6.86370082937653514E+00
  3.55575626152149271E-01  1.21360277127674578E+01  6.82628656861564931E+00  9.68303752409346252E+00
  4.05674446517406473E-01  1.09437180351742320E+01  8.52551068728299022E+00  2.66467590396358434E+00
  5.54129086970597151E-01  8.95407343539145550E+00  1.34566978024020170E+01  3.23037540883358210E+00
  2.64730453937343402E-01  1.01731713632555500E+01  1.05459259323611363E+01  4.24319860483521794E+00
  5.59225941233592594E-01  1.19045733306149213E+01  2.35577316484361443E+00  5.84636556520703632E+00
  3.86818426119931114E-01  1.16503029407485794E+01  1.26878091589686814E+01  1.17897210360310059E+01
  2.14322779410510394E-01  9.22779992521418180E+00  7.51588259977666517E+00  8.62931137759599132E+00
  3.71781505092813103E-01  1.15342883021341667E+01  9.69236725930850973E+00  1.90512228897382352E+00
  5.06617780002852514E-01  7.04608088286405865E-02  6.22005590930260599E+00  4.21394643277336645E+00
  3.08607932839089050E-01  4.28860276914772420E+00  4.74541343603808397E+00  1.65584492185120813E+00
  5.20333150277951795E-01  9.72700913918081866E+00  1.01625914772035433E+01  3.72373852797839167E+00
  4.01058911976384491E-01  1.26351091463641918E+01  8.88163873632701240E+00  4.71141242710455987E+00
  3.86818426119931114E-01  8.81323716750323527E+00  6.91924087225274942E+00  5.35553655606138879E+00
  4.84429066430730915E-01  9.02498569494391667E+00  7.74182446642462985E+00  4.37898072117111159E+00
  2.89926324498661514E-01  7.41084354683633428E+00  8.28245902942417622E+00  9.84814711658932396E+00
  4.97655099191040562E-01  5.63682108954974748E+00  1.96725824824322015E+00  4.55063347531472662E+00
  5.06617780002852514E-01  7.93231125306064921E+00  8.87863405625669877E+00  2.37898234183395996E+00
  4.54107542322554236E-01  3.27794161719488386E+00  3.82546083320918573E+00  3.42892380149850551E+00
  5.29698296771959232E-01  6.44453054324749175E+00  1.08786182034081436E+00  1.14989569984512929E+01
  4.01058911976384491E-01  1.26486688943927312E+01  6.81839569370740239E+00  2.05347679266147054E-01
  5.69669339224686877E-01  1.19972094522718962E+01  7.75463969420477994E+00  1.68933662944250007E+00
  5.11150069422808828E-01  6.37499295743824934E+00  5.19405922644642892E+00  2.08647927886612905E+00
  5.39277054206551698E-01  9.93518138682946272E+00  2.18307917115659089E+00  1.53998576156396361E+00
  2.99785386141821708E-01  5.15410244623652325E+00  2.30239432509037156E+00  1.23479684749234107E+01
  3.61137627255947724E-01  1.04623365207593650E+01  1.31267717407477740E+01  1.07638030244777241E+01
  4.01058911976384491E-01  6.67086890135028554E+00  1.23936852384765910E+01  5.10104395155887236E+00
  3.37575933792008509E-01  9.38694965239170820E+00  5.04264601940245161E+00  1.33091974210976236E+01
  5.44158343748334383E-01  9.61233562947580333E-01  3.79090198817304769E+00  1.33149507470847652E+01
  5.02120514290034237E-01  6.68020042803999470E+00  3.41455110469659084E+00  7.42615913587465837E+00
  2.14322779410510394E-01  6.45420954985792417E+00  1.64050069616939953E+00  7.40959144196316899E+00
  5.02120514290034237E-01  4.16031414575276592E+00  6.21215133594406854E+00  4.69066430705870674E-01
  3.43844632468353784E-01  8.10959849877089911E-01  1.25847642636448231E+01  4.00334886173465243E+00
  3.55575626152149271E-01  3.81896548512220502E+00  1.30759970355257815E+00  6.62323138275830026E+00
  5.11150069422808828E-01  7.62980939347511189E+00  3.92045058621958109E+00  1.20581079870848029E+01
  4.80063103612331954E-01  1.14125845991289463E+01  1.16914117088519589E+01  8.23382164385611626E-01
  4.84429066430730915E-01  8.31744271765117205E+00  4.53135688573143458E+00  1.06288910572704420E+01
  5.39277054206551698E-01  5.56067211338539646E+00  1.28369141936561100E+01  9.39381093327999217E+00
  3.37575933792008509E-01  1.00294956007878522E+01  6.89249988677128034E+00  2.61802909215893997E+00
  5.29698296771959232E-01  4.26435334449690640E+00  7.21143908575320491E+00  7.00931985468198127E-01
  5.24991069551568490E-01  1.31318602668424820E+01  1.13088902352467269E+01  5.57647944015373831E+00
  5.15720700463495496E-01  4.41801125156348018E+00  6.44991217940844486E+00  1.22931584173616706E+01
  5.20333150277951795E-01  7.61401558018139690E-01  5.08297520352216115E+00  1.37399636897589117E+00
  4.93220738472549158E-01  9.67995507662484300E+00  1.27297865787840312E+01  5.14894150701432807E+00
  5.44158343748334383E-01  9.59575621323234351E+00  8.36097360695980640E+00  2.04461205044185457E+00
  4.14741582532007880E-01  1.05726200688202869E+01  7.01074554580879461E+00  3.12442175814401857E+00
  5.54129086970597151E-01  1.29160934456596248E+01  6.68828963473600968E+00  5.56053196450270626E+00
  4.75713279310277237E-01  7.16527005959636298E+00  7.04310287008175084E+00  8.71405795650827919E+00
  5.59225941233592594E-01  9.30371579560883788E+00  7.41846595274855591E+00  2.61347164490720640E+00
  5.86062212635089952E-01  3.78022476634365279E-01  9.68772677495691958E+00  3.10791906201940504E+00
  2.89926324498661514E-01  4.47760409653713154E+00  5.07353176681056173E-01  1.19776606826693710E+00
  4.62733810730875383E-01  6.62462108028775543E+00  7.20127260106793088E+00  1.06555386263331791E+01
  4.71376829571238165E-01  4.20474568812841110E+00  4.32366807810771370E+00  3.18014963310894960E-01
  5.80490670513443274E-01  1.18463050363469051E+01  3.54394837311407018E+00  1.16929809573823462E+01
  5.20333150277951795E-01  4.03020990666357193E+00  6.84039657487045005E+00  1.31707473440645817E+01
  5.39277054206551698E-01  5.88558663924278314E+00  1.04434041049346660E+00  4.95186836222593474E+00
  3.76902076901479588E-01  7.59168873757238494E+00  1.00300290044659395E+01  3.96402137812009725E+00
  5.80490670513443274E-01  1.19155241479782887E+01  6.98578282800469896E+00  1.30724349516192131E+01
  5.59225941233592594E-01  7.12584141502504931E+00  5.41987563894307733E+00  1.12481047433530712E+00
  4.01058911976384491E-01  4.56934778220512516E+00  1.05293729471795494E+01  8.81663968646580898E+00
  5.69669339224686877E-01  5.21782952305758840E+00  7.54871172825418402E+00  2.73347685782315331E-01
  5.29698296771959232E-01  3.66299825140183444E-01  3.81309417655372185E+00  5.02750160368270116E+00
  4.71376829571238165E-01  3.34149915314337020E+00  2.04556486657241049E-01  9.58531985574104461E-01
  3.30997587999695309E-01  5.54971042187028729E+00  3.38161629608268122E-01  5.33343568084586117E+00
  5.64404144318620404E-01  8.37084707670280004E+00  2.82237739822867129E+00  3.45402988076853967E+00
  3.49822487141294602E-01  1.33757996287510816E+00  4.23202831277079383E+00  6.95110825055442572E+00
  3.24058750641704252E-01  1.22181845869629910E+01  8.24070324479695948E+00  3.21855745573935870E-01
  3.08607932839089050E-01  3.60121498014856067E+00  1.80533696560426704E+00  8.42374588046899042E+00
  3.08607932839089050E-01  9.60185254336362526E+00  3.60273881417553588E+00  7.96494830923117458E+00
  4.41142703402056136E-01  1.08148863685951682E+01  5.25251808321165921E-03  1.67624404637240421E+00
  2.89926324498661514E-01  1.23654448234898986E+01  9.43393993415644694E+00  9.19328872552788390E+00
  4.45471777578522854E-01  7.46456495272234455E-01  8.85475051632721311E+00  5.75362405583629943E+00
  4.32438693220842718E-01  3.95960141247256114E+00  1.33179961084104779E+01  3.16529763268236586E+00
  2.89926324498661514E-01  4.34721512510159158E+00  3.86671859128073203E+00  7.35999802915451706E+00
  3.24058750641704252E-01  1.22885521212875948E+00  5.33938035395642441E+00  4.30963239923131347E+00
  4.62733810730875383E-01  5.38366964011035254E+00  7.21200245458983069E+00  1.22504246347968984E+01
  5.24991069551568490E-01  1.35524461134224206E+00  3.45019384286458441E+00  2.86808262000188829E+00
  3.08607932839089050E-01  4.02573516186031155E-01  7.95511336862167351E+00  6.40606985522653494E-01
  3.66532661804007787E-01  1.26179012413708946E+01  8.17661309827987104E+00  8.30308184275946992E+00
  4.41142703402056136E-01  1.22343440550806370E+01  7.49012593334275767E+00  8.11941800112401246E+00
  4.01058911976384491E-01  5.17384858227898548E+00  1.14344548471745289E+00  6.76947801727219023E+00
  4.01058911976384491E-01  4.08609929912887093E+00  4.10393729801871943E-01  1.11918646070521568E+01
  4.75713279310277237E-01  1.95576684482992080E+00  7.67133028671400030E+00  1.16817528934672588E+01
  4.28056431560671025E-01  1.32969989710388496E+01  1.17351212998320680E+01  2.83373137581258794E+00
  4.10231171689561747E-01  4.58202093377572162E+00  1.28639493439198240E+01  6.40203622231151659E+00
  3.08607932839089050E-01  6.01937841262475981E+00  7.11695854944634276E-01  2.71669001168474944E+00
  4.32438693220842718E-01  8.87927833185815807E+00  1.15306475520177241E+01  1.09967039548234222E+01
  3.49822487141294602E-01  4.39720467322393471E+00  2.79323890739719793E+00  5.14836297901090933E+00
  4.10231171689561747E-01  2.95912152364926939E+00  1.20213362009896212E+01  1.25465793904257197E+01
  3.55575626152149271E-01  1.20915387919273098E+00  6.84025662074588858E+00  6.81591040939641868E+00
  5.11150069422808828E-01  1.16026944420493834E+01  1.11077391618328161E+01  5.38998452807597506E+00
  5.59225941233592594E-01  8.28237936652622686E+00  1.01755694526297411E+01  5.78655440650756336E+00
  3.61137627255947724E-01  2.56154450894936092E+00  8.49275791981281714E+00  6.36617208000923895E+00
  2.64730453937343402E-01  1.33650644187693359E+01  1.12786896075471343E+00  1.03809705055077472E-01
  2.14322779410510394E-01  2.87948583008404491E+00  1.48435976310629014E+00  5.87271503862193001E+00
  5.69669339224686877E-01  3.44778444834509301E+00  8.78344565935307742E+00  6.35764833136913943E+00
  4.58420388086688613E-01  6.29966225932002288E+00  1.11012703847013867E+01  7.18340414132836358E+00
  3.43844632468353784E-01  3.10217580223972167E+00  1.07281876228371758E+01  1.27787026959738590E+01
  4.97655099191040562E-01  3.59606913505152992E+00  8.73361168966055246E+00  9.83827414205761563E+00
  5.86062212635089952E-01  5.56684456875346800E+00  4.55328677190105235E+00  4.24751922447180696E+00
  3.16615288597822842E-01  5.42564912718822523E+00  3.80798407665512384E+00  9.22729943819177834E+00
  3.66532661804007787E-01  3.90723396741255469E+00  5.19724340285847575E-01  3.54871728759002414E+00
  2.78555296554233556E-01  6.10436306289034825E+00  1.29295381646349998E+01  1.07787481855022733E+01
  2.89926324498661514E-01  5.37740116542587998E+00  8.54907161584485742E+00  1.19071154512117605E+01
  5.39277054206551698E-01  6.66346810038227577E+00  7.55437292014244299E+00  4.96247654959165629E+00
  4.49792344455842874E-01  5.17408251991121482E+00  2.45607214871761270E+00  3.88464461285545504E+00
  4.67051022334941945E-01  6.32909788408261686E+00  8.44210153048635981E+00  4.51678773988127436E+00
  4.58420388086688613E-01  9.94180830727363585E+00  9.32585956704101449E+00  2.02025237066724950E+00
  4.41142703402056136E-01  1.68157988741629438E+00  6.02224724837255820E+00  3.59664267890517619E+00
  3.37575933792008509E-01  1.37301101255860081E+00  4.28274606357438437E+00  1.27098887881918881E+01
  3.86818426119931114E-01  9.14524158478471350E-02  1.12165986938334576E+01  5.42399736588722758E-01
  3.76902076901479588E-01  1.00835300657662064E+01  8.36752958578154882E+00  3.45036208695155056E+00
  4.28056431560671025E-01  7.64699096649698262E+00  1.12628846894471302E+01  2.60313628640386707E-01
  4.14741582532007880E-01  8.94033890021022337E+00  9.68373709851787901E+00  3.49182629192499494E+00
  4.62733810730875383E-01  1.35737165177054742E+00  9.64491803127470426E+00  6.63111631156890091E+00
  3.76902076901479588E-01  7.58844185766382306E+00  2.45582788649298767E+00  1.20342155930603258E+01
  4.05674446517406473E-01  7.39556054660234530E+00  1.03153904419888711E+01  8.37983706868797995E+00
  4.93220738472549158E-01  1.30931935454038229E+01  8.96040052935273046E+00  2.36421961998468828E-02
  4.10231171689561747E-01  8.17957571963271945E+00  9.94734686620756392E+00  1.10836670592615203E+01
  4.71376829571238165E-01  9.39583419795176056E+00  6.39294187494329424E+00  2.56973350061789629E+00
  5.54129086970597151E-01  5.53188223425125347E+00  1.04476510712977824E+01  1.20935556455503868E+01
  5.49108239936929698E-01  1.13348804177387628E+01  5.78673322454805295E+00  3.81836684705567686E+00
  4.54107542322554236E-01  4.87710923853602463E+00  1.21730377950671489E+01  1.34768390325301120E+01
  5.34458872568623455E-01  3.56365850380075910E+00  1.12848745072252949E+01  1.10962228795064259E+01
  5.44158343748334383E-01  6.51750742029809516E+00  6.17107866885830258E+00  9.21547274309942033E+00
  3.96383251075161813E-01  8.74232066874622760E+00  1.02609053780271928E+01  4.94830014023434206E+00
  4.28056431560671025E-01  5.38204469212191938E+00  8.75469303150286215E+00  9.23468085176540399E+00
  3.91639445074813297E-01  1.37732747091900132E+00  8.34186606781020679E+00  7.65226586488976857E+00
  3.66532661804007787E-01  6.26069119856840661E+00  4.02916237801060717E+00  4.82667640126537023E+00
  2.78555296554233556E-01  9.96862062764613910E+00  7.91614048207668652E+00  9.74417319653396419E+00
  4.45471777578522854E-01  9.82511469239939039E+00  7.49869371367467341E-01  4.66219481839863992E+00
  3.08607932839089050E-01  4.63551086706610072E+00  1.30254447789580929E+01  3.32056505999626861E+00
  5.39277054206551698E-01  1.01230926585025660E+01  1.05365457028908658E+01  9.47150405614756785E+00
  2.78555296554233556E-01  1.23589040326927400E+01  7.48162642799975863E+00  2.40631268656457742E+00
  5.29698296771959232E-01  1.22849735203885064E+01  9.19640109670675443E+00  2.75340295312532035E+00
  5.20333150277951795E-01  1.22089624856938386E+01  5.93012699558500334E-01  1.05065395213436830E+01
  2.89926324498661514E-01  1.25408687604947056E+00  1.31691591010329319E+01  1.33869505319601263E+01
  3.66532661804007787E-01  1.09133261822552647E+01  1.23218284783793131E+01  1.08614935150313707E+00
  4.28056431560671025E-01  6.29826927560304206E+00  7.10682501628018670E+00  8.22722322528669636E+00
  4.23649157779161234E-01  2.41832923605884176E+00  6.67726177288217659E+00  9.41937295907299621E+00
  4.36799992478945909E-01  8.40160091436197187E-01  1.03375451845365731E+01  1.21671037018606736E+01
  5.80490670513443274E-01  8.52237707454746385E+00  8.02675586677922759E+00  2.05134594501563328E+00
  5.64404144318620404E-01  1.25522947601059744E+01  1.02375309904371345E+01  9.41445795925264584E+00
  3.91639445074813297E-01  1.19736932420741873E+01  8.49484713657894908E+00  1.26830438836039274E+01
  4.54107542322554236E-01  6.70966189534804425E+00  6.74253846863015482E+00  1.32576861198394145E+01
  5.02120514290034237E-01  7.52177265717215260E+00  1.12584028760588932E+01  2.83334246597057504E+00
  3.66532661804007787E-01  1.21356121461318747E+01  1.20777345052005298E+01  6.14368956123438559E-01
  2.89926324498661514E-01  2.22445356081426321E-01  9.68712163664868786E-01  1.08664522569747586E+01
  5.49108239936929698E-01  3.40408124606323792E+00  6.73634083214731039E+00  1.14367062602935565E+00
  5.86062212635089952E-01  4.23035644060851590E-01  1.68550819292917042E+00  3.38674381144358083E+00
  5.75027356379647192E-01  9.53049653028190491E+00  5.94063206053521586E-01  1.12497185235014960E+01
  5.06617780002852514E-01  1.14904786395346015E-01  4.00323642506500654E+00  9.84551014295982796E+00
  3.71781505092813103E-01  5.41635054619962464E+00  1.14486135779735516E+01  1.15429846359677448E+01
  5.11150069422808828E-01  6.48058279140586446E+00  1.24497550549359488E+01  6.98764865252617628E+00
  4.58420388086688613E-01  8.14717399244838880E+00  1.10771532721501504E+01  6.23826534176914649E+00
  5.59225941233592594E-01  3.03552889212403842E+00  6.99971141794785634E+00  2.15450296608565939E+00
  2.99785386141821708E-01  4.34964431742953739E+00  1.02749026297671708E+01  7.65162019347409572E+00
  2.99785386141821708E-01  1.05668340993127554E+01  1.59534705113575703E+00  8.25007941198636274E+00
  5.29698296771959232E-01  4.77877669104018743E+00  1.03422428785643241E+01  5.31617838198156445E+00
  4.49792344455842874E-01  5.34266467469766138E+00  6.01808874933705162E+00  1.10772109128094627E+01
  4.19212477446155474E-01  2.00809790955174927E+00  1.03761886560375380E+01  6.51954961483051676E+00
  4.32438693220842718E-01  7.76535283189133452E+00  5.43976347468871602E+00  2.04508952641890041E+00
  5.86062212635089952E-01  1.00069927640827192E+01  6.76586231325321119E+00  1.10547998415985429E+01
  4.28056431560671025E-01  1.19351168002395340E+01  1.22337517001160609E+01  5.42878258925014467E+00
  5.20333150277951795E-01  3.07735235589644374E+00  9.30064646004190898E+00  2.11521113657829352E+00
  2.99785386141821708E-01  9.82370769560231061E+00  5.76185580207116566E+00  2.68248209301963270E+00
  2.64730453937343402E-01  8.41276898307219412E+00  9.11870765746336431E+00  7.55683121177956441E-01
  2.64730453937343402E-01  1.15329157455650115E+01  3.86324700303768476E-01  9.18539841212918517E+00
  4.05674446517406473E-01  7.49730991458409601E+00  1.15508716158618707E+01  5.92293636148148384E+00
  3.76902076901479588E-01  1.09161438275481490E+01  4.35356309197322755E+00  1.00608922644488508E+00
  3.24058750641704252E-01  3.06090899036776465E+00  1.13834129214558359E+01  1.29010923992845736E+01
  3.49822487141294602E-01  8.36372651226775865E+00  3.63504828513647071E+00  3.01476683660066724E+00
  5.20333150277951795E-01  1.25430557655058141E+01  1.06047551422077824E+00  1.41031103756844423E+00
  3.71781505092813103E-01  1.30330473403955089E+01  1.18544573421676684E+01  3.92171955592184762E+00
  4.05674446517406473E-01  1.19578832896784748E+00  8.52212243234964473E-01  1.31929076880746532E+01
  4.01058911976384491E-01  5.06760780026255375E+00  1.60474808645004030E+00  1.97942120686021072E-01
  5.59225941233592594E-01  9.13458811011595806E+00  7.10570055189763838E+00  1.01763612607345753E+01
  4.88813983084759374E-01  9.05381928482423604E+00  8.50590343258160253E+00  7.61680850964013434E+00
  4.45471777578522854E-01  3.18079923517780427E+00  1.31189536808211109E+01  9.17500016181638145E+00
  5.34458872568623455E-01  1.17306870541545738E+01  3.93175290585316040E+00  1.06546655851674128E+01
  3.37575933792008509E-01  1.09850329942575158E+01  1.29974314684181778E+01  4.15572739061537000E+00
  3.16615288597822842E-01  1.17837219226622345E+01  1.33849453447297613E+01  7.37217663593667094E+00
  5.91749286368603356E-01  8.78703535547771430E+00  1.32053535693416091E+01  1.08338683290669184E+01
  5.06617780002852514E-01  8.27884807975990888E+00  1.63079259951340361E+00  3.95900865044959538E+00
  4.58420388086688613E-01  9.82741699151523918E+00  1.27398591282614415E+01  1.23055906513165567E+01
  3.86818426119931114E-01  1.72105236453933763E+00  1.05442921238063576E+01  3.23288269912399118E+00
  5.29698296771959232E-01  7.13165618533962853E+00  1.22414111451065866E+00  1.07052937501893286E+01
  2.99785386141821708E-01  5.79839093199862177E+00  5.34275120544986226E+00  8.18278823776689812E+00
  5.44158343748334383E-01  6.92411405045516570E+00  9.52250924696987688E+00  2.51487232334141808E+00
  3.37575933792008509E-01  9.59225911398634246E+00  5.48924322828023392E-01  7.72827289388451799E+00
  2.14322779410510394E-01  1.10989363266876673E+00  6.65734416298505494E-01  6.10310110796352667E+00
  4.97655099191040562E-01  8.65132480087784295E+00  1.73838320577883887E+00  4.88533654879085777E+00
  5.11150069422808828E-01  1.29792843579348016E+01  1.23206077854843929E+01  5.41697951991284565E+00
  5.86062212635089952E-01  5.69655195650786439E+00  1.30335476446622387E+01  8.24856407539343373E+00
  4.93220738472549158E-01  1.26259589567908286E+01  1.70948342275384180E+00  6.48675099948270262E+00
  5.75027356379647192E-01  9.08584934243118703E+00  3.98575201337099294E+00  1.43910446719482255E+00
  3.71781505092813103E-01  4.28861853628497425E+00  8.34297308896836043E+00  1.97750783270793895E+00
  5.64404144318620404E-01  6.63521701254544727E+00  2.43158878721674343E+00  6.95239683220332072E+00
  3.66532661804007787E-01  1.22779276163128870E+01  6.17209405440132564E+00  7.44123779265019492E-01
  4.58420388086688613E-01  8.37264364753462331E+00  9.16004466250356586E+00  8.16789871934128264E+00
  5.44158343748334383E-01  1.22481149480941340E+01  8.85026269459169157E+00  1.73769323491395422E+00
  4.93220738472549158E-01  2.01362286158803450E+00  5.52714094809266054E+00  1.03210875847798533E-01
  4.97655099191040562E-01  1.11448108957122329E+01  5.71868183334825719E+00  9.97252093650080873E+00
  2.14322779410510394E-01  7.84520428515385859E+00  5.03357882288258640E+00  3.34716612295777205E+00
  4.67051022334941945E-01  1.19005547439514903E+01  1.10968885445737460E+01  4.34910516623282994E+00
  3.61137627255947724E-01  2.11601892725256446E+00  9.66900289766014254E+00  6.20856788785364078E+00
  4.75713279310277237E-01  2.35777289354621322E+00  4.91563908111093184E+00  3.66565497370967375E+00
  3.96383251075161813E-01  1.93284693776315053E+00  2.82115928707929697E+00  9.52862593368448252E+00
  5.11150069422808828E-01  4.07343188703638859E+00  1.28049940085905742E+01  9.03705209481255523E+00
  3.66532661804007787E-01  6.30331267241775439E+00  1.08901755390147947E+01  4.88611531094950280E+00
  3.37575933792008509E-01  1.06487287277863345E+01  1.45787862310224137E+00  1.33712688858813884E+01
  2.78555296554233556E-01  1.21451358897957267E+01  9.80108723197362686E+00  8.81989056584072628E+00
  4.05674446517406473E-01  6.49228072447923132E+00  1.11699960753666017E+00  8.79518485323778343E+00
  4.41142703402056136E-01  1.01019182320163132E+01  7.33118534445890990E+00  1.26587626119972150E+01
  3.08607932839089050E-01  1.21796051211110541E+01  1.23843177254162686E+01  7.81514592462736690E+00
  3.76902076901479588E-01  1.15681752261516770E+01  1.18418430747041015E+01  1.21806837379963113E+01
  3.30997587999695309E-01  1.15729059878806257E+01  4.98466580653717628E+00  3.54576170976533511E+00
  4.93220738472549158E-01  1.34384869927134538E+01  4.42577760693739908E+00  1.42101238373605526E-01
  3.96383251075161813E-01  8.29860462912488650E+00  8.59262268244688343E+00  5.39432090272939035E+00
  5.80490670513443274E-01  5.86074715949270608E+00  2.52671296955188440E+00  6.09386575218445969E+00
  4.28056431560671025E-01  8.78853695725962680E+00  7.94922539670901962E+00  5.23534205828170229E+00
  3.37575933792008509E-01  4.82025297569078504E+00  3.66628131935538937E+00  9.01757519491447646E+00
  4.10231171689561747E-01  6.37584958760295972E+00  1.18446764922285226E+01  8.84106833999300790E+00
  5.44158343748334383E-01  6.12518670239898100E+00  1.26624474384345600E+01  1.07492021346129651E+00
  2.78555296554233556E-01  4.37544344207379510E+00  2.50361590205985829E+00  4.49708945475369237E+00
  5.29698296771959232E-01  9.86049142381154553E+00  1.12653178240347174E+01  7.83446597957186697E+00
  4.36799992478945909E-01  1.06528184019602818E+01  3.98290571353103218E+00  3.30663957221544047E+00
  2.99785386141821708E-01  1.34379395074011754E+01  4.70408668170660249E+00  7.70434263443847911E+00
  3.96383251075161813E-01  1.29272848075464957E+01  7.88756568346713127E+00  6.83037172280842242E+00
  5.24991069551568490E-01  7.94714372923161516E+00  1.15403781386299578E+01  1.19398232461787064E+01
  3.91639445074813297E-01  1.13173289943644271E+01  1.20079157838136616E+01  1.28875939990163850E+01
  2.14322779410510394E-01  2.09813552842486484E+00  8.17608772660868155E+00  1.11226139504018509E+01
  2.64730453937343402E-01  1.15411929080207276E+01  1.28524118535232006E+01  5.67028373640603522E+00
  4.49792344455842874E-01  8.67068990779564608E+00  4.01782609560368531E+00  8.86689877608434251E+00
  4.32438693220842718E-01  6.10517613524501535E+00  1.17357108738925877E+01  4.70498853011721163E+00
  3.76902076901479588E-01  9.02915090434217582E+00  8.55186678405758904E+00  9.50853419208047512E+00
  5.11150069422808828E-01  6.43882299015169846E+00  1.10578927127905527E-01  1.18547904187980944E+01
  5.80490670513443274E-01  4.52249291859659230E+00  1.19770704041379705E+00  3.30679703743485964E+00
  3.55575626152149271E-01  9.81926330779015899E+00  7.05625514501695505E+00  3.27618708746817955E+00
  5.06617780002852514E-01  1.06821453991759601E+01  5.27933953473292306E+00  4.47376242984637784E+00
  3.16615288597822842E-01  1.26734929034289987E+01  7.62676098140356551E+00  7.51343112142471292E-01
  4.67051022334941945E-01  1.18390017541078709E+01  1.88354352648606471E+00  8.02262687690154586E+00
  5.86062212635089952E-01  1.24057358627557530E+01  7.12944665172611280E+00  7.17330964302919138E+00
  5.75027356379647192E-01  9.52478634396111445E+00  1.19624653390088476E+01  7.02738075752642022E+00
  4.23649157779161234E-01  8.63029088966745839E+00  1.00233736899919745E+00  1.24803873717461684E+01
  4.97655099191040562E-01  8.34431117117423504E+00  4.61117976776570160E+00  1.16071037589341799E+01
  4.05674446517406473E-01  1.02194760521018058E+00  2.47442590848034261E+00  3.33548106394050459E+00
  2.99785386141821708E-01  5.54444556321170801E+00  1.06290876673743035E+01  3.37045931423845380E+00
  3.16615288597822842E-01  7.15500545225213713E+00  5.45442453359023638E+00  2.50279133190415171E-01
  3.81909890374632355E-01  6.67128060879906748E+00  5.66573678881636855E+00  1.32891409893393426E+01
  2.46370760027530694E-01  3.70978571905802745E+00  4.36762562989211955E-01  1.21785044652606462E+01
  5.64404144318620404E-01  8.44926802459459303E+00  1.59450216237028952E+00  2.38176687880343518E+00
  4.54107542322554236E-01  1.11222073968300492E+01  1.11447568754148811E+01  1.52283784302229463E+00
  3.24058750641704252E-01  6.97245673698979207E+00  7.26707057987184069E+00  7.93611139155326129E+00
  4.80063103612331954E-01  1.04904768144205445E+01  6.36919349041225491E+00  3.74221408172222914E+00
  4.32438693220842718E-01  1.29001329819496107E+01  1.11661017220531100E+01  9.51353129205556947E+00
  5.54129086970597151E-01  1.15192556648816886E+01  2.80578524780086269E+00  7.64341700754987663E+00
  3.96383251075161813E-01  1.02205955553066143E+01  5.97894151953845387E+00  7.17264380646776623E+00
  4.45471777578522854E-01  1.18992981015211061E+01  1.03323469942340758E+01  4.91498994489097552E+00
  5.02120514290034237E-01  9.10280537132854661E+00  5.59505702487859580E-01  1.68672656307370961E+00
  5.69669339224686877E-01  1.10504339685879476E+01  3.80071025743480861E+00  9.14250514208173826E+00
  2.89926324498661514E-01  1.27816590291915535E+01  9.86724039130362662E+00  7.75188755707381283E+00
  4.97655099191040562E-01  1.86878361201393739E+00  2.88507322389994059E+00  4.86662381044035275E+00
  5.15720700463495496E-01  1.31350428454616264E+01  3.48670718811528513E+00  3.46279305442623364E-01
  4.32438693220842718E-01  1.18898730383008644E+01  7.05948505694577477E+00  1.20630636994532772E+01
  3.86818426119931114E-01  4.74219817075351102E+00  4.23528276404847137E+00  7.76854366734586321E+00
  2.46370760027530694E-01  1.01316523331547543E+01  1.12318933162328065E+01  9.84277883797801145E+00
  3.37575933792008509E-01  5.50093392345158261E+00  4.76705694800782176E+00  2.65658676944448624E+00
  3.43844632468353784E-01  7.51950418570032864E-01  3.66460820674965060E+00  4.09925720732176391E+00
  2.64730453937343402E-01  6.62617375262337482E+00  6.57329978858419661E+00  8.52279895812914745E+00
  5.39277054206551698E-01  3.81911787446332207E+00  2.98706943171031858E+00  2.08781827293239752E+00
  5.39277054206551698E-01  8.24484690091080807E+00  8.42276881909971031E+00  1.27244526015910964E+01
  4.54107542322554236E-01  9.09198008018581483E+00  1.14925695027100296E+01  8.46510277253775278E+00
  3.71781505092813103E-01  4.87619207552512357E+00  4.08589929014524245E+00  9.58666689028467367E+00
  3.08607932839089050E-01  8.37477618054350792E+00  2.25426665641057022E+00  1.22507297538808473E+01
  3.16615288597822842E-01  3.90200285631125343E+00  4.24982447981252953E+00  1.02206674613378201E+01
  4.62733810730875383E-01  1.24710552553070482E+01  3.27253336814149431E+00  1.05509028575185138E+01
  4.28056431560671025E-01  7.34366152542194150E+00  7.80689233327237497E-01  7.26554987760501803E+00
  3.81909890374632355E-01  6.41837946336238296E+00  6.18627733029130944E+00  1.27063142867402696E+01
  4.01058911976384491E-01  3.27331764140409298E+00  9.85670001616233193E+00  4.36751777168524935E+00
  4.88813983084759374E-01  2.76806377501410861E+00  3.94233276143527389E+00  7.76911163260023852E+00
  3.81909890374632355E-01  1.12175900389279413E+01  1.13852834670836476E+01  1.16864970394418943E+01
  4.71376829571238165E-01  1.13159101368317501E+01  1.18164669176988699E+01  1.03700531659844462E+01
  3.43844632468353784E-01  1.15302351455123926E+01  1.16521347665010477E+01  8.51494742754071304E-03
  5.29698296771959232E-01  1.85787092872664883E+00  1.18748781161620052E+01  6.71888930408235741E+00
  5.29698296771959232E-01  7.05414789857786495E+00  3.05618680312225699E+00  1.81759615279521114E-01
  3.24058750641704252E-01  5.48213617259497887E+00  1.11972624377275878E+01  3.82909270881339481E+00
  5.34458872568623455E-01  9.21993672696081568E+00  1.08692609377965788E+01  4.43044381671710497E+00
  4.45471777578522854E-01  9.85470733498348039E+00  7.95821526853881700E+00  1.32340947302771923E+01
  4.93220738472549158E-01  4.13973777086314243E+00  2.56897790117353297E+00  8.19272717089422642E+00
  3.61137627255947724E-01  7.09689109655024186E+00  8.64512375776398301E+00  2.36884587827953030E+00
  4.49792344455842874E-01  1.21043510961875089E+01  7.62621318491319400E+00  1.10324746028438003E+01
  4.97655099191040562E-01  5.71069940452678981E+00  6.44357504535020098E+00  2.68434800322030709E+00
  4.19212477446155474E-01  1.04144351493871188E+01  7.66358958309810134E+00  3.61819857594517869E+00
  3.49822487141294602E-01  8.22803354532563169E+00  7.81647056965989240E+00  4.13679610648923379E+00
  4.84429066430730915E-01  7.35253018493579358E+00  4.99807788887078086E+00  2.73393136109023738E+00
  5.86062212635089952E-01  8.52613640224041269E+00  7.97887683928756708E+00  3.23949054697268890E+00
  5.59225941233592594E-01  5.90535240769422565E+00  4.01913189404254201E+00  1.01255626156648049E+00
  5.20333150277951795E-01  3.51049841922211492E+00  7.63235897778678929E+00  1.03714971820443730E-01
  5.02120514290034237E-01  8.31479849635910107E+00  3.82588087217839146E+00  2.17392310405326183E+00
  5.44158343748334383E-01  5.25139944993707264E+00  1.20048872941824598E+01  4.23242353647611225E+00
  3.86818426119931114E-01  6.49936734120981896E+00  4.10016801910514594E+00  1.05805559649608742E+01
  5.69669339224686877E-01  1.00391893188418049E+01  1.12062071253526856E+01  3.75141619372620916E+00
  4.36799992478945909E-01  4.17357740503234442E+00  3.17261954081086417E+00  7.48691258560532003E+00
  4.01058911976384491E-01  2.17326188350706762E+00  5.85969506837992071E+00  8.03169583697493472E+00
  4.32438693220842718E-01  5.10362196207900531E+00  4.70321185953992948E+00  9.12611723583578183E+00
  5.34458872568623455E-01  4.34812603190844094E+00  4.80994823110865788E+00  9.71976646727675053E+00
  5.80490670513443274E-01  1.00090392615059312E+01  3.51319216440465532E+00  8.75015145333438937E+00
  5.49108239936929698E-01  1.08134707600828150E+01  6.78985284602251138E+00  2.21809577001408131E+00
  2.14322779410510394E-01  1.07369696828480699E+01  7.72009031344382102E+00  4.31518131814025807E+00
  2.99785386141821708E-01  1.70042272901558422E+00  1.01212508182106617E+01  7.11687658205972085E+00
  3.16615288597822842E-01  8.95752944195336909E-01  1.13709267348350318E+00  1.22111768458619316E+01
  5.86062212635089952E-01  1.19675842542392141E+00  6.18433809100245657E+00  1.15271066045708483E+01
  5.20333150277951795E-01  9.00023615215419781E+00  1.30748513338880112E+01  8.51974695105774771E+00
  5.64404144318620404E-01  3.86687817808752676E+00  1.23131362792002150E+01  1.13372920144890745E+01
  3.66532661804007787E-01  2.30002787360038125E-01  2.83388458794326148E+00  3.14595761636571325E-01
  5.91749286368603356E-01  4.41467845994148256E+00  7.55948944729229222E+00  2.53026876872641537E+00
  4.75713279310277237E-01  4.83449045859916282E+00  5.03647264687090690E+00  6.42412166088055780E+00
  4.05674446517406473E-01  6.14920383060620690E+00  6.94887057427320798E+00  4.45153085553808303E+00
  3.55575626152149271E-01  8.85855738746977650E+00  1.74147311111429093E+00  1.14080970467752163E+01
  5.20333150277951795E-01  5.42862227172602640E+00  7.75087223506473522E-01  1.20835364959176577E+01
  5.39277054206551698E-01  4.60638313696914370E+00  8.98199612933428249E+00  1.27238410468884346E+01
  5.11150069422808828E-01  6.13754933229858590E+00  9.26847423213878407E+00  9.28768142800977248E-02
  5.24991069551568490E-01  1.03309873190842314E+01  7.57383293815787262E+00  1.51581242082691880E+00
  2.89926324498661514E-01  2.37837217647241239E+00  1.06795913311364181E+01  2.43906086458697668E+00
  3.08607932839089050E-01  6.60269161383594216E+00  1.23530562519251870E+01  4.39900639374387115E-01
  4.05674446517406473E-01  1.34903933226502759E+00  1.15564440530049808E+01  3.21621058388376690E+00
  4.49792344455842874E-01  1.12905444104037187E+01  7.04266993590587287E+00  6.93588596148593695E+00
  2.99785386141821708E-01  3.30802925319589258E+00  6.29065902030610746E-01  2.32678409694058086E+00
  4.88813983084759374E-01  4.59792073893806919E+00  9.39382740702283847E+00  3.03637367456173113E+00
  4.84429066430730915E-01  6.91193277384156168E+00  1.12627912204292393E+01  1.14133171688358370E+01
  3.91639445074813297E-01  1.17154749938645004E+01  6.65578506972487904E+00  1.08627930545351759E+00
  4.49792344455842874E-01  3.16290139678980164E+00  5.09636630064612106E+00  7.66039521399588264E+00
  4.58420388086688613E-01  3.46611998749830841E+00  4.36062899527589742E+00  4.98859990012396537E+00
  4.28056431560671025E-01  1.32083980597089798E+01  5.30007417520754487E+00  1.46720349723762511E+00
  5.80490670513443274E-01  4.57940329911987121E+00  4.78139856685780984E+00  2.71626952161996016E+00
  5.64404144318620404E-01  2.20043378917523409E-02  4.88758934796803235E+00  6.16968375531974011E+00
  5.86062212635089952E-01  1.24536184836710362E-01  7.67061866358252953E+00  9.49043166560083584E+00
  4.58420388086688613E-01  9.65876153804740056E+00  4.09247771971442109E+00  9.57323150918040433E+00
  5.34458872568623455E-01  1.04830267772799637E+01  2.87472637075319293E+00  7.96890167983513553E+00
  3.49822487141294602E-01  7.70332198354819830E+00  3.31409977206701789E-01  7.78834737697719603E+00
  3.96383251075161813E-01  1.34107789682435410E+01  1.91020608113596291E+00  1.26366903200389089E+01
  5.80490670513443274E-01  9.09367847871003754E+00  1.08714649038880946E+01  1.45018353783697651E+00
  4.49792344455842874E-01  8.85702250857108098E+00  1.04539511549140443E+01  1.09322328065846026E+01
  3.55575626152149271E-01  5.32281415256816715E+00  6.22555667671232893E+00  4.44020606184591404E+00
  4.49792344455842874E-01  3.56314017388510607E+00  1.00910145502106090E+01  1.03427980015203236E+00
  3.24058750641704252E-01  8.54895742471684095E+00  1.04588671203235020E+01  1.02226179718823822E+01
  4.88813983084759374E-01  1.30815519967834692E+01  1.08634690478925187E+01  6.48447138905703468E+00
  2.14322779410510394E-01  7.81608181874289532E+00  5.09511733880222639E+00  1.17112683947355301E+01
  3.43844632468353784E-01  1.32875203774466097E+01  1.18548829099086266E+01  1.47112326279496819E+00
  4.93220738472549158E-01  1.11634010738401166E+01  1.26711728297007493E+01  8.81678425197237203E+00
  2.89926324498661514E-01  1.20574037572890038E+01  1.29759463301589388E+01  1.27340968224698976E+01
  4.10231171689561747E-01  1.04385192778061135E+01  5.39090668143844542E+00  6.66570861354097133E+00
  5.44158343748334383E-01  1.10892695029005282E+01  2.30433079876639946E+00  6.58658196721929468E+00
  4.45471777578522854E-01  9.35343530559706338E+00  9.16260579011355425E+00  1.00630411880373707E+01
  3.61137627255947724E-01  9.97955436490532932E+00  4.41781740450323746E+00  1.17779603808030480E+01
  3.49822487141294602E-01  9.55483434237395812E+00  7.43837820201266098E-01  6.62534094430403631E+00
  5.69669339224686877E-01  7.05473268982341217E+00  3.93039958397812716E+00  5.31247280311336301E+00
  5.69669339224686877E-01  1.07609268648453451E+01  7.65667082282398948E+00  9.58930744656688105E+00
  3.91639445074813297E-01  8.33212586632811947E-01  4.05659632337981879E+00  1.13433701183223050E+01
  5.80490670513443274E-01  1.33492659371537190E+01  4.35585279736102660E+00  2.18567415972023849E+00
  2.14322779410510394E-01  4.55737659799507266E+00  6.38200215122264503E+00  5.33237255592318959E+00
  3.86818426119931114E-01  1.21772547175861234E+01  1.18421771624115966E+01  4.03767128552230314E+00
  5.49108239936929698E-01  1.06473147065720877E+01  6.51636536339110872E+00  1.16823304219631297E+00
  4.80063103612331954E-01  4.88401672053975044E+00  2.59459337882066476E+00  7.52333996425323814E+00
  5.44158343748334383E-01  7.23666887198720765E+00  1.33182075992893534E+01  7.15089189643804968E+00
  4.10231171689561747E-01  7.40387139605416777E+00  2.48410678572938703E+00  2.71439884909355866E+00
  5.80490670513443274E-01  1.33533374210262306E+01  1.25748951110579341E+01  3.38800635702128705E+00
  3.16615288597822842E-01  4.79561367799241545E+00  5.61081401609427211E+00  7.46107831222696216E+00
  3.30997587999695309E-01  6.37031814292824539E+00  4.18827628945766595E+00  4.00002489353200641E+00
  5.29698296771959232E-01  4.68050965991257328E+00  1.70848252187006255E+00  4.27957786073660351E+00
  5.75027356379647192E-01  4.82187652773513786E+00  3.23151520318842955E+00  4.45423518299788679E+00
  5.39277054206551698E-01  9.03178093555667694E+00  8.54291181111707409E+00  5.97305886453266588E+00
  5.06617780002852514E-01  1.17277528622916911E+01  5.10191131813002574E+00  5.95422689795005677E+00
  4.93220738472549158E-01  6.80987575778620791E+00  1.60465997196912125E+00  9.48070983731738437E+00
  4.10231171689561747E-01  8.28737532777462982E-01  4.36772737590650539E+00  6.40310893849086771E+00
  5.86062212635089952E-01  7.65563098195892966E+00  1.03370128745676215E+01  1.32285817918079864E+01
  3.37575933792008509E-01  1.04882764515357909E+01  7.51441245983406425E+00  8.72682604008876162E+00
  3.66532661804007787E-01  6.14816636083196055E+00  1.30581204160400315E+01  2.52554642540307750E+00
  5.54129086970597151E-01  6.76284383237256215E+00  3.32571317589237259E+00  1.01170673599020144E+01
  4.01058911976384491E-01  1.03825122160735148E+01  1.19556854924565048E+01  7.49279428411037518E+00
  3.24058750641704252E-01  2.98109783244629445E-01  5.75140748744960106E+00  1.60027417575414321E+00
  3.86818426119931114E-01  8.36405529204987985E+00  1.26190517955308330E+01  6.38056042977559468E+00
  3.37575933792008509E-01  7.99030554305800234E+00  2.64426689816279659E+00  1.25938050572581126E+01
  4.19212477446155474E-01  2.80936099299203157E+00  3.10959470452596332E+00  6.20951902767798813E+00
  5.64404144318620404E-01  1.93868534513988489E+00  7.31588496613837425E+00  8.32967825575041054E+00
  2.89926324498661514E-01  1.23819297594865532E+01  7.58449635902894714E-01  7.57732475932040828E+00
  5.91749286368603356E-01  1.09301678803673230E+01  9.68759830466724559E+00  1.14916847174907204E+01
  3.49822487141294602E-01  4.60367848098984744E+00  1.01554745704081597E+01  1.22800797724021784E+01
  3.91639445074813297E-01  1.20575766151873931E+00  1.32432338215854521E+01  4.99834906779726218E+00
  3.61137627255947724E-01  7.76113178947849303E+00  6.14465638156194682E+00  9.16801618968722387E+00
  5.44158343748334383E-01  4.11030625603530630E+00  7.28757787339691543E+00  1.03608200024197838E+01
  4.41142703402056136E-01  3.86651342163260248E+00  1.03725961438694014E+00  7.37114389739349463E+00
  5.34458872568623455E-01  4.01842509876657417E+00  6.53635280551037035E+00  2.27808519608390636E+00
  5.91749286368603356E-01  9.99545909607016392E-01  1.14198793647411705E+01  4.16876163390231103E+00
  4.62733810730875383E-01  1.16774486441638743E+01  3.23171921863767642E+00  8.55271152952746228E+00
  5.91749286368603356E-01  1.10893770254220261E+01  7.60923563308348339E+00  6.08603050809050128E+00
  5.91749286368603356E-01  1.99997612477749875E+00  7.98794110842144978E+00  9.65529024258193203E-01
  3.86818426119931114E-01  6.95229517145093379E+00  1.77502260831299452E+00  1.18297543911217051E+01
  4.01058911976384491E-01  1.09638156993209410E+01  1.04962832476858576E+01  5.95240165059729165E+00
  2.89926324498661514E-01  4.81111597966376969E+00  9.53264287877493066E-01  9.56708620909400409E+00
  5.64404144318620404E-01  1.18144290761856894E+01  1.04196792382358527E+01  3.02472335423658922E+00
  3.49822487141294602E-01  9.28576238856857117E+00  2.49426869129423867E+00  1.30996513107793167E+01
  3.37575933792008509E-01  9.88197545573388858E+00  9.06094057089500748E-01  7.83918800197310472E-02
  5.11150069422808828E-01  9.04855217220208630E+00  1.95654300635279466E+00  7.48216351701630145E-01
  5.39277054206551698E-01  1.24726207746126541E+01  8.52626918168663650E+00  1.08027388961756312E+01
  2.46370760027530694E-01  5.67522502839550302E+00  1.14466884604124061E-01  9.51059499704301459E+00
  2.64730453937343402E-01  2.21773811418210931E+00  4.28242289123412945E-01  4.16619862135056440E+00
  5.06617780002852514E-01  8.57210147341246120E+00  1.14908856789322442E+01  3.90373294503141954E+00
  5.20333150277951795E-01  1.03726181418053365E+00  8.76120658272764352E+00  6.91759504905510081E+00
  4.71376829571238165E-01  1.06706999850952444E+00  5.97083102564506873E+00  2.92438548130475251E+00
  2.46370760027530694E-01  8.68863557607192227E+00  4.33680198438469144E+00  2.95390634548524078E+00
  2.64730453937343402E-01  1.18963599817168930E+01  7.38362356413376641E+00  4.41737596820600231E+00
  5.86062212635089952E-01  6.84549977232734541E+00  6.44420251412589984E+00  4.94795986917860464E+00
  5.24991069551568490E-01  6.27411772460789052E+00  1.30302358409721943E+01  8.25753638352238611E-02
  5.86062212635089952E-01  5.08196826146112812E+00  1.13987971511375399E+01  1.06468644124027882E+01
  4.62733810730875383E-01  4.30530435183134497E+00  9.33946093220045981E+00  1.00643320898904225E+01
  2.64730453937343402E-01  3.52998607802292153E+00  1.76873640124844789E+00  1.12749133838493076E+01
  4.23649157779161234E-01  7.44470077107221417E+00  1.22715097218313680E+01  4.84484478692862286E+00
  4.58420388086688613E-01  1.07267516299803098E+01  9.45495100885277395E+00  2.74867114766332321E+00
  3.08607932839089050E-01  6.71836776810906500E+00  1.01711304802182703E+01  1.34165716997610485E+01
  4.45471777578522854E-01  2.86599950407260051E-01  1.03415366944963374E+01  9.66640676990194736E-01
  5.39277054206551698E-01  2.63014923716067583E+00  9.23267774011589815E+00  8.20596835128827173E+00
  4.28056431560671025E-01  1.14923030500267238E+01  9.55543634926797658E+00  8.71150504482911892E+00
  4.88813983084759374E-01  7.62577037898032728E+00  1.20399348779612385E+01  1.32720294035008468E+01
  3.16615288597822842E-01  3.36196985461612030E-02  8.06112694518721251E-01  1.15012431363354732E+01
  4.28056431560671025E-01  9.50179030040695149E-01  1.08258567734552589E+01  3.29212940530919873E+00
  5.06617780002852514E-01  6.81804433326531711E+00  1.04872624515742299E+01  5.46457627147957492E+00
  3.43844632468353784E-01  1.33019282294507146E+01  8.93836776082429907E+00  4.38537530639207240E+00
  2.89926324498661514E-01  7.26183461653273010E+00  9.82021128007106014E+00  4.29774589612305691E-01
  5.80490670513443274E-01  5.13236121412361168E+00  1.07422722666582455E+01  1.00530991982781792E+00
  4.28056431560671025E-01  1.30637064388508737E+01  9.25686718881094883E+00  1.10320026530583348E+01
  5.11150069422808828E-01  9.63781713727580147E+00  6.14278215826462493E+00  9.52137448126964792E+00
  5.02120514290034237E-01  9.84554206513527674E+00  1.20485618053686205E+00  1.88550730269093236E+00
  4.58420388086688613E-01  1.07324824538677550E+01  1.07184002515675338E+01  1.15251330593231032E+01
  4.71376829571238165E-01  7.47228803467941916E+00  8.86053369863917339E+00  8.41550580335040799E+00
  3.16615288597822842E-01  9.78244483920580521E+00  7.09129480661883793E+00  8.27299160461367933E+00
  3.43844632468353784E-01  6.47482348909636407E+00  8.77381476466902122E+00  2.67446190909394765E+00
  4.32438693220842718E-01  1.14117033362519926E+01  8.17105145281161604E+00  1.09924554977407087E+01
  4.80063103612331954E-01  1.14031592352593170E+00  7.23160144277655625E+00  1.19157364353009427E+01
  4.80063103612331954E-01  8.91089234154478937E+00  8.79396277299608542E+00  2.67063133658391694E+00
  4.23649157779161234E-01  5.72595835241048601E+00  7.76637771533300114E+00  5.01789484626505189E+00
  3.43844632468353784E-01  3.70370811946828127E+00  4.76550165031792972E+00  9.12495245867673255E+00
  2.99785386141821708E-01  5.30012524061484580E+00  5.41379195791207568E+00  1.09297190471923433E+00
  3.37575933792008509E-01  7.89542200196298705E+00  6.80419312463590664E+00  8.98061763432614946E+00
  4.36799992478945909E-01  1.26421328373629898E+01  1.12478272192840425E+01  1.03617000088106437E+01
  4.71376829571238165E-01  5.36511042381412562E+00  5.76417442395567026E+00  6.93863279069282068E+00
  3.55575626152149271E-01  4.93189376149727021E+00  2.37607829073588528E+00  4.80339776062416401E+00
  4.62733810730875383E-01  8.31040304147608211E+00  2.20014207898794645E+00  7.04771810337781268E+00
  4.14741582532007880E-01  9.64822461210929561E+00  1.49660820397741468E+00  6.71910937974084543E+00
  5.64404144318620404E-01  7.30990323447424739E+00  5.99067454514356945E-01  8.71633694517579194E+00
  3.71781505092813103E-01  1.23069400041946633E+01  1.28503793846315446E+01  1.21333678777644245E+01
  5.75027356379647192E-01  4.21156773879344737E+00  9.69858789515667397E+00  4.58475798800730150E+00
  4.67051022334941945E-01  1.06363198751530579E+01  2.73688400904578089E+00  2.32981260703020776E-01
  4.97655099191040562E-01  2.25868696853956941E+00  1.15530978716543480E+01  8.43518583894731400E+00
  5.44158343748334383E-01  5.81804770046494024E+00  9.78303572218176853E+00  1.11905756627228978E+01
  4.84429066430730915E-01  7.05820130090891240E+00  8.47740946880611368E+00  9.18696194525991139E+00
  5.64404144318620404E-01  1.20109348599447276E+01  8.65587840019280819E+00  3.81153985218206204E+00
  2.46370760027530694E-01  5.82867203884042517E+00  3.11417244634952295E-01  2.38320478647428935E+00
  5.39277054206551698E-01  1.09324230519957020E+01  6.81929135754134386E+00  1.25650798664588699E+01
  5.29698296771959232E-01  9.10512624537950899E+00  5.60742061602065878E+00  3.97792099107882935E+00
  4.45471777578522854E-01  3.01858321192387447E+00  5.38133318785473946E+00  1.23847753065541202E+01
  5.91749286368603356E-01  3.65793910858196281E+00  1.15730096167484255E+01  4.18444617909672623E+00
  4.10231171689561747E-01  1.84030172414565735E-01  5.28910269102572084E+00  2.15918853331647398E+00
  3.76902076901479588E-01  6.64204975108677242E+00  3.28575877378996983E+00  1.18904851210379814E+01
  5.91749286368603356E-01  9.27526079493442701E+00  6.11118721040346546E+00  1.17040989073763804E+01
  5.75027356379647192E-01  6.88576404230918726E+00  1.16887143450735635E+01  1.04444845945267986E+01
  4.14741582532007880E-01  1.22983500386401321E+01  1.84532383566257230E+00  9.89769560484128341E+00
  5.91749286368603356E-01  7.51877008272037983E+00  1.21738322948017448E+01  7.47827591589294016E+00
  5.34458872568623455E-01  6.02861032488507043E+00  1.53214261360537507E+00  1.33281341470103598E+01
  3.08607932839089050E-01  1.74493355729908517E+00  5.87055218160730341E+00  8.59663026147611475E+00
  3.86818426119931114E-01  8.77765292171697631E+00  9.59131896919367932E+00  6.35306877249415791E+00
  4.45471777578522854E-01  1.14137378429928820E+01  6.18351813521523486E+00  1.70767325530097680E+00
  4.14741582532007880E-01  1.21316385797505610E+01  1.06023264430433306E+00  8.16300077980175054E+00
  3.61137627255947724E-01  1.22076385280104582E+00  6.67793101183374915E+00  3.63749451001543056E+00
  4.97655099191040562E-01  5.21649826028909036E+00  2.35035309676801002E-01  1.19967526147910108E+00
  3.49822487141294602E-01  5.58396288447408917E+00  4.94035375483971251E+00  9.69629283371247297E+00
  4.10231171689561747E-01  7.20026179403817679E+00  1.32325394266371212E+01  1.05495636485279025E+01
  4.14741582532007880E-01  1.25448245509076468E+01  1.08722090307666548E+01  1.09381858553783173E+00
  5.91749286368603356E-01  4.95609264524123994E+00  6.53654910384638299E+00  1.02617671882189576E+01
  2.89926324498661514E-01  3.24674618152439987E+00  3.96490890381262151E+00  8.38265145506868770E+00
  5.39277054206551698E-01  1.15608048516907065E+01  1.34915337167177647E+01  4.59486694697624820E+00
  2.89926324498661514E-01  7.21787177929986790E+00  2.26649603964204749E+00  3.30756472806601420E-01
  3.16615288597822842E-01  9.09270622913420645E+00  2.10610175653398457E-01  7.98021321585208998E+00
  4.14741582532007880E-01  7.63933208406778608E+00  7.74208609924310220E+00  7.31246918717483130E+00
  4.67051022334941945E-01  1.04495824044392460E+01  1.06863563827739094E-01  1.14405576398160242E+01
  5.75027356379647192E-01  9.20924098712067973E+00  1.97665415599568806E+00  1.23382407306526414E+01
  4.75713279310277237E-01  7.36974043243288524E-01  6.95569513975011944E+00  4.26178226601806820E+00
  5.54129086970597151E-01  1.01284573497965802E+01  9.03222321390777871E+00  5.89531104897306157E+00
  3.86818426119931114E-01  8.04767550879869908E+00  7.21799129897365255E+00  2.28588780212038722E+00
  4.80063103612331954E-01  6.03970071494638105E+00  7.93962319591176691E+00  1.06929576606185694E+01
  4.32438693220842718E-01  4.30179110810625431E+00  1.28009420874214408E+00  2.29268075371943247E+00
  2.99785386141821708E-01  1.13963496265176332E+01  1.17428779520234006E+01  4.16772384926287920E+00
  4.10231171689561747E-01  9.54920489447382259E+00  5.98480369792302458E-01  1.02644200922429381E+01
  5.64404144318620404E-01  8.92989558383418114E+00  4.62862180856855210E-01  1.32708190407604434E+01
  4.97655099191040562E-01  7.95152268673616724E+00  6.68656311731544051E+00  9.80564605879872175E+00
  5.69669339224686877E-01  1.03329121538377393E+01  4.15873894076905870E+00  1.09572373096471303E+01
  5.86062212635089952E-01  9.62989050532329038E+00  3.69986679553140307E+00  1.22863165534858378E+01
  4.14741582532007880E-01  1.15786435616308285E+01  1.17425395738627731E+01  6.88508420242056207E+00
  5.86062212635089952E-01  4.39732374667983184E+00  1.03263764706335017E+01  1.04061963544123053E+01
  5.24991069551568490E-01  2.03559258241359897E+00  1.05106551301069295E+01  5.58560859631596962E+00
  4.62733810730875383E-01  2.14294996780268932E+00  1.31964218192022518E+01  7.79441619432150290E+00
  5.69669339224686877E-01  1.01036198720510075E+01  1.69220026609335972E+00  5.60471992544217645E-01
  4.75713279310277237E-01  2.84691664102526154E+00  5.31096726287721665E+00  1.13597116059592498E+01
  4.75713279310277237E-01  8.59611778646721980E+00  6.84600748945842330E+00  1.20748962462002147E+01
  4.05674446517406473E-01  9.91714112496983269E+00  1.13242033859837021E+00  7.40298506231372677E+00
  5.06617780002852514E-01  1.60246562753629140E+00  5.07683630247633566E+00  1.25376980606614730E+01
  5.44158343748334383E-01  6.11450960144075406E+00  3.64719625155313532E+00  5.83633686639121940E+00
  5.69669339224686877E-01  4.80614819547563243E-01  1.87198452829918849E+00  5.19484869667188498E+00
  3.30997587999695309E-01  7.32986649264685575E+00  1.21838810713660965E+01  5.58546241684533395E+00
  3.43844632468353784E-01  4.91245317938801307E+00  1.07256159019722421E+01  3.07171281173534538E+00
  4.36799992478945909E-01  1.24226538282835612E+01  4.85138973716542310E+00  9.02206233217810194E+00
  5.75027356379647192E-01  9.93209933949429669E+00  5.08728097175605143E+00  9.62409998675977363E+00
  3.49822487141294602E-01  1.12606658295426758E+01  1.28753545201595259E+01  1.34794859738751747E+01
  4.41142703402056136E-01  9.33116791500938980E+00  9.79035697879800382E-02  5.00408039418576767E+00
  5.44158343748334383E-01  1.13275092194399924E+01  9.09043649346426186E+00  1.21011253412239994E+00
  3.55575626152149271E-01  1.20536472891654771E+01  3.68531522286348467E+00  4.40164282646604033E+00
  3.61137627255947724E-01  4.40107782980343087E-01  1.16944319884647352E+00  1.81227368212713613E+00
  5.06617780002852514E-01  1.58253910924150931E+00  1.24546630281610877E+01  3.57141127362387589E+00
  3.16615288597822842E-01  5.61104244341407110E+00  1.31492083175633923E+01  1.10288737331117410E+01
  4.58420388086688613E-01  2.77390995218274439E+00  4.28489696647726337E+00  9.14151215771895953E-01
  5.59225941233592594E-01  7.59600538215874987E+00  9.61804448025535774E-01  9.75652740981066202E+00
  4.62733810730875383E-01  1.02109941581921770E+01  5.17732301648610882E+00  7.48082207257774900E+00
  5.64404144318620404E-01  8.06611769891739527E+00  9.19982189919702376E-01  1.55491221645006128E+00
  5.69669339224686877E-01  1.01181019935476098E+01  2.25783880336068066E+00  7.12889633239723430E+00
  4.41142703402056136E-01  7.15183661860445241E-01  1.20116222498501957E+00  5.91333611316316787E+00
  4.19212477446155474E-01  8.38766727141435631E+00  1.15377849754888384E+01  1.68849670087326831E+00
  3.43844632468353784E-01  6.69040778083522181E+00  1.14525889166946051E+01  1.27811065609329066E+01
  3.16615288597822842E-01  9.60939452736307231E+00  3.86202441856521661E+00  4.29344714407851935E+00
  5.24991069551568490E-01  1.10066011056971362E+01  3.79468233053804260E+00  8.00124291756309880E+00
  5.11150069422808828E-01  5.43423147698698994E+00  1.18230206559632656E+01  9.63709493572506126E+00
  3.08607932839089050E-01  1.00387999869014632E+00  2.23426422367231314E+00  1.00584244110735010E+01
  3.55575626152149271E-01  1.09879199428332601E+01  8.16364783080361001E+00  1.03286698933150394E+01
  4.10231171689561747E-01  3.67060886001423903E+00  3.08356281678561937E-03  8.58637849747295689E+00
  4.32438693220842718E-01  9.05517067685972954E+00  3.82837672153279218E+00  1.31702806216361310E+01
  3.61137627255947724E-01  4.42606285253998144E-01  1.04935263374013079E+01  1.74312135455393080E+00
  5.02120514290034237E-01  6.00919650235301184E+00  4.59922983977061861E+00  7.96943936260897878E+00
  4.80063103612331954E-01  6.23366951211620623E+00  7.38885722550315549E+00  4.84135709416276594E-01
  3.86818426119931114E-01  1.33112177196326673E+01  1.53195532332326767E+00  1.50836505729542680E+00
  2.78555296554233556E-01  1.28782594066310718E+01  1.38355344466140084E+00  2.05994855751685613E+00
  4.05674446517406473E-01  1.13471789243552408E+01  4.37337566299766678E+00  4.90026447200963311E+00
  4.54107542322554236E-01  9.16656697970958056E+00  1.92783202073967930E+00  7.31060788807598971E+00
  3.91639445074813297E-01  8.09629887693957251E+00  7.30970428865697386E+00  8.49499831054781396E+00
  3.81909890374632355E-01  5.32961925720601215E+00  6.14884659171906023E+00  5.23310792705459171E+00
  4.19212477446155474E-01  6.03858357429623993E+00  8.48123853088118906E+00  5.35327883242908875E+00
  3.08607932839089050E-01  7.94742590518347480E+00  6.17327140003070163E+00  1.04328352082241675E+01
  5.69669339224686877E-01  1.29994931527875526E+01  3.13288691353262516E+00  9.67613097486640683E+00
  3.43844632468353784E-01  4.39377346639668875E+00  5.70041406851981947E+00  9.78338391008703923E+00
  4.80063103612331954E-01  1.15400372653202528E+01  9.27109168548466478E+00  6.84334119243702954E+00
  3.91639445074813297E-01  7.73962714584112987E+00  7.81153865603740805E+00  2.68345046889954419E+00
  3.86818426119931114E-01  9.07119402194365776E+00  1.15746220817164893E+01  2.11388027355320629E+00
  3.76902076901479588E-01  4.04744790867935311E+00  1.04373991443834715E+01  8.24586895763240335E+00
  5.69669339224686877E-01  2.18189753030828193E+00  5.80421750673057169E+00  1.19966220494297087E+01
  2.46370760027530694E-01  3.80270044763712445E+00  8.94842659915748584E+00  7.93740705075011022E+00
  5.91749286368603356E-01  1.14728310013126595E+01  7.61459499287554187E-01  1.42721402703370015E+00
  5.24991069551568490E-01  9.90504724867042619E+00  7.07533342108916941E+00  4.15204522495246930E+00
  4.36799992478945909E-01  7.24134383574530283E+00  1.73386427773772756E+00  4.01646036166302078E+00
  5.44158343748334383E-01  7.31439118602399319E+00  8.98628464871500121E+00  5.68546063258426493E+00
  5.39277054206551698E-01  1.06406824496440713E+01  1.23082472259958760E+01  9.67291636449333048E+00
  4.80063103612331954E-01  9.01433607484049659E+00  7.74376976779179849E+00  4.50778534584733215E-01
  4.01058911976384491E-01  1.22357040956849676E+01  4.00430014828398129E+00  1.97571430900956813E+00
  2.78555296554233556E-01  1.21823682767910224E+01  1.27898508632573886E+01  7.08378552271670014E-01
  4.71376829571238165E-01  1.13777052443382214E+01  5.15613231311119247E+00  1.24024716839817639E+01
  4.67051022334941945E-01  8.59942719500783426E+00  2.86971590712074187E+00  5.16988774719342725E+00
  4.14741582532007880E-01  3.42444079970472393E+00  3.01797883518362742E+00  7.86063011656196853E+00
  2.64730453937343402E-01  6.47969645627220459E+00  1.18462480495953688E+01  2.59221204360297985E+00
  3.61137627255947724E-01  9.32336669678791985E+00  1.05558773917135493E+01  1.33954011370694204E+01
  4.62733810730875383E-01  5.68002838985735714E+00  5.49130383495630880E+00  1.17406655190940619E+01
  4.75713279310277237E-01  8.75094005621066628E+00  2.58501917039435414E+00  7.88630059312594156E+00
  3.24058750641704252E-01  2.45488007273345676E+00  4.34652916488576313E+00  2.27569512193651624E+00
  4.41142703402056136E-01  4.52019662656677657E+00  7.20507871049075010E+00  1.17149074888029325E+01
  4.28056431560671025E-01  7.37595442716767247E-01  1.20854309211743072E+01  3.41937827543119166E+00
  3.91639445074813297E-01  8.94205655797431298E+00  1.00102553550021067E+01  4.22854681216273320E+00
  3.61137627255947724E-01  2.44055649432981392E+00  4.69951169383390344E+00  2.86230135189505930E+00
  4.01058911976384491E-01  2.61504374879945756E+00  1.27315067515588343E+00  5.35885006608973136E+00
  4.58420388086688613E-01  1.11590909585520119E+01  4.84118710015190334E+00  6.69599920823074513E+00
  3.91639445074813297E-01  8.50199116143463840E+00  3.43879123356206096E+00  7.75471947453297528E+00
  5.44158343748334383E-01  9.23011636417573555E+00  6.43787560721992325E+00  8.59413631432106229E+00
  3.49822487141294602E-01  1.03036452659242639E+00  8.01225081614692769E+00  4.41073385033794452E-01
  3.86818426119931114E-01  5.98825867137103618E+00  6.54682012859377949E+00  1.10276276006230738E+01
  4.36799992478945909E-01  7.15385919201719389E+00  7.33779006302909309E+00  2.52348915874374524E-01
  4.97655099191040562E-01  7.32132433143994632E+00  9.06014587819700701E+00  9.93230957430152195E+00
  3.76902076901479588E-01  1.04564320670924698E+01  5.83183491964759870E+00  7.94569535819082162E+00
  3.24058750641704252E-01  6.92978501009661230E+00  1.20716020302429925E+01  1.28536867170876565E+01
  2.46370760027530694E-01  8.11190938823371432E+00  1.03839911269594154E+01  4.97013641926506011E+00
  4.45471777578522854E-01  8.94496876607940550E+00  6.96980945892889636E+00  9.53216180347023490E-01
  5.86062212635089952E-01  6.80529922943007204E+00  9.59140813211728283E-01  1.25458525941667318E+01
  4.97655099191040562E-01  1.11047261468043672E+01  7.92590852897876363E+00  5.04471939405547598E+00
  4.93220738472549158E-01  1.19806542433989733E+01  1.77976933540330351E+00  3.01624609038709135E+00
  5.11150069422808828E-01  3.35132686697394533E+00  7.77786460956439996E+00  5.87488609378229754E+00
  4.36799992478945909E-01  8.46184312385862647E+00  6.32808383485737647E+00  4.00216850458421192E+00
  3.49822487141294602E-01  5.13565190657892945E+00  4.41645407983014326E+00  3.42818305833755188E+00
  3.76902076901479588E-01  2.22456390882940980E+00  1.39164031096894902E-01  1.18041968747522219E+01
  4.23649157779161234E-01  4.14536069603613821E+00  9.82263665294196642E+00  1.28062829121028088E+01
  4.54107542322554236E-01  1.30429870866839992E+00  4.45431042477134653E+00  9.28409866656887139E+00
  3.86818426119931114E-01  1.32878830339678462E+01  3.50206513228269900E+00  1.05099232638093110E+01
  4.54107542322554236E-01  1.59831915453519224E+00  6.42359982499215931E+00  9.60212759345860078E+00
  2.14322779410510394E-01  1.01172436836900612E+01  4.85696589359178077E+00  1.14172128195966973E+01
  3.66532661804007787E-01  6.20627347567267407E+00  8.80080915347217463E+00  9.01682246352649130E+00
  3.30997587999695309E-01  1.43988161586996322E+00  1.16947399162548500E+01  1.30725531927310286E+01
  4.75713279310277237E-01  1.32873995582659745E+01  8.17182611402226300E+00  1.27796512510141387E+01
  5.91749286368603356E-01  7.68325430546472954E-01  7.13536692365171454E+00  7.14768017644475617E-01
  2.64730453937343402E-01  9.23518603162005292E+00  6.28798978311247669E+00  1.01679146187947556E+01
  4.71376829571238165E-01  1.17087008612955867E+00  1.19321258600922224E+01  1.23548541435989652E+01
  5.64404144318620404E-01  1.18186742349894196E+01  7.47507208240748255E+00  6.05464556088342598E-01
  2.78555296554233556E-01  4.39751717768799200E+00  9.63404284229777375E+00  9.39077045044955483E+00
  4.45471777578522854E-01  6.42183472382624210E+00  6.27562665958164256E+00  3.56150850128254959E+00
  3.49822487141294602E-01  1.18459354690476335E+01  1.13108843279537954E+01  2.82709617371488831E+00
  5.29698296771959232E-01  6.76561758587711903E+00  9.40627511640143865E+00  1.15262942510589621E+01
  5.59225941233592594E-01  6.74320607474254174E+00  2.09221388339819425E+00  1.26960027364244254E+01
  5.54129086970597151E-01  1.10895509641709467E+01  1.33103832129349993E+01  1.22185823472293418E+01
  3.91639445074813297E-01  3.58750635331094703E+00  1.00388065989673514E+01  1.22526832019912799E+01
  5.34458872568623455E-01  9.29042891663710435E+00  1.50023038864065716E+00  1.33365792686223887E+01
  5.34458872568623455E-01  6.01876850267218355E+00  9.04316572033153854E+00  1.10657255137293253E+00
  4.45471777578522854E-01  7.40654956746312454E+00  2.54553474266120272E+00  3.56775110226682601E+00
  5.34458872568623455E-01  6.99890546063016838E+00  1.13711712934519582E+00  1.71821615658442939E+00
  3.24058750641704252E-01  6.11270485263427599E+00  1.09270092276825377E+01  8.01570115837430031E+00
  3.08607932839089050E-01  8.43657067708796760E+00  7.15481911409090632E+00  5.89053893347366753E+00
  5.91749286368603356E-01  5.31819013560636566E+00  3.06180299650194199E+00  1.27850279890263092E+01
  3.08607932839089050E-01  5.91090332701884602E+00  9.08654464140709095E+00  2.57667958104052763E+00
  3.30997587999695309E-01  9.81479513011577254E+00  1.25773445336215506E+01  2.43064543301157077E+00
  3.71781505092813103E-01  6.19377505450054944E+00  7.68044633430522339E+00  4.19243545583672983E+00
  5.54129086970597151E-01  1.02260056617478838E+01  1.04662599000595122E+01  1.59784512737809337E+00
  3.66532661804007787E-01  4.18537190509067170E+00  1.33318337258934005E+00  5.46169314362553315E+00
  2.89926324498661514E-01  1.20087359764383326E+01  2.34825021807739509E-01  3.92059524994964415E+00
  4.41142703402056136E-01  1.01962362179760184E+01  5.64910553789080438E+00  1.16354938519411260E+01
  4.05674446517406473E-01  1.48482700605898565E+00  1.33801433295463923E+01  1.53732676865358808E+00
  4.58420388086688613E-01  4.75342619363481411E+00  8.54702836710804448E+00  2.64228871726794345E+00
  5.75027356379647192E-01  1.01415364802493464E+01  2.15500677266696039E+00  1.30116583179373375E+01
  3.24058750641704252E-01  2.10749800940635845E+00  8.95339332241948327E+00  8.83327160373515596E+00
  3.30997587999695309E-01  9.66241090544663450E+00  4.31861006525731295E+00  1.03532738712782386E+01
  5.11150069422808828E-01  1.08625279668486812E+01  3.56259240633380214E+00  1.02040290292028786E+01
  4.45471777578522854E-01  8.64852179061064419E+00  1.33404774570475304E+01  1.26548982600533355E+00
  3.43844632468353784E-01  2.38746433578858896E+00  1.05127454561181075E+01  1.07509117745701026E+01
  4.10231171689561747E-01  8.14883703831527839E+00  7.53196785869466190E+00  1.24114967868657207E+01
  3.71781505092813103E-01  1.81971190492770796E+00  1.20423644129680429E+01  9.28032852997818836E+00
  3.76902076901479588E-01  3.95078514060119901E-01  1.01605402876517514E+00  2.69601955830816920E+00
  5.69669339224686877E-01  8.89290197716491804E+00  7.28695319750875470E+00  7.95789611905173722E+00
  2.64730453937343402E-01  1.28506268024196970E+01  2.29082579003690379E+00  1.08819664100155200E+00
  4.32438693220842718E-01  4.16029579360521673E+00  9.49621701865995504E+00  1.20153960290934325E+01
  4.49792344455842874E-01  1.33719682495362111E+01  1.16933705441448144E+00  9.15596952757587879E+00
  3.55575626152149271E-01  6.91175450729904828E+00  5.98963387085546639E+00  6.19537596571194538E+00
  4.58420388086688613E-01  1.11331680038140881E+01  8.06356793093894630E+00  1.22703055636598557E+00
  3.76902076901479588E-01  9.20943763937219728E+00  1.08256641075722371E+01  1.20503650755367477E+01
  5.91749286368603356E-01  9.73026933139153805E+00  1.02572672297885141E+01  1.14642696380917233E+01
  4.32438693220842718E-01  6.85340972074120014E+00  1.19205785510374582E+01  4.31325375141242162E+00
  4.75713279310277237E-01  6.45539753788167192E-01  6.38229725764142053E+00  8.13904423320815873E+00
  3.37575933792008509E-01  5.11339204149489301E+00  9.82762140244468618E+00  9.92926290422861868E+00
  5.75027356379647192E-01  7.03059354324024177E+00  3.82902019142613526E+00  6.45667309482693952E+00
  2.14322779410510394E-01  2.42802512563152106E-01  6.14570685218472601E+00  7.62853231325087489E+00
  2.64730453937343402E-01  2.47561622984067053E+00  4.93906065012498718E+00  1.08270762492174324E+01
  5.69669339224686877E-01  7.73606631111031895E+00  1.30264187850399438E+01  8.23584979331993239E+00
  2.46370760027530694E-01  6.43294762388667341E+00  1.18217110032726467E+01  7.37927256365873752E-01
  3.96383251075161813E-01  1.01611629227051328E+01  6.59016953255902482E+00  8.63259794165524319E+00
  5.49108239936929698E-01  3.81051820106292816E+00  7.66336562693081014E+00  1.56860542636497580E+00
  4.62733810730875383E-01  6.29878241117768489E+00  1.01273866278103846E+01  7.79466400468314635E+00
  4.88813983084759374E-01  8.99347862304722412E-02  8.23658541425961666E+00  5.46050196378167563E+00
  5.64404144318620404E-01  9.24510837725662604E+00  7.96614804054645020E-02  1.22253531539181086E+01
  3.66532661804007787E-01  8.38554087418227390E+00  6.16339911514937189E+00  8.79493227621262541E+00
  4.36799992478945909E-01  6.87056708888495127E+00  6.87796806238079483E+00  4.02246469844498389E+00
  5.02120514290034237E-01  5.42344111045423127E-01  7.22038779249503282E+00  7.64615463241101789E+00
  5.15720700463495496E-01  3.27394931316751858E+00  1.33232981182941312E+01  6.91408915907217825E+00
  2.99785386141821708E-01  3.67147935686486981E+00  4.85482047622170132E+00  2.89414958028716152E+00
  4.23649157779161234E-01  1.10371889856505359E+01  1.21702852083872362E+01  1.16753070402078034E+01
  3.71781505092813103E-01  1.24930183368645888E+01  5.33136408167555942E+00  4.63794846250972626E+00
  5.80490670513443274E-01  1.32553391158923493E+01  9.24875494494075134E+00  5.37751621659272327E+00
  3.37575933792008509E-01  1.42439345343439028E+00  1.44770658398623087E+00  6.11924833569763926E+00
  5.06617780002852514E-01  8.82885972872587210E+00  1.24136229978491368E+01  3.37424103381559481E+00
  3.91639445074813297E-01  1.01710722762998049E+01  8.23075918793321870E-01  6.22152030578511717E+00
  3.43844632468353784E-01  9.60486727826371656E+00  1.17426092974218559E+01  1.08207129115208733E+01
  4.28056431560671025E-01  8.33907160592189456E+00  1.28676650485613546E+01  9.16631898358571640E+00
  4.36799992478945909E-01  5.77029718219048959E+00  5.92624650922023477E+00  7.73470354457327502E+00
  5.06617780002852514E-01  3.00306569030470660E+00  7.96867055206667274E+00  6.90165580390815947E+00
  3.66532661804007787E-01  8.11732620776092340E+00  1.19975027542966473E+01  6.03384975516749389E+00
  5.15720700463495496E-01  7.39136958374388087E+00  4.53458054952255907E+00  1.12714744594189611E+01
  5.34458872568623455E-01  5.64336268741071656E+00  9.04128535126377475E-01  9.39802085771910178E+00
  4.58420388086688613E-01  1.55961456604219784E-01  7.21271763016886513E+00  8.52542657086984867E+00
  4.41142703402056136E-01  8.06189548541289369E+00  1.28178122180756233E+01  2.98991395357461220E+00
  4.80063103612331954E-01  2.03859615197349875E+00  2.53777069238715125E-01  8.54887593963048253E+00
  4.49792344455842874E-01  2.22430807361701177E+00  3.19418780703782712E+00  3.22755279972345033E+00
  4.54107542322554236E-01  1.24955292344112632E+01  7.75085425623397439E-02  1.26119086886683576E+01
  4.41142703402056136E-01  1.13583960682068170E+01  6.87694245920019043E+00  9.84678544122832555E+00
  4.84429066430730915E-01  1.07064225344402857E+01  1.51127980503493653E+00  1.51362784977045672E+00
  5.34458872568623455E-01  8.65195440133436477E+00  3.84051358420575983E+00  5.62516831226183278E+00
  3.30997587999695309E-01  6.21121705351000930E+00  8.51071980303752440E+00  4.52087287041869845E-01
  4.75713279310277237E-01  1.29069112411798397E+01  1.32135578746458560E+01  2.54210003074569180E+00
  5.20333150277951795E-01  1.04522191617842299E+01  2.07760283261860712E+00  1.14799923624674829E+01
  3.86818426119931114E-01  5.13694817899486988E+00  1.17714436722386537E+01  6.16548180479626229E+00
  5.11150069422808828E-01  3.62844524952160308E+00  1.26683388573473525E+01  4.30385378526836604E+00
  3.43844632468353784E-01  1.15853791641410253E+00  1.34409512114019787E+01  2.97664544661399910E+00
  4.05674446517406473E-01  3.47830378618634573E+00  1.34441919209915053E+01  3.83936663911599529E+00
  4.84429066430730915E-01  1.13353269178453591E+01  8.73327294172004542E+00  7.61681749551657372E+00
  4.36799992478945909E-01  1.14065742086294950E+01  2.11681540866171680E+00  1.14238862517103801E+01
  3.30997587999695309E-01  8.33071105115935495E+00  4.45080531640255206E+00  1.62337362418076459E+00
  4.28056431560671025E-01  3.40919004383970314E+00  8.61234301073920960E-03  4.66773419852084448E+00
  5.29698296771959232E-01  1.21621689983521950E+01  6.33139224057858119E+00  3.39271650728367780E+00
  3.61137627255947724E-01  9.07689419736876424E+00  2.87037449604974659E+00  9.96358704698716124E+00
  4.05674446517406473E-01  5.67845353312094669E+00  1.00448776983553927E+01  1.29522041723735839E+01
  5.69669339224686877E-01  1.09729658068661760E+01  1.75390979728604290E+00  3.35205041813248439E+00
  3.16615288597822842E-01  1.34207847885868450E+01  5.69112068579725960E+00  1.27401734691852084E+01
  4.93220738472549158E-01  1.30442957907035186E+01  1.18841078140550405E+00  2.99967001077968876E+00
  4.80063103612331954E-01  4.45889465658911099E+00  6.47740483650667986E+00  1.36636574467894101E+00
  5.11150069422808828E-01  9.21938175328170573E+00  5.81055722734438795E+00  5.42231810259384606E+00
  5.75027356379647192E-01  8.26368331907550413E+00  9.53591021683587670E+00  1.01226852219747308E+01
  2.64730453937343402E-01  1.21918355051545113E+01  1.26293290217089638E+00  6.91871807649664827E+00
  2.14322779410510394E-01  1.19687958714638327E+01  1.04640207108266807E+01  1.19332995006018239E+00
  5.20333150277951795E-01  5.33668319184529150E+00  3.96032811930995621E+00  5.15192050817576241E+00
  3.16615288597822842E-01  1.08189104378356351E+01  4.42805492308913529E+00  8.56092390670156966E+00
  3.86818426119931114E-01  3.61716882179060173E+00  1.23175567513786532E+01  1.28850606606462001E+01
  5.34458872568623455E-01  5.31064874765817430E-01  6.99787995764294823E+00  1.11391534289715661E+01
  4.23649157779161234E-01  1.06806603657588131E+01  1.31792181797477941E+01  4.82916729421121005E+00
  5.24991069551568490E-01  5.23971303523029008E-01  5.48576775884157897E+00  1.20687559863994220E+01
  5.39277054206551698E-01  1.08923536684006983E+01  1.34193407636770825E+01  2.64976043363951597E+00
  4.97655099191040562E-01  1.30695028548258954E+01  5.43397372581937343E+00  9.36084876819897360E+00
  5.80490670513443274E-01  1.22302741220100160E+01  1.15918352963586848E+01  6.14824326664666820E+00
  4.54107542322554236E-01  6.38085419551711297E+00  1.06960805175652425E+01  6.36998016037319648E+00
  5.49108239936929698E-01  2.07113927378077056E+00  8.85643737291259825E+00  2.04996629540322228E+00
  2.14322779410510394E-01  8.76349721254166703E+00  3.37530396813204048E+00  1.17169485514125000E+01
  3.49822487141294602E-01  1.23108876661800437E+01  2.60657535389252715E+00  1.01043642080306668E+01
  3.16615288597822842E-01  5.81490142402811916E+00  1.25498321833198112E+01  7.48568238449385426E+00
  5.34458872568623455E-01  1.76897197547065566E+00  9.17677127226913925E+00  7.56745446918149067E+00
  2.99785386141821708E-01  6.72393804353575852E+00  1.08859945113675369E+01  1.07519016817673467E+01
  5.02120514290034237E-01  1.20388464828151278E+01  1.21080500185423485E+01  8.56381831213752065E+00
  5.49108239936929698E-01  1.16816135912874497E+01  4.46409247695285316E+00  8.50024707386814882E+00
  5.64404144318620404E-01  7.77935243040010516E+00  1.68205221287934337E+00  1.25343455902780416E+01
  2.46370760027530694E-01  9.31279141598122351E+00  1.15809849004755900E+01  3.79684974656584684E+00
  3.71781505092813103E-01  1.28579103903684313E+01  6.06604708135216342E+00  1.28682332830682835E+01
  2.14322779410510394E-01  9.03419770905693298E+00  4.68850232047210103E+00  7.82517502499989970E+00
  3.81909890374632355E-01  5.10259183947343686E+00  1.20117821968385865E+01  7.68515217486722690E-01
  5.54129086970597151E-01  1.06756536938676181E+01  1.32133642688140251E+00  6.84613478965903166E+00
  4.80063103612331954E-01  6.01803764307425304E+00  4.67377237424677805E+00  5.31885787138542820E+00
  4.75713279310277237E-01  8.94310443579180081E+00  2.32431617258556589E+00  4.16525303246968548E+00
  4.01058911976384491E-01  5.21439284697740835E+00  3.30901615451857767E+00  6.97276149379880650E+00
  2.14322779410510394E-01  1.22698925206696998E+01  9.59810785550526546E+00  6.55987722196049727E+00
  3.49822487141294602E-01  7.33608351271651138E+00  6.25417551796090487E-01  1.07824366750077472E+00
  3.76902076901479588E-01  8.79652608176499307E+00  9.44470985801100227E+00  1.16680622523883315E+00
  4.71376829571238165E-01  1.00376340800779804E+01  1.04831651610869372E+01  6.22794404693334780E+00
  4.32438693220842718E-01  1.01491320548348387E+01  3.04949779660290954E+00  5.09922408576130515E+00
  5.86062212635089952E-01  1.03800734540183903E+01  1.09620246481256096E+01  1.31765149210540891E+01
  4.67051022334941945E-01  9.49197200471032332E+00  5.07612571859421369E+00  1.16591772407508181E+01
  4.97655099191040562E-01  9.01720782284132838E+00  1.11677005408509658E+01  4.16832030470342230E-01
  3.61137627255947724E-01  6.17365848206474244E+00  5.56976237981239120E+00  1.10858012380852902E+01
  5.11150069422808828E-01  7.66303281602432662E+00  1.26620133117212053E+01  2.12823183793432724E+00
  4.54107542322554236E-01  1.07820136330670184E+01  2.31745398289127857E+00  1.03924859044141615E+00
  4.62733810730875383E-01  1.01991575773722296E+01  1.27374990585015890E+01  7.17501850656766216E+00
  5.11150069422808828E-01  1.09799233453730203E+01  1.05644256048940317E+01  4.78888338083552512E+00
  5.49108239936929698E-01  4.29195411901513779E-01  5.51021221522684534E+00  8.63194344465870600E+00
  3.08607932839089050E-01  3.80335851995617347E+00  6.35352620130897439E+00  6.47070799113598483E+00
  5.75027356379647192E-01  1.16054444999971533E+01  1.65553380316514565E+00  9.01177433200025213E+00
  3.37575933792008509E-01  4.35372887901834105E+00  6.72263470395959928E+00  7.87285848783336561E+00
  4.14741582532007880E-01  2.83368242654969782E+00  7.50257908337280366E+00  1.18068547435803080E+01
  4.05674446517406473E-01  9.06770328562909711E+00  1.27702210479965093E+01  6.71185384832183463E+00
  4.67051022334941945E-01  4.81018142995559561E+00  3.10981784006603013E+00  1.08447480616088061E+01
  3.76902076901479588E-01  8.15687930876610734E-01  1.28676161547096832E+01  3.24689454538423794E+00
  5.75027356379647192E-01  9.55639044170863805E+00  1.09234184476609464E+01  1.03493993707348775E+01
  4.88813983084759374E-01  2.38717359162785137E-01  9.52055854636440202E+00  1.40951445256340557E+00
  5.91749286368603356E-01  9.04235610833412728E+00  7.42795224983383928E+00  1.28522299033666645E+01
  3.49822487141294602E-01  1.24750721201773977E+01  4.53793835108715093E+00  2.44635639924949322E+00
  3.71781505092813103E-01  9.44955221854316130E-01  1.03311867022790231E+01  4.83119058116887934E-01
  4.84429066430730915E-01  5.81552788003340426E-01  6.33230115481533229E+00  7.04657589604116019E+00
  4.23649157779161234E-01  6.34169645142509708E+00  1.13741484582951085E+01  2.11075702669075937E+00
  4.93220738472549158E-01  5.86652729008367735E-01  5.52812332174924492E+00  7.60223205111436862E+00
  4.67051022334941945E-01  1.24634194861352192E+01  4.08452474501462603E+00  1.30946588493311200E+01
  4.54107542322554236E-01  7.66165200112395972E+00  1.98817438880167674E+00  6.39727667720922089E+00
  3.81909890374632355E-01  1.00954953693460272E+01  1.34869066321198332E+01  5.28875754341560356E+00
  4.49792344455842874E-01  9.34691638678036796E+00  4.40132297590588006E+00  5.21198757301744031E+00
  3.91639445074813297E-01  9.77172460261357756E+00  1.76680569228267981E+00  7.87886382233582694E+00
  4.23649157779161234E-01  5.53181070148528331E+00  3.30386637298096586E+00  2.76934174032188807E+00
  3.71781505092813103E-01  3.89842674780588760E-01  9.13543960907146158E+00  3.90513352889030774E+00
  5.34458872568623455E-01  9.20946393309970901E+00  7.48436611496814930E+00  5.96527233686938008E+00
  4.14741582532007880E-01  1.10665261834209279E+01  2.50645721629076146E+00  1.29964085669894480E+01
  5.34458872568623455E-01  9.96013717110302643E+00  6.00710504677372548E+00  6.13327962287556794E+00
  4.88813983084759374E-01  4.03512755465147688E+00  5.26291177672250665E+00  2.16292172283158057E-01
  4.54107542322554236E-01  9.84738673381674090E-01  1.18225927491168648E+01  1.06286396914829222E+01
  3.91639445074813297E-01  1.26377055985370390E+01  3.77474960826834049E+00  7.12163855470221385E+00
  2.89926324498661514E-01  6.08357074398532660E+00  3.34670913152325733E+00  2.31898673571306224E+00
  5.49108239936929698E-01  1.29657021357962545E+01  2.15400161557123582E+00  5.60133518456679358E+00
  4.45471777578522854E-01  9.89768310329870360E+00  1.03356862375662417E+00  8.26176390416781281E+00
  4.67051022334941945E-01  5.34820347812505048E+00  6.33765020002768065E+00  1.19363313376611444E+01
  4.41142703402056136E-01  4.66254761087321778E+00  3.33915260476378783E+00  2.44164885313928304E+00
  4.62733810730875383E-01  3.78158716142469142E+00  1.32314737357944914E+01  7.74475698123116718E+00
  4.80063103612331954E-01  1.22547594148640044E+01  1.13237055729359533E+01  2.48835436964682188E-01
  5.44158343748334383E-01  2.77634393042357663E+00  6.04834663480995260E+00  6.02679334529331356E+00
  3.71781505092813103E-01  1.12529379701591452E+01  4.42907195510313478E+00  1.33516539799544827E+01
  4.62733810730875383E-01  6.99650165704756866E+00  1.13516912794348244E+01  3.63720682561807251E+00
  4.32438693220842718E-01  7.93987068211424774E+00  2.20869575823354847E+00  1.04727746073990478E+01
  5.69669339224686877E-01  1.01662075281244437E+01  2.61626900519684913E+00  6.04854173731154887E+00
  5.44158343748334383E-01  1.84098499647970804E+00  1.20189885209370111E+01  1.89676686594592314E+00
  2.46370760027530694E-01  7.86166753275439589E+00  6.23938663861920206E-01  6.03414566311562250E+00
  5.39277054206551698E-01  4.03912383662465846E+00  4.49170962620663583E-01  5.33162190310722472E+00
  3.86818426119931114E-01  1.31168920426724966E+01  5.05133757476361378E+00  1.03807738004417445E+01
  5.11150069422808828E-01  7.79383529105424788E+00  4.21552502367390669E-01  1.07100371061548199E+01
  3.24058750641704252E-01  1.07786195195932333E+01  1.58650024618336283E+00  1.27313164979017657E+01
  4.88813983084759374E-01  7.92843866361991179E+00  1.10227068738631329E+00  8.02934517072836407E+00
  4.97655099191040562E-01  9.60159335201248609E+00  2.50031970076861088E+00  8.35182978106758789E+00
  4.75713279310277237E-01  6.20101776466094323E-01  8.16221011400735463E+00  8.06790216314250230E+00
  5.06617780002852514E-01  1.19050366736577367E+01  6.60955038850412890E+00  7.99948046799650747E+00
  5.59225941233592594E-01  6.08200908172854682E+00  8.63298779033452846E+00  9.92007617350827609E+00
  5.80490670513443274E-01  7.91261768858885794E+00  2.52315089540068804E+00  4.45956876175491512E+00
  3.49822487141294602E-01  8.85000810291718132E+00  1.09118653648725079E+01  2.34706102802545935E+00
  3.91639445074813297E-01  4.94335592402303448E+00  3.48092418589074404E+00  9.45550180991534539E-02
  5.24991069551568490E-01  1.29566163047708134E+01  5.90852917725911997E+00  1.09038613339996857E+01
  2.46370760027530694E-01  5.83166631568791427E+00  1.04486396528674952E+01  5.99778864065848438E+00
  5.02120514290034237E-01  2.57099492530953722E+00  3.06809171597137587E+00  8.19099449701108995E+00
  2.46370760027530694E-01  9.49825108518882288E+00  2.74844061218206814E+00  1.15102080163890297E+00
  4.41142703402056136E-01  5.54329771408517402E+00  6.66153080648767482E+00  6.91890997686264697E+00
  2.14322779410510394E-01  8.05560273973996921E+00  1.32615578552356297E+01  1.04865969855445513E+01
  5.75027356379647192E-01  1.17783635870314747E+01  2.80626442385234576E+00  3.23085638176213719E+00
  3.55575626152149271E-01  2.76295044220670061E+00  8.37389045767089613E+00  4.48859404996009381E+00
  4.80063103612331954E-01  1.25496061607704181E+01  4.29764881359263562E+00  5.15936982703896985E-01
  3.49822487141294602E-01  2.69630320587391026E+00  9.94412772120238708E-01  1.06303166449004305E+01
  4.93220738472549158E-01  4.79335748178149323E+00  5.99791398469238590E+00  2.80458559840802257E+00
  4.58420388086688613E-01  1.32794667436186877E+01  2.20393924052728885E+00  4.51748867977823654E+00
  3.61137627255947724E-01  5.79235435730901482E+00  6.57010658013331472E+00  1.25949686971338828E+01
  3.76902076901479588E-01  1.06109722717864727E+01  1.16633829573000476E+01  8.18792879900227177E+00
  4.93220738472549158E-01  1.05674019775580899E+01  7.23610645560395493E+00  7.94827841972279359E+00
  5.54129086970597151E-01  1.03572034192007800E+00  3.17817742129166536E+00  1.16264012691993912E+01
  3.76902076901479588E-01  6.72667255632978112E+00  1.03865540743024827E+01  7.12081867041502914E+00
  3.91639445074813297E-01  1.12377948815611823E+01  1.01570158416780565E+01  8.21672235013366148E+00
  3.61137627255947724E-01  3.12081566180147973E+00  1.13280038820322186E+01  1.22208634620810930E+01
  5.86062212635089952E-01  1.15457226122375882E+01  6.20618617523229510E+00  9.09213574942512182E+00
  4.36799992478945909E-01  7.34485192790528973E+00  9.91890695401040468E+00  6.00344421051076438E+00
  2.64730453937343402E-01  2.60447093320547962E+00  2.38404731106108425E+00  1.24550370256098066E+01
  4.45471777578522854E-01  1.14356362624987433E+01  7.90394444030479715E+00  4.16227210435589168E+00
  4.14741582532007880E-01  1.03586849305477386E+01  7.42343193798678591E+00  4.89699040848852540E+00
  5.64404144318620404E-01  1.33302932342499680E+00  6.17301037956483167E+00  4.59851616645469452E+00
  2.14322779410510394E-01  4.69237346416529899E+00  1.65519854991153470E+00  1.93942479518791622E+00
  4.71376829571238165E-01  1.04534649102818999E+01  9.87144725429643444E+00  4.33269571488410943E+00
  5.69669339224686877E-01  1.24478050929573882E+01  5.81672713554199738E+00  8.48396303878720204E+00
  2.64730453937343402E-01  1.17715321743084083E+01  5.48319740026562830E+00  1.18151518789760601E-01
  2.99785386141821708E-01  1.13090151533188319E+01  1.28448122551751496E+01  1.28986295143932983E+00
  5.24991069551568490E-01  1.32642514028443479E+01  8.66863170329482458E+00  7.93680950467922131E+00
  4.58420388086688613E-01  9.51017058584522523E+00  7.27914800836211295E+00  5.04161945897053965E+00
  3.24058750641704252E-01  7.03705036385289606E+00  1.31271142281723705E+01  8.78622710449186783E+00
  4.49792344455842874E-01  2.91627318578202033E+00  1.31025837160493008E+01  5.27154970703254211E+00
  3.96383251075161813E-01  1.07217402392092289E+01  1.23063709148739928E+01  1.09295008458332568E+01
  3.81909890374632355E-01  1.11307731357434356E+01  6.41885000763762648E-01  1.17857517988992502E+01
  5.86062212635089952E-01  7.59804135711504092E+00  9.82577356494435072E+00  9.21710299891374341E+00
  3.16615288597822842E-01  1.76636851827447394E+00  4.47995331447906597E+00  5.12583086280986944E+00
  3.55575626152149271E-01  7.90895063213197247E+00  6.85441314990686212E+00  2.91683627690459124E+00
  4.10231171689561747E-01  9.31544376164745458E+00  4.52517552030143122E+00  1.27744143811733064E+01
  3.49822487141294602E-01  7.85909754729338594E+00  1.34096976101597658E+01  2.50609813617504651E+00
  5.24991069551568490E-01  8.31386532438567727E+00  6.30965968496520535E+00  6.94357217536647386E+00
  5.29698296771959232E-01  4.77981667340219185E-01  6.09837025851979853E+00  1.05738424340725317E+01
  4.41142703402056136E-01  4.17628625761930916E+00  4.94318305759974652E-01  2.65299946433284495E+00
  5.39277054206551698E-01  8.48456431372405184E+00  1.14168164739421529E+00  5.71648933471501763E+00
  4.93220738472549158E-01  1.09447846492351264E+01  8.42796917994467343E+00  3.55792001738856012E+00
  5.15720700463495496E-01  4.83574849427330733E+00  3.92376382214983721E+00  9.63498136487175194E-01
  4.23649157779161234E-01  1.31502828252496986E+01  7.50793367371275622E+00  4.26003844207050530E+00
  4.97655099191040562E-01  7.20085207574620867E+00  4.10715328624992271E+00  2.35061349109255868E+00
  3.86818426119931114E-01  5.34510828496369772E+00  9.57016749669186773E+00  7.34482836109732862E-01
  4.32438693220842718E-01  1.17213951052783108E-01  9.22212413063845915E+00  8.67669190201568874E+00
  5.02120514290034237E-01  1.37546424592161665E+00  5.53309833265890383E+00  9.86919405650224668E+00
  3.76902076901479588E-01  6.38942053715042313E+00  3.29403060104628409E+00  4.83747170684126537E+00
  5.39277054206551698E-01  1.02047156349542565E+01  2.18607103241051925E-01  6.92809738717156520E+00
  5.44158343748334383E-01  7.93559357697345380E+00  7.30306263944706835E+00  1.14469806781081402E+01
  4.01058911976384491E-01  8.31208840128324589E+00  5.92139927870314686E+00  1.32523419076608810E+01
  5.15720700463495496E-01  1.15491079919315620E+01  1.24086556987859691E+01  3.72241781281991058E+00
  4.88813983084759374E-01  7.82073405293847745E+00  9.35837839313522402E+00  1.27066753320053696E+01
  3.81909890374632355E-01  1.06331429051623605E+01  1.10054179293257928E+01  6.54494227327165756E+00
  2.99785386141821708E-01  5.03354588139221359E+00  5.28485502545017294E+00  9.70264564867336077E+00
  3.30997587999695309E-01  1.02766817863262929E+01  1.20607907368292615E+01  9.32890093340529858E-01
  5.39277054206551698E-01  1.02082168794211707E+01  6.48292557664506131E+00  5.04473136652532261E+00
  4.80063103612331954E-01  7.79671277836551813E+00  3.66485595158779009E+00  4.98265931693648856E-01
  3.55575626152149271E-01  4.52010606657841052E+00  1.24807686646557379E+01  1.07116132822066579E+01
  2.99785386141821708E-01  4.17355755637104675E+00  1.23671594304652412E+01  1.32883815435812132E+01
  3.96383251075161813E-01  1.20434738010531124E+01  5.91845560641736235E+00  4.43003634747825981E+00
  5.86062212635089952E-01  9.67618699504129687E+00  8.23604875325847097E+00  1.22474114769487894E+01
  3.24058750641704252E-01  3.43782496822032391E+00  6.61140447150826205E+00  5.99873109175283670E+00
  5.02120514290034237E-01  8.97466657112546429E+00  1.21050299726741937E+01  7.29073825837929512E-02
  3.24058750641704252E-01  1.04274273048298287E+01  1.59532329689592922E+00  7.64248793706093110E+00
  3.96383251075161813E-01  1.09450269457912714E+01  6.32536270838837122E+00  4.49022136936641925E+00
  4.62733810730875383E-01  3.94783077569391949E+00  3.77893474029920284E+00  1.35719844865511408E+00
  2.78555296554233556E-01  8.67937556800456989E+00  1.06101124958691706E+01  1.33344201587420326E+01
  5.11150069422808828E-01  9.34935122119704509E+00  6.32142670568725507E+00  6.96508957336736323E+00
  3.66532661804007787E-01  9.83766158089354725E+00  8.87833121390676538E+00  1.33538120724663578E+00
  4.54107542322554236E-01  1.09220385089233503E+01  6.42740887016850149E+00  8.29042702114617391E+00
  3.37575933792008509E-01  6.66441171208701189E+00  7.06537701378374727E+00  5.74490008913678096E+00
  4.14741582532007880E-01  1.15007786593607744E+01  1.02756251946455013E+01  7.46390884128296150E+00
  5.49108239936929698E-01  7.53579354637650578E+00  9.84003451008047314E+00  5.03977619966163815E+00
  2.64730453937343402E-01  8.08843909138758654E+00  1.99854938825354012E+00  7.71355165500605455E+00
  4.28056431560671025E-01  6.87363127610500779E+00  4.35005859145294682E+00  8.52277538251823152E+00
  5.24991069551568490E-01  8.42306031556793755E+00  8.19464651021941393E+00  8.34637231764395970E+00
  4.80063103612331954E-01  7.90087641884518543E+00  4.60869651200757779E+00  7.11828061186505545E-01
  2.89926324498661514E-01  1.11580352507819322E-01  8.86758629074414628E+00  7.22585397812762853E+00
  3.16615288597822842E-01  1.00084330396013410E+01  2.32230228694965568E+00  1.21460383176217714E+01
  3.37575933792008509E-01  1.05346580173234745E+01  4.82024278243303073E+00  1.34033349605020469E+01
  2.14322779410510394E-01  8.26186314472760053E+00  9.90871717246431416E+00  4.81371745550758767E+00
  5.69669339224686877E-01  4.53553497173574627E+00  5.56022425207224646E+00  1.87104355103085918E+00
  5.15720700463495496E-01  6.72214468004425569E+00  1.28029924040116274E+01  7.92041487613355777E+00
  4.80063103612331954E-01  5.37993926827952151E+00  8.86180447968787632E+00  3.31921795657804974E+00
  2.99785386141821708E-01  8.77022988207995269E+00  1.32951803744442856E+01  6.34671896056740081E+00
  4.67051022334941945E-01  3.89074027796427080E+00  5.35913453550918017E+00  7.16972286841483530E+00
  3.61137627255947724E-01  1.08974865253707911E+01  5.15882627268338734E+00  7.97521828555837087E-01
  4.32438693220842718E-01  1.09322439164163949E+01  1.00841341250205776E+01  3.34465538043788291E+00
  3.43844632468353784E-01  2.07753652794841059E+00  2.11302330608701272E+00  3.47101616306186855E-02
  5.15720700463495496E-01  1.19171799906202338E+01  1.34723195323495855E+01  9.72825853800495999E+00
  3.55575626152149271E-01  3.62178974038597401E+00  1.11389869719517449E+01  1.32003600059977018E+01
  4.58420388086688613E-01  4.52579487558119986E+00  9.30404436666923296E+00  7.52434868985097971E+00
  5.69669339224686877E-01  9.30719632860828305E+00  1.29816590916611538E+01  9.82024696546782749E+00
  5.15720700463495496E-01  4.85963517582166293E+00  7.36552682901405120E+00  9.53462793440011502E+00
  3.55575626152149271E-01  1.08873263345368230E+01  4.96053767507654708E+00  3.69437499517648993E+00
  2.46370760027530694E-01  7.65559623015178925E+00  8.52913970731468574E+00  1.13988543355886449E+01
  3.49822487141294602E-01  3.71492844445099724E-01  5.49504369851138641E+00  5.56831220894026391E+00
  4.84429066430730915E-01  8.94478831954018894E+00  7.01507930698171389E+00  1.11975418988992672E+01
  4.54107542322554236E-01  2.92876037320713056E+00  4.97356059501854553E+00  9.21297058627399501E+00
  3.16615288597822842E-01  3.32093141903156130E+00  2.78677354613133532E-01  3.04405009457491582E+00
  4.36799992478945909E-01  2.42886126039803862E+00  1.11212034717069397E+01  6.52071118918883830E+00
  4.75713279310277237E-01  7.54326414610534091E+00  4.13804815545117854E+00  1.32047754797144563E+01
  2.64730453937343402E-01  8.37434450640157735E+00  7.39907482261452198E+00  5.31176289995607753E+00
  4.67051022334941945E-01  1.23061093253919154E+01  5.44887464365258101E+00  1.15832896343706948E+00
  3.16615288597822842E-01  1.34264445298410315E+01  6.40723713570254105E+00  1.30539815416364764E+01
  4.62733810730875383E-01  2.00932369754409734E+00  6.88350306840137272E+00  5.06798257101188998E+00
  5.75027356379647192E-01  1.24129926448251098E+01  9.67834676265455385E-01  9.45457336524203029E+00
  5.69669339224686877E-01  8.33075152451704426E+00  2.72511732033143961E+00  6.15979438414130342E+00
  5.49108239936929698E-01  1.20052454345784874E+01  8.31032335138067957E+00  1.17613014050910092E+01
  4.71376829571238165E-01  1.17834578363779556E+01  6.27977884291763822E+00  7.08725967085377917E+00
  5.15720700463495496E-01  9.02119819517515076E+00  1.22189733500139539E+01  9.10310705903455997E+00
  4.49792344455842874E-01  5.79217816388263174E+00  9.68986558177988577E+00  1.81183959386245452E+00
  5.59225941233592594E-01  3.47850457504987620E+00  1.45089555154174721E+00  4.83265070898023730E+00
  3.30997587999695309E-01  3.76118121311239229E+00  1.12165090021093974E+01  6.12142967730009158E+00
  5.64404144318620404E-01  9.30610768502034702E+00  1.60733369930666736E+00  8.84414312395591828E+00
  5.49108239936929698E-01  1.02963904133830368E+01  6.56968042424737386E-01  1.10120575446720803E+00
  3.71781505092813103E-01  7.48270938515724904E+00  6.01408871160965042E+00  5.51802655077741910E+00
  4.41142703402056136E-01  1.07289812235116848E+01  5.14863547231373975E+00  5.90375859078478271E+00
  3.30997587999695309E-01  1.21505739387724319E+01  5.73999413269496772E-01  1.32080825583051826E+01
  4.49792344455842874E-01  8.40468927119101927E+00  1.34139244367168029E+01  4.76219962800279184E+00
  3.66532661804007787E-01  1.08100564052075416E+01  2.21451652084661399E+00  1.22998896794791577E+01
  2.99785386141821708E-01  9.32637292127895279E+00  2.91566348660539143E+00  4.63240737768222610E-01
  5.69669339224686877E-01  1.99081321493046914E-01  1.14781040784336472E+01  7.95765750586851706E+00
  5.49108239936929698E-01  4.51817237402861327E+00  1.20136157329635740E+01  6.83976379675481905E+00
  3.61137627255947724E-01  9.26645302804019977E+00  5.76150187500079536E+00  3.09647096137914080E+00
  3.55575626152149271E-01  8.00286523660949278E+00  5.14533217319233099E-02  8.97324035129338959E+00
  4.62733810730875383E-01  6.22881623571780452E+00  1.10996902622898368E+01  4.08787774186660258E+00
  5.75027356379647192E-01  1.83990635735600427E-01  7.24056575137417191E+00  2.46305182634830278E+00
  4.75713279310277237E-01  3.26922264680997987E+00  1.07833312978884988E-01  5.96400744667616500E+00
  4.67051022334941945E-01  6.11745497160963714E-01  2.87425961859894707E+00  1.30718076272766606E+01
  4.84429066430730915E-01  1.14645634650163526E+01  7.76926349927487703E+00  1.24562725634045357E+01
  5.15720700463495496E-01  1.24305790042022792E+01  1.05631975948184795E+01  5.78096787592524564E+00
  4.84429066430730915E-01  2.86392787840147056E+00  1.28076563551574090E+01  1.29620712028675538E+01
  5.64404144318620404E-01  1.12251408453756341E+01  1.01930812271647628E+01  1.17655253470318644E+00
  3.43844632468353784E-01  3.21232060650105167E+00  2.27636266289574696E+00  1.24334896528595067E+01
  3.66532661804007787E-01  1.31127110421502358E+00  1.02277830456956895E+01  8.97917086299207234E+00
  4.67051022334941945E-01  1.08493270277631328E+01  8.66678146923694293E+00  4.48279435939048287E+00
  4.84429066430730915E-01  7.42787148788678397E+00  8.58458093605703887E+00  1.33645327466981687E+01
  4.32438693220842718E-01  1.13926731639824030E+01  1.20897037648322065E+01  7.73317500613440956E+00
  5.44158343748334383E-01  7.19738628520103951E-01  9.16419353743668808E+00  7.91061166117117587E+00
  5.06617780002852514E-01  1.07552678135681763E+01  7.80587473881183502E+00  7.14864113751604613E+00
  4.97655099191040562E-01  1.27216238240725090E+01  1.26024978331445077E+01  9.40554211961430120E+00
  5.49108239936929698E-01  5.16388915092312306E+00  6.48577546830662843E+00  6.16791783697192120E-01
  5.24991069551568490E-01  5.47348371891597196E+00  1.25815260581312955E+01  1.04231438945581303E+01
  5.80490670513443274E-01  5.82760340890299222E+00  1.80033399330106514E+00  1.20854199200117058E+01
  3.37575933792008509E-01  8.50474820487581384E-01  2.31062156978541999E+00  7.84674591751947759E-01
  4.80063103612331954E-01  3.32618304214340521E-01  1.28318526916998330E+01  1.32760768469211250E+01
  3.96383251075161813E-01  5.22264516978483773E+00  5.51258074624160077E+00  4.17208391556607872E+00
  4.41142703402056136E-01  9.58854041741297003E+00  1.07823660075501593E+01  8.68774784175111137E+00
  4.84429066430730915E-01  1.08220880895704124E+01  1.15386170753104675E+01  4.66107094009869360E+00
  3.86818426119931114E-01  6.87554525228641911E-01  8.36502821167848465E-01  6.65589769667866715E+00
  5.80490670513443274E-01  1.23707605648225254E+01  1.20251176644943971E+01  3.10694258125434608E+00
  2.78555296554233556E-01  7.29447303471126673E+00  9.44640005071734379E+00  6.57693999843208932E+00
  5.15720700463495496E-01  3.90914230528797457E+00  1.32437321381610911E+01  1.27071990466015396E+01
  4.14741582532007880E-01  1.21886257730011867E+01  1.19679937262092686E+01  1.03666556664947258E+01
  5.69669339224686877E-01  1.15090024454689761E+01  1.05137904014049504E+01  9.06705911502909601E+00
  5.34458872568623455E-01  8.13386450109850401E+00  1.42399186516954135E+00  1.10011383499850890E+01
  4.75713279310277237E-01  8.10570110540584365E-02  6.52424104354727086E-01  7.25039239475784836E+00
  2.14322779410510394E-01  1.03877504264845499E+00  1.07037643334607662E+01  5.32252471408924865E+00
  3.61137627255947724E-01  6.58317126404759900E+00  8.56295423599914685E+00  1.33363877002031757E+01
  5.69669339224686877E-01  1.01859164405275493E+00  1.12084515739989499E+01  1.89686511767213384E+00
  4.75713279310277237E-01  4.65934003398389210E-02  1.30995840051351884E+01  9.56003657105283366E+00
  4.49792344455842874E-01  9.75485470096981189E+00  4.46023429245806113E+00  2.05279100524040681E+00
  5.29698296771959232E-01  4.40017276196140994E+00  1.02278312153140156E+01  3.58590444111982265E+00
  4.05674446517406473E-01  3.65294664465837826E+00  1.32786737287936294E+01  9.86463189350296865E+00
  2.46370760027530694E-01  4.62600568531000622E+00  1.00162813145640026E+01  9.66844958901944906E+00
  5.34458872568623455E-01  1.52396143242350041E-01  8.26183394628841050E+00  3.94626678334233727E+00
  4.49792344455842874E-01  4.80511731262036434E+00  9.16018633515983893E+00  8.64288735656701057E+00
  2.64730453937343402E-01  6.16724391323647048E+00  9.01413631451623765E+00  5.76269431273697386E+00
  4.97655099191040562E-01  1.07103540099094428E+01  8.60605390560666317E-01  2.24899266909350937E+00
  4.05674446517406473E-01  5.57577492852889556E+00  1.27009142168739668E+01  3.67390901187846053E+00
  4.41142703402056136E-01  2.36965122075426216E+00  4.81298810374325203E+00  1.20490534538848451E+01
  4.88813983084759374E-01  1.23743907953188437E+01  1.04442557222638683E+01  1.07343212756018342E+01
  4.97655099191040562E-01  9.94829518540292845E+00  1.15813890138497815E+01  1.62575656468496699E+00
  4.19212477446155474E-01  8.91122153996822597E+00  3.54107939077350109E-01  9.04164261755963139E+00
  2.64730453937343402E-01  6.78865257854937099E+00  1.13566504196638594E+01  2.63365360424888628E+00
  5.39277054206551698E-01  9.14609607707395789E+00  1.14654380711055310E+01  3.03026897602804590E+00
  4.54107542322554236E-01  9.51575232325916609E+00  2.97929260696405152E+00  7.53433672186329950E+00
  3.49822487141294602E-01  1.02392997211908252E+01  1.13758254367668030E+01  7.03789089037466908E+00
  4.10231171689561747E-01  1.23600958356774804E+01  1.33675295831916205E+01  6.92971536007476718E+00
  4.75713279310277237E-01  5.83022003746636264E-01  7.62568910009532619E+00  1.25844229349349312E+01
  5.34458872568623455E-01  2.65461017232111551E+00  1.15569170149296880E+01  4.69442500941388818E+00
  4.14741582532007880E-01  8.82807031924486552E+00  6.33305747399722385E+00  7.73005179453358959E+00
  4.14741582532007880E-01  9.60105471520976650E+00  2.91379901561769128E-01  8.57842885406385669E+00
  3.86818426119931114E-01  3.84623141939675639E+00  7.92352267541390010E+00  6.60980492338012482E+00
  3.81909890374632355E-01  1.07669823261965139E+01  1.25658063797962090E+01  2.97187632552747827E+00
  3.66532661804007787E-01  1.90675945765189425E-01  2.90448120815508792E+00  1.87744211238431880E+00
  4.67051022334941945E-01  1.05600565320150253E+01  8.52442861220736781E+00  1.33523893423962328E+01
  5.91749286368603356E-01  4.32653073624940543E+00  1.20872082724277412E+01  5.71787873376791733E+00
  3.08607932839089050E-01  8.07753018813773593E+00  8.14064464494719431E+00  1.13766388237988885E+01
  4.41142703402056136E-01  6.64443735880756448E-01  1.07901397890549777E+00  3.14529231520970454E-01
  4.01058911976384491E-01  1.04201171621871289E+01  3.88277238822266479E+00  1.28483298070059515E+01
  3.24058750641704252E-01  7.57021696373710018E+00  1.13846284238635018E+01  1.07434106160922904E+00
  4.58420388086688613E-01  1.36981702115154302E+00  5.29574902406407944E+00  8.93850318581308834E+00
  4.14741582532007880E-01  1.15277573162699820E+01  1.25651922416934081E+01  6.69792787722170990E-01
  4.01058911976384491E-01  2.60678158347243172E-01  1.26017010683568706E+01  5.80005880202517687E+00
  5.80490670513443274E-01  6.95628104104830669E-02  2.82912285658887530E+00  1.11458613620009643E+01
  5.11150069422808828E-01  1.21812770680021245E+01  1.32712411039718230E+01  1.34723439597501251E+01
  3.91639445074813297E-01  3.58284449425704521E+00  1.28679678085067177E+01  9.85104545223226213E-01
  2.78555296554233556E-01  3.86497884876943587E-01  1.06297141132878892E+00  4.95827636173486841E+00
  5.02120514290034237E-01  7.07574062552713023E+00  6.79156622414230782E+00  3.11045638811951797E+00
  5.06617780002852514E-01  4.35402935148538806E+00  1.15376487271136750E+01  1.29824384659610992E+01
  4.36799992478945909E-01  6.05705933028834576E+00  4.39605711379394037E+00  1.21872420806859250E+01
  3.37575933792008509E-01  5.95239974754654089E+00  1.28791372444068464E+00  6.57198640511744259E+00
  3.71781505092813103E-01  1.20197177125814729E+01  3.80773369635378423E+00  9.04965174121414151E+00
  4.75713279310277237E-01  8.10922824030308043E+00  6.12802921012781443E+00  1.56322110029339356E+00
  3.43844632468353784E-01  9.43090477557430695E+00  7.97205559249199169E-02  6.38361900167801632E+00
  5.11150069422808828E-01  1.16392739149751048E+01  9.77167879786145477E+00  1.06513963263146874E+01
  3.37575933792008509E-01  3.91198489968402408E+00  5.30319205314660480E-01  7.98423616614786535E+00
  4.23649157779161234E-01  6.66435952596986159E+00  5.30258516712320560E+00  6.46884959106418478E+00
  5.15720700463495496E-01  1.15947696166459906E+01  1.15644101085628481E+00  7.40976123511512519E+00
  5.80490670513443274E-01  7.51496956497816893E-01  4.57170197134498046E+00  4.27750784337172174E+00
  5.24991069551568490E-01  1.19833592915289149E+01  2.65647662989079514E+00  1.31375996032230535E+01
  4.10231171689561747E-01  6.71219565437614119E+00  1.26066604003858060E+01  1.07576098434855929E+01
  3.24058750641704252E-01  7.34967717318693747E+00  1.32429510001440036E+01  5.83857905390105625E+00
  2.78555296554233556E-01  8.41652964231611023E+00  5.21694037292197965E+00  1.03094561174197867E+01
  5.15720700463495496E-01  2.49797185829077684E+00  3.86524378957024295E+00  1.20257215712042811E+01
  5.49108239936929698E-01  1.33085943565736411E+01  6.36325446837991660E+00  8.94314423484311050E+00
  4.67051022334941945E-01  1.79563743723956293E+00  4.59736332205804921E+00  4.35176721953727697E+00
  4.01058911976384491E-01  6.94968898227751897E+00  2.47511502769689740E+00  4.27611480618485817E+00
  3.24058750641704252E-01  7.32034124205309222E+00  8.05638393286205989E+00  1.27624449608715071E+01
  4.54107542322554236E-01  1.03916802382023512E+01  3.13707999239199387E+00  1.09311139431239095E+01
  4.32438693220842718E-01  1.24747002209398445E+01  3.88166547265751571E+00  2.87186391542444763E+00
  4.10231171689561747E-01  1.34950590230299277E+01  5.64530505224231582E+00  4.92381167982234658E+00
  5.64404144318620404E-01  1.08048932159716635E+01  3.93483188249830995E+00  1.19636350938849247E+01
  3.37575933792008509E-01  7.27764107985460029E+00  7.59744300742946166E+00  3.23027462080118655E+00
  5.06617780002852514E-01  9.75599373431685457E+00  1.05291336686485746E+01  6.49827606724362905E-01
  3.81909890374632355E-01  1.17383197217198987E+01  1.34407427038550042E+00  1.01617741523251812E+01
  5.91749286368603356E-01  9.73450440283740015E+00  7.26842263626759877E+00  9.20931599177145799E+00
  2.99785386141821708E-01  1.24269693744443792E+01  1.20391243985685445E+01  6.89525128830071043E+00
  4.67051022334941945E-01  1.02287597166692557E+00  8.07371969562780656E+00  5.33227158278642488E+00
  4.62733810730875383E-01  9.72161814800469770E+00  3.52338697960332792E-01  9.44507318771428750E+00
  4.19212477446155474E-01  1.07051754389852487E+01  3.04973810808599044E+00  7.05889646382441249E+00
  3.61137627255947724E-01  9.37838204876753956E+00  1.34848038940944615E+00  1.03162803152458071E+01
  4.14741582532007880E-01  4.92415284182087909E+00  6.35844936123328619E+00  7.42597849173375479E+00
  2.99785386141821708E-01  9.30369699085549051E+00  3.52382940281390944E-01  4.30916090629273452E+00
  2.78555296554233556E-01  1.15764657400147257E+01  8.91612310709156652E+00  8.33818688996587198E+00
  5.75027356379647192E-01  1.32478999995109952E+01  6.16573474196810301E-01  2.12113667885724899E+00
  4.10231171689561747E-01  8.54235602258707094E-01  5.15296976797054196E+00  2.67437642158616073E+00
  4.58420388086688613E-01  1.05572667112456511E+01  5.90209554966521122E+00  1.08516839531092479E+01
  4.49792344455842874E-01  2.05459234657167178E+00  2.82910139650677683E+00  1.22818640472747074E+01
  4.58420388086688613E-01  4.49608786082174472E+00  6.18287978370720115E+00  1.13595687233217078E+01
  4.88813983084759374E-01  1.27298469657606574E+01  6.99242337397984492E+00  2.86634837785849950E+00
  3.81909890374632355E-01  1.13086577922313367E+01  5.52868435237919176E+00  1.08154103236885906E+01
  5.80490670513443274E-01  7.77334265718759809E+00  1.24642331063662581E+01  1.02990351300709602E+01
  3.08607932839089050E-01  7.07066393590180109E+00  6.50962002826015773E+00  5.81226540331113917E+00
  3.24058750641704252E-01  7.68405405446762724E-01  1.30407645122795124E+01  5.52723474252128089E+00
  3.24058750641704252E-01  1.13307791680886805E+01  5.75089225130817105E+00  4.69100521231207868E+00
  3.61137627255947724E-01  7.10750298830088223E+00  8.71134427776606479E+00  7.64530686142669769E+00
  4.97655099191040562E-01  3.96546733037506272E+00  4.56540932349407136E+00  3.57638768589334965E+00
  5.20333150277951795E-01  7.82152753360755071E+00  7.16269108934123899E+00  3.73105009214930439E+00
  2.46370760027530694E-01  1.11027999409722575E+01  1.01593128486804751E+01  5.41708157121429235E+00
  3.43844632468353784E-01  8.83294840675723769E+00  3.45131848289487575E+00  6.39126543778317213E+00
  2.78555296554233556E-01  1.28004172942738332E+01  1.32598961394945150E+01  1.20254342419358995E+01
  3.76902076901479588E-01  7.04729825651110175E+00  9.08827819555921756E+00  4.80987964172263194E+00
  4.88813983084759374E-01  3.98060276798506818E+00  3.21707227841375776E+00  1.03841845365518690E+01
  5.39277054206551698E-01  1.13035870139417849E+01  4.39225337411961791E-01  6.69478109990990689E+00
  5.75027356379647192E-01  6.76016161757171208E+00  8.29811007587375649E+00  1.56748430840416764E+00
  4.71376829571238165E-01  2.17439976295607940E+00  3.60405861587309229E+00  2.32247424894998655E+00
  3.30997587999695309E-01  2.52562814894775611E+00  2.07403123168843351E-01  5.57817900466771022E+00
  3.96383251075161813E-01  9.80281645493040621E+00  9.08396622206939419E+00  9.35572823060779690E+00
  5.06617780002852514E-01  4.11274991203244333E+00  2.86163569891766212E+00  1.09234329169600697E+00
  4.32438693220842718E-01  1.08147696493596079E+01  5.59359793171371944E+00  1.45559226067920378E+00
  5.34458872568623455E-01  1.50919434588311008E+00  8.41320074990628441E+00  1.27798786200363050E+01
  4.19212477446155474E-01  1.81101344632317307E-03  6.91940133559777149E+00  4.81624953822511070E+00
  2.46370760027530694E-01  9.50868736326523134E+00  1.03977644262712285E+01  5.33104725997523499E+00
  5.75027356379647192E-01  6.48090112040024824E+00  6.15094351808756823E+00  1.17520739047850409E+01
  5.39277054206551698E-01  1.08734691608448539E+01  6.51635618270301897E+00  5.89259849972136784E+00
  5.75027356379647192E-01  1.30804836940856930E+01  2.70794408667925746E+00  1.30817971941773976E+01
  4.71376829571238165E-01  2.51484377370064394E+00  6.24046734395449576E+00  5.16888980170711720E-01
  3.30997587999695309E-01  9.78117079628673203E+00  4.08486837311578377E+00  1.31476482294678281E+01
  5.44158343748334383E-01  1.30468056755658246E+00  3.53456198558724877E+00  1.80363625476537126E+00
  3.49822487141294602E-01  7.61219603544869461E+00  1.21125687317653803E+01  2.79206913551905789E+00
  3.96383251075161813E-01  1.08974089907156699E+01  3.37911690114897345E+00  7.47470550697069802E-01
  4.75713279310277237E-01  2.18825459959493346E-01  8.17356930277614424E+00  2.94253894983085340E+00
  5.75027356379647192E-01  5.71417982267142310E+00  7.98191205004937032E+00  1.20856711267906580E+00
  2.46370760027530694E-01  9.62458531251240812E-01  1.85992016374626479E+00  5.98477246370085947E+00
  3.43844632468353784E-01  1.27047355353870710E+01  1.20116542830310493E+01  1.94986148429110384E-01
  4.71376829571238165E-01  3.25513606416934298E+00  2.01815389562327852E+00  5.66338299307606086E+00
  5.39277054206551698E-01  2.18410347914711300E+00  4.03592221958168551E+00  1.05670223752685306E+01
  2.64730453937343402E-01  9.29430272829321069E+00  8.43108528924410194E+00  4.49465148857057883E+00
  5.11150069422808828E-01  8.61989041423168878E+00  9.83579498172674604E+00  8.81748995484178977E+00
  4.71376829571238165E-01  1.20183350896198089E+01  5.41440755609889823E+00  9.60801441458733052E+00
  3.86818426119931114E-01  1.31418182920376037E+01  1.00838736367744364E+01  1.09895342304470773E+01
  5.11150069422808828E-01  1.95749008301418659E+00  9.49680906681821746E+00  1.25433083340657063E+01
  3.66532661804007787E-01  2.10524444193837201E+00  8.44981780339749555E+00  4.80873993641010422E+00
  3.30997587999695309E-01  1.14662660464536419E+01  1.18644952550596994E+01  1.61403883978796636E+00
  5.59225941233592594E-01  1.23560709868450225E+01  1.31246220037300727E+01  3.41322700900702092E+00
  5.49108239936929698E-01  5.93976352830855969E+00  9.94495206652434049E+00  6.86656026380466677E+00
  4.67051022334941945E-01  6.49025943949063944E+00  6.97158221129920186E+00  1.23929440292628534E+01
  4.67051022334941945E-01  9.50585296455558471E+00  7.76221728845515369E+00  3.55874279686549144E+00
  5.11150069422808828E-01  6.13792086378434298E+00  6.49627322918828209E+00  1.01443283985994093E+01
  5.44158343748334383E-01  9.04613523483128468E+00  1.17250178485955896E+01  1.19389106904488589E+01
  4.88813983084759374E-01  3.30149602733326608E+00  4.61822826637325878E+00  1.80112096028659963E-01
  3.96383251075161813E-01  1.01917404999968610E+01  8.76870508903324364E+00  8.74111504105418469E+00
  3.08607932839089050E-01  6.49610355743462264E-01  4.74296146552861675E+00  2.12115558419289307E+00
  4.49792344455842874E-01  3.03486498957807038E+00  7.85704760177754924E-01  1.63031033872094189E+00
  3.08607932839089050E-01  5.74086878532425904E-01  5.60706059174822613E+00  1.12457145108754517E+01
  3.55575626152149271E-01  8.22079596869865448E+00  9.93585162135808098E+00  3.60097274914151022E+00
  3.86818426119931114E-01  1.08365455241064783E+01  2.44871009391417793E+00  1.07433727585502758E+01
  3.81909890374632355E-01  1.33052323714288008E+01  7.46954788016612437E+00  3.31269557039319951E+00
  3.30997587999695309E-01  1.07200871640527104E+01  4.44397918563604311E+00  4.52018939494989525E+00
  5.59225941233592594E-01  7.26779625822704745E+00  1.34017036477977936E+01  9.59797475412961099E+00
  5.49108239936929698E-01  6.01076823165893881E+00  1.33730719311437323E+01  7.21246477279672771E+00
  2.14322779410510394E-01  2.48610782840594480E+00  1.37358940726729850E+00  2.45170043804691984E+00
  5.02120514290034237E-01  9.38626643938265381E+00  1.30076306532211525E+01  1.31157661723304670E+01
  3.08607932839089050E-01  1.27400972777589239E+00  5.35312989685709706E+00  6.20921449104098522E-01
  3.16615288597822842E-01  1.13751843403977411E+01  4.92144198940138988E+00  1.43316447602390928E+00
  3.43844632468353784E-01  5.82192578876154077E+00  7.13117041722344336E+00  1.06218207386968402E+01
  5.11150069422808828E-01  1.05039419140587693E+01  5.86454648102258957E+00  9.05547233856704814E+00
  3.37575933792008509E-01  5.59466612808366293E+00  3.35948511413851003E+00  8.77947385842378125E+00
  4.93220738472549158E-01  1.15592341049287417E+00  1.63310702927808871E+00  8.26319458713535759E+00
  4.36799992478945909E-01  9.82535555489464585E+00  7.00464014163428850E+00  9.28737736602079256E-01
  5.29698296771959232E-01  6.96977191496888171E+00  6.98233731685332426E+00  9.75145060909017758E+00
  5.75027356379647192E-01  4.35936663560309867E+00  8.40487129892583873E+00  1.05646172188374035E+01
  5.49108239936929698E-01  8.82620743584996426E+00  1.12406855480624976E+01  7.53140161165772515E+00
  2.78555296554233556E-01  1.00104222484591929E+01  5.24808938732133257E+00  1.34384942175433952E+01
  5.39277054206551698E-01  3.85783875325902326E+00  7.11132422270014342E+00  9.32261174282713689E+00
  2.89926324498661514E-01  9.57445889482601942E+00  1.99400821324965749E+00  1.00972220636543497E+01
  3.37575933792008509E-01  1.07919033299110438E+01  8.48782246516962857E+00  6.13516828999157759E+00
  3.24058750641704252E-01  1.15769082853851231E+01  2.26293252841731984E+00  1.21508829098871782E+01
  2.64730453937343402E-01  3.04204992811509811E-01  6.90738890906319547E+00  2.47667651922434812E-02
  4.14741582532007880E-01  1.27617408570280908E+01  5.97639919488751037E+00  1.70034583409344253E+00
  4.32438693220842718E-01  5.72596666048331926E+00  1.33611401032006079E+01  1.88338895008595819E+00
  5.54129086970597151E-01  9.97736147249089989E+00  9.09231045373066138E+00  4.79927420746830702E+00
  4.54107542322554236E-01  1.26487673403450795E+01  1.08279600852338618E+01  4.87396122432884837E+00
  5.02120514290034237E-01  5.15120913162239713E+00  1.20777240767630722E+00  1.02568666920029425E+01
  5.91749286368603356E-01  2.24113025109100050E+00  9.82707226455937821E+00  2.62447775939552530E+00
  5.91749286368603356E-01  3.44607961293145970E-01  6.60855710942164531E+00  1.22718105234692132E+01
  3.49822487141294602E-01  1.70188095394996963E-01  5.19465227034403387E+00  9.91175316015978147E+00
  5.39277054206551698E-01  1.07581519411668562E+01  9.28332079753131367E+00  9.27922017291373002E+00
  2.46370760027530694E-01  5.18670802789708674E+00  1.07235244177021620E+01  8.83264694646244308E+00
  5.06617780002852514E-01  8.44410327931626448E+00  1.24449323338743500E+01  1.51342546828943370E+00
  3.43844632468353784E-01  5.23600486728446768E+00  8.32348875749593198E+00  7.03974768967492537E+00
  4.54107542322554236E-01  8.10599090764150354E+00  5.51328377599977060E+00  4.06604306277539784E+00
  4.80063103612331954E-01  1.13809001212373335E+01  1.57127405187636149E+00  2.27877933565922852E+00
  4.97655099191040562E-01  7.49168196998830194E-01  1.18347878282350072E+00  1.14113484767239495E+01
  5.06617780002852514E-01  5.29199354421837764E+00  7.89122697564352915E+00  3.10036342364137729E+00
  3.55575626152149271E-01  1.01370003223247842E+01  1.21740815337729114E+00  4.00228965085845712E+00
  3.71781505092813103E-01  1.91549054391175222E+00  3.90441200546163669E+00  5.47247850170833505E+00
  3.76902076901479588E-01  1.25855547195088291E+00  1.27318234928099159E+01  1.91186357325359424E+00
  3.96383251075161813E-01  2.41443681318375125E+00  1.02603598399511764E+01  1.15936516941454162E+01
  5.15720700463495496E-01  7.43370202943262814E+00  7.88565693397375789E+00  8.26650773574922226E+00
  3.96383251075161813E-01  1.08415543991150560E+01  8.88069527836486294E+00  1.08309462789211004E+01
  3.37575933792008509E-01  6.66894107999792407E+00  6.41853902144155963E+00  1.08160092077929839E+01
  5.64404144318620404E-01  1.20450346147285128E+01  6.13438530190718723E+00  1.03516605177549899E+01
  2.64730453937343402E-01  9.74379884499962934E+00  1.09207073072305612E+01  3.02370467381872521E+00
  4.36799992478945909E-01  1.07968893140780970E+01  1.18439382631805206E+01  3.57292092691390906E+00
  5.29698296771959232E-01  1.00432430443384959E+01  1.11722831273967973E+01  1.21263310023696160E+01
  3.08607932839089050E-01  1.15315519055272695E+01  1.33979124883484992E+01  1.16905727324326536E+00
  5.34458872568623455E-01  2.76812292615519873E+00  8.59810025617973217E+00  2.83769114254013655E+00
  5.24991069551568490E-01  1.17340250549847234E+01  7.06758908258123952E+00  2.69552615405735674E+00
  4.97655099191040562E-01  1.04721713382405373E+01  8.61458893741088083E+00  8.11567619099719417E-01
  5.86062212635089952E-01  1.20475981544654176E+00  1.00803254000956546E+01  1.30872455909786805E+01
  4.97655099191040562E-01  6.75794235585477132E+00  7.93828282100718852E+00  7.51364954771737281E+00
  5.75027356379647192E-01  1.31575705713811963E+00  6.10942056679330037E+00  1.26793186366961503E+01
  5.11150069422808828E-01  7.06987071946863477E+00  7.80378939640569680E+00  4.02689416572026815E+00
  4.49792344455842874E-01  2.66649007640372071E+00  2.45511814394316064E+00  9.73717504525068556E+00
  4.84429066430730915E-01  9.36217489755998855E+00  3.50071164183507300E+00  4.96562456873191760E+00
  5.64404144318620404E-01  1.07364316053259787E-01  1.03324638377845126E+01  5.49057907267896628E+00
  4.41142703402056136E-01  3.28051603454293295E+00  6.55196550415343459E+00  7.81412383560082713E+00
  3.08607932839089050E-01  8.42415611437412970E+00  3.02473428001338973E-01  1.24215347890762846E+01
  4.49792344455842874E-01  6.71366355642193025E+00  7.82542500562062671E+00  1.21475544869751442E+01
  5.11150069422808828E-01  9.79194606760565023E+00  5.04016144623771556E+00  5.77405053344682528E+00
  3.08607932839089050E-01  7.74613510046997256E+00  1.83649409571484479E+00  1.16721356292101497E+01
  5.20333150277951795E-01  1.30993650697797364E+01  1.25361272767856402E+01  1.18684605894122317E+01
  5.75027356379647192E-01  5.60153501502592022E+00  1.96745152551655855E+00  7.06971200582974113E+00
  4.67051022334941945E-01  2.10458852759783044E+00  6.86879431228074822E+00  1.02304396894789598E+01
  3.30997587999695309E-01  7.59795575211296814E+00  9.21327673154898363E+00  7.05137419932732445E+00
  4.14741582532007880E-01  1.23611439143852042E+01  6.27125336456953519E+00  2.46650935221289380E+00
  4.67051022334941945E-01  3.24606416181248081E+00  4.09665319006265261E+00  9.12794521343992216E+00
  4.36799992478945909E-01  8.46776907417407187E+00  1.22675688875504587E+01  2.43951914553806581E+00
  4.14741582532007880E-01  4.78938086030738486E+00  1.08331073910569469E+01  1.25805910153642273E+01
  3.61137627255947724E-01  3.39816534591452446E-01  1.59994725900145940E+00  9.79349857772831278E+00
  3.37575933792008509E-01  6.88284082345307802E+00  8.77693298822423884E+00  4.00242722377418492E+00
  3.30997587999695309E-01  8.68387716455231562E+00  5.77954998079125382E+00  8.28320418827241944E+00
  5.59225941233592594E-01  1.12600847883282196E+01  1.29192175294245842E-01  5.64246898280903952E+00
  3.55575626152149271E-01  5.63603740450048996E+00  1.20770474048960796E+01  3.24229657322899323E+00
  3.49822487141294602E-01  9.57091204494583714E+00  2.97770044978243886E+00  1.70184701678355288E+00
  5.20333150277951795E-01  5.98724799493031856E+00  1.19051085413321065E+01  1.10318781558396282E+01
  4.93220738472549158E-01  5.20212079749831857E-01  7.91370088754443124E+00  1.16044421761636087E+01
  4.05674446517406473E-01  1.62255419418105507E-01  3.49333542992213886E+00  1.18683556997137103E+01
  4.75713279310277237E-01  1.24850005320575406E+01  1.04175189707005753E+01  1.17100298063610548E+01
  4.49792344455842874E-01  9.06657925131233711E+00  8.38035056968334935E+00  1.32723139050636263E+01
  5.75027356379647192E-01  5.19475391169398226E-01  9.86216311121425626E+00  1.13221942260564585E+01
  3.30997587999695309E-01  2.62648807638439807E+00  9.18178286053531245E+00  6.36559330319705108E+00
  2.78555296554233556E-01  1.00917032231192145E+01  6.50113164663557530E+00  6.76534674611592557E+00
  4.58420388086688613E-01  1.21855037237941026E+01  1.16686284708602646E+01  1.35481474594564433E+00
  5.34458872568623455E-01  9.18494355958355513E+00  8.86199534606553208E+00  8.65496694870647332E+00
  2.64730453937343402E-01  1.17879363428425119E+01  1.34483949433634056E+01  1.26229831873387415E+01
  3.91639445074813297E-01  5.69218301329581844E-01  8.42450192274958631E+00  8.89277479457167175E+00
  4.58420388086688613E-01  5.72728125602661819E+00  9.43416043941745741E+00  8.78314990499653625E+00
  4.19212477446155474E-01  4.44800205652007019E+00  1.32056622986360228E+01  1.34697380210966937E+01
  5.20333150277951795E-01  1.01256708951338794E+01  6.01218378183911284E+00  1.96247012172825985E+00
  3.86818426119931114E-01  1.17957398921121026E+01  1.28798063584876887E+00  6.52839937203312237E-01
  5.02120514290034237E-01  3.85980464181956107E+00  6.41847088781441499E+00  8.54579017822091913E+00
  4.84429066430730915E-01  7.69087704929217608E+00  1.15497616141076342E+01  4.35249060260791509E+00
  5.29698296771959232E-01  4.54205959944639304E+00  8.66985038688780030E+00  1.17039787435785811E+01
  3.91639445074813297E-01  9.31979981868545515E+00  2.71344993366619924E+00  3.48785051653356426E+00
  5.06617780002852514E-01  9.49295295134429473E+00  1.19313458772659473E+01  9.96316661404079618E+00
  4.01058911976384491E-01  1.08809077081410219E+01  7.36068400666981137E+00  8.01765517559707375E-01
  3.08607932839089050E-01  5.32118670856519493E+00  4.60158190263865041E+00  7.54071419314945945E+00
  4.28056431560671025E-01  6.30800332453817703E+00  7.79131049969639733E+00  6.71818506194549592E+00
  2.46370760027530694E-01  4.19625992122962188E+00  1.21583801679755297E+01  1.03195065820380361E+01
  4.36799992478945909E-01  1.90764756648962663E+00  2.90978999111208214E+00  1.31521809241131606E+01
  5.11150069422808828E-01  2.76766764988469394E+00  1.31653197600928973E+01  3.20733479683841471E+00
  5.64404144318620404E-01  1.13899454772547308E+01  4.20497261499911712E+00  3.94639400016259367E+00
  4.88813983084759374E-01  6.80253811427904420E+00  1.15050071138135497E+01  1.33463772178489748E+00
  4.75713279310277237E-01  1.04554327897756156E+01  1.04949879801773571E+00  1.14495648867350521E+01
  3.96383251075161813E-01  6.35381741864106875E+00  7.08445626838824971E+00  9.04985962936469690E+00
  5.11150069422808828E-01  2.35926027533053251E+00  7.68596001118423100E+00  6.10339471739591399E+00
  3.81909890374632355E-01  1.24388058470316114E+01  9.09936068185251834E+00  1.15230236111062503E+01
  5.80490670513443274E-01  5.29295019987393012E+00  1.08410270920083338E+01  6.49827871885411312E+00
  5.11150069422808828E-01  1.53328820576181890E+00  1.57221348575730113E+00  1.19125005420834427E+01
  5.54129086970597151E-01  8.10851705006744616E+00  2.67916280026628773E+00  4.73910686145836979E-01
  5.29698296771959232E-01  7.14825530295436806E+00  8.53419138922266463E+00  6.77358996056390072E+00
  4.10231171689561747E-01  9.63988787740094644E+00  7.19995344860952535E+00  1.25836110740737084E-01
  4.41142703402056136E-01  7.81529324280661797E-01  3.81527582285638900E+00  1.23471284688754057E+01
  5.44158343748334383E-01  8.33417771119556505E+00  1.23428092897504111E+01  4.47073415490492021E+00
  2.78555296554233556E-01  9.77797215151150745E+00  9.16410503660816000E-01  8.96677872895196515E+00
  5.39277054206551698E-01  2.27561823667905294E+00  1.49128617757507342E+00  6.32280910544965291E+00
  3.76902076901479588E-01  9.50226454276182508E+00  9.99447544371895980E+00  1.05608511507862168E+01
  2.89926324498661514E-01  1.06065472760655677E+00  1.32840836649453067E+01  1.18115615486949093E+01
  5.15720700463495496E-01  2.85427465241862421E+00  1.63542677580745655E+00  3.97286743834250666E+00
  4.67051022334941945E-01  9.98193162448700821E-01  1.20753626840257926E+01  9.11402253951152730E+00
  4.01058911976384491E-01  7.62470269890083330E+00  6.17956234721287245E+00  8.15526842979165778E-01
  4.05674446517406473E-01  1.24917188283529867E+01  1.95323265608416063E+00  4.76842454084374268E+00
  5.29698296771959232E-01  1.96379305543708105E+00  8.83526288187818309E+00  1.07930497713433038E+01
  5.75027356379647192E-01  1.33453277121894569E+01  1.05461742884578857E+01  1.01711806837702650E+01
  3.37575933792008509E-01  3.69470364954516128E-03  5.34293083440183914E+00  1.13954138922163128E+01
  5.59225941233592594E-01  5.59166688505117460E+00  2.50736679415371233E+00  2.58142087337998705E-01
  2.14322779410510394E-01  1.09239240564484117E+01  6.10979511092401406E+00  3.21470886621945695E+00
  3.91639445074813297E-01  8.25820729054995262E+00  1.57894964577024544E+00  1.00476074044491632E+01
  3.37575933792008509E-01  1.25997820044702671E+01  1.24156220375909037E+01  3.90460378750143189E+00
  3.96383251075161813E-01  1.12604478816268347E+01  7.16771086959445736E+00  1.47582292512404400E+00
  4.80063103612331954E-01  3.34087687036655201E-01  1.10465235419856178E+01  1.25620053983755700E+01
  5.49108239936929698E-01  9.52119852179934512E+00  9.02513130089466387E+00  6.81630965531932365E+00
  4.88813983084759374E-01  9.10147667313331077E+00  9.71693583487476786E+00  7.93196958473896263E+00
  5.39277054206551698E-01  1.24691373382266129E+01  1.30936379888471066E-02  7.93008455437645932E+00
  3.30997587999695309E-01  1.74061636908645800E+00  2.92951998065313646E+00  2.30865579193777481E+00
  5.34458872568623455E-01  4.18666195832054644E+00  2.02339942523073502E+00  6.04057607243673100E+00
  4.71376829571238165E-01  9.45684590791714363E+00  1.93729670863604331E+00  2.39521552474994026E+00
  5.29698296771959232E-01  1.31148490545827929E+01  1.04581487327934131E+01  8.50275692002266936E+00
  3.86818426119931114E-01  1.24360594220155178E+01  1.29686786917902808E-01  1.94930056017427411E+00
  2.46370760027530694E-01  8.53679157287009183E+00  1.15890214387790333E+01  2.50971120507700851E+00
  5.34458872568623455E-01  4.22064172673940519E+00  6.86451087613774114E+00  4.78573290908378723E+00
  2.64730453937343402E-01  1.23511778309123805E+01  3.05149457628039178E+00  7.49426110870842788E+00
  5.69669339224686877E-01  9.92452598307535006E+00  9.05610045737226699E+00  7.85890528947226663E+00
  5.20333150277951795E-01  1.19732509217610215E+01  7.47377689246776100E+00  5.32223622646702310E+00
  2.14322779410510394E-01  1.24450531127530759E+01  1.61530045906157715E+00  2.02221020412633568E+00
  4.54107542322554236E-01  1.26460669451545140E+01  8.36832674790289310E+00  9.59285723033429405E-01
  2.89926324498661514E-01  6.18337755376131959E+00  3.66703976779587393E+00  1.10163212999653712E+01
  5.44158343748334383E-01  6.94832729641418290E+00  1.23476406317548673E+01  9.54382743948856316E+00
  4.58420388086688613E-01  1.17689171557241634E+00  1.12264916390244607E+00  7.46050513380358638E+00
  4.58420388086688613E-01  8.73911305303088071E+00  3.01466342364840312E+00  7.05737873869058951E+00
  4.88813983084759374E-01  2.77143886216836810E+00  1.33225263984171800E+01  2.85514414872839462E-01
  5.91749286368603356E-01  1.13904783254775719E+01  7.29883621728929555E+00  8.68209789037147317E+00
  2.89926324498661514E-01  7.06931723457396455E+00  1.28322577216733347E+01  1.18630200032797379E+01
  4.01058911976384491E-01  8.02777310140049849E+00  2.35005973821216374E+00  1.36683490985304634E+00
  3.86818426119931114E-01  2.37112644281402662E+00  1.15236052974871779E+01  9.32899275304606412E+00
  3.66532661804007787E-01  3.25273952791467691E+00  1.89853839862597629E+00  1.18335396816705032E+01
  3.55575626152149271E-01  6.67931760900094762E+00  7.45232327894748714E+00  1.18801370198691303E+00
  5.49108239936929698E-01  2.23125957020858490E+00  5.69134302799718217E+00  9.27990587676240608E+00
  3.24058750641704252E-01  5.26884828273794126E-01  3.28176722889459560E+00  9.84785801748056500E+00
  5.39277054206551698E-01  5.30499751492089278E+00  7.08103546029604347E-01  3.94022212497090374E+00
  4.97655099191040562E-01  7.45940273115875119E+00  3.17333745761884511E+00  2.12450323264079000E+00
  4.19212477446155474E-01  7.50697197699978425E+00  5.49989284793026201E+00  6.11791771905169046E+00
  5.75027356379647192E-01  5.73289121258931811E+00  3.52718512026485875E+00  1.17466211726561554E+01
  4.28056431560671025E-01  2.32578152713076047E+00  3.16744034601271363E+00  1.01650931516536431E+01
  4.62733810730875383E-01  5.15327117562409764E+00  1.75397555885606549E+00  6.15893640854678281E+00
  5.49108239936929698E-01  8.06835711655029009E+00  4.25986696674298315E+00  6.43543596352088354E+00
  4.28056431560671025E-01  2.91903508819133073E+00  1.28083334937937199E+01  6.20791540974397460E+00
  3.08607932839089050E-01  1.08869642333227756E+00  7.03454726412147924E+00  8.23514963463522243E+00
  2.14322779410510394E-01  9.99716017673910784E+00  3.79461102593747235E+00  4.92205132540385293E+00
  5.59225941233592594E-01  3.12465920178289913E+00  3.74051557781084298E+00  1.00826470033143707E+01
  4.14741582532007880E-01  1.37074297845066040E+00  2.29093049996390752E+00  5.68257607481357496E+00
  4.75713279310277237E-01  1.32763545005013874E+01  7.51876337274935036E+00  1.20879649878499915E+01
  5.39277054206551698E-01  9.67031812183493678E+00  9.81058621568936218E+00  8.78264145761798964E+00
  3.08607932839089050E-01  1.23745231489836893E+01  3.92515669083087637E+00  6.13347242893347389E+00
  5.64404144318620404E-01  1.73418350298444945E+00  6.25073415430505364E+00  6.34380200405098460E+00
  3.61137627255947724E-01  6.47501624674114096E-01  7.24634115217238950E+00  1.65196805874760666E+00
  4.54107542322554236E-01  9.64861027851183017E+00  1.09962792524701829E+01  2.31377697187616249E+00
  3.96383251075161813E-01  3.27956065273065223E+00  2.26935921574798716E+00  4.16959961901030240E-01
  3.91639445074813297E-01  1.59023553890842728E+00  3.66795172194933006E+00  1.22144731868331977E+01
  4.19212477446155474E-01  1.07498344118476741E+00  1.63804214186064234E+00  1.27192678875057759E+01
  4.23649157779161234E-01  1.09293194139204530E+00  1.19856589629389241E+01  1.28419852188262351E+00
  2.14322779410510394E-01  7.57023338720017591E-02  4.47747916022487757E-01  1.02140438909523805E+01
  4.49792344455842874E-01  5.95900243124631590E+00  1.75627439484957892E+00  9.02153892898365051E+00
  4.84429066430730915E-01  9.06385818270766386E+00  6.14615998125144092E+00  1.66444715237655649E+00
  5.54129086970597151E-01  9.15320197360576771E+00  1.00902237260105299E+01  9.70368574853281274E+00
  2.78555296554233556E-01  1.26337135466330555E+01  1.01915189400050128E+01  1.24292240535210983E+01
  4.58420388086688613E-01  4.76617336470138042E-01  2.14928037863553323E+00  1.70928932931709632E+00
  4.28056431560671025E-01  3.99249898582440643E+00  2.18649286575682078E+00  1.18590291170330975E+01
  5.02120514290034237E-01  7.76949429210362030E-01  3.68169402291640302E-01  5.47564007757040905E+00
  4.28056431560671025E-01  6.15463516126177534E+00  5.45143183072202042E+00  1.24927510356978839E+01
  3.24058750641704252E-01  6.02358288941834097E+00  1.64053884658820892E+00  6.01676060043630212E+00
  3.76902076901479588E-01  5.66889854507625746E-01  8.55370963583090749E+00  1.02170640310337539E+01
  5.34458872568623455E-01  1.14616776778921281E+01  8.46827340683685215E+00  9.30200288501807115E+00
  5.02120514290034237E-01  3.60151439313096500E+00  7.16494214521571671E+00  3.14598904636462873E+00
  4.58420388086688613E-01  1.31017810146348843E+01  5.03939575126064998E+00  8.29715265334687224E+00
  4.93220738472549158E-01  1.15415066107060262E+01  2.79996079939948617E+00  5.46148439166606714E-01
  2.78555296554233556E-01  3.51957779888322664E+00  5.37585830505450435E+00  1.10248930699993064E+01
  2.14322779410510394E-01  4.39141694419883333E+00  1.09771379568396785E+01  8.43556795539313953E+00
  5.02120514290034237E-01  3.76589927672992841E+00  2.29216798643463848E+00  1.31590197157731694E+01
  3.61137627255947724E-01  2.51229083696289879E-01  1.30040264602826188E+01  1.15013370760936127E+01
  3.71781505092813103E-01  1.54754078705800424E+00  7.14245537422670740E+00  4.42309883784587488E+00
  3.86818426119931114E-01  2.84845063552065181E+00  5.87079308267680311E+00  7.62616503079438068E+00
  5.86062212635089952E-01  5.08551929732686236E+00  6.37229066401691746E-01  2.19678196994754193E+00
  5.15720700463495496E-01  1.20233955944424267E+01  3.73808635590989669E+00  7.78843571867862217E+00
  5.49108239936929698E-01  8.58751959843579193E+00  4.91377756104172381E+00  8.43460895051893900E+00
  3.43844632468353784E-01  9.76207601568037298E+00  1.19476729919347306E+01  1.24148243252916668E+01
  4.93220738472549158E-01  7.47600734735789718E+00  1.07831225188928870E+00  1.17097446530451137E+01
  5.29698296771959232E-01  1.05078068092839927E+00  3.43089192379327290E+00  6.73082371133057755E+00
  3.91639445074813297E-01  1.14965638358015632E+01  3.87236763626373559E+00  6.10625663800803964E-01
  4.36799992478945909E-01  6.26991725061168026E+00  2.89505697175946608E+00  1.31375322293414474E+01
  5.15720700463495496E-01  7.98558627144666477E+00  1.11315417944654715E+00  6.65919320239032952E+00
  5.20333150277951795E-01  5.53357343289831594E+00  6.57544987629613775E+00  9.31227781900410179E+00
  4.49792344455842874E-01  4.94882321905835004E-02  2.32670603017112754E+00  9.28003593274987049E-01
  3.86818426119931114E-01  9.86880307090757825E+00  1.22617801806343412E+01  1.31575135971345443E+01
  4.05674446517406473E-01  8.60666030041225771E-01  5.93749961313332975E+00  3.78526222793997835E+00
  4.28056431560671025E-01  1.03717534313879223E+00  5.51981783911064916E+00  1.34411607332384904E+01
  5.64404144318620404E-01  1.09733107127818794E+01  7.57981046623420074E+00  1.33632488174761637E+01
  4.28056431560671025E-01  3.19501500297402474E+00  6.01454731195694681E+00  6.90309877993396270E+00
  5.44158343748334383E-01  8.59612225123275131E+00  7.87524300883341244E+00  1.07546651937902560E+01
  5.20333150277951795E-01  5.18942763520381067E+00  7.86553295952572462E+00  1.15151183302776854E+01
  4.19212477446155474E-01  3.63855724246215750E+00  1.09616952951432403E+01  1.02022655974614249E+01
  5.24991069551568490E-01  7.87836987536462452E+00  4.69593964616987947E+00  4.58908607273881852E+00
  3.49822487141294602E-01  1.50638869684370480E+00  4.70573773655084970E+00  6.46484597938183558E+00
  2.78555296554233556E-01  4.28557761653420854E+00  5.41726980736030139E+00  1.25014630331300030E+01
  4.80063103612331954E-01  3.09982695716227363E+00  2.42612561627251422E+00  3.18460025758366561E+00
  5.49108239936929698E-01  4.35196503660205547E+00  3.63194566701702204E+00  1.22715151008010181E+01
  5.80490670513443274E-01  2.13372885808141488E+00  1.16075726627089697E+01  5.67790987868798247E+00
  3.55575626152149271E-01  1.14633903244164745E+01  1.27374527654374514E+01  1.28179244832733801E+01
  3.81909890374632355E-01  1.14608252320165231E+01  3.20858089471834784E+00  5.46002847312549022E+00
  3.81909890374632355E-01  4.53990970479589517E+00  3.95025693888475704E+00  1.31256418460408604E+01
  4.28056431560671025E-01  7.68458592683241548E+00  6.32060347708845338E+00  6.22813209543801971E+00
  5.11150069422808828E-01  2.75706685836176080E+00  1.19426088921641131E+01  1.34418492804307128E+01
  4.14741582532007880E-01  8.97501613150393496E+00  7.90881523407945863E+00  9.05047832302608235E+00
  2.64730453937343402E-01  5.94857183933689182E+00  1.19943675966183716E+00  5.53263432335662220E-01
  5.54129086970597151E-01  1.26653062593014010E+01  1.55155589723576237E+00  7.52098753751144145E+00
  4.58420388086688613E-01  7.88910292499310994E+00  7.03159245234830976E+00  1.47781283854170664E+00
  2.78555296554233556E-01  8.59558673618758640E+00  4.30395795318197827E+00  7.41820305453299578E-01
  5.11150069422808828E-01  1.32128596980369029E+01  5.26977399641745681E+00  4.13067904518254547E+00
  3.16615288597822842E-01  1.07234521118077897E+01  1.01045789879219985E+01  9.04119580441984816E+00
  4.67051022334941945E-01  5.93175954769433389E+00  7.20997597841063076E+00  1.31015237245106739E+01
  3.55575626152149271E-01  3.14899838889136374E+00  9.45071088334513831E+00  1.00925415633027420E+01
  4.10231171689561747E-01  4.62444690043349294E+00  2.28204167827758680E-01  3.48437597592906378E+00
  4.67051022334941945E-01  5.78042346150680864E+00  4.79995568120496330E+00  6.84401264741767790E+00
  3.55575626152149271E-01  1.14651687229539299E+01  1.28015338163634400E+01  2.94997565783941118E+00
  3.49822487141294602E-01  9.57850533456476150E+00  9.81038168569443592E+00  6.33285353928960681E+00
  5.69669339224686877E-01  1.00665611930205738E+01  5.45236221466322135E+00  3.45733468461930027E+00
  3.86818426119931114E-01  7.06407703066074877E+00  7.50136068988629834E+00  6.80885053048603872E+00
  4.05674446517406473E-01  8.86022497633014439E+00  4.10421933060839006E+00  8.00843057213744558E+00
  5.20333150277951795E-01  2.28616971603575081E-01  5.50338574649936341E+00  3.26725045396423441E+00
  5.59225941233592594E-01  1.25488279450730857E+01  8.36601049599457980E+00  5.51653621569550445E+00
  4.14741582532007880E-01  1.87258738222075971E+00  9.28022445589341771E+00  9.10647076172117931E-01
  4.01058911976384491E-01  5.34701187063911387E+00  4.70504138145589934E+00  1.18681264726095126E+01
  5.86062212635089952E-01  4.12859295100052925E+00  2.22971191718150141E+00  1.08552819468555075E+01
  2.78555296554233556E-01  5.79626036086067931E+00  1.26678981256991214E+01  2.96432879395776983E+00
  3.30997587999695309E-01  1.01259898391657615E+01  1.89354822534006839E+00  8.59748809936041170E+00
  3.96383251075161813E-01  2.23361054759661082E+00  6.01565695706572967E+00  1.01722129839764612E+01
  4.10231171689561747E-01  1.21796747652081745E+01  3.40688677388646877E+00  1.26156458312974262E+01
  3.43844632468353784E-01  1.83477383942658667E+00  6.57849996647207735E+00  1.89764320391537589E+00
  3.55575626152149271E-01  1.31989585581137678E+01  4.48749711306449972E-01  1.24599415617822480E+01
  3.08607932839089050E-01  8.56764722938481604E+00  1.15496193279352077E+01  5.80500153088425996E+00
  4.84429066430730915E-01  1.99841997145189265E+00  3.09204259673744675E+00  6.60717282659752403E+00
  5.29698296771959232E-01  5.31491487821990738E+00  8.76374221717143520E+00  1.09864136323805628E+01
  3.71781505092813103E-01  3.10935424899057811E+00  4.57877616942276067E+00  3.13637095614643968E+00
  5.20333150277951795E-01  4.03347847062461184E-01  6.59272606287316965E+00  3.31756765454383862E+00
  5.91749286368603356E-01  8.12198414522791801E+00  8.77261953476274492E+00  9.25212570510087318E+00
  4.71376829571238165E-01  1.06836255341925721E+01  8.90699670558296397E+00  1.25043772268184412E+01
  4.54107542322554236E-01  1.12588045238360852E+01  4.54546365110360284E+00  2.97597539244650910E+00
  5.64404144318620404E-01  8.05818543940864274E+00  6.97050419489748840E+00  4.71933522266399008E-01
  4.36799992478945909E-01  8.58125808552614266E+00  1.09953796176304710E+01  5.30687281471065386E+00
  4.23649157779161234E-01  7.07902809052772142E+00  6.94976102166290666E+00  1.17255185556896002E+01
  5.11150069422808828E-01  8.73472541081024012E+00  7.89474478431662341E+00  1.18002724132078463E+01
  3.81909890374632355E-01  5.71922250961800493E+00  1.32456325256954804E-01  5.99460404253607582E+00
  5.06617780002852514E-01  8.34272426791769028E+00  3.20059945151719827E+00  1.38313622047108331E+00
  3.86818426119931114E-01  1.11247029604966290E+01  1.10680201130788376E+01  3.99330211304224658E+00
  4.67051022334941945E-01  4.08897479144675835E-01  7.70201359118337692E+00  4.73517829831166548E+00
  3.91639445074813297E-01  6.57457605939367173E+00  3.56206365446422657E+00  2.88411468499233958E+00
  2.99785386141821708E-01  3.54234731900294031E-01  3.47230426612698784E+00  7.40135548170166491E+00
  5.91749286368603356E-01  1.31868069072543310E+01  4.70542082785939808E+00  5.07750955968312123E+00
  5.06617780002852514E-01  1.00571566898940894E+01  1.33631887793359532E+01  7.90114872627987719E+00
  4.45471777578522854E-01  3.76113515806317400E+00  2.84129777256630778E+00  1.23878097294044185E+01
  4.05674446517406473E-01  1.22384185009871178E+01  3.78457920700061923E+00  3.67009851415953214E+00
  2.89926324498661514E-01  5.48812903152298670E+00  9.64800081865609727E+00  9.45922278165968855E+00
  2.89926324498661514E-01  8.29924501346171439E+00  3.91209570278897534E+00  1.02768631551884626E+00
  5.02120514290034237E-01  8.02892951174845848E+00  8.46203271549180691E+00  6.24100504273344114E+00
  4.14741582532007880E-01  4.95176768795204225E-01  1.24693989824856732E+01  1.00005824827262284E+01
  5.11150069422808828E-01  1.22455522472017755E+01  2.50737701436398286E+00  9.22029871404327928E+00
  4.41142703402056136E-01  7.63422646160576601E+00  9.48703373128219063E+00  7.77236367453620147E+00
  2.14322779410510394E-01  8.42016628237467302E+00  2.95954037854034269E+00  2.07620432688237599E+00
  4.62733810730875383E-01  1.89752328581331597E+00  5.59887353206461325E-01  7.56395373808115945E+00
  5.49108239936929698E-01  9.39805490841300895E+00  4.71106800959206584E+00  2.95134012635434262E+00
  2.99785386141821708E-01  1.23078371302307996E+01  1.19284217209650460E+01  9.30396769500010734E+00
  3.55575626152149271E-01  1.30427204486315791E+01  6.18867436173145524E+00  6.34945849584452465E-02
  3.81909890374632355E-01  1.07369346368109149E+01  6.73722450765092695E+00  9.13684217959775147E+00
  5.59225941233592594E-01  1.23965717630696570E+01  7.88768663044411156E+00  9.15397272671874163E+00
  3.16615288597822842E-01  1.22771831866660547E-01  8.85362342548073578E+00  3.33647366565853609E+00
  4.84429066430730915E-01  2.58962746437378488E+00  1.03184252286350464E+01  4.76404462232999393E+00
  5.44158343748334383E-01  8.38789165240921619E+00  4.33017500327545335E+00  1.26657331217370981E+01
  3.55575626152149271E-01  6.35272823617847404E+00  6.31432096636196860E+00  5.89817212395313017E+00
  2.14322779410510394E-01  8.02614364040107553E+00  2.53474252219211138E+00  2.81616419765237325E+00
  5.02120514290034237E-01  8.66068196506885535E+00  7.06255411894080254E+00  9.21021992382645216E+00
  4.84429066430730915E-01  1.10627336515335752E+01  7.79179355358623038E+00  2.17526297244827083E+00
  3.37575933792008509E-01  1.12648572636968769E+01  2.28085941413955551E+00  2.67361344318176508E+00
  5.91749286368603356E-01  1.25794878008965814E+01  1.03784204240839841E+01  3.93222244104497243E+00
  4.93220738472549158E-01  1.56874914096441276E-01  8.70261739746336893E+00  8.72581596099204271E-01
  3.24058750641704252E-01  1.95689251636132311E+00  1.17551677720822205E+01  7.69827093794827721E+00
  4.49792344455842874E-01  8.25517216560434974E-01  1.10537845084486008E+01  9.08138023626783419E-01
  5.39277054206551698E-01  1.34878588773004520E+01  8.79097145360204735E+00  6.38172646341602867E+00
  3.71781505092813103E-01  3.57814838975616345E+00  3.52695250677662742E+00  7.05444747633683455E+00
  3.16615288597822842E-01  1.17088987183810289E+01  6.92475245582620946E+00  1.05587718364602079E+01
  2.99785386141821708E-01  2.74610713600751888E+00  6.22323780271872895E+00  5.20176476757775230E+00
  4.28056431560671025E-01  1.19298984080288406E+01  3.37583818085810616E+00  2.42041400828996833E+00
  5.29698296771959232E-01  3.80281997853386367E+00  8.80814782016596176E+00  2.70808328421958633E+00
  3.16615288597822842E-01  1.02848478219729422E+01  3.60690736233462816E+00  9.59862500991867584E+00
  4.23649157779161234E-01  9.71770394432632401E+00  8.28338956517919556E+00  9.20162079352869355E+00
  2.46370760027530694E-01  7.73979149933072375E+00  2.57761318257964733E+00  6.79353123146428128E+00
  5.15720700463495496E-01  4.70325140217674242E+00  8.17926094168910289E+00  8.92133773711091216E+00
  4.88813983084759374E-01  3.47360123853231562E+00  1.10882941557813863E+00  5.87951292150917393E+00
  4.54107542322554236E-01  1.32547443708854953E+01  1.19810312450416436E+01  6.27736563519680235E+00
  4.54107542322554236E-01  1.07038896757931887E+01  2.59873650016489322E-01  4.16885809772922222E+00
  3.71781505092813103E-01  3.73581722264079863E+00  1.62451710717550735E+00  1.25967000456742220E+01
  4.45471777578522854E-01  1.02039590404380736E+01  6.44946317503088373E+00  1.20164727859813141E+01
  4.67051022334941945E-01  8.75126402659288871E+00  7.02658070161345805E+00  1.84263657503013056E+00
  5.06617780002852514E-01  4.05499873472056560E+00  3.77648278422237249E+00  9.56474451719104835E+00
  4.01058911976384491E-01  1.03223507992645871E+01  9.28194995007399370E+00  2.29309875319466866E-01
  4.36799992478945909E-01  1.24017638860451251E+00  1.10526313304162436E+01  1.27021846474889326E+01
  3.96383251075161813E-01  1.57760552170010993E+00  1.24974128597266372E+01  5.05796376550689697E+00
  5.15720700463495496E-01  3.36402472790995777E+00  1.09406640636289265E+00  1.00887601123717285E+01
  5.20333150277951795E-01  6.98285115670735301E+00  1.15993723500984771E+01  6.69117583369593572E+00
  2.78555296554233556E-01  5.92747852357736971E+00  1.07206748568682575E+00  1.26376612655137563E+01
  3.24058750641704252E-01  1.18773862546648470E+01  8.40553724199876129E+00  1.08724255579019502E+00
  2.46370760027530694E-01  3.92029387742273938E+00  4.13818410519302127E+00  6.65850815667562568E+00
  3.08607932839089050E-01  1.25508704884293643E+01  1.47951378447779480E+00  4.04846373213339916E+00
  3.96383251075161813E-01  1.08484910557923619E+01  4.54046687642502977E+00  1.27085432267864515E+01
  4.10231171689561747E-01  7.76807664466785575E+00  3.54930447868377730E+00  5.86568829803870173E+00
  4.80063103612331954E-01  2.83121944040181761E+00  3.77333450173244955E+00  1.29488289190160089E-01
  4.05674446517406473E-01  2.33650948518196150E-01  1.10833899099357716E+01  9.43968374564836843E+00
  4.41142703402056136E-01  5.00206562952140477E+00  6.73834994604110893E+00  5.72920823642200983E+00
  5.59225941233592594E-01  6.12631432597534431E+00  1.06024847082855231E+01  1.54222002153243998E+00
  4.71376829571238165E-01  5.29063890465835129E+00  1.21085580150274446E+01  7.93676060486148582E+00
  4.32438693220842718E-01  7.56120296158875504E+00  2.38797809326216814E+00  1.32036437510155924E+01
  3.55575626152149271E-01  4.36607068505772133E+00  7.61149030254666759E+00  1.34148861314009036E+01
  5.11150069422808828E-01  3.95387416424286720E+00  9.75974766410984174E+00  2.21789011468997072E-01
  5.54129086970597151E-01  4.53889425906197275E+00  9.34158257319208474E+00  5.65511654886523196E+00
  4.19212477446155474E-01  4.16012037864325990E+00  6.58997952144874777E+00  5.82020696895579270E+00
  4.05674446517406473E-01  6.55242054440732513E+00  2.26892131194988433E+00  1.27894826642465265E-01
  5.11150069422808828E-01  6.35485799301692111E+00  1.30635692849900611E+01  1.00419268154152181E+01
  4.71376829571238165E-01  1.00581968220424560E+01  1.20223739971508596E+01  5.68617164371453665E+00
  4.71376829571238165E-01  2.02484866798501084E+00  5.99306333137968483E+00  5.34713217759366000E+00
  4.80063103612331954E-01  1.26878443922775954E+01  1.24335543831287527E+01  1.14768831481362987E+00
  5.02120514290034237E-01  1.04354025588471213E+01  1.02341605294166609E+01  1.22993780247681030E+01
  4.10231171689561747E-01  4.30035570309516402E+00  8.92305355210340956E+00  9.29754730035465293E+00
  4.19212477446155474E-01  8.36009296089472365E+00  9.33377433056651107E+00  5.06094267617448601E+00
  5.54129086970597151E-01  3.15314917057940181E-01  1.18661291689475998E+01  1.13865505147934840E+01
  4.84429066430730915E-01  1.57311070199652847E+00  7.44831737818198336E-01  1.09256846359585893E+01
  3.30997587999695309E-01  6.54881703666401904E+00  3.07276101261860513E+00  6.33367676520252676E+00
  5.34458872568623455E-01  1.18004318259798566E+01  1.08524802164072853E+00  1.13447316347093707E+01
  5.75027356379647192E-01  2.54923133009778136E+00  1.24647904435160424E+01  8.73934159628310225E-01
  3.55575626152149271E-01  7.13501886992561918E+00  8.37407227143257238E+00  4.67561367333876099E+00
  4.75713279310277237E-01  1.25489215922632216E+01  6.02245773889380320E+00  6.57085832156117711E+00
  2.89926324498661514E-01  1.12947749003605775E+01  1.03863129928678166E+01  1.02709362762608141E+01
  3.24058750641704252E-01  1.18664826666662027E+01  4.21248036622456290E+00  1.00480777246346506E-01
  4.41142703402056136E-01  1.86493596682879148E+00  4.95341440789049070E+00  1.04378117381721101E+01
  4.01058911976384491E-01  2.53304308234582543E+00  3.96257975380976335E+00  3.03220044611841777E+00
  5.24991069551568490E-01  7.16652162934570125E-01  1.14651014356251579E-01  3.13299857410728355E-01
  5.02120514290034237E-01  2.05697662618689847E+00  1.04864194072334049E+00  3.73783971643304547E+00
  4.23649157779161234E-01  1.14576604602114980E+01  2.95519695649440095E+00  1.24066782121002248E+01
  5.69669339224686877E-01  1.05182272111622428E+01  5.83888448432941587E+00  2.87741412638624294E-01
  5.80490670513443274E-01  7.82633543088519512E-01  8.20707746881852773E-01  1.02168906370821748E+01
  5.59225941233592594E-01  8.70803758526049299E-01  6.53076972861566935E-02  1.27392860559827561E+01
  3.71781505092813103E-01  1.27963941666463565E+01  1.18758476547099132E+01  9.87647802684728937E+00
  4.54107542322554236E-01  4.34379128743725040E+00  5.89311506925327944E+00  1.30836286009575353E+01
  4.88813983084759374E-01  1.26262194256243632E+01  4.59270030556708786E+00  1.43509695545271665E+00
  4.23649157779161234E-01  4.35959435279071528E+00  2.52945021818652949E+00  9.91950467671576774E+00
  2.89926324498661514E-01  1.23851825929076860E+01  1.37894087518853303E+00  1.04188089404809556E+01
  3.96383251075161813E-01  1.10883525175886071E+01  1.31241222657943091E+01  9.57817831535487763E+00
  5.34458872568623455E-01  1.25871443333916861E+01  1.28276980381309720E+01  1.04184001971698184E+01
  4.97655099191040562E-01  6.82994119469391237E+00  9.13878605805805044E-01  4.19720466054984076E+00
  3.08607932839089050E-01  1.16162375103878883E+01  1.32787010305212014E+01  5.69092362689961218E-01
  3.55575626152149271E-01  4.31730055674968849E+00  8.73424086935989941E+00  8.16437913056128473E+00
  3.24058750641704252E-01  9.68546540046635229E+00  1.17699042942126191E+01  2.41441908930314364E+00
  5.29698296771959232E-01  1.24430803519329665E+01  4.46982766260967068E+00  4.27240892310739362E+00
  2.14322779410510394E-01  6.59920833341643398E+00  1.60537358269193375E+00  4.13175848706486892E+00
  4.58420388086688613E-01  1.19599252116223838E+01  1.89433522768608209E+00  1.07566984867497126E+01
  5.02120514290034237E-01  2.91070302144399529E+00  5.55557076675755912E+00  8.45482346990753797E+00
  3.76902076901479588E-01  1.16176132863486603E+00  1.95772995735307176E+00  7.45282469026654226E+00
  5.20333150277951795E-01  1.10606252553713169E+01  5.63974301573230719E+00  7.31097033085213521E+00
  4.88813983084759374E-01  3.94478616992121101E+00  5.96493694908569294E-01  1.75843022102745516E+00
  4.41142703402056136E-01  6.78121531697388846E+00  7.91859337678458086E+00  9.91944238387637078E+00
  3.66532661804007787E-01  1.09773698126423849E+01  1.15023150712412860E+01  7.32164730977816358E+00
  4.71376829571238165E-01  8.73914916565905386E+00  7.39777378648975192E-01  1.05817828810388352E+01
  5.49108239936929698E-01  2.79360674377031470E+00  2.75860710835823175E+00  1.80577693136372730E+00
  4.36799992478945909E-01  6.14239708027900377E+00  2.75289612228364611E+00  1.22535283808731563E+01
  5.54129086970597151E-01  4.38183061540444907E+00  5.52834312840245889E+00  3.64548781134902233E+00
  5.06617780002852514E-01  3.05884420066929730E-01  1.05927611409955880E+01  1.34377144809191016E+01
  2.89926324498661514E-01  1.07368568933211552E+01  5.79001645710233781E+00  2.45287159671786892E+00
  3.16615288597822842E-01  1.79856515937993855E+00  4.34457642049015025E+00  1.22169402378978020E+01
  2.46370760027530694E-01  5.59047318465108933E+00  2.15360680994980980E+00  5.29461651528100141E+00
  5.86062212635089952E-01  4.96512736053917170E+00  1.29296627556830579E+01  7.33876727499303971E+00
  4.67051022334941945E-01  1.03236184904135690E+01  9.69443016667240975E+00  6.64754627668229325E+00
  4.67051022334941945E-01  7.13581338921822628E+00  1.07779727063614104E+01  8.11614460993137055E-01
  3.30997587999695309E-01  1.06677059484905605E+01  1.05204928959763659E+01  3.91234654572170415E+00
  5.06617780002852514E-01  8.45977440727520502E+00  1.30418570162318552E+01  1.27190462092554633E+01
  2.99785386141821708E-01  4.71965595790544246E+00  1.57050375869905268E+00  1.08271151151539922E+01
  4.19212477446155474E-01  1.16655584805009482E+01  1.33931396225056734E+01  1.91268489032899236E+00
  3.91639445074813297E-01  1.27447616592199804E+01  3.41356350311166068E+00  6.43453736627080097E+00
  3.66532661804007787E-01  2.68712155869979430E+00  7.79846237746366855E-01  5.94244877627117685E+00
  5.75027356379647192E-01  8.35559064681374331E+00  1.20045532977691494E-01  9.83156821757279431E+00
  5.44158343748334383E-01  8.43467193176860341E+00  9.42008182473432143E+00  7.20179515258012426E+00
  2.14322779410510394E-01  1.23645515200594058E+00  7.79984740427780388E+00  1.24479089194156796E+01
  5.91749286368603356E-01  9.77845180447945417E+00  7.30809014888936037E+00  7.20738674801089640E+00
  3.43844632468353784E-01  5.58525892989451567E+00  5.19860198382173255E+00  7.52217854374034989E+00
  3.86818426119931114E-01  1.65290970530547643E-01  6.13680150004027247E+00  1.14339839216713468E+01
  5.54129086970597151E-01  1.72751823480149946E+00  2.46641478234749201E+00  7.98877864249726777E+00
  3.49822487141294602E-01  1.26900837284462682E+01  1.12902654129876652E+01  4.21749964830548674E+00
  4.84429066430730915E-01  4.06982295743080602E+00  1.04676685620599059E+01  6.02975032247978859E+00
  3.81909890374632355E-01  4.68668123518651925E+00  1.22534572401580402E+01  9.40587278402540150E+00
  5.75027356379647192E-01  3.30380993698420289E+00  1.17086991405003857E+01  9.47302921504733320E+00
  4.54107542322554236E-01  2.14142976847359556E-01  1.20030394946513024E+01  8.12045540420497036E-01
  3.66532661804007787E-01  3.13291686497726296E+00  7.00852928375480477E+00  1.30962623498528679E+01
  4.67051022334941945E-01  7.30646675104847620E+00  2.82915922947420695E+00  6.27792728007372247E+00
  4.19212477446155474E-01  1.13107631702134555E+01  1.26666297908933227E+01  5.05396616004034183E+00
  3.61137627255947724E-01  3.37893981561810941E+00  4.24817181430494739E-01  7.54570559364327398E+00
  4.01058911976384491E-01  4.65002586657682571E+00  2.79564954924829445E+00  3.63995990647771495E-01
  4.05674446517406473E-01  5.45061600681257641E+00  9.86669773895855862E-01  3.04966388183366011E+00
  4.88813983084759374E-01  1.99488729841192880E+00  1.48160321375601289E+00  7.77676592378141951E+00
  4.19212477446155474E-01  1.10790853643735288E+00  4.52350572331518297E+00  1.19846601926447693E+01
  4.62733810730875383E-01  7.69183377498892185E+00  1.08638431061732312E+01  5.28005913439418695E+00
  3.37575933792008509E-01  1.09103277618633809E+00  9.28393581795297607E+00  1.09078831326349146E+01
  2.46370760027530694E-01  1.13894114549599816E+01  8.50401307588097488E+00  1.24096628011960792E+01
  3.71781505092813103E-01  6.50819074152771115E+00  5.31123995096921586E+00  4.37479726731966778E-01
  4.36799992478945909E-01  3.68518780263885137E+00  3.82608251151844003E+00  7.79806887814100858E+00
  3.55575626152149271E-01  9.21420972027914864E+00  6.33468736592741966E+00  1.07857657621739786E+01
  3.91639445074813297E-01  1.10695683487215368E+00  8.49949718883230787E+00  1.07607461742200368E+01
  5.69669339224686877E-01  2.90467445529060697E+00  2.76051484924141421E+00  1.17227325368148261E+01
  5.69669339224686877E-01  1.46880784867088354E+00  3.13148217535036055E+00  3.90889325926716547E+00
  4.84429066430730915E-01  9.15397592445761177E+00  2.08543262437743593E+00  5.65392970045698373E+00
  2.46370760027530694E-01  8.17265755615826595E-01  9.57893417268288516E+00  2.18465822277877830E+00
  4.45471777578522854E-01  6.55288376326847199E+00  9.54669287509661224E+00  9.68317273072147877E+00
  5.86062212635089952E-01  7.75942084763000484E+00  7.65651731788951828E+00  9.34457360976715457E+00
  3.49822487141294602E-01  3.09632309324686550E-01  8.07105539608784461E+00  2.07594218996675917E+00
  5.15720700463495496E-01  1.14688044300705148E+01  5.82758303947697964E+00  8.10522730958637028E-01
  5.59225941233592594E-01  5.88386755601876743E+00  2.41573571590921343E+00  2.53916944326136118E+00
  4.75713279310277237E-01  4.63079728107581445E+00  4.09088358203561153E+00  1.91896832042892584E+00
  5.91749286368603356E-01  9.80885175204874749E+00  5.46941987197450530E+00  1.25893613312059660E+01
  4.93220738472549158E-01  2.73227671009131534E-01  2.55701860310330842E+00  1.01275004004370039E+01
  3.66532661804007787E-01  1.32653994341262020E+01  5.88975640063198025E+00  1.00680398239828826E+01
  2.89926324498661514E-01  8.36187056994444688E+00  1.11559823879294040E+01  9.23262457479447818E+00
  4.75713279310277237E-01  1.11968676788873633E+01  1.96586318204922783E+00  1.94651846137432472E-01
  4.36799992478945909E-01  2.41085168017982099E+00  1.31233653606010692E+00  1.32353781868828388E+01
  3.61137627255947724E-01  8.08074023884397086E+00  5.36768468396750364E+00  1.21503992431249075E+00
  2.89926324498661514E-01  1.10919732781085081E+01  4.85260991488782212E-01  6.81999632691799640E-01
  4.80063103612331954E-01  1.21149126739376065E+01  5.29376337494828375E-01  6.08487093393594680E+00
  3.66532661804007787E-01  1.31152512457604047E+01  4.88319899801491086E+00  7.94760824371671171E-01
  4.93220738472549158E-01  1.22783258063796179E+01  5.34622957393214548E+00  3.77133999006392662E+00
  3.43844632468353784E-01  9.54881415155710300E+00  8.68408590607832487E+00  1.06752473389696600E+01
  3.37575933792008509E-01  3.36328836454085822E+00  7.88979999257700815E+00  9.67662663140445645E+00
  5.11150069422808828E-01  8.88295246768054447E+00  1.05358995280805301E+00  9.66217261191736121E+00
  3.30997587999695309E-01  5.47850588382409409E+00  1.28704907339614536E+01  2.41309408732655273E+00
  4.01058911976384491E-01  1.00628725609363947E+01  5.66772872777106085E-01  1.20669227832041095E+01
  3.76902076901479588E-01  1.19928150824868460E+01  3.29921062678210530E+00  7.01234442366694388E+00
  5.44158343748334383E-01  8.53932760215815101E+00  5.82114361279343795E-01  4.03668921283777582E+00
  4.58420388086688613E-01  4.93082574973617049E+00  9.76053460900764769E+00  1.16559629689309077E+01
  3.16615288597822842E-01  9.07493713295437310E+00  5.38975422541642679E+00  1.40172829007964483E+00
  3.86818426119931114E-01  8.64656668765197800E+00  1.31089903133648935E+01  1.03603703031683661E-01
  4.62733810730875383E-01  5.16069978801756957E+00  1.70381822712846076E+00  2.65583738890898369E+00
  4.62733810730875383E-01  8.74050284083175200E+00  5.14046210754702937E+00  4.77364551513911195E+00
  4.41142703402056136E-01  1.06418388530322332E+01  4.39628278688195806E+00  7.33938623932309753E+00
  5.24991069551568490E-01  1.24891393861820408E+01  2.70837051066914380E+00  1.13604176888690738E+01
  4.97655099191040562E-01  2.00819593883127068E+00  1.17094726621612235E+01  1.09994875917479238E+01
  2.89926324498661514E-01  1.09574142496847244E+01  4.64232312022118787E+00  4.06501131088451262E-01
  5.39277054206551698E-01  7.57519979837398960E+00  6.94831987267207907E-02  4.24571407512101828E+00
  4.01058911976384491E-01  1.04761654302598428E-01  4.78344639596404664E-01  9.59573039806064187E+00
  2.99785386141821708E-01  4.22314125569213239E+00  1.11927380878388032E+01  1.05510857966562490E+01
  4.32438693220842718E-01  9.93108281655593395E+00  1.13767184771690015E+01  6.30762753816782684E+00
  4.88813983084759374E-01  6.41623551710019857E+00  1.02173542497408540E+01  1.04695859206443682E+01
  4.05674446517406473E-01  4.76275399163000657E-01  5.79557176347793246E-01  1.20249107310220982E+01
  4.01058911976384491E-01  5.83811608778368729E+00  2.80291983278332424E+00  4.28709950145343832E+00
  5.06617780002852514E-01  1.25024311905690642E+01  6.94564850682784130E+00  4.61858685430325178E+00
  4.80063103612331954E-01  3.51941510680612035E+00  7.32514980000649185E+00  8.38537213292170414E+00
  5.49108239936929698E-01  5.98567644854951109E+00  2.20116763682364686E-01  1.28068104794109328E+01
  4.41142703402056136E-01  1.18877172008955068E+01  4.77101372772694354E+00  1.97089396166849751E+00
  5.34458872568623455E-01  5.49552252310764655E-01  2.54992057174074516E+00  7.05175878835593828E+00
  5.11150069422808828E-01  1.30039347171734612E+01  9.81526104006312217E+00  7.95418248145502993E-01
  3.91639445074813297E-01  1.28092208962969636E+01  7.13821797056052887E+00  9.59761376713398207E+00
  2.46370760027530694E-01  1.74673714194831908E+00  6.67847282159075029E+00  7.03228465091582677E+00
  3.30997587999695309E-01  3.62211435761973366E+00  4.04134707307008512E-01  9.47235376665590501E+00
  4.54107542322554236E-01  1.09995489380251712E+01  3.20050788435331901E+00  6.15719533995806678E+00
  4.49792344455842874E-01  1.09134976066842597E+01  2.68364843212568038E+00  3.76584419779179225E+00
  4.14741582532007880E-01  1.18694795062734908E+01  1.00346615029037167E+01  6.34913160302340529E+00
  5.34458872568623455E-01  3.75496201718243405E+00  2.68974619972667117E+00  6.75589621604876278E+00
  4.19212477446155474E-01  1.31838887064488723E+01  6.77889167717840646E+00  1.15243781995553629E+01
  4.32438693220842718E-01  6.45833488952761603E-01  6.82513709628481280E+00  9.17318180787152038E+00
  2.99785386141821708E-01  5.63153230424132900E-01  2.14212049394369908E+00  1.27321053994109477E+01
  5.49108239936929698E-01  1.13617435428578286E+01  5.93804056450301676E+00  1.30577021141120984E+01
  4.36799992478945909E-01  6.41604148797192586E+00  7.34635102750376273E-02  1.08399766625275173E+01
  3.86818426119931114E-01  3.18900366088616882E-01  3.15389102236264707E+00  4.39318737603874698E+00
  3.24058750641704252E-01  4.22439640800532923E-02  4.64920813971035773E+00  1.28706453182226443E+00
  4.19212477446155474E-01  1.71767615873334734E+00  5.14410599465122775E+00  1.66748732296503688E+00
  5.24991069551568490E-01  4.32737976782335476E+00  4.31114549817790049E+00  8.72598886126226425E+00
  4.05674446517406473E-01  4.17409574150288010E-01  1.23162270863691106E+01  2.61988179032039881E+00
  5.86062212635089952E-01  1.21341425350612937E+01  9.53377339870600160E+00  5.52421475087348046E+00
  3.24058750641704252E-01  9.66218967029784004E+00  1.13138973541331449E+01  9.03682656998963996E-01
  3.71781505092813103E-01  6.44584563800396459E+00  6.62852015149692830E-01  6.16504173842066194E+00
  4.88813983084759374E-01  5.11390681401966152E+00  1.37652640538173276E+00  7.80680113768407580E+00
  5.44158343748334383E-01  1.24136440039384439E+01  8.85564005035229584E+00  6.50574057661920246E+00
  4.93220738472549158E-01  7.28252979851789473E+00  4.77213255347934862E+00  6.88915018185967032E+00
  3.49822487141294602E-01  1.19019109175214197E+01  1.03352094572538054E+01  1.00497598026192279E+01
  4.05674446517406473E-01  1.12076375078187453E+01  5.13900746756493820E+00  5.20586907855088032E+00
  3.24058750641704252E-01  1.34510064370347440E+01  8.23644303084257245E+00  1.03818001541316622E+01
  4.19212477446155474E-01  1.12733579473786225E+01  6.66315436340776124E+00  3.41244201204064446E+00
  5.06617780002852514E-01  1.38044439875423275E+00  4.95025307865671493E+00  7.41490638997063822E+00
  3.37575933792008509E-01  8.13899722045651508E+00  5.07600691928577952E+00  1.22692798091274184E+01
  3.86818426119931114E-01  2.10169783484473971E+00  1.18745256601727238E+01  9.96414929478442701E+00
  4.80063103612331954E-01  6.73634738562587376E-01  8.05373568625727643E+00  6.21107730023871341E+00
  5.20333150277951795E-01  3.90938520144006929E-01  7.28934013639289535E+00  5.63163517639174227E+00
  5.11150069422808828E-01  1.21006558813975218E+01  1.25776677978824445E+01  4.57093734675191143E+00
  2.46370760027530694E-01  4.99045468386665636E+00  3.08966695517377854E+00  3.66303661748001685E+00
  4.67051022334941945E-01  4.97532257444472048E+00  9.48142927258648704E+00  3.91014031944621321E+00
  5.64404144318620404E-01  1.29603203780060312E+01  2.03052763038983164E+00  1.05948858545358089E+01
  4.67051022334941945E-01  3.17262125055905653E+00  1.06263414857502276E+01  1.17838281403366416E+01
  5.15720700463495496E-01  7.61412703123170509E+00  9.22888654627150551E+00  1.09429852100094269E+01
  5.44158343748334383E-01  4.63757479107336223E-02  1.16335512997062089E+01  1.03474853329082048E+01
  5.54129086970597151E-01  9.27678811125244707E+00  4.23002102730127660E+00  6.42719180602447171E+00
  3.08607932839089050E-01  2.11574936095314481E+00  1.93420881934703570E+00  1.19267645053728755E+00
  4.62733810730875383E-01  9.17736096585842276E+00  1.04662213076580599E+01  2.96800718653867346E+00
  5.20333150277951795E-01  1.09648091185894661E+01  1.10217987825279042E+01  9.89235531266991330E+00
  3.91639445074813297E-01  9.15551066541653569E+00  1.22478972566318731E+01  1.27065975208888293E+01
  4.67051022334941945E-01  1.30352293537535449E+01  7.58783660444780583E+00  6.02842167410049967E+00
  5.39277054206551698E-01  7.53195301184148303E+00  7.57015392598743286E+00  1.04444030452482188E+01
  3.81909890374632355E-01  4.89201332009605760E+00  1.00858999629507533E+01  1.29573268318606978E+01
  5.54129086970597151E-01  4.25570532641444677E-02  9.81088540228286199E+00  4.43451205291085682E+00
  5.29698296771959232E-01  1.97504668443495501E+00  1.14450394764342285E+01  1.20114237631039753E+01
  3.30997587999695309E-01  1.84362004097197540E+00  2.40727916161647348E+00  3.51906906026158195E+00
  5.54129086970597151E-01  1.31420904850307760E+01  1.10073628103839614E+01  1.11814523852875638E+01
  4.84429066430730915E-01  8.68094937038153169E+00  4.53822752569475263E+00  7.21979014603945224E+00
  4.49792344455842874E-01  9.30346791669401796E+00  7.63368344092692919E+00  1.43418841402878616E+00
  5.59225941233592594E-01  6.97401438249015126E-01  1.08757941591512992E+01  1.08458239970499886E+01
  4.45471777578522854E-01  4.79334489838577227E+00  5.61606067849515522E+00  1.19975268771324970E+01
  4.28056431560671025E-01  7.24501021905939968E+00  6.15452845469184329E+00  8.57125803378353268E+00
  3.71781505092813103E-01  2.49738689754174681E+00  1.07415069907374825E+01  3.08638081703577427E+00
  4.41142703402056136E-01  7.96995698442145173E+00  9.39854007763054078E+00  6.33348710201502207E+00
  5.29698296771959232E-01  2.54639195396286233E+00  7.46463439150262875E+00  1.08953166516809237E+01
  3.96383251075161813E-01  6.43017500134028275E+00  5.92238556823593498E+00  1.54617553324708479E+00
  4.54107542322554236E-01  5.07098615787183338E+00  1.15004065671267224E+01  3.18259087058629220E+00
  2.99785386141821708E-01  1.19917573824284851E+01  6.65687170467935818E+00  3.88081698665305730E-01
  4.28056431560671025E-01  7.84539849448311077E+00  3.33982736697904059E+00  6.77728579935584641E+00
  5.54129086970597151E-01  4.12763709191733241E+00  9.63134070487565275E+00  6.64235737228275980E+00
  4.28056431560671025E-01  9.10510480344031703E-01  7.05854692848154741E+00  1.32058606428032448E+01
  4.10231171689561747E-01  1.08279265118829322E+01  7.10053290712041818E+00  4.30055880990519235E+00
  3.08607932839089050E-01  5.68447811541466308E+00  1.70726401102313363E+00  5.80391155990157004E-01
  4.10231171689561747E-01  9.03146308184418523E+00  1.26784674854757160E+01  1.19148519569238331E+01
  5.44158343748334383E-01  1.28854736891197916E+01  1.22768943160571613E+01  2.13991185264294970E+00
  3.81909890374632355E-01  6.06608216830969038E+00  1.47687404408506007E+00  3.03216137570588051E+00
  3.76902076901479588E-01  1.26664843047086801E+01  5.15718065138775561E+00  6.46333109401908157E+00
  5.86062212635089952E-01  2.55602605162516072E+00  8.68343811044914204E+00  1.30731718268228256E+01
  5.39277054206551698E-01  2.39582732316846325E+00  1.02041494806870894E+01  1.31830896524327361E+01
  3.66532661804007787E-01  1.19321639878981891E+01  1.65575678712593732E+00  1.20290066174735077E+01
  4.01058911976384491E-01  1.03024391778374262E+01  2.75281991530304682E+00  2.19109762378449036E+00
  3.96383251075161813E-01  2.69338814574727881E+00  1.23701795954535001E+01  9.83608118372666418E+00
  4.54107542322554236E-01  1.25556447312279147E+01  4.18950485171785036E+00  1.21844896306664197E+01
  4.97655099191040562E-01  1.17227890285706593E+01  1.00539111086341162E+01  1.21928965090031589E+01
  2.64730453937343402E-01  9.37734954449798153E-02  6.59900801311025109E+00  7.67009170603873791E+00
  3.81909890374632355E-01  1.08321284562121480E+01  1.23011097123100495E+01  4.25067589725944206E+00
  4.62733810730875383E-01  1.10094186814255242E+01  1.33109953790262292E+01  7.41956764163486771E+00
  5.86062212635089952E-01  1.27912837844956933E+01  1.25384112764394828E+01  1.29306325059432581E+01
  5.34458872568623455E-01  6.80679069981463947E+00  1.37024537084968423E+00  6.72575904244535039E+00
  5.64404144318620404E-01  8.29380644583410387E+00  1.30001072643089604E+01  7.24894763927846153E+00
  4.01058911976384491E-01  1.21173320707454888E+01  1.17523902645364036E+01  7.49754953322765250E+00
  5.20333150277951795E-01  7.97956806879607505E+00  6.50407081406823107E+00  8.08391575694190934E+00
  3.30997587999695309E-01  9.14811337289289561E+00  8.81582553754119047E+00  1.17719147967212141E+01
  3.49822487141294602E-01  5.00933969924961353E+00  6.40019205136773350E-01  5.72583703262157684E+00
  3.66532661804007787E-01  7.27929043826112654E+00  6.25345904052389567E+00  1.49680955752674616E+00
  5.69669339224686877E-01  1.20979599269006997E+01  3.89721809346699422E+00  5.30113896650878669E+00
  5.24991069551568490E-01  2.48621499429237192E+00  1.26560653059998796E+01  7.04321181741961144E+00
  2.46370760027530694E-01  8.89069588168672631E+00  9.95525658318517692E+00  1.04477178118552967E+01
  4.93220738472549158E-01  7.98644546205802364E+00  1.34132806801099687E+01  6.32570838475519714E+00
  3.66532661804007787E-01  1.18329078789563464E+01  1.24166897974874431E+01  1.37417963804130427E+00
  5.80490670513443274E-01  1.31337088892518210E+01  7.65780265694212758E+00  1.10514186060646846E+01
  4.49792344455842874E-01  1.81440687196746309E+00  1.20277188084439040E+01  4.39521294219758207E+00
  3.81909890374632355E-01  1.05982507015802359E+01  2.47645798826894614E+00  2.86060854162647926E+00
  4.41142703402056136E-01  4.13598987269030705E+00  7.98573575506614741E+00  9.66656769234720947E+00
  3.81909890374632355E-01  3.81727837285943450E-01  7.66418290537941616E+00  1.34920081773304723E+01
  5.80490670513443274E-01  2.09258347674333622E+00  1.12461953708357338E+01  3.78436136931812062E+00
  3.66532661804007787E-01  1.30100832203630046E+00  4.42922492138852597E+00  1.63364347530123966E+00
  3.71781505092813103E-01  2.39506527408920622E+00  5.21899223993691841E+00  1.28877067178428870E+01
  5.80490670513443274E-01  2.31131587941140459E+00  7.75702055316610933E-02  6.45415745431133381E+00
  4.28056431560671025E-01  2.75214222673077780E+00  1.19903117648482613E+01  6.39658215595830182E+00
  3.76902076901479588E-01  6.90069939172472324E+00  5.68590860164846745E+00  1.10355223243925362E+01
  2.46370760027530694E-01  2.88177632988757892E+00  1.14714845659186135E+01  3.88477877449991560E+00
  3.16615288597822842E-01  5.13150137728572098E+00  8.68615893177652332E+00  7.58160990295389858E+00
  5.29698296771959232E-01  1.71760574571468583E+00  2.50597495050457075E+00  7.26853658882869014E-01
  4.71376829571238165E-01  1.16599838028397631E+01  5.06342801200515247E+00  4.45898603263087523E+00
  2.46370760027530694E-01  4.43864938591047498E+00  1.13223614589321215E+01  2.15945701088301778E+00
  4.32438693220842718E-01  6.02257354531896438E-01  3.51410190756251550E+00  1.06234499785682175E+01
  5.86062212635089952E-01  4.04371767977101815E+00  2.13308792749017506E+00  2.78513881611886838E+00
  3.61137627255947724E-01  8.20992057219546822E+00  7.08485824911258888E+00  7.35985476407914074E+00
  4.71376829571238165E-01  1.33736257908825511E+01  7.16536061143994707E-01  4.53157233120523983E+00
  4.19212477446155474E-01  1.63899409473008184E+00  2.37048027801488725E+00  2.79823612815322553E+00
  4.88813983084759374E-01  2.18518189398077789E+00  1.26751954571220367E+01  5.67595408726221073E+00
  3.81909890374632355E-01  3.58736860159329263E+00  5.78888475650163414E+00  7.83774710658023910E+00
  3.55575626152149271E-01  5.92312678519724489E+00  4.92152299956954575E+00  1.03760388911255834E+01
  5.69669339224686877E-01  6.32561926301840316E+00  1.24972635344530375E-01  9.01791186736994632E+00
  4.75713279310277237E-01  1.06956979410721740E+01  1.26203227932061743E+01  7.97071685973751975E+00
  3.49822487141294602E-01  6.83421231224364600E+00  1.22480276231420362E+01  3.60328016968648335E+00
  5.06617780002852514E-01  3.93117101861473373E+00  8.50005625837762047E+00  5.43902417199397092E+00
  4.19212477446155474E-01  1.09043719959359677E+01  1.88861707486776198E+00  4.32843771578165537E+00
  3.86818426119931114E-01  1.24146084455687564E+01  1.27690644692627320E+01  1.13213370822225592E+01
  5.80490670513443274E-01  1.98827043519951085E+00  1.33460942375949259E+01  1.26848747088940463E+01
  2.64730453937343402E-01  9.18774353837270752E+00  1.33576960655472621E+00  2.74687501487113206E+00
  5.15720700463495496E-01  1.08560333385555663E+00  1.34122685824986725E+01  7.97923631960285373E+00
  3.49822487141294602E-01  1.12766865381312353E+01  1.10127307710834934E+01  6.89287101552916059E+00
  5.06617780002852514E-01  2.20130534920004561E-01  2.65033271537034087E+00  1.22095022239790332E+01
  3.66532661804007787E-01  1.20665074995269723E+01  1.55828794142483473E+00  4.07666394121442011E-03
  3.71781505092813103E-01  1.67363370962635871E+00  9.69107993943921819E+00  5.62514527633563777E+00
  3.86818426119931114E-01  9.66751397683013991E+00  3.54229328045617331E+00  1.06531807390812006E+01
  3.86818426119931114E-01  3.59882911359431112E+00  7.02964991059595068E+00  5.44471857770670553E+00
  4.45471777578522854E-01  7.27373367586453412E+00  4.68360631009894046E+00  5.95548443873596955E+00
  4.45471777578522854E-01  2.42194252689985090E+00  8.66360093002120246E-01  2.88283506265932443E+00
  3.30997587999695309E-01  4.19684299263062832E-01  3.85552820338060309E+00  5.02571953661767878E-01
  4.62733810730875383E-01  1.27946518222695680E+01  7.89470294467121647E+00  1.00946619301222196E+01
  3.24058750641704252E-01  1.19195403868139262E+01  1.23774597708883931E+01  1.24655265203426477E+01
  4.32438693220842718E-01  5.31090994594898458E+00  1.54233548171730650E+00  1.78833866422359566E+00
  3.91639445074813297E-01  2.75969128122287488E+00  6.57264646301958866E+00  1.19936009819260860E+01
  2.99785386141821708E-01  6.96176293096730614E+00  1.07264839312491880E-01  1.27306878157494765E+01
